"uhgv_genome","uhgv_votu","genome_length","is_jumbo_phage","gc_percent","cds_count","cds_density","avg_cds_length","cds_strand_switch_rate","genetic_code","is_recoded","trna_count_total","trna_count_suppressor","checkv_quality","checkv_completeness","checkv_completeness_method","checkv_trimmed","viral_confidence","genomad_virus_score","genomad_virus_hallmarks","genomad_plasmid_hallmarks","viralverify_prediction","viralverify_score","checkv_viral_markers","checkv_host_markers","uhgv_taxonomy","ictv_taxonomy","ictv_taxonomy_method","ictv_taxonomy_evidence","realm_name","kingdom_name","phylum_name","class_name","order_name","family_name","subfamily_name","genus_name","taxon_alias","crispr_host_lineage_gtdb_r207","crispr_total_connections","crispr_host_agreement","kmers_host_lineage_gtdb_r207","kmers_total_connections","kmers_host_agreement","host_lineage_gtdb_r207","host_prediction_method","crispr_host_range_genus_entropy","kmers_host_range_genus_entropy","crispr_host_range_red","kmers_host_range_red","bacphlip_temperate_score","bacphlip_virulent_score","has_integrase","lifestyle","lifestyle_evidence","dgr_present","anticrispr_num_genes","abricate_num_genes","http_url","MappedOnlyUHGV"
"UHGV-1566328","vOTU-125782",16295,"No",45.78,23,95.61,677.348,0,11,"No",0,0,"Low-quality","42.31","AAI-based","No","Confident",0.9821,7,0,"Virus","18.27",12,0,"vFAM-00035;vSUBFAM-00161;vGENUS-00201;vOTU-125782","root;Duplodnaviria;Heunggongvirae;Uroviricota;Caudoviricetes","top-genome-hit","accession=MN882550; proteomic-score=0.072; lca-rank=family","Duplodnaviria","Heunggongvirae","Uroviricota","Caudoviricetes","NULL","NULL","NULL","NULL","Caudovirales","d__Bacteria;p__Firmicutes_A;c__Clostridia;o__Lachnospirales;f__Lachnospiraceae","688","99.42","d__Bacteria;p__Firmicutes_A;c__Clostridia;o__Lachnospirales;f__Lachnospiraceae","115","89.57","d__Bacteria;p__Firmicutes_A;c__Clostridia;o__Lachnospirales;f__Lachnospiraceae","CRISPR","1.96623","3.07881","NULL","NULL",0.127478,0.872522,"No","lytic","BACPHLIP","No",0,0,"https://portal.nersc.gov/UHGV/votu_reps/UHGV-156/UHGV-1566328",TRUE
"UHGV-1915498","vOTU-014231",5337,"No",53.12,5,91.91,981,25,11,"No",0,0,"High-quality","99.9","HMM-based","No","Confident",0.8127,0,0,"Virus","18.33",1,1,"vFAM-00072;vSUBFAM-01723;vGENUS-07389;vSUBGEN-05470;vOTU-014231","root;Monodnaviria;Shotokuvirae;Cressdnaviricota;Arfiviricetes;Cirlivirales;Circoviridae","geNomad-markers","gene-hits=2; agreement=0.6944","Monodnaviria","Shotokuvirae","Cressdnaviricota","Arfiviricetes","Cirlivirales","Circoviridae","NULL","NULL","Cressdnaviricota","d__Bacteria;p__Proteobacteria;c__Gammaproteobacteria","2","100","d__Bacteria;p__Firmicutes_A;c__Clostridia;o__Oscillospirales;f__Oscillospiraceae;g__Flavonifractor;s__Flavonifractor plautii","131","81.68","d__Bacteria;p__Firmicutes_A;c__Clostridia;o__Oscillospirales;f__Oscillospiraceae;g__Flavonifractor;s__Flavonifractor plautii","PHIST","0.693147","0.848877","0.357885","0.0",0.8375,0.1625,"No","temperate","BACPHLIP","No",0,0,"https://portal.nersc.gov/UHGV/votu_reps/UHGV-191/UHGV-1915498",TRUE
"UHGV-0386601","vOTU-007954",35396,"No",48.95,50,91.67,648.96,10.2,11,"No",0,0,"High-quality","97.4","AAI-based","No","Confident",0.9796,12,0,"Virus","48.26",13,2,"vFAM-00134;vSUBFAM-00432;vGENUS-09890;vSUBGEN-12264;vOTU-007954","root;Duplodnaviria;Heunggongvirae;Uroviricota;Caudoviricetes","top-genome-hit","accession=MG711460; proteomic-score=0.298; lca-rank=family","Duplodnaviria","Heunggongvirae","Uroviricota","Caudoviricetes","NULL","NULL","NULL","NULL","Caudovirales","d__Bacteria;p__Firmicutes_A;c__Clostridia;o__Lachnospirales;f__Lachnospiraceae;g__Eisenbergiella;s__Eisenbergiella sp900066775","124","95.16","d__Bacteria;p__Firmicutes_A;c__Clostridia;o__Lachnospirales;f__Lachnospiraceae;g__Eisenbergiella;s__Eisenbergiella sp900066775","49","89.8","d__Bacteria;p__Firmicutes_A;c__Clostridia;o__Lachnospirales;f__Lachnospiraceae;g__Eisenbergiella;s__Eisenbergiella sp900066775","CRISPR","0.233865","0.395906","0.0","0.0",1,0,"No","temperate","BACPHLIP","No",0,0,"https://portal.nersc.gov/UHGV/votu_reps/UHGV-038/UHGV-0386601",FALSE
"UHGV-2133807","vOTU-010352",45247,"No",51.23,48,89.82,846.688,12.77,11,"No",1,0,"High-quality","99.88","AAI-based","No","Confident",0.9754,13,0,"Virus","12",7,5,"vFAM-00066;vSUBFAM-00132;vGENUS-01098;vSUBGEN-01604;vOTU-010352","root;Duplodnaviria;Heunggongvirae;Uroviricota;Caudoviricetes","geNomad-markers","gene-hits=39; agreement=1","Duplodnaviria","Heunggongvirae","Uroviricota","Caudoviricetes","NULL","NULL","NULL","NULL","Caudovirales","d__Bacteria;p__Bacteroidota;c__Bacteroidia;o__Bacteroidales;f__Tannerellaceae;g__Parabacteroides;s__Parabacteroides merdae","817","96.45","d__Bacteria;p__Bacteroidota;c__Bacteroidia;o__Bacteroidales","186","98.92","d__Bacteria;p__Bacteroidota;c__Bacteroidia;o__Bacteroidales;f__Tannerellaceae;g__Parabacteroides;s__Parabacteroides merdae","CRISPR","0.141736","1.05687","0.0","0.072438",0.1125,0.8875,"No","lytic","BACPHLIP","Yes",0,0,"https://portal.nersc.gov/UHGV/votu_reps/UHGV-213/UHGV-2133807",FALSE
"UHGV-1387900","vOTU-103786",31413,"No",34.66,40,95,746.025,0,11,"No",0,0,"Medium-quality","52.5","AAI-based","No","Confident",0.9815,3,0,"Uncertain - viral or bacterial","3.85",16,0,"vFAM-00017;vOTU-103786","root;Duplodnaviria;Heunggongvirae;Uroviricota;Caudoviricetes","top-genome-hit","accession=MK779875; proteomic-score=0.152; lca-rank=family","Duplodnaviria","Heunggongvirae","Uroviricota","Caudoviricetes","NULL","NULL","NULL","NULL","Caudovirales","d__Bacteria;p__Firmicutes;c__Bacilli;o__Lactobacillales;f__Enterococcaceae;g__Enterococcus;s__Enterococcus faecalis","1","100","d__Bacteria;p__Firmicutes_A;c__Clostridia;o__Tissierellales;f__Peptoniphilaceae;g__Finegoldia;s__Finegoldia magna","1","100","d__Bacteria;p__Firmicutes;c__Bacilli;o__Lactobacillales;f__Enterococcaceae;g__Enterococcus;s__Enterococcus faecalis","CRISPR","0.0","0.0","0.0","0.0",0.0644554,0.935545,"No","lytic","BACPHLIP","No",0,0,"https://portal.nersc.gov/UHGV/votu_reps/UHGV-138/UHGV-1387900",FALSE
"UHGV-0043775","vOTU-059732",37927,"No",36.28,59,92.59,595.22,1.72,11,"No",1,0,"High-quality","92.51","AAI-based","No","Confident",0.9768,8,0,"Virus","43.77",25,1,"vFAM-00003;vSUBFAM-00799;vGENUS-05164;vSUBGEN-03198;vOTU-059732","root;Duplodnaviria;Heunggongvirae;Uroviricota;Caudoviricetes","geNomad-markers","gene-hits=31; agreement=1","Duplodnaviria","Heunggongvirae","Uroviricota","Caudoviricetes","NULL","NULL","NULL","NULL","Caudovirales","d__Bacteria;p__Firmicutes;c__Bacilli;o__Erysipelotrichales;f__Erysipelotrichaceae;g__Longicatena;s__Longicatena caecimuris","74","100","d__Bacteria;p__Firmicutes;c__Bacilli;o__Erysipelotrichales;f__Erysipelotrichaceae;g__Longicatena;s__Longicatena caecimuris","42","97.62","d__Bacteria;p__Firmicutes;c__Bacilli;o__Erysipelotrichales;f__Erysipelotrichaceae;g__Longicatena;s__Longicatena caecimuris","CRISPR","0.0","0.112516","0.0","0.0",0.0893172,0.910683,"No","lytic","BACPHLIP","No",0,0,"https://portal.nersc.gov/UHGV/votu_reps/UHGV-004/UHGV-0043775",FALSE
"UHGV-0152472","vOTU-019513",12288,"No",58.06,12,90.26,924.25,18.18,11,"No",0,0,"Low-quality","31.57","AAI-based","No","Uncertain",0.8963,3,0,"Uncertain - plasmid or chromosomal","-1.2",3,2,"vFAM-00001;vOTU-019513","root;Duplodnaviria;Heunggongvirae;Uroviricota;Caudoviricetes","top-genome-hit","accession=KM236247; proteomic-score=0.059; lca-rank=family","Duplodnaviria","Heunggongvirae","Uroviricota","Caudoviricetes","NULL","NULL","NULL","NULL","Caudovirales","NULL","NULL","NULL","d__Bacteria;p__Firmicutes_A;c__Clostridia;o__Oscillospirales;f__Butyricicoccaceae;g__Agathobaculum;s__Agathobaculum butyriciproducens","820","99.39","d__Bacteria;p__Firmicutes_A;c__Clostridia;o__Oscillospirales;f__Butyricicoccaceae;g__Agathobaculum;s__Agathobaculum butyriciproducens","PHIST","NULL","0.0265075","NULL","NULL",0.0550101,0.94499,"No","lytic","BACPHLIP","No",0,0,"https://portal.nersc.gov/UHGV/votu_reps/UHGV-015/UHGV-0152472",TRUE
"UHGV-0392313","vOTU-073474",38805,"No",61.98,43,95.16,858.767,4.76,11,"No",0,0,"High-quality","90.56","AAI-based","No","Confident",0.9735,5,0,"Virus","36.71",12,0,"vFAM-00005;vSUBFAM-02939;vGENUS-03926;vSUBGEN-43455;vOTU-073474","root;Duplodnaviria;Heunggongvirae;Uroviricota;Caudoviricetes","top-genome-hit","accession=AY954954; proteomic-score=0.082; lca-rank=family","Duplodnaviria","Heunggongvirae","Uroviricota","Caudoviricetes","NULL","NULL","NULL","NULL","Caudovirales","d__Bacteria;p__Firmicutes_A;c__Clostridia;o__Oscillospirales;f__Oscillospiraceae;g__Flavonifractor;s__Flavonifractor plautii","168","97.62","d__Bacteria;p__Firmicutes_A;c__Clostridia;o__Oscillospirales;f__Oscillospiraceae;g__Flavonifractor;s__Flavonifractor plautii","18","100","d__Bacteria;p__Firmicutes_A;c__Clostridia;o__Oscillospirales;f__Oscillospiraceae;g__Flavonifractor;s__Flavonifractor plautii","CRISPR","0.100944","0.0","0.0","0.0",1,0,"No","temperate","BACPHLIP","No",0,0,"https://portal.nersc.gov/UHGV/votu_reps/UHGV-039/UHGV-0392313",FALSE
"UHGV-1287973","vOTU-000875",43389,"No",47.18,44,93.21,919.159,17.39,11,"No",0,0,"Complete","100","DTR","No","Confident",0.9642,5,0,"Virus","17.47",10,0,"vFAM-00005;vSUBFAM-08433;vGENUS-23546;vSUBGEN-46218;vOTU-000875","root;Duplodnaviria;Heunggongvirae;Uroviricota;Caudoviricetes","geNomad-markers","gene-hits=22; agreement=1","Duplodnaviria","Heunggongvirae","Uroviricota","Caudoviricetes","NULL","NULL","NULL","NULL","Caudovirales","NULL","NULL","NULL","d__Bacteria;p__Firmicutes_A;c__Clostridia;o__Oscillospirales","3","100","d__Bacteria;p__Firmicutes_A;c__Clostridia;o__Oscillospirales","PHIST","NULL","0.636514","NULL","0.156831",0.9875,0.0125,"No","temperate","BACPHLIP","No",0,0,"https://portal.nersc.gov/UHGV/votu_reps/UHGV-128/UHGV-1287973",FALSE
"UHGV-0684615","vOTU-000873",2191,"No",51.8,4,84.89,465,66.67,11,"No",0,0,"Complete","100","DTR","No","Confident",0.9676,1,0,"Virus","7.24",2,0,"vFAM-00122;vSUBFAM-01004;vGENUS-04166;vSUBGEN-02303;vOTU-000873","root;Monodnaviria;Shotokuvirae;Cressdnaviricota;Repensiviricetes;Geplafuvirales;Genomoviridae","geNomad-markers","gene-hits=2; agreement=1","Monodnaviria","Shotokuvirae","Cressdnaviricota","Repensiviricetes","Geplafuvirales","Genomoviridae","NULL","NULL","Cressdnaviricota","NULL","NULL","NULL","NULL","NULL","NULL","NULL","NULL","NULL","NULL","NULL","NULL",0.00270138,0.997299,"No","lytic","BACPHLIP","No",0,0,"https://portal.nersc.gov/UHGV/votu_reps/UHGV-068/UHGV-0684615",FALSE
"UHGV-0213517","vOTU-049043",5953,"No",36.4,8,89.6,666.75,0,11,"No",0,0,"Complete","100","DTR","No","Confident",0.9828,1,0,"Uncertain - viral or bacterial","NULL",2,0,"vFAM-00014;vSUBFAM-00006;vGENUS-00009;vSUBGEN-00005;vOTU-049043","root;Monodnaviria;Sangervirae;Phixviricota;Malgrandaviricetes;Petitvirales;Microviridae","geNomad-markers","gene-hits=8; agreement=1","Monodnaviria","Sangervirae","Phixviricota","Malgrandaviricetes","Petitvirales","Microviridae","NULL","NULL","Microviridae","d__Bacteria;p__Bacteroidota;c__Bacteroidia;o__Bacteroidales;f__Bacteroidaceae;g__Bacteroides","102","97.06","NULL","NULL","NULL","d__Bacteria;p__Bacteroidota;c__Bacteroidia;o__Bacteroidales;f__Bacteroidaceae;g__Bacteroides","CRISPR","0.151412","NULL","0.0","NULL",0.188122,0.811878,"No","lytic","BACPHLIP","No",0,0,"https://portal.nersc.gov/UHGV/votu_reps/UHGV-021/UHGV-0213517",TRUE
"UHGV-1887556","vOTU-076423",57814,"No",51.31,71,94.11,766.31,15.71,11,"No",0,0,"High-quality","90.63","AAI-based","No","Confident",0.9744,12,0,"Virus","29.21",7,3,"vFAM-00066;vSUBFAM-00132;vGENUS-07662;vSUBGEN-06190;vOTU-076423","root;Duplodnaviria;Heunggongvirae;Uroviricota;Caudoviricetes","geNomad-markers","gene-hits=55; agreement=1","Duplodnaviria","Heunggongvirae","Uroviricota","Caudoviricetes","NULL","NULL","NULL","NULL","Caudovirales","d__Bacteria;p__Bacteroidota;c__Bacteroidia;o__Bacteroidales;f__Bacteroidaceae","91","95.6","d__Bacteria;p__Bacteroidota;c__Bacteroidia;o__Bacteroidales;f__Bacteroidaceae","1191","93.12","d__Bacteria;p__Bacteroidota;c__Bacteroidia;o__Bacteroidales;f__Bacteroidaceae","PHIST","1.27034","1.06296","0.122135","0.063908",0.475,0.525,"No","lytic","BACPHLIP","No",0,0,"https://portal.nersc.gov/UHGV/votu_reps/UHGV-188/UHGV-1887556",FALSE
"UHGV-1488560","vOTU-157733",44273,"No",39.06,69,87.07,558.696,8.82,11,"No",0,0,"Medium-quality","62.24","AAI-based","No","Confident",0.9694,2,0,"Virus","18.63",8,2,"vFAM-00009;vSUBFAM-01014;vGENUS-01760;vOTU-157733","root;Duplodnaviria;Heunggongvirae;Uroviricota;Caudoviricetes","geNomad-markers","gene-hits=39; agreement=1","Duplodnaviria","Heunggongvirae","Uroviricota","Caudoviricetes","NULL","NULL","NULL","NULL","Caudovirales","d__Bacteria;p__Bacteroidota;c__Bacteroidia;o__Bacteroidales;f__Bacteroidaceae","222","98.2","d__Bacteria;p__Bacteroidota;c__Bacteroidia;o__Bacteroidales;f__Bacteroidaceae","1817","98.24","d__Bacteria;p__Bacteroidota;c__Bacteroidia;o__Bacteroidales;f__Bacteroidaceae","PHIST","0.863444","0.798714","0.08874","0.063908",1,0,"No","temperate","BACPHLIP","Yes",1,0,"https://portal.nersc.gov/UHGV/votu_reps/UHGV-148/UHGV-1488560",TRUE
"UHGV-1356347","vOTU-054650",7444,"No",39.11,8,97.49,907.125,0,11,"No",0,0,"Complete","100","DTR","No","Confident",0.9801,7,0,"Virus","105.29",6,0,"vFAM-00125;vSUBFAM-00189;vGENUS-03385;vSUBGEN-06217;vOTU-054650","root;Monodnaviria;Shotokuvirae;Cossaviricota;Papovaviricetes;Zurhausenvirales;Papillomaviridae","geNomad-markers","gene-hits=7; agreement=1","Monodnaviria","Shotokuvirae","Cossaviricota","Papovaviricetes","Zurhausenvirales","Papillomaviridae","NULL","NULL","Other","NULL","NULL","NULL","NULL","NULL","NULL","NULL","NULL","NULL","NULL","NULL","NULL",0.0754122,0.924588,"No","lytic","BACPHLIP","No",0,0,"https://portal.nersc.gov/UHGV/votu_reps/UHGV-135/UHGV-1356347",TRUE
"UHGV-0352503","vOTU-161881",10232,"No",41.73,10,98.16,1004.4,0,11,"No",0,0,"Low-quality","21.58","AAI-based","No","Uncertain",0.9813,1,0,"Virus","7.14",2,0,"vFAM-00006;vOTU-161881","root;Duplodnaviria;Heunggongvirae;Uroviricota;Caudoviricetes","geNomad-markers","gene-hits=8; agreement=1","Duplodnaviria","Heunggongvirae","Uroviricota","Caudoviricetes","NULL","NULL","NULL","NULL","Caudovirales","d__Bacteria;p__Firmicutes_A;c__Clostridia;o__Oscillospirales;f__Acutalibacteraceae;g__Anaeromassilibacillus;s__Anaeromassilibacillus stercoravium","8","100","NULL","NULL","NULL","d__Bacteria;p__Firmicutes_A;c__Clostridia;o__Oscillospirales;f__Acutalibacteraceae;g__Anaeromassilibacillus;s__Anaeromassilibacillus stercoravium","CRISPR","0.0","NULL","NULL","NULL",0.188122,0.811878,"No","lytic","BACPHLIP","No",0,0,"https://portal.nersc.gov/UHGV/votu_reps/UHGV-035/UHGV-0352503",FALSE
"UHGV-1414967","vOTU-162519",45166,"No",52.08,71,91.13,579.718,5.71,11,"No",0,0,"Medium-quality","50.28","AAI-based","No","Uncertain",0.9541,1,0,"Uncertain - viral or bacterial","-3.32",0,4,"vFAM-00111;vSUBFAM-00351;vGENUS-12343;vOTU-162519","root;Duplodnaviria;Heunggongvirae;Uroviricota;Caudoviricetes","geNomad-markers","gene-hits=46; agreement=1","Duplodnaviria","Heunggongvirae","Uroviricota","Caudoviricetes","NULL","NULL","NULL","NULL","Caudovirales","d__Bacteria;p__Bacteroidota;c__Bacteroidia;o__Bacteroidales;f__Barnesiellaceae;g__Barnesiella;s__Barnesiella intestinihominis","2","100","d__Bacteria;p__Bacteroidota;c__Bacteroidia;o__Bacteroidales","1370","99.12","d__Bacteria;p__Bacteroidota;c__Bacteroidia;o__Bacteroidales","PHIST","0.0","1.55212","NULL","NULL",0.9875,0.0125,"Yes","temperate","integrase","No",0,0,"https://portal.nersc.gov/UHGV/votu_reps/UHGV-141/UHGV-1414967",FALSE
"UHGV-0120406","vOTU-000113",46534,"No",45.15,51,91.25,832.588,4,11,"No",0,0,"Complete","100","DTR","No","Confident",0.9753,2,0,"Virus","15",4,3,"vFAM-00028;vSUBFAM-00637;vGENUS-01283;vSUBGEN-07562;vOTU-000113","root;Duplodnaviria;Heunggongvirae;Uroviricota;Caudoviricetes","geNomad-markers","gene-hits=28; agreement=1","Duplodnaviria","Heunggongvirae","Uroviricota","Caudoviricetes","NULL","NULL","NULL","NULL","Caudovirales","d__Bacteria;p__Bacteroidota;c__Bacteroidia;o__Bacteroidales;f__Bacteroidaceae","23","100","d__Bacteria;p__Bacteroidota;c__Bacteroidia;o__Bacteroidales;f__Bacteroidaceae;g__Bacteroides","755","76.69","d__Bacteria;p__Bacteroidota;c__Bacteroidia;o__Bacteroidales;f__Bacteroidaceae;g__Bacteroides","PHIST","0.614503","0.796037","0.059162","0.063908",1,0,"No","temperate","BACPHLIP","Yes",0,0,"https://portal.nersc.gov/UHGV/votu_reps/UHGV-012/UHGV-0120406",FALSE
"UHGV-0104227","vOTU-000119",43930,"No",59.23,67,94.1,617.015,6.06,11,"No",0,0,"Complete","100","DTR","No","Confident",0.9819,15,0,"Virus","35.09",17,2,"vFAM-00001;vSUBFAM-00725;vGENUS-03469;vSUBGEN-07566;vOTU-000119","root;Duplodnaviria;Heunggongvirae;Uroviricota;Caudoviricetes","top-genome-hit","accession=MG711462; proteomic-score=0.151; lca-rank=family","Duplodnaviria","Heunggongvirae","Uroviricota","Caudoviricetes","NULL","NULL","NULL","NULL","Caudovirales","d__Bacteria;p__Firmicutes_A;c__Clostridia;o__Oscillospirales","315","95.56","d__Bacteria;p__Firmicutes_A;c__Clostridia;o__Oscillospirales;f__Oscillospiraceae","150","82.67","d__Bacteria;p__Firmicutes_A;c__Clostridia;o__Oscillospirales","CRISPR","1.72345","2.03271","0.25452","0.149128",0.175,0.825,"No","lytic","BACPHLIP","Yes",0,0,"https://portal.nersc.gov/UHGV/votu_reps/UHGV-010/UHGV-0104227",FALSE
"UHGV-1431732","vOTU-083795",72153,"No",45.49,127,89.01,505.701,2.38,11,"No",0,0,"High-quality","99.9","AAI-based","No","Confident",0.9737,3,0,"Virus","9.41",9,2,"vFAM-00111;vSUBFAM-00351;vGENUS-08412;vSUBGEN-08264;vOTU-083795","root;Duplodnaviria;Heunggongvirae;Uroviricota;Caudoviricetes","geNomad-markers","gene-hits=98; agreement=1","Duplodnaviria","Heunggongvirae","Uroviricota","Caudoviricetes","NULL","NULL","NULL","NULL","Caudovirales","d__Bacteria;p__Bacteroidota;c__Bacteroidia;o__Bacteroidales","139","99.28","d__Bacteria;p__Bacteroidota;c__Bacteroidia;o__Bacteroidales","1270","99.29","d__Bacteria;p__Bacteroidota;c__Bacteroidia;o__Bacteroidales","PHIST","1.01501","1.51993","0.0","0.122135",0.9625,0.0375,"No","temperate","BACPHLIP","No",1,0,"https://portal.nersc.gov/UHGV/votu_reps/UHGV-143/UHGV-1431732",FALSE
"UHGV-0193470","vOTU-047244",6270,"No",39.36,5,88.13,1105.2,0,11,"No",0,0,"Complete","100","DTR","No","Confident",0.9816,1,0,"Virus","13.34",3,0,"vFAM-00013;vSUBFAM-00017;vGENUS-00023;vSUBGEN-00011;vOTU-047244","root;Monodnaviria;Sangervirae;Phixviricota;Malgrandaviricetes;Petitvirales;Microviridae","geNomad-markers","gene-hits=5; agreement=1","Monodnaviria","Sangervirae","Phixviricota","Malgrandaviricetes","Petitvirales","Microviridae","NULL","NULL","Microviridae","d__Bacteria;p__Bacteroidota;c__Bacteroidia;o__Bacteroidales;f__Bacteroidaceae;g__Bacteroides;s__Bacteroides uniformis","274","95.99","NULL","NULL","NULL","d__Bacteria;p__Bacteroidota;c__Bacteroidia;o__Bacteroidales;f__Bacteroidaceae;g__Bacteroides;s__Bacteroides uniformis","CRISPR","0.13925","NULL","0.0","NULL",0.188122,0.811878,"No","lytic","BACPHLIP","No",0,0,"https://portal.nersc.gov/UHGV/votu_reps/UHGV-019/UHGV-0193470",TRUE
"UHGV-1700924","vOTU-100875",14566,"No",39.59,17,90.37,774.353,0,11,"No",0,0,"Low-quality","20.51","AAI-based","No","Confident",0.9725,2,0,"Uncertain - viral or bacterial","NULL",0,0,"vFAM-00009;vSUBFAM-01014;vGENUS-01760;vOTU-100875","root;Duplodnaviria;Heunggongvirae;Uroviricota;Caudoviricetes;Crassvirales;Delta-crassviridae","top-genome-hit","accession=OMGY01000082; proteomic-score=0.071; lca-rank=family","Duplodnaviria","Heunggongvirae","Uroviricota","Caudoviricetes","Crassvirales","Delta-crassviridae","NULL","NULL","Crassvirales","d__Bacteria;p__Bacteroidota;c__Bacteroidia;o__Bacteroidales;f__Bacteroidaceae","33","93.94","d__Bacteria;p__Bacteroidota;c__Bacteroidia;o__Bacteroidales;f__Bacteroidaceae","1808","98.29","d__Bacteria;p__Bacteroidota;c__Bacteroidia;o__Bacteroidales;f__Bacteroidaceae","PHIST","1.06146","0.796472","NULL","NULL",0.188122,0.811878,"No","lytic","BACPHLIP","No",0,0,"https://portal.nersc.gov/UHGV/votu_reps/UHGV-170/UHGV-1700924",TRUE
"UHGV-2157332","vOTU-021641",13964,"No",57.84,10,96.91,1353.3,0,11,"No",0,0,"Low-quality","23.48","AAI-based","No","Uncertain",0.8692,0,0,"Uncertain - viral or bacterial","3.02",1,0,"vFAM-00060;vSUBFAM-03434;vOTU-021641","root;Duplodnaviria;Heunggongvirae;Uroviricota;Caudoviricetes","top-genome-hit","accession=MF612073; proteomic-score=0.116; lca-rank=family","Duplodnaviria","Heunggongvirae","Uroviricota","Caudoviricetes","NULL","NULL","NULL","NULL","Caudovirales","d__Bacteria;p__Firmicutes_A;c__Clostridia;o__Oscillospirales;f__Oscillospiraceae;g__Lawsonibacter;s__Lawsonibacter asaccharolyticus","1","100","d__Bacteria;p__Firmicutes_A;c__Clostridia;o__Oscillospirales;f__Oscillospiraceae","230","98.26","d__Bacteria;p__Firmicutes_A;c__Clostridia;o__Oscillospirales;f__Oscillospiraceae","PHIST","0.0","1.1988","NULL","NULL",0.16582,0.83418,"No","lytic","BACPHLIP","No",0,0,"https://portal.nersc.gov/UHGV/votu_reps/UHGV-215/UHGV-2157332",TRUE
"UHGV-1939445","vOTU-171309",10817,"No",43.55,26,76.07,316.5,36,11,"No",0,0,"Low-quality","29.87","AAI-based","No","Uncertain",0.9373,1,0,"Virus","11.62",3,0,"vFAM-00060;vSUBFAM-03321;vGENUS-16773;vOTU-171309","root;Duplodnaviria;Heunggongvirae;Uroviricota;Caudoviricetes","geNomad-markers","gene-hits=5; agreement=1","Duplodnaviria","Heunggongvirae","Uroviricota","Caudoviricetes","NULL","NULL","NULL","NULL","Caudovirales","NULL","NULL","NULL","d__Bacteria;p__Firmicutes_A;c__Clostridia;o__Oscillospirales","9","77.78","d__Bacteria;p__Firmicutes_A;c__Clostridia;o__Oscillospirales","PHIST","NULL","1.42706","NULL","NULL",1,0,"No","temperate","BACPHLIP","No",1,0,"https://portal.nersc.gov/UHGV/votu_reps/UHGV-193/UHGV-1939445",FALSE
"UHGV-1993377","vOTU-145291",11631,"No",43.13,6,97.06,1881.5,0,11,"No",0,0,"Low-quality","15.29","AAI-based","No","Uncertain",0.9563,0,0,"Uncertain - viral or bacterial","3.59",0,1,"vFAM-00134;vOTU-145291","root;Duplodnaviria;Heunggongvirae;Uroviricota;Caudoviricetes","top-genome-hit","accession=MF612073; proteomic-score=0.155; lca-rank=family","Duplodnaviria","Heunggongvirae","Uroviricota","Caudoviricetes","NULL","NULL","NULL","NULL","Caudovirales","d__Bacteria;p__Firmicutes_A;c__Clostridia;o__Lachnospirales;f__Lachnospiraceae;g__Blautia_A;s__Blautia_A wexlerae","1","100","d__Bacteria;p__Firmicutes_A;c__Clostridia;o__Lachnospirales;f__Lachnospiraceae","929","85.9","d__Bacteria;p__Firmicutes_A;c__Clostridia;o__Lachnospirales;f__Lachnospiraceae","PHIST","0.0","2.47768","NULL","NULL",0,1,"No","lytic","BACPHLIP","No",0,0,"https://portal.nersc.gov/UHGV/votu_reps/UHGV-199/UHGV-1993377",TRUE
"UHGV-2239335","vOTU-153629",16363,"No",46.54,18,93.85,853.167,11.76,11,"No",0,0,"Low-quality","27.81","AAI-based","No","Uncertain",0.9063,3,0,"Virus","8.89",1,3,"vFAM-00001;vOTU-153629","root;Duplodnaviria;Heunggongvirae;Uroviricota;Caudoviricetes","geNomad-markers","gene-hits=7; agreement=0.5754","Duplodnaviria","Heunggongvirae","Uroviricota","Caudoviricetes","NULL","NULL","NULL","NULL","Caudovirales","NULL","NULL","NULL","d__Bacteria;p__Firmicutes_A;c__Clostridia;o__Oscillospirales","348","81.03","d__Bacteria;p__Firmicutes_A;c__Clostridia;o__Oscillospirales","PHIST","NULL","3.02843","NULL","NULL",1,0,"No","temperate","BACPHLIP","No",0,0,"https://portal.nersc.gov/UHGV/votu_reps/UHGV-223/UHGV-2239335",TRUE
"UHGV-1461319","vOTU-061736",6082,"No",43.82,12,92.88,470.75,8.33,11,"No",0,0,"High-quality","97.48","AAI-based","No","Confident",0.9431,0,0,"Uncertain - viral or bacterial","NULL",0,0,"vFAM-00072;vSUBFAM-00266;vGENUS-05842;vSUBGEN-18386;vOTU-061736","root;Monodnaviria;Loebvirae;Hofneiviricota;Faserviricetes;Tubulavirales;Inoviridae","geNomad-markers","gene-hits=5; agreement=1","Monodnaviria","Loebvirae","Hofneiviricota","Faserviricetes","Tubulavirales","Inoviridae","NULL","NULL","Inoviridae","d__Bacteria;p__Firmicutes_A;c__Clostridia;o__Lachnospirales;f__Lachnospiraceae;g__Enterocloster","51","100","d__Bacteria;p__Firmicutes_A;c__Clostridia;o__Lachnospirales;f__Lachnospiraceae;g__Enterocloster","178","96.63","d__Bacteria;p__Firmicutes_A;c__Clostridia;o__Lachnospirales;f__Lachnospiraceae;g__Enterocloster","PHIST","0.0","0.189284","0.0","0.0",0.188122,0.811878,"No","lytic","BACPHLIP","No",0,0,"https://portal.nersc.gov/UHGV/votu_reps/UHGV-146/UHGV-1461319",TRUE
"UHGV-1560494","vOTU-134778",25455,"No",45.94,37,90.88,625.216,0,11,"No",0,0,"Medium-quality","55.42","AAI-based","No","Confident",0.9776,2,0,"Uncertain - viral or bacterial","2.59",4,0,"vFAM-00028;vSUBFAM-00637;vGENUS-01283;vOTU-134778","root;Duplodnaviria;Heunggongvirae;Uroviricota;Caudoviricetes;Duneviridae","top-genome-hit","accession=KU599887; proteomic-score=0.070; lca-rank=family","Duplodnaviria","Heunggongvirae","Uroviricota","Caudoviricetes","NULL","Duneviridae","NULL","NULL","Caudovirales","d__Bacteria;p__Bacteroidota;c__Bacteroidia;o__Bacteroidales;f__Bacteroidaceae","26","100","d__Bacteria;p__Bacteroidota;c__Bacteroidia;o__Bacteroidales;f__Bacteroidaceae;g__Bacteroides","775","76.13","d__Bacteria;p__Bacteroidota;c__Bacteroidia;o__Bacteroidales;f__Bacteroidaceae;g__Bacteroides","PHIST","0.690186","0.808978","0.08874","0.063908",0.173244,0.826756,"No","lytic","BACPHLIP","Yes",0,0,"https://portal.nersc.gov/UHGV/votu_reps/UHGV-156/UHGV-1560494",TRUE
"UHGV-1717002","vOTU-020997",26814,"No",53.09,31,87.77,759.194,13.33,11,"No",0,0,"Low-quality","24.2","AAI-based","No","Uncertain",0.9504,2,0,"Virus","13.25",1,2,"vFAM-00111;vSUBFAM-00351;vGENUS-04287;vOTU-020997","root;Duplodnaviria;Heunggongvirae;Uroviricota;Caudoviricetes;Gratiaviridae","top-genome-hit","accession=OGCO01000164.1; proteomic-score=0.064; lca-rank=family","Duplodnaviria","Heunggongvirae","Uroviricota","Caudoviricetes","NULL","Gratiaviridae","NULL","NULL","Caudovirales","d__Bacteria;p__Bacteroidota;c__Bacteroidia;o__Bacteroidales;f__Bacteroidaceae","17","82.35","d__Bacteria;p__Bacteroidota;c__Bacteroidia;o__Bacteroidales","1288","99.07","d__Bacteria;p__Bacteroidota;c__Bacteroidia;o__Bacteroidales","PHIST","0.893889","1.49762","NULL","NULL",0.9625,0.0375,"No","temperate","BACPHLIP","No",0,0,"https://portal.nersc.gov/UHGV/votu_reps/UHGV-171/UHGV-1717002",TRUE
"UHGV-1476860","vOTU-035699",63576,"No",41.57,91,83.34,582.264,15.56,11,"No",0,0,"Medium-quality","89.26","AAI-based","No","Uncertain",0.8976,0,0,"Uncertain - viral or bacterial","6.75",9,4,"vFAM-00023;vSUBFAM-05615;vOTU-035699","root;Duplodnaviria;Heunggongvirae;Uroviricota;Caudoviricetes","geNomad-markers","gene-hits=48; agreement=1","Duplodnaviria","Heunggongvirae","Uroviricota","Caudoviricetes","NULL","NULL","NULL","NULL","Caudovirales","d__Bacteria;p__Bacteroidota;c__Bacteroidia;o__Bacteroidales;f__Bacteroidaceae","228","90.35","d__Bacteria;p__Bacteroidota;c__Bacteroidia;o__Bacteroidales;f__Bacteroidaceae","3493","94.93","d__Bacteria;p__Bacteroidota;c__Bacteroidia;o__Bacteroidales;f__Bacteroidaceae","PHIST","1.06349","0.965334","NULL","NULL",0.105341,0.894659,"No","lytic","BACPHLIP","No",1,0,"https://portal.nersc.gov/UHGV/votu_reps/UHGV-147/UHGV-1476860",FALSE
"UHGV-1825737","vOTU-151190",12044,"No",49.92,10,92.66,1116,11.11,11,"No",0,0,"Low-quality","12.63","AAI-based","No","Uncertain",0.966,0,0,"Uncertain - viral or bacterial","1.82",0,2,"vFAM-00111;vSUBFAM-00351;vGENUS-11008;vOTU-151190","root;Duplodnaviria;Heunggongvirae;Uroviricota;Caudoviricetes","geNomad-markers","gene-hits=5; agreement=1","Duplodnaviria","Heunggongvirae","Uroviricota","Caudoviricetes","NULL","NULL","NULL","NULL","Caudovirales","d__Bacteria;p__Bacteroidota;c__Bacteroidia;o__Bacteroidales;f__Bacteroidaceae","22","100","d__Bacteria;p__Bacteroidota;c__Bacteroidia;o__Bacteroidales;f__Bacteroidaceae","1536","92.06","d__Bacteria;p__Bacteroidota;c__Bacteroidia;o__Bacteroidales;f__Bacteroidaceae","PHIST","0.655482","1.10382","NULL","NULL",0.0662655,0.933734,"No","lytic","BACPHLIP","Yes",0,0,"https://portal.nersc.gov/UHGV/votu_reps/UHGV-182/UHGV-1825737",TRUE
"UHGV-1853736","vOTU-058547",6543,"No",39.51,7,83.04,776.143,0,11,"No",0,0,"Complete","100","DTR","No","Confident",0.9829,1,0,"Uncertain - viral or bacterial","NULL",3,0,"vFAM-00030;vSUBFAM-00119;vGENUS-00056;vSUBGEN-00035;vOTU-058547","root;Monodnaviria;Sangervirae;Phixviricota;Malgrandaviricetes;Petitvirales;Microviridae","geNomad-markers","gene-hits=7; agreement=1","Monodnaviria","Sangervirae","Phixviricota","Malgrandaviricetes","Petitvirales","Microviridae","NULL","NULL","Microviridae","d__Bacteria;p__Bacteroidota;c__Bacteroidia;o__Bacteroidales;f__Bacteroidaceae;g__Bacteroides;s__Bacteroides stercoris","8","87.5","NULL","NULL","NULL","d__Bacteria;p__Bacteroidota;c__Bacteroidia;o__Bacteroidales;f__Bacteroidaceae;g__Bacteroides;s__Bacteroides stercoris","CRISPR","0.0","NULL","0.0","NULL",0.0953065,0.904693,"No","lytic","BACPHLIP","No",0,0,"https://portal.nersc.gov/UHGV/votu_reps/UHGV-185/UHGV-1853736",TRUE
"UHGV-1337596","vOTU-001151",2191,"No",49.43,3,70.1,512,100,11,"No",0,0,"Complete","100","DTR","No","Confident",0.9709,1,0,"Virus","7.24",2,0,"vFAM-00122;vSUBFAM-00306;vGENUS-04824;vSUBGEN-02884;vOTU-001151","root;Monodnaviria;Shotokuvirae;Cressdnaviricota;Repensiviricetes;Geplafuvirales;Genomoviridae","geNomad-markers","gene-hits=2; agreement=1","Monodnaviria","Shotokuvirae","Cressdnaviricota","Repensiviricetes","Geplafuvirales","Genomoviridae","NULL","NULL","Cressdnaviricota","NULL","NULL","NULL","NULL","NULL","NULL","NULL","NULL","NULL","NULL","NULL","NULL",0.188122,0.811878,"No","lytic","BACPHLIP","No",0,0,"https://portal.nersc.gov/UHGV/votu_reps/UHGV-133/UHGV-1337596",FALSE
"UHGV-2069693","vOTU-093924",17820,"No",44.93,20,84.06,748.95,10.53,11,"No",0,0,"Low-quality","11","AAI-based","No","Uncertain",0.7263,2,0,"Uncertain - plasmid or chromosomal","1.23",0,0,"vFAM-00009;vSUBFAM-00023;vGENUS-14926;vOTU-093924","root;Duplodnaviria;Heunggongvirae;Uroviricota;Caudoviricetes","top-genome-hit","accession=LC168164; proteomic-score=0.073; lca-rank=family","Duplodnaviria","Heunggongvirae","Uroviricota","Caudoviricetes","NULL","NULL","NULL","NULL","Caudovirales","NULL","NULL","NULL","d__Bacteria;p__Bacteroidota;c__Bacteroidia;o__Bacteroidales;f__Bacteroidaceae","255","77.65","d__Bacteria;p__Bacteroidota;c__Bacteroidia;o__Bacteroidales;f__Bacteroidaceae","PHIST","NULL","1.33758","NULL","NULL",0.179956,0.820044,"No","lytic","BACPHLIP","No",0,0,"https://portal.nersc.gov/UHGV/votu_reps/UHGV-206/UHGV-2069693",FALSE
"UHGV-0136172","vOTU-016552",40952,"No",41.89,66,86.77,538.409,4.62,11,"No",0,0,"Low-quality","28.32","AAI-based","No","Confident",0.9725,3,0,"Virus","26.09",8,2,"vFAM-00007;vOTU-016552","root;Duplodnaviria;Heunggongvirae;Uroviricota;Caudoviricetes","geNomad-markers","gene-hits=37; agreement=1","Duplodnaviria","Heunggongvirae","Uroviricota","Caudoviricetes","NULL","NULL","NULL","NULL","Caudovirales","d__Bacteria;p__Firmicutes_A;c__Clostridia;o__Lachnospirales;f__Lachnospiraceae","92","100","d__Bacteria;p__Firmicutes_A;c__Clostridia;o__Lachnospirales;f__Lachnospiraceae;g__Enterocloster;s__Enterocloster sp001517625","4","75","d__Bacteria;p__Firmicutes_A;c__Clostridia;o__Lachnospirales;f__Lachnospiraceae","CRISPR","1.12292","0.562335","NULL","NULL",1,0,"Yes","temperate","integrase","No",0,0,"https://portal.nersc.gov/UHGV/votu_reps/UHGV-013/UHGV-0136172",FALSE
"UHGV-0203870","vOTU-011535",53767,"No",53.23,60,94.3,845,13.85,11,"No",0,0,"High-quality","99.9","AAI-based","Yes","Confident",0.9664,12,0,"Virus","65.04",25,3,"vFAM-00001;vSUBFAM-00011;vGENUS-00962;vSUBGEN-03236;vOTU-011535","root;Duplodnaviria;Heunggongvirae;Uroviricota;Caudoviricetes","top-genome-hit","accession=MG029511; proteomic-score=0.056; lca-rank=family","Duplodnaviria","Heunggongvirae","Uroviricota","Caudoviricetes","NULL","NULL","NULL","NULL","Caudovirales","d__Bacteria;p__Firmicutes_A;c__Clostridia;o__Oscillospirales;f__Ruminococcaceae;g__Negativibacillus;s__Negativibacillus faecipullorum","1","100","d__Bacteria;p__Firmicutes_A;c__Clostridia","43","86.05","d__Bacteria;p__Firmicutes_A;c__Clostridia","PHIST","0.0","2.71352","0.0","0.513566",0.8875,0.1125,"No","temperate","BACPHLIP","No",2,0,"https://portal.nersc.gov/UHGV/votu_reps/UHGV-020/UHGV-0203870",FALSE
"UHGV-1028290","vOTU-134056",20063,"No",48.62,31,90.27,584.226,25.81,11,"No",0,0,"Low-quality","46.61","AAI-based","No","Uncertain",0.9789,2,0,"Virus","12.86",2,0,"vFAM-00004;vSUBFAM-00135;vGENUS-06144;vOTU-134056","root;Duplodnaviria;Heunggongvirae;Uroviricota;Caudoviricetes","geNomad-markers","gene-hits=25; agreement=1","Duplodnaviria","Heunggongvirae","Uroviricota","Caudoviricetes","NULL","NULL","NULL","NULL","Caudovirales","d__Bacteria;p__Firmicutes_A;c__Clostridia;o__Oscillospirales;f__Oscillospiraceae;g__Flavonifractor;s__Flavonifractor plautii","41","92.68","d__Bacteria;p__Firmicutes_A;c__Clostridia;o__Oscillospirales;f__Oscillospiraceae;g__Flavonifractor;s__Flavonifractor plautii","1","100","d__Bacteria;p__Firmicutes_A;c__Clostridia;o__Oscillospirales;f__Oscillospiraceae;g__Flavonifractor;s__Flavonifractor plautii","CRISPR","0.261764","0.0","NULL","NULL",1,0,"No","temperate","BACPHLIP","No",0,0,"https://portal.nersc.gov/UHGV/votu_reps/UHGV-102/UHGV-1028290",FALSE
"UHGV-0212343","vOTU-000026",70276,"No",39.1,103,88.08,600.961,9.62,11,"No",8,0,"Complete","100","DTR","Yes","Confident",0.9708,6,0,"Virus","11.28",17,5,"vFAM-00009;vSUBFAM-01014;vGENUS-01760;vSUBGEN-04424;vOTU-000026","root;Duplodnaviria;Heunggongvirae;Uroviricota;Caudoviricetes","geNomad-markers","gene-hits=69; agreement=1","Duplodnaviria","Heunggongvirae","Uroviricota","Caudoviricetes","NULL","NULL","NULL","NULL","Caudovirales","d__Bacteria;p__Bacteroidota;c__Bacteroidia;o__Bacteroidales;f__Bacteroidaceae","488","98.77","d__Bacteria;p__Bacteroidota;c__Bacteroidia;o__Bacteroidales;f__Bacteroidaceae","1866","97.91","d__Bacteria;p__Bacteroidota;c__Bacteroidia;o__Bacteroidales;f__Bacteroidaceae","PHIST","0.80782","0.816729","0.08874","0.063908",0.0467529,0.953247,"No","temperate","geNomad","Yes",1,0,"https://portal.nersc.gov/UHGV/votu_reps/UHGV-021/UHGV-0212343",FALSE
"UHGV-1979242","vOTU-022017",32174,"No",57.33,52,92.79,574.096,9.8,11,"No",0,0,"Medium-quality","82.1","AAI-based","No","Confident",0.9788,12,0,"Virus","39.21",15,1,"vFAM-00060;vSUBFAM-05284;vGENUS-11095;vOTU-022017","root;Duplodnaviria;Heunggongvirae;Uroviricota;Caudoviricetes","geNomad-markers","gene-hits=32; agreement=1","Duplodnaviria","Heunggongvirae","Uroviricota","Caudoviricetes","NULL","NULL","NULL","NULL","Caudovirales","d__Bacteria;p__Firmicutes_A;c__Clostridia;o__Oscillospirales;f__Ruminococcaceae;g__Ruthenibacterium;s__Ruthenibacterium lactatiformans","4","100","d__Bacteria;p__Firmicutes_A;c__Clostridia;o__Oscillospirales;f__Ruminococcaceae;g__Ruthenibacterium;s__Ruthenibacterium lactatiformans","61","95.08","d__Bacteria;p__Firmicutes_A;c__Clostridia;o__Oscillospirales;f__Ruminococcaceae;g__Ruthenibacterium;s__Ruthenibacterium lactatiformans","PHIST","0.0","0.250125","0.0","0.0",0.314868,0.685132,"No","lytic","BACPHLIP","No",0,0,"https://portal.nersc.gov/UHGV/votu_reps/UHGV-197/UHGV-1979242",FALSE
"UHGV-2202859","vOTU-159356",25386,"No",45.32,33,88.48,680.636,15.62,11,"No",0,0,"Medium-quality","52.45","AAI-based","No","Confident",0.9738,4,0,"Virus","27.43",5,0,"vFAM-00066;vSUBFAM-00132;vGENUS-10145;vOTU-159356","root;Duplodnaviria;Heunggongvirae;Uroviricota;Caudoviricetes","geNomad-markers","gene-hits=25; agreement=1","Duplodnaviria","Heunggongvirae","Uroviricota","Caudoviricetes","NULL","NULL","NULL","NULL","Caudovirales","d__Bacteria;p__Bacteroidota;c__Bacteroidia;o__Bacteroidales","39","100","d__Bacteria;p__Bacteroidota;c__Bacteroidia;o__Bacteroidales;f__Bacteroidaceae","1297","84.97","d__Bacteria;p__Bacteroidota;c__Bacteroidia;o__Bacteroidales;f__Bacteroidaceae","PHIST","1.10355","1.08757","0.072438","0.08874",1,0,"Yes","temperate","integrase","No",0,0,"https://portal.nersc.gov/UHGV/votu_reps/UHGV-220/UHGV-2202859",FALSE
"UHGV-1424474","vOTU-069640",50302,"No",48.35,62,91.76,744.435,13.11,11,"No",0,0,"High-quality","99.9","AAI-based","No","Confident",0.9717,12,0,"Virus","23.81",9,3,"vFAM-00066;vSUBFAM-00132;vGENUS-02402;vSUBGEN-30343;vOTU-069640","root;Duplodnaviria;Heunggongvirae;Uroviricota;Caudoviricetes","geNomad-markers","gene-hits=48; agreement=1","Duplodnaviria","Heunggongvirae","Uroviricota","Caudoviricetes","NULL","NULL","NULL","NULL","Caudovirales","d__Bacteria;p__Bacteroidota;c__Bacteroidia;o__Bacteroidales;f__Bacteroidaceae","197","79.19","d__Bacteria;p__Bacteroidota;c__Bacteroidia;o__Bacteroidales;f__Bacteroidaceae","1775","94.42","d__Bacteria;p__Bacteroidota;c__Bacteroidia;o__Bacteroidales;f__Bacteroidaceae","PHIST","1.37288","1.06764","0.08874","0.067527",0.275,0.725,"No","lytic","BACPHLIP","No",0,0,"https://portal.nersc.gov/UHGV/votu_reps/UHGV-142/UHGV-1424474",FALSE
"UHGV-0389551","vOTU-052242",44768,"No",57.14,75,92.22,550.44,6.76,11,"No",1,0,"Complete","100","DTR","No","Confident",0.9786,12,0,"Virus","88.98",28,1,"vFAM-00027;vSUBFAM-00338;vGENUS-00470;vSUBGEN-04589;vOTU-052242","root;Duplodnaviria;Heunggongvirae;Uroviricota;Caudoviricetes","geNomad-markers","gene-hits=56; agreement=1","Duplodnaviria","Heunggongvirae","Uroviricota","Caudoviricetes","NULL","NULL","NULL","NULL","Caudovirales","d__Bacteria;p__Firmicutes_A;c__Clostridia;o__Oscillospirales;f__Oscillospiraceae;g__Flavonifractor;s__Flavonifractor plautii","343","99.71","d__Bacteria;p__Firmicutes_A;c__Clostridia;o__Oscillospirales;f__Oscillospiraceae;g__Flavonifractor;s__Flavonifractor plautii","219","80.82","d__Bacteria;p__Firmicutes_A;c__Clostridia;o__Oscillospirales;f__Oscillospiraceae;g__Flavonifractor;s__Flavonifractor plautii","CRISPR","0.0199308","0.768156","0.0","0.0",1,0,"No","temperate","BACPHLIP","No",0,0,"https://portal.nersc.gov/UHGV/votu_reps/UHGV-038/UHGV-0389551",FALSE
"UHGV-2058913","vOTU-133197",11288,"No",61.37,16,90.2,636.375,6.67,11,"No",3,0,"Low-quality","26.65","AAI-based","No","Confident",0.9711,1,0,"Uncertain - viral or bacterial","3.84",6,1,"vFAM-00004;vSUBFAM-01336;vGENUS-01727;vOTU-133197","root;Duplodnaviria;Heunggongvirae;Uroviricota;Caudoviricetes","top-genome-hit","accession=KX965989; proteomic-score=0.110; lca-rank=family","Duplodnaviria","Heunggongvirae","Uroviricota","Caudoviricetes","NULL","NULL","NULL","NULL","Caudovirales","d__Bacteria;p__Firmicutes_A;c__Clostridia","6","100","d__Bacteria;p__Firmicutes_A;c__Clostridia;o__Oscillospirales;f__Oscillospiraceae;g__Lawsonibacter;s__Lawsonibacter sp900066825","84","89.29","d__Bacteria;p__Firmicutes_A;c__Clostridia;o__Oscillospirales;f__Oscillospiraceae;g__Lawsonibacter;s__Lawsonibacter sp900066825","PHIST","1.32966","0.434062","NULL","NULL",0.0622797,0.93772,"No","lytic","BACPHLIP","No",0,0,"https://portal.nersc.gov/UHGV/votu_reps/UHGV-205/UHGV-2058913",TRUE
"UHGV-2207993","vOTU-157862",34962,"No",52.9,36,92.97,902.917,11.43,11,"No",0,0,"Medium-quality","76.09","AAI-based","No","Confident",0.9412,1,0,"Virus","26.47",7,2,"vFAM-00001;vSUBFAM-00011;vOTU-157862","root;Duplodnaviria;Heunggongvirae;Uroviricota;Caudoviricetes","top-genome-hit","accession=MH727560; proteomic-score=0.081; lca-rank=family","Duplodnaviria","Heunggongvirae","Uroviricota","Caudoviricetes","NULL","NULL","NULL","NULL","Caudovirales","NULL","NULL","NULL","d__Bacteria;p__Firmicutes_A;c__Clostridia","41","87.8","d__Bacteria;p__Firmicutes_A;c__Clostridia","PHIST","NULL","2.88316","NULL","0.513566",0.8,0.2,"No","temperate","BACPHLIP","No",0,0,"https://portal.nersc.gov/UHGV/votu_reps/UHGV-220/UHGV-2207993",FALSE
"UHGV-0117402","vOTU-160531",13718,"No",64.59,15,87.85,803.4,7.14,11,"No",0,0,"Low-quality","31.2","AAI-based","No","Uncertain",0.9328,3,0,"Uncertain - viral or bacterial","5.15",3,1,"vFAM-00004;vOTU-160531","root;Duplodnaviria;Heunggongvirae;Uroviricota;Caudoviricetes","geNomad-markers","gene-hits=8; agreement=1","Duplodnaviria","Heunggongvirae","Uroviricota","Caudoviricetes","NULL","NULL","NULL","NULL","Caudovirales","NULL","NULL","NULL","d__Bacteria;p__Firmicutes_A;c__Clostridia;o__Oscillospirales;f__Ruminococcaceae;g__Gemmiger;s__Gemmiger formicilis","2274","99.82","d__Bacteria;p__Firmicutes_A;c__Clostridia;o__Oscillospirales;f__Ruminococcaceae;g__Gemmiger;s__Gemmiger formicilis","PHIST","NULL","0.0","NULL","NULL",0.0546256,0.945374,"No","lytic","BACPHLIP","No",0,0,"https://portal.nersc.gov/UHGV/votu_reps/UHGV-011/UHGV-0117402",TRUE
"UHGV-0161225","vOTU-138746",30197,"No",47.94,42,95.32,685.357,4.88,11,"No",0,0,"Medium-quality","69.17","AAI-based","No","Confident",0.9779,1,0,"Uncertain - viral or bacterial","0.89",5,1,"vFAM-00028;vSUBFAM-01181;vOTU-138746","root;Duplodnaviria;Heunggongvirae;Uroviricota;Caudoviricetes","geNomad-markers","gene-hits=24; agreement=1","Duplodnaviria","Heunggongvirae","Uroviricota","Caudoviricetes","NULL","NULL","NULL","NULL","Caudovirales","d__Bacteria;p__Bacteroidota;c__Bacteroidia;o__Bacteroidales","12","91.67","d__Bacteria;p__Bacteroidota;c__Bacteroidia;o__Bacteroidales;f__Bacteroidaceae;g__Bacteroides","48","75","d__Bacteria;p__Bacteroidota;c__Bacteroidia;o__Bacteroidales;f__Bacteroidaceae;g__Bacteroides","PHIST","0.918428","0.562335","0.189499","0.002582",0.0596916,0.940308,"No","lytic","BACPHLIP","No",0,0,"https://portal.nersc.gov/UHGV/votu_reps/UHGV-016/UHGV-0161225",FALSE
"UHGV-1882504","vOTU-071780",53737,"No",53.08,56,94.25,904.446,3.64,11,"No",0,0,"High-quality","99.9","AAI-based","No","Confident",0.9772,15,0,"Virus","39.71",26,2,"vFAM-00001;vSUBFAM-00011;vGENUS-03488;vSUBGEN-33106;vOTU-071780","root;Duplodnaviria;Heunggongvirae;Uroviricota;Caudoviricetes","top-genome-hit","accession=EU861005; proteomic-score=0.076; lca-rank=family","Duplodnaviria","Heunggongvirae","Uroviricota","Caudoviricetes","NULL","NULL","NULL","NULL","Caudovirales","d__Bacteria;p__Firmicutes_C;c__Negativicutes;o__Veillonellales;f__Dialisteraceae;g__Dialister;s__Dialister invisus","4","100","d__Bacteria;p__Firmicutes_A;c__Clostridia","33","96.97","d__Bacteria;p__Firmicutes_A;c__Clostridia","PHIST","0.0","2.70098","0.0","0.513566",0.9625,0.0375,"No","temperate","BACPHLIP","No",3,0,"https://portal.nersc.gov/UHGV/votu_reps/UHGV-188/UHGV-1882504",FALSE
"UHGV-2028993","vOTU-094467",95741,"No",48.38,117,87.29,714.282,12.93,11,"No",0,0,"Medium-quality","86.33","AAI-based","No","Uncertain",0.958,5,0,"Plasmid","8.71",8,11,"vFAM-00111;vSUBFAM-00351;vGENUS-05531;vOTU-094467","root;Duplodnaviria;Heunggongvirae;Uroviricota;Caudoviricetes","geNomad-markers","gene-hits=77; agreement=1","Duplodnaviria","Heunggongvirae","Uroviricota","Caudoviricetes","NULL","NULL","NULL","NULL","Caudovirales","d__Bacteria;p__Bacteroidota;c__Bacteroidia;o__Bacteroidales;f__Barnesiellaceae;g__Barnesiella;s__Barnesiella intestinihominis","18","83.33","d__Bacteria;p__Bacteroidota;c__Bacteroidia;o__Bacteroidales","1334","99.25","d__Bacteria;p__Bacteroidota;c__Bacteroidia;o__Bacteroidales","PHIST","0.633663","1.53786","NULL","NULL",1,0,"Yes","temperate","integrase","No",1,0,"https://portal.nersc.gov/UHGV/votu_reps/UHGV-202/UHGV-2028993",FALSE
"UHGV-2077769","vOTU-138140",15680,"No",35.47,28,83.61,468.214,15.38,11,"No",0,0,"Low-quality","9.77","AAI-based","No","Uncertain",0.8258,0,0,"Uncertain - viral or bacterial","-2.09",3,0,"vFAM-00020;vOTU-138140","root;Duplodnaviria;Heunggongvirae;Uroviricota;Caudoviricetes","geNomad-markers","gene-hits=9; agreement=1","Duplodnaviria","Heunggongvirae","Uroviricota","Caudoviricetes","NULL","NULL","NULL","NULL","Caudovirales","NULL","NULL","NULL","d__Bacteria;p__Firmicutes_A;c__Clostridia;o__Lachnospirales;f__Lachnospiraceae;g__Schaedlerella;s__Schaedlerella glycyrrhizinilytica_A","1","100","d__Bacteria;p__Firmicutes_A;c__Clostridia;o__Lachnospirales;f__Lachnospiraceae;g__Schaedlerella;s__Schaedlerella glycyrrhizinilytica_A","PHIST","NULL","0.0","NULL","NULL",0.0480125,0.951987,"No","lytic","BACPHLIP","No",0,0,"https://portal.nersc.gov/UHGV/votu_reps/UHGV-207/UHGV-2077769",FALSE
"UHGV-0207401","vOTU-048211",58622,"No",37.92,69,91.35,776.087,7.35,11,"No",0,0,"Complete","100","DTR","No","Confident",0.9623,14,0,"Virus","43.72",28,3,"vFAM-00001;vSUBFAM-01195;vGENUS-02387;vSUBGEN-04311;vOTU-048211","root;Duplodnaviria;Heunggongvirae;Uroviricota;Caudoviricetes","top-genome-hit","accession=EU861005; proteomic-score=0.082; lca-rank=family","Duplodnaviria","Heunggongvirae","Uroviricota","Caudoviricetes","NULL","NULL","NULL","NULL","Caudovirales","d__Bacteria;p__Firmicutes_A;c__Clostridia;o__UBA1381;f__UBA1381;g__CAG-41;s__CAG-41 sp900066215","43","97.67","d__Bacteria;p__Firmicutes_A;c__Clostridia;o__UBA1381;f__UBA1381;g__CAG-41;s__CAG-41 sp900066215","997","99.3","d__Bacteria;p__Firmicutes_A;c__Clostridia;o__UBA1381;f__UBA1381;g__CAG-41;s__CAG-41 sp900066215","PHIST","0.110453","0.0521693","0.0","0.0",1,0,"No","temperate","BACPHLIP","No",2,0,"https://portal.nersc.gov/UHGV/votu_reps/UHGV-020/UHGV-0207401",FALSE
"UHGV-0340057","vOTU-018611",33721,"No",36.83,40,94.13,793.5,0,11,"No",0,0,"Medium-quality","70.34","AAI-based","No","Confident",0.9772,12,0,"Virus","62.21",29,1,"vFAM-00003;vSUBFAM-07300;vOTU-018611","root;Duplodnaviria;Heunggongvirae;Uroviricota;Caudoviricetes","top-genome-hit","accession=DQ466086; proteomic-score=0.143; lca-rank=family","Duplodnaviria","Heunggongvirae","Uroviricota","Caudoviricetes","NULL","NULL","NULL","NULL","Caudovirales","d__Bacteria;p__Firmicutes_A;c__Clostridia;o__Monoglobales;f__Monoglobaceae;g__Monoglobus;s__Monoglobus pectinilyticus","1","100","d__Bacteria;p__Firmicutes_A;c__Clostridia;o__Monoglobales;f__Monoglobaceae;g__Monoglobus;s__Monoglobus pectinilyticus","42","90.48","d__Bacteria;p__Firmicutes_A;c__Clostridia;o__Monoglobales;f__Monoglobaceae;g__Monoglobus;s__Monoglobus pectinilyticus","PHIST","0.0","0.413513","0.0","0.0",0.188122,0.811878,"No","lytic","BACPHLIP","No",0,0,"https://portal.nersc.gov/UHGV/votu_reps/UHGV-034/UHGV-0340057",FALSE
"UHGV-2089477","vOTU-008452",57030,"No",39.93,67,93.15,792.851,8.57,11,"No",0,0,"High-quality","99.9","AAI-based","Yes","Confident",0.9629,12,0,"Virus","52.91",25,3,"vFAM-00001;vSUBFAM-00011;vGENUS-04272;vSUBGEN-04567;vOTU-008452","root;Duplodnaviria;Heunggongvirae;Uroviricota;Caudoviricetes","top-genome-hit","accession=MG029511; proteomic-score=0.075; lca-rank=family","Duplodnaviria","Heunggongvirae","Uroviricota","Caudoviricetes","NULL","NULL","NULL","NULL","Caudovirales","d__Bacteria;p__Firmicutes_A;c__Clostridia;o__Lachnospirales;f__Lachnospiraceae;g__Faecalimonas;s__Faecalimonas umbilicata","2","100","d__Bacteria;p__Firmicutes_A;c__Clostridia;o__Lachnospirales;f__Lachnospiraceae","150","98.67","d__Bacteria;p__Firmicutes_A;c__Clostridia;o__Lachnospirales;f__Lachnospiraceae","PHIST","0.0","2.38816","0.0","0.134706",0.9625,0.0375,"No","temperate","BACPHLIP","No",2,0,"https://portal.nersc.gov/UHGV/votu_reps/UHGV-208/UHGV-2089477",FALSE
"UHGV-1541319","vOTU-081666",39920,"No",53.56,53,95.2,717.057,7.69,11,"No",0,0,"High-quality","98.46","AAI-based","No","Confident",0.9799,7,0,"Virus","17.31",8,1,"vFAM-00043;vSUBFAM-01958;vGENUS-02214;vSUBGEN-02034;vOTU-081666","root;Duplodnaviria;Heunggongvirae;Uroviricota;Caudoviricetes","geNomad-markers","gene-hits=38; agreement=1","Duplodnaviria","Heunggongvirae","Uroviricota","Caudoviricetes","NULL","NULL","NULL","NULL","Caudovirales","d__Bacteria;p__Bacteroidota;c__Bacteroidia;o__Bacteroidales;f__Rikenellaceae;g__Alistipes","107","95.33","d__Bacteria;p__Bacteroidota;c__Bacteroidia;o__Bacteroidales;f__Rikenellaceae;g__Alistipes","346","99.13","d__Bacteria;p__Bacteroidota;c__Bacteroidia;o__Bacteroidales;f__Rikenellaceae;g__Alistipes","PHIST","0.212152","0.0593245","0.0","0.022673",0.15,0.85,"No","temperate","geNomad","Yes",0,0,"https://portal.nersc.gov/UHGV/votu_reps/UHGV-154/UHGV-1541319",FALSE
"UHGV-0170509","vOTU-028475",19812,"No",47.63,30,84.36,557.1,10.34,11,"No",0,0,"Low-quality","40.93","AAI-based","No","Confident",0.9764,3,0,"Virus","24.34",5,0,"vFAM-00066;vSUBFAM-00132;vGENUS-10145;vOTU-028475","root;Duplodnaviria;Heunggongvirae;Uroviricota;Caudoviricetes","geNomad-markers","gene-hits=23; agreement=1","Duplodnaviria","Heunggongvirae","Uroviricota","Caudoviricetes","NULL","NULL","NULL","NULL","Caudovirales","d__Bacteria;p__Bacteroidota;c__Bacteroidia;o__Bacteroidales","28","100","d__Bacteria;p__Bacteroidota;c__Bacteroidia;o__Bacteroidales;f__Bacteroidaceae","802","75.81","d__Bacteria;p__Bacteroidota;c__Bacteroidia;o__Bacteroidales;f__Bacteroidaceae","PHIST","1.10423","1.27265","NULL","NULL",1,0,"Yes","temperate","integrase","No",0,0,"https://portal.nersc.gov/UHGV/votu_reps/UHGV-017/UHGV-0170509",TRUE
"UHGV-1377633","vOTU-024784",22133,"No",44.12,32,94.61,654.375,0,11,"No",0,0,"Medium-quality","59.17","AAI-based","No","Confident",0.9787,9,0,"Virus","35",16,1,"vFAM-00035;vSUBFAM-01016;vGENUS-03208;vOTU-024784","root;Duplodnaviria;Heunggongvirae;Uroviricota;Caudoviricetes","top-genome-hit","accession=DQ289555; proteomic-score=0.062; lca-rank=family","Duplodnaviria","Heunggongvirae","Uroviricota","Caudoviricetes","NULL","NULL","NULL","NULL","Caudovirales","d__Bacteria;p__Firmicutes_A;c__Clostridia;o__Lachnospirales;f__Lachnospiraceae","10","90","NULL","NULL","NULL","d__Bacteria;p__Firmicutes_A;c__Clostridia;o__Lachnospirales;f__Lachnospiraceae","CRISPR","1.41848","NULL","0.237374","NULL",0.8625,0.1375,"No","temperate","BACPHLIP","No",0,0,"https://portal.nersc.gov/UHGV/votu_reps/UHGV-137/UHGV-1377633",TRUE
"UHGV-0142972","vOTU-080712",35287,"No",67.56,60,94.28,554.45,5.08,11,"No",0,0,"High-quality","99.9","AAI-based","No","Confident",0.9665,7,0,"Virus","38",18,1,"vFAM-00022;vSUBFAM-07525;vGENUS-20939;vSUBGEN-41536;vOTU-080712","root;Duplodnaviria;Heunggongvirae;Uroviricota;Caudoviricetes","geNomad-markers","gene-hits=26; agreement=1","Duplodnaviria","Heunggongvirae","Uroviricota","Caudoviricetes","NULL","NULL","NULL","NULL","Caudovirales","d__Bacteria;p__Actinobacteriota;c__Coriobacteriia;o__Coriobacteriales;f__Eggerthellaceae;g__Eggerthella;s__Eggerthella lenta","8","87.5","d__Bacteria;p__Actinobacteriota;c__Coriobacteriia;o__Coriobacteriales;f__Eggerthellaceae;g__Eggerthella;s__Eggerthella lenta","14","100","d__Bacteria;p__Actinobacteriota;c__Coriobacteriia;o__Coriobacteriales;f__Eggerthellaceae;g__Eggerthella;s__Eggerthella lenta","PHIST","0.37677","0.0","0.0","0.0",0.6875,0.3125,"Yes","temperate","integrase","No",0,0,"https://portal.nersc.gov/UHGV/votu_reps/UHGV-014/UHGV-0142972",FALSE
"UHGV-1828438","vOTU-128541",15842,"No",52.6,10,92.11,1459.2,0,11,"No",0,0,"Low-quality","16.78","AAI-based","No","Uncertain",0.9237,1,0,"Uncertain - plasmid or chromosomal","-0.28",0,1,"vFAM-00111;vSUBFAM-00351;vGENUS-11008;vOTU-128541","root;Duplodnaviria;Heunggongvirae;Uroviricota;Caudoviricetes","geNomad-markers","gene-hits=6; agreement=1","Duplodnaviria","Heunggongvirae","Uroviricota","Caudoviricetes","NULL","NULL","NULL","NULL","Caudovirales","d__Bacteria;p__Bacteroidota;c__Bacteroidia;o__Bacteroidales;f__Bacteroidaceae;g__Phocaeicola","39","76.92","d__Bacteria;p__Bacteroidota;c__Bacteroidia;o__Bacteroidales;f__Bacteroidaceae","1464","92.21","d__Bacteria;p__Bacteroidota;c__Bacteroidia;o__Bacteroidales;f__Bacteroidaceae","PHIST","0.540204","1.11336","NULL","NULL",0.0811652,0.918835,"No","lytic","BACPHLIP","Yes",0,0,"https://portal.nersc.gov/UHGV/votu_reps/UHGV-182/UHGV-1828438",TRUE
"UHGV-0087514","vOTU-112475",37458,"No",37.52,54,93.56,649,5.66,11,"No",0,0,"Medium-quality","62.66","AAI-based","No","Confident",0.9727,6,0,"Virus","28.91",15,1,"vFAM-00009;vSUBFAM-00023;vGENUS-18948;vOTU-112475","root;Duplodnaviria;Heunggongvirae;Uroviricota;Caudoviricetes","geNomad-markers","gene-hits=36; agreement=1","Duplodnaviria","Heunggongvirae","Uroviricota","Caudoviricetes","NULL","NULL","NULL","NULL","Caudovirales","d__Bacteria;p__Bacteroidota;c__Bacteroidia;o__Bacteroidales;f__Bacteroidaceae;g__Bacteroides","31","96.77","d__Bacteria;p__Bacteroidota;c__Bacteroidia;o__Bacteroidales;f__Bacteroidaceae","11","90.91","d__Bacteria;p__Bacteroidota;c__Bacteroidia;o__Bacteroidales;f__Bacteroidaceae;g__Bacteroides","CRISPR","0.142506","0.859967","0.018514","0.007517",1,0,"No","temperate","BACPHLIP","No",0,0,"https://portal.nersc.gov/UHGV/votu_reps/UHGV-008/UHGV-0087514",TRUE
"UHGV-1339303","vOTU-015862",16589,"No",36.87,23,77.53,559.174,9.09,11,"No",1,0,"Low-quality","9.85","AAI-based","No","Confident",0.8688,0,0,"Virus","15.91",4,0,"vFAM-00020;vOTU-015862","root;Duplodnaviria;Heunggongvirae;Uroviricota;Caudoviricetes;Herelleviridae","top-genome-hit","accession=KJ676859; proteomic-score=0.066; lca-rank=family","Duplodnaviria","Heunggongvirae","Uroviricota","Caudoviricetes","NULL","Herelleviridae","NULL","NULL","Caudovirales","d__Bacteria;p__Firmicutes_A;c__Clostridia;o__Peptostreptococcales;f__Peptostreptococcaceae;g__Clostridioides;s__Clostridioides difficile","2","100","d__Bacteria;p__Firmicutes_A;c__Clostridia;o__Lachnospirales;f__Lachnospiraceae;g__Blautia_A;s__Blautia_A faecis","26","76.92","d__Bacteria;p__Firmicutes_A;c__Clostridia;o__Lachnospirales;f__Lachnospiraceae;g__Blautia_A;s__Blautia_A faecis","PHIST","0.0","0.74574","NULL","NULL",0.188122,0.811878,"No","temperate","geNomad","No",0,0,"https://portal.nersc.gov/UHGV/votu_reps/UHGV-133/UHGV-1339303",FALSE
"UHGV-1435640","vOTU-078743",74129,"No",46.33,95,93.49,729.505,12.77,11,"No",0,0,"High-quality","99.9","AAI-based","No","Confident",0.9747,15,0,"Virus","38.27",12,3,"vFAM-00066;vSUBFAM-00132;vGENUS-21126;vSUBGEN-41986;vOTU-078743","root;Duplodnaviria;Heunggongvirae;Uroviricota;Caudoviricetes","geNomad-markers","gene-hits=73; agreement=1","Duplodnaviria","Heunggongvirae","Uroviricota","Caudoviricetes","NULL","NULL","NULL","NULL","Caudovirales","d__Bacteria;p__Bacteroidota;c__Bacteroidia;o__Bacteroidales;f__Bacteroidaceae","193","96.37","d__Bacteria;p__Bacteroidota;c__Bacteroidia;o__Bacteroidales;f__Bacteroidaceae","2569","96.22","d__Bacteria;p__Bacteroidota;c__Bacteroidia;o__Bacteroidales;f__Bacteroidaceae","PHIST","0.915035","0.948855","0.08874","0.067527",0.275,0.725,"No","lytic","BACPHLIP","Yes",0,0,"https://portal.nersc.gov/UHGV/votu_reps/UHGV-143/UHGV-1435640",FALSE
"UHGV-1572303","vOTU-093944",16223,"No",56.81,34,90.13,430.059,12.12,11,"No",0,0,"Low-quality","38.31","AAI-based","No","Confident",0.9786,0,0,"Virus","8.79",6,0,"vFAM-00004;vSUBFAM-01336;vGENUS-01727;vOTU-093944","root;Duplodnaviria;Heunggongvirae;Uroviricota;Caudoviricetes","top-genome-hit","accession=KX965989; proteomic-score=0.075; lca-rank=family","Duplodnaviria","Heunggongvirae","Uroviricota","Caudoviricetes","NULL","NULL","NULL","NULL","Caudovirales","NULL","NULL","NULL","d__Bacteria;p__Firmicutes_A;c__Clostridia;o__Oscillospirales;f__Oscillospiraceae;g__Lawsonibacter;s__Lawsonibacter sp900066825","36","72.22","d__Bacteria;p__Firmicutes_A;c__Clostridia;o__Oscillospirales;f__Oscillospiraceae;g__Lawsonibacter;s__Lawsonibacter sp900066825","PHIST","NULL","0.943074","NULL","NULL",1,0,"No","temperate","BACPHLIP","No",0,0,"https://portal.nersc.gov/UHGV/votu_reps/UHGV-157/UHGV-1572303",TRUE
"UHGV-1510881","vOTU-036182",29234,"No",45.09,39,86.88,651.231,15.79,11,"No",0,0,"Medium-quality","60.4","AAI-based","No","Confident",0.9673,7,0,"Virus","36.92",8,1,"vFAM-00066;vSUBFAM-00132;vGENUS-20683;vOTU-036182","root;Duplodnaviria;Heunggongvirae;Uroviricota;Caudoviricetes;Winoviridae","top-genome-hit","accession=MT732475; proteomic-score=0.065; lca-rank=family","Duplodnaviria","Heunggongvirae","Uroviricota","Caudoviricetes","NULL","Winoviridae","NULL","NULL","Caudovirales","d__Bacteria;p__Bacteroidota;c__Bacteroidia;o__Bacteroidales;f__Bacteroidaceae","61","88.52","d__Bacteria;p__Bacteroidota;c__Bacteroidia;o__Bacteroidales;f__Bacteroidaceae","1297","96.68","d__Bacteria;p__Bacteroidota;c__Bacteroidia;o__Bacteroidales;f__Bacteroidaceae","PHIST","1.48081","0.911976","0.153919","0.067527",0.9875,0.0125,"Yes","temperate","integrase","No",0,0,"https://portal.nersc.gov/UHGV/votu_reps/UHGV-151/UHGV-1510881",FALSE
"UHGV-2007957","vOTU-166031",12916,"No",38.69,19,79.23,538.579,11.11,11,"No",0,0,"Low-quality","35.51","AAI-based","No","Uncertain",0.937,1,0,"Uncertain - plasmid or chromosomal","-1.68",2,1,"vFAM-00003;vSUBFAM-06031;vOTU-166031","root;Duplodnaviria;Heunggongvirae;Uroviricota;Caudoviricetes","geNomad-markers","gene-hits=4; agreement=1","Duplodnaviria","Heunggongvirae","Uroviricota","Caudoviricetes","NULL","NULL","NULL","NULL","Caudovirales","NULL","NULL","NULL","d__Bacteria;p__Firmicutes;c__Bacilli;o__Erysipelotrichales;f__Erysipelotrichaceae;g__Clostridium_AQ;s__Clostridium_AQ innocuum","259","93.82","d__Bacteria;p__Firmicutes;c__Bacilli;o__Erysipelotrichales;f__Erysipelotrichaceae;g__Clostridium_AQ;s__Clostridium_AQ innocuum","PHIST","NULL","0.281291","NULL","NULL",0.166343,0.833657,"No","lytic","BACPHLIP","No",0,0,"https://portal.nersc.gov/UHGV/votu_reps/UHGV-200/UHGV-2007957",TRUE
"UHGV-0207125","vOTU-109613",17347,"No",52.03,16,88.13,955.5,13.33,11,"No",0,0,"Low-quality","22.75","HMM-based","No","Uncertain",0.9474,0,0,"Uncertain - viral or bacterial","3.17",4,1,"vFAM-00066;vSUBFAM-00132;vOTU-109613","root;Duplodnaviria;Heunggongvirae;Uroviricota;Caudoviricetes","geNomad-markers","gene-hits=10; agreement=1","Duplodnaviria","Heunggongvirae","Uroviricota","Caudoviricetes","NULL","NULL","NULL","NULL","Caudovirales","d__Bacteria;p__Bacteroidota;c__Bacteroidia;o__Bacteroidales;f__Bacteroidaceae;g__Phocaeicola;s__Phocaeicola vulgatus","288","76.04","d__Bacteria;p__Bacteroidota;c__Bacteroidia;o__Bacteroidales;f__Bacteroidaceae","1823","90.07","d__Bacteria;p__Bacteroidota;c__Bacteroidia;o__Bacteroidales;f__Bacteroidaceae","PHIST","0.782717","1.03804","NULL","NULL",0.166369,0.833631,"No","lytic","BACPHLIP","No",0,0,"https://portal.nersc.gov/UHGV/votu_reps/UHGV-020/UHGV-0207125",TRUE
"UHGV-0392450","vOTU-059897",54298,"No",60.14,83,94.11,615.687,7.32,11,"No",0,0,"High-quality","98.48","AAI-based","No","Confident",0.9784,13,0,"Virus","44.45",21,1,"vFAM-00001;vSUBFAM-00369;vGENUS-02333;vSUBGEN-04554;vOTU-059897","root;Duplodnaviria;Heunggongvirae;Uroviricota;Caudoviricetes","top-genome-hit","accession=MG711467; proteomic-score=0.276; lca-rank=family","Duplodnaviria","Heunggongvirae","Uroviricota","Caudoviricetes","NULL","NULL","NULL","NULL","Caudovirales","d__Bacteria;p__Firmicutes_A;c__Clostridia;o__Oscillospirales;f__Oscillospiraceae;g__Flavonifractor;s__Flavonifractor plautii","104","96.15","d__Bacteria;p__Firmicutes_A;c__Clostridia;o__Oscillospirales;f__Oscillospiraceae;g__Flavonifractor;s__Flavonifractor plautii","31","93.55","d__Bacteria;p__Firmicutes_A;c__Clostridia;o__Oscillospirales;f__Oscillospiraceae;g__Flavonifractor;s__Flavonifractor plautii","CRISPR","0.216343","0.239217","0.0","0.0",0.9875,0.0125,"No","temperate","BACPHLIP","No",0,0,"https://portal.nersc.gov/UHGV/votu_reps/UHGV-039/UHGV-0392450",TRUE
"UHGV-0213394","vOTU-000285",36289,"No",63.67,54,92.25,619.944,10.53,11,"No",1,0,"Complete","100","DTR","Yes","Confident",0.9766,12,0,"Virus","41.19",23,3,"vFAM-00024;vSUBFAM-00352;vGENUS-00373;vSUBGEN-00435;vOTU-000285","root;Duplodnaviria;Heunggongvirae;Uroviricota;Caudoviricetes","geNomad-markers","gene-hits=32; agreement=1","Duplodnaviria","Heunggongvirae","Uroviricota","Caudoviricetes","NULL","NULL","NULL","NULL","Caudovirales","d__Bacteria;p__Actinobacteriota;c__Actinomycetia;o__Actinomycetales;f__Bifidobacteriaceae;g__Bifidobacterium","175","100","d__Bacteria;p__Actinobacteriota;c__Actinomycetia;o__Actinomycetales;f__Bifidobacteriaceae;g__Bifidobacterium","469","98.72","d__Bacteria;p__Actinobacteriota;c__Actinomycetia;o__Actinomycetales;f__Bifidobacteriaceae;g__Bifidobacterium","PHIST","0.0","0.0814135","0.004598","0.0",0.1,0.9,"No","lytic","BACPHLIP","Yes",0,0,"https://portal.nersc.gov/UHGV/votu_reps/UHGV-021/UHGV-0213394",FALSE
"UHGV-1943372","vOTU-144087",10639,"No",46.42,19,88.2,493.895,16.67,11,"No",0,0,"Not-determined","NULL","NULL","No","Uncertain",0.8478,1,0,"Uncertain - viral or bacterial","0.53",0,1,"vFAM-00111;vSUBFAM-00351;vOTU-144087","root;Duplodnaviria;Heunggongvirae;Uroviricota;Caudoviricetes","geNomad-markers","gene-hits=6; agreement=1","Duplodnaviria","Heunggongvirae","Uroviricota","Caudoviricetes","NULL","NULL","NULL","NULL","Caudovirales","d__Bacteria;p__Bacteroidota;c__Bacteroidia;o__Bacteroidales;f__Barnesiellaceae;g__Barnesiella;s__Barnesiella intestinihominis","2","100","d__Bacteria;p__Bacteroidota;c__Bacteroidia;o__Bacteroidales;f__Bacteroidaceae","974","82.65","d__Bacteria;p__Bacteroidota;c__Bacteroidia;o__Bacteroidales;f__Bacteroidaceae","PHIST","0.0","1.42334","NULL","NULL",0.188122,0.811878,"No","lytic","BACPHLIP","No",0,0,"https://portal.nersc.gov/UHGV/votu_reps/UHGV-194/UHGV-1943372",TRUE
"UHGV-1363138","vOTU-005088",39506,"No",56.9,60,86.79,571.45,13.56,11,"No",1,0,"Complete","100","DTR","No","Confident",0.9766,6,0,"Uncertain - viral or bacterial","6.42",10,1,"vFAM-00040;vSUBFAM-01435;vGENUS-01641;vSUBGEN-42669;vOTU-005088","root;Duplodnaviria;Heunggongvirae;Uroviricota;Caudoviricetes","geNomad-markers","gene-hits=32; agreement=1","Duplodnaviria","Heunggongvirae","Uroviricota","Caudoviricetes","NULL","NULL","NULL","NULL","Caudovirales","d__Bacteria;p__Firmicutes_A;c__Clostridia;o__Oscillospirales;f__Oscillospiraceae;g__Flavonifractor;s__Flavonifractor plautii","285","95.09","d__Bacteria;p__Firmicutes_A;c__Clostridia;o__Oscillospirales;f__Oscillospiraceae;g__Flavonifractor;s__Flavonifractor plautii","119","90.76","d__Bacteria;p__Firmicutes_A;c__Clostridia;o__Oscillospirales;f__Oscillospiraceae;g__Flavonifractor;s__Flavonifractor plautii","CRISPR","0.276277","0.434475","0.0","0.0",0.95,0.05,"No","temperate","BACPHLIP","No",0,0,"https://portal.nersc.gov/UHGV/votu_reps/UHGV-136/UHGV-1363138",FALSE
"UHGV-0188808","vOTU-085547",40167,"No",47.21,50,93.36,750,7.69,11,"No",0,0,"Medium-quality","87.68","AAI-based","Yes","Confident",0.9668,12,0,"Virus","41.24",24,2,"vFAM-00001;vSUBFAM-00011;vOTU-085547","root;Duplodnaviria;Heunggongvirae;Uroviricota;Caudoviricetes","top-genome-hit","accession=AY954956; proteomic-score=0.073; lca-rank=family","Duplodnaviria","Heunggongvirae","Uroviricota","Caudoviricetes","NULL","NULL","NULL","NULL","Caudovirales","NULL","NULL","NULL","d__Bacteria;p__Firmicutes_A;c__Clostridia;o__Lachnospirales;f__Lachnospiraceae","3","100","d__Bacteria;p__Firmicutes_A;c__Clostridia;o__Lachnospirales;f__Lachnospiraceae","PHIST","NULL","0.636514","NULL","0.12827",0.9,0.1,"Yes","temperate","integrase","No",4,0,"https://portal.nersc.gov/UHGV/votu_reps/UHGV-018/UHGV-0188808",TRUE
"UHGV-0286361","vOTU-031777",14787,"No",34.79,30,91.56,451.3,24.14,11,"No",0,0,"Low-quality","36.07","AAI-based","No","Confident",0.9635,0,0,"Virus","26.3",7,0,"vFAM-00003;vSUBFAM-00799;vGENUS-05164;vOTU-031777","root;Duplodnaviria;Heunggongvirae;Uroviricota;Caudoviricetes","geNomad-markers","gene-hits=12; agreement=1","Duplodnaviria","Heunggongvirae","Uroviricota","Caudoviricetes","NULL","NULL","NULL","NULL","Caudovirales","d__Bacteria;p__Firmicutes;c__Bacilli;o__Erysipelotrichales;f__Erysipelotrichaceae;g__Longicatena;s__Longicatena caecimuris","7","71.43","d__Bacteria;p__Firmicutes;c__Bacilli;o__Erysipelotrichales;f__Erysipelotrichaceae;g__Longicatena;s__Longicatena caecimuris","46","97.83","d__Bacteria;p__Firmicutes;c__Bacilli;o__Erysipelotrichales;f__Erysipelotrichaceae;g__Longicatena;s__Longicatena caecimuris","PHIST","0.59827","0.104732","NULL","NULL",0.975,0.025,"Yes","temperate","integrase","No",0,0,"https://portal.nersc.gov/UHGV/votu_reps/UHGV-028/UHGV-0286361",TRUE
"UHGV-1948980","vOTU-041156",30037,"No",60.14,47,90.99,581.489,10.87,11,"No",0,0,"Medium-quality","61.24","HMM-based","No","Confident",0.9502,6,0,"Virus","28.9",4,1,"vFAM-00082;vSUBFAM-01453;vGENUS-06464;vOTU-041156","root;Duplodnaviria;Heunggongvirae;Uroviricota;Caudoviricetes","geNomad-markers","gene-hits=11; agreement=1","Duplodnaviria","Heunggongvirae","Uroviricota","Caudoviricetes","NULL","NULL","NULL","NULL","Caudovirales","d__Bacteria;p__Verrucomicrobiota;c__Verrucomicrobiae;o__Verrucomicrobiales;f__Akkermansiaceae;g__Akkermansia","51","100","d__Bacteria;p__Verrucomicrobiota;c__Verrucomicrobiae;o__Verrucomicrobiales;f__Akkermansiaceae;g__Akkermansia;s__Akkermansia muciniphila_B","70","97.14","d__Bacteria;p__Verrucomicrobiota;c__Verrucomicrobiae;o__Verrucomicrobiales;f__Akkermansiaceae;g__Akkermansia;s__Akkermansia muciniphila_B","PHIST","0.0","0.0","0.012747","0.0",0.1875,0.8125,"No","lytic","BACPHLIP","No",0,0,"https://portal.nersc.gov/UHGV/votu_reps/UHGV-194/UHGV-1948980",FALSE
"UHGV-2087664","vOTU-116706",23642,"No",47.99,33,94.32,675.727,12.5,11,"No",0,0,"Medium-quality","61.53","AAI-based","No","Uncertain",0.9661,3,0,"Virus","13.08",6,2,"vFAM-00035;vSUBFAM-00161;vOTU-116706","root;Duplodnaviria;Heunggongvirae;Uroviricota;Caudoviricetes","top-genome-hit","accession=MN882550; proteomic-score=0.062; lca-rank=family","Duplodnaviria","Heunggongvirae","Uroviricota","Caudoviricetes","NULL","NULL","NULL","NULL","Caudovirales","d__Bacteria;p__Firmicutes_A;c__Clostridia;o__Lachnospirales;f__Lachnospiraceae","782","99.62","d__Bacteria;p__Firmicutes_A;c__Clostridia;o__Lachnospirales;f__Lachnospiraceae","124","94.35","d__Bacteria;p__Firmicutes_A;c__Clostridia;o__Lachnospirales;f__Lachnospiraceae","CRISPR","1.74333","3.0686","NULL","NULL",0.8875,0.1125,"Yes","temperate","integrase","Yes",0,0,"https://portal.nersc.gov/UHGV/votu_reps/UHGV-208/UHGV-2087664",TRUE
"UHGV-1496562","vOTU-107359",43826,"No",42.27,55,86.66,690.545,12.96,11,"No",8,0,"Medium-quality","61.63","AAI-based","No","Confident",0.9721,4,0,"Virus","25.63",9,2,"vFAM-00009;vSUBFAM-01014;vGENUS-01760;vOTU-107359","root;Duplodnaviria;Heunggongvirae;Uroviricota;Caudoviricetes","geNomad-markers","gene-hits=35; agreement=1","Duplodnaviria","Heunggongvirae","Uroviricota","Caudoviricetes","NULL","NULL","NULL","NULL","Caudovirales","d__Bacteria;p__Bacteroidota;c__Bacteroidia;o__Bacteroidales;f__Bacteroidaceae","441","96.83","d__Bacteria;p__Bacteroidota;c__Bacteroidia;o__Bacteroidales;f__Bacteroidaceae","1813","98.4","d__Bacteria;p__Bacteroidota;c__Bacteroidia;o__Bacteroidales;f__Bacteroidaceae","PHIST","0.854753","0.778614","0.08874","0.063908",0.9875,0.0125,"No","temperate","BACPHLIP","No",1,0,"https://portal.nersc.gov/UHGV/votu_reps/UHGV-149/UHGV-1496562",TRUE
"UHGV-0110140","vOTU-096450",11106,"No",54.16,15,96.43,714,7.14,11,"No",0,0,"Low-quality","27.39","AAI-based","No","Confident",0.97,1,0,"Uncertain - viral or bacterial","4.93",4,0,"vFAM-00043;vSUBFAM-01958;vOTU-096450","root;Duplodnaviria;Heunggongvirae;Uroviricota;Caudoviricetes;Pachyviridae","top-genome-hit","accession=KC821620; proteomic-score=0.065; lca-rank=family","Duplodnaviria","Heunggongvirae","Uroviricota","Caudoviricetes","NULL","Pachyviridae","NULL","NULL","Caudovirales","d__Bacteria;p__Bacteroidota;c__Bacteroidia;o__Bacteroidales;f__Rikenellaceae;g__Alistipes","33","96.97","d__Bacteria;p__Bacteroidota;c__Bacteroidia;o__Bacteroidales;f__Rikenellaceae;g__Alistipes","399","98.75","d__Bacteria;p__Bacteroidota;c__Bacteroidia;o__Bacteroidales;f__Rikenellaceae;g__Alistipes","PHIST","0.135794","0.0792419","NULL","NULL",0.0875,0.9125,"No","lytic","BACPHLIP","No",0,0,"https://portal.nersc.gov/UHGV/votu_reps/UHGV-011/UHGV-0110140",TRUE
"UHGV-2003052","vOTU-147844",10152,"No",36.36,15,90.66,613.6,0,11,"No",0,0,"Low-quality","4.18","HMM-based","No","Uncertain",0.8595,0,0,"Uncertain - viral or bacterial","3.33",1,1,"vFAM-00003;vOTU-147844","root;Duplodnaviria;Heunggongvirae;Uroviricota;Caudoviricetes","geNomad-markers","gene-hits=3; agreement=0.615","Duplodnaviria","Heunggongvirae","Uroviricota","Caudoviricetes","NULL","NULL","NULL","NULL","Caudovirales","d__Bacteria;p__Firmicutes_A;c__Clostridia;o__Oscillospirales;f__Acutalibacteraceae;g__Eubacterium_R;s__Eubacterium_R sp000436835","25","88","d__Bacteria;p__Firmicutes_A;c__Clostridia;o__Oscillospirales;f__Acutalibacteraceae","348","86.49","d__Bacteria;p__Firmicutes_A;c__Clostridia;o__Oscillospirales;f__Acutalibacteraceae","PHIST","0.366925","1.36135","NULL","NULL",0.151735,0.848265,"No","lytic","BACPHLIP","No",0,0,"https://portal.nersc.gov/UHGV/votu_reps/UHGV-200/UHGV-2003052",TRUE
"UHGV-0376406","vOTU-012095",39770,"No",38.08,58,92.95,637.345,5.26,11,"No",1,0,"High-quality","98.5","AAI-based","No","Confident",0.975,13,0,"Virus","79.28",26,0,"vFAM-00001;vSUBFAM-00651;vGENUS-02861;vSUBGEN-44590;vOTU-012095","root;Duplodnaviria;Heunggongvirae;Uroviricota;Caudoviricetes","top-genome-hit","accession=LK985322; proteomic-score=0.068; lca-rank=family","Duplodnaviria","Heunggongvirae","Uroviricota","Caudoviricetes","NULL","NULL","NULL","NULL","Caudovirales","d__Bacteria;p__Firmicutes_A;c__Clostridia;o__UBA1381;f__UBA1381;g__CAG-41;s__CAG-41 sp900066215","161","96.89","d__Bacteria;p__Firmicutes_A;c__Clostridia;o__UBA1381;f__UBA1381;g__CAG-41;s__CAG-41 sp900066215","826","99.64","d__Bacteria;p__Firmicutes_A;c__Clostridia;o__UBA1381;f__UBA1381;g__CAG-41;s__CAG-41 sp900066215","PHIST","0.138394","0.0280198","0.0","0.0",1,0,"No","temperate","BACPHLIP","No",0,0,"https://portal.nersc.gov/UHGV/votu_reps/UHGV-037/UHGV-0376406",FALSE
"UHGV-1003731","vOTU-053698",5210,"No",45.66,10,88.91,463.2,11.11,11,"No",0,0,"Complete","100","DTR","No","Confident",0.1596,0,0,"Uncertain - viral or bacterial","3.25",0,0,"vFAM-00072;vSUBFAM-00932;vGENUS-04921;vSUBGEN-44809;vOTU-053698","root;Monodnaviria;Loebvirae;Hofneiviricota;Faserviricetes;Tubulavirales;Inoviridae","geNomad-markers","gene-hits=2; agreement=1","Monodnaviria","Loebvirae","Hofneiviricota","Faserviricetes","Tubulavirales","Inoviridae","NULL","NULL","Inoviridae","d__Bacteria;p__Firmicutes_A;c__Clostridia;o__Oscillospirales;f__Ruminococcaceae;g__Ruthenibacterium;s__Ruthenibacterium lactatiformans","71","98.59","d__Bacteria;p__Firmicutes_A","8","50","d__Bacteria;p__Firmicutes_A;c__Clostridia;o__Oscillospirales;f__Ruminococcaceae;g__Ruthenibacterium;s__Ruthenibacterium lactatiformans","CRISPR","0.0740226","1.49418","0.0","0.827626",0.0682209,0.931779,"No","lytic","BACPHLIP","No",0,0,"https://portal.nersc.gov/UHGV/votu_reps/UHGV-100/UHGV-1003731",TRUE
"UHGV-1713899","vOTU-158371",10381,"No",58.4,13,89.04,711,8.33,11,"No",0,0,"Low-quality","31.77","AAI-based","No","Uncertain",0.9625,2,0,"Uncertain - plasmid or chromosomal","2.36",0,2,"vFAM-00022;vSUBFAM-00813;vGENUS-10993;vOTU-158371","root;Duplodnaviria;Heunggongvirae;Uroviricota;Caudoviricetes","top-genome-hit","accession=MG711461; proteomic-score=0.066; lca-rank=family","Duplodnaviria","Heunggongvirae","Uroviricota","Caudoviricetes","NULL","NULL","NULL","NULL","Caudovirales","d__Bacteria;p__Firmicutes_A;c__Clostridia;o__Oscillospirales;f__Oscillospiraceae","2","100","d__Bacteria;p__Firmicutes_A;c__Clostridia;o__Oscillospirales;f__Oscillospiraceae","28","89.29","d__Bacteria;p__Firmicutes_A;c__Clostridia;o__Oscillospirales;f__Oscillospiraceae","PHIST","0.693147","1.56755","NULL","NULL",0.153676,0.846324,"No","lytic","BACPHLIP","Yes",0,0,"https://portal.nersc.gov/UHGV/votu_reps/UHGV-171/UHGV-1713899",TRUE
"UHGV-1458182","vOTU-015235",44000,"No",53.11,55,93.57,748.527,7.41,11,"No",0,0,"Medium-quality","70.13","HMM-based","No","Confident",0.9605,12,0,"Virus","21.56",7,0,"vFAM-00066;vSUBFAM-04897;vGENUS-09430;vOTU-015235","root;Duplodnaviria;Heunggongvirae;Uroviricota;Caudoviricetes","geNomad-markers","gene-hits=32; agreement=1","Duplodnaviria","Heunggongvirae","Uroviricota","Caudoviricetes","NULL","NULL","NULL","NULL","Caudovirales","d__Bacteria;p__Bacteroidota;c__Bacteroidia;o__Bacteroidales;f__Rikenellaceae;g__Alistipes;s__Alistipes shahii","79","93.67","d__Bacteria;p__Bacteroidota;c__Bacteroidia;o__Bacteroidales;f__Rikenellaceae;g__Alistipes","254","90.55","d__Bacteria;p__Bacteroidota;c__Bacteroidia;o__Bacteroidales;f__Rikenellaceae;g__Alistipes","PHIST","0.235471","0.45828","0.0","0.0",0.1125,0.8875,"No","lytic","BACPHLIP","No",0,0,"https://portal.nersc.gov/UHGV/votu_reps/UHGV-145/UHGV-1458182",FALSE
"UHGV-1430889","vOTU-080697",72127,"No",43.94,86,91.85,770.302,11.76,11,"No",1,0,"High-quality","99.9","AAI-based","No","Confident",0.9725,9,0,"Virus","28.38",10,3,"vFAM-00009;vSUBFAM-00023;vGENUS-23652;vSUBGEN-46474;vOTU-080697","root;Duplodnaviria;Heunggongvirae;Uroviricota;Caudoviricetes","geNomad-markers","gene-hits=52; agreement=1","Duplodnaviria","Heunggongvirae","Uroviricota","Caudoviricetes","NULL","NULL","NULL","NULL","Caudovirales","d__Bacteria;p__Bacteroidota;c__Bacteroidia;o__Bacteroidales;f__Bacteroidaceae;g__Bacteroides;s__Bacteroides uniformis","42","80.95","d__Bacteria;p__Bacteroidota;c__Bacteroidia;o__Bacteroidales;f__Bacteroidaceae;g__Bacteroides;s__Bacteroides uniformis","1602","93.63","d__Bacteria;p__Bacteroidota;c__Bacteroidia;o__Bacteroidales;f__Bacteroidaceae;g__Bacteroides;s__Bacteroides uniformis","PHIST","0.413513","0.151542","0.0","0.0",0.9875,0.0125,"No","temperate","BACPHLIP","No",0,0,"https://portal.nersc.gov/UHGV/votu_reps/UHGV-143/UHGV-1430889",FALSE
"UHGV-2098733","vOTU-027899",42485,"No",42.98,73,87.96,511.932,11.11,11,"No",1,0,"Medium-quality","64.39","AAI-based","No","Confident",0.9749,7,0,"Uncertain - viral or bacterial","5.24",12,3,"vFAM-00009;vSUBFAM-00954;vOTU-027899","root;Duplodnaviria;Heunggongvirae;Uroviricota;Caudoviricetes","geNomad-markers","gene-hits=45; agreement=1","Duplodnaviria","Heunggongvirae","Uroviricota","Caudoviricetes","NULL","NULL","NULL","NULL","Caudovirales","d__Bacteria;p__Bacteroidota;c__Bacteroidia;o__Bacteroidales","36","100","d__Bacteria;p__Bacteroidota;c__Bacteroidia;o__Bacteroidales;f__Bacteroidaceae","1067","83.51","d__Bacteria;p__Bacteroidota;c__Bacteroidia;o__Bacteroidales;f__Bacteroidaceae","PHIST","0.96421","1.12002","0.072438","0.08874",0.2625,0.7375,"No","lytic","BACPHLIP","No",0,0,"https://portal.nersc.gov/UHGV/votu_reps/UHGV-209/UHGV-2098733",FALSE
"UHGV-1948759","vOTU-010244",55461,"No",39.83,67,93.76,776.104,6.06,11,"No",0,0,"High-quality","99.9","AAI-based","No","Confident",0.9681,12,0,"Virus","51.03",25,4,"vFAM-00001;vSUBFAM-00011;vGENUS-04272;vSUBGEN-46980;vOTU-010244","root;Duplodnaviria;Heunggongvirae;Uroviricota;Caudoviricetes","top-genome-hit","accession=MG029511; proteomic-score=0.079; lca-rank=family","Duplodnaviria","Heunggongvirae","Uroviricota","Caudoviricetes","NULL","NULL","NULL","NULL","Caudovirales","d__Bacteria;p__Firmicutes_A;c__Clostridia;o__Lachnospirales;f__Lachnospiraceae;g__Faecalimonas;s__Faecalimonas umbilicata","2","100","d__Bacteria;p__Firmicutes_A;c__Clostridia;o__Lachnospirales;f__Lachnospiraceae","162","98.15","d__Bacteria;p__Firmicutes_A;c__Clostridia;o__Lachnospirales;f__Lachnospiraceae","PHIST","0.0","2.43433","0.0","0.134706",0.975,0.025,"No","temperate","BACPHLIP","No",2,0,"https://portal.nersc.gov/UHGV/votu_reps/UHGV-194/UHGV-1948759",FALSE
"UHGV-1518189","vOTU-010246",42368,"No",47.63,48,90.45,798.375,14.89,11,"No",0,0,"High-quality","99.9","AAI-based","No","Confident",0.9608,3,0,"Uncertain - viral or bacterial","2.26",3,1,"vFAM-00028;vSUBFAM-00344;vGENUS-00375;vSUBGEN-04389;vOTU-010246","root;Duplodnaviria;Heunggongvirae;Uroviricota;Caudoviricetes","geNomad-markers","gene-hits=28; agreement=1","Duplodnaviria","Heunggongvirae","Uroviricota","Caudoviricetes","NULL","NULL","NULL","NULL","Caudovirales","d__Bacteria;p__Bacteroidota;c__Bacteroidia;o__Bacteroidales;f__Bacteroidaceae;g__Bacteroides;s__Bacteroides uniformis","104","93.27","d__Bacteria;p__Bacteroidota;c__Bacteroidia;o__Bacteroidales;f__Bacteroidaceae;g__Bacteroides;s__Bacteroides uniformis","1738","95.74","d__Bacteria;p__Bacteroidota;c__Bacteroidia;o__Bacteroidales;f__Bacteroidaceae;g__Bacteroides;s__Bacteroides uniformis","PHIST","0.149069","0.129019","0.0","0.0",1,0,"No","temperate","BACPHLIP","No",0,0,"https://portal.nersc.gov/UHGV/votu_reps/UHGV-151/UHGV-1518189",FALSE
"UHGV-0190787","vOTU-018471",30050,"No",46.01,24,87.81,1099.5,8.7,11,"No",0,0,"Low-quality","16.99","AAI-based","No","Uncertain",0.7966,1,0,"Uncertain - plasmid or chromosomal","-2.42",3,1,"vFAM-00020;vOTU-018471","root;Duplodnaviria;Heunggongvirae;Uroviricota;Caudoviricetes","geNomad-markers","gene-hits=16; agreement=1","Duplodnaviria","Heunggongvirae","Uroviricota","Caudoviricetes","NULL","NULL","NULL","NULL","Caudovirales","NULL","NULL","NULL","d__Bacteria;p__Firmicutes_A;c__Clostridia;o__Lachnospirales;f__Lachnospiraceae;g__Eisenbergiella;s__Eisenbergiella porci","95","97.89","d__Bacteria;p__Firmicutes_A;c__Clostridia;o__Lachnospirales;f__Lachnospiraceae;g__Eisenbergiella;s__Eisenbergiella porci","PHIST","NULL","0.116701","NULL","NULL",0.121438,0.878562,"No","lytic","BACPHLIP","No",0,0,"https://portal.nersc.gov/UHGV/votu_reps/UHGV-019/UHGV-0190787",TRUE
"UHGV-1434200","vOTU-013096",61052,"No",57.01,84,95.15,691.536,4.82,11,"No",0,0,"High-quality","99.9","AAI-based","No","Confident",0.9812,12,0,"Virus","48.89",28,3,"vFAM-00001;vSUBFAM-00927;vGENUS-01162;vSUBGEN-02357;vOTU-013096","root;Duplodnaviria;Heunggongvirae;Uroviricota;Caudoviricetes","top-genome-hit","accession=JQ957932; proteomic-score=0.057; lca-rank=family","Duplodnaviria","Heunggongvirae","Uroviricota","Caudoviricetes","NULL","NULL","NULL","NULL","Caudovirales","NULL","NULL","NULL","d__Bacteria;p__Firmicutes_A;c__Clostridia;o__Oscillospirales","11","72.73","d__Bacteria;p__Firmicutes_A;c__Clostridia;o__Oscillospirales","PHIST","NULL","1.84622","NULL","0.380482",0.975,0.025,"No","temperate","BACPHLIP","Yes",0,0,"https://portal.nersc.gov/UHGV/votu_reps/UHGV-143/UHGV-1434200",FALSE
"UHGV-1406244","vOTU-034451",85626,"No",50.27,120,90.41,645.125,10.08,11,"No",0,0,"Medium-quality","76.7","HMM-based","No","Confident",0.965,5,0,"Virus","21.41",11,5,"vFAM-00111;vSUBFAM-00351;vGENUS-05531;vOTU-034451","root;Duplodnaviria;Heunggongvirae;Uroviricota;Caudoviricetes","geNomad-markers","gene-hits=87; agreement=1","Duplodnaviria","Heunggongvirae","Uroviricota","Caudoviricetes","NULL","NULL","NULL","NULL","Caudovirales","d__Bacteria;p__Bacteroidota;c__Bacteroidia;o__Bacteroidales;f__Barnesiellaceae;g__Barnesiella;s__Barnesiella intestinihominis","21","71.43","d__Bacteria;p__Bacteroidota;c__Bacteroidia;o__Bacteroidales","1349","99.18","d__Bacteria;p__Bacteroidota;c__Bacteroidia;o__Bacteroidales","PHIST","0.953256","1.56076","0.0","0.153919",0.9625,0.0375,"No","temperate","geNomad","No",1,0,"https://portal.nersc.gov/UHGV/votu_reps/UHGV-140/UHGV-1406244",FALSE
"UHGV-0387360","vOTU-024363",37607,"No",56.55,58,88.99,576.983,7.02,11,"No",0,0,"Medium-quality","87.28","AAI-based","No","Confident",0.9788,12,0,"Virus","74.53",27,0,"vFAM-00027;vSUBFAM-00338;vGENUS-00470;vOTU-024363","root;Duplodnaviria;Heunggongvirae;Uroviricota;Caudoviricetes","top-genome-hit","accession=DQ466086; proteomic-score=0.065; lca-rank=family","Duplodnaviria","Heunggongvirae","Uroviricota","Caudoviricetes","NULL","NULL","NULL","NULL","Caudovirales","d__Bacteria;p__Firmicutes_A;c__Clostridia;o__Oscillospirales;f__Oscillospiraceae;g__Flavonifractor;s__Flavonifractor plautii","109","78.9","d__Bacteria;p__Firmicutes_A;c__Clostridia;o__Oscillospirales;f__Oscillospiraceae;g__Flavonifractor;s__Flavonifractor plautii","234","79.49","d__Bacteria;p__Firmicutes_A;c__Clostridia;o__Oscillospirales;f__Oscillospiraceae;g__Flavonifractor;s__Flavonifractor plautii","PHIST","0.774475","0.853941","0.0","0.0",1,0,"No","temperate","BACPHLIP","No",0,0,"https://portal.nersc.gov/UHGV/votu_reps/UHGV-038/UHGV-0387360",FALSE
"UHGV-1935132","vOTU-134916",14182,"No",51.63,10,93.88,1331.4,11.11,11,"No",0,0,"Low-quality","15.01","AAI-based","No","Uncertain",0.9726,0,0,"Uncertain - viral or bacterial","0.55",0,1,"vFAM-00111;vSUBFAM-00351;vGENUS-11008;vOTU-134916","root;Duplodnaviria;Heunggongvirae;Uroviricota;Caudoviricetes","geNomad-markers","gene-hits=6; agreement=1","Duplodnaviria","Heunggongvirae","Uroviricota","Caudoviricetes","NULL","NULL","NULL","NULL","Caudovirales","d__Bacteria;p__Bacteroidota;c__Bacteroidia;o__Bacteroidales;f__Bacteroidaceae","29","100","d__Bacteria;p__Bacteroidota;c__Bacteroidia;o__Bacteroidales;f__Bacteroidaceae","1444","91.9","d__Bacteria;p__Bacteroidota;c__Bacteroidia;o__Bacteroidales;f__Bacteroidaceae","PHIST","0.619376","1.1147","NULL","NULL",0.9125,0.0875,"No","temperate","BACPHLIP","No",0,0,"https://portal.nersc.gov/UHGV/votu_reps/UHGV-193/UHGV-1935132",TRUE
"UHGV-1493607","vOTU-080244",68860,"No",52.43,76,93.16,844.066,2.67,11,"No",0,0,"High-quality","99.9","AAI-based","No","Confident",0.9777,19,0,"Virus","74.93",37,3,"vFAM-00001;vSUBFAM-00011;vGENUS-06343;vSUBGEN-47765;vOTU-080244","root;Duplodnaviria;Heunggongvirae;Uroviricota;Caudoviricetes","top-genome-hit","accession=EU861005; proteomic-score=0.060; lca-rank=family","Duplodnaviria","Heunggongvirae","Uroviricota","Caudoviricetes","NULL","NULL","NULL","NULL","Caudovirales","d__Bacteria;p__Firmicutes_A;c__Clostridia;o__Oscillospirales;f__Ruminococcaceae;g__Ruminiclostridium_E;s__Ruminiclostridium_E siraeum","451","78.27","d__Bacteria;p__Firmicutes_A;c__Clostridia;o__Oscillospirales","18","72.22","d__Bacteria;p__Firmicutes_A;c__Clostridia;o__Oscillospirales;f__Ruminococcaceae;g__Ruminiclostridium_E;s__Ruminiclostridium_E siraeum","CRISPR","0.539603","2.16816","0.0","0.380482",0.875,0.125,"No","temperate","BACPHLIP","No",3,0,"https://portal.nersc.gov/UHGV/votu_reps/UHGV-149/UHGV-1493607",FALSE
"UHGV-1777099","vOTU-150531",15361,"No",40.23,22,88.57,618.409,14.29,11,"No",0,0,"Low-quality","13.78","AAI-based","No","Uncertain",0.9592,2,0,"Uncertain - viral or bacterial","3.18",1,2,"vFAM-00111;vSUBFAM-00541;vOTU-150531","root;Duplodnaviria;Heunggongvirae;Uroviricota;Caudoviricetes;Gratiaviridae","top-genome-hit","accession=OGCO01000164.1; proteomic-score=0.061; lca-rank=family","Duplodnaviria","Heunggongvirae","Uroviricota","Caudoviricetes","NULL","Gratiaviridae","NULL","NULL","Caudovirales","d__Bacteria;p__Bacteroidota;c__Bacteroidia;o__Bacteroidales;f__Rikenellaceae;g__Tidjanibacter;s__Tidjanibacter inops_A","106","91.51","d__Bacteria;p__Bacteroidota;c__Bacteroidia;o__Bacteroidales;f__Bacteroidaceae","1438","90.82","d__Bacteria;p__Bacteroidota;c__Bacteroidia;o__Bacteroidales;f__Bacteroidaceae","PHIST","0.446054","1.14021","NULL","NULL",1,0,"No","temperate","BACPHLIP","No",0,0,"https://portal.nersc.gov/UHGV/votu_reps/UHGV-177/UHGV-1777099",TRUE
"UHGV-1960647","vOTU-039231",18012,"No",44.98,40,87.28,393,15.38,11,"No",0,0,"Medium-quality","50.87","AAI-based","No","Confident",0.9639,2,0,"Virus","20.21",7,0,"vFAM-00060;vSUBFAM-03321;vGENUS-16773;vOTU-039231","root;Duplodnaviria;Heunggongvirae;Uroviricota;Caudoviricetes","geNomad-markers","gene-hits=13; agreement=1","Duplodnaviria","Heunggongvirae","Uroviricota","Caudoviricetes","NULL","NULL","NULL","NULL","Caudovirales","d__Bacteria;p__Firmicutes_A;c__Clostridia","3","100","d__Bacteria;p__Firmicutes_A;c__Clostridia;o__Oscillospirales;f__Acutalibacteraceae","8","75","d__Bacteria;p__Firmicutes_A;c__Clostridia;o__Oscillospirales;f__Acutalibacteraceae","PHIST","0.636514","1.21301","0.268347","0.218425",0.0905429,0.909457,"No","lytic","BACPHLIP","No",1,0,"https://portal.nersc.gov/UHGV/votu_reps/UHGV-196/UHGV-1960647",TRUE
"UHGV-0205280","vOTU-047919",42498,"No",45.01,56,91.13,691.607,7.27,11,"No",0,0,"Complete","100","DTR","No","Confident",0.9601,10,0,"Virus","38.04",20,2,"vFAM-00003;vSUBFAM-04436;vGENUS-07421;vSUBGEN-05554;vOTU-047919","root;Duplodnaviria;Heunggongvirae;Uroviricota;Caudoviricetes","geNomad-markers","gene-hits=31; agreement=1","Duplodnaviria","Heunggongvirae","Uroviricota","Caudoviricetes","NULL","NULL","NULL","NULL","Caudovirales","d__Bacteria;p__Firmicutes_A;c__Clostridia","11","90.91","d__Bacteria;p__Firmicutes_A;c__Clostridia;o__Eubacteriales;f__Eubacteriaceae;g__Eubacterium;s__Eubacterium callanderi","9","88.89","d__Bacteria;p__Firmicutes_A;c__Clostridia","CRISPR","0.859967","0.348832","0.0","0.0",0.9625,0.0375,"Yes","temperate","integrase","No",1,0,"https://portal.nersc.gov/UHGV/votu_reps/UHGV-020/UHGV-0205280",FALSE
"UHGV-1447824","vOTU-077800",61691,"No",41.04,86,89.97,645.384,16.47,11,"No",1,0,"High-quality","99.9","AAI-based","No","Confident",0.9771,9,0,"Virus","61.94",14,3,"vFAM-00009;vSUBFAM-00023;vGENUS-01397;vSUBGEN-05664;vOTU-077800","root;Duplodnaviria;Heunggongvirae;Uroviricota;Caudoviricetes","geNomad-markers","gene-hits=48; agreement=0.9929","Duplodnaviria","Heunggongvirae","Uroviricota","Caudoviricetes","NULL","NULL","NULL","NULL","Caudovirales","d__Bacteria;p__Bacteroidota;c__Bacteroidia;o__Bacteroidales;f__Bacteroidaceae","48","85.42","d__Bacteria;p__Bacteroidota;c__Bacteroidia;o__Bacteroidales;f__Bacteroidaceae;g__Bacteroides;s__Bacteroides uniformis","703","86.77","d__Bacteria;p__Bacteroidota;c__Bacteroidia;o__Bacteroidales;f__Bacteroidaceae;g__Bacteroides;s__Bacteroides uniformis","PHIST","1.07992","0.263509","0.122135","0.0",0.475,0.525,"No","lytic","BACPHLIP","No",0,0,"https://portal.nersc.gov/UHGV/votu_reps/UHGV-144/UHGV-1447824",FALSE
"UHGV-0169855","vOTU-098914",10859,"No",33.88,17,87.14,556.588,18.75,11,"No",0,0,"Low-quality","26.36","AAI-based","No","Confident",0.9518,1,0,"Virus","20.23",6,0,"vFAM-00003;vSUBFAM-04087;vGENUS-06636;vOTU-098914","root;Duplodnaviria;Heunggongvirae;Uroviricota;Caudoviricetes;Gochnauervirinae","top-genome-hit","accession=KT361654; proteomic-score=0.356; lca-rank=subfamily","Duplodnaviria","Heunggongvirae","Uroviricota","Caudoviricetes","NULL","NULL","Gochnauervirinae","NULL","Caudovirales","NULL","NULL","NULL","d__Bacteria;p__Firmicutes_A;c__Clostridia;o__Monoglobales;f__Monoglobaceae;g__Monoglobus;s__Monoglobus pectinilyticus","56","80.36","d__Bacteria;p__Firmicutes_A;c__Clostridia;o__Monoglobales;f__Monoglobaceae;g__Monoglobus;s__Monoglobus pectinilyticus","PHIST","NULL","0.941671","NULL","NULL",0.188122,0.811878,"No","lytic","BACPHLIP","No",0,0,"https://portal.nersc.gov/UHGV/votu_reps/UHGV-016/UHGV-0169855",TRUE
"UHGV-1550360","vOTU-061697",144123,"No",31.85,196,88.55,651.153,6.57,11,"No",0,0,"High-quality","98.58","AAI-based","No","Confident",0.9699,9,0,"Virus","37.98",30,1,"vFAM-00020;vSUBFAM-01941;vGENUS-03352;vSUBGEN-05700;vOTU-061697","root;Duplodnaviria;Heunggongvirae;Uroviricota;Caudoviricetes","geNomad-markers","gene-hits=75; agreement=0.9925","Duplodnaviria","Heunggongvirae","Uroviricota","Caudoviricetes","NULL","NULL","NULL","NULL","Caudovirales","d__Bacteria;p__Firmicutes_A;c__Clostridia;o__UBA1381;f__UBA1381;g__CAG-41;s__CAG-41 sp900066215","237","98.73","d__Bacteria;p__Firmicutes_A;c__Clostridia;o__UBA1381;f__UBA1381;g__CAG-41;s__CAG-41 sp900066215","41","75.61","d__Bacteria;p__Firmicutes_A;c__Clostridia;o__UBA1381;f__UBA1381;g__CAG-41;s__CAG-41 sp900066215","CRISPR","0.0817937","0.95637","0.0","0.0",1,0,"No","temperate","BACPHLIP","No",1,0,"https://portal.nersc.gov/UHGV/votu_reps/UHGV-155/UHGV-1550360",FALSE
"UHGV-2066725","vOTU-041696",21296,"No",44.49,29,93.72,688.241,7.14,11,"No",0,0,"Low-quality","47.01","AAI-based","No","Confident",0.9499,9,0,"Virus","18.13",13,2,"vFAM-00001;vSUBFAM-01272;vGENUS-07390;vOTU-041696","root;Duplodnaviria;Heunggongvirae;Uroviricota;Caudoviricetes","top-genome-hit","accession=HM072038; proteomic-score=0.061; lca-rank=family","Duplodnaviria","Heunggongvirae","Uroviricota","Caudoviricetes","NULL","NULL","NULL","NULL","Caudovirales","d__Bacteria;p__Firmicutes_A;c__Clostridia;o__Lachnospirales;f__Lachnospiraceae","4","100","d__Bacteria;p__Firmicutes_A;c__Clostridia;o__Lachnospirales;f__Lachnospiraceae","81","100","d__Bacteria;p__Firmicutes_A;c__Clostridia;o__Lachnospirales;f__Lachnospiraceae","PHIST","1.03972","1.58158","NULL","NULL",0.7875,0.2125,"No","temperate","BACPHLIP","No",0,0,"https://portal.nersc.gov/UHGV/votu_reps/UHGV-206/UHGV-2066725",TRUE
"UHGV-1680585","vOTU-018747",50061,"No",33.06,79,78.95,500.316,6.25,11,"No",4,0,"Low-quality","28.91","AAI-based","No","Confident",0.9702,2,0,"Uncertain - viral or bacterial","-5.93",12,3,"vFAM-00020;vOTU-018747","root;Duplodnaviria;Heunggongvirae;Uroviricota;Caudoviricetes","geNomad-markers","gene-hits=28; agreement=1","Duplodnaviria","Heunggongvirae","Uroviricota","Caudoviricetes","NULL","NULL","NULL","NULL","Caudovirales","NULL","NULL","NULL","d__Bacteria;p__Firmicutes","5","60","d__Bacteria;p__Firmicutes","PHIST","NULL","1.33218","NULL","NULL",0.95,0.05,"No","temperate","BACPHLIP","No",0,0,"https://portal.nersc.gov/UHGV/votu_reps/UHGV-168/UHGV-1680585",FALSE
"UHGV-1759133","vOTU-165021",20580,"No",47.64,35,88.4,519.771,11.76,11,"No",0,0,"Low-quality","42.52","AAI-based","No","Confident",0.9711,4,0,"Virus","26.61",5,0,"vFAM-00066;vSUBFAM-07136;vGENUS-19299;vOTU-165021","root;Duplodnaviria;Heunggongvirae;Uroviricota;Caudoviricetes","geNomad-markers","gene-hits=25; agreement=1","Duplodnaviria","Heunggongvirae","Uroviricota","Caudoviricetes","NULL","NULL","NULL","NULL","Caudovirales","d__Bacteria;p__Bacteroidota;c__Bacteroidia;o__Bacteroidales","29","100","d__Bacteria;p__Bacteroidota;c__Bacteroidia;o__Bacteroidales;f__Bacteroidaceae","791","76.61","d__Bacteria;p__Bacteroidota;c__Bacteroidia;o__Bacteroidales;f__Bacteroidaceae","PHIST","1.085","1.26804","NULL","NULL",1,0,"Yes","temperate","integrase","No",0,0,"https://portal.nersc.gov/UHGV/votu_reps/UHGV-175/UHGV-1759133",TRUE
"UHGV-1583420","vOTU-106124",17003,"No",50.13,10,87.92,1494.9,11.11,11,"No",0,0,"Low-quality","17.93","AAI-based","No","Uncertain",0.9585,0,0,"Uncertain - viral or bacterial","3.32",0,2,"vFAM-00066;vSUBFAM-00132;vGENUS-12214;vOTU-106124","root;Duplodnaviria;Heunggongvirae;Uroviricota;Caudoviricetes","geNomad-markers","gene-hits=7; agreement=1","Duplodnaviria","Heunggongvirae","Uroviricota","Caudoviricetes","NULL","NULL","NULL","NULL","Caudovirales","d__Bacteria;p__Bacteroidota;c__Bacteroidia;o__Bacteroidales;f__Bacteroidaceae","41","100","d__Bacteria;p__Bacteroidota;c__Bacteroidia;o__Bacteroidales;f__Bacteroidaceae","1276","91.93","d__Bacteria;p__Bacteroidota;c__Bacteroidia;o__Bacteroidales;f__Bacteroidaceae","PHIST","1.01887","1.09838","NULL","NULL",0.0402524,0.959748,"No","lytic","BACPHLIP","No",0,0,"https://portal.nersc.gov/UHGV/votu_reps/UHGV-158/UHGV-1583420",TRUE
"UHGV-2191695","vOTU-015460",14441,"No",66.06,21,96.79,665.571,4.55,11,"No",0,0,"Low-quality","16.64","HMM-based","Yes","Uncertain",0.9196,7,0,"Virus","8.91",4,3,"vFAM-00022;vOTU-015460","root;Duplodnaviria;Heunggongvirae;Uroviricota;Caudoviricetes","geNomad-markers","gene-hits=12; agreement=1","Duplodnaviria","Heunggongvirae","Uroviricota","Caudoviricetes","NULL","NULL","NULL","NULL","Caudovirales","NULL","NULL","NULL","d__Bacteria;p__Firmicutes_A;c__Clostridia;o__Oscillospirales;f__Oscillospiraceae;g__Dysosmobacter;s__Dysosmobacter welbionis","454","98.68","d__Bacteria;p__Firmicutes_A;c__Clostridia;o__Oscillospirales;f__Oscillospiraceae;g__Dysosmobacter;s__Dysosmobacter welbionis","PHIST","NULL","0.047014","NULL","NULL",0.0125,0.9875,"No","lytic","BACPHLIP","No",0,0,"https://portal.nersc.gov/UHGV/votu_reps/UHGV-219/UHGV-2191695",TRUE
"UHGV-0790011","vOTU-001443",44194,"No",63.2,48,95.14,876,4.26,11,"No",0,0,"Complete","100","DTR","No","Confident",0.978,6,0,"Virus","23.28",11,0,"vFAM-00005;vSUBFAM-00868;vGENUS-03371;vSUBGEN-05967;vOTU-001443","root;Duplodnaviria;Heunggongvirae;Uroviricota;Caudoviricetes","geNomad-markers","gene-hits=34; agreement=1","Duplodnaviria","Heunggongvirae","Uroviricota","Caudoviricetes","NULL","NULL","NULL","NULL","Caudovirales","d__Bacteria;p__Firmicutes_A;c__Clostridia;o__Oscillospirales;f__Oscillospiraceae;g__Flavonifractor;s__Flavonifractor avistercoris","1","100","d__Bacteria;p__Firmicutes_A;c__Clostridia;o__Oscillospirales;f__Oscillospiraceae","9","100","d__Bacteria;p__Firmicutes_A;c__Clostridia;o__Oscillospirales;f__Oscillospiraceae","PHIST","0.0","0.686962","0.0","0.0",0.127368,0.872632,"No","lytic","BACPHLIP","Yes",0,0,"https://portal.nersc.gov/UHGV/votu_reps/UHGV-079/UHGV-0790011",FALSE
"UHGV-0042940","vOTU-134178",14608,"No",42,18,53.95,437.833,5.88,11,"No",3,0,"Low-quality","20.49","AAI-based","No","Uncertain",0.9558,0,0,"Uncertain - viral or bacterial","-2.06",4,2,"vFAM-00009;vSUBFAM-01014;vGENUS-01760;vOTU-134178","root;Duplodnaviria;Heunggongvirae;Uroviricota;Caudoviricetes","top-genome-hit","accession=MN812240; proteomic-score=0.067; lca-rank=family","Duplodnaviria","Heunggongvirae","Uroviricota","Caudoviricetes","NULL","NULL","NULL","NULL","Caudovirales","d__Bacteria;p__Bacteroidota","146","64.38","d__Bacteria;p__Bacteroidota;c__Bacteroidia;o__Bacteroidales;f__Bacteroidaceae","1985","96.98","d__Bacteria;p__Bacteroidota;c__Bacteroidia;o__Bacteroidales;f__Bacteroidaceae","PHIST","1.68212","0.870882","NULL","NULL",0.153921,0.846079,"No","lytic","BACPHLIP","No",0,0,"https://portal.nersc.gov/UHGV/votu_reps/UHGV-004/UHGV-0042940",TRUE
"UHGV-2050715","vOTU-071030",48022,"No",56.4,67,91.63,656.731,9.09,11,"No",0,0,"High-quality","99.9","AAI-based","No","Confident",0.9627,15,0,"Virus","42.54",20,0,"vFAM-00001;vSUBFAM-03302;vGENUS-04627;vSUBGEN-06073;vOTU-071030","root;Duplodnaviria;Heunggongvirae;Uroviricota;Caudoviricetes","top-genome-hit","accession=KX965989; proteomic-score=0.069; lca-rank=family","Duplodnaviria","Heunggongvirae","Uroviricota","Caudoviricetes","NULL","NULL","NULL","NULL","Caudovirales","d__Bacteria;p__Firmicutes_A;c__Clostridia;o__Oscillospirales;f__Oscillospiraceae;g__Flavonifractor;s__Flavonifractor plautii","1","100","d__Bacteria;p__Firmicutes_A;c__Clostridia;o__Oscillospirales;f__Acutalibacteraceae;g__Acutalibacter;s__Acutalibacter timonensis","14","85.71","d__Bacteria;p__Firmicutes_A;c__Clostridia;o__Oscillospirales;f__Acutalibacteraceae;g__Acutalibacter;s__Acutalibacter timonensis","PHIST","0.0","0.509137","0.0","0.0",0.075,0.925,"No","lytic","BACPHLIP","No",0,0,"https://portal.nersc.gov/UHGV/votu_reps/UHGV-205/UHGV-2050715",FALSE
"UHGV-0407754","vOTU-000613",5273,"No",44.11,10,92.96,490.2,0,11,"No",0,0,"Complete","100","DTR","No","Confident",0.9813,3,0,"Virus","11.86",6,0,"vFAM-00002;vSUBFAM-00002;vGENUS-00030;vSUBGEN-06288;vOTU-000613","root;Monodnaviria;Sangervirae;Phixviricota;Malgrandaviricetes;Petitvirales;Microviridae","top-genome-hit","accession=MT185428; proteomic-score=0.199; lca-rank=family","Monodnaviria","Sangervirae","Phixviricota","Malgrandaviricetes","Petitvirales","Microviridae","NULL","NULL","Microviridae","d__Bacteria;p__Firmicutes_A;c__Clostridia;o__Oscillospirales;f__Oscillospiraceae;g__Dysosmobacter;s__Dysosmobacter sp001916835","1","100","d__Bacteria;p__Firmicutes_A;c__Clostridia;o__Oscillospirales;f__Oscillospiraceae;g__Dysosmobacter;s__Dysosmobacter sp014297375","6","83.33","d__Bacteria;p__Firmicutes_A;c__Clostridia;o__Oscillospirales;f__Oscillospiraceae;g__Dysosmobacter;s__Dysosmobacter sp014297375","PHIST","0.0","0.450561","0.0","0.0",0.0679887,0.932011,"No","lytic","BACPHLIP","No",0,0,"https://portal.nersc.gov/UHGV/votu_reps/UHGV-040/UHGV-0407754",FALSE
"UHGV-2032821","vOTU-113996",42636,"No",48.75,63,91.81,621.333,3.23,11,"No",0,0,"Low-quality","45.1","AAI-based","No","Uncertain",0.9631,1,0,"Uncertain - viral or bacterial","-1.07",0,3,"vFAM-00111;vSUBFAM-00351;vGENUS-05531;vOTU-113996","root;Duplodnaviria;Heunggongvirae;Uroviricota;Caudoviricetes","geNomad-markers","gene-hits=46; agreement=1","Duplodnaviria","Heunggongvirae","Uroviricota","Caudoviricetes","NULL","NULL","NULL","NULL","Caudovirales","d__Bacteria;p__Bacteroidota;c__Bacteroidia;o__Bacteroidales;f__Barnesiellaceae;g__Barnesiella;s__Barnesiella intestinihominis","2","100","d__Bacteria;p__Bacteroidota;c__Bacteroidia;o__Bacteroidales","1379","99.13","d__Bacteria;p__Bacteroidota;c__Bacteroidia;o__Bacteroidales","PHIST","0.0","1.55681","NULL","NULL",0.975,0.025,"No","temperate","BACPHLIP","No",0,0,"https://portal.nersc.gov/UHGV/votu_reps/UHGV-203/UHGV-2032821",FALSE
"UHGV-0401048","vOTU-052689",6198,"No",39.55,6,90.42,934,0,11,"No",0,0,"Complete","100","DTR","No","Confident",0.982,1,0,"Virus","13.34",3,0,"vFAM-00013;vSUBFAM-00017;vGENUS-00023;vSUBGEN-00011;vOTU-052689","root;Monodnaviria;Sangervirae;Phixviricota;Malgrandaviricetes;Petitvirales;Microviridae","geNomad-markers","gene-hits=4; agreement=1","Monodnaviria","Sangervirae","Phixviricota","Malgrandaviricetes","Petitvirales","Microviridae","NULL","NULL","Microviridae","d__Bacteria;p__Bacteroidota;c__Bacteroidia;o__Bacteroidales;f__Bacteroidaceae;g__Bacteroides;s__Bacteroides uniformis","308","96.43","NULL","NULL","NULL","d__Bacteria;p__Bacteroidota;c__Bacteroidia;o__Bacteroidales;f__Bacteroidaceae;g__Bacteroides;s__Bacteroides uniformis","CRISPR","0.0960104","NULL","0.0","NULL",0.188122,0.811878,"No","lytic","BACPHLIP","No",0,0,"https://portal.nersc.gov/UHGV/votu_reps/UHGV-040/UHGV-0401048",TRUE
"UHGV-0161666","vOTU-109973",18676,"No",48.86,23,93.02,755.348,0,11,"No",0,0,"Low-quality","44.96","AAI-based","No","Confident",0.9803,5,0,"Virus","30.76",14,0,"vFAM-00003;vSUBFAM-01873;vOTU-109973","root;Duplodnaviria;Heunggongvirae;Uroviricota;Caudoviricetes","top-genome-hit","accession=MH598512; proteomic-score=0.183; lca-rank=family","Duplodnaviria","Heunggongvirae","Uroviricota","Caudoviricetes","NULL","NULL","NULL","NULL","Caudovirales","NULL","NULL","NULL","d__Bacteria;p__Firmicutes;c__Bacilli;o__Erysipelotrichales;f__Erysipelotrichaceae;g__Holdemania","7","100","d__Bacteria;p__Firmicutes;c__Bacilli;o__Erysipelotrichales;f__Erysipelotrichaceae;g__Holdemania","PHIST","NULL","0.0","NULL","NULL",0.117456,0.882544,"No","lytic","BACPHLIP","No",0,0,"https://portal.nersc.gov/UHGV/votu_reps/UHGV-016/UHGV-0161666",FALSE
"UHGV-1772845","vOTU-138934",16446,"No",52.25,10,93.74,1541.7,22.22,11,"No",0,0,"Low-quality","17.43","AAI-based","No","Uncertain",0.9564,1,0,"Uncertain - plasmid or chromosomal","-1.95",0,1,"vFAM-00111;vSUBFAM-00351;vGENUS-11008;vOTU-138934","root;Duplodnaviria;Heunggongvirae;Uroviricota;Caudoviricetes","geNomad-markers","gene-hits=6; agreement=1","Duplodnaviria","Heunggongvirae","Uroviricota","Caudoviricetes","NULL","NULL","NULL","NULL","Caudovirales","d__Bacteria;p__Bacteroidota;c__Bacteroidia;o__Bacteroidales;f__Bacteroidaceae","29","100","d__Bacteria;p__Bacteroidota;c__Bacteroidia;o__Bacteroidales;f__Bacteroidaceae","1351","91.56","d__Bacteria;p__Bacteroidota;c__Bacteroidia;o__Bacteroidales;f__Bacteroidaceae","PHIST","0.619376","1.12057","NULL","NULL",0.0348018,0.965198,"No","lytic","BACPHLIP","Yes",0,0,"https://portal.nersc.gov/UHGV/votu_reps/UHGV-177/UHGV-1772845",TRUE
"UHGV-0037029","vOTU-110331",27088,"No",49.84,55,83.88,413.127,7.41,11,"No",0,0,"Medium-quality","59.22","AAI-based","No","Confident",0.975,5,0,"Virus","30.92",11,0,"vFAM-00004;vSUBFAM-00367;vOTU-110331","root;Duplodnaviria;Heunggongvirae;Uroviricota;Caudoviricetes","geNomad-markers","gene-hits=30; agreement=1","Duplodnaviria","Heunggongvirae","Uroviricota","Caudoviricetes","NULL","NULL","NULL","NULL","Caudovirales","d__Bacteria;p__Firmicutes_A;c__Clostridia;o__Oscillospirales;f__Oscillospiraceae;g__Dysosmobacter;s__Dysosmobacter welbionis","72","76.39","d__Bacteria;p__Firmicutes_A;c__Clostridia;o__Oscillospirales;f__Oscillospiraceae;g__Lawsonibacter;s__Lawsonibacter sp900066645","4","75","d__Bacteria;p__Firmicutes_A;c__Clostridia;o__Oscillospirales;f__Oscillospiraceae;g__Dysosmobacter;s__Dysosmobacter welbionis","CRISPR","0.857197","0.562335","0.0","0.0",0.975,0.025,"Yes","temperate","integrase","No",0,0,"https://portal.nersc.gov/UHGV/votu_reps/UHGV-003/UHGV-0037029",TRUE
"UHGV-0167263","vOTU-009149",39656,"No",61.62,62,89.59,573,14.75,11,"No",1,0,"High-quality","98.66","AAI-based","No","Confident",0.9723,9,0,"Virus","36.27",15,2,"vFAM-00024;vSUBFAM-00728;vGENUS-00950;vSUBGEN-06648;vOTU-009149","root;Duplodnaviria;Heunggongvirae;Uroviricota;Caudoviricetes","geNomad-markers","gene-hits=41; agreement=1","Duplodnaviria","Heunggongvirae","Uroviricota","Caudoviricetes","NULL","NULL","NULL","NULL","Caudovirales","d__Bacteria;p__Actinobacteriota;c__Actinomycetia;o__Actinomycetales;f__Bifidobacteriaceae;g__Bifidobacterium","195","98.97","d__Bacteria;p__Actinobacteriota;c__Actinomycetia;o__Actinomycetales;f__Bifidobacteriaceae;g__Bifidobacterium;s__Bifidobacterium longum","249","91.97","d__Bacteria;p__Actinobacteriota;c__Actinomycetia;o__Actinomycetales;f__Bifidobacteriaceae;g__Bifidobacterium;s__Bifidobacterium longum","PHIST","0.0642857","0.0261664","0.0","0.0",1,0,"No","temperate","geNomad","No",0,0,"https://portal.nersc.gov/UHGV/votu_reps/UHGV-016/UHGV-0167263",FALSE
"UHGV-1411801","vOTU-074095",57914,"No",42.46,91,88.43,562.813,11.11,11,"No",0,0,"High-quality","99.9","AAI-based","No","Confident",0.9659,2,0,"Virus","30.08",8,1,"vFAM-00028;vSUBFAM-00344;vGENUS-07859;vSUBGEN-06733;vOTU-074095","root;Duplodnaviria;Heunggongvirae;Uroviricota;Caudoviricetes","geNomad-markers","gene-hits=55; agreement=1","Duplodnaviria","Heunggongvirae","Uroviricota","Caudoviricetes","NULL","NULL","NULL","NULL","Caudovirales","d__Bacteria;p__Bacteroidota;c__Bacteroidia;o__Bacteroidales;f__Bacteroidaceae;g__Bacteroides;s__Bacteroides uniformis","263","76.05","d__Bacteria;p__Bacteroidota;c__Bacteroidia;o__Bacteroidales;f__Bacteroidaceae;g__Bacteroides;s__Bacteroides uniformis","1028","95.91","d__Bacteria;p__Bacteroidota;c__Bacteroidia;o__Bacteroidales;f__Bacteroidaceae;g__Bacteroides;s__Bacteroides uniformis","PHIST","0.414085","0.12225","0.0","0.0",1,0,"No","temperate","BACPHLIP","No",1,0,"https://portal.nersc.gov/UHGV/votu_reps/UHGV-141/UHGV-1411801",FALSE
"UHGV-0199231","vOTU-047444",54986,"No",50.67,51,87.8,946.588,15.25,11,"No",0,0,"Complete","100","DTR","No","Uncertain",0.9713,12,0,"Uncertain - viral or bacterial","-1.16",5,6,"vFAM-00066;vSUBFAM-00132;vGENUS-00954;vSUBGEN-06803;vOTU-047444","root;Duplodnaviria;Heunggongvirae;Uroviricota;Caudoviricetes","geNomad-markers","gene-hits=40; agreement=1","Duplodnaviria","Heunggongvirae","Uroviricota","Caudoviricetes","NULL","NULL","NULL","NULL","Caudovirales","d__Bacteria;p__Bacteroidota;c__Bacteroidia;o__Bacteroidales;f__Bacteroidaceae","85","92.94","d__Bacteria;p__Bacteroidota;c__Bacteroidia;o__Bacteroidales;f__Bacteroidaceae","1171","93.08","d__Bacteria;p__Bacteroidota;c__Bacteroidia;o__Bacteroidales;f__Bacteroidaceae","PHIST","0.838273","1.03914","NULL","NULL",1,0,"Yes","temperate","integrase","Yes",0,0,"https://portal.nersc.gov/UHGV/votu_reps/UHGV-019/UHGV-0199231",FALSE
"UHGV-0131492","vOTU-162141",15180,"No",47.56,20,98.91,750.75,0,11,"No",0,0,"Low-quality","35.81","AAI-based","No","Confident",0.98,4,0,"Virus","19.61",8,1,"vFAM-00003;vSUBFAM-03851;vGENUS-06047;vOTU-162141","root;Duplodnaviria;Heunggongvirae;Uroviricota;Caudoviricetes","geNomad-markers","gene-hits=17; agreement=1","Duplodnaviria","Heunggongvirae","Uroviricota","Caudoviricetes","NULL","NULL","NULL","NULL","Caudovirales","d__Bacteria;p__Firmicutes_A;c__Clostridia;o__Lachnospirales;f__Lachnospiraceae;g__Eisenbergiella;s__Eisenbergiella porci","56","85.71","d__Bacteria;p__Firmicutes_A;c__Clostridia;o__Lachnospirales;f__Lachnospiraceae;g__Eisenbergiella;s__Eisenbergiella porci","2","100","d__Bacteria;p__Firmicutes_A;c__Clostridia;o__Lachnospirales;f__Lachnospiraceae;g__Eisenbergiella;s__Eisenbergiella porci","CRISPR","0.463941","0.0","NULL","NULL",0.198144,0.801856,"No","lytic","BACPHLIP","No",0,0,"https://portal.nersc.gov/UHGV/votu_reps/UHGV-013/UHGV-0131492",FALSE
"UHGV-1928259","vOTU-156888",11709,"No",45.62,18,91.52,595.333,5.88,11,"No",0,0,"Low-quality","10.5","AAI-based","No","Uncertain",0.964,3,1,"Uncertain - viral or bacterial","-1.92",0,2,"vFAM-00009;vSUBFAM-00023;vGENUS-13105;vOTU-156888","root;Duplodnaviria;Heunggongvirae;Uroviricota;Caudoviricetes","geNomad-markers","gene-hits=8; agreement=1","Duplodnaviria","Heunggongvirae","Uroviricota","Caudoviricetes","NULL","NULL","NULL","NULL","Caudovirales","NULL","NULL","NULL","d__Bacteria;p__Bacteroidota;c__Bacteroidia;o__Bacteroidales;f__Bacteroidaceae","1193","91.28","d__Bacteria;p__Bacteroidota;c__Bacteroidia;o__Bacteroidales;f__Bacteroidaceae","PHIST","NULL","1.20318","NULL","NULL",0.9875,0.0125,"No","temperate","BACPHLIP","No",0,0,"https://portal.nersc.gov/UHGV/votu_reps/UHGV-192/UHGV-1928259",TRUE
"UHGV-1941098","vOTU-123846",47433,"No",47.38,77,82.8,510.039,15.58,11,"No",3,1,"Medium-quality","83.74","AAI-based","No","Confident",0.9746,9,0,"Virus","29.02",16,2,"vFAM-00006;vSUBFAM-01620;vGENUS-01686;vOTU-123846","root;Duplodnaviria;Heunggongvirae;Uroviricota;Caudoviricetes","geNomad-markers","gene-hits=46; agreement=1","Duplodnaviria","Heunggongvirae","Uroviricota","Caudoviricetes","NULL","NULL","NULL","NULL","Caudovirales","d__Bacteria;p__Firmicutes_A;c__Clostridia;o__Oscillospirales;f__Oscillospiraceae;g__Flavonifractor;s__Flavonifractor plautii","46","91.3","d__Bacteria;p__Firmicutes_A;c__Clostridia;o__Oscillospirales;f__Oscillospiraceae;g__Flavonifractor;s__Flavonifractor plautii","1","100","d__Bacteria;p__Firmicutes_A;c__Clostridia;o__Oscillospirales;f__Oscillospiraceae;g__Flavonifractor;s__Flavonifractor plautii","CRISPR","0.344338","0.0","0.0","0.0",1,0,"No","temperate","BACPHLIP","No",0,0,"https://portal.nersc.gov/UHGV/votu_reps/UHGV-194/UHGV-1941098",FALSE
"UHGV-0194916","vOTU-070965",22877,"No",36.09,37,93.91,580.622,2.78,11,"No",0,0,"High-quality","99.9","AAI-based","No","Confident",0.9824,5,0,"Virus","38.11",22,0,"vFAM-00097;vSUBFAM-00122;vGENUS-00059;vSUBGEN-00033;vOTU-070965","root;Duplodnaviria;Heunggongvirae;Uroviricota;Caudoviricetes;Ceduovirus","top-genome-hit","accession=MH779523; proteomic-score=0.945; lca-rank=genus","Duplodnaviria","Heunggongvirae","Uroviricota","Caudoviricetes","NULL","NULL","NULL","Ceduovirus","Caudovirales","NULL","NULL","NULL","NULL","NULL","NULL","NULL","NULL","NULL","NULL","NULL","NULL",0.188122,0.811878,"No","lytic","BACPHLIP","No",0,0,"https://portal.nersc.gov/UHGV/votu_reps/UHGV-019/UHGV-0194916",TRUE
"UHGV-2074695","vOTU-015509",45269,"No",44,70,94.5,611.143,6.85,11,"No",1,0,"Medium-quality","82.07","AAI-based","Yes","Confident",0.9753,12,0,"Virus","41.57",23,5,"vFAM-00008;vSUBFAM-03746;vOTU-015509","root;Duplodnaviria;Heunggongvirae;Uroviricota;Caudoviricetes","geNomad-markers","gene-hits=49; agreement=1","Duplodnaviria","Heunggongvirae","Uroviricota","Caudoviricetes","NULL","NULL","NULL","NULL","Caudovirales","d__Bacteria;p__Firmicutes_A;c__Clostridia;o__Lachnospirales;f__Lachnospiraceae;g__Enterocloster;s__Enterocloster clostridioformis","180","73.89","d__Bacteria;p__Firmicutes_A;c__Clostridia;o__Lachnospirales;f__Lachnospiraceae;g__Enterocloster;s__Enterocloster bolteae","27","92.59","d__Bacteria;p__Firmicutes_A;c__Clostridia;o__Lachnospirales;f__Lachnospiraceae;g__Enterocloster;s__Enterocloster clostridioformis","CRISPR","0.0953746","0.315396","0.0","0.0",1,0,"No","temperate","BACPHLIP","No",1,0,"https://portal.nersc.gov/UHGV/votu_reps/UHGV-207/UHGV-2074695",FALSE
"UHGV-1360448","vOTU-002401",51014,"No",40.57,69,94.77,700.652,5.88,11,"No",0,0,"Complete","100","DTR","No","Confident",0.9789,10,0,"Virus","27.69",15,2,"vFAM-00048;vSUBFAM-00401;vGENUS-04758;vSUBGEN-07257;vOTU-002401","root;Duplodnaviria;Heunggongvirae;Uroviricota;Caudoviricetes","geNomad-markers","gene-hits=49; agreement=1","Duplodnaviria","Heunggongvirae","Uroviricota","Caudoviricetes","NULL","NULL","NULL","NULL","Caudovirales","d__Bacteria;p__Bacteroidota;c__Bacteroidia;o__Bacteroidales;f__Bacteroidaceae;g__Bacteroides","6","83.33","d__Bacteria;p__Bacteroidota;c__Bacteroidia;o__Bacteroidales;f__Bacteroidaceae;g__Bacteroides","36","75","d__Bacteria;p__Bacteroidota;c__Bacteroidia;o__Bacteroidales;f__Bacteroidaceae;g__Bacteroides","PHIST","0.450561","0.73327","0.067527","0.067527",0.677368,0.322632,"No","temperate","BACPHLIP","Yes",0,0,"https://portal.nersc.gov/UHGV/votu_reps/UHGV-136/UHGV-1360448",FALSE
"UHGV-0090745","vOTU-081608",38234,"No",43.33,65,89.19,524.631,13.64,11,"No",0,0,"High-quality","99.9","AAI-based","Yes","Confident",0.9576,11,0,"Virus","37.73",18,4,"vFAM-00026;vSUBFAM-02233;vGENUS-08063;vSUBGEN-07300;vOTU-081608","root;Duplodnaviria;Heunggongvirae;Uroviricota;Caudoviricetes","top-genome-hit","accession=KJ564038; proteomic-score=0.068; lca-rank=family","Duplodnaviria","Heunggongvirae","Uroviricota","Caudoviricetes","NULL","NULL","NULL","NULL","Caudovirales","d__Bacteria;p__Firmicutes_A;c__Clostridia;o__Lachnospirales;f__Lachnospiraceae;g__Eisenbergiella","10","80","d__Bacteria;p__Firmicutes_A;c__Clostridia;o__Lachnospirales;f__Lachnospiraceae;g__Eisenbergiella;s__Eisenbergiella porci","2","100","d__Bacteria;p__Firmicutes_A;c__Clostridia;o__Lachnospirales;f__Lachnospiraceae;g__Eisenbergiella","CRISPR","0.500402","0.0","0.0","0.0",0.975,0.025,"Yes","temperate","integrase","No",0,0,"https://portal.nersc.gov/UHGV/votu_reps/UHGV-009/UHGV-0090745",FALSE
"UHGV-2139833","vOTU-041667",46602,"No",54.55,53,94.79,833.434,1.92,11,"No",0,0,"Medium-quality","82.16","AAI-based","No","Confident",0.9791,15,0,"Virus","39.32",24,1,"vFAM-00001;vSUBFAM-00011;vGENUS-06343;vOTU-041667","root;Duplodnaviria;Heunggongvirae;Uroviricota;Caudoviricetes","top-genome-hit","accession=MG029511; proteomic-score=0.088; lca-rank=family","Duplodnaviria","Heunggongvirae","Uroviricota","Caudoviricetes","NULL","NULL","NULL","NULL","Caudovirales","NULL","NULL","NULL","d__Bacteria;p__Firmicutes_A;c__Clostridia;o__Oscillospirales","25","76","d__Bacteria;p__Firmicutes_A;c__Clostridia;o__Oscillospirales","PHIST","NULL","2.41151","NULL","0.380482",0.875,0.125,"No","temperate","BACPHLIP","No",3,0,"https://portal.nersc.gov/UHGV/votu_reps/UHGV-213/UHGV-2139833",FALSE
"UHGV-0047420","vOTU-079232",61628,"No",33.7,88,88.52,619.943,5.75,11,"No",2,0,"High-quality","99.9","AAI-based","No","Confident",0.9707,7,0,"Virus","30.52",27,2,"vFAM-00262;vSUBFAM-04594;vGENUS-08113;vSUBGEN-07444;vOTU-079232","root;Duplodnaviria;Heunggongvirae;Uroviricota;Caudoviricetes","geNomad-markers","gene-hits=45; agreement=1","Duplodnaviria","Heunggongvirae","Uroviricota","Caudoviricetes","NULL","NULL","NULL","NULL","Caudovirales","d__Bacteria;p__Firmicutes;c__Bacilli;o__Erysipelotrichales;f__Erysipelotrichaceae;g__Longicatena;s__Longicatena caecimuris","40","100","d__Bacteria;p__Firmicutes;c__Bacilli;o__Erysipelotrichales;f__Erysipelotrichaceae;g__Longicatena;s__Longicatena caecimuris","11","90.91","d__Bacteria;p__Firmicutes;c__Bacilli;o__Erysipelotrichales;f__Erysipelotrichaceae;g__Longicatena;s__Longicatena caecimuris","CRISPR","0.0","0.304636","0.0","0.0",0.9875,0.0125,"Yes","temperate","integrase","No",0,0,"https://portal.nersc.gov/UHGV/votu_reps/UHGV-004/UHGV-0047420",FALSE
"UHGV-2127020","vOTU-008112",44821,"No",52.69,56,93.45,747.911,1.85,11,"No",0,0,"High-quality","99.9","AAI-based","No","Confident",0.9747,3,0,"Virus","13.1",7,0,"vFAM-00028;vSUBFAM-01181;vGENUS-04781;vSUBGEN-07448;vOTU-008112","root;Duplodnaviria;Heunggongvirae;Uroviricota;Caudoviricetes;Duneviridae","top-genome-hit","accession=MN812211; proteomic-score=0.060; lca-rank=family","Duplodnaviria","Heunggongvirae","Uroviricota","Caudoviricetes","NULL","Duneviridae","NULL","NULL","Caudovirales","d__Bacteria;p__Bacteroidota;c__Bacteroidia;o__Bacteroidales;f__Rikenellaceae;g__Alistipes;s__Alistipes shahii","109","93.58","d__Bacteria;p__Bacteroidota;c__Bacteroidia;o__Bacteroidales;f__Rikenellaceae;g__Alistipes","13","100","d__Bacteria;p__Bacteroidota;c__Bacteroidia;o__Bacteroidales;f__Rikenellaceae;g__Alistipes;s__Alistipes shahii","CRISPR","0.229765","0.0","0.0","0.0",0.975,0.025,"No","temperate","BACPHLIP","No",0,0,"https://portal.nersc.gov/UHGV/votu_reps/UHGV-212/UHGV-2127020",FALSE
"UHGV-1584295","vOTU-107287",16838,"No",55.83,24,97.26,682.375,0,11,"No",0,0,"Low-quality","34.12","AAI-based","No","Confident",0.9788,6,0,"Virus","19.81",9,0,"vFAM-00027;vOTU-107287","root;Duplodnaviria;Heunggongvirae;Uroviricota;Caudoviricetes","geNomad-markers","gene-hits=17; agreement=1","Duplodnaviria","Heunggongvirae","Uroviricota","Caudoviricetes","NULL","NULL","NULL","NULL","Caudovirales","d__Bacteria;p__Firmicutes_A;c__Clostridia;o__Oscillospirales;f__Ruminococcaceae;g__Massilioclostridium;s__Massilioclostridium methylpentosum","1","100","d__Bacteria;p__Firmicutes_A;c__Clostridia;o__Oscillospirales;f__Ruminococcaceae;g__Massilioclostridium;s__Massilioclostridium methylpentosum","1","100","d__Bacteria;p__Firmicutes_A;c__Clostridia;o__Oscillospirales;f__Ruminococcaceae;g__Massilioclostridium;s__Massilioclostridium methylpentosum","CRISPR","0.0","0.0","NULL","NULL",0.0125,0.9875,"No","lytic","BACPHLIP","No",0,0,"https://portal.nersc.gov/UHGV/votu_reps/UHGV-158/UHGV-1584295",FALSE
"UHGV-2179543","vOTU-102715",11137,"No",51.5,7,47.33,753,0,11,"No",2,0,"Low-quality","13.64","HMM-based","Yes","Uncertain",0.955,0,0,"Uncertain - plasmid or chromosomal","5.88",2,2,"vFAM-00008;vSUBFAM-03579;vOTU-102715","root;Duplodnaviria;Heunggongvirae;Uroviricota;Caudoviricetes","geNomad-markers","gene-hits=3; agreement=1","Duplodnaviria","Heunggongvirae","Uroviricota","Caudoviricetes","NULL","NULL","NULL","NULL","Caudovirales","d__Bacteria;p__Firmicutes","140","46.43","d__Bacteria;p__Firmicutes_A;c__Clostridia;o__Oscillospirales","194","70.62","d__Bacteria;p__Firmicutes_A;c__Clostridia;o__Oscillospirales","PHIST","1.71507","3.3793","NULL","NULL",0.00214755,0.997852,"No","lytic","BACPHLIP","No",0,0,"https://portal.nersc.gov/UHGV/votu_reps/UHGV-217/UHGV-2179543",TRUE
"UHGV-0419796","vOTU-076295",2205,"No",49.61,3,82.86,609,50,11,"No",0,0,"High-quality","99.9","AAI-based","No","Confident",0.9692,1,0,"Virus","7.24",2,0,"vFAM-00122;vSUBFAM-00306;vGENUS-04824;vSUBGEN-02884;vOTU-076295","root;Monodnaviria;Shotokuvirae;Cressdnaviricota;Repensiviricetes;Geplafuvirales;Genomoviridae","geNomad-markers","gene-hits=2; agreement=1","Monodnaviria","Shotokuvirae","Cressdnaviricota","Repensiviricetes","Geplafuvirales","Genomoviridae","NULL","NULL","Cressdnaviricota","NULL","NULL","NULL","NULL","NULL","NULL","NULL","NULL","NULL","NULL","NULL","NULL",0.188122,0.811878,"No","lytic","BACPHLIP","No",0,0,"https://portal.nersc.gov/UHGV/votu_reps/UHGV-041/UHGV-0419796",FALSE
"UHGV-1077067","vOTU-001287",2233,"No",51.77,2,54.68,610.5,100,11,"No",0,0,"Complete","100","DTR","No","Confident",0.974,1,0,"Virus","7.24",2,0,"vFAM-00122;vSUBFAM-00306;vGENUS-08312;vSUBGEN-07983;vOTU-001287","root;Monodnaviria;Shotokuvirae;Cressdnaviricota;Repensiviricetes;Geplafuvirales;Genomoviridae","geNomad-markers","gene-hits=2; agreement=1","Monodnaviria","Shotokuvirae","Cressdnaviricota","Repensiviricetes","Geplafuvirales","Genomoviridae","NULL","NULL","Cressdnaviricota","NULL","NULL","NULL","NULL","NULL","NULL","NULL","NULL","NULL","NULL","NULL","NULL",0.188122,0.811878,"No","lytic","BACPHLIP","No",0,0,"https://portal.nersc.gov/UHGV/votu_reps/UHGV-107/UHGV-1077067",TRUE
"UHGV-1393015","vOTU-024882",38086,"No",45.89,45,92.53,783.133,11.36,11,"No",0,0,"Low-quality","40.96","AAI-based","No","Uncertain",0.9711,3,0,"Uncertain - viral or bacterial","4.39",5,0,"vFAM-00009;vSUBFAM-00023;vOTU-024882","root;Duplodnaviria;Heunggongvirae;Uroviricota;Caudoviricetes","geNomad-markers","gene-hits=27; agreement=1","Duplodnaviria","Heunggongvirae","Uroviricota","Caudoviricetes","NULL","NULL","NULL","NULL","Caudovirales","d__Bacteria;p__Bacteroidota;c__Bacteroidia;o__Bacteroidales;f__Tannerellaceae;g__Parabacteroides","47","95.74","d__Bacteria;p__Bacteroidota;c__Bacteroidia;o__Bacteroidales","2120","99.43","d__Bacteria;p__Bacteroidota;c__Bacteroidia;o__Bacteroidales","PHIST","0.175975","1.38581","NULL","NULL",0.027478,0.972522,"No","lytic","BACPHLIP","No",0,0,"https://portal.nersc.gov/UHGV/votu_reps/UHGV-139/UHGV-1393015",FALSE
"UHGV-0321909","vOTU-131383",20574,"No",48.33,27,94.74,721.889,0,11,"No",0,0,"Low-quality","49.3","AAI-based","No","Confident",0.9811,6,0,"Virus","34.36",16,0,"vFAM-00003;vSUBFAM-01873;vGENUS-03952;vOTU-131383","root;Duplodnaviria;Heunggongvirae;Uroviricota;Caudoviricetes","top-genome-hit","accession=HM568888; proteomic-score=0.102; lca-rank=family","Duplodnaviria","Heunggongvirae","Uroviricota","Caudoviricetes","NULL","NULL","NULL","NULL","Caudovirales","d__Bacteria;p__Firmicutes;c__Bacilli;o__Erysipelotrichales;f__Erysipelotrichaceae;g__Holdemania;s__Holdemania massiliensis","22","100","d__Bacteria;p__Firmicutes;c__Bacilli;o__Erysipelotrichales;f__Erysipelotrichaceae;g__Holdemania","8","100","d__Bacteria;p__Firmicutes;c__Bacilli;o__Erysipelotrichales;f__Erysipelotrichaceae;g__Holdemania;s__Holdemania massiliensis","CRISPR","0.0","0.0","NULL","NULL",0.117456,0.882544,"No","lytic","BACPHLIP","No",0,0,"https://portal.nersc.gov/UHGV/votu_reps/UHGV-032/UHGV-0321909",FALSE
"UHGV-2199762","vOTU-116416",7693,"No",54.95,9,72.57,620.333,12.5,11,"No",4,0,"Medium-quality","58.03","AAI-based","No","Uncertain",0.8377,1,0,"Uncertain - viral or bacterial","1.47",1,0,"vFAM-00090;vSUBFAM-07492;vOTU-116416","root;Duplodnaviria;Heunggongvirae;Uroviricota;Caudoviricetes","geNomad-markers","gene-hits=1; agreement=1","Duplodnaviria","Heunggongvirae","Uroviricota","Caudoviricetes","NULL","NULL","NULL","NULL","Caudovirales","NULL","NULL","NULL","d__Bacteria;p__Firmicutes_A;c__Clostridia;o__Oscillospirales;f__Oscillospiraceae;g__Flavonifractor;s__Flavonifractor plautii","23","95.65","d__Bacteria;p__Firmicutes_A;c__Clostridia;o__Oscillospirales;f__Oscillospiraceae;g__Flavonifractor;s__Flavonifractor plautii","PHIST","NULL","0.178845","NULL","NULL",0.975,0.025,"Yes","temperate","integrase","No",0,0,"https://portal.nersc.gov/UHGV/votu_reps/UHGV-219/UHGV-2199762",TRUE
"UHGV-1965769","vOTU-026972",17737,"No",60.31,22,97.83,788.727,9.52,11,"No",0,0,"Low-quality","38.8","AAI-based","No","Confident",0.916,6,0,"Virus","27.56",11,0,"vFAM-00001;vOTU-026972","root;Duplodnaviria;Heunggongvirae;Uroviricota;Caudoviricetes","top-genome-hit","accession=HG531805; proteomic-score=0.167; lca-rank=family","Duplodnaviria","Heunggongvirae","Uroviricota","Caudoviricetes","NULL","NULL","NULL","NULL","Caudovirales","NULL","NULL","NULL","d__Bacteria;p__Firmicutes_A;c__Clostridia;o__Oscillospirales;f__Acutalibacteraceae;g__UBA1417;s__UBA1417 sp900549945","18","100","d__Bacteria;p__Firmicutes_A;c__Clostridia;o__Oscillospirales;f__Acutalibacteraceae;g__UBA1417;s__UBA1417 sp900549945","PHIST","NULL","0.0","NULL","NULL",0.0123899,0.98761,"No","lytic","BACPHLIP","No",0,0,"https://portal.nersc.gov/UHGV/votu_reps/UHGV-196/UHGV-1965769",TRUE
"UHGV-2207703","vOTU-064702",34473,"No",58.16,34,90.6,918.618,18.18,11,"No",0,0,"High-quality","99.9","AAI-based","No","Uncertain",0.9403,5,0,"Uncertain - plasmid or chromosomal","5.02",6,7,"vFAM-00082;vSUBFAM-01453;vGENUS-08554;vSUBGEN-08648;vOTU-064702","root;Duplodnaviria;Heunggongvirae;Uroviricota;Caudoviricetes","geNomad-markers","gene-hits=7; agreement=1","Duplodnaviria","Heunggongvirae","Uroviricota","Caudoviricetes","NULL","NULL","NULL","NULL","Caudovirales","d__Bacteria;p__Verrucomicrobiota;c__Verrucomicrobiae;o__Verrucomicrobiales;f__Akkermansiaceae;g__Akkermansia;s__Akkermansia muciniphila_B","2531","95.54","d__Bacteria;p__Verrucomicrobiota;c__Verrucomicrobiae;o__Verrucomicrobiales;f__Akkermansiaceae;g__Akkermansia;s__Akkermansia muciniphila_B","215","99.07","d__Bacteria;p__Verrucomicrobiota;c__Verrucomicrobiae;o__Verrucomicrobiales;f__Akkermansiaceae;g__Akkermansia;s__Akkermansia muciniphila_B","CRISPR","0.0","0.0","NULL","NULL",0.11208,0.88792,"No","lytic","BACPHLIP","No",0,0,"https://portal.nersc.gov/UHGV/votu_reps/UHGV-220/UHGV-2207703",TRUE
"UHGV-1579932","vOTU-115240",11517,"No",42.57,16,90.05,648.188,6.67,11,"No",0,0,"Low-quality","16.22","AAI-based","No","Uncertain",0.9679,1,0,"Uncertain - viral or bacterial","-1.24",1,0,"vFAM-00066;vSUBFAM-00132;vGENUS-21126;vOTU-115240","root;Duplodnaviria;Heunggongvirae;Uroviricota;Caudoviricetes","geNomad-markers","gene-hits=12; agreement=1","Duplodnaviria","Heunggongvirae","Uroviricota","Caudoviricetes","NULL","NULL","NULL","NULL","Caudovirales","d__Bacteria;p__Bacteroidota;c__Bacteroidia;o__Bacteroidales;f__Bacteroidaceae","18","94.44","d__Bacteria;p__Bacteroidota;c__Bacteroidia;o__Bacteroidales;f__Bacteroidaceae","1920","95.21","d__Bacteria;p__Bacteroidota;c__Bacteroidia;o__Bacteroidales;f__Bacteroidaceae","PHIST","0.925702","0.971474","NULL","NULL",0.377403,0.622597,"No","lytic","BACPHLIP","Yes",0,0,"https://portal.nersc.gov/UHGV/votu_reps/UHGV-157/UHGV-1579932",TRUE
"UHGV-1924471","vOTU-016449",18181,"No",54.62,30,89.1,540,0,11,"No",0,0,"Low-quality","41.42","HMM-based","No","Uncertain",0.9236,0,0,"Uncertain - viral or bacterial","-4.42",4,1,"vFAM-00060;vSUBFAM-01855;vOTU-016449","root;Duplodnaviria;Heunggongvirae;Uroviricota;Caudoviricetes","geNomad-markers","gene-hits=10; agreement=1","Duplodnaviria","Heunggongvirae","Uroviricota","Caudoviricetes","NULL","NULL","NULL","NULL","Caudovirales","d__Bacteria;p__Firmicutes_A;c__Clostridia","2","100","d__Bacteria;p__Firmicutes_A;c__Clostridia;o__Oscillospirales","48","93.75","d__Bacteria;p__Firmicutes_A;c__Clostridia;o__Oscillospirales","PHIST","0.693147","2.70016","NULL","NULL",0.157434,0.842566,"No","lytic","BACPHLIP","No",0,0,"https://portal.nersc.gov/UHGV/votu_reps/UHGV-192/UHGV-1924471",FALSE
"UHGV-1502107","vOTU-081036",56977,"No",47.81,96,84.79,503.25,14.43,11,"No",3,1,"High-quality","99.9","AAI-based","No","Confident",0.9762,10,0,"Virus","29.05",20,3,"vFAM-00006;vSUBFAM-01620;vGENUS-01686;vSUBGEN-08794;vOTU-081036","root;Duplodnaviria;Heunggongvirae;Uroviricota;Caudoviricetes","geNomad-markers","gene-hits=57; agreement=1","Duplodnaviria","Heunggongvirae","Uroviricota","Caudoviricetes","NULL","NULL","NULL","NULL","Caudovirales","d__Bacteria;p__Firmicutes_A;c__Clostridia;o__Oscillospirales;f__Oscillospiraceae;g__Flavonifractor;s__Flavonifractor plautii","40","97.5","d__Bacteria;p__Firmicutes_A;c__Clostridia;o__Oscillospirales","2","100","d__Bacteria;p__Firmicutes_A;c__Clostridia;o__Oscillospirales;f__Oscillospiraceae;g__Flavonifractor;s__Flavonifractor plautii","CRISPR","0.116907","0.693147","0.0","0.380482",1,0,"No","temperate","BACPHLIP","No",0,0,"https://portal.nersc.gov/UHGV/votu_reps/UHGV-150/UHGV-1502107",FALSE
"UHGV-1601797","vOTU-037664",19039,"No",50.56,10,91.08,1734,22.22,11,"No",0,0,"Low-quality","20.17","AAI-based","No","Uncertain",0.9259,1,0,"Uncertain - plasmid or chromosomal","-2.44",0,1,"vFAM-00111;vSUBFAM-00351;vGENUS-11008;vOTU-037664","root;Duplodnaviria;Heunggongvirae;Uroviricota;Caudoviricetes","geNomad-markers","gene-hits=6; agreement=1","Duplodnaviria","Heunggongvirae","Uroviricota","Caudoviricetes","NULL","NULL","NULL","NULL","Caudovirales","d__Bacteria;p__Bacteroidota;c__Bacteroidia;o__Bacteroidales;f__Bacteroidaceae","52","71.15","d__Bacteria;p__Bacteroidota;c__Bacteroidia;o__Bacteroidales;f__Bacteroidaceae","1411","92.2","d__Bacteria;p__Bacteroidota;c__Bacteroidia;o__Bacteroidales;f__Bacteroidaceae","PHIST","0.995523","1.06916","NULL","NULL",0.0811652,0.918835,"No","lytic","BACPHLIP","Yes",0,0,"https://portal.nersc.gov/UHGV/votu_reps/UHGV-160/UHGV-1601797",FALSE
"UHGV-1954477","vOTU-041168",23924,"No",45.62,25,90.59,866.88,0,11,"No",0,0,"Low-quality","18.15","AAI-based","No","Uncertain",0.9021,3,0,"Uncertain - viral or bacterial","0.53",2,3,"vFAM-00005;vOTU-041168","root;Duplodnaviria;Heunggongvirae;Uroviricota;Caudoviricetes","geNomad-markers","gene-hits=6; agreement=1","Duplodnaviria","Heunggongvirae","Uroviricota","Caudoviricetes","NULL","NULL","NULL","NULL","Caudovirales","NULL","NULL","NULL","d__Bacteria;p__Firmicutes_A;c__Clostridia","14","100","d__Bacteria;p__Firmicutes_A;c__Clostridia","PHIST","NULL","2.24297","NULL","NULL",0.8875,0.1125,"Yes","temperate","integrase","No",1,0,"https://portal.nersc.gov/UHGV/votu_reps/UHGV-195/UHGV-1954477",FALSE
"UHGV-1518921","vOTU-010102",42918,"No",56.1,50,93.93,806.22,4.08,11,"No",0,0,"High-quality","93.47","AAI-based","No","Confident",0.9732,9,0,"Virus","65.91",25,0,"vFAM-00001;vSUBFAM-00011;vGENUS-08805;vSUBGEN-09344;vOTU-010102","root;Duplodnaviria;Heunggongvirae;Uroviricota;Caudoviricetes","top-genome-hit","accession=AY954956; proteomic-score=0.083; lca-rank=family","Duplodnaviria","Heunggongvirae","Uroviricota","Caudoviricetes","NULL","NULL","NULL","NULL","Caudovirales","d__Bacteria;p__Firmicutes_A;c__Clostridia;o__Oscillospirales;f__Oscillospiraceae;g__Faecousia;s__Faecousia sp003525905","1","100","d__Bacteria;p__Firmicutes_A;c__Clostridia;o__Oscillospirales;f__Oscillospiraceae","5","80","d__Bacteria;p__Firmicutes_A;c__Clostridia;o__Oscillospirales;f__Oscillospiraceae","PHIST","0.0","1.33218","0.0","0.25452",0.9625,0.0375,"No","temperate","BACPHLIP","No",3,0,"https://portal.nersc.gov/UHGV/votu_reps/UHGV-151/UHGV-1518921",FALSE
"UHGV-0140921","vOTU-099902",20371,"No",41.77,32,85.43,543.844,38.71,11,"No",0,0,"Medium-quality","56.45","AAI-based","No","Uncertain",0.9273,2,0,"Virus","12.22",3,1,"vFAM-00008;vSUBFAM-05687;vOTU-099902","root;Duplodnaviria;Heunggongvirae;Uroviricota;Caudoviricetes","geNomad-markers","gene-hits=10; agreement=1","Duplodnaviria","Heunggongvirae","Uroviricota","Caudoviricetes","NULL","NULL","NULL","NULL","Caudovirales","d__Bacteria;p__Firmicutes_A;c__Clostridia;o__Lachnospirales;f__Lachnospiraceae;g__Eisenbergiella;s__Eisenbergiella porci","114","100","d__Bacteria;p__Firmicutes_A;c__Clostridia;o__Lachnospirales;f__Lachnospiraceae;g__Eisenbergiella;s__Eisenbergiella porci","9","77.78","d__Bacteria;p__Firmicutes_A;c__Clostridia;o__Lachnospirales;f__Lachnospiraceae;g__Eisenbergiella;s__Eisenbergiella porci","CRISPR","0.0","0.529706","NULL","NULL",0.9875,0.0125,"Yes","temperate","integrase","No",0,0,"https://portal.nersc.gov/UHGV/votu_reps/UHGV-014/UHGV-0140921",TRUE
"UHGV-0068534","vOTU-125274",23796,"No",46.54,37,82.59,531.162,22.22,11,"No",1,0,"Medium-quality","52.53","AAI-based","No","Confident",0.9701,9,0,"Uncertain - viral or bacterial","2.89",5,3,"vFAM-00066;vSUBFAM-00132;vGENUS-01098;vOTU-125274","root;Duplodnaviria;Heunggongvirae;Uroviricota;Caudoviricetes;Winoviridae","top-genome-hit","accession=MT732475; proteomic-score=0.074; lca-rank=family","Duplodnaviria","Heunggongvirae","Uroviricota","Caudoviricetes","NULL","Winoviridae","NULL","NULL","Caudovirales","d__Bacteria;p__Bacteroidota;c__Bacteroidia;o__Bacteroidales;f__Tannerellaceae;g__Parabacteroides;s__Parabacteroides merdae","42","88.1","d__Bacteria;p__Bacteroidota;c__Bacteroidia;o__Bacteroidales;f__Tannerellaceae;g__Parabacteroides","213","78.87","d__Bacteria;p__Bacteroidota;c__Bacteroidia;o__Bacteroidales;f__Tannerellaceae;g__Parabacteroides","PHIST","0.191444","0.785044","0.0","0.072438",0.225,0.775,"No","lytic","BACPHLIP","No",0,0,"https://portal.nersc.gov/UHGV/votu_reps/UHGV-006/UHGV-0068534",TRUE
"UHGV-1520191","vOTU-085710",34019,"No",37.79,40,88.12,749.4,12.5,11,"No",0,0,"High-quality","99.9","AAI-based","No","Confident",0.9728,12,0,"Virus","26.26",9,3,"vFAM-00049;vSUBFAM-00549;vGENUS-03607;vSUBGEN-09480;vOTU-085710","root;Duplodnaviria;Heunggongvirae;Uroviricota;Caudoviricetes","geNomad-markers","gene-hits=22; agreement=1","Duplodnaviria","Heunggongvirae","Uroviricota","Caudoviricetes","NULL","NULL","NULL","NULL","Caudovirales","d__Bacteria;p__Bacteroidota;c__Bacteroidia;o__Bacteroidales","22","95.45","d__Bacteria;p__Bacteroidota;c__Bacteroidia;o__Bacteroidales;f__Bacteroidaceae","2352","81.68","d__Bacteria;p__Bacteroidota;c__Bacteroidia;o__Bacteroidales;f__Bacteroidaceae","PHIST","1.25362","1.66133","0.122135","0.122135",1,0,"No","temperate","BACPHLIP","No",0,1,"https://portal.nersc.gov/UHGV/votu_reps/UHGV-152/UHGV-1520191",FALSE
"UHGV-1500702","vOTU-009135",40037,"No",43.4,55,93.41,679.964,7.41,11,"No",0,0,"High-quality","98.55","AAI-based","No","Confident",0.9736,9,0,"Virus","40.85",22,0,"vFAM-00003;vSUBFAM-04774;vGENUS-08913;vSUBGEN-09651;vOTU-009135","root;Duplodnaviria;Heunggongvirae;Uroviricota;Caudoviricetes","top-genome-hit","accession=AY954954; proteomic-score=0.084; lca-rank=family","Duplodnaviria","Heunggongvirae","Uroviricota","Caudoviricetes","NULL","NULL","NULL","NULL","Caudovirales","d__Bacteria;p__Firmicutes;c__Bacilli;o__Erysipelotrichales;f__Erysipelotrichaceae;g__Longicatena;s__Longicatena caecimuris","43","100","d__Bacteria;p__Firmicutes;c__Bacilli;o__Erysipelotrichales;f__Erysipelotrichaceae;g__Longicatena;s__Longicatena caecimuris","1","100","d__Bacteria;p__Firmicutes;c__Bacilli;o__Erysipelotrichales;f__Erysipelotrichaceae;g__Longicatena;s__Longicatena caecimuris","CRISPR","0.0","0.0","0.0","0.0",0.8875,0.1125,"No","temperate","BACPHLIP","No",0,0,"https://portal.nersc.gov/UHGV/votu_reps/UHGV-150/UHGV-1500702",FALSE
"UHGV-1470789","vOTU-008004",40763,"No",47.94,52,93.92,736.212,11.76,11,"No",1,0,"High-quality","98.12","AAI-based","No","Confident",0.9584,3,0,"Uncertain - viral or bacterial","2.53",3,0,"vFAM-00028;vSUBFAM-00344;vGENUS-00375;vSUBGEN-01964;vOTU-008004","root;Duplodnaviria;Heunggongvirae;Uroviricota;Caudoviricetes","geNomad-markers","gene-hits=27; agreement=1","Duplodnaviria","Heunggongvirae","Uroviricota","Caudoviricetes","NULL","NULL","NULL","NULL","Caudovirales","d__Bacteria;p__Bacteroidota;c__Bacteroidia;o__Bacteroidales;f__Bacteroidaceae;g__Bacteroides;s__Bacteroides uniformis","53","92.45","d__Bacteria;p__Bacteroidota;c__Bacteroidia;o__Bacteroidales;f__Bacteroidaceae;g__Bacteroides;s__Bacteroides uniformis","1691","96.69","d__Bacteria;p__Bacteroidota;c__Bacteroidia;o__Bacteroidales;f__Bacteroidaceae;g__Bacteroides;s__Bacteroides uniformis","PHIST","0.186837","0.0973974","0.0","0.0",0.8625,0.1375,"No","temperate","BACPHLIP","No",1,0,"https://portal.nersc.gov/UHGV/votu_reps/UHGV-147/UHGV-1470789",FALSE
"UHGV-1678799","vOTU-030675",51184,"No",32.54,84,80.62,491.25,6.02,11,"No",5,0,"Low-quality","27.61","AAI-based","No","Confident",0.9686,3,0,"Uncertain - viral or bacterial","-3.24",10,4,"vFAM-00020;vOTU-030675","root;Duplodnaviria;Heunggongvirae;Uroviricota;Caudoviricetes","geNomad-markers","gene-hits=31; agreement=1","Duplodnaviria","Heunggongvirae","Uroviricota","Caudoviricetes","NULL","NULL","NULL","NULL","Caudovirales","NULL","NULL","NULL","d__Bacteria;p__Firmicutes","5","60","d__Bacteria;p__Firmicutes","PHIST","NULL","1.33218","NULL","NULL",0.975,0.025,"Yes","temperate","integrase","No",0,0,"https://portal.nersc.gov/UHGV/votu_reps/UHGV-167/UHGV-1678799",FALSE
"UHGV-0154412","vOTU-128731",21836,"No",51.93,38,82.94,476.605,10.81,11,"No",0,0,"Low-quality","38.14","HMM-based","No","Confident",0.9654,8,0,"Virus","26.21",10,0,"vFAM-00001;vSUBFAM-03302;vOTU-128731","root;Duplodnaviria;Heunggongvirae;Uroviricota;Caudoviricetes","top-genome-hit","accession=KT361654; proteomic-score=0.087; lca-rank=family","Duplodnaviria","Heunggongvirae","Uroviricota","Caudoviricetes","NULL","NULL","NULL","NULL","Caudovirales","NULL","NULL","NULL","d__Bacteria;p__Firmicutes_A;c__Clostridia;o__Oscillospirales;f__Acutalibacteraceae;g__Acutalibacter;s__Acutalibacter timonensis","10","80","d__Bacteria;p__Firmicutes_A;c__Clostridia;o__Oscillospirales;f__Acutalibacteraceae;g__Acutalibacter;s__Acutalibacter timonensis","PHIST","NULL","0.639032","NULL","NULL",0.0883673,0.911633,"No","lytic","BACPHLIP","No",0,0,"https://portal.nersc.gov/UHGV/votu_reps/UHGV-015/UHGV-0154412",TRUE
"UHGV-1378767","vOTU-077940",41229,"No",56.77,64,89.48,576.422,9.52,11,"No",1,0,"High-quality","91.94","AAI-based","No","Confident",0.9806,6,0,"Virus","47.22",17,0,"vFAM-00024;vSUBFAM-03471;vGENUS-05098;vSUBGEN-09877;vOTU-077940","root;Duplodnaviria;Heunggongvirae;Uroviricota;Caudoviricetes","geNomad-markers","gene-hits=38; agreement=1","Duplodnaviria","Heunggongvirae","Uroviricota","Caudoviricetes","NULL","NULL","NULL","NULL","Caudovirales","d__Bacteria;p__Actinobacteriota;c__Actinomycetia;o__Actinomycetales;f__Bifidobacteriaceae;g__Bifidobacterium;s__Bifidobacterium dentium","233","71.67","d__Bacteria;p__Actinobacteriota;c__Actinomycetia;o__Actinomycetales;f__Bifidobacteriaceae;g__Bifidobacterium","7","100","d__Bacteria;p__Actinobacteriota;c__Actinomycetia;o__Actinomycetales;f__Bifidobacteriaceae;g__Bifidobacterium;s__Bifidobacterium dentium","CRISPR","0.0","0.0","0.0","0.011636",0.9875,0.0125,"No","temperate","BACPHLIP","No",0,0,"https://portal.nersc.gov/UHGV/votu_reps/UHGV-137/UHGV-1378767",FALSE
"UHGV-0390076","vOTU-004294",40692,"No",43.18,49,91.08,756.367,10.42,11,"No",0,0,"Complete","100","DTR","No","Confident",0.9612,8,0,"Virus","17.66",9,1,"vFAM-00005;vSUBFAM-00523;vGENUS-08998;vSUBGEN-09881;vOTU-004294","root;Duplodnaviria;Heunggongvirae;Uroviricota;Caudoviricetes","geNomad-markers","gene-hits=26; agreement=1","Duplodnaviria","Heunggongvirae","Uroviricota","Caudoviricetes","NULL","NULL","NULL","NULL","Caudovirales","d__Bacteria;p__Firmicutes_A;c__Clostridia;o__Lachnospirales;f__Lachnospiraceae;g__Enterocloster;s__Enterocloster sp001517625","20","90","d__Bacteria;p__Firmicutes_A;c__Clostridia;o__Lachnospirales;f__Lachnospiraceae;g__Enterocloster;s__Enterocloster sp001517625","12","91.67","d__Bacteria;p__Firmicutes_A;c__Clostridia;o__Lachnospirales;f__Lachnospiraceae;g__Enterocloster;s__Enterocloster sp001517625","CRISPR","0.394398","0.286836","0.0","0.0",1,0,"No","temperate","BACPHLIP","No",0,0,"https://portal.nersc.gov/UHGV/votu_reps/UHGV-039/UHGV-0390076",FALSE
"UHGV-1938795","vOTU-129880",60240,"No",43.23,70,82.82,712.714,28.77,11,"No",0,0,"Medium-quality","74.38","HMM-based","Yes","Uncertain",0.9244,4,0,"Plasmid","7.27",8,7,"vFAM-00023;vSUBFAM-05615;vOTU-129880","root;Duplodnaviria;Heunggongvirae;Uroviricota;Caudoviricetes","geNomad-markers","gene-hits=35; agreement=1","Duplodnaviria","Heunggongvirae","Uroviricota","Caudoviricetes","NULL","NULL","NULL","NULL","Caudovirales","d__Bacteria;p__Bacteroidota;c__Bacteroidia;o__Bacteroidales","65","100","d__Bacteria;p__Bacteroidota;c__Bacteroidia;o__Bacteroidales;f__Bacteroidaceae","2329","91.5","d__Bacteria;p__Bacteroidota;c__Bacteroidia;o__Bacteroidales;f__Bacteroidaceae","PHIST","1.0895","1.01937","NULL","NULL",0.547412,0.452588,"No","temperate","BACPHLIP","No",0,0,"https://portal.nersc.gov/UHGV/votu_reps/UHGV-193/UHGV-1938795",FALSE
"UHGV-2223037","vOTU-164219",11606,"No",43.87,14,89.02,738,15.38,11,"No",0,0,"Low-quality","23.98","AAI-based","No","Uncertain",0.9547,1,0,"Uncertain - plasmid or chromosomal","-0.2",1,2,"vFAM-00066;vSUBFAM-00132;vOTU-164219","root;Duplodnaviria;Heunggongvirae;Uroviricota;Caudoviricetes","geNomad-markers","gene-hits=9; agreement=1","Duplodnaviria","Heunggongvirae","Uroviricota","Caudoviricetes","NULL","NULL","NULL","NULL","Caudovirales","d__Bacteria;p__Bacteroidota;c__Bacteroidia;o__Bacteroidales;f__Tannerellaceae;g__Parabacteroides","10","70","d__Bacteria;p__Bacteroidota;c__Bacteroidia;o__Bacteroidales;f__Bacteroidaceae;g__Phocaeicola;s__Phocaeicola vulgatus","3858","81.65","d__Bacteria;p__Bacteroidota;c__Bacteroidia;o__Bacteroidales;f__Bacteroidaceae;g__Phocaeicola;s__Phocaeicola vulgatus","PHIST","0.801819","0.540324","NULL","NULL",0.00220665,0.997793,"No","lytic","BACPHLIP","No",0,0,"https://portal.nersc.gov/UHGV/votu_reps/UHGV-222/UHGV-2223037",TRUE
"UHGV-1468953","vOTU-091943",30717,"No",48.17,46,92.05,614.674,11.11,11,"No",0,0,"Medium-quality","63.46","AAI-based","No","Confident",0.9762,9,0,"Virus","29.79",9,0,"vFAM-00066;vSUBFAM-00132;vGENUS-10145;vOTU-091943","root;Duplodnaviria;Heunggongvirae;Uroviricota;Caudoviricetes;Winoviridae","top-genome-hit","accession=MT732475; proteomic-score=0.061; lca-rank=family","Duplodnaviria","Heunggongvirae","Uroviricota","Caudoviricetes","NULL","Winoviridae","NULL","NULL","Caudovirales","d__Bacteria;p__Bacteroidota;c__Bacteroidia;o__Bacteroidales","93","100","d__Bacteria;p__Bacteroidota;c__Bacteroidia;o__Bacteroidales;f__Bacteroidaceae","784","77.81","d__Bacteria;p__Bacteroidota;c__Bacteroidia;o__Bacteroidales;f__Bacteroidaceae","PHIST","1.30747","1.24888","0.153919","0.122135",0.180186,0.819814,"No","lytic","BACPHLIP","No",0,0,"https://portal.nersc.gov/UHGV/votu_reps/UHGV-146/UHGV-1468953",FALSE
"UHGV-1332656","vOTU-167176",17996,"No",45,29,93.4,579.621,7.14,11,"No",0,0,"Medium-quality","64.02","AAI-based","No","Confident",0.9737,5,0,"Virus","16.21",10,2,"vFAM-00098;vOTU-167176","root;Duplodnaviria;Heunggongvirae;Uroviricota;Caudoviricetes","geNomad-markers","gene-hits=15; agreement=1","Duplodnaviria","Heunggongvirae","Uroviricota","Caudoviricetes","NULL","NULL","NULL","NULL","Caudovirales","NULL","NULL","NULL","d__Bacteria;p__Firmicutes_A;c__Clostridia;o__Christensenellales;f__Christensenellaceae;g__Christensenella;s__Christensenella minuta","8","100","d__Bacteria;p__Firmicutes_A;c__Clostridia;o__Christensenellales;f__Christensenellaceae;g__Christensenella;s__Christensenella minuta","PHIST","NULL","0.0","NULL","0.0",0.8875,0.1125,"Yes","temperate","integrase","No",0,0,"https://portal.nersc.gov/UHGV/votu_reps/UHGV-133/UHGV-1332656",TRUE
"UHGV-1439862","vOTU-168002",32377,"No",58.77,52,98.52,613.442,3.92,11,"No",0,0,"Medium-quality","75.25","AAI-based","No","Confident",0.9818,12,0,"Virus","70.55",23,0,"vFAM-00027;vSUBFAM-00338;vGENUS-00470;vOTU-168002","root;Duplodnaviria;Heunggongvirae;Uroviricota;Caudoviricetes","top-genome-hit","accession=LN681542; proteomic-score=0.062; lca-rank=family","Duplodnaviria","Heunggongvirae","Uroviricota","Caudoviricetes","NULL","NULL","NULL","NULL","Caudovirales","d__Bacteria;p__Firmicutes_A;c__Clostridia;o__Oscillospirales;f__Oscillospiraceae;g__Flavonifractor;s__Flavonifractor plautii","184","100","d__Bacteria;p__Firmicutes_A;c__Clostridia;o__Oscillospirales;f__Oscillospiraceae;g__Flavonifractor;s__Flavonifractor plautii","232","79.31","d__Bacteria;p__Firmicutes_A;c__Clostridia;o__Oscillospirales;f__Oscillospiraceae;g__Flavonifractor;s__Flavonifractor plautii","PHIST","0.0","0.819719","0.0","0.0",0.0132897,0.98671,"No","lytic","BACPHLIP","No",0,0,"https://portal.nersc.gov/UHGV/votu_reps/UHGV-143/UHGV-1439862",FALSE
"UHGV-2039560","vOTU-109896",11241,"No",51.77,10,85.4,960,0,11,"No",0,0,"Low-quality","20.64","AAI-based","No","Uncertain",0.8208,0,0,"Uncertain - viral or bacterial","-4.1",0,1,"vFAM-00001;vOTU-109896","root;Duplodnaviria;Heunggongvirae;Uroviricota;Caudoviricetes","geNomad-markers","gene-hits=2; agreement=1","Duplodnaviria","Heunggongvirae","Uroviricota","Caudoviricetes","NULL","NULL","NULL","NULL","Caudovirales","NULL","NULL","NULL","d__Bacteria;p__Firmicutes_A;c__Clostridia;o__Oscillospirales;f__Oscillospiraceae","160","81.88","d__Bacteria;p__Firmicutes_A;c__Clostridia;o__Oscillospirales;f__Oscillospiraceae","PHIST","NULL","1.57833","NULL","NULL",0.9625,0.0375,"No","temperate","BACPHLIP","No",0,0,"https://portal.nersc.gov/UHGV/votu_reps/UHGV-203/UHGV-2039560",TRUE
"UHGV-1799605","vOTU-116602",13497,"No",49.83,13,92.31,958.385,25,11,"No",0,0,"Low-quality","10.3","HMM-based","No","Uncertain",0.9518,1,0,"Virus","10.62",2,0,"vFAM-00111;vSUBFAM-00351;vGENUS-10842;vOTU-116602","root;Duplodnaviria;Heunggongvirae;Uroviricota;Caudoviricetes","geNomad-markers","gene-hits=7; agreement=1","Duplodnaviria","Heunggongvirae","Uroviricota","Caudoviricetes","NULL","NULL","NULL","NULL","Caudovirales","d__Bacteria;p__Bacteroidota;c__Bacteroidia;o__Bacteroidales;f__Barnesiellaceae;g__Barnesiella;s__Barnesiella intestinihominis","16","87.5","d__Bacteria;p__Bacteroidota;c__Bacteroidia;o__Bacteroidales","1150","99.22","d__Bacteria;p__Bacteroidota;c__Bacteroidia;o__Bacteroidales","PHIST","0.463414","1.53853","NULL","NULL",0.0130538,0.986946,"No","lytic","BACPHLIP","No",1,0,"https://portal.nersc.gov/UHGV/votu_reps/UHGV-179/UHGV-1799605",TRUE
"UHGV-2093423","vOTU-008167",62358,"No",43.98,75,89.3,742.44,10.81,11,"No",0,0,"High-quality","99.9","AAI-based","No","Confident",0.9707,9,0,"Uncertain - viral or bacterial","3.28",7,7,"vFAM-00009;vSUBFAM-00023;vGENUS-09186;vSUBGEN-10404;vOTU-008167","root;Duplodnaviria;Heunggongvirae;Uroviricota;Caudoviricetes","geNomad-markers","gene-hits=42; agreement=1","Duplodnaviria","Heunggongvirae","Uroviricota","Caudoviricetes","NULL","NULL","NULL","NULL","Caudovirales","d__Bacteria;p__Bacteroidota;c__Bacteroidia;o__Bacteroidales;f__Bacteroidaceae;g__Bacteroides;s__Bacteroides uniformis","151","94.04","d__Bacteria;p__Bacteroidota;c__Bacteroidia;o__Bacteroidales;f__Bacteroidaceae;g__Bacteroides;s__Bacteroides uniformis","1997","94.24","d__Bacteria;p__Bacteroidota;c__Bacteroidia;o__Bacteroidales;f__Bacteroidaceae;g__Bacteroides;s__Bacteroides uniformis","PHIST","0.176867","0.131684","0.0","0.0",0.9875,0.0125,"No","temperate","BACPHLIP","No",1,0,"https://portal.nersc.gov/UHGV/votu_reps/UHGV-209/UHGV-2093423",FALSE
"UHGV-1469738","vOTU-061148",42389,"No",48.95,60,93.63,661.45,1.69,11,"No",2,0,"High-quality","92.49","AAI-based","No","Confident",0.9819,10,0,"Virus","88.75",29,0,"vFAM-00001;vSUBFAM-00114;vGENUS-00207;vSUBGEN-10441;vOTU-061148","root;Duplodnaviria;Heunggongvirae;Uroviricota;Caudoviricetes","top-genome-hit","accession=LN681542; proteomic-score=0.121; lca-rank=family","Duplodnaviria","Heunggongvirae","Uroviricota","Caudoviricetes","NULL","NULL","NULL","NULL","Caudovirales","d__Bacteria;p__Firmicutes_A;c__Clostridia;o__Oscillospirales","115","96.52","d__Bacteria;p__Firmicutes_A;c__Clostridia;o__Oscillospirales","49","81.63","d__Bacteria;p__Firmicutes_A;c__Clostridia;o__Oscillospirales","CRISPR","2.122","1.91968","0.313662","0.154802",0.176088,0.823913,"No","lytic","BACPHLIP","Yes",0,0,"https://portal.nersc.gov/UHGV/votu_reps/UHGV-146/UHGV-1469738",FALSE
"UHGV-0382657","vOTU-051473",42227,"No",46.07,64,91.18,601.594,3.17,11,"No",0,0,"Complete","100","DTR","No","Confident",0.9786,12,0,"Virus","71.97",18,1,"vFAM-00003;vSUBFAM-00560;vGENUS-09270;vSUBGEN-10587;vOTU-051473","root;Duplodnaviria;Heunggongvirae;Uroviricota;Caudoviricetes","geNomad-markers","gene-hits=40; agreement=0.9897","Duplodnaviria","Heunggongvirae","Uroviricota","Caudoviricetes","NULL","NULL","NULL","NULL","Caudovirales","d__Bacteria;p__Firmicutes_A;c__Clostridia;o__Lachnospirales;f__Lachnospiraceae;g__Hungatella;s__Hungatella effluvii","172","81.98","d__Bacteria;p__Firmicutes_A;c__Clostridia;o__Lachnospirales;f__Lachnospiraceae;g__Hungatella;s__Hungatella effluvii","11","72.73","d__Bacteria;p__Firmicutes_A;c__Clostridia;o__Lachnospirales;f__Lachnospiraceae;g__Hungatella;s__Hungatella effluvii","CRISPR","0.123531","0.759547","0.0","0.0",1,0,"Yes","temperate","integrase","No",0,0,"https://portal.nersc.gov/UHGV/votu_reps/UHGV-038/UHGV-0382657",FALSE
"UHGV-0160508","vOTU-010696",39082,"No",36.25,62,94.09,593.129,8.2,11,"No",0,0,"High-quality","95.33","AAI-based","No","Confident",0.973,8,0,"Virus","45.37",24,1,"vFAM-00003;vSUBFAM-00799;vGENUS-05164;vSUBGEN-03198;vOTU-010696","root;Duplodnaviria;Heunggongvirae;Uroviricota;Caudoviricetes","geNomad-markers","gene-hits=34; agreement=1","Duplodnaviria","Heunggongvirae","Uroviricota","Caudoviricetes","NULL","NULL","NULL","NULL","Caudovirales","d__Bacteria;p__Firmicutes;c__Bacilli;o__Erysipelotrichales;f__Erysipelotrichaceae;g__Longicatena;s__Longicatena caecimuris","81","100","d__Bacteria;p__Firmicutes;c__Bacilli;o__Erysipelotrichales;f__Erysipelotrichaceae;g__Longicatena;s__Longicatena caecimuris","33","96.97","d__Bacteria;p__Firmicutes;c__Bacilli;o__Erysipelotrichales;f__Erysipelotrichaceae;g__Longicatena;s__Longicatena caecimuris","CRISPR","0.0","0.135794","0.0","0.0",0.0771476,0.922852,"No","lytic","BACPHLIP","No",0,0,"https://portal.nersc.gov/UHGV/votu_reps/UHGV-016/UHGV-0160508",FALSE
"UHGV-2185535","vOTU-101798",20362,"No",44.6,21,93.04,902.143,25,11,"No",0,0,"Low-quality","12.79","AAI-based","No","Confident",0.9738,1,0,"Uncertain - viral or bacterial","2.89",2,0,"vFAM-00048;vSUBFAM-00544;vOTU-101798","root;Duplodnaviria;Heunggongvirae;Uroviricota;Caudoviricetes;Crassvirales;Epsilon-crassviridae","top-genome-hit","accession=OICG01000006; proteomic-score=0.057; lca-rank=family","Duplodnaviria","Heunggongvirae","Uroviricota","Caudoviricetes","Crassvirales","Epsilon-crassviridae","NULL","NULL","Crassvirales","d__Bacteria;p__Bacteroidota;c__Bacteroidia;o__Bacteroidales;f__Tannerellaceae;g__Parabacteroides","37","100","d__Bacteria;p__Bacteroidota;c__Bacteroidia;o__Bacteroidales;f__Tannerellaceae;g__Parabacteroides;s__Parabacteroides merdae","723","91.29","d__Bacteria;p__Bacteroidota;c__Bacteroidia;o__Bacteroidales;f__Tannerellaceae;g__Parabacteroides;s__Parabacteroides merdae","PHIST","0.0","0.251079","NULL","NULL",0.0174559,0.982544,"No","lytic","BACPHLIP","No",0,0,"https://portal.nersc.gov/UHGV/votu_reps/UHGV-218/UHGV-2185535",FALSE
"UHGV-1458559","vOTU-085666",47714,"No",53.1,48,93.53,929.688,19.15,11,"No",0,0,"High-quality","98.58","AAI-based","No","Uncertain",0.9715,12,0,"Virus","11.07",6,3,"vFAM-00066;vSUBFAM-00132;vGENUS-00954;vSUBGEN-02009;vOTU-085666","root;Duplodnaviria;Heunggongvirae;Uroviricota;Caudoviricetes","geNomad-markers","gene-hits=40; agreement=1","Duplodnaviria","Heunggongvirae","Uroviricota","Caudoviricetes","NULL","NULL","NULL","NULL","Caudovirales","d__Bacteria;p__Bacteroidota;c__Bacteroidia;o__Bacteroidales;f__Bacteroidaceae;g__Phocaeicola","274","78.47","d__Bacteria;p__Bacteroidota;c__Bacteroidia;o__Bacteroidales;f__Bacteroidaceae","1272","92.85","d__Bacteria;p__Bacteroidota;c__Bacteroidia;o__Bacteroidales;f__Bacteroidaceae","PHIST","0.691658","1.05774","NULL","NULL",0.25,0.75,"No","lytic","BACPHLIP","No",0,0,"https://portal.nersc.gov/UHGV/votu_reps/UHGV-145/UHGV-1458559",FALSE
"UHGV-0153008","vOTU-062613",34243,"No",59.1,50,93.12,637.74,12.24,11,"No",0,0,"High-quality","99.9","AAI-based","No","Confident",0.9672,8,0,"Virus","28.28",19,2,"vFAM-00071;vSUBFAM-01650;vGENUS-05188;vSUBGEN-03216;vOTU-062613","root;Duplodnaviria;Heunggongvirae;Uroviricota;Caudoviricetes","geNomad-markers","gene-hits=24; agreement=1","Duplodnaviria","Heunggongvirae","Uroviricota","Caudoviricetes","NULL","NULL","NULL","NULL","Caudovirales","d__Bacteria;p__Actinobacteriota;c__Actinomycetia;o__Actinomycetales;f__Micrococcaceae;g__Rothia","7","100","d__Bacteria;p__Actinobacteriota;c__Actinomycetia;o__Actinomycetales;f__Micrococcaceae;g__Rothia;s__Rothia mucilaginosa","1","100","d__Bacteria;p__Actinobacteriota;c__Actinomycetia;o__Actinomycetales;f__Micrococcaceae;g__Rothia","CRISPR","0.0","0.0","0.002093","0.0",0.975,0.025,"No","temperate","BACPHLIP","No",0,0,"https://portal.nersc.gov/UHGV/votu_reps/UHGV-015/UHGV-0153008",TRUE
"UHGV-1827443","vOTU-020647",32844,"No",35.35,23,92.77,1324.83,22.73,11,"No",0,0,"Low-quality","19.63","AAI-based","No","Confident",0.9725,1,0,"Uncertain - viral or bacterial","3.63",7,1,"vFAM-00020;vSUBFAM-01097;vGENUS-10133;vOTU-020647","root;Duplodnaviria;Heunggongvirae;Uroviricota;Caudoviricetes","geNomad-markers","gene-hits=15; agreement=1","Duplodnaviria","Heunggongvirae","Uroviricota","Caudoviricetes","NULL","NULL","NULL","NULL","Caudovirales","NULL","NULL","NULL","d__Bacteria;p__Firmicutes_A;c__Clostridia;o__Lachnospirales;f__Lachnospiraceae","11","81.82","d__Bacteria;p__Firmicutes_A;c__Clostridia;o__Lachnospirales;f__Lachnospiraceae","PHIST","NULL","1.15959","NULL","NULL",0.188122,0.811878,"No","lytic","BACPHLIP","No",0,0,"https://portal.nersc.gov/UHGV/votu_reps/UHGV-182/UHGV-1827443",FALSE
"UHGV-0330127","vOTU-015292",43420,"No",53.14,64,87.71,595.078,6.35,11,"No",3,0,"Medium-quality","82.22","AAI-based","No","Confident",0.9735,21,0,"Virus","72.27",42,0,"vFAM-00016;vSUBFAM-00066;vGENUS-15371;vOTU-015292","root;Duplodnaviria;Heunggongvirae;Uroviricota;Caudoviricetes","top-genome-hit","accession=AP012537; proteomic-score=0.597; lca-rank=subfamily","Duplodnaviria","Heunggongvirae","Uroviricota","Caudoviricetes","NULL","NULL","NULL","NULL","Caudovirales","d__Bacteria;p__Proteobacteria;c__Gammaproteobacteria;o__Enterobacterales;f__Enterobacteriaceae","4","100","d__Bacteria;p__Proteobacteria;c__Gammaproteobacteria;o__Enterobacterales;f__Enterobacteriaceae;g__Escherichia;s__Escherichia coli","8803","99.88","d__Bacteria;p__Proteobacteria;c__Gammaproteobacteria;o__Enterobacterales;f__Enterobacteriaceae;g__Escherichia;s__Escherichia coli","PHIST","0.693147","0.00343611","0.008838","0.0",0.0497797,0.95022,"No","lytic","BACPHLIP","No",1,0,"https://portal.nersc.gov/UHGV/votu_reps/UHGV-033/UHGV-0330127",FALSE
"UHGV-1953839","vOTU-015877",49311,"No",42.27,88,86.52,484.807,5.75,11,"No",0,0,"Medium-quality","81","AAI-based","No","Uncertain",0.9716,2,0,"Plasmid","16.81",12,4,"vFAM-00009;vSUBFAM-00023;vOTU-015877","root;Duplodnaviria;Heunggongvirae;Uroviricota;Caudoviricetes","geNomad-markers","gene-hits=51; agreement=1","Duplodnaviria","Heunggongvirae","Uroviricota","Caudoviricetes","NULL","NULL","NULL","NULL","Caudovirales","d__Bacteria;p__Bacteroidota;c__Bacteroidia;o__Bacteroidales;f__Bacteroidaceae;g__Bacteroides;s__Bacteroides uniformis","168","86.9","d__Bacteria;p__Bacteroidota;c__Bacteroidia;o__Bacteroidales;f__Bacteroidaceae;g__Bacteroides;s__Bacteroides uniformis","1192","96.64","d__Bacteria;p__Bacteroidota;c__Bacteroidia;o__Bacteroidales;f__Bacteroidaceae;g__Bacteroides;s__Bacteroides uniformis","PHIST","0.173205","0.0916506","NULL","NULL",0.0402524,0.959748,"No","lytic","BACPHLIP","No",2,0,"https://portal.nersc.gov/UHGV/votu_reps/UHGV-195/UHGV-1953839",FALSE
"UHGV-0211474","vOTU-082808",42350,"No",54.26,59,90.21,647.492,10.34,11,"No",0,0,"High-quality","92.34","AAI-based","No","Confident",0.9775,12,0,"Virus","19.23",8,1,"vFAM-00066;vSUBFAM-04897;vGENUS-09430;vSUBGEN-11035;vOTU-082808","root;Duplodnaviria;Heunggongvirae;Uroviricota;Caudoviricetes","geNomad-markers","gene-hits=41; agreement=1","Duplodnaviria","Heunggongvirae","Uroviricota","Caudoviricetes","NULL","NULL","NULL","NULL","Caudovirales","d__Bacteria;p__Bacteroidota;c__Bacteroidia;o__Bacteroidales;f__Rikenellaceae;g__Alistipes;s__Alistipes shahii","122","95.9","d__Bacteria;p__Bacteroidota;c__Bacteroidia;o__Bacteroidales;f__Rikenellaceae;g__Alistipes;s__Alistipes shahii","218","74.31","d__Bacteria;p__Bacteroidota;c__Bacteroidia;o__Bacteroidales;f__Rikenellaceae;g__Alistipes;s__Alistipes shahii","PHIST","0.210003","0.201087","0.0","0.0",0.975,0.025,"No","temperate","BACPHLIP","No",0,0,"https://portal.nersc.gov/UHGV/votu_reps/UHGV-021/UHGV-0211474",FALSE
"UHGV-2138836","vOTU-084078",54545,"No",53.21,62,94.69,833.081,11.48,11,"No",0,0,"High-quality","99.9","AAI-based","No","Confident",0.9744,15,0,"Virus","35.17",25,2,"vFAM-00001;vSUBFAM-00011;vGENUS-00962;vSUBGEN-03236;vOTU-084078","root;Duplodnaviria;Heunggongvirae;Uroviricota;Caudoviricetes","top-genome-hit","accession=EU861005; proteomic-score=0.059; lca-rank=family","Duplodnaviria","Heunggongvirae","Uroviricota","Caudoviricetes","NULL","NULL","NULL","NULL","Caudovirales","NULL","NULL","NULL","d__Bacteria;p__Firmicutes_A;c__Clostridia;o__Oscillospirales","38","71.05","d__Bacteria;p__Firmicutes_A;c__Clostridia;o__Oscillospirales","PHIST","NULL","2.6567","NULL","0.380482",0.9,0.1,"No","temperate","BACPHLIP","No",3,0,"https://portal.nersc.gov/UHGV/votu_reps/UHGV-213/UHGV-2138836",FALSE
"UHGV-0015187","vOTU-008256",36068,"No",56.67,54,89.53,598,15.09,11,"No",4,0,"High-quality","99.9","AAI-based","No","Confident",0.9767,9,0,"Virus","30.63",13,1,"vFAM-00004;vSUBFAM-02824;vGENUS-05223;vSUBGEN-11099;vOTU-008256","root;Duplodnaviria;Heunggongvirae;Uroviricota;Caudoviricetes","geNomad-markers","gene-hits=33; agreement=1","Duplodnaviria","Heunggongvirae","Uroviricota","Caudoviricetes","NULL","NULL","NULL","NULL","Caudovirales","d__Bacteria;p__Firmicutes_A;c__Clostridia;o__Oscillospirales;f__Oscillospiraceae;g__Flavonifractor;s__Flavonifractor plautii","83","98.8","d__Bacteria;p__Firmicutes_A;c__Clostridia;o__Oscillospirales;f__Oscillospiraceae;g__Flavonifractor;s__Flavonifractor plautii","200","93","d__Bacteria;p__Firmicutes_A;c__Clostridia;o__Oscillospirales;f__Oscillospiraceae;g__Flavonifractor;s__Flavonifractor plautii","PHIST","0.0652144","0.354278","0.0","0.0",1,0,"Yes","temperate","integrase","No",0,0,"https://portal.nersc.gov/UHGV/votu_reps/UHGV-001/UHGV-0015187",FALSE
"UHGV-0314209","vOTU-050464",6337,"No",40.82,7,85.17,771,0,11,"No",0,0,"Complete","100","DTR","No","Confident",0.9832,1,0,"Virus","11.86",4,0,"vFAM-00030;vSUBFAM-00119;vGENUS-00056;vSUBGEN-00035;vOTU-050464","root;Monodnaviria;Sangervirae;Phixviricota;Malgrandaviricetes;Petitvirales;Microviridae","geNomad-markers","gene-hits=7; agreement=1","Monodnaviria","Sangervirae","Phixviricota","Malgrandaviricetes","Petitvirales","Microviridae","NULL","NULL","Microviridae","d__Bacteria;p__Bacteroidota;c__Bacteroidia;o__Bacteroidales;f__Bacteroidaceae;g__Bacteroides;s__Bacteroides stercoris","4","100","NULL","NULL","NULL","d__Bacteria;p__Bacteroidota;c__Bacteroidia;o__Bacteroidales;f__Bacteroidaceae;g__Bacteroides;s__Bacteroides stercoris","CRISPR","0.0","NULL","0.0","NULL",0.188122,0.811878,"No","lytic","BACPHLIP","No",0,0,"https://portal.nersc.gov/UHGV/votu_reps/UHGV-031/UHGV-0314209",TRUE
"UHGV-2113084","vOTU-122694",18221,"No",50.09,20,90.46,824.1,10.53,11,"No",0,0,"Low-quality","16.44","AAI-based","No","Confident",0.9681,2,0,"Virus","14.29",1,1,"vFAM-00111;vSUBFAM-00351;vGENUS-04287;vOTU-122694","root;Duplodnaviria;Heunggongvirae;Uroviricota;Caudoviricetes;Gratiaviridae","top-genome-hit","accession=OGCO01000164.1; proteomic-score=0.069; lca-rank=family","Duplodnaviria","Heunggongvirae","Uroviricota","Caudoviricetes","NULL","Gratiaviridae","NULL","NULL","Caudovirales","d__Bacteria;p__Bacteroidota;c__Bacteroidia;o__Bacteroidales;f__Barnesiellaceae;g__Barnesiella;s__Barnesiella intestinihominis","5","80","d__Bacteria;p__Bacteroidota;c__Bacteroidia;o__Bacteroidales","1139","99.03","d__Bacteria;p__Bacteroidota;c__Bacteroidia;o__Bacteroidales","PHIST","0.500402","1.51658","NULL","NULL",0.9375,0.0625,"No","temperate","BACPHLIP","No",0,0,"https://portal.nersc.gov/UHGV/votu_reps/UHGV-211/UHGV-2113084",TRUE
"UHGV-1362208","vOTU-000296",40546,"No",53.45,55,95.18,701.673,3.7,11,"No",1,0,"Complete","100","DTR","No","Confident",0.9793,6,0,"Uncertain - viral or bacterial","5.97",7,1,"vFAM-00043;vSUBFAM-01958;vGENUS-02214;vSUBGEN-02034;vOTU-000296","root;Duplodnaviria;Heunggongvirae;Uroviricota;Caudoviricetes","geNomad-markers","gene-hits=38; agreement=1","Duplodnaviria","Heunggongvirae","Uroviricota","Caudoviricetes","NULL","NULL","NULL","NULL","Caudovirales","d__Bacteria;p__Bacteroidota;c__Bacteroidia;o__Bacteroidales;f__Rikenellaceae;g__Alistipes;s__Alistipes shahii","257","74.32","d__Bacteria;p__Bacteroidota;c__Bacteroidia;o__Bacteroidales;f__Rikenellaceae;g__Alistipes","365","99.18","d__Bacteria;p__Bacteroidota;c__Bacteroidia;o__Bacteroidales;f__Rikenellaceae;g__Alistipes","PHIST","0.105647","0.0566776","0.0","0.022673",0.2125,0.7875,"No","lytic","BACPHLIP","No",0,0,"https://portal.nersc.gov/UHGV/votu_reps/UHGV-136/UHGV-1362208",FALSE
"UHGV-0461524","vOTU-112839",5306,"No",39.84,4,83,1101,0,11,"No",0,0,"Medium-quality","81.15","AAI-based","No","Confident",0.9823,1,0,"Virus","11.86",3,0,"vFAM-00030;vSUBFAM-00119;vGENUS-00056;vOTU-112839","root;Monodnaviria;Sangervirae;Phixviricota;Malgrandaviricetes;Petitvirales;Microviridae","top-genome-hit","accession=MT185428; proteomic-score=0.055; lca-rank=family","Monodnaviria","Sangervirae","Phixviricota","Malgrandaviricetes","Petitvirales","Microviridae","NULL","NULL","Microviridae","d__Bacteria;p__Bacteroidota;c__Bacteroidia;o__Bacteroidales;f__Bacteroidaceae;g__Bacteroides;s__Bacteroides stercoris","12","91.67","NULL","NULL","NULL","d__Bacteria;p__Bacteroidota;c__Bacteroidia;o__Bacteroidales;f__Bacteroidaceae;g__Bacteroides;s__Bacteroides stercoris","CRISPR","0.0","NULL","0.0","NULL",0.188122,0.811878,"No","lytic","BACPHLIP","No",0,0,"https://portal.nersc.gov/UHGV/votu_reps/UHGV-046/UHGV-0461524",TRUE
"UHGV-0167291","vOTU-015645",33276,"No",47.71,49,90.48,614.449,6.25,11,"No",0,0,"Medium-quality","81.73","AAI-based","No","Confident",0.9755,8,0,"Virus","20.52",14,0,"vFAM-00003;vSUBFAM-00095;vGENUS-20562;vOTU-015645","root;Duplodnaviria;Heunggongvirae;Uroviricota;Caudoviricetes","geNomad-markers","gene-hits=35; agreement=1","Duplodnaviria","Heunggongvirae","Uroviricota","Caudoviricetes","NULL","NULL","NULL","NULL","Caudovirales","d__Bacteria;p__Firmicutes_A;c__Clostridia;o__Lachnospirales;f__Lachnospiraceae;g__Enterocloster","94","74.47","d__Bacteria;p__Firmicutes_A;c__Clostridia;o__Lachnospirales;f__Lachnospiraceae;g__Enterocloster;s__Enterocloster bolteae","69","97.1","d__Bacteria;p__Firmicutes_A;c__Clostridia;o__Lachnospirales;f__Lachnospiraceae;g__Enterocloster","CRISPR","0.711679","0.0757511","0.0","0.0",1,0,"Yes","temperate","integrase","No",1,0,"https://portal.nersc.gov/UHGV/votu_reps/UHGV-016/UHGV-0167291",FALSE
"UHGV-0336680","vOTU-114413",36392,"No",56.72,57,91.4,583.526,8.93,11,"No",1,0,"Medium-quality","85.02","AAI-based","No","Confident",0.9822,5,0,"Virus","37.48",18,0,"vFAM-00024;vSUBFAM-03471;vGENUS-05098;vOTU-114413","root;Duplodnaviria;Heunggongvirae;Uroviricota;Caudoviricetes","geNomad-markers","gene-hits=37; agreement=1","Duplodnaviria","Heunggongvirae","Uroviricota","Caudoviricetes","NULL","NULL","NULL","NULL","Caudovirales","d__Bacteria;p__Actinobacteriota;c__Actinomycetia;o__Actinomycetales;f__Bifidobacteriaceae;g__Bifidobacterium","260","100","d__Bacteria;p__Actinobacteriota;c__Actinomycetia;o__Actinomycetales;f__Bifidobacteriaceae;g__Bifidobacterium;s__Bifidobacterium dentium","7","71.43","d__Bacteria;p__Actinobacteriota;c__Actinomycetia;o__Actinomycetales;f__Bifidobacteriaceae;g__Bifidobacterium","CRISPR","0.0","0.0","0.0","0.0",0.164978,0.835022,"No","lytic","BACPHLIP","No",0,0,"https://portal.nersc.gov/UHGV/votu_reps/UHGV-033/UHGV-0336680",FALSE
"UHGV-1356620","vOTU-000941",41483,"No",57,75,91.23,504.6,8.11,11,"No",0,0,"Complete","100","DTR","No","Confident",0.981,14,0,"Virus","77.68",27,0,"vFAM-00027;vSUBFAM-00338;vGENUS-00470;vSUBGEN-11439;vOTU-000941","root;Duplodnaviria;Heunggongvirae;Uroviricota;Caudoviricetes","geNomad-markers","gene-hits=52; agreement=1","Duplodnaviria","Heunggongvirae","Uroviricota","Caudoviricetes","NULL","NULL","NULL","NULL","Caudovirales","d__Bacteria;p__Firmicutes_A;c__Clostridia;o__Oscillospirales;f__Oscillospiraceae;g__Flavonifractor;s__Flavonifractor plautii","350","99.14","d__Bacteria;p__Firmicutes_A;c__Clostridia;o__Oscillospirales;f__Oscillospiraceae;g__Flavonifractor;s__Flavonifractor plautii","224","80.36","d__Bacteria;p__Firmicutes_A;c__Clostridia;o__Oscillospirales;f__Oscillospiraceae;g__Flavonifractor;s__Flavonifractor plautii","CRISPR","0.0547846","0.793099","0.0","0.0",1,0,"No","temperate","BACPHLIP","No",0,0,"https://portal.nersc.gov/UHGV/votu_reps/UHGV-135/UHGV-1356620",FALSE
"UHGV-1447058","vOTU-025287",28246,"No",44.34,32,95.23,840.562,0,11,"No",0,0,"Medium-quality","62.59","AAI-based","No","Confident",0.9821,2,0,"Virus","13.19",3,0,"vFAM-00001;vSUBFAM-00035;vGENUS-00012;vOTU-025287","root;Duplodnaviria;Heunggongvirae;Uroviricota;Caudoviricetes","geNomad-markers","gene-hits=30; agreement=1","Duplodnaviria","Heunggongvirae","Uroviricota","Caudoviricetes","NULL","NULL","NULL","NULL","Caudovirales","d__Bacteria;p__Bacteroidota;c__Bacteroidia;o__Bacteroidales","1251","99.52","d__Bacteria;p__Bacteroidota","12","58.33","d__Bacteria;p__Bacteroidota;c__Bacteroidia;o__Bacteroidales","CRISPR","1.6925","1.63263","0.205256","0.536693",0.0123899,0.98761,"No","lytic","BACPHLIP","No",0,0,"https://portal.nersc.gov/UHGV/votu_reps/UHGV-144/UHGV-1447058",FALSE
"UHGV-0087591","vOTU-144110",25777,"No",49.51,37,83.37,580.784,13.89,11,"No",0,0,"Medium-quality","53.25","AAI-based","No","Confident",0.9692,3,0,"Virus","7.07",7,1,"vFAM-00048;vSUBFAM-00204;vGENUS-12925;vOTU-144110","root;Duplodnaviria;Heunggongvirae;Uroviricota;Caudoviricetes","geNomad-markers","gene-hits=27; agreement=1","Duplodnaviria","Heunggongvirae","Uroviricota","Caudoviricetes","NULL","NULL","NULL","NULL","Caudovirales","d__Bacteria;p__Bacteroidota;c__Bacteroidia;o__Bacteroidales","67","100","d__Bacteria;p__Bacteroidota;c__Bacteroidia;o__Bacteroidales;f__Bacteroidaceae","813","76.01","d__Bacteria;p__Bacteroidota;c__Bacteroidia;o__Bacteroidales;f__Bacteroidaceae","PHIST","1.40795","1.26285","0.198129","0.122135",0.125,0.875,"No","lytic","BACPHLIP","No",0,0,"https://portal.nersc.gov/UHGV/votu_reps/UHGV-008/UHGV-0087591",TRUE
"UHGV-0191392","vOTU-071563",49932,"No",52.43,51,95.66,936.588,3.39,11,"No",0,0,"High-quality","92.85","AAI-based","Yes","Confident",0.9503,10,1,"Virus","30.18",18,6,"vFAM-00001;vSUBFAM-00011;vGENUS-09724;vSUBGEN-11812;vOTU-071563","root;Duplodnaviria;Heunggongvirae;Uroviricota;Caudoviricetes","geNomad-markers","gene-hits=29; agreement=1","Duplodnaviria","Heunggongvirae","Uroviricota","Caudoviricetes","NULL","NULL","NULL","NULL","Caudovirales","NULL","NULL","NULL","d__Bacteria;p__Firmicutes_A;c__Clostridia;o__Oscillospirales","56","96.43","d__Bacteria;p__Firmicutes_A;c__Clostridia;o__Oscillospirales","PHIST","NULL","2.01878","NULL","0.313662",0.7,0.3,"Yes","temperate","integrase","No",2,0,"https://portal.nersc.gov/UHGV/votu_reps/UHGV-019/UHGV-0191392",TRUE
"UHGV-0383419","vOTU-004687",6394,"No",43.09,11,83.23,483.818,11.11,11,"No",0,0,"Complete","100","DTR","No","Uncertain",0.6472,0,0,"Uncertain - viral or bacterial","0.98",0,0,"vFAM-00072;vSUBFAM-00266;vGENUS-02037;vSUBGEN-01519;vOTU-004687","root;Monodnaviria;Loebvirae;Hofneiviricota;Faserviricetes;Tubulavirales;Inoviridae","geNomad-markers","gene-hits=2; agreement=1","Monodnaviria","Loebvirae","Hofneiviricota","Faserviricetes","Tubulavirales","Inoviridae","NULL","NULL","Inoviridae","d__Bacteria;p__Firmicutes_A;c__Clostridia;o__Lachnospirales;f__Lachnospiraceae;g__Enterocloster","99","100","d__Bacteria;p__Firmicutes_A;c__Clostridia;o__Lachnospirales;f__Lachnospiraceae;g__Enterocloster;s__Enterocloster clostridioformis","22","86.36","d__Bacteria;p__Firmicutes_A;c__Clostridia;o__Lachnospirales;f__Lachnospiraceae;g__Enterocloster","CRISPR","0.0","0.0","NULL","NULL",0.188122,0.811878,"No","lytic","BACPHLIP","No",0,0,"https://portal.nersc.gov/UHGV/votu_reps/UHGV-038/UHGV-0383419",TRUE
"UHGV-1981586","vOTU-015259",51878,"No",50.82,69,89.06,669.565,8.82,11,"No",0,0,"Low-quality","46.41","HMM-based","No","Uncertain",0.9169,1,0,"Uncertain - viral or bacterial","-3.49",5,2,"vOTU-015259","root;Duplodnaviria;Heunggongvirae;Uroviricota;Caudoviricetes","geNomad-markers","gene-hits=17; agreement=1","Duplodnaviria","Heunggongvirae","Uroviricota","Caudoviricetes","NULL","NULL","NULL","NULL","Caudovirales","d__Bacteria;p__Firmicutes;c__Bacilli;o__Lactobacillales;f__Lactobacillaceae;g__Weissella;s__Weissella paramesenteroides","1","100","d__Bacteria;p__Firmicutes_A;c__Clostridia;o__Oscillospirales;f__Oscillospiraceae","34","91.18","d__Bacteria;p__Firmicutes_A;c__Clostridia;o__Oscillospirales;f__Oscillospiraceae","PHIST","0.0","1.69583","NULL","NULL",0.0807121,0.919288,"No","lytic","BACPHLIP","No",0,0,"https://portal.nersc.gov/UHGV/votu_reps/UHGV-198/UHGV-1981586",TRUE
"UHGV-1991780","vOTU-095936",10500,"No",44.34,14,87.09,653.143,7.69,11,"No",0,0,"Low-quality","10.2","HMM-based","No","Uncertain",0.8879,0,0,"Uncertain - plasmid or chromosomal","3.04",1,1,"vFAM-00020;vOTU-095936","root;Duplodnaviria;Heunggongvirae;Uroviricota;Caudoviricetes","geNomad-markers","gene-hits=2; agreement=1","Duplodnaviria","Heunggongvirae","Uroviricota","Caudoviricetes","NULL","NULL","NULL","NULL","Caudovirales","NULL","NULL","NULL","d__Bacteria;p__Firmicutes_A;c__Clostridia;o__Lachnospirales;f__Lachnospiraceae","28","96.43","d__Bacteria;p__Firmicutes_A;c__Clostridia;o__Lachnospirales;f__Lachnospiraceae","PHIST","NULL","1.5162","NULL","NULL",1,0,"Yes","temperate","integrase","No",1,0,"https://portal.nersc.gov/UHGV/votu_reps/UHGV-199/UHGV-1991780",TRUE
"UHGV-0278844","vOTU-049983",33863,"No",58.46,52,92.77,604.154,15.69,11,"No",0,0,"Complete","100","DTR","No","Confident",0.9776,13,0,"Virus","33.38",7,0,"vFAM-00005;vSUBFAM-00633;vGENUS-02900;vSUBGEN-12036;vOTU-049983","root;Duplodnaviria;Heunggongvirae;Uroviricota;Caudoviricetes","top-genome-hit","accession=DQ840344; proteomic-score=0.085; lca-rank=family","Duplodnaviria","Heunggongvirae","Uroviricota","Caudoviricetes","NULL","NULL","NULL","NULL","Caudovirales","d__Bacteria;p__Firmicutes_A;c__Clostridia;o__Oscillospirales;f__Oscillospiraceae","17","100","d__Bacteria;p__Firmicutes_A;c__Clostridia;o__Oscillospirales;f__Oscillospiraceae;g__Lawsonibacter;s__Lawsonibacter sp900066825","23","95.65","d__Bacteria;p__Firmicutes_A;c__Clostridia;o__Oscillospirales;f__Oscillospiraceae;g__Lawsonibacter;s__Lawsonibacter sp900066825","PHIST","1.03683","0.178845","0.176926","0.0",0.9125,0.0875,"No","temperate","BACPHLIP","No",0,0,"https://portal.nersc.gov/UHGV/votu_reps/UHGV-027/UHGV-0278844",FALSE
"UHGV-1787750","vOTU-142362",12507,"No",51.99,7,76.83,1372.71,0,11,"No",0,0,"Low-quality","13.3","AAI-based","No","Uncertain",0.9683,0,0,"Uncertain - viral or bacterial","3.17",0,0,"vFAM-00066;vSUBFAM-00132;vGENUS-00954;vOTU-142362","root;Duplodnaviria;Heunggongvirae;Uroviricota;Caudoviricetes","geNomad-markers","gene-hits=5; agreement=1","Duplodnaviria","Heunggongvirae","Uroviricota","Caudoviricetes","NULL","NULL","NULL","NULL","Caudovirales","d__Bacteria;p__Bacteroidota;c__Bacteroidia;o__Bacteroidales;f__Bacteroidaceae;g__Phocaeicola;s__Phocaeicola vulgatus","71","73.24","d__Bacteria;p__Bacteroidota;c__Bacteroidia;o__Bacteroidales;f__Bacteroidaceae","1619","93.33","d__Bacteria;p__Bacteroidota;c__Bacteroidia;o__Bacteroidales;f__Bacteroidaceae","PHIST","0.380182","1.08436","NULL","NULL",0.183688,0.816312,"No","lytic","BACPHLIP","No",0,0,"https://portal.nersc.gov/UHGV/votu_reps/UHGV-178/UHGV-1787750",TRUE
"UHGV-0142594","vOTU-139249",43571,"No",56.99,64,91.01,619.594,11.11,11,"No",0,0,"Medium-quality","61.98","HMM-based","No","Confident",0.9764,3,0,"Virus","8.57",12,3,"vFAM-00001;vSUBFAM-00927;vGENUS-01162;vOTU-139249","root;Duplodnaviria;Heunggongvirae;Uroviricota;Caudoviricetes","top-genome-hit","accession=JQ957932; proteomic-score=0.081; lca-rank=family","Duplodnaviria","Heunggongvirae","Uroviricota","Caudoviricetes","NULL","NULL","NULL","NULL","Caudovirales","d__Bacteria;p__Firmicutes_A;c__Clostridia;o__Oscillospirales;f__Ruminococcaceae;g__Faecalibacterium;s__Faecalibacterium sp900539945","1","100","d__Bacteria;p__Firmicutes_A;c__Clostridia;o__Oscillospirales","14","71.43","d__Bacteria;p__Firmicutes_A;c__Clostridia;o__Oscillospirales","PHIST","0.0","1.97018","0.0","0.380482",0.925,0.075,"No","temperate","BACPHLIP","Yes",0,0,"https://portal.nersc.gov/UHGV/votu_reps/UHGV-014/UHGV-0142594",FALSE
"UHGV-2006033","vOTU-135580",10013,"No",45.49,9,87.55,974,18.18,11,"No",0,0,"Low-quality","27.51","AAI-based","Yes","Uncertain",0.9212,2,0,"Uncertain - viral or bacterial","4.17",4,3,"vFAM-00001;vOTU-135580","root;Duplodnaviria;Heunggongvirae;Uroviricota;Caudoviricetes","top-genome-hit","accession=KT361654; proteomic-score=0.058; lca-rank=family","Duplodnaviria","Heunggongvirae","Uroviricota","Caudoviricetes","NULL","NULL","NULL","NULL","Caudovirales","NULL","NULL","NULL","d__Bacteria;p__Firmicutes_A;c__Clostridia;o__Oscillospirales;f__Acutalibacteraceae;g__Scatavimonas;s__Scatavimonas sp900540275","39","97.44","d__Bacteria;p__Firmicutes_A;c__Clostridia;o__Oscillospirales;f__Acutalibacteraceae;g__Scatavimonas;s__Scatavimonas sp900540275","PHIST","NULL","0.119247","NULL","NULL",0.0397738,0.960226,"No","lytic","BACPHLIP","No",0,0,"https://portal.nersc.gov/UHGV/votu_reps/UHGV-200/UHGV-2006033",FALSE
"UHGV-1363510","vOTU-000317",46735,"No",48.44,67,92.82,647.463,3.03,11,"No",2,0,"Complete","100","DTR","No","Confident",0.9814,11,0,"Virus","89.48",31,0,"vFAM-00001;vSUBFAM-00114;vGENUS-00207;vSUBGEN-02076;vOTU-000317","root;Duplodnaviria;Heunggongvirae;Uroviricota;Caudoviricetes","top-genome-hit","accession=LN681542; proteomic-score=0.124; lca-rank=family","Duplodnaviria","Heunggongvirae","Uroviricota","Caudoviricetes","NULL","NULL","NULL","NULL","Caudovirales","d__Bacteria;p__Firmicutes_A;c__Clostridia;o__Oscillospirales","105","96.19","d__Bacteria;p__Firmicutes_A;c__Clostridia;o__Oscillospirales;f__Oscillospiraceae","42","83.33","d__Bacteria;p__Firmicutes_A;c__Clostridia;o__Oscillospirales","CRISPR","1.78644","1.61949","0.20997","0.098093",0.9875,0.0125,"No","temperate","BACPHLIP","Yes",0,0,"https://portal.nersc.gov/UHGV/votu_reps/UHGV-136/UHGV-1363510",FALSE
"UHGV-1449890","vOTU-060803",58802,"No",45.27,82,92.28,661.756,1.28,11,"No",1,0,"High-quality","97.82","AAI-based","No","Confident",0.9818,8,0,"Virus","23.44",34,1,"vFAM-00017;vSUBFAM-00014;vGENUS-00242;vSUBGEN-00220;vOTU-060803","root;Duplodnaviria;Heunggongvirae;Uroviricota;Caudoviricetes","top-genome-hit","accession=MG711463; proteomic-score=0.250; lca-rank=family","Duplodnaviria","Heunggongvirae","Uroviricota","Caudoviricetes","NULL","NULL","NULL","NULL","Caudovirales","d__Bacteria;p__Firmicutes_A;c__Clostridia","31","100","d__Bacteria;p__Firmicutes_A","55","60","d__Bacteria;p__Firmicutes_A","PHIST","1.56726","2.94184","0.117442","0.827626",0.95,0.05,"No","temperate","BACPHLIP","Yes",0,0,"https://portal.nersc.gov/UHGV/votu_reps/UHGV-144/UHGV-1449890",FALSE
"UHGV-2150245","vOTU-016844",13834,"No",55.77,21,91.54,603,5,11,"No",0,0,"Low-quality","10.09","HMM-based","No","Uncertain",0.9232,0,0,"Uncertain - viral or bacterial","2.37",2,1,"vFAM-00001;vSUBFAM-01597;vOTU-016844","root;Duplodnaviria;Heunggongvirae;Uroviricota;Caudoviricetes","geNomad-markers","gene-hits=8; agreement=1","Duplodnaviria","Heunggongvirae","Uroviricota","Caudoviricetes","NULL","NULL","NULL","NULL","Caudovirales","NULL","NULL","NULL","d__Bacteria;p__Firmicutes_A;c__Clostridia;o__Oscillospirales;f__Oscillospiraceae;g__Flavonifractor;s__Flavonifractor plautii","360","78.61","d__Bacteria;p__Firmicutes_A;c__Clostridia;o__Oscillospirales;f__Oscillospiraceae;g__Flavonifractor;s__Flavonifractor plautii","PHIST","NULL","0.913285","NULL","NULL",0.128239,0.871761,"No","temperate","geNomad","No",1,0,"https://portal.nersc.gov/UHGV/votu_reps/UHGV-215/UHGV-2150245",FALSE
"UHGV-1963607","vOTU-016847",13714,"No",66.38,22,95.79,597.136,8.7,11,"No",0,0,"Low-quality","18.45","HMM-based","Yes","Confident",0.8667,8,0,"Virus","15.84",6,2,"vFAM-00022;vSUBFAM-03583;vOTU-016847","root;Duplodnaviria;Heunggongvirae;Uroviricota;Caudoviricetes","geNomad-markers","gene-hits=14; agreement=1","Duplodnaviria","Heunggongvirae","Uroviricota","Caudoviricetes","NULL","NULL","NULL","NULL","Caudovirales","NULL","NULL","NULL","d__Bacteria;p__Firmicutes_A;c__Clostridia;o__Oscillospirales;f__Oscillospiraceae;g__Lawsonibacter;s__Lawsonibacter sp900066825","110","99.09","d__Bacteria;p__Firmicutes_A;c__Clostridia;o__Oscillospirales;f__Oscillospiraceae;g__Lawsonibacter;s__Lawsonibacter sp900066825","PHIST","NULL","0.0517811","NULL","NULL",0.00247797,0.997522,"No","lytic","BACPHLIP","No",0,0,"https://portal.nersc.gov/UHGV/votu_reps/UHGV-196/UHGV-1963607",TRUE
"UHGV-2133137","vOTU-016843",12067,"No",39.21,18,90.79,608.667,0,11,"No",1,0,"Low-quality","7.49","HMM-based","No","Uncertain",0.9324,0,0,"Uncertain - viral or bacterial","5.69",2,1,"vFAM-00020;vOTU-016843","root;Duplodnaviria;Heunggongvirae;Uroviricota;Caudoviricetes","geNomad-markers","gene-hits=6; agreement=1","Duplodnaviria","Heunggongvirae","Uroviricota","Caudoviricetes","NULL","NULL","NULL","NULL","Caudovirales","NULL","NULL","NULL","d__Bacteria;p__Firmicutes_A;c__Clostridia;o__Lachnospirales;f__Lachnospiraceae;g__Blautia_A;s__Blautia_A faecis","90","77.78","d__Bacteria;p__Firmicutes_A;c__Clostridia;o__Lachnospirales;f__Lachnospiraceae;g__Blautia_A;s__Blautia_A faecis","PHIST","NULL","0.901903","NULL","NULL",1,0,"No","temperate","BACPHLIP","No",0,0,"https://portal.nersc.gov/UHGV/votu_reps/UHGV-213/UHGV-2133137",FALSE
"UHGV-1367968","vOTU-002629",50421,"No",36.66,66,91.09,695.864,3.03,11,"No",1,0,"Complete","100","DTR","No","Confident",0.9787,6,0,"Virus","21.31",12,1,"vFAM-00001;vSUBFAM-00111;vGENUS-00102;vSUBGEN-00086;vOTU-002629","root;Duplodnaviria;Heunggongvirae;Uroviricota;Caudoviricetes","top-genome-hit","accession=EF462198; proteomic-score=0.072; lca-rank=family","Duplodnaviria","Heunggongvirae","Uroviricota","Caudoviricetes","NULL","NULL","NULL","NULL","Caudovirales","d__Bacteria;p__Bacteroidota;c__Bacteroidia;o__Bacteroidales","86","100","d__Bacteria;p__Bacteroidota","11","45.45","d__Bacteria;p__Bacteroidota;c__Bacteroidia;o__Bacteroidales","CRISPR","1.32413","1.41428","0.072438","0.827626",0.066603,0.933397,"No","lytic","BACPHLIP","No",0,0,"https://portal.nersc.gov/UHGV/votu_reps/UHGV-136/UHGV-1367968",FALSE
"UHGV-1522251","vOTU-086545",44915,"No",40.91,54,86.85,722.389,13.21,11,"No",1,0,"High-quality","99.9","AAI-based","No","Confident",0.9589,5,0,"Uncertain - viral or bacterial","4.96",5,0,"vFAM-00028;vSUBFAM-00482;vGENUS-02790;vSUBGEN-12838;vOTU-086545","root;Duplodnaviria;Heunggongvirae;Uroviricota;Caudoviricetes","geNomad-markers","gene-hits=32; agreement=1","Duplodnaviria","Heunggongvirae","Uroviricota","Caudoviricetes","NULL","NULL","NULL","NULL","Caudovirales","d__Bacteria;p__Bacteroidota;c__Bacteroidia;o__Bacteroidales;f__Bacteroidaceae;g__Bacteroides","34","94.12","d__Bacteria;p__Bacteroidota;c__Bacteroidia;o__Bacteroidales;f__Bacteroidaceae;g__Bacteroides;s__Bacteroides thetaiotaomicron","102","95.1","d__Bacteria;p__Bacteroidota;c__Bacteroidia;o__Bacteroidales;f__Bacteroidaceae;g__Bacteroides;s__Bacteroides thetaiotaomicron","PHIST","0.223718","0.0","0.0","0.0",0.9,0.1,"No","temperate","BACPHLIP","No",0,0,"https://portal.nersc.gov/UHGV/votu_reps/UHGV-152/UHGV-1522251",FALSE
"UHGV-1369227","vOTU-007733",42496,"No",50.95,40,85.3,906.225,12.96,11,"No",0,0,"Complete","100","ITR","Yes","Confident",0.9715,9,0,"Virus","29.79",8,4,"vFAM-00066;vSUBFAM-00132;vGENUS-10145;vSUBGEN-12953;vOTU-007733","root;Duplodnaviria;Heunggongvirae;Uroviricota;Caudoviricetes","geNomad-markers","gene-hits=40; agreement=1","Duplodnaviria","Heunggongvirae","Uroviricota","Caudoviricetes","NULL","NULL","NULL","NULL","Caudovirales","d__Bacteria;p__Bacteroidota;c__Bacteroidia;o__Bacteroidales","198","99.49","d__Bacteria;p__Bacteroidota;c__Bacteroidia;o__Bacteroidales;f__Bacteroidaceae","804","76.24","d__Bacteria;p__Bacteroidota;c__Bacteroidia;o__Bacteroidales;f__Bacteroidaceae","PHIST","1.29045","1.34842","0.153919","0.122135",1,0,"No","temperate","BACPHLIP","No",0,0,"https://portal.nersc.gov/UHGV/votu_reps/UHGV-136/UHGV-1369227",FALSE
"UHGV-2162837","vOTU-027102",16348,"No",59.94,11,90.71,1348.09,60,11,"No",0,0,"Low-quality","24.46","HMM-based","No","Uncertain",0.8765,3,0,"Uncertain - viral or bacterial","1.28",1,0,"vFAM-00022;vOTU-027102","root;Duplodnaviria;Heunggongvirae;Uroviricota;Caudoviricetes","geNomad-markers","gene-hits=7; agreement=1","Duplodnaviria","Heunggongvirae","Uroviricota","Caudoviricetes","NULL","NULL","NULL","NULL","Caudovirales","NULL","NULL","NULL","d__Bacteria;p__Firmicutes_A;c__Clostridia;o__Oscillospirales;f__Oscillospiraceae;g__Flavonifractor;s__Flavonifractor plautii","492","98.78","d__Bacteria;p__Firmicutes_A;c__Clostridia;o__Oscillospirales;f__Oscillospiraceae;g__Flavonifractor;s__Flavonifractor plautii","PHIST","NULL","0.076441","NULL","NULL",0,1,"No","lytic","BACPHLIP","No",0,0,"https://portal.nersc.gov/UHGV/votu_reps/UHGV-216/UHGV-2162837",FALSE
"UHGV-0252048","vOTU-005046",46664,"No",42.07,79,90.44,534.19,15.38,11,"No",1,0,"Complete","100","DTR","No","Confident",0.9766,6,0,"Virus","54.45",19,0,"vFAM-00010;vSUBFAM-01933;vGENUS-10227;vSUBGEN-13145;vOTU-005046","root;Duplodnaviria;Heunggongvirae;Uroviricota;Caudoviricetes","geNomad-markers","gene-hits=43; agreement=1","Duplodnaviria","Heunggongvirae","Uroviricota","Caudoviricetes","NULL","NULL","NULL","NULL","Caudovirales","d__Bacteria;p__Firmicutes_A;c__Clostridia;o__Lachnospirales;f__Lachnospiraceae;g__Blautia","294","98.98","d__Bacteria;p__Firmicutes_A;c__Clostridia;o__Lachnospirales;f__Lachnospiraceae;g__Blautia;s__Blautia sp001304935","9","100","d__Bacteria;p__Firmicutes_A;c__Clostridia;o__Lachnospirales;f__Lachnospiraceae;g__Blautia","CRISPR","0.0569372","0.0","0.0","0.0",0.8375,0.1625,"No","temperate","BACPHLIP","Yes",0,0,"https://portal.nersc.gov/UHGV/votu_reps/UHGV-025/UHGV-0252048",TRUE
"UHGV-0144133","vOTU-105263",16219,"No",49.45,26,86.05,536.769,24,11,"No",1,0,"Low-quality","15.58","AAI-based","No","Confident",0.9702,5,0,"Virus","18.97",4,1,"vFAM-00111;vSUBFAM-00351;vOTU-105263","root;Duplodnaviria;Heunggongvirae;Uroviricota;Caudoviricetes;Winoviridae","top-genome-hit","accession=MT732475; proteomic-score=0.076; lca-rank=family","Duplodnaviria","Heunggongvirae","Uroviricota","Caudoviricetes","NULL","Winoviridae","NULL","NULL","Caudovirales","d__Bacteria;p__Bacteroidota;c__Bacteroidia;o__Bacteroidales;f__Tannerellaceae;g__Parabacteroides;s__Parabacteroides merdae","20","95","d__Bacteria;p__Bacteroidota;c__Bacteroidia;o__Bacteroidales","1186","99.16","d__Bacteria;p__Bacteroidota;c__Bacteroidia;o__Bacteroidales","PHIST","0.0","1.59573","NULL","NULL",0.026417,0.973583,"No","lytic","BACPHLIP","No",0,0,"https://portal.nersc.gov/UHGV/votu_reps/UHGV-014/UHGV-0144133",TRUE
"UHGV-0131394","vOTU-084740",49413,"No",52.92,73,93.5,632.877,2.78,11,"No",2,0,"High-quality","99.9","AAI-based","No","Confident",0.9802,17,0,"Virus","67.11",34,0,"vFAM-00001;vSUBFAM-00505;vGENUS-10333;vSUBGEN-13391;vOTU-084740","root;Duplodnaviria;Heunggongvirae;Uroviricota;Caudoviricetes","top-genome-hit","accession=LN681542; proteomic-score=0.150; lca-rank=family","Duplodnaviria","Heunggongvirae","Uroviricota","Caudoviricetes","NULL","NULL","NULL","NULL","Caudovirales","d__Bacteria;p__Firmicutes_A;c__Clostridia;o__Oscillospirales","84","96.43","d__Bacteria;p__Firmicutes_A;c__Clostridia;o__Oscillospirales;f__Oscillospiraceae","39","89.74","d__Bacteria;p__Firmicutes_A;c__Clostridia;o__Oscillospirales","CRISPR","1.75265","1.59664","0.25452","0.098093",0.2125,0.7875,"No","lytic","BACPHLIP","Yes",0,0,"https://portal.nersc.gov/UHGV/votu_reps/UHGV-013/UHGV-0131394",FALSE
"UHGV-0082428","vOTU-015003",124432,"No",34.45,157,86.89,688.643,2.58,11,"No",30,0,"Complete","100","DTR","No","Confident",0.978,8,0,"Uncertain - viral or bacterial","-1.59",31,10,"vFAM-00044;vSUBFAM-05122;vGENUS-10400;vSUBGEN-13544;vOTU-015003","root;Duplodnaviria;Heunggongvirae;Uroviricota;Caudoviricetes","geNomad-markers","gene-hits=74; agreement=1","Duplodnaviria","Heunggongvirae","Uroviricota","Caudoviricetes","NULL","NULL","NULL","NULL","Caudovirales","NULL","NULL","NULL","NULL","NULL","NULL","NULL","NULL","NULL","NULL","NULL","NULL",0.225,0.775,"No","lytic","BACPHLIP","No",0,0,"https://portal.nersc.gov/UHGV/votu_reps/UHGV-008/UHGV-0082428",FALSE
"UHGV-0384855","vOTU-153406",25744,"No",41.64,33,94.32,735.818,9.38,11,"No",0,0,"Medium-quality","66.17","AAI-based","No","Confident",0.9821,8,0,"Virus","33.42",22,0,"vFAM-00011;vSUBFAM-00337;vGENUS-02872;vOTU-153406","root;Duplodnaviria;Heunggongvirae;Uroviricota;Caudoviricetes","top-genome-hit","accession=KJ094023; proteomic-score=0.131; lca-rank=family","Duplodnaviria","Heunggongvirae","Uroviricota","Caudoviricetes","NULL","NULL","NULL","NULL","Caudovirales","d__Bacteria;p__Firmicutes;c__Bacilli;o__Lactobacillales;f__Streptococcaceae;g__Streptococcus","8","87.5","NULL","NULL","NULL","d__Bacteria;p__Firmicutes;c__Bacilli;o__Lactobacillales;f__Streptococcaceae;g__Streptococcus","CRISPR","0.37677","NULL","0.003443","NULL",0.8875,0.1125,"No","temperate","BACPHLIP","No",1,0,"https://portal.nersc.gov/UHGV/votu_reps/UHGV-038/UHGV-0384855",FALSE
"UHGV-0382719","vOTU-111976",11825,"No",45.36,15,93.56,737.6,0,11,"No",0,0,"Low-quality","29.87","AAI-based","No","Confident",0.7578,9,0,"Virus","26.82",9,0,"vFAM-00035;vOTU-111976","root;Duplodnaviria;Heunggongvirae;Uroviricota;Caudoviricetes","top-genome-hit","accession=KF296718; proteomic-score=0.134; lca-rank=family","Duplodnaviria","Heunggongvirae","Uroviricota","Caudoviricetes","NULL","NULL","NULL","NULL","Caudovirales","NULL","NULL","NULL","d__Bacteria;p__Firmicutes_A;c__Clostridia;o__Lachnospirales;f__Anaerotignaceae;g__Metalachnospira","5","100","d__Bacteria;p__Firmicutes_A;c__Clostridia;o__Lachnospirales;f__Anaerotignaceae;g__Metalachnospira","PHIST","NULL","0.0","NULL","NULL",0.188122,0.811878,"No","lytic","BACPHLIP","No",0,0,"https://portal.nersc.gov/UHGV/votu_reps/UHGV-038/UHGV-0382719",FALSE
"UHGV-2055146","vOTU-015472",13244,"No",44.01,17,89.9,700.412,31.25,11,"No",0,0,"Low-quality","27.39","AAI-based","No","Uncertain",0.8793,0,0,"Uncertain - viral or bacterial","-5.89",1,1,"vFAM-00048;vOTU-015472","root;Duplodnaviria;Heunggongvirae;Uroviricota;Caudoviricetes","geNomad-markers","gene-hits=9; agreement=1","Duplodnaviria","Heunggongvirae","Uroviricota","Caudoviricetes","NULL","NULL","NULL","NULL","Caudovirales","NULL","NULL","NULL","d__Bacteria;p__Bacteroidota;c__Bacteroidia;o__Bacteroidales;f__Bacteroidaceae;g__Bacteroides","257","93.39","d__Bacteria;p__Bacteroidota;c__Bacteroidia;o__Bacteroidales;f__Bacteroidaceae;g__Bacteroides","PHIST","NULL","0.34863","NULL","NULL",1,0,"Yes","temperate","integrase","No",0,0,"https://portal.nersc.gov/UHGV/votu_reps/UHGV-205/UHGV-2055146",TRUE
"UHGV-2051276","vOTU-008018",9080,"No",56.82,12,98.36,744.25,0,11,"No",0,0,"Medium-quality","58.5","AAI-based","No","Uncertain",0.7642,0,0,"Uncertain - viral or bacterial","1.37",1,0,"vFAM-00258;vOTU-008018","root;Duplodnaviria;Heunggongvirae;Uroviricota;Caudoviricetes","geNomad-markers","gene-hits=1; agreement=1","Duplodnaviria","Heunggongvirae","Uroviricota","Caudoviricetes","NULL","NULL","NULL","NULL","Caudovirales","NULL","NULL","NULL","d__Bacteria;p__Firmicutes_A;c__Clostridia;o__Oscillospirales;f__Oscillospiraceae","193","94.82","d__Bacteria;p__Firmicutes_A;c__Clostridia;o__Oscillospirales;f__Oscillospiraceae","PHIST","NULL","1.53701","NULL","NULL",0.188122,0.811878,"No","lytic","BACPHLIP","No",0,0,"https://portal.nersc.gov/UHGV/votu_reps/UHGV-205/UHGV-2051276",TRUE
"UHGV-1846485","vOTU-096300",32448,"No",39.43,54,87.03,522.944,3.77,11,"No",0,0,"Low-quality","45.58","AAI-based","No","Confident",0.9643,3,0,"Virus","20.2",7,3,"vFAM-00009;vSUBFAM-01014;vGENUS-01760;vOTU-096300","root;Duplodnaviria;Heunggongvirae;Uroviricota;Caudoviricetes","geNomad-markers","gene-hits=31; agreement=1","Duplodnaviria","Heunggongvirae","Uroviricota","Caudoviricetes","NULL","NULL","NULL","NULL","Caudovirales","d__Bacteria;p__Bacteroidota;c__Bacteroidia;o__Bacteroidales;f__Bacteroidaceae","164","98.78","d__Bacteria;p__Bacteroidota;c__Bacteroidia;o__Bacteroidales;f__Bacteroidaceae","1814","98.02","d__Bacteria;p__Bacteroidota;c__Bacteroidia;o__Bacteroidales;f__Bacteroidaceae","PHIST","0.828577","0.81259","NULL","NULL",1,0,"No","temperate","BACPHLIP","Yes",0,0,"https://portal.nersc.gov/UHGV/votu_reps/UHGV-184/UHGV-1846485",TRUE
"UHGV-1479042","vOTU-005778",46691,"No",46.29,53,92.36,813.679,7.69,11,"No",0,0,"Complete","100","ITR","No","Uncertain",0.9573,3,0,"Plasmid","9.28",3,3,"vFAM-00028;vSUBFAM-00344;vGENUS-00375;vSUBGEN-13808;vOTU-005778","root;Duplodnaviria;Heunggongvirae;Uroviricota;Caudoviricetes","geNomad-markers","gene-hits=28; agreement=1","Duplodnaviria","Heunggongvirae","Uroviricota","Caudoviricetes","NULL","NULL","NULL","NULL","Caudovirales","d__Bacteria;p__Bacteroidota;c__Bacteroidia;o__Bacteroidales;f__Bacteroidaceae;g__Bacteroides;s__Bacteroides uniformis","151","94.7","d__Bacteria;p__Bacteroidota;c__Bacteroidia;o__Bacteroidales;f__Bacteroidaceae;g__Bacteroides;s__Bacteroides uniformis","1681","95.95","d__Bacteria;p__Bacteroidota;c__Bacteroidia;o__Bacteroidales;f__Bacteroidaceae;g__Bacteroides;s__Bacteroides uniformis","PHIST","0.137217","0.105927","NULL","NULL",0.0123899,0.98761,"No","lytic","BACPHLIP","No",1,0,"https://portal.nersc.gov/UHGV/votu_reps/UHGV-147/UHGV-1479042",FALSE
"UHGV-0140756","vOTU-160241",11375,"No",40.23,20,86.87,494.1,26.32,11,"No",0,0,"Low-quality","25.24","AAI-based","No","Uncertain",0.918,1,0,"Uncertain - viral or bacterial","-0.58",3,1,"vFAM-00035;vOTU-160241","root;Duplodnaviria;Heunggongvirae;Uroviricota;Caudoviricetes","geNomad-markers","gene-hits=11; agreement=1","Duplodnaviria","Heunggongvirae","Uroviricota","Caudoviricetes","NULL","NULL","NULL","NULL","Caudovirales","NULL","NULL","NULL","d__Bacteria;p__Firmicutes_A;c__Clostridia;o__Lachnospirales;f__Lachnospiraceae;g__Muricomes;s__Muricomes contortus_B","12","91.67","d__Bacteria;p__Firmicutes_A;c__Clostridia;o__Lachnospirales;f__Lachnospiraceae;g__Muricomes;s__Muricomes contortus_B","PHIST","NULL","0.0","NULL","NULL",0.114749,0.885251,"No","lytic","BACPHLIP","No",1,0,"https://portal.nersc.gov/UHGV/votu_reps/UHGV-014/UHGV-0140756",TRUE
"UHGV-0098319","vOTU-019390",39313,"No",54.74,59,91.51,609.763,12.07,11,"No",0,0,"Medium-quality","77.72","HMM-based","No","Confident",0.9669,11,0,"Virus","39.4",14,1,"vFAM-00060;vSUBFAM-02338;vOTU-019390","root;Duplodnaviria;Heunggongvirae;Uroviricota;Caudoviricetes","geNomad-markers","gene-hits=29; agreement=1","Duplodnaviria","Heunggongvirae","Uroviricota","Caudoviricetes","NULL","NULL","NULL","NULL","Caudovirales","d__Bacteria;p__Firmicutes_A;c__Clostridia;o__Oscillospirales;f__Ruminococcaceae;g__Ruthenibacterium","5","100","d__Bacteria;p__Firmicutes_A;c__Clostridia;o__Oscillospirales;f__Ruminococcaceae;g__Ruthenibacterium;s__Ruthenibacterium merdipullorum","5","100","d__Bacteria;p__Firmicutes_A;c__Clostridia;o__Oscillospirales;f__Ruminococcaceae;g__Ruthenibacterium","CRISPR","0.0","0.0","0.0","0.0",0.8875,0.1125,"Yes","temperate","integrase","No",0,0,"https://portal.nersc.gov/UHGV/votu_reps/UHGV-009/UHGV-0098319",FALSE
"UHGV-1988275","vOTU-019396",13090,"No",41.18,17,95.89,738.353,0,11,"No",0,0,"Low-quality","16","HMM-based","No","Uncertain",0.8673,7,0,"Chromosome","-9.92",4,2,"vFAM-00001;vOTU-019396","root;Duplodnaviria;Heunggongvirae;Uroviricota;Caudoviricetes","geNomad-markers","gene-hits=9; agreement=1","Duplodnaviria","Heunggongvirae","Uroviricota","Caudoviricetes","NULL","NULL","NULL","NULL","Caudovirales","NULL","NULL","NULL","d__Bacteria;p__Firmicutes_A;c__Clostridia;o__Oscillospirales;f__Acutalibacteraceae;g__UMGS1071;s__UMGS1071 sp900542375","120","75.83","d__Bacteria;p__Firmicutes_A;c__Clostridia;o__Oscillospirales;f__Acutalibacteraceae;g__UMGS1071;s__UMGS1071 sp900542375","PHIST","NULL","0.0481943","NULL","NULL",0.188122,0.811878,"No","lytic","BACPHLIP","No",0,0,"https://portal.nersc.gov/UHGV/votu_reps/UHGV-198/UHGV-1988275",TRUE
"UHGV-1983286","vOTU-041254",15754,"No",49.58,20,84.21,663.3,15.79,11,"No",0,0,"Low-quality","10.77","HMM-based","No","Uncertain",0.9252,1,0,"Uncertain - viral or bacterial","3.69",3,3,"vFAM-00060;vSUBFAM-01855;vOTU-041254","root;Duplodnaviria;Heunggongvirae;Uroviricota;Caudoviricetes","geNomad-markers","gene-hits=7; agreement=1","Duplodnaviria","Heunggongvirae","Uroviricota","Caudoviricetes","NULL","NULL","NULL","NULL","Caudovirales","NULL","NULL","NULL","d__Bacteria;p__Firmicutes_A;c__Clostridia;o__Lachnospirales;f__Lachnospiraceae","641","73.79","d__Bacteria;p__Firmicutes_A;c__Clostridia;o__Lachnospirales;f__Lachnospiraceae","PHIST","NULL","2.71468","NULL","NULL",0.0123899,0.98761,"No","lytic","BACPHLIP","No",0,0,"https://portal.nersc.gov/UHGV/votu_reps/UHGV-198/UHGV-1983286",TRUE
"UHGV-0387052","vOTU-066960",40181,"No",42.6,53,94.31,714.962,1.92,11,"No",0,0,"High-quality","99.9","AAI-based","No","Confident",0.9812,10,0,"Virus","87.4",23,2,"vFAM-00001;vSUBFAM-00174;vGENUS-01719;vSUBGEN-13829;vOTU-066960","root;Duplodnaviria;Heunggongvirae;Uroviricota;Caudoviricetes","top-genome-hit","accession=JQ619704; proteomic-score=0.092; lca-rank=family","Duplodnaviria","Heunggongvirae","Uroviricota","Caudoviricetes","NULL","NULL","NULL","NULL","Caudovirales","d__Bacteria;p__Firmicutes_A;c__Clostridia;o__Lachnospirales;f__Lachnospiraceae;g__Ruminococcus_B;s__Ruminococcus_B gnavus","321","83.49","d__Bacteria;p__Firmicutes_A;c__Clostridia;o__Lachnospirales;f__Lachnospiraceae;g__Ruminococcus_B;s__Ruminococcus_B gnavus","82","92.68","d__Bacteria;p__Firmicutes_A;c__Clostridia;o__Lachnospirales;f__Lachnospiraceae;g__Ruminococcus_B;s__Ruminococcus_B gnavus","CRISPR","0.681942","0.33577","0.0","0.0",0.8,0.2,"No","temperate","BACPHLIP","No",0,0,"https://portal.nersc.gov/UHGV/votu_reps/UHGV-038/UHGV-0387052",FALSE
"UHGV-2088853","vOTU-163826",14204,"No",41.09,24,87.8,519.625,8.7,11,"No",0,0,"Low-quality","23.72","AAI-based","No","Uncertain",0.9517,0,0,"Uncertain - viral or bacterial","-4.42",1,1,"vFAM-00007;vOTU-163826","root;Duplodnaviria;Heunggongvirae;Uroviricota;Caudoviricetes","geNomad-markers","gene-hits=5; agreement=1","Duplodnaviria","Heunggongvirae","Uroviricota","Caudoviricetes","NULL","NULL","NULL","NULL","Caudovirales","d__Bacteria;p__Firmicutes_A;c__Clostridia;o__Lachnospirales;f__Lachnospiraceae;g__Roseburia;s__Roseburia intestinalis","393","88.55","d__Bacteria;p__Firmicutes_A;c__Clostridia;o__Lachnospirales;f__Lachnospiraceae;g__Roseburia;s__Roseburia intestinalis","469","87.21","d__Bacteria;p__Firmicutes_A;c__Clostridia;o__Lachnospirales;f__Lachnospiraceae;g__Roseburia;s__Roseburia intestinalis","PHIST","0.181587","0.451793","NULL","NULL",0.0480125,0.951987,"No","lytic","BACPHLIP","No",0,0,"https://portal.nersc.gov/UHGV/votu_reps/UHGV-208/UHGV-2088853",TRUE
"UHGV-0116805","vOTU-027061",24296,"No",47.17,39,93.11,580.077,4.76,11,"No",0,0,"Medium-quality","61.2","AAI-based","Yes","Confident",0.9671,6,0,"Virus","26.98",13,2,"vFAM-00003;vSUBFAM-00095;vOTU-027061","root;Duplodnaviria;Heunggongvirae;Uroviricota;Caudoviricetes","geNomad-markers","gene-hits=26; agreement=0.9853","Duplodnaviria","Heunggongvirae","Uroviricota","Caudoviricetes","NULL","NULL","NULL","NULL","Caudovirales","d__Bacteria;p__Firmicutes_A;c__Clostridia;o__Lachnospirales;f__Lachnospiraceae;g__Enterocloster","168","84.52","d__Bacteria;p__Firmicutes_A;c__Clostridia;o__Lachnospirales;f__Lachnospiraceae;g__Enterocloster;s__Enterocloster bolteae","69","98.55","d__Bacteria;p__Firmicutes_A;c__Clostridia;o__Lachnospirales;f__Lachnospiraceae;g__Enterocloster","CRISPR","0.514484","0.0","0.006967","0.0",1,0,"No","temperate","BACPHLIP","No",1,0,"https://portal.nersc.gov/UHGV/votu_reps/UHGV-011/UHGV-0116805",TRUE
"UHGV-1335343","vOTU-162886",25646,"No",55.2,27,81.44,773.556,34.62,11,"No",3,0,"Medium-quality","62.79","AAI-based","No","Uncertain",0.9446,4,0,"Uncertain - viral or bacterial","-6.42",2,3,"vFAM-00005;vSUBFAM-06986;vGENUS-18640;vOTU-162886","root;Duplodnaviria;Heunggongvirae;Uroviricota;Caudoviricetes","geNomad-markers","gene-hits=12; agreement=1","Duplodnaviria","Heunggongvirae","Uroviricota","Caudoviricetes","NULL","NULL","NULL","NULL","Caudovirales","d__Bacteria;p__Firmicutes_A;c__Clostridia;o__Oscillospirales;f__Ruminococcaceae;g__Faecalibacterium;s__Faecalibacterium prausnitzii_G","5","100","d__Bacteria;p__Firmicutes_A;c__Clostridia;o__Oscillospirales;f__Ruminococcaceae;g__Faecalibacterium;s__Faecalibacterium prausnitzii_G","2715","99.67","d__Bacteria;p__Firmicutes_A;c__Clostridia;o__Oscillospirales;f__Ruminococcaceae;g__Faecalibacterium;s__Faecalibacterium prausnitzii_G","PHIST","0.0","0.0","NULL","NULL",1,0,"Yes","temperate","integrase","No",0,0,"https://portal.nersc.gov/UHGV/votu_reps/UHGV-133/UHGV-1335343",FALSE
"UHGV-2152801","vOTU-098542",27484,"No",48.36,35,90.31,709.2,11.76,11,"No",0,0,"Medium-quality","56.78","AAI-based","No","Confident",0.9638,7,0,"Virus","21.37",8,1,"vFAM-00066;vSUBFAM-00132;vGENUS-10145;vOTU-098542","root;Duplodnaviria;Heunggongvirae;Uroviricota;Caudoviricetes;Winoviridae","top-genome-hit","accession=MT732475; proteomic-score=0.057; lca-rank=family","Duplodnaviria","Heunggongvirae","Uroviricota","Caudoviricetes","NULL","Winoviridae","NULL","NULL","Caudovirales","d__Bacteria;p__Bacteroidota;c__Bacteroidia;o__Bacteroidales","73","100","d__Bacteria;p__Bacteroidota;c__Bacteroidia;o__Bacteroidales;f__Bacteroidaceae","806","75.68","d__Bacteria;p__Bacteroidota;c__Bacteroidia;o__Bacteroidales;f__Bacteroidaceae","PHIST","1.07161","1.2646","0.114932","0.122135",0.05,0.95,"No","lytic","BACPHLIP","No",0,0,"https://portal.nersc.gov/UHGV/votu_reps/UHGV-215/UHGV-2152801",FALSE
"UHGV-1437346","vOTU-155236",7185,"No",34.47,14,85.97,441.214,7.69,11,"No",0,0,"Medium-quality","54.23","AAI-based","No","Confident",0.9794,2,0,"Virus","14.23",4,0,"vFAM-00149;vSUBFAM-02481;vGENUS-20054;vOTU-155236","root;Duplodnaviria;Heunggongvirae;Uroviricota;Caudoviricetes","top-genome-hit","accession=AF424783; proteomic-score=0.060; lca-rank=family","Duplodnaviria","Heunggongvirae","Uroviricota","Caudoviricetes","NULL","NULL","NULL","NULL","Caudovirales","d__Bacteria;p__Firmicutes;c__Bacilli;o__Lactobacillales;f__Streptococcaceae;g__Streptococcus;s__Streptococcus oralis_BO","1","100","d__Bacteria;p__Firmicutes;c__Bacilli;o__Lactobacillales;f__Streptococcaceae;g__Streptococcus","84","100","d__Bacteria;p__Firmicutes;c__Bacilli;o__Lactobacillales;f__Streptococcaceae;g__Streptococcus","PHIST","0.0","0.0","0.0","0.006151",0.0393382,0.960662,"No","lytic","BACPHLIP","No",0,0,"https://portal.nersc.gov/UHGV/votu_reps/UHGV-143/UHGV-1437346",TRUE
"UHGV-2064994","vOTU-068314",109171,"No",47.04,165,87.79,580.855,12.8,11,"No",0,0,"High-quality","99.9","AAI-based","No","Confident",0.9683,9,0,"Virus","25.88",15,7,"vFAM-00111;vSUBFAM-00351;vGENUS-05531;vSUBGEN-14654;vOTU-068314","root;Duplodnaviria;Heunggongvirae;Uroviricota;Caudoviricetes","geNomad-markers","gene-hits=114; agreement=1","Duplodnaviria","Heunggongvirae","Uroviricota","Caudoviricetes","NULL","NULL","NULL","NULL","Caudovirales","d__Bacteria;p__Bacteroidota;c__Bacteroidia;o__Bacteroidales","53","100","d__Bacteria;p__Bacteroidota;c__Bacteroidia;o__Bacteroidales","1312","99.16","d__Bacteria;p__Bacteroidota;c__Bacteroidia;o__Bacteroidales","PHIST","0.855991","1.55063","0.0","0.153919",0.95,0.05,"No","temperate","BACPHLIP","No",1,0,"https://portal.nersc.gov/UHGV/votu_reps/UHGV-206/UHGV-2064994",FALSE
"UHGV-0885991","vOTU-031048",25816,"No",53.6,36,89.42,641.25,11.43,11,"No",0,0,"Medium-quality","69.31","AAI-based","No","Confident",0.9768,8,0,"Virus","30.04",12,0,"vFAM-00006;vOTU-031048","root;Duplodnaviria;Heunggongvirae;Uroviricota;Caudoviricetes","top-genome-hit","accession=JX120799; proteomic-score=0.082; lca-rank=family","Duplodnaviria","Heunggongvirae","Uroviricota","Caudoviricetes","NULL","NULL","NULL","NULL","Caudovirales","d__Bacteria;p__Firmicutes_A;c__Clostridia;o__Christensenellales;f__UMGS416;g__Parachristensenella;s__Parachristensenella avicola","2","100","d__Bacteria;p__Firmicutes_A;c__Clostridia;o__Christensenellales;f__UMGS416;g__Parachristensenella;s__Parachristensenella avicola","1","100","d__Bacteria;p__Firmicutes_A;c__Clostridia;o__Christensenellales;f__UMGS416;g__Parachristensenella;s__Parachristensenella avicola","CRISPR","0.0","0.0","0.0","0.0",0.975,0.025,"No","temperate","BACPHLIP","No",0,0,"https://portal.nersc.gov/UHGV/votu_reps/UHGV-088/UHGV-0885991",FALSE
"UHGV-2161009","vOTU-146326",10931,"No",66.93,10,83.71,915,55.56,11,"No",0,0,"Low-quality","24.59","AAI-based","No","Uncertain",0.8825,3,0,"Uncertain - viral or bacterial","4.15",2,0,"vFAM-00022;vOTU-146326","root;Duplodnaviria;Heunggongvirae;Uroviricota;Caudoviricetes","geNomad-markers","gene-hits=5; agreement=1","Duplodnaviria","Heunggongvirae","Uroviricota","Caudoviricetes","NULL","NULL","NULL","NULL","Caudovirales","d__Bacteria;p__Actinobacteriota;c__Coriobacteriia;o__Coriobacteriales;f__Atopobiaceae;g__Thermophilibacter;s__Thermophilibacter mediterraneus","2","100","d__Bacteria;p__Actinobacteriota;c__Coriobacteriia;o__Coriobacteriales","39","100","d__Bacteria;p__Actinobacteriota;c__Coriobacteriia;o__Coriobacteriales","PHIST","0.0","0.726911","NULL","NULL",1,0,"No","temperate","BACPHLIP","No",0,0,"https://portal.nersc.gov/UHGV/votu_reps/UHGV-216/UHGV-2161009",TRUE
"UHGV-0160620","vOTU-151712",12199,"No",55.29,21,86.1,500.143,30,11,"No",1,0,"Low-quality","25.49","AAI-based","No","Uncertain",0.9717,1,0,"Uncertain - plasmid or chromosomal","-1.12",0,2,"vFAM-00001;vSUBFAM-01597;vGENUS-02732;vOTU-151712","root;Duplodnaviria;Heunggongvirae;Uroviricota;Caudoviricetes","top-genome-hit","accession=MG711461; proteomic-score=0.071; lca-rank=family","Duplodnaviria","Heunggongvirae","Uroviricota","Caudoviricetes","NULL","NULL","NULL","NULL","Caudovirales","d__Bacteria;p__Firmicutes_A;c__Clostridia;o__Oscillospirales;f__Ruminococcaceae;g__Faecalibacterium;s__Faecalibacterium prausnitzii_G","10","80","d__Bacteria;p__Firmicutes_A;c__Clostridia;o__Oscillospirales","28","85.71","d__Bacteria;p__Firmicutes_A;c__Clostridia;o__Oscillospirales","PHIST","0.639032","2.12182","NULL","NULL",0.589455,0.410545,"No","temperate","BACPHLIP","No",0,0,"https://portal.nersc.gov/UHGV/votu_reps/UHGV-016/UHGV-0160620",TRUE
"UHGV-2099086","vOTU-086382",36719,"No",47.31,51,92.27,664.353,2,11,"No",0,0,"High-quality","91.71","AAI-based","No","Confident",0.9749,9,0,"Uncertain - viral or bacterial","4.57",16,2,"vFAM-00003;vSUBFAM-00095;vGENUS-05542;vSUBGEN-14846;vOTU-086382","root;Duplodnaviria;Heunggongvirae;Uroviricota;Caudoviricetes","geNomad-markers","gene-hits=31; agreement=1","Duplodnaviria","Heunggongvirae","Uroviricota","Caudoviricetes","NULL","NULL","NULL","NULL","Caudovirales","d__Bacteria;p__Firmicutes_A;c__Clostridia;o__Lachnospirales;f__Lachnospiraceae;g__Enterocloster","116","93.97","d__Bacteria;p__Firmicutes_A;c__Clostridia;o__Lachnospirales;f__Lachnospiraceae;g__Enterocloster;s__Enterocloster bolteae","105","97.14","d__Bacteria;p__Firmicutes_A;c__Clostridia;o__Lachnospirales;f__Lachnospiraceae;g__Enterocloster","CRISPR","0.252664","0.0","0.0","0.0",0.9625,0.0375,"No","temperate","BACPHLIP","No",0,0,"https://portal.nersc.gov/UHGV/votu_reps/UHGV-209/UHGV-2099086",FALSE
"UHGV-1476878","vOTU-136453",31824,"No",56.65,45,92.2,652.067,2.27,11,"No",0,0,"Medium-quality","57.22","AAI-based","No","Confident",0.9763,8,0,"Virus","20.93",15,2,"vFAM-00008;vSUBFAM-07154;vGENUS-19349;vOTU-136453","root;Duplodnaviria;Heunggongvirae;Uroviricota;Caudoviricetes","geNomad-markers","gene-hits=27; agreement=1","Duplodnaviria","Heunggongvirae","Uroviricota","Caudoviricetes","NULL","NULL","NULL","NULL","Caudovirales","NULL","NULL","NULL","d__Bacteria;p__Firmicutes_A;c__Clostridia;o__Oscillospirales","14","71.43","d__Bacteria;p__Firmicutes_A;c__Clostridia;o__Oscillospirales","PHIST","NULL","2.10658","NULL","0.380482",0.064978,0.935022,"No","lytic","BACPHLIP","No",2,0,"https://portal.nersc.gov/UHGV/votu_reps/UHGV-147/UHGV-1476878",FALSE
"UHGV-2192432","vOTU-114847",49928,"No",51.49,48,88.36,919.125,17.02,11,"No",0,0,"Low-quality","48.76","AAI-based","No","Uncertain",0.9344,4,0,"Plasmid","13.06",8,2,"vFAM-00111;vSUBFAM-00351;vGENUS-05531;vOTU-114847","root;Duplodnaviria;Heunggongvirae;Uroviricota;Caudoviricetes","geNomad-markers","gene-hits=30; agreement=1","Duplodnaviria","Heunggongvirae","Uroviricota","Caudoviricetes","NULL","NULL","NULL","NULL","Caudovirales","d__Bacteria;p__Bacteroidota;c__Bacteroidia;o__Bacteroidales;f__Barnesiellaceae;g__Barnesiella;s__Barnesiella intestinihominis","15","86.67","d__Bacteria;p__Bacteroidota;c__Bacteroidia;o__Bacteroidales","1162","99.23","d__Bacteria;p__Bacteroidota;c__Bacteroidia;o__Bacteroidales","PHIST","0.485094","1.54612","NULL","NULL",0.9625,0.0375,"No","temperate","BACPHLIP","No",1,0,"https://portal.nersc.gov/UHGV/votu_reps/UHGV-219/UHGV-2192432",TRUE
"UHGV-1289669","vOTU-003211",32673,"No",58.49,42,92.49,719.5,4.88,11,"No",0,0,"Complete","100","DTR","No","Confident",0.9739,7,0,"Virus","24.74",14,1,"vFAM-00022;vSUBFAM-00813;vGENUS-10993;vSUBGEN-15137;vOTU-003211","root;Duplodnaviria;Heunggongvirae;Uroviricota;Caudoviricetes","top-genome-hit","accession=MN882550; proteomic-score=0.057; lca-rank=family","Duplodnaviria","Heunggongvirae","Uroviricota","Caudoviricetes","NULL","NULL","NULL","NULL","Caudovirales","d__Bacteria;p__Firmicutes_A;c__Clostridia;o__Oscillospirales;f__Oscillospiraceae","3","100","d__Bacteria;p__Firmicutes_A;c__Clostridia;o__Oscillospirales;f__Oscillospiraceae","21","85.71","d__Bacteria;p__Firmicutes_A;c__Clostridia;o__Oscillospirales;f__Oscillospiraceae","PHIST","1.09861","1.52705","0.20997","0.20997",0.154433,0.845567,"No","lytic","BACPHLIP","Yes",0,0,"https://portal.nersc.gov/UHGV/votu_reps/UHGV-128/UHGV-1289669",FALSE
"UHGV-1854827","vOTU-169413",10359,"No",37.44,12,98.38,849.25,0,11,"No",0,0,"Low-quality","17.3","AAI-based","No","Confident",0.9829,5,0,"Virus","13.11",10,0,"vFAM-00017;vSUBFAM-00014;vOTU-169413","root;Duplodnaviria;Heunggongvirae;Uroviricota;Caudoviricetes;Deejayvirinae","top-genome-hit","accession=MK376953; proteomic-score=0.357; lca-rank=subfamily","Duplodnaviria","Heunggongvirae","Uroviricota","Caudoviricetes","NULL","NULL","Deejayvirinae","NULL","Caudovirales","NULL","NULL","NULL","NULL","NULL","NULL","NULL","NULL","NULL","NULL","NULL","NULL",0.164972,0.835028,"No","lytic","BACPHLIP","No",0,0,"https://portal.nersc.gov/UHGV/votu_reps/UHGV-185/UHGV-1854827",FALSE
"UHGV-1522352","vOTU-007444",125526,"No",49.88,158,88.83,705.76,13.38,11,"No",1,0,"High-quality","99.9","AAI-based","No","Confident",0.963,17,0,"Virus","17.68",11,10,"vFAM-00111;vSUBFAM-00351;vGENUS-11008;vSUBGEN-15178;vOTU-007444","root;Duplodnaviria;Heunggongvirae;Uroviricota;Caudoviricetes","geNomad-markers","gene-hits=101; agreement=1","Duplodnaviria","Heunggongvirae","Uroviricota","Caudoviricetes","NULL","NULL","NULL","NULL","Caudovirales","d__Bacteria;p__Bacteroidota;c__Bacteroidia;o__Bacteroidales;f__Bacteroidaceae","79","91.14","d__Bacteria;p__Bacteroidota;c__Bacteroidia;o__Bacteroidales;f__Bacteroidaceae","1094","94.42","d__Bacteria;p__Bacteroidota;c__Bacteroidia;o__Bacteroidales;f__Bacteroidaceae","PHIST","0.944947","0.939534","0.08874","0.063908",1,0,"Yes","temperate","integrase","Yes",0,0,"https://portal.nersc.gov/UHGV/votu_reps/UHGV-152/UHGV-1522352",FALSE
"UHGV-0183698","vOTU-046811",38964,"No",47.13,42,90.75,841.857,9.76,11,"No",0,0,"Complete","100","DTR","No","Confident",0.9762,11,0,"Virus","14.11",7,4,"vFAM-00066;vSUBFAM-03655;vGENUS-05569;vSUBGEN-15203;vOTU-046811","root;Duplodnaviria;Heunggongvirae;Uroviricota;Caudoviricetes","geNomad-markers","gene-hits=36; agreement=1","Duplodnaviria","Heunggongvirae","Uroviricota","Caudoviricetes","NULL","NULL","NULL","NULL","Caudovirales","d__Bacteria;p__Bacteroidota;c__Bacteroidia;o__Bacteroidales","25","100","d__Bacteria;p__Bacteroidota;c__Bacteroidia;o__Bacteroidales","555","97.84","d__Bacteria;p__Bacteroidota;c__Bacteroidia;o__Bacteroidales","PHIST","0.806817","1.52656","0.0","0.122135",0.2125,0.7875,"No","temperate","geNomad","Yes",0,0,"https://portal.nersc.gov/UHGV/votu_reps/UHGV-018/UHGV-0183698",FALSE
"UHGV-0226103","vOTU-031203",12102,"No",46.75,25,77.44,374.88,4.17,11,"No",0,0,"Low-quality","26.83","AAI-based","No","Confident",0.9672,9,0,"Uncertain - viral or bacterial","3.13",11,3,"vFAM-00001;vSUBFAM-00011;vOTU-031203","root;Duplodnaviria;Heunggongvirae;Uroviricota;Caudoviricetes","top-genome-hit","accession=KF296718; proteomic-score=0.062; lca-rank=family","Duplodnaviria","Heunggongvirae","Uroviricota","Caudoviricetes","NULL","NULL","NULL","NULL","Caudovirales","NULL","NULL","NULL","d__Bacteria;p__Firmicutes_A;c__Clostridia;o__Lachnospirales;f__Lachnospiraceae;g__Eisenbergiella;s__Eisenbergiella porci","11","90.91","d__Bacteria;p__Firmicutes_A;c__Clostridia;o__Lachnospirales;f__Lachnospiraceae;g__Eisenbergiella;s__Eisenbergiella porci","PHIST","NULL","0.304636","NULL","NULL",0.025,0.975,"No","lytic","BACPHLIP","No",0,0,"https://portal.nersc.gov/UHGV/votu_reps/UHGV-022/UHGV-0226103",TRUE
"UHGV-0381817","vOTU-051418",46923,"No",48.63,67,93.02,651.448,3.03,11,"No",4,0,"Complete","100","DTR","No","Confident",0.9818,12,0,"Virus","86.16",30,0,"vFAM-00001;vSUBFAM-00114;vGENUS-00207;vSUBGEN-02076;vOTU-051418","root;Duplodnaviria;Heunggongvirae;Uroviricota;Caudoviricetes","top-genome-hit","accession=LN681542; proteomic-score=0.122; lca-rank=family","Duplodnaviria","Heunggongvirae","Uroviricota","Caudoviricetes","NULL","NULL","NULL","NULL","Caudovirales","d__Bacteria;p__Firmicutes_A;c__Clostridia;o__Oscillospirales","59","98.31","d__Bacteria;p__Firmicutes_A;c__Clostridia;o__Oscillospirales;f__Oscillospiraceae","39","84.62","d__Bacteria;p__Firmicutes_A;c__Clostridia;o__Oscillospirales","CRISPR","1.851","1.59664","0.25452","0.098093",1,0,"No","temperate","BACPHLIP","Yes",0,0,"https://portal.nersc.gov/UHGV/votu_reps/UHGV-038/UHGV-0381817",FALSE
"UHGV-1471268","vOTU-155512",42289,"No",53.02,55,91.46,703.2,1.85,11,"No",0,0,"Medium-quality","87.74","AAI-based","No","Confident",0.9766,12,0,"Virus","25.28",15,2,"vFAM-00001;vSUBFAM-00411;vGENUS-06840;vOTU-155512","root;Duplodnaviria;Heunggongvirae;Uroviricota;Caudoviricetes;Lagaffevirus","top-genome-hit","accession=MG711461; proteomic-score=0.828; lca-rank=genus","Duplodnaviria","Heunggongvirae","Uroviricota","Caudoviricetes","NULL","NULL","NULL","Lagaffevirus","Caudovirales","d__Bacteria;p__Firmicutes_A;c__Clostridia","48","97.92","d__Bacteria;p__Firmicutes_A;c__Clostridia","111","99.1","d__Bacteria;p__Firmicutes_A;c__Clostridia","PHIST","2.19483","2.66896","0.313662","0.256539",0.075,0.925,"No","lytic","BACPHLIP","No",0,0,"https://portal.nersc.gov/UHGV/votu_reps/UHGV-147/UHGV-1471268",TRUE
"UHGV-2081861","vOTU-065077",37029,"No",56.74,53,87.71,612.792,5.08,11,"No",0,0,"High-quality","99.9","Provirus","Yes","Confident",0.9729,12,0,"Virus","48.12",16,6,"vFAM-00060;vSUBFAM-05284;vGENUS-11095;vSUBGEN-15395;vOTU-065077","root;Duplodnaviria;Heunggongvirae;Uroviricota;Caudoviricetes","geNomad-markers","gene-hits=32; agreement=1","Duplodnaviria","Heunggongvirae","Uroviricota","Caudoviricetes","NULL","NULL","NULL","NULL","Caudovirales","d__Bacteria;p__Firmicutes_A;c__Clostridia;o__Oscillospirales;f__Ruminococcaceae;g__Ruthenibacterium;s__Ruthenibacterium lactatiformans","29","100","d__Bacteria;p__Firmicutes_A;c__Clostridia;o__Oscillospirales;f__Ruminococcaceae;g__Ruthenibacterium;s__Ruthenibacterium lactatiformans","65","95.38","d__Bacteria;p__Firmicutes_A;c__Clostridia;o__Oscillospirales;f__Ruminococcaceae;g__Ruthenibacterium;s__Ruthenibacterium lactatiformans","PHIST","0.0","0.216408","0.0","0.0",1,0,"No","temperate","BACPHLIP","No",1,0,"https://portal.nersc.gov/UHGV/votu_reps/UHGV-208/UHGV-2081861",FALSE
"UHGV-0039943","vOTU-013513",43879,"No",43.22,65,91.22,615.785,19.44,11,"No",0,0,"High-quality","99.9","AAI-based","Yes","Confident",0.9669,8,0,"Virus","50.6",20,3,"vFAM-00003;vSUBFAM-02391;vGENUS-11119;vSUBGEN-15441;vOTU-013513","root;Duplodnaviria;Heunggongvirae;Uroviricota;Caudoviricetes","geNomad-markers","gene-hits=34; agreement=1","Duplodnaviria","Heunggongvirae","Uroviricota","Caudoviricetes","NULL","NULL","NULL","NULL","Caudovirales","d__Bacteria;p__Firmicutes_A;c__Clostridia;o__Lachnospirales;f__Lachnospiraceae;g__Blautia;s__Blautia sp001304935","203","87.68","d__Bacteria;p__Firmicutes_A;c__Clostridia;o__Lachnospirales;f__Lachnospiraceae;g__Blautia;s__Blautia sp001304935","25","88","d__Bacteria;p__Firmicutes_A;c__Clostridia;o__Lachnospirales;f__Lachnospiraceae;g__Blautia;s__Blautia sp001304935","CRISPR","0.170625","0.443307","0.0","0.0",0.9875,0.0125,"Yes","temperate","integrase","No",0,0,"https://portal.nersc.gov/UHGV/votu_reps/UHGV-003/UHGV-0039943",FALSE
"UHGV-0340997","vOTU-006615",65744,"No",57.75,96,93.87,642.875,4.21,11,"No",0,0,"Complete","100","DTR","No","Confident",0.9813,12,0,"Virus","58.64",29,1,"vFAM-00001;vSUBFAM-00927;vGENUS-01162;vSUBGEN-03607;vOTU-006615","root;Duplodnaviria;Heunggongvirae;Uroviricota;Caudoviricetes","top-genome-hit","accession=MG711465; proteomic-score=0.060; lca-rank=family","Duplodnaviria","Heunggongvirae","Uroviricota","Caudoviricetes","NULL","NULL","NULL","NULL","Caudovirales","d__Bacteria;p__Firmicutes_A;c__Clostridia;o__Oscillospirales;f__Ruminococcaceae;g__Faecalibacterium;s__Faecalibacterium sp900539945","1","100","d__Bacteria;p__Firmicutes_A;c__Clostridia;o__Oscillospirales","15","73.33","d__Bacteria;p__Firmicutes_A;c__Clostridia;o__Oscillospirales","PHIST","0.0","2.11865","0.0","0.380482",0.925,0.075,"No","temperate","BACPHLIP","Yes",2,0,"https://portal.nersc.gov/UHGV/votu_reps/UHGV-034/UHGV-0340997",FALSE
"UHGV-0150126","vOTU-137932",18297,"No",46.78,28,86.08,562.5,14.81,11,"No",0,0,"Low-quality","37.8","AAI-based","No","Confident",0.9774,3,0,"Virus","21.88",5,0,"vFAM-00066;vSUBFAM-00132;vGENUS-10145;vOTU-137932","root;Duplodnaviria;Heunggongvirae;Uroviricota;Caudoviricetes","geNomad-markers","gene-hits=24; agreement=1","Duplodnaviria","Heunggongvirae","Uroviricota","Caudoviricetes","NULL","NULL","NULL","NULL","Caudovirales","d__Bacteria;p__Bacteroidota;c__Bacteroidia;o__Bacteroidales","32","100","d__Bacteria;p__Bacteroidota;c__Bacteroidia;o__Bacteroidales;f__Bacteroidaceae","794","76.83","d__Bacteria;p__Bacteroidota;c__Bacteroidia;o__Bacteroidales;f__Bacteroidaceae","PHIST","1.18926","1.26944","NULL","NULL",0.0258632,0.974137,"No","temperate","geNomad","No",0,0,"https://portal.nersc.gov/UHGV/votu_reps/UHGV-015/UHGV-0150126",TRUE
"UHGV-0047100","vOTU-159898",13322,"No",42.55,30,89.56,397.7,3.45,11,"No",0,0,"Low-quality","29.85","AAI-based","No","Confident",0.979,1,0,"Uncertain - viral or bacterial","4.89",5,1,"vFAM-00003;vSUBFAM-04151;vGENUS-06825;vOTU-159898","root;Duplodnaviria;Heunggongvirae;Uroviricota;Caudoviricetes","geNomad-markers","gene-hits=13; agreement=1","Duplodnaviria","Heunggongvirae","Uroviricota","Caudoviricetes","NULL","NULL","NULL","NULL","Caudovirales","NULL","NULL","NULL","d__Bacteria;p__Firmicutes_A;c__Clostridia;o__Lachnospirales;f__Lachnospiraceae;g__Blautia_A;s__Blautia_A hydrogenotrophica","31","70.97","d__Bacteria;p__Firmicutes_A;c__Clostridia;o__Lachnospirales;f__Lachnospiraceae;g__Blautia_A;s__Blautia_A hydrogenotrophica","PHIST","NULL","0.973558","NULL","NULL",0.000494723,0.999505,"No","lytic","BACPHLIP","No",1,0,"https://portal.nersc.gov/UHGV/votu_reps/UHGV-004/UHGV-0047100",TRUE
"UHGV-0352182","vOTU-060026",6712,"No",39.05,9,90.29,673.333,0,11,"No",0,0,"High-quality","99.9","AAI-based","No","Confident",0.9825,2,0,"Virus","11.86",4,0,"vFAM-00030;vSUBFAM-00119;vGENUS-00056;vSUBGEN-00035;vOTU-060026","root;Monodnaviria;Sangervirae;Phixviricota;Malgrandaviricetes;Petitvirales;Microviridae","top-genome-hit","accession=AJ270057; proteomic-score=0.055; lca-rank=family","Monodnaviria","Sangervirae","Phixviricota","Malgrandaviricetes","Petitvirales","Microviridae","NULL","NULL","Microviridae","d__Bacteria;p__Bacteroidota;c__Bacteroidia;o__Bacteroidales;f__Bacteroidaceae;g__Bacteroides;s__Bacteroides stercoris","5","100","NULL","NULL","NULL","d__Bacteria;p__Bacteroidota;c__Bacteroidia;o__Bacteroidales;f__Bacteroidaceae;g__Bacteroides;s__Bacteroides stercoris","CRISPR","0.0","NULL","0.0","NULL",0.188122,0.811878,"No","lytic","BACPHLIP","No",0,0,"https://portal.nersc.gov/UHGV/votu_reps/UHGV-035/UHGV-0352182",TRUE
"UHGV-2058757","vOTU-014434",48622,"No",41.17,82,91.9,544.939,13.58,11,"No",0,0,"High-quality","99.9","AAI-based","No","Confident",0.9774,11,0,"Virus","76.85",26,0,"vFAM-00001;vSUBFAM-00108;vGENUS-01264;vSUBGEN-03634;vOTU-014434","root;Duplodnaviria;Heunggongvirae;Uroviricota;Caudoviricetes","top-genome-hit","accession=LN681542; proteomic-score=0.101; lca-rank=family","Duplodnaviria","Heunggongvirae","Uroviricota","Caudoviricetes","NULL","NULL","NULL","NULL","Caudovirales","d__Bacteria;p__Firmicutes_A;c__Clostridia;o__Lachnospirales;f__Lachnospiraceae;g__Roseburia;s__Roseburia intestinalis","72","76.39","d__Bacteria;p__Firmicutes_A;c__Clostridia;o__Lachnospirales;f__Lachnospiraceae;g__Roseburia;s__Roseburia intestinalis","151","95.36","d__Bacteria;p__Firmicutes_A;c__Clostridia;o__Lachnospirales;f__Lachnospiraceae;g__Roseburia;s__Roseburia intestinalis","PHIST","0.539657","0.079611","0.0","0.0",0.825,0.175,"No","temperate","BACPHLIP","No",0,0,"https://portal.nersc.gov/UHGV/votu_reps/UHGV-205/UHGV-2058757",FALSE
"UHGV-0224596","vOTU-049239",42964,"No",61.62,47,95.35,871.596,8.7,11,"No",0,0,"Complete","100","DTR","No","Confident",0.9789,6,0,"Virus","39.07",12,0,"vFAM-00005;vSUBFAM-02939;vGENUS-03926;vSUBGEN-16055;vOTU-049239","root;Duplodnaviria;Heunggongvirae;Uroviricota;Caudoviricetes","top-genome-hit","accession=MK977715; proteomic-score=0.077; lca-rank=family","Duplodnaviria","Heunggongvirae","Uroviricota","Caudoviricetes","NULL","NULL","NULL","NULL","Caudovirales","d__Bacteria;p__Firmicutes_A;c__Clostridia;o__Oscillospirales;f__Oscillospiraceae;g__Flavonifractor;s__Flavonifractor plautii","18","88.89","d__Bacteria;p__Firmicutes_A;c__Clostridia;o__Oscillospirales;f__Oscillospiraceae;g__Flavonifractor;s__Flavonifractor plautii","11","90.91","d__Bacteria;p__Firmicutes_A;c__Clostridia;o__Oscillospirales;f__Oscillospiraceae;g__Flavonifractor;s__Flavonifractor plautii","CRISPR","0.214559","0.304636","0.0","0.0",1,0,"No","temperate","BACPHLIP","No",0,0,"https://portal.nersc.gov/UHGV/votu_reps/UHGV-022/UHGV-0224596",FALSE
"UHGV-1917515","vOTU-129823",20203,"No",44.25,21,85.62,823.714,10,11,"No",0,0,"Low-quality","13.63","AAI-based","No","Uncertain",0.8382,2,0,"Uncertain - viral or bacterial","-5.24",0,1,"vFAM-00048;vSUBFAM-04830;vGENUS-09135;vOTU-129823","root;Duplodnaviria;Heunggongvirae;Uroviricota;Caudoviricetes","top-genome-hit","accession=LC168164; proteomic-score=0.063; lca-rank=family","Duplodnaviria","Heunggongvirae","Uroviricota","Caudoviricetes","NULL","NULL","NULL","NULL","Caudovirales","NULL","NULL","NULL","d__Bacteria;p__Bacteroidota;c__Bacteroidia;o__Bacteroidales;f__Bacteroidaceae","246","78.05","d__Bacteria;p__Bacteroidota;c__Bacteroidia;o__Bacteroidales;f__Bacteroidaceae","PHIST","NULL","1.32436","NULL","NULL",1,0,"Yes","temperate","integrase","No",0,0,"https://portal.nersc.gov/UHGV/votu_reps/UHGV-191/UHGV-1917515",FALSE
"UHGV-2049192","vOTU-026965",13680,"No",42.83,7,96.73,1890.43,0,11,"No",0,0,"Low-quality","18.01","AAI-based","No","Uncertain",0.9521,0,0,"Uncertain - viral or bacterial","3.59",0,1,"vFAM-00001;vOTU-026965","root;Duplodnaviria;Heunggongvirae;Uroviricota;Caudoviricetes","top-genome-hit","accession=MF612073; proteomic-score=0.133; lca-rank=family","Duplodnaviria","Heunggongvirae","Uroviricota","Caudoviricetes","NULL","NULL","NULL","NULL","Caudovirales","d__Bacteria;p__Firmicutes_A;c__Clostridia;o__Lachnospirales;f__Lachnospiraceae","2","100","d__Bacteria;p__Firmicutes_A;c__Clostridia;o__Lachnospirales;f__Lachnospiraceae","1645","92.52","d__Bacteria;p__Firmicutes_A;c__Clostridia;o__Lachnospirales;f__Lachnospiraceae","PHIST","0.693147","2.49303","NULL","NULL",0,1,"No","lytic","BACPHLIP","No",0,0,"https://portal.nersc.gov/UHGV/votu_reps/UHGV-204/UHGV-2049192",TRUE
"UHGV-2150436","vOTU-104568",12441,"No",48.38,18,84.81,586.167,11.76,11,"No",0,0,"Low-quality","20.8","AAI-based","No","Uncertain",0.9598,1,0,"Uncertain - viral or bacterial","0.9",0,2,"vFAM-00009;vSUBFAM-00185;vOTU-104568","root;Duplodnaviria;Heunggongvirae;Uroviricota;Caudoviricetes","geNomad-markers","gene-hits=8; agreement=1","Duplodnaviria","Heunggongvirae","Uroviricota","Caudoviricetes","NULL","NULL","NULL","NULL","Caudovirales","d__Bacteria;p__Bacteroidota;c__Bacteroidia;o__Bacteroidales;f__Bacteroidaceae;g__Phocaeicola;s__Phocaeicola vulgatus","56","75","d__Bacteria;p__Bacteroidota;c__Bacteroidia;o__Bacteroidales;f__Bacteroidaceae","2105","95.96","d__Bacteria;p__Bacteroidota;c__Bacteroidia;o__Bacteroidales;f__Bacteroidaceae","PHIST","0.440852","0.970141","NULL","NULL",0.116646,0.883354,"No","lytic","BACPHLIP","No",0,0,"https://portal.nersc.gov/UHGV/votu_reps/UHGV-215/UHGV-2150436",TRUE
"UHGV-2067813","vOTU-020057",13809,"No",65.02,14,94.31,930.214,0,11,"No",0,0,"Low-quality","16.11","HMM-based","No","Confident",0.8701,6,0,"Virus","22.13",10,0,"vFAM-00058;vOTU-020057","root;Duplodnaviria;Heunggongvirae;Uroviricota;Caudoviricetes","top-genome-hit","accession=JN808773; proteomic-score=0.067; lca-rank=family","Duplodnaviria","Heunggongvirae","Uroviricota","Caudoviricetes","NULL","NULL","NULL","NULL","Caudovirales","d__Bacteria;p__Desulfobacterota_I;c__Desulfovibrionia;o__Desulfovibrionales;f__Desulfovibrionaceae;g__Bilophila;s__Bilophila wadsworthia","1","100","d__Bacteria;p__Desulfobacterota_I;c__Desulfovibrionia;o__Desulfovibrionales;f__Desulfovibrionaceae;g__Bilophila;s__Bilophila wadsworthia","943","99.68","d__Bacteria;p__Desulfobacterota_I;c__Desulfovibrionia;o__Desulfovibrionales;f__Desulfovibrionaceae;g__Bilophila;s__Bilophila wadsworthia","PHIST","0.0","0.00832294","NULL","NULL",0,1,"No","lytic","BACPHLIP","No",0,0,"https://portal.nersc.gov/UHGV/votu_reps/UHGV-206/UHGV-2067813",TRUE
"UHGV-1963088","vOTU-088526",10958,"No",38.83,15,81.69,596.8,7.14,11,"No",0,0,"Low-quality","18.3","AAI-based","No","Uncertain",0.8428,0,0,"Uncertain - plasmid or chromosomal","2.01",0,1,"vFAM-00017;vOTU-088526","root;Duplodnaviria;Heunggongvirae;Uroviricota;Caudoviricetes","geNomad-markers","gene-hits=4; agreement=1","Duplodnaviria","Heunggongvirae","Uroviricota","Caudoviricetes","NULL","NULL","NULL","NULL","Caudovirales","d__Bacteria;p__Firmicutes_A;c__Clostridia;o__Oscillospirales;f__Acutalibacteraceae;g__Fimenecus;s__Fimenecus sp000432435","4","100","d__Bacteria;p__Firmicutes_A;c__Clostridia;o__Lachnospirales;f__Lachnospiraceae","247","89.07","d__Bacteria;p__Firmicutes_A;c__Clostridia;o__Lachnospirales;f__Lachnospiraceae","PHIST","0.0","2.07773","NULL","NULL",0.228687,0.771313,"No","lytic","BACPHLIP","No",0,0,"https://portal.nersc.gov/UHGV/votu_reps/UHGV-196/UHGV-1963088",TRUE
"UHGV-1462948","vOTU-144973",22462,"No",51.11,5,85.93,3860.4,0,11,"No",0,0,"Medium-quality","55.35","AAI-based","No","Uncertain",0.7615,0,0,"Uncertain - plasmid or chromosomal","1.28",0,0,"vFAM-00628;vOTU-144973","root;Duplodnaviria;Heunggongvirae;Uroviricota;Caudoviricetes","geNomad-markers","gene-hits=2; agreement=1","Duplodnaviria","Heunggongvirae","Uroviricota","Caudoviricetes","NULL","NULL","NULL","NULL","Caudovirales","NULL","NULL","NULL","d__Bacteria;p__Firmicutes_C;c__Negativicutes;o__Veillonellales;f__Dialisteraceae;g__Dialister;s__Dialister invisus","94","97.87","d__Bacteria;p__Firmicutes_C;c__Negativicutes;o__Veillonellales;f__Dialisteraceae;g__Dialister;s__Dialister invisus","PHIST","NULL","0.102967","NULL","NULL",0.0594714,0.940529,"No","lytic","BACPHLIP","No",0,0,"https://portal.nersc.gov/UHGV/votu_reps/UHGV-146/UHGV-1462948",TRUE
"UHGV-1960134","vOTU-092398",14054,"No",60.95,20,86.3,606.45,15.79,11,"No",0,0,"Low-quality","27.28","AAI-based","No","Uncertain",0.977,2,0,"Uncertain - plasmid or chromosomal","3.38",0,2,"vFAM-00001;vSUBFAM-00725;vGENUS-01575;vOTU-092398","root;Duplodnaviria;Heunggongvirae;Uroviricota;Caudoviricetes","top-genome-hit","accession=MG711467; proteomic-score=0.146; lca-rank=family","Duplodnaviria","Heunggongvirae","Uroviricota","Caudoviricetes","NULL","NULL","NULL","NULL","Caudovirales","d__Bacteria;p__Firmicutes_A","5","60","d__Bacteria;p__Firmicutes_A;c__Clostridia;o__Oscillospirales;f__Oscillospiraceae","17","94.12","d__Bacteria;p__Firmicutes_A;c__Clostridia;o__Oscillospirales;f__Oscillospiraceae","PHIST","1.05492","1.73154","NULL","NULL",0.13717,0.86283,"No","lytic","BACPHLIP","Yes",0,0,"https://portal.nersc.gov/UHGV/votu_reps/UHGV-196/UHGV-1960134",TRUE
"UHGV-0109202","vOTU-070235",35385,"No",58.92,55,93.54,601.8,7.41,11,"No",0,0,"High-quality","99.9","AAI-based","No","Confident",0.9778,12,0,"Virus","35.88",9,1,"vFAM-00005;vSUBFAM-00633;vGENUS-02900;vSUBGEN-16996;vOTU-070235","root;Duplodnaviria;Heunggongvirae;Uroviricota;Caudoviricetes","top-genome-hit","accession=DQ840344; proteomic-score=0.083; lca-rank=family","Duplodnaviria","Heunggongvirae","Uroviricota","Caudoviricetes","NULL","NULL","NULL","NULL","Caudovirales","d__Bacteria;p__Firmicutes_A;c__Clostridia;o__Oscillospirales","13","100","d__Bacteria;p__Firmicutes_A;c__Clostridia;o__Oscillospirales;f__Oscillospiraceae;g__Lawsonibacter;s__Lawsonibacter sp900066825","22","100","d__Bacteria;p__Firmicutes_A;c__Clostridia;o__Oscillospirales;f__Oscillospiraceae;g__Lawsonibacter;s__Lawsonibacter sp900066825","PHIST","1.05791","0.0","0.176926","0.0",0.9625,0.0375,"Yes","temperate","integrase","No",1,0,"https://portal.nersc.gov/UHGV/votu_reps/UHGV-010/UHGV-0109202",FALSE
"UHGV-0312869","vOTU-015899",24066,"No",37.94,43,91.76,513.558,2.22,11,"No",0,0,"Medium-quality","80.35","HMM-based","No","Confident",0.974,3,0,"Virus","34.63",13,0,"vFAM-00097;vOTU-015899","root;Duplodnaviria;Heunggongvirae;Uroviricota;Caudoviricetes","top-genome-hit","accession=DQ490056; proteomic-score=0.405; lca-rank=subfamily","Duplodnaviria","Heunggongvirae","Uroviricota","Caudoviricetes","NULL","NULL","NULL","NULL","Caudovirales","d__Bacteria;p__Firmicutes;c__Bacilli;o__Lactobacillales;f__Streptococcaceae;g__Streptococcus;s__Streptococcus salivarius","2","100","NULL","NULL","NULL","d__Bacteria;p__Firmicutes;c__Bacilli;o__Lactobacillales;f__Streptococcaceae;g__Streptococcus;s__Streptococcus salivarius","CRISPR","0.0","NULL","0.0","NULL",0.188122,0.811878,"No","lytic","BACPHLIP","No",0,0,"https://portal.nersc.gov/UHGV/votu_reps/UHGV-031/UHGV-0312869",FALSE
"UHGV-2051201","vOTU-007609",63888,"No",38.45,79,92.04,744.304,6.41,11,"No",0,0,"High-quality","98.77","AAI-based","No","Confident",0.9715,8,0,"Uncertain - viral or bacterial","5.23",11,2,"vFAM-00009;vSUBFAM-00278;vGENUS-00675;vSUBGEN-01233;vOTU-007609","root;Duplodnaviria;Heunggongvirae;Uroviricota;Caudoviricetes","geNomad-markers","gene-hits=53; agreement=1","Duplodnaviria","Heunggongvirae","Uroviricota","Caudoviricetes","NULL","NULL","NULL","NULL","Caudovirales","d__Bacteria;p__Bacteroidota;c__Bacteroidia;o__Bacteroidales;f__Bacteroidaceae;g__Phocaeicola","56","73.21","d__Bacteria;p__Bacteroidota;c__Bacteroidia;o__Bacteroidales;f__Bacteroidaceae;g__Bacteroides","839","97.5","d__Bacteria;p__Bacteroidota;c__Bacteroidia;o__Bacteroidales;f__Bacteroidaceae;g__Bacteroides","PHIST","0.646722","0.129557","0.0","0.007517",1,0,"No","temperate","BACPHLIP","Yes",0,0,"https://portal.nersc.gov/UHGV/votu_reps/UHGV-205/UHGV-2051201",FALSE
"UHGV-0388954","vOTU-073071",39629,"No",51.35,57,89.4,621.579,14.29,11,"No",0,0,"High-quality","99.43","AAI-based","No","Confident",0.9755,4,0,"Virus","11.89",10,1,"vFAM-00040;vSUBFAM-02845;vGENUS-05416;vSUBGEN-17287;vOTU-073071","root;Duplodnaviria;Heunggongvirae;Uroviricota;Caudoviricetes","geNomad-markers","gene-hits=27; agreement=1","Duplodnaviria","Heunggongvirae","Uroviricota","Caudoviricetes","NULL","NULL","NULL","NULL","Caudovirales","d__Bacteria;p__Firmicutes_A;c__Clostridia;o__Oscillospirales;f__Ruminococcaceae;g__Ruthenibacterium;s__Ruthenibacterium lactatiformans","291","98.63","d__Bacteria;p__Firmicutes_A;c__Clostridia;o__Oscillospirales;f__Ruminococcaceae;g__Ruthenibacterium;s__Ruthenibacterium lactatiformans","39","94.87","d__Bacteria;p__Firmicutes_A;c__Clostridia;o__Oscillospirales;f__Ruminococcaceae;g__Ruthenibacterium;s__Ruthenibacterium lactatiformans","CRISPR","0.0458411","0.237819","0.0","0.0",0.9,0.1,"No","temperate","BACPHLIP","No",1,0,"https://portal.nersc.gov/UHGV/votu_reps/UHGV-038/UHGV-0388954",FALSE
"UHGV-2150250","vOTU-083390",45036,"No",47.19,46,92.37,904.304,9.09,11,"No",1,0,"High-quality","99.9","AAI-based","No","Uncertain",0.9612,3,0,"Chromosome","-8.2",3,6,"vFAM-00028;vSUBFAM-00344;vGENUS-00375;vSUBGEN-17340;vOTU-083390","root;Duplodnaviria;Heunggongvirae;Uroviricota;Caudoviricetes","geNomad-markers","gene-hits=24; agreement=1","Duplodnaviria","Heunggongvirae","Uroviricota","Caudoviricetes","NULL","NULL","NULL","NULL","Caudovirales","d__Bacteria;p__Bacteroidota;c__Bacteroidia;o__Bacteroidales;f__Bacteroidaceae;g__Bacteroides;s__Bacteroides uniformis","115","93.91","d__Bacteria;p__Bacteroidota;c__Bacteroidia;o__Bacteroidales;f__Bacteroidaceae;g__Bacteroides;s__Bacteroides uniformis","2250","97.38","d__Bacteria;p__Bacteroidota;c__Bacteroidia;o__Bacteroidales;f__Bacteroidaceae;g__Bacteroides;s__Bacteroides uniformis","PHIST","0.13747","0.0765875","NULL","NULL",1,0,"No","temperate","BACPHLIP","No",0,0,"https://portal.nersc.gov/UHGV/votu_reps/UHGV-215/UHGV-2150250",FALSE
"UHGV-2179353","vOTU-140418",13371,"No",37.07,16,93.94,785.062,0,11,"No",0,0,"Low-quality","8.29","HMM-based","No","Uncertain",0.8428,0,0,"Uncertain - viral or bacterial","5.93",2,0,"vFAM-00003;vOTU-140418","root;Duplodnaviria;Heunggongvirae;Uroviricota;Caudoviricetes","geNomad-markers","gene-hits=4; agreement=1","Duplodnaviria","Heunggongvirae","Uroviricota","Caudoviricetes","NULL","NULL","NULL","NULL","Caudovirales","NULL","NULL","NULL","d__Bacteria;p__Firmicutes_A;c__Clostridia;o__Lachnospirales;f__Lachnospiraceae","53","96.23","d__Bacteria;p__Firmicutes_A;c__Clostridia;o__Lachnospirales;f__Lachnospiraceae","PHIST","NULL","1.99863","NULL","NULL",0.199453,0.800547,"No","lytic","BACPHLIP","No",0,0,"https://portal.nersc.gov/UHGV/votu_reps/UHGV-217/UHGV-2179353",TRUE
"UHGV-1845744","vOTU-141428",16123,"No",51.61,20,87.49,705.3,15.79,11,"No",0,0,"Low-quality","15.9","AAI-based","No","Confident",0.9626,3,0,"Uncertain - viral or bacterial","1.57",5,0,"vFAM-00111;vSUBFAM-00351;vGENUS-10842;vOTU-141428","root;Duplodnaviria;Heunggongvirae;Uroviricota;Caudoviricetes","geNomad-markers","gene-hits=16; agreement=1","Duplodnaviria","Heunggongvirae","Uroviricota","Caudoviricetes","NULL","NULL","NULL","NULL","Caudovirales","d__Bacteria;p__Bacteroidota;c__Bacteroidia;o__Bacteroidales;f__Tannerellaceae;g__Parabacteroides;s__Parabacteroides distasonis","7","100","d__Bacteria;p__Bacteroidota;c__Bacteroidia;o__Bacteroidales","1130","99.03","d__Bacteria;p__Bacteroidota;c__Bacteroidia;o__Bacteroidales","PHIST","0.0","1.5516","NULL","NULL",0.188122,0.811878,"No","lytic","BACPHLIP","No",0,0,"https://portal.nersc.gov/UHGV/votu_reps/UHGV-184/UHGV-1845744",TRUE
"UHGV-0036359","vOTU-084403",86259,"No",44.66,111,84.82,659.108,23.08,11,"No",0,0,"High-quality","95.05","HMM-based","Yes","Uncertain",0.9524,13,0,"Uncertain - viral or bacterial","-2.79",6,12,"vFAM-00066;vSUBFAM-05481;vGENUS-12019;vSUBGEN-17790;vOTU-084403","root;Duplodnaviria;Heunggongvirae;Uroviricota;Caudoviricetes","geNomad-markers","gene-hits=60; agreement=1","Duplodnaviria","Heunggongvirae","Uroviricota","Caudoviricetes","NULL","NULL","NULL","NULL","Caudovirales","d__Bacteria;p__Bacteroidota;c__Bacteroidia;o__Bacteroidales;f__Bacteroidaceae;g__Phocaeicola","282","90.07","d__Bacteria;p__Bacteroidota;c__Bacteroidia;o__Bacteroidales;f__Bacteroidaceae","2160","92.96","d__Bacteria;p__Bacteroidota;c__Bacteroidia;o__Bacteroidales;f__Bacteroidaceae","PHIST","0.443953","0.975632","NULL","NULL",0.2,0.8,"No","lytic","BACPHLIP","No",0,0,"https://portal.nersc.gov/UHGV/votu_reps/UHGV-003/UHGV-0036359",FALSE
"UHGV-1668578","vOTU-105289",10058,"No",48.24,7,92.25,1325.57,16.67,11,"No",0,0,"Low-quality","15.41","AAI-based","No","Uncertain",0.8699,1,0,"Uncertain - viral or bacterial","-1.24",1,0,"vFAM-00009;vSUBFAM-00023;vGENUS-01397;vOTU-105289","root;Duplodnaviria;Heunggongvirae;Uroviricota;Caudoviricetes","geNomad-markers","gene-hits=2; agreement=1","Duplodnaviria","Heunggongvirae","Uroviricota","Caudoviricetes","NULL","NULL","NULL","NULL","Caudovirales","NULL","NULL","NULL","d__Bacteria;p__Bacteroidota;c__Bacteroidia;o__Bacteroidales;f__Bacteroidaceae;g__Bacteroides;s__Bacteroides uniformis","2263","72.38","d__Bacteria;p__Bacteroidota;c__Bacteroidia;o__Bacteroidales;f__Bacteroidaceae;g__Bacteroides;s__Bacteroides uniformis","PHIST","NULL","0.794443","NULL","NULL",0.101343,0.898657,"No","lytic","BACPHLIP","No",0,0,"https://portal.nersc.gov/UHGV/votu_reps/UHGV-166/UHGV-1668578",TRUE
"UHGV-0042626","vOTU-025818",21984,"No",45.9,32,83.52,573.75,32.26,11,"No",0,0,"Medium-quality","51.69","AAI-based","No","Uncertain",0.9008,1,0,"Uncertain - viral or bacterial","2.51",2,1,"vFAM-00003;vOTU-025818","root;Duplodnaviria;Heunggongvirae;Uroviricota;Caudoviricetes","geNomad-markers","gene-hits=6; agreement=1","Duplodnaviria","Heunggongvirae","Uroviricota","Caudoviricetes","NULL","NULL","NULL","NULL","Caudovirales","d__Bacteria;p__Firmicutes_A;c__Clostridia;o__Lachnospirales;f__Lachnospiraceae","270","98.89","d__Bacteria;p__Firmicutes_A;c__Clostridia","752","80.59","d__Bacteria;p__Firmicutes_A;c__Clostridia","PHIST","1.81595","3.18893","NULL","NULL",0.9875,0.0125,"Yes","temperate","integrase","No",0,0,"https://portal.nersc.gov/UHGV/votu_reps/UHGV-004/UHGV-0042626",TRUE
"UHGV-2145304","vOTU-148539",15880,"No",46.11,17,89.28,834,25,11,"No",0,0,"Low-quality","9.57","AAI-based","No","Uncertain",0.8692,1,0,"Uncertain - viral or bacterial","-1",0,0,"vFAM-00009;vSUBFAM-00023;vGENUS-14926;vOTU-148539","root;Duplodnaviria;Heunggongvirae;Uroviricota;Caudoviricetes","top-genome-hit","accession=LC168164; proteomic-score=0.077; lca-rank=family","Duplodnaviria","Heunggongvirae","Uroviricota","Caudoviricetes","NULL","NULL","NULL","NULL","Caudovirales","NULL","NULL","NULL","d__Bacteria;p__Bacteroidota;c__Bacteroidia;o__Bacteroidales;f__Bacteroidaceae","537","82.31","d__Bacteria;p__Bacteroidota;c__Bacteroidia;o__Bacteroidales;f__Bacteroidaceae","PHIST","NULL","1.49468","NULL","NULL",1,0,"No","temperate","BACPHLIP","No",0,0,"https://portal.nersc.gov/UHGV/votu_reps/UHGV-214/UHGV-2145304",FALSE
"UHGV-1997132","vOTU-086650",49683,"No",51.39,55,94.95,857.727,7.41,11,"No",0,0,"High-quality","99.9","AAI-based","No","Confident",0.9662,11,0,"Virus","61.19",25,0,"vFAM-00001;vSUBFAM-00011;vGENUS-03998;vSUBGEN-17948;vOTU-086650","root;Duplodnaviria;Heunggongvirae;Uroviricota;Caudoviricetes","top-genome-hit","accession=EU861005; proteomic-score=0.084; lca-rank=family","Duplodnaviria","Heunggongvirae","Uroviricota","Caudoviricetes","NULL","NULL","NULL","NULL","Caudovirales","NULL","NULL","NULL","d__Bacteria;p__Firmicutes_A;c__Clostridia;o__Oscillospirales;f__Acutalibacteraceae;g__Acutalibacter;s__Acutalibacter timonensis","4","100","d__Bacteria;p__Firmicutes_A;c__Clostridia;o__Oscillospirales;f__Acutalibacteraceae;g__Acutalibacter;s__Acutalibacter timonensis","PHIST","NULL","0.0","NULL","0.0",0.9375,0.0625,"Yes","temperate","integrase","No",3,0,"https://portal.nersc.gov/UHGV/votu_reps/UHGV-199/UHGV-1997132",FALSE
"UHGV-2153907","vOTU-062518",60867,"No",40.75,88,88.7,613.534,12.64,11,"No",1,0,"High-quality","99.37","AAI-based","No","Confident",0.9773,10,0,"Virus","42.71",13,3,"vFAM-00009;vSUBFAM-00023;vGENUS-12075;vSUBGEN-17951;vOTU-062518","root;Duplodnaviria;Heunggongvirae;Uroviricota;Caudoviricetes","geNomad-markers","gene-hits=56; agreement=1","Duplodnaviria","Heunggongvirae","Uroviricota","Caudoviricetes","NULL","NULL","NULL","NULL","Caudovirales","d__Bacteria;p__Bacteroidota;c__Bacteroidia;o__Bacteroidales;f__Bacteroidaceae;g__Bacteroides","55","83.64","d__Bacteria;p__Bacteroidota;c__Bacteroidia;o__Bacteroidales;f__Bacteroidaceae;g__Bacteroides;s__Bacteroides uniformis","761","89.75","d__Bacteria;p__Bacteroidota;c__Bacteroidia;o__Bacteroidales;f__Bacteroidaceae;g__Bacteroides;s__Bacteroides uniformis","PHIST","0.67917","0.209775","0.041513","0.0",0.327478,0.672522,"No","lytic","BACPHLIP","No",0,0,"https://portal.nersc.gov/UHGV/votu_reps/UHGV-215/UHGV-2153907",FALSE
"UHGV-1977782","vOTU-125758",10580,"No",45.92,15,91.59,646,28.57,11,"No",0,0,"Low-quality","28.34","AAI-based","No","Uncertain",0.9497,4,0,"Uncertain - viral or bacterial","3.2",2,0,"vFAM-00001;vSUBFAM-00174;vOTU-125758","root;Duplodnaviria;Heunggongvirae;Uroviricota;Caudoviricetes","geNomad-markers","gene-hits=11; agreement=1","Duplodnaviria","Heunggongvirae","Uroviricota","Caudoviricetes","NULL","NULL","NULL","NULL","Caudovirales","NULL","NULL","NULL","d__Bacteria;p__Firmicutes_A;c__Clostridia;o__Lachnospirales;f__Lachnospiraceae;g__Clostridium_AP","124","98.39","d__Bacteria;p__Firmicutes_A;c__Clostridia;o__Lachnospirales;f__Lachnospiraceae;g__Clostridium_AP","PHIST","NULL","0.0937447","NULL","NULL",1,0,"No","temperate","BACPHLIP","No",0,0,"https://portal.nersc.gov/UHGV/votu_reps/UHGV-197/UHGV-1977782",FALSE
"UHGV-2180998","vOTU-083649",8065,"No",43.97,12,81.98,551,10,11,"No",0,0,"High-quality","99.9","AAI-based","No","Confident",0.9434,0,0,"Uncertain - viral or bacterial","-3.74",0,1,"vFAM-00072;vSUBFAM-00266;vGENUS-12134;vSUBGEN-18076;vOTU-083649","root;Monodnaviria;Loebvirae;Hofneiviricota;Faserviricetes;Tubulavirales;Inoviridae","geNomad-markers","gene-hits=6; agreement=0.9659","Monodnaviria","Loebvirae","Hofneiviricota","Faserviricetes","Tubulavirales","Inoviridae","NULL","NULL","Inoviridae","d__Bacteria;p__Firmicutes_A;c__Clostridia;o__Lachnospirales;f__Lachnospiraceae;g__Enterocloster","17","100","d__Bacteria;p__Firmicutes_A;c__Clostridia;o__Lachnospirales;f__Lachnospiraceae;g__Enterocloster","202","95.54","d__Bacteria;p__Firmicutes_A;c__Clostridia;o__Lachnospirales;f__Lachnospiraceae;g__Enterocloster","PHIST","0.0","0.256875","0.0","0.0",0.243821,0.756179,"No","lytic","BACPHLIP","No",0,0,"https://portal.nersc.gov/UHGV/votu_reps/UHGV-218/UHGV-2180998",FALSE
"UHGV-0153272","vOTU-084830",43991,"No",51.08,48,90.09,825.688,10.64,11,"No",1,0,"High-quality","90.88","AAI-based","No","Confident",0.9738,13,0,"Virus","13.97",7,5,"vFAM-00066;vSUBFAM-00132;vGENUS-01098;vSUBGEN-18213;vOTU-084830","root;Duplodnaviria;Heunggongvirae;Uroviricota;Caudoviricetes","geNomad-markers","gene-hits=38; agreement=1","Duplodnaviria","Heunggongvirae","Uroviricota","Caudoviricetes","NULL","NULL","NULL","NULL","Caudovirales","d__Bacteria;p__Bacteroidota;c__Bacteroidia;o__Bacteroidales;f__Tannerellaceae;g__Parabacteroides;s__Parabacteroides merdae","180","86.11","d__Bacteria;p__Bacteroidota;c__Bacteroidia;o__Bacteroidales","153","100","d__Bacteria;p__Bacteroidota;c__Bacteroidia;o__Bacteroidales;f__Tannerellaceae;g__Parabacteroides;s__Parabacteroides merdae","CRISPR","0.41455","1.01795","0.0","0.072438",0.1875,0.8125,"No","lytic","BACPHLIP","No",0,0,"https://portal.nersc.gov/UHGV/votu_reps/UHGV-015/UHGV-0153272",FALSE
"UHGV-0267357","vOTU-082287",39568,"No",56.9,56,89.89,635.143,16.36,11,"No",1,0,"High-quality","92.33","AAI-based","No","Confident",0.9796,6,0,"Virus","39.23",16,0,"vFAM-00024;vSUBFAM-03471;vGENUS-05098;vSUBGEN-18223;vOTU-082287","root;Duplodnaviria;Heunggongvirae;Uroviricota;Caudoviricetes","geNomad-markers","gene-hits=34; agreement=1","Duplodnaviria","Heunggongvirae","Uroviricota","Caudoviricetes","NULL","NULL","NULL","NULL","Caudovirales","d__Bacteria;p__Actinobacteriota;c__Actinomycetia;o__Actinomycetales;f__Bifidobacteriaceae;g__Bifidobacterium","237","100","d__Bacteria;p__Actinobacteriota;c__Actinomycetia;o__Actinomycetales;f__Bifidobacteriaceae;g__Bifidobacterium","4","100","d__Bacteria;p__Actinobacteriota;c__Actinomycetia;o__Actinomycetales;f__Bifidobacteriaceae;g__Bifidobacterium","CRISPR","0.0","0.0","0.0","0.027722",1,0,"No","temperate","BACPHLIP","No",0,0,"https://portal.nersc.gov/UHGV/votu_reps/UHGV-026/UHGV-0267357",FALSE
"UHGV-0184628","vOTU-046842",6506,"No",39.58,8,91.02,740.25,0,11,"No",0,0,"Complete","100","DTR","No","Confident",0.9825,1,0,"Virus","11.86",3,0,"vFAM-00030;vSUBFAM-00119;vGENUS-00056;vSUBGEN-00035;vOTU-046842","root;Monodnaviria;Sangervirae;Phixviricota;Malgrandaviricetes;Petitvirales;Microviridae","geNomad-markers","gene-hits=7; agreement=1","Monodnaviria","Sangervirae","Phixviricota","Malgrandaviricetes","Petitvirales","Microviridae","NULL","NULL","Microviridae","d__Bacteria;p__Bacteroidota;c__Bacteroidia;o__Bacteroidales;f__Bacteroidaceae;g__Bacteroides;s__Bacteroides stercoris","6","83.33","NULL","NULL","NULL","d__Bacteria;p__Bacteroidota;c__Bacteroidia;o__Bacteroidales;f__Bacteroidaceae;g__Bacteroides;s__Bacteroides stercoris","CRISPR","0.450561","NULL","0.0","NULL",0.188122,0.811878,"No","lytic","BACPHLIP","No",0,0,"https://portal.nersc.gov/UHGV/votu_reps/UHGV-018/UHGV-0184628",TRUE
"UHGV-1973877","vOTU-127410",10769,"No",49.91,18,82.96,496.333,11.76,11,"No",0,0,"Low-quality","3.05","HMM-based","No","Uncertain",0.8258,0,0,"Uncertain - viral or bacterial","-0.71",1,0,"vFAM-00008;vOTU-127410","root;Duplodnaviria;Heunggongvirae;Uroviricota;Caudoviricetes","geNomad-markers","gene-hits=3; agreement=1","Duplodnaviria","Heunggongvirae","Uroviricota","Caudoviricetes","NULL","NULL","NULL","NULL","Caudovirales","NULL","NULL","NULL","d__Bacteria;p__Firmicutes_A;c__Clostridia;o__Oscillospirales;f__Oscillospiraceae","36","86.11","d__Bacteria;p__Firmicutes_A;c__Clostridia;o__Oscillospirales;f__Oscillospiraceae","PHIST","NULL","1.83394","NULL","NULL",0.188122,0.811878,"No","lytic","BACPHLIP","No",0,0,"https://portal.nersc.gov/UHGV/votu_reps/UHGV-197/UHGV-1973877",TRUE
"UHGV-2049201","vOTU-074527",49554,"No",51.73,50,95.27,944.16,14.29,11,"No",0,0,"High-quality","99.9","AAI-based","No","Uncertain",0.9612,9,0,"Uncertain - viral or bacterial","6.87",5,3,"vFAM-00066;vSUBFAM-00132;vGENUS-12214;vSUBGEN-18286;vOTU-074527","root;Duplodnaviria;Heunggongvirae;Uroviricota;Caudoviricetes","geNomad-markers","gene-hits=32; agreement=1","Duplodnaviria","Heunggongvirae","Uroviricota","Caudoviricetes","NULL","NULL","NULL","NULL","Caudovirales","d__Bacteria;p__Bacteroidota;c__Bacteroidia;o__Bacteroidales;f__Bacteroidaceae;g__Phocaeicola","72","76.39","d__Bacteria;p__Bacteroidota;c__Bacteroidia;o__Bacteroidales;f__Bacteroidaceae;g__Bacteroides","2426","74.15","d__Bacteria;p__Bacteroidota;c__Bacteroidia;o__Bacteroidales;f__Bacteroidaceae;g__Bacteroides","PHIST","0.632078","0.865402","NULL","NULL",0.275,0.725,"No","lytic","BACPHLIP","Yes",0,0,"https://portal.nersc.gov/UHGV/votu_reps/UHGV-204/UHGV-2049201",TRUE
"UHGV-0035949","vOTU-144776",39936,"No",38.67,57,88.12,617.421,1.79,11,"No",0,0,"Medium-quality","87.59","AAI-based","No","Confident",0.9631,15,0,"Virus","57.6",21,1,"vFAM-00001;vSUBFAM-01195;vGENUS-02387;vOTU-144776","root;Duplodnaviria;Heunggongvirae;Uroviricota;Caudoviricetes","geNomad-markers","gene-hits=34; agreement=1","Duplodnaviria","Heunggongvirae","Uroviricota","Caudoviricetes","NULL","NULL","NULL","NULL","Caudovirales","d__Bacteria;p__Firmicutes_A;c__Clostridia;o__UBA1381;f__UBA1381;g__CAG-41;s__CAG-41 sp900066215","43","97.67","d__Bacteria;p__Firmicutes_A;c__Clostridia;o__UBA1381;f__UBA1381;g__CAG-41;s__CAG-41 sp900066215","958","99.69","d__Bacteria;p__Firmicutes_A;c__Clostridia;o__UBA1381;f__UBA1381;g__CAG-41;s__CAG-41 sp900066215","PHIST","0.110453","0.0246241","0.0","0.0",1,0,"No","temperate","BACPHLIP","No",2,0,"https://portal.nersc.gov/UHGV/votu_reps/UHGV-003/UHGV-0035949",FALSE
"UHGV-0150085","vOTU-077606",60032,"No",44.16,87,90.45,624.103,3.41,11,"No",0,0,"High-quality","99.44","AAI-based","No","Confident",0.9778,8,0,"Virus","36.48",36,0,"vFAM-00017;vSUBFAM-00014;vGENUS-00242;vSUBGEN-02210;vOTU-077606","root;Duplodnaviria;Heunggongvirae;Uroviricota;Caudoviricetes","top-genome-hit","accession=MG711463; proteomic-score=0.265; lca-rank=family","Duplodnaviria","Heunggongvirae","Uroviricota","Caudoviricetes","NULL","NULL","NULL","NULL","Caudovirales","d__Bacteria;p__Firmicutes;c__Bacilli;o__Lactobacillales;f__Streptococcaceae;g__Streptococcus;s__Streptococcus pneumoniae","2","100","d__Bacteria;p__Bacteroidota","11","54.55","d__Bacteria;p__Bacteroidota","PHIST","0.0","1.51571","0.0","0.313662",0.975,0.025,"No","temperate","geNomad","No",0,0,"https://portal.nersc.gov/UHGV/votu_reps/UHGV-015/UHGV-0150085",FALSE
"UHGV-1927620","vOTU-168781",10152,"No",45.02,10,77.28,784.5,0,11,"No",0,0,"Low-quality","21","AAI-based","No","Uncertain",0.9017,0,0,"Uncertain - viral or bacterial","-1.12",1,1,"vFAM-00048;vOTU-168781","root;Duplodnaviria;Heunggongvirae;Uroviricota;Caudoviricetes","geNomad-markers","gene-hits=8; agreement=1","Duplodnaviria","Heunggongvirae","Uroviricota","Caudoviricetes","NULL","NULL","NULL","NULL","Caudovirales","NULL","NULL","NULL","d__Bacteria;p__Bacteroidota;c__Bacteroidia;o__Bacteroidales;f__Bacteroidaceae;g__Bacteroides","115","88.7","d__Bacteria;p__Bacteroidota;c__Bacteroidia;o__Bacteroidales;f__Bacteroidaceae;g__Bacteroides","PHIST","NULL","0.606618","NULL","NULL",0.143831,0.856169,"No","lytic","BACPHLIP","No",0,0,"https://portal.nersc.gov/UHGV/votu_reps/UHGV-192/UHGV-1927620",TRUE
"UHGV-0167066","vOTU-094732",11837,"No",51.19,20,85.79,507.75,5.26,11,"No",0,0,"Low-quality","25.73","AAI-based","No","Uncertain",0.9747,0,0,"Uncertain - viral or bacterial","-0.5",1,1,"vFAM-00001;vSUBFAM-00114;vGENUS-00207;vOTU-094732","root;Duplodnaviria;Heunggongvirae;Uroviricota;Caudoviricetes","geNomad-markers","gene-hits=10; agreement=1","Duplodnaviria","Heunggongvirae","Uroviricota","Caudoviricetes","NULL","NULL","NULL","NULL","Caudovirales","d__Bacteria;p__Firmicutes_A;c__Clostridia;o__Oscillospirales","13","84.62","d__Bacteria;p__Firmicutes_A;c__Clostridia;o__Oscillospirales;f__Oscillospiraceae","53","77.36","d__Bacteria;p__Firmicutes_A;c__Clostridia;o__Oscillospirales;f__Oscillospiraceae","PHIST","1.30611","1.78627","NULL","NULL",1,0,"No","temperate","BACPHLIP","No",0,0,"https://portal.nersc.gov/UHGV/votu_reps/UHGV-016/UHGV-0167066",TRUE
"UHGV-0469579","vOTU-015024",40982,"No",51.57,47,94.65,825.319,10.87,11,"No",0,0,"Medium-quality","84.67","AAI-based","No","Confident",0.9779,12,0,"Virus","27.59",6,3,"vFAM-00066;vSUBFAM-00132;vGENUS-02402;vOTU-015024","root;Duplodnaviria;Heunggongvirae;Uroviricota;Caudoviricetes","geNomad-markers","gene-hits=43; agreement=1","Duplodnaviria","Heunggongvirae","Uroviricota","Caudoviricetes","NULL","NULL","NULL","NULL","Caudovirales","d__Bacteria;p__Bacteroidota;c__Bacteroidia;o__Bacteroidales","253","100","d__Bacteria;p__Bacteroidota;c__Bacteroidia;o__Bacteroidales;f__Bacteroidaceae","1298","95.84","d__Bacteria;p__Bacteroidota;c__Bacteroidia;o__Bacteroidales;f__Bacteroidaceae","PHIST","1.43699","0.977034","0.122135","0.063908",0.3,0.7,"No","lytic","BACPHLIP","No",0,0,"https://portal.nersc.gov/UHGV/votu_reps/UHGV-046/UHGV-0469579",FALSE
"UHGV-0213391","vOTU-004860",35183,"No",54.19,49,90.72,651.367,8.33,11,"No",1,0,"Complete","100","DTR","No","Confident",0.9611,5,0,"Virus","23.59",9,0,"vFAM-00082;vSUBFAM-00302;vGENUS-00195;vSUBGEN-18590;vOTU-004860","root;Duplodnaviria;Heunggongvirae;Uroviricota;Caudoviricetes","geNomad-markers","gene-hits=16; agreement=1","Duplodnaviria","Heunggongvirae","Uroviricota","Caudoviricetes","NULL","NULL","NULL","NULL","Caudovirales","d__Bacteria;p__Verrucomicrobiota;c__Verrucomicrobiae;o__Verrucomicrobiales;f__Akkermansiaceae;g__Akkermansia;s__Akkermansia muciniphila_B","2603","82.9","d__Bacteria;p__Verrucomicrobiota;c__Verrucomicrobiae;o__Verrucomicrobiales;f__Akkermansiaceae;g__Akkermansia;s__Akkermansia muciniphila_B","53","96.23","d__Bacteria;p__Verrucomicrobiota;c__Verrucomicrobiae;o__Verrucomicrobiales;f__Akkermansiaceae;g__Akkermansia;s__Akkermansia muciniphila_B","CRISPR","0.00340539","0.186837","0.0","0.0",0.9875,0.0125,"No","temperate","BACPHLIP","No",0,0,"https://portal.nersc.gov/UHGV/votu_reps/UHGV-021/UHGV-0213391",FALSE
"UHGV-0201842","vOTU-023300",44560,"No",41.61,50,94.87,845.52,1.64,11,"No",0,0,"Medium-quality","67.77","AAI-based","Yes","Confident",0.9498,14,0,"Virus","51.13",25,5,"vFAM-00001;vSUBFAM-03757;vOTU-023300","root;Duplodnaviria;Heunggongvirae;Uroviricota;Caudoviricetes","top-genome-hit","accession=AY954957; proteomic-score=0.085; lca-rank=family","Duplodnaviria","Heunggongvirae","Uroviricota","Caudoviricetes","NULL","NULL","NULL","NULL","Caudovirales","NULL","NULL","NULL","d__Bacteria;p__Firmicutes_A;c__Clostridia;o__Peptostreptococcales;f__Peptostreptococcaceae;g__Clostridioides;s__Clostridioides difficile","58","77.59","d__Bacteria;p__Firmicutes_A;c__Clostridia;o__Peptostreptococcales;f__Peptostreptococcaceae;g__Clostridioides;s__Clostridioides difficile","PHIST","NULL","0.840917","NULL","0.0",0.975,0.025,"No","temperate","BACPHLIP","No",2,0,"https://portal.nersc.gov/UHGV/votu_reps/UHGV-020/UHGV-0201842",FALSE
"UHGV-0119544","vOTU-121501",15563,"No",51.66,19,94.69,775.579,0,11,"No",0,0,"Low-quality","41.79","AAI-based","No","Confident",0.9789,8,0,"Virus","16.37",8,0,"vFAM-00001;vSUBFAM-00174;vGENUS-14525;vOTU-121501","root;Duplodnaviria;Heunggongvirae;Uroviricota;Caudoviricetes","top-genome-hit","accession=LN681535; proteomic-score=0.097; lca-rank=family","Duplodnaviria","Heunggongvirae","Uroviricota","Caudoviricetes","NULL","NULL","NULL","NULL","Caudovirales","d__Bacteria;p__Firmicutes_A;c__Clostridia;o__Lachnospirales;f__Lachnospiraceae;g__Clostridium_AP;s__Clostridium_AP sp000509125","27","96.3","d__Bacteria;p__Firmicutes_A;c__Clostridia;o__Lachnospirales;f__Lachnospiraceae;g__Clostridium_AP;s__Clostridium_AP scindens","28","78.57","d__Bacteria;p__Firmicutes_A;c__Clostridia;o__Lachnospirales;f__Lachnospiraceae;g__Clostridium_AP;s__Clostridium_AP scindens","PHIST","0.158411","0.0","NULL","NULL",0.0458879,0.954112,"No","lytic","BACPHLIP","No",0,0,"https://portal.nersc.gov/UHGV/votu_reps/UHGV-011/UHGV-0119544",FALSE
"UHGV-0200025","vOTU-074835",34337,"No",53.84,46,89.82,670.435,8.89,11,"No",1,0,"High-quality","99.9","AAI-based","No","Confident",0.9601,4,0,"Virus","15.64",7,1,"vFAM-00082;vSUBFAM-00302;vGENUS-00195;vSUBGEN-19208;vOTU-074835","root;Duplodnaviria;Heunggongvirae;Uroviricota;Caudoviricetes","geNomad-markers","gene-hits=13; agreement=1","Duplodnaviria","Heunggongvirae","Uroviricota","Caudoviricetes","NULL","NULL","NULL","NULL","Caudovirales","d__Bacteria;p__Verrucomicrobiota;c__Verrucomicrobiae;o__Verrucomicrobiales;f__Akkermansiaceae;g__Akkermansia;s__Akkermansia muciniphila_B","2782","84.36","d__Bacteria;p__Verrucomicrobiota;c__Verrucomicrobiae;o__Verrucomicrobiales;f__Akkermansiaceae;g__Akkermansia;s__Akkermansia muciniphila_B","57","96.49","d__Bacteria;p__Verrucomicrobiota;c__Verrucomicrobiae;o__Verrucomicrobiales;f__Akkermansiaceae;g__Akkermansia;s__Akkermansia muciniphila_B","CRISPR","0.00321019","0.176326","0.0","0.0",1,0,"No","temperate","geNomad","No",0,0,"https://portal.nersc.gov/UHGV/votu_reps/UHGV-020/UHGV-0200025",FALSE
"UHGV-2036136","vOTU-021776",43145,"No",32.98,61,91.1,644.311,3.08,11,"No",0,0,"Low-quality","24.92","AAI-based","No","Uncertain",0.9595,1,0,"Uncertain - plasmid or chromosomal","2.93",9,4,"vFAM-00020;vSUBFAM-01097;vGENUS-18244;vOTU-021776","root;Duplodnaviria;Heunggongvirae;Uroviricota;Caudoviricetes","geNomad-markers","gene-hits=21; agreement=1","Duplodnaviria","Heunggongvirae","Uroviricota","Caudoviricetes","NULL","NULL","NULL","NULL","Caudovirales","d__Bacteria;p__Firmicutes;c__Bacilli;o__Erysipelotrichales;f__Erysipelotrichaceae;g__Holdemanella;s__Holdemanella biformis","1","100","d__Bacteria;p__Firmicutes_A;c__Clostridia;o__Lachnospirales;f__Lachnospiraceae","18","83.33","d__Bacteria;p__Firmicutes_A;c__Clostridia;o__Lachnospirales;f__Lachnospiraceae","PHIST","0.0","1.53414","NULL","NULL",0.2625,0.7375,"No","lytic","BACPHLIP","No",1,0,"https://portal.nersc.gov/UHGV/votu_reps/UHGV-203/UHGV-2036136",FALSE
"UHGV-1947028","vOTU-151674",40053,"No",47.45,49,91.07,744.429,10.42,11,"No",0,0,"Medium-quality","82.1","AAI-based","No","Confident",0.9754,11,0,"Virus","42.99",9,4,"vFAM-00066;vSUBFAM-03655;vGENUS-05569;vOTU-151674","root;Duplodnaviria;Heunggongvirae;Uroviricota;Caudoviricetes","geNomad-markers","gene-hits=39; agreement=1","Duplodnaviria","Heunggongvirae","Uroviricota","Caudoviricetes","NULL","NULL","NULL","NULL","Caudovirales","d__Bacteria;p__Bacteroidota;c__Bacteroidia;o__Bacteroidales;f__Tannerellaceae;g__Parabacteroides;s__Parabacteroides distasonis","22","77.27","d__Bacteria;p__Bacteroidota;c__Bacteroidia;o__Bacteroidales","522","97.89","d__Bacteria;p__Bacteroidota;c__Bacteroidia;o__Bacteroidales","PHIST","0.649688","1.53885","0.0","0.122135",0.4,0.6,"No","lytic","BACPHLIP","Yes",0,0,"https://portal.nersc.gov/UHGV/votu_reps/UHGV-194/UHGV-1947028",FALSE
"UHGV-0459252","vOTU-001080",5182,"No",46.16,9,97.61,562,0,11,"No",0,0,"Complete","100","DTR","No","Confident",0.9824,4,0,"Virus","22.68",7,0,"vFAM-00002;vSUBFAM-00002;vGENUS-01780;vSUBGEN-01043;vOTU-001080","root;Monodnaviria;Sangervirae;Phixviricota;Malgrandaviricetes;Petitvirales;Microviridae","top-genome-hit","accession=MT185428; proteomic-score=0.190; lca-rank=family","Monodnaviria","Sangervirae","Phixviricota","Malgrandaviricetes","Petitvirales","Microviridae","NULL","NULL","Microviridae","NULL","NULL","NULL","d__Bacteria;p__Firmicutes_A;c__Clostridia;o__Oscillospirales;f__Oscillospiraceae;g__Lawsonibacter;s__Lawsonibacter sp900066645","2","100","d__Bacteria;p__Firmicutes_A;c__Clostridia;o__Oscillospirales;f__Oscillospiraceae;g__Lawsonibacter;s__Lawsonibacter sp900066645","PHIST","NULL","0.0","NULL","0.0",0.188122,0.811878,"No","lytic","BACPHLIP","No",0,0,"https://portal.nersc.gov/UHGV/votu_reps/UHGV-045/UHGV-0459252",TRUE
"UHGV-2015368","vOTU-026937",11862,"No",42.73,7,83,1406.57,11.11,11,"No",0,0,"Low-quality","6.83","HMM-based","Yes","Uncertain",0.9192,1,0,"Uncertain - viral or bacterial","6.1",1,1,"vFAM-00009;vOTU-026937","root;Duplodnaviria;Heunggongvirae;Uroviricota;Caudoviricetes","geNomad-markers","gene-hits=4; agreement=1","Duplodnaviria","Heunggongvirae","Uroviricota","Caudoviricetes","NULL","NULL","NULL","NULL","Caudovirales","NULL","NULL","NULL","d__Bacteria;p__Bacteroidota;c__Bacteroidia;o__Bacteroidales;f__Bacteroidaceae;g__Bacteroides","1060","96.79","d__Bacteria;p__Bacteroidota;c__Bacteroidia;o__Bacteroidales;f__Bacteroidaceae;g__Bacteroides","PHIST","NULL","0.189571","NULL","NULL",0.9875,0.0125,"No","temperate","BACPHLIP","No",0,0,"https://portal.nersc.gov/UHGV/votu_reps/UHGV-201/UHGV-2015368",TRUE
"UHGV-1471278","vOTU-066352",40746,"No",45.27,58,91.44,642.362,12.28,11,"No",0,0,"High-quality","99.9","AAI-based","No","Confident",0.9785,10,0,"Virus","58.7",14,0,"vFAM-00003;vSUBFAM-00558;vGENUS-12730;vSUBGEN-19668;vOTU-066352","root;Duplodnaviria;Heunggongvirae;Uroviricota;Caudoviricetes","geNomad-markers","gene-hits=40; agreement=1","Duplodnaviria","Heunggongvirae","Uroviricota","Caudoviricetes","NULL","NULL","NULL","NULL","Caudovirales","d__Bacteria;p__Firmicutes_A;c__Clostridia;o__Lachnospirales;f__Lachnospiraceae","63","93.65","d__Bacteria;p__Firmicutes_A;c__Clostridia;o__Lachnospirales;f__Lachnospiraceae;g__Ventrimonas;s__Ventrimonas sp900538475","12","83.33","d__Bacteria;p__Firmicutes_A;c__Clostridia;o__Lachnospirales;f__Lachnospiraceae","CRISPR","0.824965","0.450561","0.0","0.0",1,0,"No","temperate","BACPHLIP","Yes",0,0,"https://portal.nersc.gov/UHGV/votu_reps/UHGV-147/UHGV-1471278",FALSE
"UHGV-1528969","vOTU-036436",42550,"No",41.02,51,89.68,748.176,10,11,"No",0,0,"Medium-quality","87.91","AAI-based","No","Uncertain",0.9621,5,1,"Virus","13.55",6,0,"vFAM-00066;vSUBFAM-07136;vOTU-036436","root;Duplodnaviria;Heunggongvirae;Uroviricota;Caudoviricetes","geNomad-markers","gene-hits=28; agreement=1","Duplodnaviria","Heunggongvirae","Uroviricota","Caudoviricetes","NULL","NULL","NULL","NULL","Caudovirales","d__Bacteria;p__Bacteroidota;c__Bacteroidia;o__Bacteroidales","63","98.41","d__Bacteria;p__Bacteroidota;c__Bacteroidia;o__Bacteroidales;f__Bacteroidaceae","1130","81.5","d__Bacteria;p__Bacteroidota;c__Bacteroidia;o__Bacteroidales;f__Bacteroidaceae","PHIST","1.23681","1.31643","NULL","NULL",0.05,0.95,"No","lytic","BACPHLIP","No",0,0,"https://portal.nersc.gov/UHGV/votu_reps/UHGV-152/UHGV-1528969",FALSE
"UHGV-0190786","vOTU-001160",39718,"No",48.65,62,83.43,534.435,6.56,11,"No",0,0,"Complete","100","DTR","No","Confident",0.9711,13,0,"Virus","21.8",15,2,"vFAM-00005;vSUBFAM-03822;vGENUS-12761;vSUBGEN-19746;vOTU-001160","root;Duplodnaviria;Heunggongvirae;Uroviricota;Caudoviricetes","top-genome-hit","accession=DQ840344; proteomic-score=0.083; lca-rank=family","Duplodnaviria","Heunggongvirae","Uroviricota","Caudoviricetes","NULL","NULL","NULL","NULL","Caudovirales","d__Bacteria;p__Firmicutes_A;c__Clostridia;o__Lachnospirales;f__Lachnospiraceae;g__Blautia;s__Blautia sp001304935","30","73.33","d__Bacteria;p__Firmicutes_A;c__Clostridia;o__Lachnospirales;f__Lachnospiraceae;g__Blautia;s__Blautia sp001304935","35","91.43","d__Bacteria;p__Firmicutes_A;c__Clostridia;o__Lachnospirales;f__Lachnospiraceae;g__Blautia;s__Blautia sp001304935","PHIST","0.0","0.386675","0.0","0.0",0.7875,0.2125,"No","temperate","BACPHLIP","No",0,0,"https://portal.nersc.gov/UHGV/votu_reps/UHGV-019/UHGV-0190786",FALSE
"UHGV-0371855","vOTU-014954",40558,"No",44.32,71,89.67,512.239,7.14,11,"No",0,0,"Medium-quality","68.37","AAI-based","No","Uncertain",0.9658,7,0,"Virus","8.15",7,1,"vFAM-00009;vSUBFAM-00023;vOTU-014954","root;Duplodnaviria;Heunggongvirae;Uroviricota;Caudoviricetes","geNomad-markers","gene-hits=40; agreement=1","Duplodnaviria","Heunggongvirae","Uroviricota","Caudoviricetes","NULL","NULL","NULL","NULL","Caudovirales","d__Bacteria;p__Bacteroidota;c__Bacteroidia;o__Bacteroidales;f__Bacteroidaceae;g__Phocaeicola;s__Phocaeicola vulgatus","172","80.81","d__Bacteria;p__Bacteroidota;c__Bacteroidia;o__Bacteroidales;f__Bacteroidaceae","1931","77.52","d__Bacteria;p__Bacteroidota;c__Bacteroidia;o__Bacteroidales;f__Bacteroidaceae","PHIST","0.571183","1.39","NULL","NULL",0.138349,0.861651,"No","lytic","BACPHLIP","No",0,0,"https://portal.nersc.gov/UHGV/votu_reps/UHGV-037/UHGV-0371855",FALSE
"UHGV-0284692","vOTU-005845",36809,"No",43.6,60,91.22,559.6,10.17,11,"No",0,0,"Complete","100","DTR","No","Confident",0.9745,11,0,"Virus","60.97",26,0,"vFAM-00060;vSUBFAM-00265;vGENUS-01393;vSUBGEN-03951;vOTU-005845","root;Duplodnaviria;Heunggongvirae;Uroviricota;Caudoviricetes","geNomad-markers","gene-hits=39; agreement=1","Duplodnaviria","Heunggongvirae","Uroviricota","Caudoviricetes","NULL","NULL","NULL","NULL","Caudovirales","NULL","NULL","NULL","d__Bacteria;p__Firmicutes_A;c__Clostridia;o__Oscillospirales;f__Acutalibacteraceae;g__Clostridium_A;s__Clostridium_A leptum","40","97.5","d__Bacteria;p__Firmicutes_A;c__Clostridia;o__Oscillospirales;f__Acutalibacteraceae;g__Clostridium_A;s__Clostridium_A leptum","PHIST","NULL","0.116907","NULL","0.0",0.8375,0.1625,"No","temperate","BACPHLIP","No",0,0,"https://portal.nersc.gov/UHGV/votu_reps/UHGV-028/UHGV-0284692",FALSE
"UHGV-2148045","vOTU-021707",34074,"No",52.79,47,91.21,661.277,10.87,11,"No",0,0,"Medium-quality","63.73","AAI-based","No","Confident",0.9713,11,0,"Virus","45.2",21,0,"vFAM-00001;vOTU-021707","root;Duplodnaviria;Heunggongvirae;Uroviricota;Caudoviricetes","top-genome-hit","accession=KT361651; proteomic-score=0.068; lca-rank=family","Duplodnaviria","Heunggongvirae","Uroviricota","Caudoviricetes","NULL","NULL","NULL","NULL","Caudovirales","NULL","NULL","NULL","d__Bacteria;p__Firmicutes_A;c__Clostridia;o__Oscillospirales;f__Acutalibacteraceae;g__Acutalibacter;s__Acutalibacter timonensis","6","100","d__Bacteria;p__Firmicutes_A;c__Clostridia;o__Oscillospirales;f__Acutalibacteraceae;g__Acutalibacter;s__Acutalibacter timonensis","PHIST","NULL","0.0","NULL","0.0",0.1,0.9,"No","lytic","BACPHLIP","No",0,0,"https://portal.nersc.gov/UHGV/votu_reps/UHGV-214/UHGV-2148045",FALSE
"UHGV-0221300","vOTU-049179",49596,"No",43.24,81,91.19,558.37,16.25,11,"No",0,0,"Complete","100","DTR","No","Confident",0.9698,9,0,"Virus","34.48",22,4,"vFAM-00008;vSUBFAM-05687;vGENUS-12839;vSUBGEN-19988;vOTU-049179","root;Duplodnaviria;Heunggongvirae;Uroviricota;Caudoviricetes","geNomad-markers","gene-hits=39; agreement=1","Duplodnaviria","Heunggongvirae","Uroviricota","Caudoviricetes","NULL","NULL","NULL","NULL","Caudovirales","d__Bacteria;p__Firmicutes_A;c__Clostridia;o__Lachnospirales;f__Lachnospiraceae;g__Eisenbergiella;s__Eisenbergiella porci","153","94.77","d__Bacteria;p__Firmicutes_A;c__Clostridia;o__Lachnospirales;f__Lachnospiraceae;g__Eisenbergiella;s__Eisenbergiella porci","21","100","d__Bacteria;p__Firmicutes_A;c__Clostridia;o__Lachnospirales;f__Lachnospiraceae;g__Eisenbergiella;s__Eisenbergiella porci","CRISPR","0.224897","0.0","0.0","0.0",0.975,0.025,"No","temperate","BACPHLIP","No",1,0,"https://portal.nersc.gov/UHGV/votu_reps/UHGV-022/UHGV-0221300",FALSE
"UHGV-0146469","vOTU-000199",39995,"No",44.58,58,92.97,641.069,7.02,11,"No",0,0,"Complete","100","DTR","No","Confident",0.9813,14,0,"Virus","30.48",16,2,"vFAM-00035;vSUBFAM-00161;vGENUS-00201;vSUBGEN-00436;vOTU-000199","root;Duplodnaviria;Heunggongvirae;Uroviricota;Caudoviricetes","top-genome-hit","accession=MN882550; proteomic-score=0.078; lca-rank=family","Duplodnaviria","Heunggongvirae","Uroviricota","Caudoviricetes","NULL","NULL","NULL","NULL","Caudovirales","d__Bacteria;p__Firmicutes_A;c__Clostridia;o__Lachnospirales;f__Lachnospiraceae","3571","98.57","d__Bacteria;p__Firmicutes_A;c__Clostridia;o__Lachnospirales;f__Lachnospiraceae","204","90.69","d__Bacteria;p__Firmicutes_A;c__Clostridia;o__Lachnospirales;f__Lachnospiraceae","CRISPR","2.04613","2.4195","0.237374","0.26624",0.9625,0.0375,"No","temperate","BACPHLIP","Yes",0,0,"https://portal.nersc.gov/UHGV/votu_reps/UHGV-014/UHGV-0146469",FALSE
"UHGV-1981670","vOTU-075248",42192,"No",39.01,50,91.88,775.32,6.12,11,"No",1,0,"High-quality","90.27","AAI-based","No","Confident",0.9764,10,0,"Virus","72.82",26,3,"vFAM-00001;vSUBFAM-05695;vGENUS-12863;vSUBGEN-20057;vOTU-075248","root;Duplodnaviria;Heunggongvirae;Uroviricota;Caudoviricetes","top-genome-hit","accession=AY954954; proteomic-score=0.096; lca-rank=family","Duplodnaviria","Heunggongvirae","Uroviricota","Caudoviricetes","NULL","NULL","NULL","NULL","Caudovirales","d__Bacteria;p__Firmicutes_A;c__Clostridia;o__Monoglobales;f__Monoglobaceae;g__Monoglobus;s__Monoglobus pectinilyticus","1","100","d__Bacteria;p__Firmicutes_A;c__Clostridia;o__Monoglobales;f__Monoglobaceae;g__Monoglobus;s__Monoglobus pectinilyticus","52","96.15","d__Bacteria;p__Firmicutes_A;c__Clostridia;o__Monoglobales;f__Monoglobaceae;g__Monoglobus;s__Monoglobus pectinilyticus","PHIST","0.0","0.163024","0.0","0.0",0.9125,0.0875,"No","temperate","BACPHLIP","No",0,0,"https://portal.nersc.gov/UHGV/votu_reps/UHGV-198/UHGV-1981670",FALSE
"UHGV-1645283","vOTU-108313",13441,"No",49.74,10,90.64,1218.3,11.11,11,"No",0,0,"Low-quality","14.1","AAI-based","No","Uncertain",0.9608,0,0,"Virus","9.82",1,0,"vFAM-00066;vSUBFAM-00132;vOTU-108313","root;Duplodnaviria;Heunggongvirae;Uroviricota;Caudoviricetes","geNomad-markers","gene-hits=7; agreement=1","Duplodnaviria","Heunggongvirae","Uroviricota","Caudoviricetes","NULL","NULL","NULL","NULL","Caudovirales","d__Bacteria;p__Bacteroidota;c__Bacteroidia;o__Bacteroidales;f__Bacteroidaceae","29","100","d__Bacteria;p__Bacteroidota;c__Bacteroidia;o__Bacteroidales;f__Bacteroidaceae","1312","91.92","d__Bacteria;p__Bacteroidota;c__Bacteroidia;o__Bacteroidales;f__Bacteroidaceae","PHIST","1.07536","1.08822","NULL","NULL",0.9875,0.0125,"Yes","temperate","integrase","No",0,0,"https://portal.nersc.gov/UHGV/votu_reps/UHGV-164/UHGV-1645283",TRUE
"UHGV-1940842","vOTU-116958",24381,"No",46.53,23,95.24,1009.57,9.09,11,"No",0,0,"Medium-quality","58.69","AAI-based","No","Uncertain",0.9603,2,0,"Uncertain - viral or bacterial","-3.55",1,1,"vFAM-00009;vSUBFAM-00023;vGENUS-23652;vOTU-116958","root;Duplodnaviria;Heunggongvirae;Uroviricota;Caudoviricetes","geNomad-markers","gene-hits=12; agreement=1","Duplodnaviria","Heunggongvirae","Uroviricota","Caudoviricetes","NULL","NULL","NULL","NULL","Caudovirales","d__Bacteria;p__Bacteroidota;c__Bacteroidia;o__Bacteroidales;f__Bacteroidaceae;g__Bacteroides;s__Bacteroides uniformis","30","90","d__Bacteria;p__Bacteroidota;c__Bacteroidia;o__Bacteroidales;f__Bacteroidaceae;g__Bacteroides;s__Bacteroides uniformis","1583","95.64","d__Bacteria;p__Bacteroidota;c__Bacteroidia;o__Bacteroidales;f__Bacteroidaceae;g__Bacteroides;s__Bacteroides uniformis","PHIST","0.146145","0.139048","NULL","NULL",0.0123899,0.98761,"No","lytic","BACPHLIP","No",0,0,"https://portal.nersc.gov/UHGV/votu_reps/UHGV-194/UHGV-1940842",FALSE
"UHGV-0112747","vOTU-064366",53558,"No",44.77,93,91.04,524.29,15.96,11,"No",0,0,"High-quality","99.9","AAI-based","Yes","Confident",0.9646,19,0,"Virus","45.93",27,5,"vFAM-00003;vSUBFAM-05700;vGENUS-12895;vSUBGEN-20152;vOTU-064366","root;Duplodnaviria;Heunggongvirae;Uroviricota;Caudoviricetes","top-genome-hit","accession=MG711462; proteomic-score=0.118; lca-rank=family","Duplodnaviria","Heunggongvirae","Uroviricota","Caudoviricetes","NULL","NULL","NULL","NULL","Caudovirales","d__Bacteria;p__Firmicutes_A;c__Clostridia;o__Lachnospirales;f__Lachnospiraceae;g__Enterocloster","491","97.56","d__Bacteria;p__Firmicutes_A;c__Clostridia;o__Lachnospirales;f__Lachnospiraceae;g__Enterocloster;s__Enterocloster bolteae","51","94.12","d__Bacteria;p__Firmicutes_A;c__Clostridia;o__Lachnospirales;f__Lachnospiraceae;g__Enterocloster","CRISPR","0.15475","0.096509","0.0","0.0",0.975,0.025,"No","temperate","BACPHLIP","No",0,0,"https://portal.nersc.gov/UHGV/votu_reps/UHGV-011/UHGV-0112747",FALSE
"UHGV-0166619","vOTU-073739",59921,"No",45.2,88,92.97,633.034,6.9,11,"No",0,0,"High-quality","99.9","AAI-based","No","Confident",0.9791,14,0,"Virus","47.01",16,0,"vFAM-00048;vSUBFAM-00204;vGENUS-12925;vSUBGEN-20248;vOTU-073739","root;Duplodnaviria;Heunggongvirae;Uroviricota;Caudoviricetes","geNomad-markers","gene-hits=77; agreement=1","Duplodnaviria","Heunggongvirae","Uroviricota","Caudoviricetes","NULL","NULL","NULL","NULL","Caudovirales","d__Bacteria;p__Bacteroidota;c__Bacteroidia;o__Bacteroidales","235","100","d__Bacteria;p__Bacteroidota;c__Bacteroidia;o__Bacteroidales;f__Bacteroidaceae","1315","84.49","d__Bacteria;p__Bacteroidota;c__Bacteroidia;o__Bacteroidales;f__Bacteroidaceae","PHIST","1.50843","1.15582","0.153919","0.122135",0.1,0.9,"No","lytic","BACPHLIP","No",0,0,"https://portal.nersc.gov/UHGV/votu_reps/UHGV-016/UHGV-0166619",FALSE
"UHGV-0131996","vOTU-016196",36533,"No",41.81,62,84.98,500.758,6.56,11,"No",2,0,"Low-quality","47.71","AAI-based","No","Confident",0.9772,5,0,"Uncertain - viral or bacterial","-6.5",10,1,"vFAM-00007;vSUBFAM-04563;vOTU-016196","root;Duplodnaviria;Heunggongvirae;Uroviricota;Caudoviricetes","geNomad-markers","gene-hits=34; agreement=1","Duplodnaviria","Heunggongvirae","Uroviricota","Caudoviricetes","NULL","NULL","NULL","NULL","Caudovirales","d__Bacteria;p__Firmicutes_A;c__Clostridia;o__Lachnospirales;f__Lachnospiraceae","10","100","d__Bacteria;p__Firmicutes_A;c__Clostridia;o__Lachnospirales;f__Lachnospiraceae","9","88.89","d__Bacteria;p__Firmicutes_A;c__Clostridia;o__Lachnospirales;f__Lachnospiraceae","CRISPR","0.943348","1.14906","NULL","NULL",0.279846,0.720154,"No","lytic","BACPHLIP","No",0,0,"https://portal.nersc.gov/UHGV/votu_reps/UHGV-013/UHGV-0131996",TRUE
"UHGV-0190306","vOTU-029903",13302,"No",51.35,17,90.41,707.471,6.25,11,"No",0,0,"Low-quality","29.24","AAI-based","No","Confident",0.9713,2,0,"Virus","28.58",10,0,"vFAM-00001;vSUBFAM-00011;vOTU-029903","root;Duplodnaviria;Heunggongvirae;Uroviricota;Caudoviricetes","top-genome-hit","accession=MK937613; proteomic-score=0.216; lca-rank=family","Duplodnaviria","Heunggongvirae","Uroviricota","Caudoviricetes","NULL","NULL","NULL","NULL","Caudovirales","NULL","NULL","NULL","d__Bacteria;p__Firmicutes_A;c__Clostridia;o__Lachnospirales;f__Lachnospiraceae","5","100","d__Bacteria;p__Firmicutes_A;c__Clostridia;o__Lachnospirales;f__Lachnospiraceae","PHIST","NULL","1.60944","NULL","NULL",0.0125,0.9875,"No","lytic","BACPHLIP","No",1,0,"https://portal.nersc.gov/UHGV/votu_reps/UHGV-019/UHGV-0190306",TRUE
"UHGV-1380186","vOTU-078137",57885,"No",48.99,60,94.73,913.95,18.64,11,"No",0,0,"High-quality","95.77","AAI-based","No","Uncertain",0.9682,12,0,"Virus","8.79",5,7,"vFAM-00066;vSUBFAM-00132;vGENUS-13018;vSUBGEN-20524;vOTU-078137","root;Duplodnaviria;Heunggongvirae;Uroviricota;Caudoviricetes","geNomad-markers","gene-hits=43; agreement=1","Duplodnaviria","Heunggongvirae","Uroviricota","Caudoviricetes","NULL","NULL","NULL","NULL","Caudovirales","d__Bacteria;p__Bacteroidota;c__Bacteroidia;o__Bacteroidales;f__Bacteroidaceae","67","94.03","d__Bacteria;p__Bacteroidota;c__Bacteroidia;o__Bacteroidales;f__Bacteroidaceae","1000","92.9","d__Bacteria;p__Bacteroidota;c__Bacteroidia;o__Bacteroidales;f__Bacteroidaceae","PHIST","0.815816","1.07113","NULL","NULL",0.3625,0.6375,"No","lytic","BACPHLIP","No",0,0,"https://portal.nersc.gov/UHGV/votu_reps/UHGV-138/UHGV-1380186",FALSE
"UHGV-1400099","vOTU-063675",7121,"No",43.27,13,87.71,480.462,8.33,11,"No",0,0,"High-quality","99.9","AAI-based","No","Confident",0.9362,0,0,"Uncertain - viral or bacterial","0.05",0,1,"vFAM-00072;vSUBFAM-00266;vGENUS-04085;vSUBGEN-20568;vOTU-063675","root;Monodnaviria;Loebvirae;Hofneiviricota;Faserviricetes;Tubulavirales;Inoviridae","geNomad-markers","gene-hits=5; agreement=1","Monodnaviria","Loebvirae","Hofneiviricota","Faserviricetes","Tubulavirales","Inoviridae","NULL","NULL","Inoviridae","d__Bacteria;p__Firmicutes_A;c__Clostridia;o__Lachnospirales;f__Lachnospiraceae;g__Enterocloster","17","100","d__Bacteria;p__Firmicutes_A;c__Clostridia;o__Lachnospirales;f__Lachnospiraceae;g__Enterocloster;s__Enterocloster clostridioformis","84","75","d__Bacteria;p__Firmicutes_A;c__Clostridia;o__Lachnospirales;f__Lachnospiraceae;g__Enterocloster;s__Enterocloster clostridioformis","PHIST","0.0","0.0645814","0.005747","0.0",0.188122,0.811878,"No","lytic","BACPHLIP","No",0,0,"https://portal.nersc.gov/UHGV/votu_reps/UHGV-140/UHGV-1400099",FALSE
"UHGV-1681259","vOTU-113008",21106,"No",46.49,37,84.46,481.784,8.33,11,"No",0,0,"Low-quality","43.6","AAI-based","No","Confident",0.9724,3,0,"Virus","21.88",5,0,"vFAM-00066;vSUBFAM-00132;vGENUS-10145;vOTU-113008","root;Duplodnaviria;Heunggongvirae;Uroviricota;Caudoviricetes","geNomad-markers","gene-hits=24; agreement=1","Duplodnaviria","Heunggongvirae","Uroviricota","Caudoviricetes","NULL","NULL","NULL","NULL","Caudovirales","d__Bacteria;p__Bacteroidota;c__Bacteroidia;o__Bacteroidales","29","100","d__Bacteria;p__Bacteroidota;c__Bacteroidia;o__Bacteroidales;f__Bacteroidaceae","690","77.97","d__Bacteria;p__Bacteroidota;c__Bacteroidia;o__Bacteroidales;f__Bacteroidaceae","PHIST","1.085","1.28191","NULL","NULL",0.00165283,0.998347,"No","lytic","BACPHLIP","No",0,0,"https://portal.nersc.gov/UHGV/votu_reps/UHGV-168/UHGV-1681259",TRUE
"UHGV-1411914","vOTU-066166",45183,"No",50.86,40,92.12,1040.55,15.38,11,"No",0,0,"High-quality","93.35","AAI-based","No","Confident",0.9704,12,0,"Virus","18.47",6,2,"vFAM-00066;vSUBFAM-00132;vGENUS-00954;vSUBGEN-02009;vOTU-066166","root;Duplodnaviria;Heunggongvirae;Uroviricota;Caudoviricetes","geNomad-markers","gene-hits=32; agreement=1","Duplodnaviria","Heunggongvirae","Uroviricota","Caudoviricetes","NULL","NULL","NULL","NULL","Caudovirales","d__Bacteria;p__Bacteroidota;c__Bacteroidia;o__Bacteroidales;f__Bacteroidaceae","69","92.75","d__Bacteria;p__Bacteroidota;c__Bacteroidia;o__Bacteroidales;f__Bacteroidaceae","947","91.97","d__Bacteria;p__Bacteroidota;c__Bacteroidia;o__Bacteroidales;f__Bacteroidaceae","PHIST","0.859812","1.11245","0.08874","0.08874",0.2875,0.7125,"No","lytic","BACPHLIP","No",0,0,"https://portal.nersc.gov/UHGV/votu_reps/UHGV-141/UHGV-1411914",FALSE
"UHGV-2063998","vOTU-154232",16590,"No",55.83,28,91.79,543.857,18.52,11,"No",0,0,"Low-quality","39.38","AAI-based","No","Confident",0.956,4,0,"Virus","18.93",4,1,"vFAM-00060;vSUBFAM-01855;vGENUS-02912;vOTU-154232","root;Duplodnaviria;Heunggongvirae;Uroviricota;Caudoviricetes","geNomad-markers","gene-hits=12; agreement=1","Duplodnaviria","Heunggongvirae","Uroviricota","Caudoviricetes","NULL","NULL","NULL","NULL","Caudovirales","d__Bacteria;p__Firmicutes_A;c__Clostridia;o__Oscillospirales;f__Ruminococcaceae;g__Gemmiger","25","100","d__Bacteria;p__Firmicutes_A;c__Clostridia;o__Oscillospirales;f__Ruminococcaceae;g__Gemmiger;s__Gemmiger formicilis","526","82.32","d__Bacteria;p__Firmicutes_A;c__Clostridia;o__Oscillospirales;f__Ruminococcaceae;g__Gemmiger;s__Gemmiger formicilis","PHIST","0.0","0.146605","NULL","NULL",0.6375,0.3625,"No","temperate","BACPHLIP","No",0,0,"https://portal.nersc.gov/UHGV/votu_reps/UHGV-206/UHGV-2063998",TRUE
"UHGV-2127989","vOTU-009987",41998,"No",49.47,53,91.5,725.094,26.92,11,"No",0,0,"High-quality","91.96","AAI-based","No","Confident",0.9678,11,0,"Virus","13.41",5,3,"vFAM-00066;vSUBFAM-00132;vGENUS-13071;vSUBGEN-20665;vOTU-009987","root;Duplodnaviria;Heunggongvirae;Uroviricota;Caudoviricetes","geNomad-markers","gene-hits=32; agreement=1","Duplodnaviria","Heunggongvirae","Uroviricota","Caudoviricetes","NULL","NULL","NULL","NULL","Caudovirales","d__Bacteria;p__Bacteroidota;c__Bacteroidia;o__Bacteroidales;f__Bacteroidaceae","47","91.49","d__Bacteria;p__Bacteroidota;c__Bacteroidia;o__Bacteroidales;f__Bacteroidaceae;g__Bacteroides","2162","72.02","d__Bacteria;p__Bacteroidota;c__Bacteroidia;o__Bacteroidales;f__Bacteroidaceae;g__Bacteroides","PHIST","0.910725","0.910116","0.08874","0.063908",1,0,"No","temperate","BACPHLIP","No",0,0,"https://portal.nersc.gov/UHGV/votu_reps/UHGV-212/UHGV-2127989",TRUE
"UHGV-1372354","vOTU-005197",44751,"No",55.82,73,91.69,562.068,11.11,11,"No",0,0,"Complete","100","DTR","No","Confident",0.9794,12,0,"Virus","67.72",27,0,"vFAM-00027;vSUBFAM-00338;vGENUS-00470;vSUBGEN-20791;vOTU-005197","root;Duplodnaviria;Heunggongvirae;Uroviricota;Caudoviricetes","geNomad-markers","gene-hits=54; agreement=1","Duplodnaviria","Heunggongvirae","Uroviricota","Caudoviricetes","NULL","NULL","NULL","NULL","Caudovirales","d__Bacteria;p__Firmicutes_A;c__Clostridia;o__Oscillospirales;f__Oscillospiraceae;g__Flavonifractor;s__Flavonifractor plautii","276","98.55","d__Bacteria;p__Firmicutes_A;c__Clostridia;o__Oscillospirales;f__Oscillospiraceae;g__Flavonifractor;s__Flavonifractor plautii","199","79.9","d__Bacteria;p__Firmicutes_A;c__Clostridia;o__Oscillospirales;f__Oscillospiraceae;g__Flavonifractor;s__Flavonifractor plautii","CRISPR","0.0839009","0.788751","0.0","0.0",0.975,0.025,"No","temperate","BACPHLIP","No",0,0,"https://portal.nersc.gov/UHGV/votu_reps/UHGV-137/UHGV-1372354",FALSE
"UHGV-1986534","vOTU-129865",10112,"No",34.42,21,86.13,414.714,27.27,11,"No",1,0,"Low-quality","24.77","AAI-based","Yes","Confident",0.9593,0,0,"Virus","26.11",6,2,"vFAM-00003;vSUBFAM-00799;vGENUS-05164;vOTU-129865","root;Duplodnaviria;Heunggongvirae;Uroviricota;Caudoviricetes","geNomad-markers","gene-hits=11; agreement=1","Duplodnaviria","Heunggongvirae","Uroviricota","Caudoviricetes","NULL","NULL","NULL","NULL","Caudovirales","d__Bacteria;p__Firmicutes;c__Bacilli;o__Erysipelotrichales;f__Erysipelotrichaceae;g__Longicatena;s__Longicatena caecimuris","5","100","d__Bacteria;p__Firmicutes;c__Bacilli;o__Erysipelotrichales;f__Erysipelotrichaceae;g__Longicatena;s__Longicatena caecimuris","40","97.5","d__Bacteria;p__Firmicutes;c__Bacilli;o__Erysipelotrichales;f__Erysipelotrichaceae;g__Longicatena;s__Longicatena caecimuris","PHIST","0.0","0.116907","NULL","NULL",0.9875,0.0125,"Yes","temperate","integrase","No",0,0,"https://portal.nersc.gov/UHGV/votu_reps/UHGV-198/UHGV-1986534",TRUE
"UHGV-1471408","vOTU-007681",40965,"No",47.91,52,90.23,710.827,5.88,11,"No",0,0,"High-quality","91.27","AAI-based","No","Confident",0.9805,10,0,"Virus","53.16",11,1,"vFAM-00006;vSUBFAM-00136;vGENUS-13258;vSUBGEN-21121;vOTU-007681","root;Duplodnaviria;Heunggongvirae;Uroviricota;Caudoviricetes","geNomad-markers","gene-hits=40; agreement=0.9792","Duplodnaviria","Heunggongvirae","Uroviricota","Caudoviricetes","NULL","NULL","NULL","NULL","Caudovirales","d__Bacteria;p__Firmicutes_A;c__Clostridia","156","94.87","d__Bacteria;p__Firmicutes_A;c__Clostridia;o__Oscillospirales;f__Ruminococcaceae;g__Gemmiger","254","71.65","d__Bacteria;p__Firmicutes_A;c__Clostridia;o__Oscillospirales;f__Ruminococcaceae;g__Gemmiger","PHIST","2.12627","1.37725","0.286828","0.030925",0.95,0.05,"No","temperate","BACPHLIP","Yes",0,0,"https://portal.nersc.gov/UHGV/votu_reps/UHGV-147/UHGV-1471408",FALSE
"UHGV-1943233","vOTU-132863",12483,"No",46.63,22,86.57,491.182,9.52,11,"No",1,0,"Low-quality","4.48","AAI-based","No","Confident",0.9689,3,0,"Uncertain - viral or bacterial","-2.11",1,2,"vFAM-00066;vSUBFAM-00132;vGENUS-01098;vOTU-132863","root;Duplodnaviria;Heunggongvirae;Uroviricota;Caudoviricetes;Winoviridae","top-genome-hit","accession=MT732475; proteomic-score=0.071; lca-rank=family","Duplodnaviria","Heunggongvirae","Uroviricota","Caudoviricetes","NULL","Winoviridae","NULL","NULL","Caudovirales","d__Bacteria;p__Bacteroidota;c__Bacteroidia;o__Bacteroidales;f__Tannerellaceae;g__Parabacteroides;s__Parabacteroides merdae","26","88.46","d__Bacteria;p__Bacteroidota;c__Bacteroidia;o__Bacteroidales;f__Tannerellaceae;g__Parabacteroides","238","79.83","d__Bacteria;p__Bacteroidota;c__Bacteroidia;o__Bacteroidales;f__Tannerellaceae;g__Parabacteroides","PHIST","0.271189","0.762949","NULL","NULL",0.026417,0.973583,"No","lytic","BACPHLIP","No",0,0,"https://portal.nersc.gov/UHGV/votu_reps/UHGV-194/UHGV-1943233",TRUE
"UHGV-1925383","vOTU-153439",10816,"No",50.71,11,88.29,868.091,26.67,11,"No",0,0,"Low-quality","16.77","HMM-based","Yes","Uncertain",0.8945,0,0,"Virus","9.8",2,2,"vFAM-00001;vSUBFAM-00011;vGENUS-13732;vOTU-153439","root;Duplodnaviria;Heunggongvirae;Uroviricota;Caudoviricetes","geNomad-markers","gene-hits=6; agreement=1","Duplodnaviria","Heunggongvirae","Uroviricota","Caudoviricetes","NULL","NULL","NULL","NULL","Caudovirales","NULL","NULL","NULL","d__Bacteria;p__Firmicutes_A;c__Clostridia","12","91.67","d__Bacteria;p__Firmicutes_A;c__Clostridia","PHIST","NULL","1.90728","NULL","NULL",0.0765312,0.923469,"No","lytic","BACPHLIP","No",0,0,"https://portal.nersc.gov/UHGV/votu_reps/UHGV-192/UHGV-1925383",TRUE
"UHGV-0164976","vOTU-131664",23162,"No",53.12,26,87.13,776.192,12,11,"No",1,0,"Medium-quality","57.13","AAI-based","No","Uncertain",0.9387,4,0,"Uncertain - plasmid or chromosomal","-3.65",0,4,"vFAM-00043;vSUBFAM-01958;vGENUS-02214;vOTU-131664","root;Duplodnaviria;Heunggongvirae;Uroviricota;Caudoviricetes","geNomad-markers","gene-hits=13; agreement=1","Duplodnaviria","Heunggongvirae","Uroviricota","Caudoviricetes","NULL","NULL","NULL","NULL","Caudovirales","d__Bacteria;p__Bacteroidota;c__Bacteroidia;o__Bacteroidales;f__Rikenellaceae;g__Alistipes;s__Alistipes shahii","136","90.44","d__Bacteria;p__Bacteroidota;c__Bacteroidia;o__Bacteroidales;f__Rikenellaceae;g__Alistipes","382","99.21","d__Bacteria;p__Bacteroidota;c__Bacteroidia;o__Bacteroidales;f__Rikenellaceae;g__Alistipes","PHIST","0.175919","0.0545143","NULL","NULL",0.25,0.75,"No","lytic","BACPHLIP","Yes",0,0,"https://portal.nersc.gov/UHGV/votu_reps/UHGV-016/UHGV-0164976",FALSE
"UHGV-1926331","vOTU-134150",12912,"No",59,15,90.54,779.4,14.29,11,"No",0,0,"Low-quality","28.27","AAI-based","No","Uncertain",0.9778,1,0,"Uncertain - plasmid or chromosomal","3.01",1,1,"vFAM-00001;vSUBFAM-00607;vGENUS-01640;vOTU-134150","root;Duplodnaviria;Heunggongvirae;Uroviricota;Caudoviricetes","top-genome-hit","accession=MG711465; proteomic-score=0.151; lca-rank=family","Duplodnaviria","Heunggongvirae","Uroviricota","Caudoviricetes","NULL","NULL","NULL","NULL","Caudovirales","d__Bacteria;p__Firmicutes_A;c__Clostridia;o__Oscillospirales;f__Ruminococcaceae;g__Faecalibacterium;s__Faecalibacterium prausnitzii_G","5","80","d__Bacteria;p__Firmicutes_A;c__Clostridia;o__Oscillospirales","48","95.83","d__Bacteria;p__Firmicutes_A;c__Clostridia;o__Oscillospirales","PHIST","0.500402","1.9944","NULL","NULL",0.148502,0.851498,"No","lytic","BACPHLIP","Yes",0,0,"https://portal.nersc.gov/UHGV/votu_reps/UHGV-192/UHGV-1926331",TRUE
"UHGV-0100095","vOTU-102120",10148,"No",38.76,18,86.38,487,0,11,"No",0,0,"Low-quality","14.25","AAI-based","No","Uncertain",0.9635,0,0,"Uncertain - viral or bacterial","-4.36",2,2,"vFAM-00023;vSUBFAM-00130;vGENUS-00511;vOTU-102120","root;Duplodnaviria;Heunggongvirae;Uroviricota;Caudoviricetes","top-genome-hit","accession=MN812240; proteomic-score=0.061; lca-rank=family","Duplodnaviria","Heunggongvirae","Uroviricota","Caudoviricetes","NULL","NULL","NULL","NULL","Caudovirales","d__Bacteria;p__Bacteroidota;c__Bacteroidia;o__Bacteroidales;f__Bacteroidaceae","70","100","d__Bacteria;p__Bacteroidota;c__Bacteroidia;o__Bacteroidales;f__Bacteroidaceae","1808","97.35","d__Bacteria;p__Bacteroidota;c__Bacteroidia;o__Bacteroidales;f__Bacteroidaceae","PHIST","0.689469","0.850991","NULL","NULL",0.188122,0.811878,"No","lytic","BACPHLIP","No",0,0,"https://portal.nersc.gov/UHGV/votu_reps/UHGV-010/UHGV-0100095",TRUE
"UHGV-2015085","vOTU-019991",10816,"No",44.79,15,83.9,605,7.14,11,"No",0,0,"Low-quality","28.99","AAI-based","No","Confident",0.9666,4,0,"Uncertain - viral or bacterial","3.2",3,1,"vFAM-00001;vSUBFAM-00174;vOTU-019991","root;Duplodnaviria;Heunggongvirae;Uroviricota;Caudoviricetes","geNomad-markers","gene-hits=12; agreement=1","Duplodnaviria","Heunggongvirae","Uroviricota","Caudoviricetes","NULL","NULL","NULL","NULL","Caudovirales","NULL","NULL","NULL","d__Bacteria;p__Firmicutes_A;c__Clostridia;o__Lachnospirales;f__Lachnospiraceae;g__Clostridium_AP","121","100","d__Bacteria;p__Firmicutes_A;c__Clostridia;o__Lachnospirales;f__Lachnospiraceae;g__Clostridium_AP","PHIST","NULL","0.0","NULL","NULL",1,0,"No","temperate","BACPHLIP","No",0,0,"https://portal.nersc.gov/UHGV/votu_reps/UHGV-201/UHGV-2015085",FALSE
"UHGV-0144756","vOTU-037820",38879,"No",53.27,41,95.26,903.293,22.5,11,"No",0,0,"Medium-quality","80.32","AAI-based","No","Confident",0.9703,12,0,"Virus","19.38",5,3,"vFAM-00066;vSUBFAM-00132;vGENUS-01098;vOTU-037820","root;Duplodnaviria;Heunggongvirae;Uroviricota;Caudoviricetes","geNomad-markers","gene-hits=36; agreement=1","Duplodnaviria","Heunggongvirae","Uroviricota","Caudoviricetes","NULL","NULL","NULL","NULL","Caudovirales","d__Bacteria;p__Bacteroidota;c__Bacteroidia;o__Bacteroidales","123","99.19","d__Bacteria;p__Bacteroidota;c__Bacteroidia;o__Bacteroidales;f__Bacteroidaceae","1394","88.81","d__Bacteria;p__Bacteroidota;c__Bacteroidia;o__Bacteroidales;f__Bacteroidaceae","PHIST","1.15662","1.19593","0.039829","0.122135",0.2875,0.7125,"No","lytic","BACPHLIP","No",0,0,"https://portal.nersc.gov/UHGV/votu_reps/UHGV-014/UHGV-0144756",TRUE
"UHGV-0047071","vOTU-079505",38248,"No",46.98,73,95.25,499.068,8.33,11,"No",0,0,"High-quality","91.09","AAI-based","No","Confident",0.9775,9,0,"Virus","21.39",13,1,"vFAM-00010;vSUBFAM-00589;vGENUS-13427;vSUBGEN-21558;vOTU-079505","root;Duplodnaviria;Heunggongvirae;Uroviricota;Caudoviricetes","top-genome-hit","accession=LN681536; proteomic-score=0.058; lca-rank=family","Duplodnaviria","Heunggongvirae","Uroviricota","Caudoviricetes","NULL","NULL","NULL","NULL","Caudovirales","d__Bacteria;p__Firmicutes_A;c__Clostridia;o__Lachnospirales;f__Lachnospiraceae;g__Enterocloster","28","89.29","d__Bacteria;p__Firmicutes_A;c__Clostridia;o__Lachnospirales;f__Lachnospiraceae;g__Enterocloster;s__Enterocloster citroniae","8","100","d__Bacteria;p__Firmicutes_A;c__Clostridia;o__Lachnospirales;f__Lachnospiraceae;g__Enterocloster","CRISPR","0.3405","0.0","0.029467","0.0",0.975,0.025,"No","temperate","BACPHLIP","No",1,0,"https://portal.nersc.gov/UHGV/votu_reps/UHGV-004/UHGV-0047071",FALSE
"UHGV-0352914","vOTU-004817",32619,"No",47.59,56,92.98,541.607,10.91,11,"No",0,0,"Complete","100","DTR","No","Confident",0.9742,9,0,"Virus","45.37",16,1,"vFAM-00060;vSUBFAM-05817;vGENUS-13440;vSUBGEN-21592;vOTU-004817","root;Duplodnaviria;Heunggongvirae;Uroviricota;Caudoviricetes","top-genome-hit","accession=LN681536; proteomic-score=0.057; lca-rank=family","Duplodnaviria","Heunggongvirae","Uroviricota","Caudoviricetes","NULL","NULL","NULL","NULL","Caudovirales","d__Bacteria;p__Firmicutes_A;c__Clostridia;o__Christensenellales;f__CAG-138;g__Phil1;s__Phil1 sp001940855","3","100","d__Bacteria;p__Firmicutes_A;c__Clostridia;o__Oscillospirales;f__Acutalibacteraceae;g__Hydrogeniiclostridium;s__Hydrogeniiclostridium mannosilyticum","7","71.43","d__Bacteria;p__Firmicutes_A;c__Clostridia;o__Oscillospirales;f__Acutalibacteraceae;g__Hydrogeniiclostridium;s__Hydrogeniiclostridium mannosilyticum","PHIST","0.0","0.796312","0.0","0.0",1,0,"No","temperate","BACPHLIP","No",0,0,"https://portal.nersc.gov/UHGV/votu_reps/UHGV-035/UHGV-0352914",FALSE
"UHGV-2183693","vOTU-007542",139371,"No",37.21,164,93.73,796.518,4.29,11,"No",0,0,"High-quality","99.9","AAI-based","No","Confident",0.9721,15,0,"Virus","27.37",14,7,"vFAM-00111;vSUBFAM-00541;vGENUS-04107;vSUBGEN-21604;vOTU-007542","root;Duplodnaviria;Heunggongvirae;Uroviricota;Caudoviricetes","geNomad-markers","gene-hits=110; agreement=1","Duplodnaviria","Heunggongvirae","Uroviricota","Caudoviricetes","NULL","NULL","NULL","NULL","Caudovirales","d__Bacteria;p__Bacteroidota;c__Bacteroidia;o__Bacteroidales;f__Bacteroidaceae;g__Bacteroides;s__Bacteroides faecis","149","79.87","d__Bacteria;p__Bacteroidota;c__Bacteroidia;o__Bacteroidales;f__Bacteroidaceae;g__Bacteroides","331","82.48","d__Bacteria;p__Bacteroidota;c__Bacteroidia;o__Bacteroidales;f__Bacteroidaceae;g__Bacteroides","PHIST","0.168796","0.760943","0.0","0.026481",1,0,"No","temperate","BACPHLIP","Yes",0,0,"https://portal.nersc.gov/UHGV/votu_reps/UHGV-218/UHGV-2183693",FALSE
"UHGV-1560053","vOTU-097763",11498,"No",46.14,16,90.28,648.75,13.33,11,"No",0,0,"Low-quality","29.9","AAI-based","No","Uncertain",0.9703,1,0,"Uncertain - plasmid or chromosomal","-2.18",1,1,"vFAM-00035;vSUBFAM-00161;vOTU-097763","root;Duplodnaviria;Heunggongvirae;Uroviricota;Caudoviricetes","top-genome-hit","accession=MN882550; proteomic-score=0.118; lca-rank=family","Duplodnaviria","Heunggongvirae","Uroviricota","Caudoviricetes","NULL","NULL","NULL","NULL","Caudovirales","d__Bacteria;p__Firmicutes_A;c__Clostridia;o__Lachnospirales;f__Lachnospiraceae","416","99.28","d__Bacteria;p__Firmicutes_A;c__Clostridia;o__Lachnospirales;f__Lachnospiraceae","209","97.13","d__Bacteria;p__Firmicutes_A;c__Clostridia;o__Lachnospirales;f__Lachnospiraceae","CRISPR","1.47649","2.81008","NULL","NULL",0.188122,0.811878,"No","lytic","BACPHLIP","Yes",0,0,"https://portal.nersc.gov/UHGV/votu_reps/UHGV-156/UHGV-1560053",TRUE
"UHGV-1434739","vOTU-103384",3893,"No",43.51,9,96.71,418.333,14.29,11,"No",0,0,"Medium-quality","75.47","AAI-based","No","Confident",0.9793,3,0,"Uncertain - viral or bacterial","NULL",4,0,"vFAM-00002;vSUBFAM-00002;vGENUS-00030;vOTU-103384","root;Monodnaviria;Sangervirae;Phixviricota;Malgrandaviricetes;Petitvirales;Microviridae","top-genome-hit","accession=MT185428; proteomic-score=0.141; lca-rank=family","Monodnaviria","Sangervirae","Phixviricota","Malgrandaviricetes","Petitvirales","Microviridae","NULL","NULL","Microviridae","d__Bacteria;p__Firmicutes_A;c__Clostridia;o__Oscillospirales;f__Oscillospiraceae;g__Dysosmobacter;s__Dysosmobacter sp001916835","1","100","d__Bacteria;p__Firmicutes_A;c__Clostridia;o__Oscillospirales;f__Oscillospiraceae;g__Dysosmobacter;s__Dysosmobacter sp014297375","7","85.71","d__Bacteria;p__Firmicutes_A;c__Clostridia;o__Oscillospirales;f__Oscillospiraceae;g__Dysosmobacter;s__Dysosmobacter sp014297375","PHIST","0.0","0.410116","0.0","0.0",0.975,0.025,"Yes","temperate","integrase","No",0,0,"https://portal.nersc.gov/UHGV/votu_reps/UHGV-143/UHGV-1434739",TRUE
"UHGV-1362910","vOTU-004592",40040,"No",47.63,59,94.13,638.797,3.45,11,"No",0,0,"Complete","100","DTR","No","Confident",0.9788,10,0,"Virus","36.97",19,0,"vFAM-00003;vSUBFAM-00095;vGENUS-05542;vSUBGEN-21914;vOTU-004592","root;Duplodnaviria;Heunggongvirae;Uroviricota;Caudoviricetes","geNomad-markers","gene-hits=41; agreement=1","Duplodnaviria","Heunggongvirae","Uroviricota","Caudoviricetes","NULL","NULL","NULL","NULL","Caudovirales","d__Bacteria;p__Firmicutes_A;c__Clostridia;o__Lachnospirales;f__Lachnospiraceae;g__Enterocloster","115","83.48","d__Bacteria;p__Firmicutes_A;c__Clostridia;o__Lachnospirales;f__Lachnospiraceae;g__Enterocloster;s__Enterocloster bolteae","68","97.06","d__Bacteria;p__Firmicutes_A;c__Clostridia;o__Lachnospirales;f__Lachnospiraceae;g__Enterocloster","CRISPR","0.448221","0.0766488","0.0","0.0",0.975,0.025,"No","temperate","BACPHLIP","No",0,0,"https://portal.nersc.gov/UHGV/votu_reps/UHGV-136/UHGV-1362910",FALSE
"UHGV-1449221","vOTU-007663",44722,"No",44.7,51,93.51,820,8,11,"No",0,0,"High-quality","98.87","AAI-based","No","Confident",0.9719,11,0,"Virus","56.23",23,0,"vFAM-00001;vSUBFAM-00011;vGENUS-00768;vSUBGEN-00708;vOTU-007663","root;Duplodnaviria;Heunggongvirae;Uroviricota;Caudoviricetes","top-genome-hit","accession=AY954956; proteomic-score=0.082; lca-rank=family","Duplodnaviria","Heunggongvirae","Uroviricota","Caudoviricetes","NULL","NULL","NULL","NULL","Caudovirales","NULL","NULL","NULL","d__Bacteria;p__Firmicutes","50","62","d__Bacteria;p__Firmicutes","PHIST","NULL","1.62339","NULL","0.0",0.95,0.05,"No","temperate","BACPHLIP","No",3,0,"https://portal.nersc.gov/UHGV/votu_reps/UHGV-144/UHGV-1449221",FALSE
"UHGV-1783371","vOTU-132576",10005,"No",39.2,18,80.87,449.5,0,11,"No",0,0,"Low-quality","15.8","AAI-based","No","Uncertain",0.9672,1,0,"Uncertain - viral or bacterial","-6.34",2,1,"vFAM-00017;vSUBFAM-00014;vGENUS-01465;vOTU-132576","root;Duplodnaviria;Heunggongvirae;Uroviricota;Caudoviricetes","geNomad-markers","gene-hits=13; agreement=1","Duplodnaviria","Heunggongvirae","Uroviricota","Caudoviricetes","NULL","NULL","NULL","NULL","Caudovirales","NULL","NULL","NULL","d__Bacteria;p__Firmicutes_A;c__Clostridia;o__Lachnospirales;f__Lachnospiraceae","104","77.88","d__Bacteria;p__Firmicutes_A;c__Clostridia;o__Lachnospirales;f__Lachnospiraceae","PHIST","NULL","2.68005","NULL","NULL",0.188122,0.811878,"No","lytic","BACPHLIP","No",0,0,"https://portal.nersc.gov/UHGV/votu_reps/UHGV-178/UHGV-1783371",TRUE
"UHGV-2034009","vOTU-021721",27848,"No",50.66,39,91.72,654.923,18.42,11,"No",0,0,"Low-quality","33.4","AAI-based","No","Uncertain",0.7329,3,0,"Uncertain - viral or bacterial","-6.83",1,2,"vFAM-00020;vOTU-021721","root;Duplodnaviria;Heunggongvirae;Uroviricota;Caudoviricetes","geNomad-markers","gene-hits=5; agreement=1","Duplodnaviria","Heunggongvirae","Uroviricota","Caudoviricetes","NULL","NULL","NULL","NULL","Caudovirales","NULL","NULL","NULL","d__Bacteria;p__Firmicutes_A;c__Clostridia;o__Oscillospirales","116","76.72","d__Bacteria;p__Firmicutes_A;c__Clostridia;o__Oscillospirales","PHIST","NULL","2.51833","NULL","NULL",0.9875,0.0125,"No","temperate","BACPHLIP","No",2,0,"https://portal.nersc.gov/UHGV/votu_reps/UHGV-203/UHGV-2034009",FALSE
"UHGV-2166344","vOTU-090748",17598,"No",47.27,20,90.71,798.15,10.53,11,"No",0,0,"Low-quality","8.83","AAI-based","No","Uncertain",0.9231,1,0,"Uncertain - plasmid or chromosomal","-2.88",1,1,"vFAM-00049;vSUBFAM-00549;vOTU-090748","root;Duplodnaviria;Heunggongvirae;Uroviricota;Caudoviricetes","top-genome-hit","accession=LC168164; proteomic-score=0.068; lca-rank=family","Duplodnaviria","Heunggongvirae","Uroviricota","Caudoviricetes","NULL","NULL","NULL","NULL","Caudovirales","d__Bacteria;p__Bacteroidota;c__Bacteroidia;o__Bacteroidales;f__Tannerellaceae;g__Parabacteroides;s__Parabacteroides distasonis","14","85.71","d__Bacteria;p__Bacteroidota;c__Bacteroidia;o__Bacteroidales","3073","99.48","d__Bacteria;p__Bacteroidota;c__Bacteroidia;o__Bacteroidales","PHIST","0.410116","1.33865","NULL","NULL",0.10118,0.89882,"No","lytic","BACPHLIP","No",0,0,"https://portal.nersc.gov/UHGV/votu_reps/UHGV-216/UHGV-2166344",FALSE
"UHGV-1372365","vOTU-001630",44880,"No",51.43,78,91.73,527.808,7.79,11,"No",0,0,"Complete","100","DTR","No","Confident",0.9805,11,0,"Virus","54.43",17,1,"vFAM-00004;vSUBFAM-00135;vGENUS-06144;vSUBGEN-22437;vOTU-001630","root;Duplodnaviria;Heunggongvirae;Uroviricota;Caudoviricetes","geNomad-markers","gene-hits=57; agreement=1","Duplodnaviria","Heunggongvirae","Uroviricota","Caudoviricetes","NULL","NULL","NULL","NULL","Caudovirales","d__Bacteria;p__Firmicutes_A;c__Clostridia;o__Oscillospirales;f__Oscillospiraceae;g__Flavonifractor;s__Flavonifractor plautii","73","71.23","d__Bacteria;p__Firmicutes_A;c__Clostridia;o__Oscillospirales;f__Oscillospiraceae","3","100","d__Bacteria;p__Firmicutes_A;c__Clostridia;o__Oscillospirales;f__Oscillospiraceae;g__Flavonifractor;s__Flavonifractor plautii","CRISPR","0.718032","0.636514","0.0","0.077401",1,0,"No","temperate","BACPHLIP","No",1,0,"https://portal.nersc.gov/UHGV/votu_reps/UHGV-137/UHGV-1372365",FALSE
"UHGV-1947526","vOTU-139842",14676,"No",60.39,24,93.27,570.375,13.04,11,"No",0,0,"Low-quality","18.66","HMM-based","No","Confident",0.9631,4,0,"Uncertain - viral or bacterial","5.97",6,1,"vFAM-00017;vSUBFAM-00014;vGENUS-11992;vOTU-139842","root;Duplodnaviria;Heunggongvirae;Uroviricota;Caudoviricetes","top-genome-hit","accession=MG711460; proteomic-score=0.102; lca-rank=family","Duplodnaviria","Heunggongvirae","Uroviricota","Caudoviricetes","NULL","NULL","NULL","NULL","Caudovirales","d__Bacteria;p__Firmicutes_A;c__Clostridia;o__Oscillospirales;f__Oscillospiraceae","3","100","d__Bacteria;p__Firmicutes_A;c__Clostridia;o__Oscillospirales;f__Oscillospiraceae","48","95.83","d__Bacteria;p__Firmicutes_A;c__Clostridia;o__Oscillospirales;f__Oscillospiraceae","PHIST","0.636514","1.17277","NULL","NULL",0.0625,0.9375,"No","lytic","BACPHLIP","No",0,0,"https://portal.nersc.gov/UHGV/votu_reps/UHGV-194/UHGV-1947526",TRUE
"UHGV-1614191","vOTU-146723",11441,"No",53.24,4,92.8,2654.25,0,11,"No",0,0,"Low-quality","11.66","AAI-based","No","Uncertain",0.9199,1,0,"Uncertain - viral or bacterial","NULL",0,0,"vFAM-00111;vSUBFAM-00351;vGENUS-11008;vOTU-146723","root;Duplodnaviria;Heunggongvirae;Uroviricota;Caudoviricetes","geNomad-markers","gene-hits=2; agreement=1","Duplodnaviria","Heunggongvirae","Uroviricota","Caudoviricetes","NULL","NULL","NULL","NULL","Caudovirales","d__Bacteria;p__Bacteroidota;c__Bacteroidia;o__Bacteroidales;f__Bacteroidaceae;g__Phocaeicola","31","74.19","d__Bacteria;p__Bacteroidota;c__Bacteroidia;o__Bacteroidales;f__Bacteroidaceae","1139","90.34","d__Bacteria;p__Bacteroidota;c__Bacteroidia;o__Bacteroidales;f__Bacteroidaceae","PHIST","0.668254","1.13384","NULL","NULL",0.118143,0.881857,"No","lytic","BACPHLIP","No",0,0,"https://portal.nersc.gov/UHGV/votu_reps/UHGV-161/UHGV-1614191",TRUE
"UHGV-0205770","vOTU-000517",48027,"No",55.79,77,94.16,587.299,5.26,11,"No",0,0,"Complete","100","DTR","No","Confident",0.9799,20,0,"Virus","35.96",20,1,"vFAM-00001;vSUBFAM-01597;vGENUS-02732;vSUBGEN-22525;vOTU-000517","root;Duplodnaviria;Heunggongvirae;Uroviricota;Caudoviricetes","top-genome-hit","accession=KP296792; proteomic-score=0.117; lca-rank=family","Duplodnaviria","Heunggongvirae","Uroviricota","Caudoviricetes","NULL","NULL","NULL","NULL","Caudovirales","d__Bacteria;p__Firmicutes_A;c__Clostridia;o__Oscillospirales;f__Ruminococcaceae;g__Faecalibacterium;s__Faecalibacterium prausnitzii_G","38","73.68","d__Bacteria;p__Firmicutes_A;c__Clostridia;o__Oscillospirales","26","80.77","d__Bacteria;p__Firmicutes_A;c__Clostridia;o__Oscillospirales;f__Ruminococcaceae;g__Faecalibacterium;s__Faecalibacterium prausnitzii_G","CRISPR","1.03635","2.10416","0.0","0.25452",0.825,0.175,"No","temperate","BACPHLIP","Yes",0,0,"https://portal.nersc.gov/UHGV/votu_reps/UHGV-020/UHGV-0205770",FALSE
"UHGV-1767555","vOTU-014905",30018,"No",36.88,47,71.34,455.617,21.74,11,"No",0,0,"Low-quality","27.68","HMM-based","No","Uncertain",0.8621,0,0,"Uncertain - viral or bacterial","-3.81",3,1,"vFAM-00028;vOTU-014905","root;Duplodnaviria;Heunggongvirae;Uroviricota;Caudoviricetes","geNomad-markers","gene-hits=21; agreement=1","Duplodnaviria","Heunggongvirae","Uroviricota","Caudoviricetes","NULL","NULL","NULL","NULL","Caudovirales","d__Bacteria;p__Bacteroidota;c__Bacteroidia;o__Bacteroidales;f__Bacteroidaceae","10","90","d__Bacteria;p__Bacteroidota;c__Bacteroidia;o__Bacteroidales;f__Bacteroidaceae;g__Phocaeicola","81","71.6","d__Bacteria;p__Bacteroidota;c__Bacteroidia;o__Bacteroidales;f__Bacteroidaceae;g__Phocaeicola","PHIST","0.897946","0.827552","NULL","NULL",0.975,0.025,"No","temperate","BACPHLIP","No",0,0,"https://portal.nersc.gov/UHGV/votu_reps/UHGV-176/UHGV-1767555",TRUE
"UHGV-0106536","vOTU-045542",32078,"No",37.04,52,85.45,527.135,11.76,11,"No",0,0,"Complete","100","DTR","No","Confident",0.9527,13,0,"Virus","30.23",16,2,"vFAM-00022;vSUBFAM-05930;vGENUS-13949;vSUBGEN-22936;vOTU-045542","root;Duplodnaviria;Heunggongvirae;Uroviricota;Caudoviricetes","top-genome-hit","accession=LN681540; proteomic-score=0.061; lca-rank=family","Duplodnaviria","Heunggongvirae","Uroviricota","Caudoviricetes","NULL","NULL","NULL","NULL","Caudovirales","NULL","NULL","NULL","NULL","NULL","NULL","NULL","NULL","NULL","NULL","NULL","NULL",1,0,"Yes","temperate","integrase","No",0,0,"https://portal.nersc.gov/UHGV/votu_reps/UHGV-010/UHGV-0106536",TRUE
"UHGV-2157415","vOTU-017065",15287,"No",37.11,18,93.96,798,0,11,"No",0,0,"Low-quality","38.36","AAI-based","No","Uncertain",0.9462,7,0,"Virus","14.04",10,1,"vFAM-00026;vOTU-017065","root;Duplodnaviria;Heunggongvirae;Uroviricota;Caudoviricetes","top-genome-hit","accession=LN681538; proteomic-score=0.103; lca-rank=family","Duplodnaviria","Heunggongvirae","Uroviricota","Caudoviricetes","NULL","NULL","NULL","NULL","Caudovirales","NULL","NULL","NULL","d__Bacteria;p__Firmicutes_A;c__Clostridia;o__Oscillospirales;f__Acutalibacteraceae;g__UMGS1071;s__UMGS1071 sp900542375","103","84.47","d__Bacteria;p__Firmicutes_A;c__Clostridia;o__Oscillospirales;f__Acutalibacteraceae;g__UMGS1071;s__UMGS1071 sp900542375","PHIST","NULL","0.0546588","NULL","NULL",0.0123899,0.98761,"No","lytic","BACPHLIP","No",0,0,"https://portal.nersc.gov/UHGV/votu_reps/UHGV-215/UHGV-2157415",TRUE
"UHGV-2173062","vOTU-041296",11743,"No",58.16,21,98.31,549.714,0,11,"No",0,0,"Low-quality","7.81","HMM-based","No","Uncertain",0.9355,2,0,"Uncertain - plasmid or chromosomal","4.7",2,1,"vFAM-00001;vSUBFAM-01597;vOTU-041296","root;Duplodnaviria;Heunggongvirae;Uroviricota;Caudoviricetes","geNomad-markers","gene-hits=6; agreement=0.877","Duplodnaviria","Heunggongvirae","Uroviricota","Caudoviricetes","NULL","NULL","NULL","NULL","Caudovirales","NULL","NULL","NULL","d__Bacteria;p__Firmicutes_A;c__Clostridia;o__Oscillospirales;f__Oscillospiraceae","207","95.17","d__Bacteria;p__Firmicutes_A;c__Clostridia;o__Oscillospirales;f__Oscillospiraceae","PHIST","NULL","1.86376","NULL","NULL",0.410389,0.589611,"No","lytic","BACPHLIP","No",0,0,"https://portal.nersc.gov/UHGV/votu_reps/UHGV-217/UHGV-2173062",TRUE
"UHGV-2006402","vOTU-124621",5968,"No",44.02,7,78.02,665.143,16.67,11,"No",0,0,"Medium-quality","54.01","AAI-based","No","Confident",0.7366,0,0,"Virus","25.39",1,0,"vFAM-00006;vOTU-124621","root;Monodnaviria;Shotokuvirae;Cressdnaviricota;Arfiviricetes;Cirlivirales;Circoviridae","geNomad-markers","gene-hits=1; agreement=1","Monodnaviria","Shotokuvirae","Cressdnaviricota","Arfiviricetes","Cirlivirales","Circoviridae","NULL","NULL","Cressdnaviricota","NULL","NULL","NULL","d__Bacteria;p__Firmicutes_A;c__Clostridia","16","75","d__Bacteria;p__Firmicutes_A;c__Clostridia","PHIST","NULL","1.19008","NULL","0.513566",1,0,"Yes","temperate","integrase","No",0,0,"https://portal.nersc.gov/UHGV/votu_reps/UHGV-200/UHGV-2006402",TRUE
"UHGV-1990622","vOTU-077339",38821,"No",59.74,61,89.68,570.738,13.33,11,"No",0,0,"High-quality","99.9","AAI-based","No","Confident",0.9654,16,0,"Virus","35.41",13,0,"vFAM-00005;vSUBFAM-01355;vGENUS-03160;vSUBGEN-23283;vOTU-077339","root;Duplodnaviria;Heunggongvirae;Uroviricota;Caudoviricetes","geNomad-markers","gene-hits=31; agreement=1","Duplodnaviria","Heunggongvirae","Uroviricota","Caudoviricetes","NULL","NULL","NULL","NULL","Caudovirales","d__Bacteria;p__Firmicutes_A;c__Clostridia;o__Oscillospirales;f__Oscillospiraceae;g__Dysosmobacter;s__Dysosmobacter welbionis","228","90.35","d__Bacteria;p__Firmicutes_A;c__Clostridia;o__Oscillospirales;f__Oscillospiraceae;g__Dysosmobacter;s__Dysosmobacter welbionis","74","81.08","d__Bacteria;p__Firmicutes_A;c__Clostridia;o__Oscillospirales;f__Oscillospiraceae;g__Dysosmobacter;s__Dysosmobacter welbionis","CRISPR","0.50042","0.579714","0.0","0.0",0.95,0.05,"No","temperate","BACPHLIP","No",0,0,"https://portal.nersc.gov/UHGV/votu_reps/UHGV-199/UHGV-1990622",FALSE
"UHGV-1497117","vOTU-066697",48882,"No",51.34,49,96.74,965.082,18.75,11,"No",0,0,"High-quality","99.9","AAI-based","No","Confident",0.9729,13,0,"Virus","17.94",5,2,"vFAM-00066;vSUBFAM-00132;vGENUS-00954;vSUBGEN-23356;vOTU-066697","root;Duplodnaviria;Heunggongvirae;Uroviricota;Caudoviricetes","geNomad-markers","gene-hits=43; agreement=1","Duplodnaviria","Heunggongvirae","Uroviricota","Caudoviricetes","NULL","NULL","NULL","NULL","Caudovirales","d__Bacteria;p__Bacteroidota;c__Bacteroidia;o__Bacteroidales;f__Bacteroidaceae","70","94.29","d__Bacteria;p__Bacteroidota;c__Bacteroidia;o__Bacteroidales;f__Bacteroidaceae","1224","92.65","d__Bacteria;p__Bacteroidota;c__Bacteroidia;o__Bacteroidales;f__Bacteroidaceae","PHIST","0.824583","1.05181","0.08874","0.063908",0.275,0.725,"No","lytic","BACPHLIP","No",0,0,"https://portal.nersc.gov/UHGV/votu_reps/UHGV-149/UHGV-1497117",FALSE
"UHGV-2128077","vOTU-121739",34813,"No",48,50,89.2,621.06,18.37,11,"No",0,0,"Medium-quality","71.92","AAI-based","No","Confident",0.9707,10,0,"Virus","28.23",9,1,"vFAM-00066;vSUBFAM-00132;vGENUS-10145;vOTU-121739","root;Duplodnaviria;Heunggongvirae;Uroviricota;Caudoviricetes","geNomad-markers","gene-hits=38; agreement=1","Duplodnaviria","Heunggongvirae","Uroviricota","Caudoviricetes","NULL","NULL","NULL","NULL","Caudovirales","d__Bacteria;p__Bacteroidota;c__Bacteroidia;o__Bacteroidales","113","100","d__Bacteria;p__Bacteroidota;c__Bacteroidia;o__Bacteroidales;f__Bacteroidaceae","802","78.18","d__Bacteria;p__Bacteroidota;c__Bacteroidia;o__Bacteroidales;f__Bacteroidaceae","PHIST","1.46969","1.26218","0.153919","0.122135",1,0,"Yes","temperate","integrase","No",0,0,"https://portal.nersc.gov/UHGV/votu_reps/UHGV-212/UHGV-2128077",FALSE
"UHGV-1461697","vOTU-085421",6146,"No",45.3,13,89.13,421.385,9.09,11,"No",0,0,"High-quality","98.73","AAI-based","No","Confident",0.9637,0,0,"Uncertain - viral or bacterial","2.26",0,0,"vFAM-00072;vSUBFAM-00266;vGENUS-05842;vSUBGEN-23677;vOTU-085421","root;Monodnaviria;Loebvirae;Hofneiviricota;Faserviricetes;Tubulavirales;Inoviridae","geNomad-markers","gene-hits=6; agreement=1","Monodnaviria","Loebvirae","Hofneiviricota","Faserviricetes","Tubulavirales","Inoviridae","NULL","NULL","Inoviridae","d__Bacteria;p__Firmicutes_A;c__Clostridia;o__Lachnospirales;f__Lachnospiraceae;g__Enterocloster","12","100","d__Bacteria;p__Firmicutes_A;c__Clostridia;o__Lachnospirales;f__Lachnospiraceae;g__Enterocloster;s__Enterocloster clostridioformis","36","100","d__Bacteria;p__Firmicutes_A;c__Clostridia;o__Lachnospirales;f__Lachnospiraceae;g__Enterocloster;s__Enterocloster clostridioformis","PHIST","0.0","0.0","0.0","0.0",0.188122,0.811878,"No","lytic","BACPHLIP","No",0,0,"https://portal.nersc.gov/UHGV/votu_reps/UHGV-146/UHGV-1461697",TRUE
"UHGV-1798238","vOTU-156492",15037,"No",46.68,26,88.26,510.462,24,11,"No",1,0,"Low-quality","28.06","AAI-based","No","Confident",0.9772,4,0,"Uncertain - viral or bacterial","5.08",0,2,"vFAM-00111;vSUBFAM-00351;vGENUS-11008;vOTU-156492","root;Duplodnaviria;Heunggongvirae;Uroviricota;Caudoviricetes;Winoviridae","top-genome-hit","accession=MT732475; proteomic-score=0.065; lca-rank=family","Duplodnaviria","Heunggongvirae","Uroviricota","Caudoviricetes","NULL","Winoviridae","NULL","NULL","Caudovirales","d__Bacteria;p__Bacteroidota;c__Bacteroidia;o__Bacteroidales;f__Bacteroidaceae","13","84.62","d__Bacteria;p__Bacteroidota;c__Bacteroidia;o__Bacteroidales;f__Bacteroidaceae","1555","94.21","d__Bacteria;p__Bacteroidota;c__Bacteroidia;o__Bacteroidales;f__Bacteroidaceae","PHIST","1.01233","1.04809","NULL","NULL",0.338843,0.661157,"No","lytic","BACPHLIP","No",0,0,"https://portal.nersc.gov/UHGV/votu_reps/UHGV-179/UHGV-1798238",TRUE
"UHGV-0140962","vOTU-015630",36671,"No",55.98,54,89.27,606.222,16.98,11,"No",0,0,"Medium-quality","67.34","AAI-based","No","Confident",0.969,9,0,"Virus","44.09",12,0,"vFAM-00060;vSUBFAM-01855;vGENUS-02912;vOTU-015630","root;Duplodnaviria;Heunggongvirae;Uroviricota;Caudoviricetes","geNomad-markers","gene-hits=30; agreement=1","Duplodnaviria","Heunggongvirae","Uroviricota","Caudoviricetes","NULL","NULL","NULL","NULL","Caudovirales","d__Bacteria;p__Firmicutes_A;c__Clostridia;o__Oscillospirales;f__Ruminococcaceae;g__Gemmiger;s__Gemmiger formicilis","65","84.62","d__Bacteria;p__Firmicutes_A;c__Clostridia;o__Oscillospirales;f__Ruminococcaceae;g__Gemmiger;s__Gemmiger formicilis","479","82.25","d__Bacteria;p__Firmicutes_A;c__Clostridia;o__Oscillospirales;f__Ruminococcaceae;g__Gemmiger;s__Gemmiger formicilis","PHIST","0.0","0.106135","0.0","0.0",0.9375,0.0625,"Yes","temperate","integrase","No",0,0,"https://portal.nersc.gov/UHGV/votu_reps/UHGV-014/UHGV-0140962",FALSE
"UHGV-0254143","vOTU-003092",43838,"No",50.58,78,90.2,506.962,10.39,11,"No",0,0,"Complete","100","DTR","No","Confident",0.9797,10,0,"Virus","61.78",17,0,"vFAM-00004;vSUBFAM-00135;vGENUS-06144;vSUBGEN-23952;vOTU-003092","root;Duplodnaviria;Heunggongvirae;Uroviricota;Caudoviricetes","geNomad-markers","gene-hits=54; agreement=1","Duplodnaviria","Heunggongvirae","Uroviricota","Caudoviricetes","NULL","NULL","NULL","NULL","Caudovirales","d__Bacteria;p__Firmicutes_A;c__Clostridia;o__Oscillospirales;f__Oscillospiraceae","40","100","d__Bacteria;p__Firmicutes_A;c__Clostridia;o__Oscillospirales;f__Oscillospiraceae;g__Lawsonibacter;s__Lawsonibacter sp900066645","4","75","d__Bacteria;p__Firmicutes_A;c__Clostridia;o__Oscillospirales;f__Oscillospiraceae","CRISPR","1.03216","0.562335","0.0","0.0",1,0,"No","temperate","BACPHLIP","No",1,0,"https://portal.nersc.gov/UHGV/votu_reps/UHGV-025/UHGV-0254143",FALSE
"UHGV-1449073","vOTU-060455",44806,"No",51.45,48,92.07,859.438,17.02,11,"No",0,0,"High-quality","92.57","AAI-based","No","Confident",0.9716,12,0,"Uncertain - viral or bacterial","4.78",5,2,"vFAM-00066;vSUBFAM-00132;vGENUS-00954;vSUBGEN-02009;vOTU-060455","root;Duplodnaviria;Heunggongvirae;Uroviricota;Caudoviricetes","geNomad-markers","gene-hits=37; agreement=1","Duplodnaviria","Heunggongvirae","Uroviricota","Caudoviricetes","NULL","NULL","NULL","NULL","Caudovirales","d__Bacteria;p__Bacteroidota;c__Bacteroidia;o__Bacteroidales;f__Bacteroidaceae","70","92.86","d__Bacteria;p__Bacteroidota;c__Bacteroidia;o__Bacteroidales;f__Bacteroidaceae","1254","92.58","d__Bacteria;p__Bacteroidota;c__Bacteroidia;o__Bacteroidales;f__Bacteroidaceae","PHIST","0.85327","1.07193","0.08874","0.067527",0.2875,0.7125,"No","lytic","BACPHLIP","No",0,0,"https://portal.nersc.gov/UHGV/votu_reps/UHGV-144/UHGV-1449073",FALSE
"UHGV-1421364","vOTU-171233",35681,"No",40.06,53,91.57,616.472,11.54,11,"No",1,0,"Medium-quality","80.12","AAI-based","No","Confident",0.9792,7,0,"Virus","47.92",12,0,"vFAM-00010;vSUBFAM-02090;vGENUS-02415;vOTU-171233","root;Duplodnaviria;Heunggongvirae;Uroviricota;Caudoviricetes","geNomad-markers","gene-hits=36; agreement=0.9863","Duplodnaviria","Heunggongvirae","Uroviricota","Caudoviricetes","NULL","NULL","NULL","NULL","Caudovirales","NULL","NULL","NULL","d__Bacteria;p__Firmicutes_A;c__Clostridia;o__Lachnospirales;f__Lachnospiraceae","9","77.78","d__Bacteria;p__Firmicutes_A;c__Clostridia;o__Lachnospirales;f__Lachnospiraceae","PHIST","NULL","1.30309","NULL","0.191044",0.9375,0.0625,"No","temperate","BACPHLIP","No",1,0,"https://portal.nersc.gov/UHGV/votu_reps/UHGV-142/UHGV-1421364",FALSE
"UHGV-2175456","vOTU-011960",39591,"No",38.64,50,92.33,731.1,6.12,11,"No",0,0,"High-quality","99.9","AAI-based","No","Confident",0.9775,10,0,"Virus","39.82",18,0,"vFAM-00001;vSUBFAM-00024;vGENUS-00349;vSUBGEN-01049;vOTU-011960","root;Duplodnaviria;Heunggongvirae;Uroviricota;Caudoviricetes","geNomad-markers","gene-hits=40; agreement=1","Duplodnaviria","Heunggongvirae","Uroviricota","Caudoviricetes","NULL","NULL","NULL","NULL","Caudovirales","d__Bacteria;p__Firmicutes_C;c__Negativicutes;o__Veillonellales;f__Veillonellaceae;g__Veillonella","49","100","d__Bacteria;p__Firmicutes_C;c__Negativicutes;o__Veillonellales;f__Veillonellaceae;g__Veillonella","7","100","d__Bacteria;p__Firmicutes_C;c__Negativicutes;o__Veillonellales;f__Veillonellaceae;g__Veillonella","CRISPR","0.0","0.0","0.0","0.0",0.9625,0.0375,"No","temperate","BACPHLIP","No",1,0,"https://portal.nersc.gov/UHGV/votu_reps/UHGV-217/UHGV-2175456",FALSE
"UHGV-1294623","vOTU-094936",18154,"No",62.24,22,97.1,801.273,0,11,"No",0,0,"Low-quality","41.6","AAI-based","No","Confident",0.9802,4,0,"Virus","36.31",15,0,"vFAM-00001;vOTU-094936","root;Duplodnaviria;Heunggongvirae;Uroviricota;Caudoviricetes","top-genome-hit","accession=GQ478086; proteomic-score=0.056; lca-rank=family","Duplodnaviria","Heunggongvirae","Uroviricota","Caudoviricetes","NULL","NULL","NULL","NULL","Caudovirales","NULL","NULL","NULL","d__Bacteria;p__Firmicutes_A;c__Clostridia;o__Oscillospirales;f__Ruminococcaceae;g__Gemmiger;s__Gemmiger formicilis","1","100","d__Bacteria;p__Firmicutes_A;c__Clostridia;o__Oscillospirales;f__Ruminococcaceae;g__Gemmiger;s__Gemmiger formicilis","PHIST","NULL","0.0","NULL","NULL",0.2375,0.7625,"No","lytic","BACPHLIP","No",0,0,"https://portal.nersc.gov/UHGV/votu_reps/UHGV-129/UHGV-1294623",TRUE
"UHGV-0367036","vOTU-002240",113508,"No",35.66,160,91.9,651.938,10,11,"No",5,0,"Complete","100","DTR","No","Confident",0.9706,11,0,"Virus","32.56",13,4,"vFAM-00111;vSUBFAM-00541;vGENUS-04107;vSUBGEN-04228;vOTU-002240","root;Duplodnaviria;Heunggongvirae;Uroviricota;Caudoviricetes","geNomad-markers","gene-hits=97; agreement=1","Duplodnaviria","Heunggongvirae","Uroviricota","Caudoviricetes","NULL","NULL","NULL","NULL","Caudovirales","d__Bacteria;p__Bacteroidota;c__Bacteroidia;o__Bacteroidales;f__Bacteroidaceae","19","94.74","d__Bacteria;p__Bacteroidota;c__Bacteroidia;o__Bacteroidales;f__Bacteroidaceae;g__Bacteroides","339","81.42","d__Bacteria;p__Bacteroidota;c__Bacteroidia;o__Bacteroidales;f__Bacteroidaceae;g__Bacteroides","PHIST","0.856998","0.815134","0.08874","0.026481",0.9875,0.0125,"No","temperate","BACPHLIP","Yes",0,0,"https://portal.nersc.gov/UHGV/votu_reps/UHGV-036/UHGV-0367036",FALSE
"UHGV-2056832","vOTU-000494",59962,"No",43.91,93,88.82,572.645,10.42,11,"No",1,0,"Complete","100","DTR","No","Confident",0.9697,7,0,"Virus","28.66",36,0,"vFAM-00017;vSUBFAM-00014;vGENUS-14444;vSUBGEN-24249;vOTU-000494","root;Duplodnaviria;Heunggongvirae;Uroviricota;Caudoviricetes","top-genome-hit","accession=MG711463; proteomic-score=0.243; lca-rank=family","Duplodnaviria","Heunggongvirae","Uroviricota","Caudoviricetes","NULL","NULL","NULL","NULL","Caudovirales","d__Bacteria;p__Firmicutes_A;c__Clostridia;o__Oscillospirales;f__Ruminococcaceae;g__Ruthenibacterium;s__Ruthenibacterium lactatiformans","2","100","d__Bacteria;p__Firmicutes_A;c__Clostridia;o__Oscillospirales;f__Ruminococcaceae;g__Ruthenibacterium;s__Ruthenibacterium lactatiformans","34","70.59","d__Bacteria;p__Firmicutes_A;c__Clostridia;o__Oscillospirales;f__Ruminococcaceae;g__Ruthenibacterium;s__Ruthenibacterium lactatiformans","PHIST","0.0","1.20148","0.0","0.0",0.876955,0.123045,"No","temperate","BACPHLIP","No",0,0,"https://portal.nersc.gov/UHGV/votu_reps/UHGV-205/UHGV-2056832",FALSE
"UHGV-2178124","vOTU-041147",22455,"No",45.52,28,85.81,688.179,18.52,11,"No",0,0,"Not-determined","NULL","NULL","No","Uncertain",0.8924,2,0,"Uncertain - viral or bacterial","-2.46",0,1,"vFAM-00049;vSUBFAM-00549;vOTU-041147","root;Duplodnaviria;Heunggongvirae;Uroviricota;Caudoviricetes","top-genome-hit","accession=LC168164; proteomic-score=0.055; lca-rank=family","Duplodnaviria","Heunggongvirae","Uroviricota","Caudoviricetes","NULL","NULL","NULL","NULL","Caudovirales","d__Bacteria;p__Bacteroidota;c__Bacteroidia;o__Bacteroidales;f__Tannerellaceae;g__Parabacteroides;s__Parabacteroides distasonis","14","85.71","d__Bacteria;p__Bacteroidota;c__Bacteroidia;o__Bacteroidales;f__Bacteroidaceae","2092","75.1","d__Bacteria;p__Bacteroidota;c__Bacteroidia;o__Bacteroidales;f__Bacteroidaceae","PHIST","0.410116","1.41738","NULL","NULL",1,0,"No","temperate","BACPHLIP","No",0,0,"https://portal.nersc.gov/UHGV/votu_reps/UHGV-217/UHGV-2178124",FALSE
"UHGV-2060325","vOTU-130699",11339,"No",40.98,20,76.25,432.3,36.84,11,"No",0,0,"Medium-quality","87.93","AAI-based","No","Uncertain",0.9315,1,0,"Uncertain - viral or bacterial","6.57",2,0,"vFAM-00001;vOTU-130699","root;Duplodnaviria;Heunggongvirae;Uroviricota;Caudoviricetes","geNomad-markers","gene-hits=4; agreement=1","Duplodnaviria","Heunggongvirae","Uroviricota","Caudoviricetes","NULL","NULL","NULL","NULL","Caudovirales","NULL","NULL","NULL","d__Bacteria;p__Firmicutes_A;c__Clostridia;o__Oscillospirales;f__Acutalibacteraceae;g__Clostridium_A;s__Clostridium_A leptum","12","91.67","d__Bacteria;p__Firmicutes_A;c__Clostridia;o__Oscillospirales;f__Acutalibacteraceae;g__Clostridium_A;s__Clostridium_A leptum","PHIST","NULL","0.286836","NULL","NULL",0.1625,0.8375,"No","lytic","BACPHLIP","No",0,0,"https://portal.nersc.gov/UHGV/votu_reps/UHGV-206/UHGV-2060325",TRUE
"UHGV-0336022","vOTU-075303",50176,"No",42.64,79,85.61,543.76,12.82,11,"No",1,0,"High-quality","91.2","AAI-based","No","Confident",0.9676,5,0,"Virus","12.3",8,3,"vFAM-00009;vSUBFAM-00023;vGENUS-14456;vSUBGEN-24289;vOTU-075303","root;Duplodnaviria;Heunggongvirae;Uroviricota;Caudoviricetes","geNomad-markers","gene-hits=42; agreement=0.991","Duplodnaviria","Heunggongvirae","Uroviricota","Caudoviricetes","NULL","NULL","NULL","NULL","Caudovirales","d__Bacteria;p__Bacteroidota;c__Bacteroidia;o__Bacteroidales;f__Bacteroidaceae;g__Bacteroides;s__Bacteroides uniformis","120","94.17","d__Bacteria;p__Bacteroidota;c__Bacteroidia;o__Bacteroidales;f__Bacteroidaceae;g__Bacteroides;s__Bacteroides uniformis","1455","94.57","d__Bacteria;p__Bacteroidota;c__Bacteroidia;o__Bacteroidales;f__Bacteroidaceae;g__Bacteroides;s__Bacteroides uniformis","PHIST","0.164889","0.128618","0.0","0.0",0.0875,0.9125,"No","lytic","BACPHLIP","No",1,0,"https://portal.nersc.gov/UHGV/votu_reps/UHGV-033/UHGV-0336022",FALSE
"UHGV-0187463","vOTU-029702",29866,"No",56.66,39,88.07,674.462,0,11,"No",0,0,"Medium-quality","76.06","AAI-based","No","Confident",0.9792,10,0,"Virus","33.55",17,2,"vFAM-00060;vSUBFAM-05284;vGENUS-11095;vOTU-029702","root;Duplodnaviria;Heunggongvirae;Uroviricota;Caudoviricetes","geNomad-markers","gene-hits=28; agreement=1","Duplodnaviria","Heunggongvirae","Uroviricota","Caudoviricetes","NULL","NULL","NULL","NULL","Caudovirales","d__Bacteria;p__Firmicutes_A;c__Clostridia;o__Oscillospirales;f__Ruminococcaceae;g__Ruthenibacterium;s__Ruthenibacterium lactatiformans","23","95.65","d__Bacteria;p__Firmicutes_A;c__Clostridia;o__Oscillospirales;f__Ruminococcaceae;g__Ruthenibacterium;s__Ruthenibacterium lactatiformans","37","97.3","d__Bacteria;p__Firmicutes_A;c__Clostridia;o__Oscillospirales;f__Ruminococcaceae;g__Ruthenibacterium;s__Ruthenibacterium lactatiformans","PHIST","0.0","0.124251","0.0","0.0",1,0,"No","temperate","BACPHLIP","No",0,0,"https://portal.nersc.gov/UHGV/votu_reps/UHGV-018/UHGV-0187463",FALSE
"UHGV-1985305","vOTU-167027",49864,"No",47.17,64,91.4,712.125,4.69,11,"No",1,1,"Medium-quality","75.65","HMM-based","No","Uncertain",0.9552,5,0,"Plasmid","16.28",19,7,"vFAM-00017;vSUBFAM-00014;vOTU-167027","root;Duplodnaviria;Heunggongvirae;Uroviricota;Caudoviricetes","top-genome-hit","accession=MG711463; proteomic-score=0.138; lca-rank=family","Duplodnaviria","Heunggongvirae","Uroviricota","Caudoviricetes","NULL","NULL","NULL","NULL","Caudovirales","d__Bacteria;p__Proteobacteria","4","50","d__Bacteria;p__Firmicutes_A;c__Clostridia;o__Lachnospirales;f__Lachnospiraceae","346","71.97","d__Bacteria;p__Firmicutes_A;c__Clostridia;o__Lachnospirales;f__Lachnospiraceae","PHIST","0.693147","3.00081","NULL","NULL",0.325,0.675,"No","lytic","BACPHLIP","No",0,0,"https://portal.nersc.gov/UHGV/votu_reps/UHGV-198/UHGV-1985305",FALSE
"UHGV-2015745","vOTU-020935",30896,"No",51.84,29,86.8,924.724,17.86,11,"No",0,0,"Low-quality","27.86","AAI-based","No","Confident",0.9617,3,0,"Uncertain - viral or bacterial","-1.36",3,2,"vFAM-00111;vSUBFAM-00351;vGENUS-04287;vOTU-020935","root;Duplodnaviria;Heunggongvirae;Uroviricota;Caudoviricetes","geNomad-markers","gene-hits=20; agreement=1","Duplodnaviria","Heunggongvirae","Uroviricota","Caudoviricetes","NULL","NULL","NULL","NULL","Caudovirales","d__Bacteria;p__Bacteroidota;c__Bacteroidia;o__Bacteroidales;f__Barnesiellaceae;g__Barnesiella;s__Barnesiella intestinihominis","4","75","d__Bacteria;p__Bacteroidota;c__Bacteroidia;o__Bacteroidales","1463","99.11","d__Bacteria;p__Bacteroidota;c__Bacteroidia;o__Bacteroidales","PHIST","0.562335","1.58873","NULL","NULL",0.514345,0.485655,"No","temperate","BACPHLIP","No",0,0,"https://portal.nersc.gov/UHGV/votu_reps/UHGV-201/UHGV-2015745",FALSE
"UHGV-1371850","vOTU-056847",7229,"No",36.62,7,92.29,953.143,0,11,"No",0,0,"Complete","100","DTR","No","Confident",0.9828,7,0,"Virus","105.29",6,0,"vFAM-00125;vSUBFAM-00189;vGENUS-06280;vSUBGEN-24470;vOTU-056847","root;Monodnaviria;Shotokuvirae;Cossaviricota;Papovaviricetes;Zurhausenvirales;Papillomaviridae","geNomad-markers","gene-hits=7; agreement=1","Monodnaviria","Shotokuvirae","Cossaviricota","Papovaviricetes","Zurhausenvirales","Papillomaviridae","NULL","NULL","Other","NULL","NULL","NULL","NULL","NULL","NULL","NULL","NULL","NULL","NULL","NULL","NULL",0.00187003,0.99813,"No","lytic","BACPHLIP","No",0,0,"https://portal.nersc.gov/UHGV/votu_reps/UHGV-137/UHGV-1371850",FALSE
"UHGV-1458115","vOTU-007485",52056,"No",40.68,60,90.57,785.75,16.95,11,"No",1,0,"High-quality","99.73","AAI-based","No","Uncertain",0.9468,6,0,"Uncertain - viral or bacterial","-2.33",4,1,"vFAM-00028;vSUBFAM-00482;vGENUS-14546;vSUBGEN-24522;vOTU-007485","root;Duplodnaviria;Heunggongvirae;Uroviricota;Caudoviricetes","geNomad-markers","gene-hits=30; agreement=1","Duplodnaviria","Heunggongvirae","Uroviricota","Caudoviricetes","NULL","NULL","NULL","NULL","Caudovirales","d__Bacteria;p__Bacteroidota;c__Bacteroidia;o__Bacteroidales;f__Bacteroidaceae;g__Bacteroides","15","93.33","d__Bacteria;p__Bacteroidota;c__Bacteroidia;o__Bacteroidales;f__Bacteroidaceae;g__Bacteroides;s__Bacteroides thetaiotaomicron","110","96.36","d__Bacteria;p__Bacteroidota;c__Bacteroidia;o__Bacteroidales;f__Bacteroidaceae;g__Bacteroides;s__Bacteroides thetaiotaomicron","PHIST","0.24493","0.0","NULL","NULL",0.904956,0.0950441,"No","temperate","BACPHLIP","No",1,0,"https://portal.nersc.gov/UHGV/votu_reps/UHGV-145/UHGV-1458115",FALSE
"UHGV-0881830","vOTU-000663",2162,"No",49.35,5,95.33,412.2,33.33,11,"No",0,0,"Complete","100","DTR","No","Confident",0.9607,1,0,"Virus","7.24",2,0,"vFAM-00122;vSUBFAM-01004;vGENUS-04166;vSUBGEN-02303;vOTU-000663","root;Monodnaviria;Shotokuvirae;Cressdnaviricota;Repensiviricetes;Geplafuvirales;Genomoviridae","geNomad-markers","gene-hits=2; agreement=1","Monodnaviria","Shotokuvirae","Cressdnaviricota","Repensiviricetes","Geplafuvirales","Genomoviridae","NULL","NULL","Cressdnaviricota","NULL","NULL","NULL","NULL","NULL","NULL","NULL","NULL","NULL","NULL","NULL","NULL",0.00220665,0.997793,"No","lytic","BACPHLIP","No",0,0,"https://portal.nersc.gov/UHGV/votu_reps/UHGV-088/UHGV-0881830",FALSE
"UHGV-0275331","vOTU-049937",35866,"No",43.37,60,92.86,555.1,16.95,11,"No",0,0,"Complete","100","DTR","No","Confident",0.9777,13,0,"Virus","64.13",24,0,"vFAM-00060;vSUBFAM-00265;vGENUS-03174;vSUBGEN-02304;vOTU-049937","root;Duplodnaviria;Heunggongvirae;Uroviricota;Caudoviricetes","geNomad-markers","gene-hits=40; agreement=1","Duplodnaviria","Heunggongvirae","Uroviricota","Caudoviricetes","NULL","NULL","NULL","NULL","Caudovirales","NULL","NULL","NULL","d__Bacteria;p__Firmicutes_A;c__Clostridia;o__Oscillospirales;f__Acutalibacteraceae;g__Clostridium_A;s__Clostridium_A leptum","36","97.22","d__Bacteria;p__Firmicutes_A;c__Clostridia;o__Oscillospirales;f__Acutalibacteraceae;g__Clostridium_A;s__Clostridium_A leptum","PHIST","NULL","0.126931","NULL","0.0",0.8375,0.1625,"No","temperate","BACPHLIP","No",0,0,"https://portal.nersc.gov/UHGV/votu_reps/UHGV-027/UHGV-0275331",FALSE
"UHGV-0282472","vOTU-003364",50281,"No",45.97,79,91.36,581.506,8.97,11,"No",0,0,"Complete","100","DTR","No","Confident",0.9785,15,0,"Virus","36.23",19,2,"vFAM-00001;vSUBFAM-00553;vGENUS-04851;vSUBGEN-02904;vOTU-003364","root;Duplodnaviria;Heunggongvirae;Uroviricota;Caudoviricetes","top-genome-hit","accession=KP296792; proteomic-score=0.110; lca-rank=family","Duplodnaviria","Heunggongvirae","Uroviricota","Caudoviricetes","NULL","NULL","NULL","NULL","Caudovirales","d__Bacteria;p__Firmicutes_A;c__Clostridia;o__Lachnospirales;f__Lachnospiraceae","510","99.41","d__Bacteria;p__Firmicutes_A;c__Clostridia;o__Lachnospirales;f__Lachnospiraceae","16","100","d__Bacteria;p__Firmicutes_A;c__Clostridia;o__Lachnospirales;f__Lachnospiraceae","CRISPR","1.41519","1.04084","0.22688","0.16373",0.8875,0.1125,"Yes","temperate","integrase","No",1,0,"https://portal.nersc.gov/UHGV/votu_reps/UHGV-028/UHGV-0282472",FALSE
"UHGV-2146935","vOTU-080795",36687,"No",59.23,57,92.28,593.947,8.93,11,"No",0,0,"High-quality","97.91","AAI-based","No","Confident",0.974,17,0,"Virus","17.66",13,0,"vFAM-00005;vSUBFAM-01355;vGENUS-03160;vSUBGEN-24683;vOTU-080795","root;Duplodnaviria;Heunggongvirae;Uroviricota;Caudoviricetes","geNomad-markers","gene-hits=30; agreement=1","Duplodnaviria","Heunggongvirae","Uroviricota","Caudoviricetes","NULL","NULL","NULL","NULL","Caudovirales","d__Bacteria;p__Firmicutes_A;c__Clostridia;o__Oscillospirales;f__Oscillospiraceae;g__Dysosmobacter;s__Dysosmobacter welbionis","231","89.18","d__Bacteria;p__Firmicutes_A;c__Clostridia;o__Oscillospirales;f__Oscillospiraceae;g__Dysosmobacter;s__Dysosmobacter welbionis","66","77.27","d__Bacteria;p__Firmicutes_A;c__Clostridia;o__Oscillospirales;f__Oscillospiraceae;g__Dysosmobacter;s__Dysosmobacter welbionis","CRISPR","0.565077","0.7369","0.0","0.0",1,0,"Yes","temperate","integrase","No",0,0,"https://portal.nersc.gov/UHGV/votu_reps/UHGV-214/UHGV-2146935",FALSE
"UHGV-0167015","vOTU-010785",32679,"No",51.77,50,91.69,599.28,4.08,11,"No",1,0,"High-quality","99.9","AAI-based","No","Confident",0.9801,14,0,"Virus","43.28",18,1,"vFAM-00022;vSUBFAM-00485;vGENUS-00935;vSUBGEN-00825;vOTU-010785","root;Duplodnaviria;Heunggongvirae;Uroviricota;Caudoviricetes","top-genome-hit","accession=MN882550; proteomic-score=0.185; lca-rank=family","Duplodnaviria","Heunggongvirae","Uroviricota","Caudoviricetes","NULL","NULL","NULL","NULL","Caudovirales","d__Bacteria;p__Firmicutes_A;c__Clostridia;o__Oscillospirales","71","85.92","d__Bacteria;p__Firmicutes_A;c__Clostridia","19","84.21","d__Bacteria;p__Firmicutes_A;c__Clostridia;o__Oscillospirales","CRISPR","2.91594","2.30566","0.380482","0.536693",0.1625,0.8375,"No","lytic","BACPHLIP","Yes",1,0,"https://portal.nersc.gov/UHGV/votu_reps/UHGV-016/UHGV-0167015",FALSE
"UHGV-0386031","vOTU-051841",6167,"No",39.37,6,87.66,901,0,11,"No",0,0,"Complete","100","DTR","No","Confident",0.9826,2,0,"Virus","13.34",4,0,"vFAM-00013;vSUBFAM-00017;vGENUS-00023;vSUBGEN-00011;vOTU-051841","root;Monodnaviria;Sangervirae;Phixviricota;Malgrandaviricetes;Petitvirales;Microviridae","geNomad-markers","gene-hits=5; agreement=1","Monodnaviria","Sangervirae","Phixviricota","Malgrandaviricetes","Petitvirales","Microviridae","NULL","NULL","Microviridae","d__Bacteria;p__Bacteroidota;c__Bacteroidia;o__Bacteroidales;f__Bacteroidaceae;g__Bacteroides;s__Bacteroides uniformis","274","96.72","NULL","NULL","NULL","d__Bacteria;p__Bacteroidota;c__Bacteroidia;o__Bacteroidales;f__Bacteroidaceae;g__Bacteroides;s__Bacteroides uniformis","CRISPR","0.0672869","NULL","0.0","NULL",0.184392,0.815608,"No","lytic","BACPHLIP","No",0,0,"https://portal.nersc.gov/UHGV/votu_reps/UHGV-038/UHGV-0386031",TRUE
"UHGV-0178365","vOTU-046649",42064,"No",66.55,57,92.92,685.737,7.14,11,"No",0,0,"Complete","100","DTR","No","Confident",0.9755,8,0,"Virus","49.56",21,1,"vFAM-00003;vSUBFAM-06100;vGENUS-14711;vSUBGEN-25000;vOTU-046649","root;Duplodnaviria;Heunggongvirae;Uroviricota;Caudoviricetes","top-genome-hit","accession=MG711464; proteomic-score=0.104; lca-rank=family","Duplodnaviria","Heunggongvirae","Uroviricota","Caudoviricetes","NULL","NULL","NULL","NULL","Caudovirales","d__Bacteria;p__Actinobacteriota;c__Coriobacteriia;o__Coriobacteriales;f__Eggerthellaceae;g__Eggerthella;s__Eggerthella lenta","236","94.92","d__Bacteria;p__Actinobacteriota;c__Coriobacteriia;o__Coriobacteriales;f__Eggerthellaceae;g__Eggerthella;s__Eggerthella lenta","86","98.84","d__Bacteria;p__Actinobacteriota;c__Coriobacteriia;o__Coriobacteriales;f__Eggerthellaceae;g__Eggerthella;s__Eggerthella lenta","CRISPR","0.25243","0.0633548","0.0","0.0",0.975,0.025,"No","temperate","BACPHLIP","No",0,0,"https://portal.nersc.gov/UHGV/votu_reps/UHGV-017/UHGV-0178365",FALSE
"UHGV-0160734","vOTU-027993",21643,"No",49.39,35,80.56,498.171,26.47,11,"No",0,0,"Low-quality","45.4","AAI-based","No","Confident",0.966,3,0,"Virus","26.57",4,2,"vFAM-00001;vSUBFAM-03302;vGENUS-04627;vOTU-027993","root;Duplodnaviria;Heunggongvirae;Uroviricota;Caudoviricetes","top-genome-hit","accession=HE614282; proteomic-score=0.072; lca-rank=family","Duplodnaviria","Heunggongvirae","Uroviricota","Caudoviricetes","NULL","NULL","NULL","NULL","Caudovirales","NULL","NULL","NULL","d__Bacteria;p__Firmicutes_A;c__Clostridia;o__Oscillospirales;f__Acutalibacteraceae;g__Acutalibacter;s__Acutalibacter timonensis","11","81.82","d__Bacteria;p__Firmicutes_A;c__Clostridia;o__Oscillospirales;f__Acutalibacteraceae;g__Acutalibacter;s__Acutalibacter timonensis","PHIST","NULL","0.600166","NULL","NULL",1,0,"No","temperate","BACPHLIP","No",0,0,"https://portal.nersc.gov/UHGV/votu_reps/UHGV-016/UHGV-0160734",TRUE
"UHGV-0125238","vOTU-125060",10797,"No",36.37,18,96.78,580.5,8.33,11,"No",0,0,"Low-quality","9.68","AAI-based","Yes","Uncertain",0.9658,3,0,"Uncertain - viral or bacterial","5.2",2,5,"vFAM-00111;vSUBFAM-00541;vGENUS-04107;vOTU-125060","root;Duplodnaviria;Heunggongvirae;Uroviricota;Caudoviricetes","geNomad-markers","gene-hits=11; agreement=1","Duplodnaviria","Heunggongvirae","Uroviricota","Caudoviricetes","NULL","NULL","NULL","NULL","Caudovirales","d__Bacteria;p__Bacteroidota;c__Bacteroidia;o__Bacteroidales;f__Bacteroidaceae;g__Phocaeicola;s__Phocaeicola coprophilus","1","100","d__Bacteria;p__Bacteroidota;c__Bacteroidia;o__Bacteroidales;f__Bacteroidaceae;g__Bacteroides","353","79.04","d__Bacteria;p__Bacteroidota;c__Bacteroidia;o__Bacteroidales;f__Bacteroidaceae;g__Bacteroides","PHIST","0.0","0.863563","NULL","NULL",0.163759,0.836241,"No","lytic","BACPHLIP","No",0,0,"https://portal.nersc.gov/UHGV/votu_reps/UHGV-012/UHGV-0125238",TRUE
"UHGV-2202153","vOTU-081341",47485,"No",40.14,67,91.04,645.224,11.27,11,"No",0,0,"High-quality","99.9","AAI-based","Yes","Confident",0.957,16,0,"Virus","39.2",29,4,"vFAM-00001;vSUBFAM-01195;vGENUS-02387;vSUBGEN-04311;vOTU-081341","root;Duplodnaviria;Heunggongvirae;Uroviricota;Caudoviricetes","top-genome-hit","accession=EU861005; proteomic-score=0.087; lca-rank=family","Duplodnaviria","Heunggongvirae","Uroviricota","Caudoviricetes","NULL","NULL","NULL","NULL","Caudovirales","NULL","NULL","NULL","d__Bacteria;p__Firmicutes_A;c__Clostridia;o__UBA1381;f__UBA1381;g__CAG-41;s__CAG-41 sp900066215","904","99.45","d__Bacteria;p__Firmicutes_A;c__Clostridia;o__UBA1381;f__UBA1381;g__CAG-41;s__CAG-41 sp900066215","PHIST","NULL","0.043164","NULL","0.0",1,0,"No","temperate","BACPHLIP","No",2,0,"https://portal.nersc.gov/UHGV/votu_reps/UHGV-220/UHGV-2202153",FALSE
"UHGV-1519281","vOTU-081344",63838,"No",42.96,96,88.44,588.094,10.53,11,"No",2,0,"High-quality","99.9","AAI-based","No","Confident",0.9716,8,0,"Virus","44.16",14,2,"vFAM-00009;vSUBFAM-00023;vGENUS-14926;vSUBGEN-25543;vOTU-081344","root;Duplodnaviria;Heunggongvirae;Uroviricota;Caudoviricetes","geNomad-markers","gene-hits=63; agreement=1","Duplodnaviria","Heunggongvirae","Uroviricota","Caudoviricetes","NULL","NULL","NULL","NULL","Caudovirales","d__Bacteria;p__Bacteroidota;c__Bacteroidia;o__Bacteroidales;f__Bacteroidaceae","29","82.76","d__Bacteria;p__Bacteroidota;c__Bacteroidia;o__Bacteroidales;f__Bacteroidaceae;g__Phocaeicola;s__Phocaeicola plebeius_A","17","70.59","d__Bacteria;p__Bacteroidota;c__Bacteroidia;o__Bacteroidales;f__Bacteroidaceae","CRISPR","0.832571","0.545595","0.08874","0.0",0.155667,0.844333,"No","lytic","BACPHLIP","No",1,0,"https://portal.nersc.gov/UHGV/votu_reps/UHGV-151/UHGV-1519281",FALSE
"UHGV-1368822","vOTU-056304",32361,"No",51.37,40,92.76,750.45,7.69,11,"No",0,0,"Complete","100","DTR","No","Confident",0.978,17,0,"Virus","79.6",29,1,"vFAM-00032;vSUBFAM-00025;vGENUS-00104;vSUBGEN-00076;vOTU-056304","root;Duplodnaviria;Heunggongvirae;Uroviricota;Caudoviricetes;Peduoviridae;Peduovirus","top-genome-hit","accession=LR595873; proteomic-score=0.868; lca-rank=genus","Duplodnaviria","Heunggongvirae","Uroviricota","Caudoviricetes","NULL","Peduoviridae","NULL","Peduovirus","Caudovirales","d__Bacteria;p__Proteobacteria;c__Gammaproteobacteria;o__Enterobacterales;f__Enterobacteriaceae;g__Escherichia;s__Escherichia albertii","1","100","d__Bacteria;p__Proteobacteria;c__Gammaproteobacteria;o__Enterobacterales;f__Enterobacteriaceae;g__Escherichia;s__Escherichia coli","9689","96.84","d__Bacteria;p__Proteobacteria;c__Gammaproteobacteria;o__Enterobacterales;f__Enterobacteriaceae;g__Escherichia;s__Escherichia coli","PHIST","0.0","0.0796815","0.0","0.0",1,0,"No","temperate","BACPHLIP","No",0,0,"https://portal.nersc.gov/UHGV/votu_reps/UHGV-136/UHGV-1368822",FALSE
"UHGV-0371697","vOTU-024271",24624,"No",28.73,36,92.68,633.917,2.86,11,"No",0,0,"Medium-quality","72.48","AAI-based","No","Confident",0.9708,11,0,"Virus","39.57",17,0,"vFAM-00022;vSUBFAM-04159;vOTU-024271","root;Duplodnaviria;Heunggongvirae;Uroviricota;Caudoviricetes","top-genome-hit","accession=LN681538; proteomic-score=0.122; lca-rank=family","Duplodnaviria","Heunggongvirae","Uroviricota","Caudoviricetes","NULL","NULL","NULL","NULL","Caudovirales","d__Bacteria;p__Firmicutes_A;c__Clostridia;o__Clostridiales;f__Clostridiaceae;g__Clostridium","23","100","d__Bacteria;p__Firmicutes_A;c__Clostridia;o__Clostridiales;f__Clostridiaceae;g__Clostridium;s__Clostridium sp900540255","8","100","d__Bacteria;p__Firmicutes_A;c__Clostridia;o__Clostridiales;f__Clostridiaceae;g__Clostridium","CRISPR","0.0","0.0","0.0","0.0",1,0,"No","temperate","BACPHLIP","No",0,0,"https://portal.nersc.gov/UHGV/votu_reps/UHGV-037/UHGV-0371697",TRUE
"UHGV-0143719","vOTU-066850",74906,"No",41.87,98,89.11,681.122,6.19,11,"No",8,0,"High-quality","99.9","AAI-based","No","Confident",0.9703,7,0,"Virus","22.17",17,4,"vFAM-00009;vSUBFAM-01014;vGENUS-01760;vSUBGEN-25880;vOTU-066850","root;Duplodnaviria;Heunggongvirae;Uroviricota;Caudoviricetes","geNomad-markers","gene-hits=61; agreement=1","Duplodnaviria","Heunggongvirae","Uroviricota","Caudoviricetes","NULL","NULL","NULL","NULL","Caudovirales","d__Bacteria;p__Bacteroidota;c__Bacteroidia;o__Bacteroidales;f__Bacteroidaceae","266","98.5","d__Bacteria;p__Bacteroidota;c__Bacteroidia;o__Bacteroidales;f__Bacteroidaceae","1797","98.44","d__Bacteria;p__Bacteroidota;c__Bacteroidia;o__Bacteroidales;f__Bacteroidaceae","PHIST","0.817905","0.780456","0.08874","0.063908",1,0,"Yes","temperate","integrase","Yes",1,0,"https://portal.nersc.gov/UHGV/votu_reps/UHGV-014/UHGV-0143719",TRUE
"UHGV-1434407","vOTU-074538",100239,"No",50.22,134,90.86,679.679,9.09,11,"No",0,0,"High-quality","99.9","AAI-based","No","Uncertain",0.9622,6,0,"Plasmid","17.49",11,7,"vFAM-00111;vSUBFAM-00351;vGENUS-05531;vSUBGEN-26036;vOTU-074538","root;Duplodnaviria;Heunggongvirae;Uroviricota;Caudoviricetes","geNomad-markers","gene-hits=87; agreement=1","Duplodnaviria","Heunggongvirae","Uroviricota","Caudoviricetes","NULL","NULL","NULL","NULL","Caudovirales","d__Bacteria;p__Bacteroidota;c__Bacteroidia;o__Bacteroidales;f__Bacteroidaceae;g__Bacteroides;s__Bacteroides uniformis","144","84.72","d__Bacteria;p__Bacteroidota;c__Bacteroidia;o__Bacteroidales;f__Bacteroidaceae","1712","72.84","d__Bacteria;p__Bacteroidota;c__Bacteroidia;o__Bacteroidales;f__Bacteroidaceae","PHIST","0.514039","1.32966","NULL","NULL",0.9625,0.0375,"No","temperate","geNomad","No",2,0,"https://portal.nersc.gov/UHGV/votu_reps/UHGV-143/UHGV-1434407",FALSE
"UHGV-1779355","vOTU-130976",12603,"No",47.49,12,88.88,933.5,0,11,"No",0,0,"Low-quality","18.87","HMM-based","No","Confident",0.9722,2,0,"Uncertain - viral or bacterial","-1.07",1,1,"vFAM-00066;vSUBFAM-03655;vGENUS-05569;vOTU-130976","root;Duplodnaviria;Heunggongvirae;Uroviricota;Caudoviricetes;Crassvirales;Delta-crassviridae","top-genome-hit","accession=OICB01000025; proteomic-score=0.062; lca-rank=family","Duplodnaviria","Heunggongvirae","Uroviricota","Caudoviricetes","Crassvirales","Delta-crassviridae","NULL","NULL","Crassvirales","d__Bacteria;p__Bacteroidota;c__Bacteroidia;o__Bacteroidales;f__Tannerellaceae;g__Parabacteroides;s__Parabacteroides distasonis","12","83.33","d__Bacteria;p__Bacteroidota;c__Bacteroidia;o__Bacteroidales","572","97.9","d__Bacteria;p__Bacteroidota;c__Bacteroidia;o__Bacteroidales","PHIST","0.450561","1.55293","NULL","NULL",0.0393453,0.960655,"No","lytic","BACPHLIP","Yes",0,0,"https://portal.nersc.gov/UHGV/votu_reps/UHGV-177/UHGV-1779355",TRUE
"UHGV-1317264","vOTU-002000",2145,"No",49.88,2,68.95,739.5,50,11,"No",0,0,"Complete","100","DTR","No","Confident",0.9716,1,0,"Uncertain - too short","NULL",2,0,"vFAM-00122;vSUBFAM-01004;vGENUS-03618;vSUBGEN-26179;vOTU-002000","root;Monodnaviria;Shotokuvirae;Cressdnaviricota;Repensiviricetes;Geplafuvirales;Genomoviridae","geNomad-markers","gene-hits=2; agreement=1","Monodnaviria","Shotokuvirae","Cressdnaviricota","Repensiviricetes","Geplafuvirales","Genomoviridae","NULL","NULL","Cressdnaviricota","NULL","NULL","NULL","NULL","NULL","NULL","NULL","NULL","NULL","NULL","NULL","NULL",0.188122,0.811878,"No","lytic","BACPHLIP","No",0,0,"https://portal.nersc.gov/UHGV/votu_reps/UHGV-131/UHGV-1317264",FALSE
"UHGV-2141940","vOTU-109975",10243,"No",46.27,13,76.88,605.769,16.67,11,"No",0,0,"Low-quality","20.77","AAI-based","No","Uncertain",0.9607,1,0,"Uncertain - viral or bacterial","-5.48",0,2,"vFAM-00001;vSUBFAM-00553;vGENUS-04851;vOTU-109975","root;Duplodnaviria;Heunggongvirae;Uroviricota;Caudoviricetes","top-genome-hit","accession=FN297812; proteomic-score=0.072; lca-rank=family","Duplodnaviria","Heunggongvirae","Uroviricota","Caudoviricetes","NULL","NULL","NULL","NULL","Caudovirales","d__Bacteria;p__Firmicutes_A;c__Clostridia;o__Lachnospirales;f__Lachnospiraceae;g__Eisenbergiella","90","92.22","d__Bacteria;p__Firmicutes_A;c__Clostridia;o__Lachnospirales;f__Lachnospiraceae","14","100","d__Bacteria;p__Firmicutes_A;c__Clostridia;o__Lachnospirales;f__Lachnospiraceae;g__Eisenbergiella","CRISPR","0.363044","0.892118","NULL","NULL",0.222869,0.777131,"No","lytic","BACPHLIP","No",0,0,"https://portal.nersc.gov/UHGV/votu_reps/UHGV-214/UHGV-2141940",TRUE
"UHGV-0166226","vOTU-098472",18860,"No",35.89,24,95.3,748.875,4.17,11,"No",0,0,"Medium-quality","61.8","AAI-based","No","Confident",0.9826,6,0,"Virus","30.19",24,0,"vFAM-00056;vSUBFAM-00028;vGENUS-00005;vOTU-098472","root;Duplodnaviria;Heunggongvirae;Uroviricota;Caudoviricetes;Skunavirus","top-genome-hit","accession=MF448568; proteomic-score=0.889; lca-rank=genus","Duplodnaviria","Heunggongvirae","Uroviricota","Caudoviricetes","NULL","NULL","NULL","Skunavirus","Caudovirales","d__Bacteria;p__Proteobacteria;c__Gammaproteobacteria;o__Enterobacterales;f__Enterobacteriaceae;g__Klebsiella;s__Klebsiella quasipneumoniae","4","100","d__Bacteria;p__Bacteroidota;c__Bacteroidia;o__Bacteroidales;f__Bacteroidaceae;g__Bacteroides;s__Bacteroides ovatus","2","100","d__Bacteria;p__Proteobacteria;c__Gammaproteobacteria;o__Enterobacterales;f__Enterobacteriaceae;g__Klebsiella;s__Klebsiella quasipneumoniae","CRISPR","0.0","0.0","0.0","0.0",0.188122,0.811878,"No","lytic","BACPHLIP","No",0,0,"https://portal.nersc.gov/UHGV/votu_reps/UHGV-016/UHGV-0166226",FALSE
"UHGV-1991009","vOTU-139082",10692,"No",56.93,6,95.03,1693.5,100,11,"No",0,0,"Not-determined","NULL","NULL","No","Uncertain",0.9072,0,0,"Uncertain - viral or bacterial","-2.19",0,0,"vFAM-00002;vOTU-139082","root;Duplodnaviria;Heunggongvirae;Uroviricota;Caudoviricetes","geNomad-markers","gene-hits=5; agreement=1","Duplodnaviria","Heunggongvirae","Uroviricota","Caudoviricetes","NULL","NULL","NULL","NULL","Caudovirales","NULL","NULL","NULL","d__Bacteria;p__Firmicutes_A;c__Clostridia;o__Oscillospirales;f__Oscillospiraceae;g__Flavonifractor;s__Flavonifractor plautii","210","97.14","d__Bacteria;p__Firmicutes_A;c__Clostridia;o__Oscillospirales;f__Oscillospiraceae;g__Flavonifractor;s__Flavonifractor plautii","PHIST","NULL","0.154528","NULL","NULL",0.0125,0.9875,"No","lytic","BACPHLIP","No",0,0,"https://portal.nersc.gov/UHGV/votu_reps/UHGV-199/UHGV-1991009",TRUE
"UHGV-1534943","vOTU-007472",36526,"No",61.47,52,95.12,668.135,5.88,11,"No",0,0,"High-quality","99.7","AAI-based","No","Confident",0.98,14,0,"Virus","39.83",15,2,"vFAM-00134;vSUBFAM-00483;vGENUS-00880;vSUBGEN-01611;vOTU-007472","root;Duplodnaviria;Heunggongvirae;Uroviricota;Caudoviricetes;Mushuvirus","top-genome-hit","accession=MG711460; proteomic-score=0.659; lca-rank=genus","Duplodnaviria","Heunggongvirae","Uroviricota","Caudoviricetes","NULL","NULL","NULL","Mushuvirus","Caudovirales","d__Bacteria;p__Firmicutes_A;c__Clostridia;o__Oscillospirales;f__Oscillospiraceae","79","86.08","d__Bacteria;p__Firmicutes_A;c__Clostridia;o__Oscillospirales;f__Oscillospiraceae","34","76.47","d__Bacteria;p__Firmicutes_A;c__Clostridia;o__Oscillospirales;f__Oscillospiraceae","CRISPR","2.0539","1.97697","0.20997","0.20997",0.214978,0.785022,"No","lytic","BACPHLIP","Yes",0,0,"https://portal.nersc.gov/UHGV/votu_reps/UHGV-153/UHGV-1534943",FALSE
"UHGV-2179762","vOTU-137575",10515,"No",44.17,9,83.59,976.667,0,11,"No",0,0,"Low-quality","19.8","AAI-based","No","Uncertain",0.8744,0,0,"Uncertain - viral or bacterial","-3.63",0,1,"vFAM-00001;vSUBFAM-06466;vOTU-137575","root;Duplodnaviria;Heunggongvirae;Uroviricota;Caudoviricetes","geNomad-markers","gene-hits=1; agreement=1","Duplodnaviria","Heunggongvirae","Uroviricota","Caudoviricetes","NULL","NULL","NULL","NULL","Caudovirales","NULL","NULL","NULL","d__Bacteria;p__Firmicutes_A;c__Clostridia;o__Lachnospirales;f__Lachnospiraceae","1616","96.41","d__Bacteria;p__Firmicutes_A;c__Clostridia;o__Lachnospirales;f__Lachnospiraceae","PHIST","NULL","2.20816","NULL","NULL",0.975,0.025,"No","temperate","BACPHLIP","No",0,0,"https://portal.nersc.gov/UHGV/votu_reps/UHGV-217/UHGV-2179762",TRUE
"UHGV-1660664","vOTU-134566",10191,"No",48.22,15,76.83,522,21.43,11,"No",0,0,"Low-quality","22.39","AAI-based","No","Confident",0.9563,2,0,"Uncertain - viral or bacterial","2.93",4,0,"vFAM-00001;vOTU-134566","root;Duplodnaviria;Heunggongvirae;Uroviricota;Caudoviricetes","top-genome-hit","accession=HG531805; proteomic-score=0.103; lca-rank=family","Duplodnaviria","Heunggongvirae","Uroviricota","Caudoviricetes","NULL","NULL","NULL","NULL","Caudovirales","d__Bacteria;p__Firmicutes_A;c__Clostridia;o__Oscillospirales;f__Oscillospiraceae;g__Dysosmobacter;s__Dysosmobacter sp001916835","1","100","d__Bacteria;p__Firmicutes_A;c__Clostridia;o__Oscillospirales;f__Ruminococcaceae;g__Faecalibacterium;s__Faecalibacterium prausnitzii_G","5","80","d__Bacteria;p__Firmicutes_A;c__Clostridia;o__Oscillospirales;f__Ruminococcaceae;g__Faecalibacterium;s__Faecalibacterium prausnitzii_G","PHIST","0.0","0.500402","NULL","NULL",0.975,0.025,"No","temperate","BACPHLIP","No",1,0,"https://portal.nersc.gov/UHGV/votu_reps/UHGV-166/UHGV-1660664",TRUE
"UHGV-2023366","vOTU-077227",58892,"No",42.14,72,92.29,754.875,21.33,11,"No",0,0,"High-quality","92.82","AAI-based","Yes","Confident",0.9641,10,0,"Virus","22.3",16,4,"vFAM-00048;vSUBFAM-00544;vGENUS-06398;vSUBGEN-26591;vOTU-077227","root;Duplodnaviria;Heunggongvirae;Uroviricota;Caudoviricetes","geNomad-markers","gene-hits=46; agreement=1","Duplodnaviria","Heunggongvirae","Uroviricota","Caudoviricetes","NULL","NULL","NULL","NULL","Caudovirales","d__Bacteria;p__Bacteroidota;c__Bacteroidia;o__Bacteroidales;f__Tannerellaceae;g__Parabacteroides;s__Parabacteroides distasonis","284","76.06","d__Bacteria;p__Bacteroidota;c__Bacteroidia;o__Bacteroidales;f__Tannerellaceae;g__Parabacteroides;s__Parabacteroides merdae","373","94.37","d__Bacteria;p__Bacteroidota;c__Bacteroidia;o__Bacteroidales;f__Tannerellaceae;g__Parabacteroides;s__Parabacteroides merdae","PHIST","0.0886666","0.210144","0.0","0.0",0.5,0.5,"No","lytic","BACPHLIP","No",0,0,"https://portal.nersc.gov/UHGV/votu_reps/UHGV-202/UHGV-2023366",FALSE
"UHGV-1482723","vOTU-080377",12499,"No",34.79,17,80.14,589.235,12.5,11,"No",0,0,"High-quality","91.15","AAI-based","No","Uncertain",0.9482,0,0,"Virus","12.03",6,0,"vFAM-00149;vSUBFAM-03914;vGENUS-15342;vSUBGEN-26698;vOTU-080377","root;Duplodnaviria;Heunggongvirae;Uroviricota;Caudoviricetes","geNomad-markers","gene-hits=6; agreement=1","Duplodnaviria","Heunggongvirae","Uroviricota","Caudoviricetes","NULL","NULL","NULL","NULL","Caudovirales","d__Bacteria;p__Firmicutes;c__Bacilli;o__Lactobacillales;f__Streptococcaceae;g__Streptococcus;s__Streptococcus thermophilus","2","100","d__Bacteria;p__Firmicutes;c__Bacilli;o__Lactobacillales;f__Streptococcaceae;g__Streptococcus","7","100","d__Bacteria;p__Firmicutes;c__Bacilli;o__Lactobacillales;f__Streptococcaceae;g__Streptococcus","PHIST","0.0","0.0","NULL","NULL",1,0,"Yes","temperate","integrase","No",0,0,"https://portal.nersc.gov/UHGV/votu_reps/UHGV-148/UHGV-1482723",TRUE
"UHGV-1831785","vOTU-171719",15828,"No",46.32,13,88.36,1075.85,0,11,"No",0,0,"Low-quality","21.99","AAI-based","No","Uncertain",0.9604,2,0,"Uncertain - plasmid or chromosomal","0.97",1,3,"vFAM-00066;vSUBFAM-03655;vGENUS-05569;vOTU-171719","root;Duplodnaviria;Heunggongvirae;Uroviricota;Caudoviricetes;Crassvirales;Delta-crassviridae","top-genome-hit","accession=OICB01000025; proteomic-score=0.058; lca-rank=family","Duplodnaviria","Heunggongvirae","Uroviricota","Caudoviricetes","Crassvirales","Delta-crassviridae","NULL","NULL","Crassvirales","d__Bacteria;p__Bacteroidota;c__Bacteroidia;o__Bacteroidales;f__Tannerellaceae;g__Parabacteroides;s__Parabacteroides distasonis","19","89.47","d__Bacteria;p__Bacteroidota;c__Bacteroidia;o__Bacteroidales;f__Bacteroidaceae;g__Phocaeicola","1494","71.75","d__Bacteria;p__Bacteroidota;c__Bacteroidia;o__Bacteroidales;f__Bacteroidaceae;g__Phocaeicola","PHIST","0.336496","0.947215","NULL","NULL",0.0393453,0.960655,"No","lytic","BACPHLIP","Yes",0,0,"https://portal.nersc.gov/UHGV/votu_reps/UHGV-183/UHGV-1831785",TRUE
"UHGV-1150233","vOTU-000279",5217,"No",45.91,8,95.46,622.5,0,11,"No",0,0,"Complete","100","DTR","No","Confident",0.9815,3,0,"Virus","22.68",6,0,"vFAM-00002;vSUBFAM-00002;vGENUS-01780;vSUBGEN-01043;vOTU-000279","root;Monodnaviria;Sangervirae;Phixviricota;Malgrandaviricetes;Petitvirales;Microviridae","top-genome-hit","accession=MT185428; proteomic-score=0.186; lca-rank=family","Monodnaviria","Sangervirae","Phixviricota","Malgrandaviricetes","Petitvirales","Microviridae","NULL","NULL","Microviridae","d__Bacteria;p__Firmicutes_A;c__Clostridia;o__Oscillospirales;f__Oscillospiraceae;g__UBA738;s__UBA738 sp003522945","2","100","d__Bacteria;p__Firmicutes_A;c__Clostridia;o__Oscillospirales;f__Oscillospiraceae;g__Lawsonibacter;s__Lawsonibacter sp900066645","3","100","d__Bacteria;p__Firmicutes_A;c__Clostridia;o__Oscillospirales;f__Oscillospiraceae;g__Lawsonibacter;s__Lawsonibacter sp900066645","PHIST","0.0","0.0","0.0","0.0",0.188122,0.811878,"No","lytic","BACPHLIP","No",0,0,"https://portal.nersc.gov/UHGV/votu_reps/UHGV-115/UHGV-1150233",TRUE
"UHGV-1928682","vOTU-164766",10336,"No",50.39,15,86.81,598.2,0,11,"No",0,0,"Low-quality","16.06","HMM-based","No","Uncertain",0.728,0,0,"Uncertain - viral or bacterial","-6.96",1,1,"vFAM-00060;vSUBFAM-01855;vGENUS-19422;vOTU-164766","root;Duplodnaviria;Heunggongvirae;Uroviricota;Caudoviricetes","geNomad-markers","gene-hits=6; agreement=1","Duplodnaviria","Heunggongvirae","Uroviricota","Caudoviricetes","NULL","NULL","NULL","NULL","Caudovirales","NULL","NULL","NULL","d__Bacteria;p__Firmicutes_A;c__Clostridia","399","94.24","d__Bacteria;p__Firmicutes_A;c__Clostridia","PHIST","NULL","3.02717","NULL","NULL",0.184392,0.815608,"No","lytic","BACPHLIP","No",0,0,"https://portal.nersc.gov/UHGV/votu_reps/UHGV-192/UHGV-1928682",TRUE
"UHGV-1968938","vOTU-021749",47355,"No",40.1,72,87.73,577,7.04,11,"No",0,0,"Medium-quality","66.57","AAI-based","No","Uncertain",0.9676,4,0,"Uncertain - viral or bacterial","4.25",9,3,"vFAM-00009;vSUBFAM-01014;vGENUS-01760;vOTU-021749","root;Duplodnaviria;Heunggongvirae;Uroviricota;Caudoviricetes","geNomad-markers","gene-hits=41; agreement=1","Duplodnaviria","Heunggongvirae","Uroviricota","Caudoviricetes","NULL","NULL","NULL","NULL","Caudovirales","d__Bacteria;p__Bacteroidota;c__Bacteroidia;o__Bacteroidales;f__Bacteroidaceae","244","98.77","d__Bacteria;p__Bacteroidota;c__Bacteroidia;o__Bacteroidales;f__Bacteroidaceae","1959","98.32","d__Bacteria;p__Bacteroidota;c__Bacteroidia;o__Bacteroidales;f__Bacteroidaceae","PHIST","0.811407","0.810247","NULL","NULL",0.9875,0.0125,"No","temperate","BACPHLIP","Yes",1,0,"https://portal.nersc.gov/UHGV/votu_reps/UHGV-196/UHGV-1968938",TRUE
"UHGV-2170770","vOTU-026928",10923,"No",36.52,17,89.34,574.059,0,11,"No",0,0,"Low-quality","6.78","HMM-based","No","Uncertain",0.8251,0,0,"Uncertain - viral or bacterial","6.89",2,0,"vFAM-00003;vOTU-026928","root;Duplodnaviria;Heunggongvirae;Uroviricota;Caudoviricetes","geNomad-markers","gene-hits=4; agreement=1","Duplodnaviria","Heunggongvirae","Uroviricota","Caudoviricetes","NULL","NULL","NULL","NULL","Caudovirales","NULL","NULL","NULL","d__Bacteria;p__Firmicutes_A;c__Clostridia;o__Lachnospirales;f__Lachnospiraceae","53","88.68","d__Bacteria;p__Firmicutes_A;c__Clostridia;o__Lachnospirales;f__Lachnospiraceae","PHIST","NULL","2.28194","NULL","NULL",0.9875,0.0125,"Yes","temperate","integrase","No",0,0,"https://portal.nersc.gov/UHGV/votu_reps/UHGV-217/UHGV-2170770",TRUE
"UHGV-0104575","vOTU-145280",16626,"No",48.54,27,89.97,554,26.92,11,"No",0,0,"Low-quality","34.35","AAI-based","No","Confident",0.973,4,0,"Uncertain - viral or bacterial","3.55",0,1,"vFAM-00066;vSUBFAM-00132;vGENUS-21126;vOTU-145280","root;Duplodnaviria;Heunggongvirae;Uroviricota;Caudoviricetes;Winoviridae","top-genome-hit","accession=MT732475; proteomic-score=0.059; lca-rank=family","Duplodnaviria","Heunggongvirae","Uroviricota","Caudoviricetes","NULL","Winoviridae","NULL","NULL","Caudovirales","d__Bacteria;p__Bacteroidota;c__Bacteroidia;o__Bacteroidales;f__Bacteroidaceae","13","84.62","d__Bacteria;p__Bacteroidota;c__Bacteroidia;o__Bacteroidales;f__Bacteroidaceae;g__Bacteroides","3491","83.44","d__Bacteria;p__Bacteroidota;c__Bacteroidia;o__Bacteroidales;f__Bacteroidaceae;g__Bacteroides","PHIST","1.01233","0.609296","NULL","NULL",0.0138435,0.986157,"No","lytic","BACPHLIP","No",0,0,"https://portal.nersc.gov/UHGV/votu_reps/UHGV-010/UHGV-0104575",TRUE
"UHGV-0049357","vOTU-022713",14010,"No",54.13,22,93.34,594.409,4.76,11,"No",0,0,"Low-quality","30.58","AAI-based","No","Confident",0.9436,6,0,"Virus","28.06",13,1,"vFAM-00001;vOTU-022713","root;Duplodnaviria;Heunggongvirae;Uroviricota;Caudoviricetes","top-genome-hit","accession=HG531805; proteomic-score=0.246; lca-rank=family","Duplodnaviria","Heunggongvirae","Uroviricota","Caudoviricetes","NULL","NULL","NULL","NULL","Caudovirales","NULL","NULL","NULL","d__Bacteria;p__Firmicutes_A;c__Clostridia;o__Oscillospirales;f__Ruminococcaceae;g__Anaerotruncus;s__Anaerotruncus colihominis","44","93.18","d__Bacteria;p__Firmicutes_A;c__Clostridia;o__Oscillospirales;f__Ruminococcaceae;g__Anaerotruncus;s__Anaerotruncus colihominis","PHIST","NULL","0.24891","NULL","NULL",0.0682209,0.931779,"No","temperate","geNomad","No",0,0,"https://portal.nersc.gov/UHGV/votu_reps/UHGV-004/UHGV-0049357",FALSE
"UHGV-0209478","vOTU-149790",14079,"No",51.52,20,94.1,662.4,18.18,11,"No",0,0,"Low-quality","18.6","HMM-based","Yes","Uncertain",0.7686,7,0,"Virus","11.64",4,3,"vFAM-00001;vOTU-149790","root;Duplodnaviria;Heunggongvirae;Uroviricota;Caudoviricetes","geNomad-markers","gene-hits=11; agreement=1","Duplodnaviria","Heunggongvirae","Uroviricota","Caudoviricetes","NULL","NULL","NULL","NULL","Caudovirales","NULL","NULL","NULL","d__Bacteria;p__Firmicutes_A;c__Clostridia;o__Oscillospirales;f__Acutalibacteraceae;g__Scatavimonas;s__Scatavimonas sp900540275","39","100","d__Bacteria;p__Firmicutes_A;c__Clostridia;o__Oscillospirales;f__Acutalibacteraceae;g__Scatavimonas;s__Scatavimonas sp900540275","PHIST","NULL","0.0","NULL","NULL",0.408589,0.591411,"No","temperate","geNomad","No",0,0,"https://portal.nersc.gov/UHGV/votu_reps/UHGV-020/UHGV-0209478",TRUE
"UHGV-1808228","vOTU-157105",14881,"No",50.54,24,90.4,560.5,4.35,11,"No",0,0,"Low-quality","12.04","AAI-based","No","Uncertain",0.9612,0,0,"Virus","7.67",0,1,"vFAM-00111;vSUBFAM-00351;vGENUS-05531;vOTU-157105","root;Duplodnaviria;Heunggongvirae;Uroviricota;Caudoviricetes","geNomad-markers","gene-hits=18; agreement=1","Duplodnaviria","Heunggongvirae","Uroviricota","Caudoviricetes","NULL","NULL","NULL","NULL","Caudovirales","d__Bacteria;p__Bacteroidota;c__Bacteroidia;o__Bacteroidales;f__Tannerellaceae;g__Parabacteroides;s__Parabacteroides merdae","329","96.66","d__Bacteria;p__Bacteroidota;c__Bacteroidia;o__Bacteroidales","1195","99.08","d__Bacteria;p__Bacteroidota;c__Bacteroidia;o__Bacteroidales","PHIST","0.151323","1.56604","NULL","NULL",0.0328625,0.967138,"No","lytic","BACPHLIP","No",0,0,"https://portal.nersc.gov/UHGV/votu_reps/UHGV-180/UHGV-1808228",TRUE
"UHGV-0214421","vOTU-098791",13040,"No",37.51,17,98.33,754.235,6.25,11,"No",0,0,"Medium-quality","59.25","AAI-based","No","Confident",0.9821,2,0,"Uncertain - viral or bacterial","6.72",9,0,"vFAM-00097;vSUBFAM-00122;vGENUS-00059;vOTU-098791","root;Duplodnaviria;Heunggongvirae;Uroviricota;Caudoviricetes;Ceduovirus","top-genome-hit","accession=MN337887; proteomic-score=0.978; lca-rank=genus","Duplodnaviria","Heunggongvirae","Uroviricota","Caudoviricetes","NULL","NULL","NULL","Ceduovirus","Caudovirales","NULL","NULL","NULL","d__Bacteria;p__Firmicutes","2","50","d__Bacteria;p__Firmicutes","PHIST","NULL","0.693147","NULL","0.827626",0.188122,0.811878,"No","lytic","BACPHLIP","No",0,0,"https://portal.nersc.gov/UHGV/votu_reps/UHGV-021/UHGV-0214421",FALSE
"UHGV-1742815","vOTU-124135",14013,"No",37.66,23,76.17,464.087,16.67,11,"No",0,0,"Low-quality","23.29","AAI-based","No","Confident",0.9791,0,0,"Uncertain - viral or bacterial","1.77",0,1,"vFAM-00009;vSUBFAM-00023;vGENUS-18948;vOTU-124135","root;Duplodnaviria;Heunggongvirae;Uroviricota;Caudoviricetes;Crassvirales;Zeta-crassviridae","top-genome-hit","accession=OLVX01000015; proteomic-score=0.089; lca-rank=family","Duplodnaviria","Heunggongvirae","Uroviricota","Caudoviricetes","Crassvirales","Zeta-crassviridae","NULL","NULL","Crassvirales","d__Bacteria;p__Bacteroidota;c__Bacteroidia;o__Bacteroidales;f__Bacteroidaceae;g__Bacteroides;s__Bacteroides faecis","69","76.81","d__Bacteria;p__Bacteroidota;c__Bacteroidia;o__Bacteroidales;f__Bacteroidaceae;g__Bacteroides","13","76.92","d__Bacteria;p__Bacteroidota;c__Bacteroidia;o__Bacteroidales;f__Bacteroidaceae;g__Bacteroides;s__Bacteroides faecis","CRISPR","0.0","0.687092","NULL","NULL",0.975,0.025,"No","temperate","BACPHLIP","No",0,0,"https://portal.nersc.gov/UHGV/votu_reps/UHGV-174/UHGV-1742815",FALSE
"UHGV-2037337","vOTU-079850",51284,"No",47.19,60,86.97,743.4,15.25,11,"No",1,0,"High-quality","99.9","AAI-based","No","Confident",0.9516,3,0,"Uncertain - viral or bacterial","-0.36",3,2,"vFAM-00028;vSUBFAM-00344;vGENUS-00375;vSUBGEN-27385;vOTU-079850","root;Duplodnaviria;Heunggongvirae;Uroviricota;Caudoviricetes","geNomad-markers","gene-hits=30; agreement=1","Duplodnaviria","Heunggongvirae","Uroviricota","Caudoviricetes","NULL","NULL","NULL","NULL","Caudovirales","d__Bacteria;p__Bacteroidota;c__Bacteroidia;o__Bacteroidales;f__Bacteroidaceae;g__Bacteroides;s__Bacteroides uniformis","110","90","d__Bacteria;p__Bacteroidota;c__Bacteroidia;o__Bacteroidales;f__Bacteroidaceae;g__Bacteroides;s__Bacteroides uniformis","1723","96.46","d__Bacteria;p__Bacteroidota;c__Bacteroidia;o__Bacteroidales;f__Bacteroidaceae;g__Bacteroides;s__Bacteroides uniformis","PHIST","0.236264","0.105189","0.0","0.0",0.9875,0.0125,"No","temperate","BACPHLIP","No",1,0,"https://portal.nersc.gov/UHGV/votu_reps/UHGV-203/UHGV-2037337",FALSE
"UHGV-1638699","vOTU-119398",16380,"No",53.86,21,97.44,760,0,11,"No",0,0,"Low-quality","30.38","AAI-based","No","Confident",0.9818,10,0,"Virus","34.83",14,0,"vFAM-00001;vSUBFAM-00356;vGENUS-18570;vOTU-119398","root;Duplodnaviria;Heunggongvirae;Uroviricota;Caudoviricetes","top-genome-hit","accession=KX965989; proteomic-score=0.129; lca-rank=family","Duplodnaviria","Heunggongvirae","Uroviricota","Caudoviricetes","NULL","NULL","NULL","NULL","Caudovirales","d__Bacteria;p__Firmicutes_A;c__Clostridia;o__Lachnospirales;f__Lachnospiraceae;g__Enterocloster;s__Enterocloster asparagiformis","4","75","d__Bacteria;p__Firmicutes_A;c__Clostridia;o__Lachnospirales;f__Lachnospiraceae;g__Enterocloster;s__Enterocloster asparagiformis","1","100","d__Bacteria;p__Firmicutes_A;c__Clostridia;o__Lachnospirales;f__Lachnospiraceae;g__Enterocloster;s__Enterocloster asparagiformis","CRISPR","0.0","0.0","NULL","NULL",0.0234994,0.976501,"No","lytic","BACPHLIP","No",0,0,"https://portal.nersc.gov/UHGV/votu_reps/UHGV-163/UHGV-1638699",TRUE
"UHGV-1375850","vOTU-000188",106769,"No",36.24,109,93.42,915.055,0.94,11,"No",24,0,"Complete","100","DTR","No","Confident",0.9827,4,0,"Virus","45.51",11,0,"vFAM-00050;vSUBFAM-00057;vGENUS-01537;vSUBGEN-01260;vOTU-000188","root;Duplodnaviria;Heunggongvirae;Uroviricota;Caudoviricetes;Crassvirales;Beta-crassviridae","top-genome-hit","accession=OKTS01000039; proteomic-score=0.883; lca-rank=genus","Duplodnaviria","Heunggongvirae","Uroviricota","Caudoviricetes","Crassvirales","Beta-crassviridae","NULL","NULL","Crassvirales","d__Bacteria;p__Bacteroidota;c__Bacteroidia;o__Bacteroidales;f__Bacteroidaceae;g__Bacteroides","30","100","d__Bacteria;p__Firmicutes_A;c__Clostridia;o__Lachnospirales;f__Lachnospiraceae;g__Enterocloster;s__Enterocloster sp001517625","1","100","d__Bacteria;p__Bacteroidota;c__Bacteroidia;o__Bacteroidales;f__Bacteroidaceae;g__Bacteroides","CRISPR","0.0","0.0","0.0","0.0",0.089978,0.910022,"No","lytic","BACPHLIP","No",0,0,"https://portal.nersc.gov/UHGV/votu_reps/UHGV-137/UHGV-1375850",FALSE
"UHGV-0392118","vOTU-000180",39052,"No",45.88,57,93.11,637.947,10.34,11,"No",0,0,"Complete","100","DTR","No","Confident",0.9813,14,0,"Virus","41.03",18,1,"vFAM-00035;vSUBFAM-00161;vGENUS-00201;vSUBGEN-02240;vOTU-000180","root;Duplodnaviria;Heunggongvirae;Uroviricota;Caudoviricetes","top-genome-hit","accession=MN882550; proteomic-score=0.084; lca-rank=family","Duplodnaviria","Heunggongvirae","Uroviricota","Caudoviricetes","NULL","NULL","NULL","NULL","Caudovirales","d__Bacteria;p__Firmicutes_A;c__Clostridia;o__Lachnospirales;f__Lachnospiraceae","2314","99.05","d__Bacteria;p__Firmicutes_A;c__Clostridia;o__Lachnospirales;f__Lachnospiraceae","114","95.61","d__Bacteria;p__Firmicutes_A;c__Clostridia;o__Lachnospirales;f__Lachnospiraceae","CRISPR","1.89233","2.83864","0.22688","0.237374",0.975,0.025,"No","temperate","BACPHLIP","Yes",0,0,"https://portal.nersc.gov/UHGV/votu_reps/UHGV-039/UHGV-0392118",FALSE
"UHGV-1936207","vOTU-148604",11288,"No",54.79,19,74.73,444,5.56,11,"No",0,0,"Low-quality","21.14","AAI-based","No","Uncertain",0.9773,0,0,"Virus","8.49",0,0,"vFAM-00001;vSUBFAM-00607;vGENUS-04315;vOTU-148604","root;Duplodnaviria;Heunggongvirae;Uroviricota;Caudoviricetes","top-genome-hit","accession=MG711467; proteomic-score=0.187; lca-rank=family","Duplodnaviria","Heunggongvirae","Uroviricota","Caudoviricetes","NULL","NULL","NULL","NULL","Caudovirales","NULL","NULL","NULL","d__Bacteria;p__Firmicutes_A;c__Clostridia;o__Oscillospirales;f__Oscillospiraceae","14","78.57","d__Bacteria;p__Firmicutes_A;c__Clostridia;o__Oscillospirales;f__Oscillospiraceae","PHIST","NULL","1.39044","NULL","NULL",1,0,"Yes","temperate","integrase","Yes",0,0,"https://portal.nersc.gov/UHGV/votu_reps/UHGV-193/UHGV-1936207",FALSE
"UHGV-0140071","vOTU-019280",40503,"No",41.59,60,85.37,576.3,10.17,11,"No",1,0,"Low-quality","28.01","AAI-based","No","Confident",0.971,5,0,"Virus","7.06",7,1,"vFAM-00007;vOTU-019280","root;Duplodnaviria;Heunggongvirae;Uroviricota;Caudoviricetes","geNomad-markers","gene-hits=32; agreement=1","Duplodnaviria","Heunggongvirae","Uroviricota","Caudoviricetes","NULL","NULL","NULL","NULL","Caudovirales","d__Bacteria;p__Firmicutes_A;c__Clostridia;o__Lachnospirales;f__Lachnospiraceae","78","100","d__Bacteria;p__Firmicutes_A;c__Clostridia;o__Lachnospirales;f__Lachnospiraceae;g__Enterocloster","5","80","d__Bacteria;p__Firmicutes_A;c__Clostridia;o__Lachnospirales;f__Lachnospiraceae","CRISPR","1.42083","0.500402","NULL","NULL",0.9875,0.0125,"No","temperate","BACPHLIP","No",1,0,"https://portal.nersc.gov/UHGV/votu_reps/UHGV-014/UHGV-0140071",FALSE
"UHGV-0364569","vOTU-051112",33487,"No",60.51,44,91.59,697.091,9.3,11,"No",0,0,"Complete","100","DTR","No","Confident",0.9662,5,0,"Virus","15.82",1,1,"vFAM-00082;vSUBFAM-01453;vGENUS-06464;vSUBGEN-04430;vOTU-051112","root;Duplodnaviria;Heunggongvirae;Uroviricota;Caudoviricetes","geNomad-markers","gene-hits=9; agreement=1","Duplodnaviria","Heunggongvirae","Uroviricota","Caudoviricetes","NULL","NULL","NULL","NULL","Caudovirales","d__Bacteria;p__Verrucomicrobiota;c__Verrucomicrobiae;o__Verrucomicrobiales;f__Akkermansiaceae;g__Akkermansia","109","100","d__Bacteria;p__Verrucomicrobiota;c__Verrucomicrobiae;o__Verrucomicrobiales;f__Akkermansiaceae;g__Akkermansia;s__Akkermansia muciniphila_B","61","96.72","d__Bacteria;p__Verrucomicrobiota;c__Verrucomicrobiae;o__Verrucomicrobiales;f__Akkermansiaceae;g__Akkermansia","CRISPR","0.0","0.0","0.0","0.0",0.177478,0.822522,"No","lytic","BACPHLIP","No",0,0,"https://portal.nersc.gov/UHGV/votu_reps/UHGV-036/UHGV-0364569",FALSE
"UHGV-1990844","vOTU-041341",34758,"No",49.68,41,90.81,769.829,12.5,11,"No",0,0,"Medium-quality","75.51","AAI-based","No","Confident",0.967,8,0,"Virus","46.51",20,0,"vFAM-00001;vOTU-041341","root;Duplodnaviria;Heunggongvirae;Uroviricota;Caudoviricetes","top-genome-hit","accession=KT186243; proteomic-score=0.096; lca-rank=family","Duplodnaviria","Heunggongvirae","Uroviricota","Caudoviricetes","NULL","NULL","NULL","NULL","Caudovirales","d__Bacteria;p__Firmicutes_A;c__Clostridia;o__Oscillospirales;f__Acutalibacteraceae;g__Scatavimonas;s__Scatavimonas sp900540275","27","100","d__Bacteria;p__Firmicutes_A;c__Clostridia;o__Oscillospirales;f__Acutalibacteraceae;g__Scatavimonas;s__Scatavimonas sp900540275","3","100","d__Bacteria;p__Firmicutes_A;c__Clostridia;o__Oscillospirales;f__Acutalibacteraceae;g__Scatavimonas;s__Scatavimonas sp900540275","CRISPR","0.0","0.0","0.0","0.0",0.9125,0.0875,"Yes","temperate","integrase","No",0,0,"https://portal.nersc.gov/UHGV/votu_reps/UHGV-199/UHGV-1990844",FALSE
"UHGV-0242353","vOTU-162337",15165,"No",35.29,35,95.87,415.371,0,11,"No",0,0,"Low-quality","39.58","AAI-based","No","Confident",0.9749,1,0,"Virus","16.15",8,0,"vFAM-00232;vSUBFAM-03880;vGENUS-13557;vOTU-162337","root;Duplodnaviria;Heunggongvirae;Uroviricota;Caudoviricetes","geNomad-markers","gene-hits=16; agreement=1","Duplodnaviria","Heunggongvirae","Uroviricota","Caudoviricetes","NULL","NULL","NULL","NULL","Caudovirales","d__Bacteria;p__Firmicutes;c__Bacilli;o__Erysipelotrichales;f__Erysipelotrichaceae;g__Longicatena;s__Longicatena caecimuris","40","100","d__Bacteria;p__Firmicutes;c__Bacilli;o__Erysipelotrichales;f__Erysipelotrichaceae;g__Longicatena;s__Longicatena caecimuris","50","98","d__Bacteria;p__Firmicutes;c__Bacilli;o__Erysipelotrichales;f__Erysipelotrichaceae;g__Longicatena;s__Longicatena caecimuris","PHIST","0.0","0.0980391","NULL","NULL",0.188122,0.811878,"No","lytic","BACPHLIP","No",0,0,"https://portal.nersc.gov/UHGV/votu_reps/UHGV-024/UHGV-0242353",TRUE
"UHGV-1950934","vOTU-092016",23925,"No",51.06,30,87.18,695.3,13.79,11,"No",0,0,"Low-quality","14.53","HMM-based","No","Uncertain",0.8692,1,0,"Uncertain - plasmid or chromosomal","1.79",3,1,"vFAM-00048;vSUBFAM-00497;vOTU-092016","root;Duplodnaviria;Heunggongvirae;Uroviricota;Caudoviricetes","geNomad-markers","gene-hits=12; agreement=1","Duplodnaviria","Heunggongvirae","Uroviricota","Caudoviricetes","NULL","NULL","NULL","NULL","Caudovirales","d__Bacteria;p__Bacteroidota;c__Bacteroidia;o__Bacteroidales;f__Tannerellaceae;g__Parabacteroides;s__Parabacteroides distasonis","9","100","d__Bacteria;p__Bacteroidota;c__Bacteroidia;o__Bacteroidales;f__Bacteroidaceae","1065","89.48","d__Bacteria;p__Bacteroidota;c__Bacteroidia;o__Bacteroidales;f__Bacteroidaceae","PHIST","0.0","1.17717","NULL","NULL",1,0,"No","temperate","BACPHLIP","No",0,0,"https://portal.nersc.gov/UHGV/votu_reps/UHGV-195/UHGV-1950934",TRUE
"UHGV-1416243","vOTU-060862",43333,"No",56.88,76,95.77,546.039,5.33,11,"No",0,0,"High-quality","99.9","AAI-based","No","Confident",0.9798,13,0,"Virus","76.26",25,0,"vFAM-00027;vSUBFAM-00338;vGENUS-00470;vSUBGEN-02818;vOTU-060862","root;Duplodnaviria;Heunggongvirae;Uroviricota;Caudoviricetes","geNomad-markers","gene-hits=58; agreement=1","Duplodnaviria","Heunggongvirae","Uroviricota","Caudoviricetes","NULL","NULL","NULL","NULL","Caudovirales","d__Bacteria;p__Firmicutes_A;c__Clostridia;o__Oscillospirales;f__Oscillospiraceae;g__Flavonifractor;s__Flavonifractor plautii","149","96.64","d__Bacteria;p__Firmicutes_A;c__Clostridia;o__Oscillospirales;f__Oscillospiraceae;g__Flavonifractor;s__Flavonifractor plautii","221","80.54","d__Bacteria;p__Firmicutes_A;c__Clostridia;o__Oscillospirales;f__Oscillospiraceae;g__Flavonifractor;s__Flavonifractor plautii","PHIST","0.163689","0.791106","0.0","0.0",1,0,"No","temperate","BACPHLIP","No",0,0,"https://portal.nersc.gov/UHGV/votu_reps/UHGV-141/UHGV-1416243",FALSE
"UHGV-2046263","vOTU-148777",10330,"No",42.88,14,89.27,658.714,7.69,11,"No",0,0,"Low-quality","13.93","HMM-based","No","Confident",0.9718,2,0,"Uncertain - viral or bacterial","-3.21",4,0,"vFAM-00003;vSUBFAM-00989;vOTU-148777","root;Duplodnaviria;Heunggongvirae;Uroviricota;Caudoviricetes","geNomad-markers","gene-hits=9; agreement=1","Duplodnaviria","Heunggongvirae","Uroviricota","Caudoviricetes","NULL","NULL","NULL","NULL","Caudovirales","NULL","NULL","NULL","d__Bacteria;p__Firmicutes_A;c__Clostridia;o__Lachnospirales;f__Lachnospiraceae;g__Schaedlerella;s__Schaedlerella glycyrrhizinilytica_A","18","100","d__Bacteria;p__Firmicutes_A;c__Clostridia;o__Lachnospirales;f__Lachnospiraceae;g__Schaedlerella;s__Schaedlerella glycyrrhizinilytica_A","PHIST","NULL","0.0","NULL","NULL",0.354956,0.645044,"No","lytic","BACPHLIP","No",0,0,"https://portal.nersc.gov/UHGV/votu_reps/UHGV-204/UHGV-2046263",TRUE
"UHGV-1831173","vOTU-040730",15835,"No",45.11,20,97,768,0,11,"No",0,0,"Low-quality","39.43","AAI-based","No","Confident",0.9824,8,0,"Virus","15.31",13,0,"vFAM-00003;vSUBFAM-00989;vGENUS-23975;vOTU-040730","root;Duplodnaviria;Heunggongvirae;Uroviricota;Caudoviricetes","top-genome-hit","accession=JX567312; proteomic-score=0.084; lca-rank=family","Duplodnaviria","Heunggongvirae","Uroviricota","Caudoviricetes","NULL","NULL","NULL","NULL","Caudovirales","NULL","NULL","NULL","d__Bacteria;p__Firmicutes_A;c__Clostridia;o__Lachnospirales;f__Lachnospiraceae","6","100","d__Bacteria;p__Firmicutes_A;c__Clostridia;o__Lachnospirales;f__Lachnospiraceae","PHIST","NULL","0.636514","NULL","NULL",0.166369,0.833631,"No","lytic","BACPHLIP","No",0,0,"https://portal.nersc.gov/UHGV/votu_reps/UHGV-183/UHGV-1831173",FALSE
"UHGV-0076543","vOTU-007715",38677,"No",51.81,58,94.47,630,10.53,11,"No",0,0,"High-quality","99.9","AAI-based","No","Confident",0.9709,18,0,"Virus","89.35",38,0,"vFAM-00058;vSUBFAM-00698;vGENUS-01008;vSUBGEN-00485;vOTU-007715","root;Duplodnaviria;Heunggongvirae;Uroviricota;Caudoviricetes;Muvirus","top-genome-hit","accession=AF083977; proteomic-score=0.857; lca-rank=genus","Duplodnaviria","Heunggongvirae","Uroviricota","Caudoviricetes","NULL","NULL","NULL","Muvirus","Caudovirales","d__Bacteria;p__Proteobacteria;c__Gammaproteobacteria;o__Enterobacterales;f__Enterobacteriaceae;g__Escherichia;s__Escherichia albertii","3","100","d__Bacteria;p__Proteobacteria;c__Gammaproteobacteria;o__Enterobacterales;f__Enterobacteriaceae;g__Escherichia;s__Escherichia coli","615","95.77","d__Bacteria;p__Proteobacteria;c__Gammaproteobacteria;o__Enterobacterales;f__Enterobacteriaceae;g__Escherichia;s__Escherichia coli","PHIST","0.0","0.124246","0.0","0.0",0.95,0.05,"No","temperate","BACPHLIP","No",1,0,"https://portal.nersc.gov/UHGV/votu_reps/UHGV-007/UHGV-0076543",FALSE
"UHGV-1646044","vOTU-038556",33206,"No",39.86,53,82.86,519.113,13.46,11,"No",0,0,"Low-quality","46.62","AAI-based","No","Uncertain",0.9486,2,0,"Virus","20.37",7,3,"vFAM-00009;vSUBFAM-01014;vGENUS-01760;vOTU-038556","root;Duplodnaviria;Heunggongvirae;Uroviricota;Caudoviricetes","geNomad-markers","gene-hits=29; agreement=1","Duplodnaviria","Heunggongvirae","Uroviricota","Caudoviricetes","NULL","NULL","NULL","NULL","Caudovirales","d__Bacteria;p__Bacteroidota;c__Bacteroidia;o__Bacteroidales;f__Bacteroidaceae","215","96.74","d__Bacteria;p__Bacteroidota;c__Bacteroidia;o__Bacteroidales;f__Bacteroidaceae","1793","98.05","d__Bacteria;p__Bacteroidota;c__Bacteroidia;o__Bacteroidales;f__Bacteroidaceae","PHIST","0.876703","0.812425","NULL","NULL",1,0,"No","temperate","BACPHLIP","No",1,0,"https://portal.nersc.gov/UHGV/votu_reps/UHGV-164/UHGV-1646044",TRUE
"UHGV-0182897","vOTU-014891",62771,"No",45.04,74,93.26,791.108,8.22,11,"No",0,0,"Medium-quality","84.24","HMM-based","No","Confident",0.967,12,0,"Virus","13.77",10,6,"vFAM-00066;vSUBFAM-03801;vGENUS-12558;vOTU-014891","root;Duplodnaviria;Heunggongvirae;Uroviricota;Caudoviricetes;Winoviridae","top-genome-hit","accession=MT732475; proteomic-score=0.074; lca-rank=family","Duplodnaviria","Heunggongvirae","Uroviricota","Caudoviricetes","NULL","Winoviridae","NULL","NULL","Caudovirales","d__Bacteria;p__Bacteroidota;c__Bacteroidia;o__Bacteroidales","7","100","d__Bacteria;p__Bacteroidota;c__Bacteroidia;o__Bacteroidales;f__Bacteroidaceae","1113","94.97","d__Bacteria;p__Bacteroidota;c__Bacteroidia;o__Bacteroidales;f__Bacteroidaceae","PHIST","0.682908","1.25122","0.0","0.122135",1,0,"No","temperate","BACPHLIP","Yes",1,0,"https://portal.nersc.gov/UHGV/votu_reps/UHGV-018/UHGV-0182897",FALSE
"UHGV-0161720","vOTU-046314",43469,"No",56.19,76,95.86,548.289,8,11,"No",0,0,"Complete","100","DTR","No","Confident",0.968,14,0,"Virus","69.38",29,0,"vFAM-00004;vSUBFAM-06435;vGENUS-16141;vSUBGEN-28769;vOTU-046314","root;Duplodnaviria;Heunggongvirae;Uroviricota;Caudoviricetes","geNomad-markers","gene-hits=50; agreement=1","Duplodnaviria","Heunggongvirae","Uroviricota","Caudoviricetes","NULL","NULL","NULL","NULL","Caudovirales","NULL","NULL","NULL","d__Bacteria;p__Firmicutes_A;c__Clostridia;o__Oscillospirales;f__Acutalibacteraceae;g__Acutalibacter;s__Acutalibacter sp900548545","6","100","d__Bacteria;p__Firmicutes_A;c__Clostridia;o__Oscillospirales;f__Acutalibacteraceae;g__Acutalibacter;s__Acutalibacter sp900548545","PHIST","NULL","0.0","NULL","0.0",0.9375,0.0625,"No","temperate","BACPHLIP","No",0,0,"https://portal.nersc.gov/UHGV/votu_reps/UHGV-016/UHGV-0161720",FALSE
"UHGV-0149725","vOTU-019461",30368,"No",60.86,48,94.21,596.062,4.26,11,"No",0,0,"Medium-quality","70.52","AAI-based","No","Confident",0.9537,9,0,"Virus","38.25",12,0,"vFAM-00027;vSUBFAM-00338;vOTU-019461","root;Duplodnaviria;Heunggongvirae;Uroviricota;Caudoviricetes","geNomad-markers","gene-hits=29; agreement=1","Duplodnaviria","Heunggongvirae","Uroviricota","Caudoviricetes","NULL","NULL","NULL","NULL","Caudovirales","d__Bacteria;p__Firmicutes_A;c__Clostridia;o__Oscillospirales;f__Oscillospiraceae;g__Flavonifractor;s__Flavonifractor plautii","77","98.7","d__Bacteria;p__Firmicutes_A;c__Clostridia;o__Oscillospirales;f__Oscillospiraceae;g__Flavonifractor;s__Flavonifractor plautii","552","99.46","d__Bacteria;p__Firmicutes_A;c__Clostridia;o__Oscillospirales;f__Oscillospiraceae;g__Flavonifractor;s__Flavonifractor plautii","PHIST","0.0693154","0.0372213","0.0","0.0",0.9875,0.0125,"No","temperate","BACPHLIP","No",0,0,"https://portal.nersc.gov/UHGV/votu_reps/UHGV-014/UHGV-0149725",FALSE
"UHGV-1436193","vOTU-140930",6903,"No",33.93,12,80.79,464.75,9.09,11,"No",0,0,"Medium-quality","50.54","AAI-based","No","Uncertain",0.966,0,0,"Uncertain - viral or bacterial","2.11",2,0,"vFAM-00149;vSUBFAM-00602;vOTU-140930","root;Duplodnaviria;Heunggongvirae;Uroviricota;Caudoviricetes","geNomad-markers","gene-hits=6; agreement=1","Duplodnaviria","Heunggongvirae","Uroviricota","Caudoviricetes","NULL","NULL","NULL","NULL","Caudovirales","NULL","NULL","NULL","d__Bacteria;p__Firmicutes;c__Bacilli;o__Lactobacillales;f__Streptococcaceae;g__Streptococcus;s__Streptococcus vestibularis","6","83.33","d__Bacteria;p__Firmicutes;c__Bacilli;o__Lactobacillales;f__Streptococcaceae;g__Streptococcus;s__Streptococcus vestibularis","PHIST","NULL","0.450561","NULL","NULL",0.975,0.025,"No","temperate","BACPHLIP","No",0,0,"https://portal.nersc.gov/UHGV/votu_reps/UHGV-143/UHGV-1436193",TRUE
"UHGV-0292595","vOTU-123442",3591,"No",38.49,5,99.67,715.8,0,11,"No",0,0,"Medium-quality","54.91","AAI-based","No","Confident",0.9831,1,0,"Uncertain - viral or bacterial","NULL",2,0,"vFAM-00030;vSUBFAM-00119;vGENUS-00056;vOTU-123442","root;Monodnaviria;Sangervirae;Phixviricota;Malgrandaviricetes;Petitvirales;Microviridae","geNomad-markers","gene-hits=5; agreement=1","Monodnaviria","Sangervirae","Phixviricota","Malgrandaviricetes","Petitvirales","Microviridae","NULL","NULL","Microviridae","d__Bacteria;p__Bacteroidota;c__Bacteroidia;o__Bacteroidales;f__Bacteroidaceae;g__Bacteroides;s__Bacteroides stercoris","1","100","NULL","NULL","NULL","d__Bacteria;p__Bacteroidota;c__Bacteroidia;o__Bacteroidales;f__Bacteroidaceae;g__Bacteroides;s__Bacteroides stercoris","CRISPR","0.0","NULL","0.0","NULL",0.188122,0.811878,"No","lytic","BACPHLIP","No",0,0,"https://portal.nersc.gov/UHGV/votu_reps/UHGV-029/UHGV-0292595",TRUE
"UHGV-0166180","vOTU-107200",25043,"No",49.48,35,86.55,619.286,11.76,11,"No",0,0,"Low-quality","22.61","AAI-based","No","Uncertain",0.9667,1,0,"Uncertain - plasmid or chromosomal","4.34",1,5,"vFAM-00111;vSUBFAM-00351;vOTU-107200","root;Duplodnaviria;Heunggongvirae;Uroviricota;Caudoviricetes","geNomad-markers","gene-hits=21; agreement=1","Duplodnaviria","Heunggongvirae","Uroviricota","Caudoviricetes","NULL","NULL","NULL","NULL","Caudovirales","d__Bacteria;p__Bacteroidota;c__Bacteroidia;o__Bacteroidales","3","100","d__Bacteria;p__Bacteroidota;c__Bacteroidia;o__Bacteroidales;f__Bacteroidaceae","275","74.18","d__Bacteria;p__Bacteroidota;c__Bacteroidia;o__Bacteroidales;f__Bacteroidaceae","PHIST","0.636514","1.38095","NULL","NULL",0.532956,0.467044,"No","temperate","BACPHLIP","No",0,0,"https://portal.nersc.gov/UHGV/votu_reps/UHGV-016/UHGV-0166180",TRUE
"UHGV-1376472","vOTU-000155",63320,"No",42.14,92,92.89,639.326,1.1,11,"No",0,0,"Complete","100","DTR","No","Confident",0.9795,9,0,"Virus","25.56",32,1,"vFAM-00017;vSUBFAM-00014;vGENUS-01465;vSUBGEN-00834;vOTU-000155","root;Duplodnaviria;Heunggongvirae;Uroviricota;Caudoviricetes","top-genome-hit","accession=MG711463; proteomic-score=0.231; lca-rank=family","Duplodnaviria","Heunggongvirae","Uroviricota","Caudoviricetes","NULL","NULL","NULL","NULL","Caudovirales","NULL","NULL","NULL","d__Bacteria;p__Firmicutes_A;c__Clostridia;o__Lachnospirales;f__Lachnospiraceae","24","100","d__Bacteria;p__Firmicutes_A;c__Clostridia;o__Lachnospirales;f__Lachnospiraceae","PHIST","NULL","1.84839","NULL","0.16373",0.975,0.025,"No","temperate","BACPHLIP","Yes",0,0,"https://portal.nersc.gov/UHGV/votu_reps/UHGV-137/UHGV-1376472",FALSE
"UHGV-1611057","vOTU-037837",11472,"No",39.99,20,79.18,454.2,5.26,11,"No",0,0,"Low-quality","21.23","HMM-based","No","Uncertain",0.9687,1,0,"Uncertain - viral or bacterial","1.19",2,0,"vFAM-00257;vOTU-037837","root;Duplodnaviria;Heunggongvirae;Uroviricota;Caudoviricetes","geNomad-markers","gene-hits=8; agreement=0.6534","Duplodnaviria","Heunggongvirae","Uroviricota","Caudoviricetes","NULL","NULL","NULL","NULL","Caudovirales","d__Bacteria;p__Firmicutes_A;c__Clostridia;o__Lachnospirales;f__Lachnospiraceae;g__Ruminococcus_B;s__Ruminococcus_B gnavus","1","100","d__Bacteria;p__Firmicutes_A;c__Clostridia;o__Lachnospirales;f__Lachnospiraceae;g__Ruminococcus_B;s__Ruminococcus_B gnavus","5","80","d__Bacteria;p__Firmicutes_A;c__Clostridia;o__Lachnospirales;f__Lachnospiraceae;g__Ruminococcus_B;s__Ruminococcus_B gnavus","PHIST","0.0","0.500402","NULL","NULL",0.9875,0.0125,"No","temperate","BACPHLIP","No",0,0,"https://portal.nersc.gov/UHGV/votu_reps/UHGV-161/UHGV-1611057",TRUE
"UHGV-2109574","vOTU-109460",11624,"No",43.07,17,90.87,621.353,6.25,11,"No",0,0,"Low-quality","28.96","AAI-based","No","Confident",0.9722,5,0,"Uncertain - viral or bacterial","-2.31",10,0,"vFAM-00003;vSUBFAM-00989;vGENUS-23975;vOTU-109460","root;Duplodnaviria;Heunggongvirae;Uroviricota;Caudoviricetes","top-genome-hit","accession=JX567312; proteomic-score=0.117; lca-rank=family","Duplodnaviria","Heunggongvirae","Uroviricota","Caudoviricetes","NULL","NULL","NULL","NULL","Caudovirales","NULL","NULL","NULL","d__Bacteria;p__Firmicutes_A;c__Clostridia;o__Lachnospirales;f__Lachnospiraceae;g__CAG-317;s__CAG-317 sp900543415","1","100","d__Bacteria;p__Firmicutes_A;c__Clostridia;o__Lachnospirales;f__Lachnospiraceae;g__CAG-317;s__CAG-317 sp900543415","PHIST","NULL","0.0","NULL","NULL",0.149755,0.850245,"No","lytic","BACPHLIP","No",0,0,"https://portal.nersc.gov/UHGV/votu_reps/UHGV-210/UHGV-2109574",TRUE
"UHGV-2027997","vOTU-136038",13973,"No",38.37,22,86.74,550.909,9.52,11,"No",0,0,"Low-quality","12.67","HMM-based","No","Uncertain",0.9357,1,0,"Uncertain - viral or bacterial","-4.08",2,2,"vFAM-00003;vSUBFAM-06031;vOTU-136038","root;Duplodnaviria;Heunggongvirae;Uroviricota;Caudoviricetes","geNomad-markers","gene-hits=4; agreement=1","Duplodnaviria","Heunggongvirae","Uroviricota","Caudoviricetes","NULL","NULL","NULL","NULL","Caudovirales","NULL","NULL","NULL","d__Bacteria;p__Firmicutes;c__Bacilli;o__Erysipelotrichales;f__Erysipelotrichaceae;g__Clostridium_AQ;s__Clostridium_AQ innocuum","43","95.35","d__Bacteria;p__Firmicutes;c__Bacilli;o__Erysipelotrichales;f__Erysipelotrichaceae;g__Clostridium_AQ;s__Clostridium_AQ innocuum","PHIST","NULL","0.110453","NULL","NULL",0.188122,0.811878,"No","lytic","BACPHLIP","No",1,0,"https://portal.nersc.gov/UHGV/votu_reps/UHGV-202/UHGV-2027997",TRUE
"UHGV-1450603","vOTU-069396",44909,"No",47.78,46,91.89,897.13,15.56,11,"No",0,0,"High-quality","98.47","AAI-based","No","Confident",0.9689,10,0,"Virus","14.37",7,7,"vFAM-00066;vSUBFAM-03655;vGENUS-05569;vSUBGEN-29309;vOTU-069396","root;Duplodnaviria;Heunggongvirae;Uroviricota;Caudoviricetes","geNomad-markers","gene-hits=33; agreement=1","Duplodnaviria","Heunggongvirae","Uroviricota","Caudoviricetes","NULL","NULL","NULL","NULL","Caudovirales","d__Bacteria;p__Bacteroidota;c__Bacteroidia;o__Bacteroidales;f__Tannerellaceae;g__Parabacteroides;s__Parabacteroides distasonis","23","73.91","d__Bacteria;p__Bacteroidota;c__Bacteroidia;o__Bacteroidales;f__Bacteroidaceae","68","75","d__Bacteria;p__Bacteroidota;c__Bacteroidia;o__Bacteroidales;f__Bacteroidaceae","PHIST","0.573964","1.31869","0.0","0.122135",0.2125,0.7875,"No","lytic","BACPHLIP","No",0,0,"https://portal.nersc.gov/UHGV/votu_reps/UHGV-145/UHGV-1450603",FALSE
"UHGV-2056748","vOTU-136511",12075,"No",38.02,14,93.71,808.286,10.53,11,"No",0,0,"Low-quality","25.94","AAI-based","Yes","Uncertain",0.8737,0,0,"Uncertain - plasmid or chromosomal","3.27",4,2,"vFAM-00001;vSUBFAM-00582;vOTU-136511","root;Duplodnaviria;Heunggongvirae;Uroviricota;Caudoviricetes","top-genome-hit","accession=MK937613; proteomic-score=0.082; lca-rank=family","Duplodnaviria","Heunggongvirae","Uroviricota","Caudoviricetes","NULL","NULL","NULL","NULL","Caudovirales","NULL","NULL","NULL","d__Bacteria;p__Firmicutes_A;c__Clostridia","12","83.33","d__Bacteria;p__Firmicutes_A;c__Clostridia","PHIST","NULL","0.983088","NULL","NULL",0.188122,0.811878,"No","lytic","BACPHLIP","No",0,0,"https://portal.nersc.gov/UHGV/votu_reps/UHGV-205/UHGV-2056748",FALSE
"UHGV-2104953","vOTU-161682",12071,"No",50.57,8,91.86,1386,0,11,"No",0,0,"Low-quality","18.07","HMM-based","No","Confident",0.9826,2,0,"Virus","7.48",1,0,"vFAM-00066;vSUBFAM-03655;vGENUS-05569;vOTU-161682","root;Duplodnaviria;Heunggongvirae;Uroviricota;Caudoviricetes;Crassvirales;Delta-crassviridae","top-genome-hit","accession=OHAD01000101; proteomic-score=0.058; lca-rank=family","Duplodnaviria","Heunggongvirae","Uroviricota","Caudoviricetes","Crassvirales","Delta-crassviridae","NULL","NULL","Crassvirales","d__Bacteria;p__Bacteroidota;c__Bacteroidia;o__Bacteroidales;f__Tannerellaceae;g__Parabacteroides;s__Parabacteroides distasonis","12","83.33","d__Bacteria;p__Bacteroidota;c__Bacteroidia;o__Bacteroidales;f__Bacteroidaceae","74","79.73","d__Bacteria;p__Bacteroidota;c__Bacteroidia;o__Bacteroidales;f__Bacteroidaceae","PHIST","0.450561","1.18632","NULL","NULL",0.0393453,0.960655,"No","lytic","BACPHLIP","No",0,0,"https://portal.nersc.gov/UHGV/votu_reps/UHGV-210/UHGV-2104953",TRUE
"UHGV-2156275","vOTU-170554",42800,"No",45.42,52,89.06,733.038,7.84,11,"No",0,0,"Medium-quality","56.02","HMM-based","No","Confident",0.978,8,0,"Virus","27.95",12,3,"vFAM-00066;vSUBFAM-03655;vOTU-170554","root;Duplodnaviria;Heunggongvirae;Uroviricota;Caudoviricetes","geNomad-markers","gene-hits=41; agreement=1","Duplodnaviria","Heunggongvirae","Uroviricota","Caudoviricetes","NULL","NULL","NULL","NULL","Caudovirales","d__Bacteria;p__Bacteroidota;c__Bacteroidia;o__Bacteroidales;f__Bacteroidaceae","214","91.12","d__Bacteria;p__Bacteroidota;c__Bacteroidia;o__Bacteroidales;f__Bacteroidaceae","263","94.3","d__Bacteria;p__Bacteroidota;c__Bacteroidia;o__Bacteroidales;f__Bacteroidaceae","PHIST","0.964979","0.890268","0.122135","0.067527",0.3,0.7,"No","lytic","BACPHLIP","Yes",1,0,"https://portal.nersc.gov/UHGV/votu_reps/UHGV-215/UHGV-2156275",FALSE
"UHGV-0239099","vOTU-031321",24329,"No",48.8,40,86.93,528.75,12.82,11,"No",0,0,"Medium-quality","52.55","AAI-based","No","Confident",0.9684,3,0,"Uncertain - viral or bacterial","-0.33",17,1,"vFAM-00016;vSUBFAM-00066;vOTU-031321","root;Duplodnaviria;Heunggongvirae;Uroviricota;Caudoviricetes","top-genome-hit","accession=LR597639; proteomic-score=0.247; lca-rank=family","Duplodnaviria","Heunggongvirae","Uroviricota","Caudoviricetes","NULL","NULL","NULL","NULL","Caudovirales","d__Bacteria;p__Proteobacteria;c__Gammaproteobacteria;o__Enterobacterales;f__Enterobacteriaceae","5","100","d__Bacteria;p__Proteobacteria;c__Gammaproteobacteria;o__Enterobacterales;f__Enterobacteriaceae;g__Escherichia;s__Escherichia coli","9074","99.88","d__Bacteria;p__Proteobacteria;c__Gammaproteobacteria;o__Enterobacterales;f__Enterobacteriaceae;g__Escherichia;s__Escherichia coli","PHIST","0.673012","0.00334351","0.010127","0.0",0.775,0.225,"No","temperate","BACPHLIP","No",1,0,"https://portal.nersc.gov/UHGV/votu_reps/UHGV-023/UHGV-0239099",FALSE
"UHGV-2162619","vOTU-153744",14096,"No",43.96,19,87.07,645.947,33.33,11,"No",0,0,"Low-quality","17.25","AAI-based","No","Uncertain",0.7512,1,0,"Uncertain - viral or bacterial","-6.54",0,1,"vFAM-00111;vSUBFAM-00541;vGENUS-13523;vOTU-153744","root;Duplodnaviria;Heunggongvirae;Uroviricota;Caudoviricetes","geNomad-markers","gene-hits=8; agreement=1","Duplodnaviria","Heunggongvirae","Uroviricota","Caudoviricetes","NULL","NULL","NULL","NULL","Caudovirales","d__Bacteria;p__Bacteroidota;c__Bacteroidia;o__Bacteroidales","14","100","d__Bacteria;p__Bacteroidota;c__Bacteroidia;o__Bacteroidales;f__Bacteroidaceae","384","83.85","d__Bacteria;p__Bacteroidota;c__Bacteroidia;o__Bacteroidales;f__Bacteroidaceae","PHIST","1.11637","0.939578","NULL","NULL",1,0,"No","temperate","BACPHLIP","No",0,0,"https://portal.nersc.gov/UHGV/votu_reps/UHGV-216/UHGV-2162619",TRUE
"UHGV-1354729","vOTU-054507",41874,"No",38.36,55,91.32,695.236,11.11,11,"No",0,0,"Complete","100","DTR","No","Confident",0.9577,4,0,"Virus","18.89",7,0,"vFAM-00005;vSUBFAM-01782;vGENUS-16528;vSUBGEN-29876;vOTU-054507","root;Duplodnaviria;Heunggongvirae;Uroviricota;Caudoviricetes","geNomad-markers","gene-hits=24; agreement=1","Duplodnaviria","Heunggongvirae","Uroviricota","Caudoviricetes","NULL","NULL","NULL","NULL","Caudovirales","NULL","NULL","NULL","NULL","NULL","NULL","NULL","NULL","NULL","NULL","NULL","NULL",0.1875,0.8125,"No","lytic","BACPHLIP","No",0,0,"https://portal.nersc.gov/UHGV/votu_reps/UHGV-135/UHGV-1354729",TRUE
"UHGV-0076470","vOTU-073579",36645,"No",37.75,51,92.57,665.118,6,11,"No",0,0,"High-quality","99.9","AAI-based","No","Confident",0.9798,15,0,"Virus","78.11",25,0,"vFAM-00035;vSUBFAM-01290;vGENUS-01254;vSUBGEN-29927;vOTU-073579","root;Duplodnaviria;Heunggongvirae;Uroviricota;Caudoviricetes","top-genome-hit","accession=HG798901; proteomic-score=0.059; lca-rank=family","Duplodnaviria","Heunggongvirae","Uroviricota","Caudoviricetes","NULL","NULL","NULL","NULL","Caudovirales","d__Bacteria;p__Firmicutes_A;c__Clostridia;o__UBA1381;f__UBA1381;g__CAG-41;s__CAG-41 sp900066215","246","100","d__Bacteria;p__Firmicutes_A;c__Clostridia;o__UBA1381;f__UBA1381;g__CAG-41;s__CAG-41 sp900066215","388","99.74","d__Bacteria;p__Firmicutes_A;c__Clostridia;o__UBA1381;f__UBA1381;g__CAG-41;s__CAG-41 sp900066215","PHIST","0.0","0.0179374","0.0","0.0",1,0,"No","temperate","BACPHLIP","No",0,0,"https://portal.nersc.gov/UHGV/votu_reps/UHGV-007/UHGV-0076470",FALSE
"UHGV-1433071","vOTU-117730",30959,"No",44.83,46,85.07,572.543,20,11,"No",0,0,"Medium-quality","71.56","AAI-based","No","Uncertain",0.9609,1,0,"Uncertain - plasmid or chromosomal","4.31",3,4,"vFAM-00009;vSUBFAM-00023;vGENUS-09186;vOTU-117730","root;Duplodnaviria;Heunggongvirae;Uroviricota;Caudoviricetes","geNomad-markers","gene-hits=23; agreement=1","Duplodnaviria","Heunggongvirae","Uroviricota","Caudoviricetes","NULL","NULL","NULL","NULL","Caudovirales","d__Bacteria;p__Bacteroidota;c__Bacteroidia;o__Bacteroidales;f__Bacteroidaceae;g__Bacteroides;s__Bacteroides uniformis","148","89.19","d__Bacteria;p__Bacteroidota;c__Bacteroidia;o__Bacteroidales;f__Bacteroidaceae;g__Bacteroides;s__Bacteroides uniformis","1611","96.21","d__Bacteria;p__Bacteroidota;c__Bacteroidia;o__Bacteroidales;f__Bacteroidaceae;g__Bacteroides;s__Bacteroides uniformis","PHIST","0.0990891","0.0987412","NULL","NULL",1,0,"No","temperate","BACPHLIP","No",2,0,"https://portal.nersc.gov/UHGV/votu_reps/UHGV-143/UHGV-1433071",FALSE
"UHGV-0168274","vOTU-075245",42169,"No",43.02,64,91.85,605.203,7.94,11,"No",0,0,"High-quality","91.8","AAI-based","No","Confident",0.9735,3,0,"Virus","17.08",8,1,"vFAM-00028;vSUBFAM-00637;vGENUS-01283;vSUBGEN-30027;vOTU-075245","root;Duplodnaviria;Heunggongvirae;Uroviricota;Caudoviricetes","geNomad-markers","gene-hits=33; agreement=1","Duplodnaviria","Heunggongvirae","Uroviricota","Caudoviricetes","NULL","NULL","NULL","NULL","Caudovirales","d__Bacteria;p__Bacteroidota;c__Bacteroidia;o__Bacteroidales;f__Bacteroidaceae;g__Bacteroides","44","72.73","d__Bacteria;p__Bacteroidota;c__Bacteroidia;o__Bacteroidales;f__Bacteroidaceae;g__Bacteroides","767","76.92","d__Bacteria;p__Bacteroidota;c__Bacteroidia;o__Bacteroidales;f__Bacteroidaceae;g__Bacteroides","PHIST","0.664181","0.778558","0.063908","0.063908",0.197302,0.802698,"No","lytic","BACPHLIP","No",0,0,"https://portal.nersc.gov/UHGV/votu_reps/UHGV-016/UHGV-0168274",TRUE
"UHGV-0209533","vOTU-048493",7909,"No",36.57,7,86.52,977.571,16.67,11,"No",0,0,"Complete","100","DTR","No","Confident",0.9824,6,0,"Virus","105.29",6,0,"vFAM-00125;vSUBFAM-00189;vGENUS-16601;vSUBGEN-30082;vOTU-048493","root;Monodnaviria;Shotokuvirae;Cossaviricota;Papovaviricetes;Zurhausenvirales;Papillomaviridae","geNomad-markers","gene-hits=6; agreement=1","Monodnaviria","Shotokuvirae","Cossaviricota","Papovaviricetes","Zurhausenvirales","Papillomaviridae","NULL","NULL","Other","NULL","NULL","NULL","NULL","NULL","NULL","NULL","NULL","NULL","NULL","NULL","NULL",0.188122,0.811878,"No","lytic","BACPHLIP","No",0,0,"https://portal.nersc.gov/UHGV/votu_reps/UHGV-020/UHGV-0209533",FALSE
"UHGV-0391322","vOTU-052467",42704,"No",40,61,88.14,617.016,6.56,11,"No",0,0,"Complete","100","DTR","No","Confident",0.9777,9,0,"Virus","54.34",24,0,"vFAM-00003;vSUBFAM-00799;vGENUS-03811;vSUBGEN-30127;vOTU-052467","root;Duplodnaviria;Heunggongvirae;Uroviricota;Caudoviricetes","geNomad-markers","gene-hits=38; agreement=1","Duplodnaviria","Heunggongvirae","Uroviricota","Caudoviricetes","NULL","NULL","NULL","NULL","Caudovirales","d__Bacteria;p__Firmicutes;c__Bacilli;o__Erysipelotrichales;f__Erysipelotrichaceae;g__Clostridium_AQ;s__Clostridium_AQ innocuum","54","98.15","d__Bacteria;p__Firmicutes;c__Bacilli;o__Erysipelotrichales;f__Erysipelotrichaceae;g__Clostridium_AQ;s__Clostridium_AQ innocuum","80","97.5","d__Bacteria;p__Firmicutes;c__Bacilli;o__Erysipelotrichales;f__Erysipelotrichaceae;g__Clostridium_AQ;s__Clostridium_AQ innocuum","PHIST","0.0","0.134236","0.0","0.0",0.9875,0.0125,"No","temperate","BACPHLIP","No",1,0,"https://portal.nersc.gov/UHGV/votu_reps/UHGV-039/UHGV-0391322",TRUE
"UHGV-1900965","vOTU-099272",4510,"No",42.06,5,90.33,814.8,0,11,"No",0,0,"Medium-quality","79.74","AAI-based","No","Uncertain",0.7344,0,0,"Virus","13.78",1,0,"vFAM-00072;vOTU-099272","root;Monodnaviria;Shotokuvirae;Cressdnaviricota;Arfiviricetes;Cirlivirales;Circoviridae","geNomad-markers","gene-hits=2; agreement=0.7209","Monodnaviria","Shotokuvirae","Cressdnaviricota","Arfiviricetes","Cirlivirales","Circoviridae","NULL","NULL","Cressdnaviricota","NULL","NULL","NULL","d__Bacteria;p__Firmicutes_A;c__Clostridia;o__Lachnospirales;f__Lachnospiraceae;g__Blautia_A;s__Blautia_A caecimuris","38","86.84","d__Bacteria;p__Firmicutes_A;c__Clostridia;o__Lachnospirales;f__Lachnospiraceae;g__Blautia_A;s__Blautia_A caecimuris","PHIST","NULL","0.326442","NULL","NULL",1,0,"Yes","temperate","integrase","No",0,0,"https://portal.nersc.gov/UHGV/votu_reps/UHGV-190/UHGV-1900965",TRUE
"UHGV-1442733","vOTU-016393",37565,"No",51.65,41,91.54,838.683,7.5,11,"No",0,0,"Medium-quality","77.61","AAI-based","No","Confident",0.9807,9,0,"Virus","33",8,1,"vFAM-00066;vSUBFAM-00132;vGENUS-04553;vOTU-016393","root;Duplodnaviria;Heunggongvirae;Uroviricota;Caudoviricetes","geNomad-markers","gene-hits=39; agreement=1","Duplodnaviria","Heunggongvirae","Uroviricota","Caudoviricetes","NULL","NULL","NULL","NULL","Caudovirales","d__Bacteria;p__Bacteroidota;c__Bacteroidia;o__Bacteroidales;f__Bacteroidaceae","165","76.36","d__Bacteria;p__Bacteroidota;c__Bacteroidia;o__Bacteroidales;f__Bacteroidaceae","2112","86.7","d__Bacteria;p__Bacteroidota;c__Bacteroidia;o__Bacteroidales;f__Bacteroidaceae","PHIST","1.25929","1.29286","0.08874","0.122135",0.05,0.95,"No","lytic","BACPHLIP","No",0,0,"https://portal.nersc.gov/UHGV/votu_reps/UHGV-144/UHGV-1442733",FALSE
"UHGV-1768965","vOTU-040102",18285,"No",41.5,31,78.92,465.484,20,11,"No",0,0,"Low-quality","30.21","AAI-based","No","Confident",0.9551,3,0,"Virus","7.71",3,1,"vFAM-00009;vSUBFAM-00081;vOTU-040102","root;Duplodnaviria;Heunggongvirae;Uroviricota;Caudoviricetes","geNomad-markers","gene-hits=18; agreement=1","Duplodnaviria","Heunggongvirae","Uroviricota","Caudoviricetes","NULL","NULL","NULL","NULL","Caudovirales","d__Bacteria;p__Bacteroidota;c__Bacteroidia;o__Bacteroidales;f__Bacteroidaceae;g__Phocaeicola;s__Phocaeicola vulgatus","15","93.33","d__Bacteria;p__Bacteroidota;c__Bacteroidia;o__Bacteroidales;f__Bacteroidaceae","425","94.12","d__Bacteria;p__Bacteroidota;c__Bacteroidia;o__Bacteroidales;f__Bacteroidaceae","PHIST","0.24493","1.0543","NULL","NULL",0.1875,0.8125,"No","lytic","BACPHLIP","No",0,0,"https://portal.nersc.gov/UHGV/votu_reps/UHGV-176/UHGV-1768965",TRUE
"UHGV-0061464","vOTU-100668",28547,"No",45.55,36,91.31,724.083,22.22,11,"No",0,0,"Low-quality","48.43","AAI-based","No","Confident",0.9689,6,0,"Virus","25.72",19,0,"vFAM-00017;vSUBFAM-00014;vGENUS-14444;vOTU-100668","root;Duplodnaviria;Heunggongvirae;Uroviricota;Caudoviricetes","top-genome-hit","accession=MG711463; proteomic-score=0.235; lca-rank=family","Duplodnaviria","Heunggongvirae","Uroviricota","Caudoviricetes","NULL","NULL","NULL","NULL","Caudovirales","d__Bacteria;p__Firmicutes_A;c__Clostridia;o__Oscillospirales;f__Ruminococcaceae;g__Ruthenibacterium;s__Ruthenibacterium lactatiformans","6","100","d__Bacteria;p__Firmicutes_A;c__Clostridia;o__Oscillospirales;f__Ruminococcaceae;g__Ruthenibacterium;s__Ruthenibacterium lactatiformans","26","76.92","d__Bacteria;p__Firmicutes_A;c__Clostridia;o__Oscillospirales;f__Ruminococcaceae;g__Ruthenibacterium;s__Ruthenibacterium lactatiformans","PHIST","0.0","0.953687","NULL","NULL",0.876955,0.123045,"No","temperate","BACPHLIP","No",0,0,"https://portal.nersc.gov/UHGV/votu_reps/UHGV-006/UHGV-0061464",FALSE
"UHGV-1374189","vOTU-057359",37556,"No",46.36,55,92.55,631.964,7.41,11,"No",0,0,"Complete","100","DTR","No","Confident",0.9815,10,0,"Virus","61.29",25,0,"vFAM-00003;vSUBFAM-06571;vGENUS-16749;vSUBGEN-30494;vOTU-057359","root;Duplodnaviria;Heunggongvirae;Uroviricota;Caudoviricetes","top-genome-hit","accession=AY616446; proteomic-score=0.131; lca-rank=family","Duplodnaviria","Heunggongvirae","Uroviricota","Caudoviricetes","NULL","NULL","NULL","NULL","Caudovirales","d__Bacteria;p__Firmicutes_A;c__Clostridia;o__Lachnospirales;f__Lachnospiraceae;g__Hungatella;s__Hungatella effluvii","98","94.9","d__Bacteria;p__Firmicutes_A;c__Clostridia;o__Lachnospirales;f__Lachnospiraceae;g__Hungatella;s__Hungatella effluvii","8","100","d__Bacteria;p__Firmicutes_A;c__Clostridia;o__Lachnospirales;f__Lachnospiraceae;g__Hungatella;s__Hungatella effluvii","CRISPR","0.0","0.0","0.0","0.0",1,0,"No","temperate","BACPHLIP","No",1,0,"https://portal.nersc.gov/UHGV/votu_reps/UHGV-137/UHGV-1374189",FALSE
"UHGV-1862831","vOTU-138071",71785,"No",33.98,65,86.8,958.569,11.76,11,"No",3,0,"Low-quality","42.93","AAI-based","No","Confident",0.9673,4,0,"Virus","29.39",17,0,"vFAM-00020;vSUBFAM-01097;vGENUS-07565;vOTU-138071","root;Duplodnaviria;Heunggongvirae;Uroviricota;Caudoviricetes","geNomad-markers","gene-hits=39; agreement=1","Duplodnaviria","Heunggongvirae","Uroviricota","Caudoviricetes","NULL","NULL","NULL","NULL","Caudovirales","d__Bacteria;p__Firmicutes_A;c__Clostridia;o__Lachnospirales;f__Lachnospiraceae;g__Ruminococcus_B;s__Ruminococcus_B gnavus","20","70","d__Bacteria;p__Firmicutes_A;c__Clostridia;o__Lachnospirales;f__Lachnospiraceae","14","78.57","d__Bacteria;p__Firmicutes_A;c__Clostridia;o__Lachnospirales;f__Lachnospiraceae;g__Ruminococcus_B;s__Ruminococcus_B gnavus","CRISPR","1.07908","1.6661","NULL","NULL",1,0,"No","temperate","BACPHLIP","No",1,0,"https://portal.nersc.gov/UHGV/votu_reps/UHGV-186/UHGV-1862831",FALSE
"UHGV-0264804","vOTU-001860",42264,"No",48.53,64,87.27,576.328,15.87,11,"No",0,0,"Complete","100","DTR","No","Confident",0.9693,10,0,"Virus","51.78",18,0,"vFAM-00060;vSUBFAM-03321;vGENUS-16773;vSUBGEN-30583;vOTU-001860","root;Duplodnaviria;Heunggongvirae;Uroviricota;Caudoviricetes","geNomad-markers","gene-hits=29; agreement=1","Duplodnaviria","Heunggongvirae","Uroviricota","Caudoviricetes","NULL","NULL","NULL","NULL","Caudovirales","d__Bacteria;p__Firmicutes_A;c__Clostridia","3","100","d__Bacteria;p__Firmicutes_A;c__Clostridia;o__Oscillospirales;f__Acutalibacteraceae","10","100","d__Bacteria;p__Firmicutes_A;c__Clostridia;o__Oscillospirales;f__Acutalibacteraceae","PHIST","0.636514","0.673012","0.268347","0.0",0.9875,0.0125,"No","temperate","BACPHLIP","No",0,0,"https://portal.nersc.gov/UHGV/votu_reps/UHGV-026/UHGV-0264804",FALSE
"UHGV-0100839","vOTU-096577",10377,"No",52.45,16,88.18,571.875,13.33,11,"No",0,0,"Low-quality","22.66","AAI-based","No","Uncertain",0.9776,0,0,"Virus","11.41",1,1,"vFAM-00001;vSUBFAM-00114;vGENUS-00207;vOTU-096577","root;Duplodnaviria;Heunggongvirae;Uroviricota;Caudoviricetes","geNomad-markers","gene-hits=9; agreement=1","Duplodnaviria","Heunggongvirae","Uroviricota","Caudoviricetes","NULL","NULL","NULL","NULL","Caudovirales","d__Bacteria;p__Firmicutes_A;c__Clostridia;o__Oscillospirales;f__Oscillospiraceae","6","100","d__Bacteria;p__Firmicutes_A;c__Clostridia;o__Oscillospirales;f__Oscillospiraceae;g__Flavonifractor;s__Flavonifractor plautii","496","90.73","d__Bacteria;p__Firmicutes_A;c__Clostridia;o__Oscillospirales;f__Oscillospiraceae;g__Flavonifractor;s__Flavonifractor plautii","PHIST","0.636514","0.481023","NULL","NULL",1,0,"Yes","temperate","integrase","No",0,0,"https://portal.nersc.gov/UHGV/votu_reps/UHGV-010/UHGV-0100839",TRUE
"UHGV-0388755","vOTU-052148",6209,"No",40.46,6,87.74,908,0,11,"No",0,0,"Complete","100","DTR","No","Confident",0.9821,1,0,"Virus","13.34",3,0,"vFAM-00013;vSUBFAM-00017;vGENUS-00023;vSUBGEN-00011;vOTU-052148","root;Monodnaviria;Sangervirae;Phixviricota;Malgrandaviricetes;Petitvirales;Microviridae","geNomad-markers","gene-hits=5; agreement=1","Monodnaviria","Sangervirae","Phixviricota","Malgrandaviricetes","Petitvirales","Microviridae","NULL","NULL","Microviridae","d__Bacteria;p__Bacteroidota;c__Bacteroidia;o__Bacteroidales;f__Bacteroidaceae;g__Bacteroides;s__Bacteroides uniformis","270","95.93","NULL","NULL","NULL","d__Bacteria;p__Bacteroidota;c__Bacteroidia;o__Bacteroidales;f__Bacteroidaceae;g__Bacteroides;s__Bacteroides uniformis","CRISPR","0.101483","NULL","0.0","NULL",0.188122,0.811878,"No","lytic","BACPHLIP","No",0,0,"https://portal.nersc.gov/UHGV/votu_reps/UHGV-038/UHGV-0388755",TRUE
"UHGV-0083641","vOTU-110045",30618,"No",63.92,53,87.89,507.736,5.77,11,"No",1,0,"Medium-quality","86.73","AAI-based","No","Confident",0.9574,7,0,"Virus","22.36",16,1,"vFAM-00022;vSUBFAM-07525;vGENUS-20939;vOTU-110045","root;Duplodnaviria;Heunggongvirae;Uroviricota;Caudoviricetes","geNomad-markers","gene-hits=23; agreement=1","Duplodnaviria","Heunggongvirae","Uroviricota","Caudoviricetes","NULL","NULL","NULL","NULL","Caudovirales","d__Bacteria;p__Actinobacteriota;c__Coriobacteriia;o__Coriobacteriales;f__Eggerthellaceae;g__Eggerthella;s__Eggerthella lenta","53","100","d__Bacteria;p__Actinobacteriota;c__Coriobacteriia;o__Coriobacteriales;f__Eggerthellaceae;g__Eggerthella;s__Eggerthella lenta","27","100","d__Bacteria;p__Actinobacteriota;c__Coriobacteriia;o__Coriobacteriales;f__Eggerthellaceae;g__Eggerthella;s__Eggerthella lenta","CRISPR","0.0","0.0","0.0","0.0",0.2,0.8,"No","lytic","BACPHLIP","No",0,0,"https://portal.nersc.gov/UHGV/votu_reps/UHGV-008/UHGV-0083641",TRUE
"UHGV-1987239","vOTU-126020",10967,"No",41.71,13,92.43,779.769,0,11,"No",0,0,"Low-quality","11.73","HMM-based","No","Uncertain",0.8624,0,0,"Uncertain - viral or bacterial","-6.28",2,1,"vFAM-00126;vOTU-126020","root;Duplodnaviria;Heunggongvirae;Uroviricota;Caudoviricetes","geNomad-markers","gene-hits=3; agreement=1","Duplodnaviria","Heunggongvirae","Uroviricota","Caudoviricetes","NULL","NULL","NULL","NULL","Caudovirales","NULL","NULL","NULL","d__Bacteria;p__Firmicutes_A;c__Clostridia;o__Lachnospirales;f__Lachnospiraceae","111","99.1","d__Bacteria;p__Firmicutes_A;c__Clostridia;o__Lachnospirales;f__Lachnospiraceae","PHIST","NULL","1.79665","NULL","NULL",0.147182,0.852817,"No","lytic","BACPHLIP","No",0,0,"https://portal.nersc.gov/UHGV/votu_reps/UHGV-198/UHGV-1987239",TRUE
"UHGV-1978718","vOTU-041283",16166,"No",49.05,19,90.1,766.579,11.11,11,"No",0,0,"Low-quality","12.76","AAI-based","No","Uncertain",0.928,1,0,"Uncertain - viral or bacterial","5.23",0,0,"vFAM-00028;vSUBFAM-00482;vGENUS-20104;vOTU-041283","root;Duplodnaviria;Heunggongvirae;Uroviricota;Caudoviricetes","top-genome-hit","accession=LC168164; proteomic-score=0.074; lca-rank=family","Duplodnaviria","Heunggongvirae","Uroviricota","Caudoviricetes","NULL","NULL","NULL","NULL","Caudovirales","d__Bacteria;p__Bacteroidota;c__Bacteroidia;o__Bacteroidales;f__Bacteroidaceae;g__Phocaeicola;s__Phocaeicola plebeius_A","1","100","d__Bacteria;p__Bacteroidota;c__Bacteroidia;o__Bacteroidales;f__Bacteroidaceae","730","72.19","d__Bacteria;p__Bacteroidota;c__Bacteroidia;o__Bacteroidales;f__Bacteroidaceae","PHIST","0.0","1.63673","NULL","NULL",0.112652,0.887348,"No","lytic","BACPHLIP","No",0,0,"https://portal.nersc.gov/UHGV/votu_reps/UHGV-197/UHGV-1978718",TRUE
"UHGV-0386577","vOTU-086166",6724,"No",40.11,9,90.66,677.333,0,11,"No",0,0,"High-quality","99.9","AAI-based","No","Confident",0.9827,2,0,"Virus","11.86",4,0,"vFAM-00030;vSUBFAM-00119;vGENUS-00056;vSUBGEN-00035;vOTU-086166","root;Monodnaviria;Sangervirae;Phixviricota;Malgrandaviricetes;Petitvirales;Microviridae","geNomad-markers","gene-hits=8; agreement=1","Monodnaviria","Sangervirae","Phixviricota","Malgrandaviricetes","Petitvirales","Microviridae","NULL","NULL","Microviridae","d__Bacteria;p__Bacteroidota;c__Bacteroidia;o__Bacteroidales;f__Bacteroidaceae;g__Bacteroides;s__Bacteroides stercoris","5","100","NULL","NULL","NULL","d__Bacteria;p__Bacteroidota;c__Bacteroidia;o__Bacteroidales;f__Bacteroidaceae;g__Bacteroides;s__Bacteroides stercoris","CRISPR","0.0","NULL","0.0","NULL",0.188122,0.811878,"No","lytic","BACPHLIP","No",0,0,"https://portal.nersc.gov/UHGV/votu_reps/UHGV-038/UHGV-0386577",TRUE
"UHGV-0152256","vOTU-027531",28268,"No",41.24,55,92.26,474.164,17.24,11,"No",1,0,"Low-quality","47.4","HMM-based","Yes","Confident",0.972,5,0,"Virus","32.13",13,4,"vFAM-00010;vSUBFAM-01933;vGENUS-11017;vOTU-027531","root;Duplodnaviria;Heunggongvirae;Uroviricota;Caudoviricetes","geNomad-markers","gene-hits=30; agreement=1","Duplodnaviria","Heunggongvirae","Uroviricota","Caudoviricetes","NULL","NULL","NULL","NULL","Caudovirales","d__Bacteria;p__Firmicutes_A;c__Clostridia;o__Lachnospirales;f__Lachnospiraceae;g__Blautia","211","97.63","d__Bacteria;p__Firmicutes_A;c__Clostridia;o__Lachnospirales;f__Lachnospiraceae;g__Blautia;s__Blautia sp001304935","10","90","d__Bacteria;p__Firmicutes_A;c__Clostridia;o__Lachnospirales;f__Lachnospiraceae;g__Blautia","CRISPR","0.137095","0.325083","NULL","NULL",0.85,0.15,"No","temperate","BACPHLIP","No",0,0,"https://portal.nersc.gov/UHGV/votu_reps/UHGV-015/UHGV-0152256",TRUE
"UHGV-1307394","vOTU-000685",8328,"No",41.11,21,90.96,360.714,11.11,11,"No",0,0,"Complete","100","DTR","No","Confident",0.8715,0,0,"Uncertain - viral or bacterial","-2.22",0,1,"vFAM-00072;vSUBFAM-00266;vGENUS-04085;vSUBGEN-30941;vOTU-000685","root;Monodnaviria;Loebvirae;Hofneiviricota;Faserviricetes;Tubulavirales;Inoviridae","geNomad-markers","gene-hits=6; agreement=1","Monodnaviria","Loebvirae","Hofneiviricota","Faserviricetes","Tubulavirales","Inoviridae","NULL","NULL","Inoviridae","d__Bacteria;p__Firmicutes_A;c__Clostridia;o__Lachnospirales;f__Lachnospiraceae;g__Enterocloster","32","100","d__Bacteria;p__Firmicutes_A;c__Clostridia;o__Lachnospirales;f__Lachnospiraceae;g__Enterocloster","169","96.45","d__Bacteria;p__Firmicutes_A;c__Clostridia;o__Lachnospirales;f__Lachnospiraceae;g__Enterocloster","PHIST","0.0","0.19749","0.0","0.0",0.188122,0.811878,"No","lytic","BACPHLIP","No",0,0,"https://portal.nersc.gov/UHGV/votu_reps/UHGV-130/UHGV-1307394",TRUE
"UHGV-1976441","vOTU-019231",23818,"No",52.69,14,91.9,1563.43,7.69,11,"No",1,0,"Low-quality","32.22","AAI-based","No","Uncertain",0.9648,1,0,"Uncertain - plasmid or chromosomal","-5.92",1,4,"vFAM-00066;vSUBFAM-00132;vGENUS-10145;vOTU-019231","root;Duplodnaviria;Heunggongvirae;Uroviricota;Caudoviricetes","geNomad-markers","gene-hits=9; agreement=0.9884","Duplodnaviria","Heunggongvirae","Uroviricota","Caudoviricetes","NULL","NULL","NULL","NULL","Caudovirales","d__Bacteria;p__Bacteroidota;c__Bacteroidia;o__Bacteroidales","110","99.09","d__Bacteria;p__Bacteroidota;c__Bacteroidia;o__Bacteroidales;f__Bacteroidaceae;g__Phocaeicola","1481","74.81","d__Bacteria;p__Bacteroidota;c__Bacteroidia;o__Bacteroidales;f__Bacteroidaceae;g__Phocaeicola","PHIST","1.068","0.878","NULL","NULL",0.188122,0.811878,"No","lytic","BACPHLIP","No",0,0,"https://portal.nersc.gov/UHGV/votu_reps/UHGV-197/UHGV-1976441",TRUE
"UHGV-1945158","vOTU-112481",33525,"No",47.14,33,96.55,980.909,0,11,"No",0,0,"Medium-quality","80.7","AAI-based","No","Confident",0.9688,3,0,"Virus","12.69",2,0,"vFAM-00028;vSUBFAM-00344;vOTU-112481","root;Duplodnaviria;Heunggongvirae;Uroviricota;Caudoviricetes","geNomad-markers","gene-hits=23; agreement=1","Duplodnaviria","Heunggongvirae","Uroviricota","Caudoviricetes","NULL","NULL","NULL","NULL","Caudovirales","d__Bacteria;p__Bacteroidota;c__Bacteroidia;o__Bacteroidales;f__Bacteroidaceae;g__Bacteroides","22","77.27","d__Bacteria;p__Bacteroidota;c__Bacteroidia;o__Bacteroidales;f__Bacteroidaceae;g__Bacteroides;s__Bacteroides uniformis","1430","85.94","d__Bacteria;p__Bacteroidota;c__Bacteroidia;o__Bacteroidales;f__Bacteroidaceae;g__Bacteroides;s__Bacteroides uniformis","PHIST","0.75193","0.108597","0.024088","0.0",0.025,0.975,"No","lytic","BACPHLIP","No",0,0,"https://portal.nersc.gov/UHGV/votu_reps/UHGV-194/UHGV-1945158",FALSE
"UHGV-2044920","vOTU-062980",44475,"No",44.57,39,93.79,1069.62,21.05,11,"No",1,0,"High-quality","99.9","AAI-based","No","Uncertain",0.9419,3,0,"Uncertain - plasmid or chromosomal","-5.18",1,6,"vFAM-00028;vSUBFAM-00344;vGENUS-00375;vSUBGEN-31081;vOTU-062980","root;Duplodnaviria;Heunggongvirae;Uroviricota;Caudoviricetes","geNomad-markers","gene-hits=18; agreement=1","Duplodnaviria","Heunggongvirae","Uroviricota","Caudoviricetes","NULL","NULL","NULL","NULL","Caudovirales","d__Bacteria;p__Bacteroidota;c__Bacteroidia;o__Bacteroidales;f__Bacteroidaceae;g__Bacteroides;s__Bacteroides uniformis","29","79.31","d__Bacteria;p__Bacteroidota;c__Bacteroidia;o__Bacteroidales;f__Bacteroidaceae;g__Bacteroides;s__Bacteroides uniformis","2539","95.16","d__Bacteria;p__Bacteroidota;c__Bacteroidia;o__Bacteroidales;f__Bacteroidaceae;g__Bacteroides;s__Bacteroides uniformis","PHIST","0.478753","0.167207","NULL","NULL",0.9875,0.0125,"No","temperate","BACPHLIP","No",0,0,"https://portal.nersc.gov/UHGV/votu_reps/UHGV-204/UHGV-2044920",FALSE
"UHGV-0048239","vOTU-063346",36896,"No",32.82,68,89.24,484.191,11.94,11,"No",1,0,"High-quality","99.6","AAI-based","No","Confident",0.9521,12,0,"Virus","57.59",16,2,"vFAM-00006;vSUBFAM-00580;vGENUS-01857;vSUBGEN-31099;vOTU-063346","root;Duplodnaviria;Heunggongvirae;Uroviricota;Caudoviricetes","geNomad-markers","gene-hits=33; agreement=1","Duplodnaviria","Heunggongvirae","Uroviricota","Caudoviricetes","NULL","NULL","NULL","NULL","Caudovirales","d__Bacteria;p__Firmicutes;c__Bacilli;o__Erysipelotrichales;f__Coprobacillaceae;g__Erysipelatoclostridium;s__Erysipelatoclostridium ramosum","398","100","d__Bacteria;p__Firmicutes;c__Bacilli;o__Erysipelotrichales;f__Coprobacillaceae;g__Erysipelatoclostridium;s__Erysipelatoclostridium ramosum","77","97.4","d__Bacteria;p__Firmicutes;c__Bacilli;o__Erysipelotrichales;f__Coprobacillaceae;g__Erysipelatoclostridium;s__Erysipelatoclostridium ramosum","CRISPR","0.0","0.13846","0.0","0.0",1,0,"Yes","temperate","integrase","No",0,0,"https://portal.nersc.gov/UHGV/votu_reps/UHGV-004/UHGV-0048239",FALSE
"UHGV-0206454","vOTU-048064",60691,"No",39.58,71,91.79,784.606,5.71,11,"No",0,0,"Complete","100","DTR","No","Confident",0.956,12,0,"Virus","25.07",25,5,"vFAM-00001;vSUBFAM-00011;vGENUS-04272;vSUBGEN-04567;vOTU-048064","root;Duplodnaviria;Heunggongvirae;Uroviricota;Caudoviricetes","top-genome-hit","accession=MG029511; proteomic-score=0.073; lca-rank=family","Duplodnaviria","Heunggongvirae","Uroviricota","Caudoviricetes","NULL","NULL","NULL","NULL","Caudovirales","d__Bacteria;p__Firmicutes_A;c__Clostridia;o__Lachnospirales;f__Lachnospiraceae;g__Faecalimonas;s__Faecalimonas umbilicata","2","100","d__Bacteria;p__Firmicutes_A;c__Clostridia;o__Lachnospirales;f__Lachnospiraceae","162","98.15","d__Bacteria;p__Firmicutes_A;c__Clostridia;o__Lachnospirales;f__Lachnospiraceae","PHIST","0.0","2.43663","0.0","0.134706",0.875,0.125,"Yes","temperate","integrase","No",2,0,"https://portal.nersc.gov/UHGV/votu_reps/UHGV-020/UHGV-0206454",FALSE
"UHGV-2173259","vOTU-087930",13081,"No",45.45,21,85.29,531.286,20,11,"No",0,0,"Not-determined","NULL","NULL","No","Uncertain",0.879,1,0,"Uncertain - viral or bacterial","0.71",0,1,"vFAM-00111;vSUBFAM-00351;vOTU-087930","root;Duplodnaviria;Heunggongvirae;Uroviricota;Caudoviricetes","geNomad-markers","gene-hits=6; agreement=1","Duplodnaviria","Heunggongvirae","Uroviricota","Caudoviricetes","NULL","NULL","NULL","NULL","Caudovirales","d__Bacteria;p__Bacteroidota;c__Bacteroidia;o__Bacteroidales;f__Barnesiellaceae;g__Barnesiella;s__Barnesiella intestinihominis","2","100","d__Bacteria;p__Bacteroidota;c__Bacteroidia;o__Bacteroidales;f__Bacteroidaceae","735","81.9","d__Bacteria;p__Bacteroidota;c__Bacteroidia;o__Bacteroidales;f__Bacteroidaceae","PHIST","0.0","1.35411","NULL","NULL",0.188122,0.811878,"No","lytic","BACPHLIP","No",0,0,"https://portal.nersc.gov/UHGV/votu_reps/UHGV-217/UHGV-2173259",TRUE
"UHGV-1939803","vOTU-018415",13033,"No",34.58,15,91.25,792.8,9.09,11,"No",0,0,"Low-quality","27.76","AAI-based","Yes","Confident",0.9141,5,0,"Virus","22.56",9,4,"vFAM-00001;vOTU-018415","root;Duplodnaviria;Heunggongvirae;Uroviricota;Caudoviricetes","top-genome-hit","accession=KC595518; proteomic-score=0.104; lca-rank=family","Duplodnaviria","Heunggongvirae","Uroviricota","Caudoviricetes","NULL","NULL","NULL","NULL","Caudovirales","NULL","NULL","NULL","d__Bacteria;p__Firmicutes_A;c__Clostridia;o__Monoglobales;f__Monoglobaceae;g__Monoglobus;s__Monoglobus pectinilyticus","82","97.56","d__Bacteria;p__Firmicutes_A;c__Clostridia;o__Monoglobales;f__Monoglobaceae;g__Monoglobus;s__Monoglobus pectinilyticus","PHIST","NULL","0.131571","NULL","NULL",0.188122,0.811878,"No","lytic","BACPHLIP","No",0,0,"https://portal.nersc.gov/UHGV/votu_reps/UHGV-193/UHGV-1939803",FALSE
"UHGV-2126883","vOTU-121359",39836,"No",42.75,35,89.03,1013.31,20.59,11,"No",0,0,"Medium-quality","62.49","AAI-based","No","Uncertain",0.9574,2,0,"Uncertain - plasmid or chromosomal","0.81",3,6,"vFAM-00009;vSUBFAM-00023;vOTU-121359","root;Duplodnaviria;Heunggongvirae;Uroviricota;Caudoviricetes","geNomad-markers","gene-hits=11; agreement=1","Duplodnaviria","Heunggongvirae","Uroviricota","Caudoviricetes","NULL","NULL","NULL","NULL","Caudovirales","d__Bacteria;p__Bacteroidota;c__Bacteroidia;o__Bacteroidales;f__Bacteroidaceae;g__Bacteroides;s__Bacteroides uniformis","7","85.71","d__Bacteria;p__Bacteroidota;c__Bacteroidia;o__Bacteroidales;f__Bacteroidaceae;g__Bacteroides;s__Bacteroides uniformis","1072","89.83","d__Bacteria;p__Bacteroidota;c__Bacteroidia;o__Bacteroidales;f__Bacteroidaceae;g__Bacteroides;s__Bacteroides uniformis","PHIST","0.410116","0.204808","NULL","NULL",0.9875,0.0125,"No","temperate","BACPHLIP","No",0,0,"https://portal.nersc.gov/UHGV/votu_reps/UHGV-212/UHGV-2126883",FALSE
"UHGV-1385784","vOTU-086530",49538,"No",50.93,44,87.13,981,11.63,11,"No",0,0,"High-quality","99.9","AAI-based","No","Confident",0.9705,12,0,"Uncertain - viral or bacterial","4.88",5,4,"vFAM-00066;vSUBFAM-00132;vGENUS-00954;vSUBGEN-31334;vOTU-086530","root;Duplodnaviria;Heunggongvirae;Uroviricota;Caudoviricetes","geNomad-markers","gene-hits=34; agreement=1","Duplodnaviria","Heunggongvirae","Uroviricota","Caudoviricetes","NULL","NULL","NULL","NULL","Caudovirales","d__Bacteria;p__Bacteroidota;c__Bacteroidia;o__Bacteroidales;f__Bacteroidaceae","74","91.89","d__Bacteria;p__Bacteroidota;c__Bacteroidia;o__Bacteroidales;f__Bacteroidaceae","1166","92.71","d__Bacteria;p__Bacteroidota;c__Bacteroidia;o__Bacteroidales;f__Bacteroidaceae","PHIST","0.914843","1.05677","0.08874","0.067527",1,0,"No","temperate","BACPHLIP","No",0,0,"https://portal.nersc.gov/UHGV/votu_reps/UHGV-138/UHGV-1385784",FALSE
"UHGV-1356168","vOTU-054634",33250,"No",43.25,57,89.95,524.737,3.57,11,"No",0,0,"Complete","100","DTR","No","Confident",0.9765,16,0,"Virus","61.94",23,0,"vFAM-00022;vSUBFAM-06640;vGENUS-17051;vSUBGEN-31353;vOTU-054634","root;Duplodnaviria;Heunggongvirae;Uroviricota;Caudoviricetes","top-genome-hit","accession=LN681538; proteomic-score=0.076; lca-rank=family","Duplodnaviria","Heunggongvirae","Uroviricota","Caudoviricetes","NULL","NULL","NULL","NULL","Caudovirales","d__Bacteria;p__Firmicutes_A;c__Clostridia","3","100","d__Bacteria;p__Firmicutes_A;c__Clostridia;o__Peptostreptococcales;f__Anaerovoracaceae;g__Emergencia;s__Emergencia sp904420065","2","100","d__Bacteria;p__Firmicutes_A;c__Clostridia","CRISPR","0.636514","0.0","0.275626","0.0",0.975,0.025,"Yes","temperate","integrase","No",0,0,"https://portal.nersc.gov/UHGV/votu_reps/UHGV-135/UHGV-1356168",FALSE
"UHGV-0405456","vOTU-004271",6492,"No",40.45,9,90.16,650.333,0,11,"No",0,0,"Complete","100","DTR","No","Confident",0.983,1,0,"Virus","11.86",3,0,"vFAM-00030;vSUBFAM-00119;vGENUS-00056;vSUBGEN-00035;vOTU-004271","root;Monodnaviria;Sangervirae;Phixviricota;Malgrandaviricetes;Petitvirales;Microviridae","geNomad-markers","gene-hits=7; agreement=1","Monodnaviria","Sangervirae","Phixviricota","Malgrandaviricetes","Petitvirales","Microviridae","NULL","NULL","Microviridae","d__Bacteria;p__Firmicutes_A","13","53.85","NULL","NULL","NULL","d__Bacteria;p__Firmicutes_A","CRISPR","0.690186","NULL","0.009527","NULL",0.188122,0.811878,"No","lytic","BACPHLIP","No",0,0,"https://portal.nersc.gov/UHGV/votu_reps/UHGV-040/UHGV-0405456",TRUE
"UHGV-1982426","vOTU-090402",12658,"No",53.67,22,73.45,422.591,23.81,11,"No",1,0,"Medium-quality","52.43","AAI-based","No","Uncertain",0.7987,1,0,"Uncertain - viral or bacterial","6.43",3,1,"vFAM-00090;vOTU-090402","root;Duplodnaviria;Heunggongvirae;Uroviricota;Caudoviricetes","geNomad-markers","gene-hits=5; agreement=1","Duplodnaviria","Heunggongvirae","Uroviricota","Caudoviricetes","NULL","NULL","NULL","NULL","Caudovirales","NULL","NULL","NULL","d__Bacteria;p__Firmicutes_A;c__Clostridia;o__Oscillospirales;f__Oscillospiraceae;g__Flavonifractor;s__Flavonifractor plautii","215","98.6","d__Bacteria;p__Firmicutes_A;c__Clostridia;o__Oscillospirales;f__Oscillospiraceae;g__Flavonifractor;s__Flavonifractor plautii","PHIST","NULL","0.0887948","NULL","NULL",1,0,"No","temperate","BACPHLIP","No",0,0,"https://portal.nersc.gov/UHGV/votu_reps/UHGV-198/UHGV-1982426",TRUE
"UHGV-1317192","vOTU-002692",2161,"No",49.01,3,86.21,621,100,11,"No",0,0,"Complete","100","DTR","No","Confident",0.9552,1,0,"Virus","7.24",2,0,"vFAM-00122;vSUBFAM-01004;vGENUS-04166;vSUBGEN-02303;vOTU-002692","root;Monodnaviria;Shotokuvirae;Cressdnaviricota;Repensiviricetes;Geplafuvirales;Genomoviridae","geNomad-markers","gene-hits=2; agreement=1","Monodnaviria","Shotokuvirae","Cressdnaviricota","Repensiviricetes","Geplafuvirales","Genomoviridae","NULL","NULL","Cressdnaviricota","NULL","NULL","NULL","NULL","NULL","NULL","NULL","NULL","NULL","NULL","NULL","NULL",0.000553823,0.999446,"No","lytic","BACPHLIP","No",0,0,"https://portal.nersc.gov/UHGV/votu_reps/UHGV-131/UHGV-1317192",TRUE
"UHGV-1985891","vOTU-152666",12996,"No",47.59,12,93.91,1017,18.18,11,"No",0,0,"Low-quality","15.01","AAI-based","No","Confident",0.9715,3,0,"Virus","7.58",0,1,"vFAM-00001;vOTU-152666","root;Duplodnaviria;Heunggongvirae;Uroviricota;Caudoviricetes","geNomad-markers","gene-hits=8; agreement=1","Duplodnaviria","Heunggongvirae","Uroviricota","Caudoviricetes","NULL","NULL","NULL","NULL","Caudovirales","NULL","NULL","NULL","d__Bacteria;p__Firmicutes_A;c__Clostridia;o__Lachnospirales;f__Lachnospiraceae","3","100","d__Bacteria;p__Firmicutes_A;c__Clostridia;o__Lachnospirales;f__Lachnospiraceae","PHIST","NULL","1.09861","NULL","NULL",0.85,0.15,"Yes","temperate","integrase","No",1,0,"https://portal.nersc.gov/UHGV/votu_reps/UHGV-198/UHGV-1985891",TRUE
"UHGV-0460729","vOTU-064756",5004,"No",45.66,9,95.5,531,0,11,"No",0,0,"High-quality","98.38","AAI-based","No","Confident",0.982,3,0,"Virus","22.68",7,0,"vFAM-00002;vSUBFAM-00002;vGENUS-01780;vSUBGEN-01043;vOTU-064756","root;Monodnaviria;Sangervirae;Phixviricota;Malgrandaviricetes;Petitvirales;Microviridae","top-genome-hit","accession=AE002163; proteomic-score=0.178; lca-rank=family","Monodnaviria","Sangervirae","Phixviricota","Malgrandaviricetes","Petitvirales","Microviridae","NULL","NULL","Microviridae","NULL","NULL","NULL","d__Bacteria;p__Firmicutes_A;c__Clostridia;o__Oscillospirales;f__Oscillospiraceae;g__Lawsonibacter;s__Lawsonibacter sp900066645","2","100","d__Bacteria;p__Firmicutes_A;c__Clostridia;o__Oscillospirales;f__Oscillospiraceae;g__Lawsonibacter;s__Lawsonibacter sp900066645","PHIST","NULL","0.0","NULL","0.0",0.188122,0.811878,"No","lytic","BACPHLIP","No",0,0,"https://portal.nersc.gov/UHGV/votu_reps/UHGV-046/UHGV-0460729",TRUE
"UHGV-2235393","vOTU-003782",27708,"No",34.42,38,94.01,685.5,15.38,11,"No",0,0,"Complete","100","DTR","Yes","Confident",0.9814,11,0,"Virus","32.52",11,3,"vFAM-00049;vSUBFAM-00549;vGENUS-02677;vSUBGEN-31946;vOTU-003782","root;Duplodnaviria;Heunggongvirae;Uroviricota;Caudoviricetes","geNomad-markers","gene-hits=21; agreement=1","Duplodnaviria","Heunggongvirae","Uroviricota","Caudoviricetes","NULL","NULL","NULL","NULL","Caudovirales","d__Bacteria;p__Bacteroidota;c__Bacteroidia;o__Bacteroidales;f__Bacteroidaceae;g__Phocaeicola;s__Phocaeicola massiliensis","43","72.09","d__Bacteria;p__Bacteroidota;c__Bacteroidia;o__Bacteroidales;f__Bacteroidaceae","258","90.7","d__Bacteria;p__Bacteroidota;c__Bacteroidia;o__Bacteroidales;f__Bacteroidaceae","PHIST","0.599848","0.994421","0.0","0.008087",0.225,0.775,"No","lytic","BACPHLIP","No",0,0,"https://portal.nersc.gov/UHGV/votu_reps/UHGV-223/UHGV-2235393",FALSE
"UHGV-1544157","vOTU-079350",45457,"No",49.05,65,92.56,647.308,3.12,11,"No",2,0,"High-quality","99.18","AAI-based","No","Confident",0.9817,12,0,"Virus","86.16",29,0,"vFAM-00001;vSUBFAM-00114;vGENUS-00207;vSUBGEN-00985;vOTU-079350","root;Duplodnaviria;Heunggongvirae;Uroviricota;Caudoviricetes","top-genome-hit","accession=LN681542; proteomic-score=0.117; lca-rank=family","Duplodnaviria","Heunggongvirae","Uroviricota","Caudoviricetes","NULL","NULL","NULL","NULL","Caudovirales","d__Bacteria;p__Firmicutes_A;c__Clostridia;o__Oscillospirales","78","97.44","d__Bacteria;p__Firmicutes_A","69","69.57","d__Bacteria;p__Firmicutes_A;c__Clostridia;o__Oscillospirales","CRISPR","2.19426","2.24618","0.313662","0.380482",0.9875,0.0125,"No","temperate","BACPHLIP","Yes",0,0,"https://portal.nersc.gov/UHGV/votu_reps/UHGV-154/UHGV-1544157",FALSE
"UHGV-1981582","vOTU-069107",38106,"No",58.89,59,91.94,593.797,5.17,11,"No",0,0,"High-quality","99.9","AAI-based","No","Confident",0.9735,11,0,"Virus","41.58",11,1,"vFAM-00005;vSUBFAM-00633;vGENUS-02900;vSUBGEN-31970;vOTU-069107","root;Duplodnaviria;Heunggongvirae;Uroviricota;Caudoviricetes","top-genome-hit","accession=DQ840344; proteomic-score=0.080; lca-rank=family","Duplodnaviria","Heunggongvirae","Uroviricota","Caudoviricetes","NULL","NULL","NULL","NULL","Caudovirales","d__Bacteria;p__Firmicutes_A;c__Clostridia;o__Oscillospirales;f__Oscillospiraceae","12","100","d__Bacteria;p__Firmicutes_A;c__Clostridia;o__Oscillospirales;f__Oscillospiraceae;g__Lawsonibacter;s__Lawsonibacter sp900066825","24","95.83","d__Bacteria;p__Firmicutes_A;c__Clostridia;o__Oscillospirales;f__Oscillospiraceae;g__Lawsonibacter;s__Lawsonibacter sp900066825","PHIST","0.636514","0.173205","0.0","0.0",0.9875,0.0125,"No","temperate","BACPHLIP","No",0,0,"https://portal.nersc.gov/UHGV/votu_reps/UHGV-198/UHGV-1981582",FALSE
"UHGV-1614940","vOTU-115219",10453,"No",33.23,17,81.19,499.235,31.25,11,"No",0,0,"Low-quality","9.85","AAI-based","No","Uncertain",0.7294,1,0,"Uncertain - viral or bacterial","-4.39",1,1,"vFAM-00127;vOTU-115219","root;Duplodnaviria;Heunggongvirae;Uroviricota;Caudoviricetes","geNomad-markers","gene-hits=1; agreement=1","Duplodnaviria","Heunggongvirae","Uroviricota","Caudoviricetes","NULL","NULL","NULL","NULL","Caudovirales","NULL","NULL","NULL","d__Bacteria;p__Bacteroidota;c__Bacteroidia;o__Bacteroidales;f__Bacteroidaceae;g__Bacteroides;s__Bacteroides uniformis","615","89.11","d__Bacteria;p__Bacteroidota;c__Bacteroidia;o__Bacteroidales;f__Bacteroidaceae;g__Bacteroides;s__Bacteroides uniformis","PHIST","NULL","0.401152","NULL","NULL",0.766243,0.233757,"Yes","temperate","integrase","No",0,0,"https://portal.nersc.gov/UHGV/votu_reps/UHGV-161/UHGV-1614940",TRUE
"UHGV-1431461","vOTU-007426",107185,"No",52.45,138,90.69,704.391,9.49,11,"No",0,0,"High-quality","96.72","AAI-based","No","Confident",0.9617,7,0,"Virus","25.6",11,6,"vFAM-00111;vSUBFAM-00351;vGENUS-04287;vSUBGEN-04603;vOTU-007426","root;Duplodnaviria;Heunggongvirae;Uroviricota;Caudoviricetes","geNomad-markers","gene-hits=101; agreement=1","Duplodnaviria","Heunggongvirae","Uroviricota","Caudoviricetes","NULL","NULL","NULL","NULL","Caudovirales","d__Bacteria;p__Bacteroidota;c__Bacteroidia;o__Bacteroidales;f__Barnesiellaceae;g__Barnesiella;s__Barnesiella intestinihominis","24","91.67","d__Bacteria;p__Bacteroidota;c__Bacteroidia;o__Bacteroidales","1148","99.3","d__Bacteria;p__Bacteroidota;c__Bacteroidia;o__Bacteroidales","PHIST","0.344598","1.49889","0.0","0.122135",0.9625,0.0375,"No","temperate","BACPHLIP","No",1,0,"https://portal.nersc.gov/UHGV/votu_reps/UHGV-143/UHGV-1431461",FALSE
"UHGV-0387307","vOTU-171496",26663,"No",49.32,40,88.55,590.25,20.51,11,"No",0,0,"Medium-quality","60.75","AAI-based","No","Confident",0.9711,3,0,"Virus","26.71",5,0,"vFAM-00004;vSUBFAM-00135;vOTU-171496","root;Duplodnaviria;Heunggongvirae;Uroviricota;Caudoviricetes","geNomad-markers","gene-hits=21; agreement=1","Duplodnaviria","Heunggongvirae","Uroviricota","Caudoviricetes","NULL","NULL","NULL","NULL","Caudovirales","NULL","NULL","NULL","d__Bacteria;p__Firmicutes_A;c__Clostridia;o__Oscillospirales;f__Oscillospiraceae;g__Dysosmobacter;s__Dysosmobacter sp014297375","1","100","d__Bacteria;p__Firmicutes_A;c__Clostridia;o__Oscillospirales;f__Oscillospiraceae;g__Dysosmobacter;s__Dysosmobacter sp014297375","PHIST","NULL","0.0","NULL","0.0",0.9875,0.0125,"No","temperate","BACPHLIP","No",1,0,"https://portal.nersc.gov/UHGV/votu_reps/UHGV-038/UHGV-0387307",TRUE
"UHGV-2141613","vOTU-122349",39803,"No",47.03,44,91.43,827.045,18.6,11,"No",0,0,"Medium-quality","87.48","AAI-based","No","Confident",0.9786,10,1,"Virus","22.03",7,4,"vFAM-00066;vSUBFAM-03655;vGENUS-05569;vOTU-122349","root;Duplodnaviria;Heunggongvirae;Uroviricota;Caudoviricetes","geNomad-markers","gene-hits=34; agreement=1","Duplodnaviria","Heunggongvirae","Uroviricota","Caudoviricetes","NULL","NULL","NULL","NULL","Caudovirales","d__Bacteria;p__Bacteroidota;c__Bacteroidia;o__Bacteroidales;f__Tannerellaceae;g__Parabacteroides;s__Parabacteroides distasonis","21","80.95","d__Bacteria;p__Bacteroidota;c__Bacteroidia;o__Bacteroidales","517","97.87","d__Bacteria;p__Bacteroidota;c__Bacteroidia;o__Bacteroidales","PHIST","0.486913","1.539","0.0","0.122135",1,0,"No","temperate","BACPHLIP","No",0,0,"https://portal.nersc.gov/UHGV/votu_reps/UHGV-214/UHGV-2141613",FALSE
"UHGV-2121557","vOTU-127484",28059,"No",47.14,30,94.94,888,13.79,11,"No",0,0,"Medium-quality","67.54","AAI-based","No","Uncertain",0.962,2,0,"Uncertain - plasmid or chromosomal","-0.63",1,3,"vFAM-00028;vSUBFAM-00344;vGENUS-00375;vOTU-127484","root;Duplodnaviria;Heunggongvirae;Uroviricota;Caudoviricetes","geNomad-markers","gene-hits=14; agreement=1","Duplodnaviria","Heunggongvirae","Uroviricota","Caudoviricetes","NULL","NULL","NULL","NULL","Caudovirales","d__Bacteria;p__Bacteroidota;c__Bacteroidia;o__Bacteroidales;f__Bacteroidaceae;g__Bacteroides;s__Bacteroides uniformis","50","92","d__Bacteria;p__Bacteroidota;c__Bacteroidia;o__Bacteroidales;f__Bacteroidaceae;g__Bacteroides;s__Bacteroides uniformis","1928","96.52","d__Bacteria;p__Bacteroidota;c__Bacteroidia;o__Bacteroidales;f__Bacteroidaceae;g__Bacteroides;s__Bacteroides uniformis","PHIST","0.19567","0.11068","NULL","NULL",0.0123899,0.98761,"No","lytic","BACPHLIP","No",0,0,"https://portal.nersc.gov/UHGV/votu_reps/UHGV-212/UHGV-2121557",FALSE
"UHGV-0113564","vOTU-124597",18796,"No",57.43,36,96.02,501.333,0,11,"No",0,0,"Low-quality","43.57","AAI-based","No","Confident",0.9817,5,0,"Virus","46.27",14,0,"vFAM-00027;vSUBFAM-00338;vGENUS-00470;vOTU-124597","root;Duplodnaviria;Heunggongvirae;Uroviricota;Caudoviricetes","geNomad-markers","gene-hits=25; agreement=1","Duplodnaviria","Heunggongvirae","Uroviricota","Caudoviricetes","NULL","NULL","NULL","NULL","Caudovirales","d__Bacteria;p__Firmicutes_A;c__Clostridia;o__Oscillospirales;f__Oscillospiraceae;g__Flavonifractor;s__Flavonifractor plautii","230","99.57","d__Bacteria;p__Firmicutes_A;c__Clostridia;o__Oscillospirales;f__Oscillospiraceae;g__Flavonifractor;s__Flavonifractor plautii","253","75.89","d__Bacteria;p__Firmicutes_A;c__Clostridia;o__Oscillospirales;f__Oscillospiraceae;g__Flavonifractor;s__Flavonifractor plautii","PHIST","0.0279822","0.949426","NULL","NULL",0.0386232,0.961377,"No","lytic","BACPHLIP","No",0,0,"https://portal.nersc.gov/UHGV/votu_reps/UHGV-011/UHGV-0113564",FALSE
"UHGV-1928111","vOTU-106107",68642,"No",51.65,95,88.07,636.316,8.51,11,"No",0,0,"Medium-quality","61.87","AAI-based","No","Uncertain",0.9622,5,0,"Uncertain - plasmid or chromosomal","2.06",4,6,"vFAM-00111;vSUBFAM-00351;vGENUS-05531;vOTU-106107","root;Duplodnaviria;Heunggongvirae;Uroviricota;Caudoviricetes","geNomad-markers","gene-hits=66; agreement=1","Duplodnaviria","Heunggongvirae","Uroviricota","Caudoviricetes","NULL","NULL","NULL","NULL","Caudovirales","d__Bacteria;p__Bacteroidota;c__Bacteroidia;o__Bacteroidales","4","100","d__Bacteria;p__Bacteroidota;c__Bacteroidia;o__Bacteroidales","1376","99.27","d__Bacteria;p__Bacteroidota;c__Bacteroidia;o__Bacteroidales","PHIST","1.03972","1.54757","NULL","NULL",1,0,"Yes","temperate","integrase","No",0,0,"https://portal.nersc.gov/UHGV/votu_reps/UHGV-192/UHGV-1928111",TRUE
"UHGV-2159531","vOTU-015480",30744,"No",62.88,40,95.03,730.425,10.26,11,"No",0,0,"Medium-quality","71.95","AAI-based","No","Confident",0.9346,7,0,"Virus","36.97",10,0,"vFAM-00005;vSUBFAM-02939;vOTU-015480","root;Duplodnaviria;Heunggongvirae;Uroviricota;Caudoviricetes","top-genome-hit","accession=MG029511; proteomic-score=0.061; lca-rank=family","Duplodnaviria","Heunggongvirae","Uroviricota","Caudoviricetes","NULL","NULL","NULL","NULL","Caudovirales","d__Bacteria;p__Firmicutes_A;c__Clostridia;o__Oscillospirales;f__Oscillospiraceae;g__Flavonifractor;s__Flavonifractor avistercoris","1","100","d__Bacteria;p__Firmicutes_A;c__Clostridia;o__Oscillospirales;f__Oscillospiraceae;g__Flavonifractor;s__Flavonifractor plautii","566","100","d__Bacteria;p__Firmicutes_A;c__Clostridia;o__Oscillospirales;f__Oscillospiraceae;g__Flavonifractor;s__Flavonifractor plautii","PHIST","0.0","0.0","0.0","0.0",0.9875,0.0125,"No","temperate","BACPHLIP","No",0,0,"https://portal.nersc.gov/UHGV/votu_reps/UHGV-215/UHGV-2159531",FALSE
"UHGV-1982922","vOTU-041177",45523,"No",47.53,54,92.1,776.389,9.43,11,"No",0,0,"Medium-quality","70.1","AAI-based","No","Confident",0.9739,8,0,"Virus","14.57",8,1,"vFAM-00111;vSUBFAM-00351;vOTU-041177","root;Duplodnaviria;Heunggongvirae;Uroviricota;Caudoviricetes","geNomad-markers","gene-hits=41; agreement=1","Duplodnaviria","Heunggongvirae","Uroviricota","Caudoviricetes","NULL","NULL","NULL","NULL","Caudovirales","d__Bacteria;p__Bacteroidota;c__Bacteroidia;o__Bacteroidales;f__Bacteroidaceae;g__Phocaeicola","44","70.45","d__Bacteria;p__Bacteroidota;c__Bacteroidia;o__Bacteroidales;f__Bacteroidaceae;g__Bacteroides","1669","73.64","d__Bacteria;p__Bacteroidota;c__Bacteroidia;o__Bacteroidales;f__Bacteroidaceae;g__Bacteroides","PHIST","0.733809","0.846442","0.08874","0.063908",0.2625,0.7375,"No","lytic","BACPHLIP","Yes",0,0,"https://portal.nersc.gov/UHGV/votu_reps/UHGV-198/UHGV-1982922",TRUE
"UHGV-1366909","vOTU-000059",99067,"No",32.13,102,89.97,873.794,2.3,15,"Yes",3,1,"Complete","100","DTR","No","Confident",0.9819,6,0,"Virus","20.6",18,1,"vFAM-00033;vSUBFAM-00042;vGENUS-00478;vSUBGEN-00242;vOTU-000059","root;Duplodnaviria;Heunggongvirae;Uroviricota;Caudoviricetes;Crassvirales;Delta-crassviridae","top-genome-hit","accession=OWIL01000029; proteomic-score=0.953; lca-rank=genus","Duplodnaviria","Heunggongvirae","Uroviricota","Caudoviricetes","Crassvirales","Delta-crassviridae","NULL","NULL","Crassvirales","d__Bacteria;p__Bacteroidota;c__Bacteroidia;o__Bacteroidales;f__Bacteroidaceae;g__Bacteroides","5","100","d__Bacteria;p__Firmicutes","15","53.33","d__Bacteria;p__Firmicutes","PHIST","0.0","2.08377","0.0","0.702878",0.089978,0.910022,"No","lytic","BACPHLIP","No",0,0,"https://portal.nersc.gov/UHGV/votu_reps/UHGV-136/UHGV-1366909",FALSE
"UHGV-1404779","vOTU-067936",70914,"No",43.48,89,90.23,718.955,10.23,11,"No",0,0,"High-quality","99.9","AAI-based","No","Confident",0.9706,8,0,"Virus","34.3",8,4,"vFAM-00009;vSUBFAM-00023;vGENUS-03830;vSUBGEN-32698;vOTU-067936","root;Duplodnaviria;Heunggongvirae;Uroviricota;Caudoviricetes","geNomad-markers","gene-hits=57; agreement=1","Duplodnaviria","Heunggongvirae","Uroviricota","Caudoviricetes","NULL","NULL","NULL","NULL","Caudovirales","d__Bacteria;p__Bacteroidota;c__Bacteroidia;o__Bacteroidales;f__Bacteroidaceae;g__Bacteroides;s__Bacteroides uniformis","48","81.25","d__Bacteria;p__Bacteroidota;c__Bacteroidia;o__Bacteroidales;f__Bacteroidaceae;g__Bacteroides;s__Bacteroides uniformis","1288","94.88","d__Bacteria;p__Bacteroidota;c__Bacteroidia;o__Bacteroidales;f__Bacteroidaceae;g__Bacteroides;s__Bacteroides uniformis","PHIST","0.302455","0.131348","0.0","0.0",1,0,"No","temperate","BACPHLIP","No",0,0,"https://portal.nersc.gov/UHGV/votu_reps/UHGV-140/UHGV-1404779",FALSE
"UHGV-0043235","vOTU-089157",38128,"No",44.11,53,89.3,642.453,9.62,11,"No",0,0,"Medium-quality","62.98","AAI-based","No","Confident",0.977,8,0,"Virus","14.65",7,1,"vFAM-00009;vSUBFAM-00023;vOTU-089157","root;Duplodnaviria;Heunggongvirae;Uroviricota;Caudoviricetes","geNomad-markers","gene-hits=37; agreement=1","Duplodnaviria","Heunggongvirae","Uroviricota","Caudoviricetes","NULL","NULL","NULL","NULL","Caudovirales","d__Bacteria;p__Bacteroidota;c__Bacteroidia;o__Bacteroidales","34","94.12","d__Bacteria;p__Bacteroidota;c__Bacteroidia;o__Bacteroidales;f__Bacteroidaceae","1953","77.06","d__Bacteria;p__Bacteroidota;c__Bacteroidia;o__Bacteroidales;f__Bacteroidaceae","PHIST","1.14705","1.34285","0.122135","0.122135",0.138349,0.861651,"No","lytic","BACPHLIP","No",0,0,"https://portal.nersc.gov/UHGV/votu_reps/UHGV-004/UHGV-0043235",FALSE
"UHGV-0116716","vOTU-065034",46609,"No",50.26,54,88.04,759.889,15.52,11,"No",1,0,"High-quality","99.9","AAI-based","No","Confident",0.974,13,0,"Virus","34.66",10,4,"vFAM-00066;vSUBFAM-00132;vGENUS-01098;vSUBGEN-33024;vOTU-065034","root;Duplodnaviria;Heunggongvirae;Uroviricota;Caudoviricetes","geNomad-markers","gene-hits=40; agreement=1","Duplodnaviria","Heunggongvirae","Uroviricota","Caudoviricetes","NULL","NULL","NULL","NULL","Caudovirales","d__Bacteria;p__Bacteroidota;c__Bacteroidia;o__Bacteroidales","139","100","d__Bacteria;p__Bacteroidota;c__Bacteroidia;o__Bacteroidales;f__Bacteroidaceae","1190","86.55","d__Bacteria;p__Bacteroidota;c__Bacteroidia;o__Bacteroidales;f__Bacteroidaceae","PHIST","1.19719","1.26006","0.08874","0.122135",1,0,"Yes","temperate","integrase","No",0,0,"https://portal.nersc.gov/UHGV/votu_reps/UHGV-011/UHGV-0116716",FALSE
"UHGV-1921336","vOTU-102933",11394,"No",41.92,10,86.78,988.8,33.33,11,"No",0,0,"Low-quality","13.94","AAI-based","No","Uncertain",0.7278,1,0,"Uncertain - viral or bacterial","-4.74",0,1,"vFAM-00043;vSUBFAM-00133;vGENUS-21320;vOTU-102933","root;Duplodnaviria;Heunggongvirae;Uroviricota;Caudoviricetes","geNomad-markers","gene-hits=2; agreement=1","Duplodnaviria","Heunggongvirae","Uroviricota","Caudoviricetes","NULL","NULL","NULL","NULL","Caudovirales","d__Bacteria;p__Bacteroidota;c__Bacteroidia;o__Bacteroidales;f__Rikenellaceae;g__Alistipes;s__Alistipes shahii","3","100","d__Bacteria;p__Bacteroidota;c__Bacteroidia;o__Bacteroidales;f__Bacteroidaceae","2539","73.49","d__Bacteria;p__Bacteroidota;c__Bacteroidia;o__Bacteroidales;f__Bacteroidaceae","PHIST","0.0","1.60545","NULL","NULL",0.9875,0.0125,"No","temperate","BACPHLIP","No",0,0,"https://portal.nersc.gov/UHGV/votu_reps/UHGV-192/UHGV-1921336",TRUE
"UHGV-2064791","vOTU-089054",22270,"No",59.34,27,95.5,787.667,11.54,11,"No",0,0,"Medium-quality","62.53","AAI-based","No","Confident",0.9764,10,0,"Virus","12.96",6,1,"vFAM-00005;vSUBFAM-00633;vGENUS-02900;vOTU-089054","root;Duplodnaviria;Heunggongvirae;Uroviricota;Caudoviricetes","top-genome-hit","accession=DQ840344; proteomic-score=0.120; lca-rank=family","Duplodnaviria","Heunggongvirae","Uroviricota","Caudoviricetes","NULL","NULL","NULL","NULL","Caudovirales","d__Bacteria;p__Firmicutes_A;c__Clostridia;o__Oscillospirales;f__Oscillospiraceae","6","100","d__Bacteria;p__Firmicutes_A;c__Clostridia;o__Oscillospirales;f__Oscillospiraceae;g__Lawsonibacter;s__Lawsonibacter sp900066825","23","100","d__Bacteria;p__Firmicutes_A;c__Clostridia;o__Oscillospirales;f__Oscillospiraceae;g__Lawsonibacter;s__Lawsonibacter sp900066825","PHIST","0.693147","0.0","0.0","0.0",0.0375,0.9625,"No","lytic","BACPHLIP","No",0,0,"https://portal.nersc.gov/UHGV/votu_reps/UHGV-206/UHGV-2064791",FALSE
"UHGV-1813343","vOTU-117769",42658,"No",48.18,63,91.46,619.286,0,11,"No",0,0,"Low-quality","47.32","AAI-based","No","Uncertain",0.9654,1,0,"Uncertain - viral or bacterial","3",0,4,"vFAM-00111;vSUBFAM-00351;vGENUS-05531;vOTU-117769","root;Duplodnaviria;Heunggongvirae;Uroviricota;Caudoviricetes","geNomad-markers","gene-hits=46; agreement=1","Duplodnaviria","Heunggongvirae","Uroviricota","Caudoviricetes","NULL","NULL","NULL","NULL","Caudovirales","d__Bacteria;p__Bacteroidota;c__Bacteroidia;o__Bacteroidales;f__Barnesiellaceae;g__Barnesiella;s__Barnesiella intestinihominis","2","100","d__Bacteria;p__Bacteroidota;c__Bacteroidia;o__Bacteroidales","1377","99.13","d__Bacteria;p__Bacteroidota;c__Bacteroidia;o__Bacteroidales","PHIST","0.0","1.5581","NULL","NULL",0.975,0.025,"No","temperate","BACPHLIP","No",0,0,"https://portal.nersc.gov/UHGV/votu_reps/UHGV-181/UHGV-1813343",FALSE
"UHGV-0227258","vOTU-031216",28006,"No",52.09,41,94.42,644.927,7.5,11,"No",0,0,"Medium-quality","86.91","AAI-based","No","Confident",0.9785,14,0,"Virus","40.7",15,1,"vFAM-00022;vSUBFAM-00485;vGENUS-00935;vOTU-031216","root;Duplodnaviria;Heunggongvirae;Uroviricota;Caudoviricetes","top-genome-hit","accession=MN882550; proteomic-score=0.211; lca-rank=family","Duplodnaviria","Heunggongvirae","Uroviricota","Caudoviricetes","NULL","NULL","NULL","NULL","Caudovirales","d__Bacteria;p__Firmicutes_A;c__Clostridia;o__Oscillospirales","357","77.31","d__Bacteria;p__Firmicutes_A;c__Clostridia","89","83.15","d__Bacteria;p__Firmicutes_A;c__Clostridia;o__Oscillospirales","CRISPR","3.24494","3.39992","0.380482","0.536693",0.0717792,0.928221,"No","lytic","BACPHLIP","No",0,0,"https://portal.nersc.gov/UHGV/votu_reps/UHGV-022/UHGV-0227258",FALSE
"UHGV-1971277","vOTU-033655",13482,"No",45.25,19,80.4,570.474,5.56,11,"No",0,0,"Low-quality","29.99","AAI-based","No","Uncertain",0.9184,9,0,"Uncertain - plasmid or chromosomal","3.53",12,2,"vFAM-00001;vSUBFAM-00011;vOTU-033655","root;Duplodnaviria;Heunggongvirae;Uroviricota;Caudoviricetes","top-genome-hit","accession=KF296718; proteomic-score=0.077; lca-rank=family","Duplodnaviria","Heunggongvirae","Uroviricota","Caudoviricetes","NULL","NULL","NULL","NULL","Caudovirales","NULL","NULL","NULL","d__Bacteria;p__Firmicutes_A;c__Clostridia;o__Lachnospirales;f__Lachnospiraceae;g__Eisenbergiella;s__Eisenbergiella porci","11","100","d__Bacteria;p__Firmicutes_A;c__Clostridia;o__Lachnospirales;f__Lachnospiraceae;g__Eisenbergiella;s__Eisenbergiella porci","PHIST","NULL","0.0","NULL","NULL",0.0174559,0.982544,"No","lytic","BACPHLIP","No",0,0,"https://portal.nersc.gov/UHGV/votu_reps/UHGV-197/UHGV-1971277",TRUE
"UHGV-0302312","vOTU-002333",35209,"No",44.02,50,89.59,630.84,12.24,11,"No",0,0,"Complete","100","DTR","No","Confident",0.9702,12,0,"Virus","40.28",18,1,"vFAM-00003;vSUBFAM-00095;vGENUS-17845;vSUBGEN-33414;vOTU-002333","root;Duplodnaviria;Heunggongvirae;Uroviricota;Caudoviricetes","geNomad-markers","gene-hits=34; agreement=1","Duplodnaviria","Heunggongvirae","Uroviricota","Caudoviricetes","NULL","NULL","NULL","NULL","Caudovirales","NULL","NULL","NULL","d__Bacteria;p__Firmicutes_A;c__Clostridia;o__Lachnospirales;f__Lachnospiraceae","6","100","d__Bacteria;p__Firmicutes_A;c__Clostridia;o__Lachnospirales;f__Lachnospiraceae","PHIST","NULL","0.636514","NULL","0.0",0.9875,0.0125,"No","temperate","BACPHLIP","No",0,0,"https://portal.nersc.gov/UHGV/votu_reps/UHGV-030/UHGV-0302312",FALSE
"UHGV-1485365","vOTU-154070",36583,"No",54.08,34,93.11,1001.82,6.06,11,"No",0,0,"Medium-quality","67.96","AAI-based","No","Confident",0.9671,9,0,"Uncertain - viral or bacterial","5.13",4,3,"vFAM-00111;vSUBFAM-00351;vGENUS-11008;vOTU-154070","root;Duplodnaviria;Heunggongvirae;Uroviricota;Caudoviricetes","geNomad-markers","gene-hits=26; agreement=1","Duplodnaviria","Heunggongvirae","Uroviricota","Caudoviricetes","NULL","NULL","NULL","NULL","Caudovirales","d__Bacteria;p__Bacteroidota;c__Bacteroidia;o__Bacteroidales;f__Bacteroidaceae;g__Phocaeicola","53","75.47","d__Bacteria;p__Bacteroidota;c__Bacteroidia;o__Bacteroidales;f__Bacteroidaceae","1667","85.18","d__Bacteria;p__Bacteroidota;c__Bacteroidia;o__Bacteroidales;f__Bacteroidaceae","PHIST","0.662399","1.27481","0.08874","0.122135",0.9625,0.0375,"No","temperate","BACPHLIP","Yes",0,0,"https://portal.nersc.gov/UHGV/votu_reps/UHGV-148/UHGV-1485365",TRUE
"UHGV-1390179","vOTU-007427",65922,"No",38.91,79,91.12,760.367,5.13,11,"No",0,0,"High-quality","99.9","AAI-based","No","Confident",0.9723,9,0,"Uncertain - viral or bacterial","-1.99",12,2,"vFAM-00009;vSUBFAM-00278;vGENUS-00675;vSUBGEN-33503;vOTU-007427","root;Duplodnaviria;Heunggongvirae;Uroviricota;Caudoviricetes","geNomad-markers","gene-hits=54; agreement=1","Duplodnaviria","Heunggongvirae","Uroviricota","Caudoviricetes","NULL","NULL","NULL","NULL","Caudovirales","d__Bacteria;p__Bacteroidota;c__Bacteroidia;o__Bacteroidales;f__Bacteroidaceae;g__Bacteroides","25","80","d__Bacteria;p__Bacteroidota;c__Bacteroidia;o__Bacteroidales;f__Bacteroidaceae;g__Bacteroides","834","97.36","d__Bacteria;p__Bacteroidota;c__Bacteroidia;o__Bacteroidales;f__Bacteroidaceae;g__Bacteroides","PHIST","0.600483","0.139414","0.059162","0.007517",0.475,0.525,"No","lytic","BACPHLIP","Yes",1,0,"https://portal.nersc.gov/UHGV/votu_reps/UHGV-139/UHGV-1390179",FALSE
"UHGV-2173165","vOTU-147341",25695,"No",52.12,39,94.38,621.846,13.16,11,"No",0,0,"Medium-quality","53.09","AAI-based","No","Confident",0.9782,12,0,"Virus","17.94",7,3,"vFAM-00066;vSUBFAM-00132;vGENUS-01098;vOTU-147341","root;Duplodnaviria;Heunggongvirae;Uroviricota;Caudoviricetes;Winoviridae","top-genome-hit","accession=MT732475; proteomic-score=0.075; lca-rank=family","Duplodnaviria","Heunggongvirae","Uroviricota","Caudoviricetes","NULL","Winoviridae","NULL","NULL","Caudovirales","d__Bacteria;p__Bacteroidota;c__Bacteroidia;o__Bacteroidales;f__Tannerellaceae;g__Parabacteroides;s__Parabacteroides merdae","576","96.88","d__Bacteria;p__Bacteroidota;c__Bacteroidia;o__Bacteroidales;f__Tannerellaceae;g__Parabacteroides","186","70.43","d__Bacteria;p__Bacteroidota;c__Bacteroidia;o__Bacteroidales;f__Tannerellaceae;g__Parabacteroides;s__Parabacteroides merdae","CRISPR","0.156701","0.947756","0.0","0.072438",0.2,0.8,"No","lytic","BACPHLIP","No",0,0,"https://portal.nersc.gov/UHGV/votu_reps/UHGV-217/UHGV-2173165",FALSE
"UHGV-0182200","vOTU-022637",23532,"No",45.99,28,93.93,789.429,0,11,"No",0,0,"Medium-quality","52","AAI-based","No","Confident",0.9717,9,0,"Virus","34.77",17,2,"vFAM-00001;vSUBFAM-01272;vGENUS-08949;vOTU-022637","root;Duplodnaviria;Heunggongvirae;Uroviricota;Caudoviricetes","top-genome-hit","accession=MG029511; proteomic-score=0.082; lca-rank=family","Duplodnaviria","Heunggongvirae","Uroviricota","Caudoviricetes","NULL","NULL","NULL","NULL","Caudovirales","d__Bacteria;p__Firmicutes_A;c__Clostridia;o__Lachnospirales;f__Lachnospiraceae;g__Fusicatenibacter;s__Fusicatenibacter saccharivorans","1","100","d__Bacteria;p__Firmicutes_A;c__Clostridia;o__Lachnospirales;f__Lachnospiraceae","85","100","d__Bacteria;p__Firmicutes_A;c__Clostridia;o__Lachnospirales;f__Lachnospiraceae","PHIST","0.0","1.61281","0.0","0.191044",0.55,0.45,"Yes","temperate","integrase","No",1,0,"https://portal.nersc.gov/UHGV/votu_reps/UHGV-018/UHGV-0182200",FALSE
"UHGV-1868401","vOTU-018994",13819,"No",32.57,7,91.42,1804.71,0,11,"No",0,0,"Low-quality","9.23","HMM-based","No","Uncertain",0.9414,0,0,"Uncertain - viral or bacterial","-0.98",4,1,"vFAM-00007;vOTU-018994","root;Duplodnaviria;Heunggongvirae;Uroviricota;Caudoviricetes","geNomad-markers","gene-hits=5; agreement=1","Duplodnaviria","Heunggongvirae","Uroviricota","Caudoviricetes","NULL","NULL","NULL","NULL","Caudovirales","NULL","NULL","NULL","d__Bacteria;p__Firmicutes;c__Bacilli;o__Erysipelotrichales;f__Coprobacillaceae;g__Erysipelatoclostridium;s__Erysipelatoclostridium ramosum","41","97.56","d__Bacteria;p__Firmicutes;c__Bacilli;o__Erysipelotrichales;f__Coprobacillaceae;g__Erysipelatoclostridium;s__Erysipelatoclostridium ramosum","PHIST","NULL","0.0","NULL","NULL",0.188122,0.811878,"No","lytic","BACPHLIP","No",0,0,"https://portal.nersc.gov/UHGV/votu_reps/UHGV-186/UHGV-1868401",FALSE
"UHGV-1931121","vOTU-152172",26219,"No",40.63,35,87.67,656.743,23.53,11,"No",0,0,"Low-quality","40.7","AAI-based","No","Confident",0.9658,1,0,"Uncertain - viral or bacterial","5.95",5,1,"vFAM-00009;vSUBFAM-00278;vOTU-152172","root;Duplodnaviria;Heunggongvirae;Uroviricota;Caudoviricetes;Duneviridae","top-genome-hit","accession=MN812211; proteomic-score=0.062; lca-rank=family","Duplodnaviria","Heunggongvirae","Uroviricota","Caudoviricetes","NULL","Duneviridae","NULL","NULL","Caudovirales","d__Bacteria;p__Bacteroidota;c__Bacteroidia;o__Bacteroidales;f__Bacteroidaceae","12","91.67","d__Bacteria;p__Bacteroidota;c__Bacteroidia;o__Bacteroidales;f__Bacteroidaceae;g__Bacteroides","843","80.07","d__Bacteria;p__Bacteroidota;c__Bacteroidia;o__Bacteroidales;f__Bacteroidaceae;g__Bacteroides","PHIST","1.14371","0.550723","NULL","NULL",1,0,"No","temperate","BACPHLIP","No",0,0,"https://portal.nersc.gov/UHGV/votu_reps/UHGV-193/UHGV-1931121",TRUE
"UHGV-0087558","vOTU-008139",62158,"No",56.99,88,95.14,672,4.6,11,"No",0,0,"High-quality","99.9","AAI-based","No","Confident",0.9803,12,0,"Virus","47",28,3,"vFAM-00001;vSUBFAM-00927;vGENUS-01162;vSUBGEN-02357;vOTU-008139","root;Duplodnaviria;Heunggongvirae;Uroviricota;Caudoviricetes","top-genome-hit","accession=JQ957932; proteomic-score=0.056; lca-rank=family","Duplodnaviria","Heunggongvirae","Uroviricota","Caudoviricetes","NULL","NULL","NULL","NULL","Caudovirales","NULL","NULL","NULL","d__Bacteria;p__Firmicutes_A;c__Clostridia;o__Oscillospirales","10","70","d__Bacteria;p__Firmicutes_A;c__Clostridia;o__Oscillospirales","PHIST","NULL","1.83437","NULL","0.380482",0.9625,0.0375,"No","temperate","BACPHLIP","Yes",0,0,"https://portal.nersc.gov/UHGV/votu_reps/UHGV-008/UHGV-0087558",FALSE
"UHGV-0388612","vOTU-000120",17813,"No",52.01,26,92.21,631.731,8,11,"No",0,0,"Complete","100","DTR","No","Confident",0.9814,4,0,"Virus","28.52",8,0,"vFAM-00015;vSUBFAM-00695;vGENUS-01464;vSUBGEN-00995;vOTU-000120","root;Duplodnaviria;Heunggongvirae;Uroviricota;Caudoviricetes","top-genome-hit","accession=DQ123818; proteomic-score=0.171; lca-rank=family","Duplodnaviria","Heunggongvirae","Uroviricota","Caudoviricetes","NULL","NULL","NULL","NULL","Caudovirales","d__Bacteria;p__Actinobacteriota;c__Coriobacteriia;o__Coriobacteriales;f__Eggerthellaceae;g__Eggerthella;s__Eggerthella lenta","281","96.09","d__Bacteria;p__Actinobacteriota","3","33.33","d__Bacteria;p__Actinobacteriota;c__Coriobacteriia;o__Coriobacteriales;f__Eggerthellaceae;g__Eggerthella;s__Eggerthella lenta","CRISPR","0.204167","1.09861","0.0","0.827626",0.188122,0.811878,"No","lytic","BACPHLIP","No",0,0,"https://portal.nersc.gov/UHGV/votu_reps/UHGV-038/UHGV-0388612",FALSE
"UHGV-0058029","vOTU-148849",19856,"No",44.08,30,92.18,610.1,3.45,11,"No",0,0,"Low-quality","49.2","AAI-based","No","Confident",0.9723,2,0,"Virus","17.64",7,1,"vFAM-00003;vSUBFAM-03851;vGENUS-06047;vOTU-148849","root;Duplodnaviria;Heunggongvirae;Uroviricota;Caudoviricetes","top-genome-hit","accession=AY616446; proteomic-score=0.272; lca-rank=family","Duplodnaviria","Heunggongvirae","Uroviricota","Caudoviricetes","NULL","NULL","NULL","NULL","Caudovirales","d__Bacteria;p__Firmicutes_A;c__Clostridia;o__Lachnospirales;f__Lachnospiraceae;g__Eisenbergiella;s__Eisenbergiella porci","45","95.56","d__Bacteria;p__Firmicutes_A","3","66.67","d__Bacteria;p__Firmicutes_A;c__Clostridia;o__Lachnospirales;f__Lachnospiraceae;g__Eisenbergiella;s__Eisenbergiella porci","CRISPR","0.212627","0.636514","NULL","NULL",0.975,0.025,"No","temperate","BACPHLIP","No",0,0,"https://portal.nersc.gov/UHGV/votu_reps/UHGV-005/UHGV-0058029",FALSE
"UHGV-0379239","vOTU-051383",42071,"No",37.92,54,94.03,732.556,7.55,11,"No",0,0,"Complete","100","DTR","No","Confident",0.9439,5,0,"Virus","16.76",8,0,"vFAM-00005;vSUBFAM-06874;vGENUS-18153;vSUBGEN-34207;vOTU-051383","root;Duplodnaviria;Heunggongvirae;Uroviricota;Caudoviricetes","geNomad-markers","gene-hits=27; agreement=1","Duplodnaviria","Heunggongvirae","Uroviricota","Caudoviricetes","NULL","NULL","NULL","NULL","Caudovirales","NULL","NULL","NULL","NULL","NULL","NULL","NULL","NULL","NULL","NULL","NULL","NULL",0.9875,0.0125,"Yes","temperate","integrase","No",0,0,"https://portal.nersc.gov/UHGV/votu_reps/UHGV-037/UHGV-0379239",FALSE
"UHGV-0092385","vOTU-013466",63881,"No",57.84,91,94.4,662.67,4.44,11,"No",0,0,"High-quality","99.9","AAI-based","No","Confident",0.9807,12,0,"Virus","57.05",30,1,"vFAM-00001;vSUBFAM-00927;vGENUS-01162;vSUBGEN-03607;vOTU-013466","root;Duplodnaviria;Heunggongvirae;Uroviricota;Caudoviricetes","top-genome-hit","accession=MG711465; proteomic-score=0.064; lca-rank=family","Duplodnaviria","Heunggongvirae","Uroviricota","Caudoviricetes","NULL","NULL","NULL","NULL","Caudovirales","NULL","NULL","NULL","d__Bacteria;p__Firmicutes_A","13","69.23","d__Bacteria;p__Firmicutes_A","PHIST","NULL","1.99151","NULL","0.380482",0.925,0.075,"No","temperate","geNomad","No",2,0,"https://portal.nersc.gov/UHGV/votu_reps/UHGV-009/UHGV-0092385",FALSE
"UHGV-0392804","vOTU-006582",8207,"No",38.15,21,92.52,361.571,10,11,"No",0,0,"Complete","100","DTR","No","Confident",0.2426,0,0,"Uncertain - viral or bacterial","0.65",0,0,"vFAM-00072;vSUBFAM-00266;vGENUS-18203;vSUBGEN-34343;vOTU-006582","root;Monodnaviria;Loebvirae;Hofneiviricota;Faserviricetes;Tubulavirales;Inoviridae","geNomad-markers","gene-hits=5; agreement=1","Monodnaviria","Loebvirae","Hofneiviricota","Faserviricetes","Tubulavirales","Inoviridae","NULL","NULL","Inoviridae","NULL","NULL","NULL","d__Bacteria;p__Firmicutes_A","6","66.67","d__Bacteria;p__Firmicutes_A","PHIST","NULL","1.24245","NULL","0.670596",0.00270138,0.997299,"No","lytic","BACPHLIP","No",0,0,"https://portal.nersc.gov/UHGV/votu_reps/UHGV-039/UHGV-0392804",TRUE
"UHGV-0117024","vOTU-072537",45351,"No",42.96,70,91.78,594.643,14.49,11,"No",0,0,"High-quality","99.9","AAI-based","No","Confident",0.9747,8,0,"Virus","37.89",23,2,"vFAM-00003;vSUBFAM-02391;vGENUS-18227;vSUBGEN-34385;vOTU-072537","root;Duplodnaviria;Heunggongvirae;Uroviricota;Caudoviricetes","geNomad-markers","gene-hits=39; agreement=1","Duplodnaviria","Heunggongvirae","Uroviricota","Caudoviricetes","NULL","NULL","NULL","NULL","Caudovirales","d__Bacteria;p__Firmicutes_A;c__Clostridia;o__Lachnospirales;f__Lachnospiraceae;g__Blautia;s__Blautia sp001304935","213","74.18","d__Bacteria;p__Firmicutes_A;c__Clostridia;o__Lachnospirales;f__Lachnospiraceae;g__Blautia;s__Blautia sp001304935","22","95.45","d__Bacteria;p__Firmicutes_A;c__Clostridia;o__Lachnospirales;f__Lachnospiraceae;g__Blautia;s__Blautia sp001304935","CRISPR","0.326056","0.184907","0.0","0.0",0.9875,0.0125,"Yes","temperate","integrase","No",0,0,"https://portal.nersc.gov/UHGV/votu_reps/UHGV-011/UHGV-0117024",FALSE
"UHGV-1537186","vOTU-088234",28112,"No",53.33,37,95.37,724.622,2.78,11,"No",0,0,"Medium-quality","69.34","AAI-based","No","Uncertain",0.9767,2,0,"Plasmid","10.83",6,2,"vFAM-00043;vSUBFAM-01958;vGENUS-02214;vOTU-088234","root;Duplodnaviria;Heunggongvirae;Uroviricota;Caudoviricetes","geNomad-markers","gene-hits=21; agreement=1","Duplodnaviria","Heunggongvirae","Uroviricota","Caudoviricetes","NULL","NULL","NULL","NULL","Caudovirales","d__Bacteria;p__Bacteroidota;c__Bacteroidia;o__Bacteroidales;f__Rikenellaceae;g__Alistipes","85","100","d__Bacteria;p__Bacteroidota;c__Bacteroidia;o__Bacteroidales;f__Rikenellaceae;g__Alistipes","359","99.16","d__Bacteria;p__Bacteroidota;c__Bacteroidia;o__Bacteroidales;f__Rikenellaceae;g__Alistipes","PHIST","0.0","0.0574858","NULL","NULL",0.160245,0.839755,"No","lytic","BACPHLIP","No",0,0,"https://portal.nersc.gov/UHGV/votu_reps/UHGV-153/UHGV-1537186",FALSE
"UHGV-0155175","vOTU-090797",10203,"No",70.58,14,91.8,669,23.08,11,"No",0,0,"Low-quality","16.4","HMM-based","No","Uncertain",0.8441,2,0,"Virus","10.09",5,0,"vFAM-00022;vOTU-090797","root;Duplodnaviria;Heunggongvirae;Uroviricota;Caudoviricetes","geNomad-markers","gene-hits=11; agreement=1","Duplodnaviria","Heunggongvirae","Uroviricota","Caudoviricetes","NULL","NULL","NULL","NULL","Caudovirales","NULL","NULL","NULL","d__Bacteria;p__Actinobacteriota;c__Coriobacteriia;o__Coriobacteriales;f__Eggerthellaceae;g__Eggerthella;s__Eggerthella lenta","24","75","d__Bacteria;p__Actinobacteriota;c__Coriobacteriia;o__Coriobacteriales;f__Eggerthellaceae;g__Eggerthella;s__Eggerthella lenta","PHIST","NULL","0.779226","NULL","NULL",0.3625,0.6375,"No","lytic","BACPHLIP","No",0,0,"https://portal.nersc.gov/UHGV/votu_reps/UHGV-015/UHGV-0155175",TRUE
"UHGV-2205340","vOTU-141476",12659,"No",50.24,13,93.23,907.846,25,11,"No",0,0,"Low-quality","27.11","AAI-based","No","Uncertain",0.9316,0,0,"Uncertain - viral or bacterial","4.25",2,0,"vFAM-00001;vSUBFAM-00011;vGENUS-00962;vOTU-141476","root;Duplodnaviria;Heunggongvirae;Uroviricota;Caudoviricetes","top-genome-hit","accession=MH727560; proteomic-score=0.103; lca-rank=family","Duplodnaviria","Heunggongvirae","Uroviricota","Caudoviricetes","NULL","NULL","NULL","NULL","Caudovirales","d__Bacteria;p__Firmicutes_A;c__Clostridia;o__Oscillospirales;f__Oscillospiraceae","2","100","d__Bacteria;p__Firmicutes_A;c__Clostridia","53","84.91","d__Bacteria;p__Firmicutes_A;c__Clostridia","PHIST","0.693147","3.10877","NULL","NULL",0.188122,0.811878,"No","lytic","BACPHLIP","No",0,0,"https://portal.nersc.gov/UHGV/votu_reps/UHGV-220/UHGV-2205340",TRUE
"UHGV-0192442","vOTU-086344",167130,"No",32.8,221,87.45,661.371,7.02,11,"No",4,0,"High-quality","99.86","AAI-based","No","Confident",0.9657,10,0,"Virus","24.49",37,5,"vFAM-00020;vSUBFAM-01097;vGENUS-18356;vSUBGEN-34730;vOTU-086344","root;Duplodnaviria;Heunggongvirae;Uroviricota;Caudoviricetes","geNomad-markers","gene-hits=96; agreement=1","Duplodnaviria","Heunggongvirae","Uroviricota","Caudoviricetes","NULL","NULL","NULL","NULL","Caudovirales","d__Bacteria;p__Firmicutes_A;c__Clostridia;o__Lachnospirales;f__Lachnospiraceae","35","100","d__Bacteria;p__Firmicutes_A;c__Clostridia;o__Lachnospirales;f__Lachnospiraceae;g__Ruminococcus_B;s__Ruminococcus_B gnavus","4","100","d__Bacteria;p__Firmicutes_A;c__Clostridia;o__Lachnospirales;f__Lachnospiraceae","CRISPR","1.37582","0.0","0.134706","0.0",0.9875,0.0125,"No","temperate","BACPHLIP","No",1,0,"https://portal.nersc.gov/UHGV/votu_reps/UHGV-019/UHGV-0192442",FALSE
"UHGV-0185359","vOTU-090224",18758,"No",47.78,28,94.74,634.714,0,11,"No",0,0,"Low-quality","46.49","AAI-based","No","Confident",0.9821,7,0,"Virus","37.02",13,0,"vFAM-00003;vSUBFAM-00558;vGENUS-06797;vOTU-090224","root;Duplodnaviria;Heunggongvirae;Uroviricota;Caudoviricetes","top-genome-hit","accession=MG711464; proteomic-score=0.100; lca-rank=family","Duplodnaviria","Heunggongvirae","Uroviricota","Caudoviricetes","NULL","NULL","NULL","NULL","Caudovirales","d__Bacteria;p__Firmicutes_A;c__Clostridia;o__Lachnospirales;f__Lachnospiraceae;g__Enterocloster;s__Enterocloster sp001517625","78","98.72","d__Bacteria;p__Firmicutes_A;c__Clostridia;o__Lachnospirales;f__Lachnospiraceae;g__Enterocloster;s__Enterocloster sp001517625","42","76.19","d__Bacteria;p__Firmicutes_A;c__Clostridia;o__Lachnospirales;f__Lachnospiraceae;g__Enterocloster;s__Enterocloster sp001517625","CRISPR","0.0685932","0.548874","NULL","NULL",0.188122,0.811878,"No","lytic","BACPHLIP","No",0,0,"https://portal.nersc.gov/UHGV/votu_reps/UHGV-018/UHGV-0185359",TRUE
"UHGV-1817859","vOTU-121635",12123,"No",52.43,16,90.32,684.375,6.67,11,"No",0,0,"Low-quality","12.25","AAI-based","No","Uncertain",0.9196,5,0,"Virus","14.08",3,0,"vFAM-00111;vSUBFAM-00351;vGENUS-10842;vOTU-121635","root;Duplodnaviria;Heunggongvirae;Uroviricota;Caudoviricetes","geNomad-markers","gene-hits=10; agreement=1","Duplodnaviria","Heunggongvirae","Uroviricota","Caudoviricetes","NULL","NULL","NULL","NULL","Caudovirales","NULL","NULL","NULL","d__Bacteria;p__Bacteroidota;c__Bacteroidia;o__Bacteroidales","1063","99.06","d__Bacteria;p__Bacteroidota;c__Bacteroidia;o__Bacteroidales","PHIST","NULL","1.52576","NULL","NULL",0.188122,0.811878,"No","lytic","BACPHLIP","No",1,0,"https://portal.nersc.gov/UHGV/votu_reps/UHGV-181/UHGV-1817859",TRUE
"UHGV-1365414","vOTU-004353",40529,"No",26.74,59,86,590.746,13.11,11,"No",0,0,"Complete","100","DTR","No","Confident",0.9463,6,0,"Virus","23.29",18,0,"vFAM-00006;vSUBFAM-01399;vGENUS-02646;vSUBGEN-34901;vOTU-004353","root;Duplodnaviria;Heunggongvirae;Uroviricota;Caudoviricetes","geNomad-markers","gene-hits=23; agreement=1","Duplodnaviria","Heunggongvirae","Uroviricota","Caudoviricetes","NULL","NULL","NULL","NULL","Caudovirales","d__Bacteria;p__Firmicutes_A;c__Clostridia;o__Peptostreptococcales;f__Peptostreptococcaceae;g__Romboutsia;s__Romboutsia timonensis","44","100","d__Bacteria;p__Firmicutes_A;c__Clostridia;o__Peptostreptococcales;f__Peptostreptococcaceae;g__Romboutsia;s__Romboutsia timonensis","19","84.21","d__Bacteria;p__Firmicutes_A;c__Clostridia;o__Peptostreptococcales;f__Peptostreptococcaceae;g__Romboutsia;s__Romboutsia timonensis","CRISPR","0.0","0.536665","0.0","0.0",0.251208,0.748792,"No","lytic","BACPHLIP","No",1,0,"https://portal.nersc.gov/UHGV/votu_reps/UHGV-136/UHGV-1365414",FALSE
"UHGV-1901594","vOTU-026910",14953,"No",56.74,17,95.84,843,0,11,"No",0,0,"Low-quality","27.11","AAI-based","No","Uncertain",0.9504,0,0,"Uncertain - viral or bacterial","4.45",1,1,"vFAM-00001;vSUBFAM-01597;vOTU-026910","root;Duplodnaviria;Heunggongvirae;Uroviricota;Caudoviricetes","geNomad-markers","gene-hits=6; agreement=1","Duplodnaviria","Heunggongvirae","Uroviricota","Caudoviricetes","NULL","NULL","NULL","NULL","Caudovirales","NULL","NULL","NULL","d__Bacteria;p__Firmicutes_A;c__Clostridia;o__Oscillospirales;f__Oscillospiraceae;g__Flavonifractor;s__Flavonifractor plautii","344","84.3","d__Bacteria;p__Firmicutes_A;c__Clostridia;o__Oscillospirales;f__Oscillospiraceae;g__Flavonifractor;s__Flavonifractor plautii","PHIST","NULL","0.660982","NULL","NULL",0.120805,0.879195,"No","lytic","BACPHLIP","No",1,0,"https://portal.nersc.gov/UHGV/votu_reps/UHGV-190/UHGV-1901594",FALSE
"UHGV-2202297","vOTU-041119",3499,"No",50.19,4,67.39,589.5,0,11,"No",0,0,"Medium-quality","84.08","HMM-based","Yes","Confident",0.7173,0,0,"Virus","21.8",1,1,"vFAM-00072;vSUBFAM-01723;vGENUS-07389;vOTU-041119","root;Monodnaviria;Shotokuvirae;Cressdnaviricota;Arfiviricetes;Cirlivirales;Circoviridae","geNomad-markers","gene-hits=2; agreement=0.6944","Monodnaviria","Shotokuvirae","Cressdnaviricota","Arfiviricetes","Cirlivirales","Circoviridae","NULL","NULL","Cressdnaviricota","NULL","NULL","NULL","d__Bacteria;p__Firmicutes_A;c__Clostridia;o__Oscillospirales;f__Oscillospiraceae;g__Flavonifractor;s__Flavonifractor plautii","125","76.8","d__Bacteria;p__Firmicutes_A;c__Clostridia;o__Oscillospirales;f__Oscillospiraceae;g__Flavonifractor;s__Flavonifractor plautii","PHIST","NULL","1.07191","NULL","0.0",0.188122,0.811878,"No","lytic","BACPHLIP","No",0,0,"https://portal.nersc.gov/UHGV/votu_reps/UHGV-220/UHGV-2202297",TRUE
"UHGV-1372826","vOTU-007071",37910,"No",52.49,48,90.59,715.438,12.77,11,"No",0,0,"Complete","100","DTR","No","Confident",0.9586,6,0,"Virus","37.64",15,0,"vFAM-00193;vSUBFAM-06946;vGENUS-18432;vSUBGEN-34941;vOTU-007071","root;Duplodnaviria;Heunggongvirae;Uroviricota;Caudoviricetes","top-genome-hit","accession=MN234178; proteomic-score=0.075; lca-rank=family","Duplodnaviria","Heunggongvirae","Uroviricota","Caudoviricetes","NULL","NULL","NULL","NULL","Caudovirales","d__Bacteria;p__Actinobacteriota;c__Actinomycetia;o__Actinomycetales;f__Micrococcaceae;g__Rothia;s__Rothia dentocariosa","8","100","NULL","NULL","NULL","d__Bacteria;p__Actinobacteriota;c__Actinomycetia;o__Actinomycetales;f__Micrococcaceae;g__Rothia;s__Rothia dentocariosa","CRISPR","0.0","NULL","0.0","NULL",0.9875,0.0125,"No","temperate","BACPHLIP","No",1,0,"https://portal.nersc.gov/UHGV/votu_reps/UHGV-137/UHGV-1372826",TRUE
"UHGV-0291011","vOTU-093055",3820,"No",39.71,4,97.3,929.25,0,11,"No",0,0,"Medium-quality","61.18","AAI-based","No","Confident",0.9825,1,0,"Virus","11.86",2,0,"vFAM-00013;vSUBFAM-00017;vGENUS-00023;vOTU-093055","root;Monodnaviria;Sangervirae;Phixviricota;Malgrandaviricetes;Petitvirales;Microviridae","geNomad-markers","gene-hits=4; agreement=1","Monodnaviria","Sangervirae","Phixviricota","Malgrandaviricetes","Petitvirales","Microviridae","NULL","NULL","Microviridae","d__Bacteria;p__Bacteroidota;c__Bacteroidia;o__Bacteroidales;f__Bacteroidaceae;g__Bacteroides;s__Bacteroides uniformis","118","95.76","NULL","NULL","NULL","d__Bacteria;p__Bacteroidota;c__Bacteroidia;o__Bacteroidales;f__Bacteroidaceae;g__Bacteroides;s__Bacteroides uniformis","CRISPR","0.118456","NULL","0.0","NULL",0.188122,0.811878,"No","lytic","BACPHLIP","No",0,0,"https://portal.nersc.gov/UHGV/votu_reps/UHGV-029/UHGV-0291011",TRUE
"UHGV-2098451","vOTU-095049",24788,"No",54.44,23,94.33,1016.61,4.55,11,"No",0,0,"Medium-quality","53.52","AAI-based","No","Confident",0.954,2,0,"Uncertain - viral or bacterial","4.98",7,2,"vFAM-00001;vSUBFAM-00011;vOTU-095049","root;Duplodnaviria;Heunggongvirae;Uroviricota;Caudoviricetes","top-genome-hit","accession=MK977715; proteomic-score=0.179; lca-rank=family","Duplodnaviria","Heunggongvirae","Uroviricota","Caudoviricetes","NULL","NULL","NULL","NULL","Caudovirales","NULL","NULL","NULL","d__Bacteria;p__Firmicutes_A;c__Clostridia;o__Oscillospirales","3","100","d__Bacteria;p__Firmicutes_A;c__Clostridia;o__Oscillospirales","PHIST","NULL","0.636514","NULL","0.190241",0.13498,0.86502,"No","lytic","BACPHLIP","No",0,0,"https://portal.nersc.gov/UHGV/votu_reps/UHGV-209/UHGV-2098451",TRUE
"UHGV-0102786","vOTU-164111",11511,"No",45.45,14,96.46,793.071,0,11,"No",0,0,"Low-quality","27.55","AAI-based","No","Uncertain",0.7682,3,0,"Uncertain - viral or bacterial","3.47",3,0,"vFAM-00005;vSUBFAM-06874;vOTU-164111","root;Duplodnaviria;Heunggongvirae;Uroviricota;Caudoviricetes","geNomad-markers","gene-hits=8; agreement=1","Duplodnaviria","Heunggongvirae","Uroviricota","Caudoviricetes","NULL","NULL","NULL","NULL","Caudovirales","NULL","NULL","NULL","d__Bacteria;p__Firmicutes_A;c__Clostridia;o__Lachnospirales;f__Anaerotignaceae;g__Metalachnospira;s__Metalachnospira sp902406135","5","100","d__Bacteria;p__Firmicutes_A;c__Clostridia;o__Lachnospirales;f__Anaerotignaceae;g__Metalachnospira;s__Metalachnospira sp902406135","PHIST","NULL","0.0","NULL","NULL",0.188122,0.811878,"No","lytic","BACPHLIP","No",0,0,"https://portal.nersc.gov/UHGV/votu_reps/UHGV-010/UHGV-0102786",TRUE
"UHGV-1627642","vOTU-168316",10315,"No",37.11,11,91.32,856.364,0,11,"No",0,0,"Low-quality","20.21","AAI-based","No","Confident",0.9741,1,0,"Uncertain - viral or bacterial","-2.38",5,1,"vFAM-00001;vSUBFAM-05695;vOTU-168316","root;Duplodnaviria;Heunggongvirae;Uroviricota;Caudoviricetes","geNomad-markers","gene-hits=7; agreement=1","Duplodnaviria","Heunggongvirae","Uroviricota","Caudoviricetes","NULL","NULL","NULL","NULL","Caudovirales","NULL","NULL","NULL","d__Bacteria;p__Firmicutes_A;c__Clostridia;o__Monoglobales;f__Monoglobaceae;g__Monoglobus;s__Monoglobus pectinilyticus","64","93.75","d__Bacteria;p__Firmicutes_A;c__Clostridia;o__Monoglobales;f__Monoglobaceae;g__Monoglobus;s__Monoglobus pectinilyticus","PHIST","NULL","0.320435","NULL","NULL",0.188122,0.811878,"No","lytic","BACPHLIP","No",0,0,"https://portal.nersc.gov/UHGV/votu_reps/UHGV-162/UHGV-1627642",TRUE
"UHGV-0044595","vOTU-154768",30794,"No",38.65,39,84.51,667.308,4.65,11,"No",0,0,"Medium-quality","76.16","AAI-based","Yes","Uncertain",0.9526,8,0,"Plasmid","15.43",10,3,"vFAM-00003;vSUBFAM-00043;vOTU-154768","root;Duplodnaviria;Heunggongvirae;Uroviricota;Caudoviricetes","geNomad-markers","gene-hits=22; agreement=1","Duplodnaviria","Heunggongvirae","Uroviricota","Caudoviricetes","NULL","NULL","NULL","NULL","Caudovirales","d__Bacteria;p__Firmicutes_A;c__Clostridia;o__Lachnospirales;f__Lachnospiraceae;g__Enterocloster","3","100","d__Bacteria;p__Firmicutes_A;c__Clostridia;o__Lachnospirales;f__Lachnospiraceae","94","93.62","d__Bacteria;p__Firmicutes_A;c__Clostridia;o__Lachnospirales;f__Lachnospiraceae","PHIST","0.0","1.24282","NULL","NULL",0.9125,0.0875,"No","temperate","BACPHLIP","No",0,0,"https://portal.nersc.gov/UHGV/votu_reps/UHGV-004/UHGV-0044595",TRUE
"UHGV-1424801","vOTU-072369",35750,"No",37.89,57,91.75,575.474,7.14,11,"No",0,0,"High-quality","96.86","AAI-based","No","Confident",0.9697,15,0,"Virus","72.01",24,0,"vFAM-00001;vSUBFAM-06981;vGENUS-18611;vSUBGEN-35416;vOTU-072369","root;Duplodnaviria;Heunggongvirae;Uroviricota;Caudoviricetes","top-genome-hit","accession=LN681538; proteomic-score=0.060; lca-rank=family","Duplodnaviria","Heunggongvirae","Uroviricota","Caudoviricetes","NULL","NULL","NULL","NULL","Caudovirales","NULL","NULL","NULL","NULL","NULL","NULL","NULL","NULL","NULL","NULL","NULL","NULL",1,0,"No","temperate","BACPHLIP","No",0,0,"https://portal.nersc.gov/UHGV/votu_reps/UHGV-142/UHGV-1424801",TRUE
"UHGV-2209304","vOTU-131431",53849,"No",42.3,71,93.4,708.38,8.7,11,"No",0,0,"Medium-quality","81.21","AAI-based","No","Confident",0.9707,15,0,"Virus","30.16",19,2,"vFAM-00008;vSUBFAM-00150;vGENUS-06442;vOTU-131431","root;Duplodnaviria;Heunggongvirae;Uroviricota;Caudoviricetes","geNomad-markers","gene-hits=46; agreement=1","Duplodnaviria","Heunggongvirae","Uroviricota","Caudoviricetes","NULL","NULL","NULL","NULL","Caudovirales","d__Bacteria;p__Firmicutes_A;c__Clostridia;o__Lachnospirales;f__Lachnospiraceae;g__Blautia_A;s__Blautia_A massiliensis","560","74.29","d__Bacteria;p__Firmicutes_A;c__Clostridia;o__Lachnospirales;f__Lachnospiraceae;g__Blautia_A","124","75","d__Bacteria;p__Firmicutes_A;c__Clostridia;o__Lachnospirales;f__Lachnospiraceae;g__Blautia_A;s__Blautia_A massiliensis","CRISPR","0.408256","1.21538","0.0","0.066305",0.9875,0.0125,"No","temperate","BACPHLIP","Yes",0,0,"https://portal.nersc.gov/UHGV/votu_reps/UHGV-220/UHGV-2209304",TRUE
"UHGV-0150832","vOTU-027451",23760,"No",46.58,24,87.71,868.375,30,11,"No",0,0,"Low-quality","49.31","AAI-based","Yes","Uncertain",0.926,3,0,"Chromosome","-11.97",11,6,"vFAM-00016;vSUBFAM-00066;vGENUS-00184;vOTU-027451","root;Duplodnaviria;Heunggongvirae;Uroviricota;Caudoviricetes","top-genome-hit","accession=LR595864; proteomic-score=0.619; lca-rank=subfamily","Duplodnaviria","Heunggongvirae","Uroviricota","Caudoviricetes","NULL","NULL","NULL","NULL","Caudovirales","d__Bacteria;p__Proteobacteria;c__Gammaproteobacteria;o__Enterobacterales;f__Enterobacteriaceae;g__Klebsiella;s__Klebsiella pneumoniae","1","100","d__Bacteria;p__Proteobacteria;c__Gammaproteobacteria;o__Enterobacterales;f__Enterobacteriaceae;g__Escherichia;s__Escherichia coli","5621","99.86","d__Bacteria;p__Proteobacteria;c__Gammaproteobacteria;o__Enterobacterales;f__Enterobacteriaceae;g__Escherichia;s__Escherichia coli","PHIST","0.0","0.00489516","NULL","NULL",0.875,0.125,"No","temperate","geNomad","No",0,0,"https://portal.nersc.gov/UHGV/votu_reps/UHGV-015/UHGV-0150832",TRUE
"UHGV-1965008","vOTU-111000",23629,"No",46.9,32,93.85,693,32.26,11,"No",0,0,"Medium-quality","52.15","AAI-based","No","Uncertain",0.9683,6,0,"Uncertain - viral or bacterial","-1.72",1,4,"vFAM-00111;vSUBFAM-00351;vGENUS-11008;vOTU-111000","root;Duplodnaviria;Heunggongvirae;Uroviricota;Caudoviricetes","geNomad-markers","gene-hits=22; agreement=1","Duplodnaviria","Heunggongvirae","Uroviricota","Caudoviricetes","NULL","NULL","NULL","NULL","Caudovirales","d__Bacteria;p__Bacteroidota;c__Bacteroidia;o__Bacteroidales;f__Bacteroidaceae","29","93.1","d__Bacteria;p__Bacteroidota;c__Bacteroidia;o__Bacteroidales;f__Bacteroidaceae","4608","97.05","d__Bacteria;p__Bacteroidota;c__Bacteroidia;o__Bacteroidales;f__Bacteroidaceae","PHIST","0.843571","0.886601","NULL","NULL",0,1,"No","lytic","BACPHLIP","No",0,0,"https://portal.nersc.gov/UHGV/votu_reps/UHGV-196/UHGV-1965008",TRUE
"UHGV-1920944","vOTU-163574",11936,"No",51.91,12,95.58,950.75,18.18,11,"No",0,0,"Low-quality","29.44","AAI-based","No","Uncertain",0.9698,1,0,"Uncertain - viral or bacterial","1.98",1,0,"vFAM-00043;vSUBFAM-01958;vGENUS-02214;vOTU-163574","root;Duplodnaviria;Heunggongvirae;Uroviricota;Caudoviricetes","geNomad-markers","gene-hits=7; agreement=1","Duplodnaviria","Heunggongvirae","Uroviricota","Caudoviricetes","NULL","NULL","NULL","NULL","Caudovirales","d__Bacteria;p__Bacteroidota;c__Bacteroidia;o__Bacteroidales;f__Rikenellaceae;g__Alistipes;s__Alistipes shahii","54","77.78","d__Bacteria;p__Bacteroidota;c__Bacteroidia;o__Bacteroidales;f__Rikenellaceae;g__Alistipes","21","100","d__Bacteria;p__Bacteroidota;c__Bacteroidia;o__Bacteroidales;f__Rikenellaceae;g__Alistipes;s__Alistipes shahii","CRISPR","0.0","0.0","NULL","NULL",0.302478,0.697522,"No","lytic","BACPHLIP","No",0,0,"https://portal.nersc.gov/UHGV/votu_reps/UHGV-192/UHGV-1920944",TRUE
"UHGV-2079779","vOTU-122792",44158,"No",54.25,50,94.73,836.64,3.51,11,"No",0,0,"Medium-quality","83","AAI-based","Yes","Confident",0.974,14,0,"Virus","48.51",22,3,"vFAM-00001;vSUBFAM-00011;vGENUS-00962;vOTU-122792","root;Duplodnaviria;Heunggongvirae;Uroviricota;Caudoviricetes","top-genome-hit","accession=EU861005; proteomic-score=0.063; lca-rank=family","Duplodnaviria","Heunggongvirae","Uroviricota","Caudoviricetes","NULL","NULL","NULL","NULL","Caudovirales","NULL","NULL","NULL","d__Bacteria;p__Firmicutes_A;c__Clostridia","3","100","d__Bacteria;p__Firmicutes_A;c__Clostridia","PHIST","NULL","0.636514","NULL","0.256783",0.0875,0.9125,"No","lytic","BACPHLIP","No",2,0,"https://portal.nersc.gov/UHGV/votu_reps/UHGV-207/UHGV-2079779",FALSE
"UHGV-0183995","vOTU-105168",14604,"No",45.78,19,89.17,685.421,38.89,11,"No",0,0,"Low-quality","39.86","AAI-based","No","Confident",0.9613,5,0,"Uncertain - viral or bacterial","3.81",3,1,"vFAM-00134;vSUBFAM-00483;vGENUS-16203;vOTU-105168","root;Duplodnaviria;Heunggongvirae;Uroviricota;Caudoviricetes","top-genome-hit","accession=MG711460; proteomic-score=0.276; lca-rank=family","Duplodnaviria","Heunggongvirae","Uroviricota","Caudoviricetes","NULL","NULL","NULL","NULL","Caudovirales","d__Bacteria;p__Firmicutes_A;c__Clostridia;o__Lachnospirales;f__Lachnospiraceae;g__Enterocloster;s__Enterocloster bolteae","68","72.06","d__Bacteria;p__Firmicutes_A;c__Clostridia;o__Lachnospirales;f__Lachnospiraceae;g__Hungatella;s__Hungatella effluvii","5","100","d__Bacteria;p__Firmicutes_A;c__Clostridia;o__Lachnospirales;f__Lachnospiraceae;g__Enterocloster;s__Enterocloster bolteae","CRISPR","0.823304","0.0","NULL","NULL",0.102701,0.897299,"No","lytic","BACPHLIP","No",0,0,"https://portal.nersc.gov/UHGV/votu_reps/UHGV-018/UHGV-0183995",TRUE
"UHGV-2149033","vOTU-150287",15028,"No",55.5,15,92.87,930.4,0,11,"No",0,0,"Low-quality","9.9","AAI-based","No","Uncertain",0.9501,1,0,"Virus","8.82",2,2,"vFAM-00022;vSUBFAM-00485;vOTU-150287","root;Duplodnaviria;Heunggongvirae;Uroviricota;Caudoviricetes","geNomad-markers","gene-hits=5; agreement=1","Duplodnaviria","Heunggongvirae","Uroviricota","Caudoviricetes","NULL","NULL","NULL","NULL","Caudovirales","NULL","NULL","NULL","d__Bacteria;p__Firmicutes_A;c__Clostridia;o__Oscillospirales","20","85","d__Bacteria;p__Firmicutes_A;c__Clostridia;o__Oscillospirales","PHIST","NULL","2.55368","NULL","NULL",0.0572137,0.942786,"No","lytic","BACPHLIP","No",0,0,"https://portal.nersc.gov/UHGV/votu_reps/UHGV-214/UHGV-2149033",TRUE
"UHGV-0147907","vOTU-119500",20861,"No",45.01,37,90.53,510.405,16.67,11,"No",0,0,"Low-quality","44.54","AAI-based","No","Confident",0.9733,8,0,"Virus","44.51",15,1,"vFAM-00001;vSUBFAM-00539;vGENUS-19250;vOTU-119500","root;Duplodnaviria;Heunggongvirae;Uroviricota;Caudoviricetes","top-genome-hit","accession=HG531805; proteomic-score=0.153; lca-rank=family","Duplodnaviria","Heunggongvirae","Uroviricota","Caudoviricetes","NULL","NULL","NULL","NULL","Caudovirales","d__Bacteria;p__Firmicutes_A;c__Clostridia;o__Lachnospirales;f__Lachnospiraceae;g__Enterocloster;s__Enterocloster clostridioformis","12","75","d__Bacteria;p__Firmicutes_A;c__Clostridia;o__Lachnospirales;f__Lachnospiraceae;g__Enterocloster;s__Enterocloster bolteae","14","78.57","d__Bacteria;p__Firmicutes_A;c__Clostridia;o__Lachnospirales;f__Lachnospiraceae;g__Enterocloster;s__Enterocloster bolteae","PHIST","0.0","0.0","NULL","NULL",0.193676,0.806324,"No","lytic","BACPHLIP","No",0,0,"https://portal.nersc.gov/UHGV/votu_reps/UHGV-014/UHGV-0147907",TRUE
"UHGV-0196875","vOTU-163742",40305,"No",56.13,55,92.68,679.2,11.11,11,"No",0,0,"Medium-quality","59","HMM-based","No","Confident",0.975,3,0,"Virus","26.05",11,1,"vFAM-00001;vSUBFAM-00927;vGENUS-01162;vOTU-163742","root;Duplodnaviria;Heunggongvirae;Uroviricota;Caudoviricetes","top-genome-hit","accession=JQ957932; proteomic-score=0.086; lca-rank=family","Duplodnaviria","Heunggongvirae","Uroviricota","Caudoviricetes","NULL","NULL","NULL","NULL","Caudovirales","NULL","NULL","NULL","d__Bacteria;p__Firmicutes_A;c__Clostridia;o__Oscillospirales;f__Oscillospiraceae;g__Flavonifractor;s__Flavonifractor plautii","1","100","d__Bacteria;p__Firmicutes_A;c__Clostridia;o__Oscillospirales;f__Oscillospiraceae;g__Flavonifractor;s__Flavonifractor plautii","PHIST","NULL","0.0","NULL","0.0",0.95,0.05,"No","temperate","BACPHLIP","Yes",0,0,"https://portal.nersc.gov/UHGV/votu_reps/UHGV-019/UHGV-0196875",FALSE
"UHGV-0209073","vOTU-005323",59973,"No",37.86,89,90.51,609.91,6.82,11,"No",0,0,"Complete","100","DTR","No","Confident",0.9794,8,0,"Virus","41.84",20,1,"vFAM-00009;vSUBFAM-00023;vGENUS-18948;vSUBGEN-36330;vOTU-005323","root;Duplodnaviria;Heunggongvirae;Uroviricota;Caudoviricetes","geNomad-markers","gene-hits=67; agreement=1","Duplodnaviria","Heunggongvirae","Uroviricota","Caudoviricetes","NULL","NULL","NULL","NULL","Caudovirales","d__Bacteria;p__Bacteroidota;c__Bacteroidia;o__Bacteroidales;f__Bacteroidaceae;g__Bacteroides","139","99.28","NULL","NULL","NULL","d__Bacteria;p__Bacteroidota;c__Bacteroidia;o__Bacteroidales;f__Bacteroidaceae;g__Bacteroides","CRISPR","0.0426681","NULL","0.0","NULL",1,0,"No","temperate","BACPHLIP","No",0,0,"https://portal.nersc.gov/UHGV/votu_reps/UHGV-020/UHGV-0209073",FALSE
"UHGV-1520862","vOTU-131618",19659,"No",45.56,27,92.63,674.444,8,11,"No",0,0,"Medium-quality","51.04","AAI-based","No","Confident",0.9831,8,0,"Uncertain - viral or bacterial","4.14",11,0,"vFAM-00035;vSUBFAM-00161;vGENUS-00201;vOTU-131618","root;Duplodnaviria;Heunggongvirae;Uroviricota;Caudoviricetes","top-genome-hit","accession=MN882550; proteomic-score=0.082; lca-rank=family","Duplodnaviria","Heunggongvirae","Uroviricota","Caudoviricetes","NULL","NULL","NULL","NULL","Caudovirales","d__Bacteria;p__Firmicutes_A;c__Clostridia;o__Lachnospirales;f__Lachnospiraceae","1010","99.6","d__Bacteria;p__Firmicutes_A;c__Clostridia;o__Lachnospirales;f__Lachnospiraceae","30","93.33","d__Bacteria;p__Firmicutes_A;c__Clostridia;o__Lachnospirales;f__Lachnospiraceae","CRISPR","1.90572","2.69963","0.188033","0.237374",0.9375,0.0625,"No","temperate","BACPHLIP","Yes",0,0,"https://portal.nersc.gov/UHGV/votu_reps/UHGV-152/UHGV-1520862",TRUE
"UHGV-1345325","vOTU-074162",43954,"No",42.39,70,92.26,579.343,2.9,11,"No",0,0,"High-quality","99.9","AAI-based","No","Confident",0.9742,9,0,"Virus","79.23",27,2,"vFAM-00003;vSUBFAM-04151;vGENUS-06825;vSUBGEN-36558;vOTU-074162","root;Duplodnaviria;Heunggongvirae;Uroviricota;Caudoviricetes","geNomad-markers","gene-hits=46; agreement=1","Duplodnaviria","Heunggongvirae","Uroviricota","Caudoviricetes","NULL","NULL","NULL","NULL","Caudovirales","d__Bacteria;p__Firmicutes_A;c__Clostridia;o__Lachnospirales;f__Lachnospiraceae","3","100","d__Bacteria;p__Firmicutes_A;c__Clostridia;o__Lachnospirales;f__Lachnospiraceae;g__Blautia_A;s__Blautia_A hydrogenotrophica","3","100","d__Bacteria;p__Firmicutes_A;c__Clostridia;o__Lachnospirales;f__Lachnospiraceae","CRISPR","1.09861","0.0","0.305807","0.0",1,0,"No","temperate","BACPHLIP","No",0,0,"https://portal.nersc.gov/UHGV/votu_reps/UHGV-134/UHGV-1345325",FALSE
"UHGV-2022202","vOTU-088243",38409,"No",40.79,53,88.3,639.906,8.82,11,"No",8,0,"Medium-quality","53.97","AAI-based","Yes","Confident",0.9669,5,0,"Virus","33.28",8,7,"vFAM-00009;vSUBFAM-01014;vOTU-088243","root;Duplodnaviria;Heunggongvirae;Uroviricota;Caudoviricetes","geNomad-markers","gene-hits=35; agreement=1","Duplodnaviria","Heunggongvirae","Uroviricota","Caudoviricetes","NULL","NULL","NULL","NULL","Caudovirales","d__Bacteria;p__Bacteroidota;c__Bacteroidia;o__Bacteroidales;f__Bacteroidaceae","631","99.05","d__Bacteria;p__Bacteroidota;c__Bacteroidia;o__Bacteroidales;f__Bacteroidaceae","1822","98.13","d__Bacteria;p__Bacteroidota;c__Bacteroidia;o__Bacteroidales;f__Bacteroidaceae","PHIST","0.680087","0.791035","0.0","0.063908",0.9875,0.0125,"No","temperate","BACPHLIP","No",0,0,"https://portal.nersc.gov/UHGV/votu_reps/UHGV-202/UHGV-2022202",TRUE
"UHGV-1667278","vOTU-014881",65073,"No",49.18,62,92.66,972.484,3.28,11,"No",11,0,"Low-quality","47.54","AAI-based","No","Confident",0.9736,4,0,"Virus","10.51",12,3,"vFAM-00020;vSUBFAM-00967;vGENUS-07410;vOTU-014881","root;Duplodnaviria;Heunggongvirae;Uroviricota;Caudoviricetes","geNomad-markers","gene-hits=41; agreement=1","Duplodnaviria","Heunggongvirae","Uroviricota","Caudoviricetes","NULL","NULL","NULL","NULL","Caudovirales","d__Bacteria;p__Firmicutes_A;c__Clostridia;o__Oscillospirales;f__Oscillospiraceae;g__Intestinimonas;s__Intestinimonas massiliensis","2","100","d__Bacteria;p__Firmicutes_A;c__Clostridia;o__Lachnospirales;f__Lachnospiraceae","241","78.01","d__Bacteria;p__Firmicutes_A;c__Clostridia;o__Lachnospirales;f__Lachnospiraceae","PHIST","0.0","2.38104","NULL","NULL",1,0,"No","temperate","BACPHLIP","No",0,0,"https://portal.nersc.gov/UHGV/votu_reps/UHGV-166/UHGV-1667278",FALSE
"UHGV-2048470","vOTU-014862",18522,"No",65.81,22,91.04,766.5,14.29,11,"No",0,0,"Low-quality","41.46","AAI-based","No","Uncertain",0.9401,6,0,"Uncertain - viral or bacterial","-2.47",6,2,"vFAM-00001;vOTU-014862","root;Duplodnaviria;Heunggongvirae;Uroviricota;Caudoviricetes","geNomad-markers","gene-hits=15; agreement=1","Duplodnaviria","Heunggongvirae","Uroviricota","Caudoviricetes","NULL","NULL","NULL","NULL","Caudovirales","NULL","NULL","NULL","d__Bacteria;p__Firmicutes_A;c__Clostridia;o__Oscillospirales;f__Ruminococcaceae;g__Gemmiger;s__Gemmiger formicilis","2238","99.91","d__Bacteria;p__Firmicutes_A;c__Clostridia;o__Oscillospirales;f__Ruminococcaceae;g__Gemmiger;s__Gemmiger formicilis","PHIST","NULL","0.00389326","NULL","NULL",0.0348018,0.965198,"No","lytic","BACPHLIP","No",0,0,"https://portal.nersc.gov/UHGV/votu_reps/UHGV-204/UHGV-2048470",FALSE
"UHGV-1578303","vOTU-122287",11782,"No",38.29,17,94.06,651.882,6.25,11,"No",0,0,"Low-quality","10.57","AAI-based","No","Uncertain",0.9584,4,0,"Uncertain - viral or bacterial","-1.89",1,2,"vFAM-00111;vSUBFAM-00541;vGENUS-04107;vOTU-122287","root;Duplodnaviria;Heunggongvirae;Uroviricota;Caudoviricetes","geNomad-markers","gene-hits=9; agreement=1","Duplodnaviria","Heunggongvirae","Uroviricota","Caudoviricetes","NULL","NULL","NULL","NULL","Caudovirales","d__Bacteria;p__Bacteroidota;c__Bacteroidia;o__Bacteroidales;f__Bacteroidaceae","2","100","d__Bacteria;p__Bacteroidota;c__Bacteroidia;o__Bacteroidales;f__Bacteroidaceae;g__Bacteroides","350","80.86","d__Bacteria;p__Bacteroidota;c__Bacteroidia;o__Bacteroidales;f__Bacteroidaceae;g__Bacteroides","PHIST","0.693147","0.776536","NULL","NULL",1,0,"No","temperate","BACPHLIP","No",0,0,"https://portal.nersc.gov/UHGV/votu_reps/UHGV-157/UHGV-1578303",TRUE
"UHGV-0271528","vOTU-000895",45800,"No",59.85,65,95.67,674.077,6.25,11,"No",0,0,"Complete","100","DTR","No","Confident",0.9809,11,0,"Virus","69.95",30,1,"vFAM-00001;vSUBFAM-00607;vGENUS-01640;vSUBGEN-00949;vOTU-000895","root;Duplodnaviria;Heunggongvirae;Uroviricota;Caudoviricetes","top-genome-hit","accession=LN681542; proteomic-score=0.100; lca-rank=family","Duplodnaviria","Heunggongvirae","Uroviricota","Caudoviricetes","NULL","NULL","NULL","NULL","Caudovirales","d__Bacteria;p__Firmicutes_A;c__Clostridia;o__Oscillospirales;f__Oscillospiraceae;g__CAG-83;s__CAG-83 sp003539495","20","75","d__Bacteria;p__Firmicutes_A;c__Clostridia;o__Oscillospirales","32","93.75","d__Bacteria;p__Firmicutes_A;c__Clostridia;o__Oscillospirales","PHIST","0.826065","1.82853","0.0","0.380482",0.0875,0.9125,"No","lytic","BACPHLIP","Yes",0,0,"https://portal.nersc.gov/UHGV/votu_reps/UHGV-027/UHGV-0271528",FALSE
"UHGV-0096874","vOTU-042364",10625,"No",58.25,12,80.72,714.75,0,11,"No",0,0,"Low-quality","27.4","AAI-based","No","Uncertain",0.9135,2,0,"Uncertain - viral or bacterial","-1.4",1,1,"vFAM-00040;vSUBFAM-05716;vOTU-042364","root;Duplodnaviria;Heunggongvirae;Uroviricota;Caudoviricetes","geNomad-markers","gene-hits=3; agreement=1","Duplodnaviria","Heunggongvirae","Uroviricota","Caudoviricetes","NULL","NULL","NULL","NULL","Caudovirales","NULL","NULL","NULL","d__Bacteria;p__Firmicutes_A;c__Clostridia;o__Oscillospirales;f__Ruminococcaceae;g__Ruthenibacterium;s__Ruthenibacterium lactatiformans","231","98.27","d__Bacteria;p__Firmicutes_A;c__Clostridia;o__Oscillospirales;f__Ruminococcaceae;g__Ruthenibacterium;s__Ruthenibacterium lactatiformans","PHIST","NULL","0.0775818","NULL","NULL",0,1,"No","lytic","BACPHLIP","No",0,0,"https://portal.nersc.gov/UHGV/votu_reps/UHGV-009/UHGV-0096874",TRUE
"UHGV-0456599","vOTU-001769",65546,"No",42.98,89,95.11,700.483,4.55,11,"No",0,0,"Complete","100","DTR","No","Confident",0.9725,17,0,"Virus","39.47",25,1,"vFAM-00008;vSUBFAM-00150;vGENUS-06442;vSUBGEN-36739;vOTU-001769","root;Duplodnaviria;Heunggongvirae;Uroviricota;Caudoviricetes","geNomad-markers","gene-hits=60; agreement=1","Duplodnaviria","Heunggongvirae","Uroviricota","Caudoviricetes","NULL","NULL","NULL","NULL","Caudovirales","d__Bacteria;p__Firmicutes_A;c__Clostridia;o__Lachnospirales;f__Lachnospiraceae;g__Blautia_A;s__Blautia_A massiliensis","609","72.09","d__Bacteria;p__Firmicutes_A;c__Clostridia;o__Lachnospirales;f__Lachnospiraceae;g__Blautia_A","130","74.62","d__Bacteria;p__Firmicutes_A;c__Clostridia;o__Lachnospirales;f__Lachnospiraceae;g__Blautia_A;s__Blautia_A massiliensis","CRISPR","0.473269","1.24552","0.0","0.066305",0.9625,0.0375,"No","temperate","BACPHLIP","Yes",0,0,"https://portal.nersc.gov/UHGV/votu_reps/UHGV-045/UHGV-0456599",FALSE
"UHGV-0248433","vOTU-000178",49137,"No",55.68,66,93.69,697.5,3.08,11,"No",0,0,"Complete","100","DTR","No","Confident",0.9811,16,0,"Virus","41.11",21,0,"vFAM-00001;vSUBFAM-00411;vGENUS-06840;vSUBGEN-04764;vOTU-000178","root;Duplodnaviria;Heunggongvirae;Uroviricota;Caudoviricetes;Lagaffevirus","top-genome-hit","accession=MG711461; proteomic-score=0.947; lca-rank=genus","Duplodnaviria","Heunggongvirae","Uroviricota","Caudoviricetes","NULL","NULL","NULL","Lagaffevirus","Caudovirales","d__Bacteria;p__Firmicutes_A;c__Clostridia","92","97.83","d__Bacteria;p__Firmicutes_A;c__Clostridia","118","99.15","d__Bacteria;p__Firmicutes_A;c__Clostridia","PHIST","2.44428","2.79564","0.280776","0.26624",0.3,0.7,"No","lytic","BACPHLIP","Yes",0,0,"https://portal.nersc.gov/UHGV/votu_reps/UHGV-024/UHGV-0248433",FALSE
"UHGV-0221581","vOTU-049187",6198,"No",40.03,5,88,1090.8,0,11,"No",0,0,"Complete","100","DTR","No","Confident",0.9825,1,0,"Virus","13.34",3,0,"vFAM-00013;vSUBFAM-00017;vGENUS-00023;vSUBGEN-00011;vOTU-049187","root;Monodnaviria;Sangervirae;Phixviricota;Malgrandaviricetes;Petitvirales;Microviridae","geNomad-markers","gene-hits=4; agreement=1","Monodnaviria","Sangervirae","Phixviricota","Malgrandaviricetes","Petitvirales","Microviridae","NULL","NULL","Microviridae","d__Bacteria;p__Bacteroidota;c__Bacteroidia;o__Bacteroidales;f__Bacteroidaceae;g__Bacteroides;s__Bacteroides uniformis","237","94.51","NULL","NULL","NULL","d__Bacteria;p__Bacteroidota;c__Bacteroidia;o__Bacteroidales;f__Bacteroidaceae;g__Bacteroides;s__Bacteroides uniformis","CRISPR","0.140028","NULL","0.0","NULL",0.188122,0.811878,"No","lytic","BACPHLIP","No",0,0,"https://portal.nersc.gov/UHGV/votu_reps/UHGV-022/UHGV-0221581",TRUE
"UHGV-1388887","vOTU-069468",11892,"No",28.52,15,95.11,754,0,11,"No",0,0,"Low-quality","39.88","HMM-based","No","Confident",0.9586,2,0,"Virus","19.22",4,0,"vFAM-00012;vSUBFAM-07190;vOTU-069468","root;Duplodnaviria;Heunggongvirae;Uroviricota;Caudoviricetes","top-genome-hit","accession=MT074429; proteomic-score=0.085; lca-rank=family","Duplodnaviria","Heunggongvirae","Uroviricota","Caudoviricetes","NULL","NULL","NULL","NULL","Caudovirales","d__Bacteria;p__Firmicutes_A;c__Clostridia;o__Lachnospirales;f__Lachnospiraceae;g__Roseburia;s__Roseburia inulinivorans","1","100","NULL","NULL","NULL","d__Bacteria;p__Firmicutes_A;c__Clostridia;o__Lachnospirales;f__Lachnospiraceae;g__Roseburia;s__Roseburia inulinivorans","CRISPR","0.0","NULL","NULL","NULL",0.188122,0.811878,"No","lytic","BACPHLIP","No",0,0,"https://portal.nersc.gov/UHGV/votu_reps/UHGV-138/UHGV-1388887",FALSE
"UHGV-2081696","vOTU-151347",20156,"No",43.51,24,91.04,764.625,16.67,11,"No",0,0,"Medium-quality","52.46","AAI-based","No","Confident",0.97,3,0,"Uncertain - viral or bacterial","-5.27",5,2,"vFAM-00035;vSUBFAM-00161;vOTU-151347","root;Duplodnaviria;Heunggongvirae;Uroviricota;Caudoviricetes","top-genome-hit","accession=MN882550; proteomic-score=0.073; lca-rank=family","Duplodnaviria","Heunggongvirae","Uroviricota","Caudoviricetes","NULL","NULL","NULL","NULL","Caudovirales","d__Bacteria;p__Firmicutes_A;c__Clostridia;o__Lachnospirales;f__Lachnospiraceae","747","99.73","d__Bacteria;p__Firmicutes_A;c__Clostridia;o__Lachnospirales;f__Lachnospiraceae","153","96.08","d__Bacteria;p__Firmicutes_A;c__Clostridia;o__Lachnospirales;f__Lachnospiraceae","CRISPR","1.72772","2.87342","0.188033","0.237374",0.8625,0.1375,"No","temperate","BACPHLIP","Yes",0,0,"https://portal.nersc.gov/UHGV/votu_reps/UHGV-208/UHGV-2081696",TRUE
"UHGV-1728270","vOTU-032009",14157,"No",48.04,17,96.69,805.235,0,11,"No",0,0,"Low-quality","41.98","AAI-based","No","Confident",0.9809,11,0,"Virus","18.61",13,0,"vFAM-00005;vSUBFAM-03428;vOTU-032009","root;Duplodnaviria;Heunggongvirae;Uroviricota;Caudoviricetes","top-genome-hit","accession=DQ840344; proteomic-score=0.146; lca-rank=family","Duplodnaviria","Heunggongvirae","Uroviricota","Caudoviricetes","NULL","NULL","NULL","NULL","Caudovirales","NULL","NULL","NULL","d__Bacteria;p__Firmicutes_A;c__Clostridia;o__Oscillospirales;f__Ruminococcaceae;g__QAMM01;s__QAMM01 sp900762715","1","100","d__Bacteria;p__Firmicutes_A;c__Clostridia;o__Oscillospirales;f__Ruminococcaceae;g__QAMM01;s__QAMM01 sp900762715","PHIST","NULL","0.0","NULL","NULL",0.188122,0.811878,"No","lytic","BACPHLIP","No",0,0,"https://portal.nersc.gov/UHGV/votu_reps/UHGV-172/UHGV-1728270",TRUE
"UHGV-2163711","vOTU-132704",12706,"No",57.08,20,96.92,615.75,0,11,"No",0,0,"Low-quality","15.3","HMM-based","No","Uncertain",0.8721,10,0,"Virus","10.27",5,0,"vFAM-00022;vOTU-132704","root;Duplodnaviria;Heunggongvirae;Uroviricota;Caudoviricetes","geNomad-markers","gene-hits=14; agreement=1","Duplodnaviria","Heunggongvirae","Uroviricota","Caudoviricetes","NULL","NULL","NULL","NULL","Caudovirales","NULL","NULL","NULL","d__Bacteria;p__Firmicutes_A;c__Clostridia;o__Oscillospirales;f__Acutalibacteraceae;g__Clostridium_A;s__Clostridium_A leptum","275","100","d__Bacteria;p__Firmicutes_A;c__Clostridia;o__Oscillospirales;f__Acutalibacteraceae;g__Clostridium_A;s__Clostridium_A leptum","PHIST","NULL","0.0","NULL","NULL",0.159666,0.840334,"No","lytic","BACPHLIP","No",0,0,"https://portal.nersc.gov/UHGV/votu_reps/UHGV-216/UHGV-2163711",FALSE
"UHGV-0151504","vOTU-127786",13128,"No",53.31,13,88,888.692,8.33,11,"No",0,0,"Low-quality","27.97","HMM-based","No","Uncertain",0.916,2,0,"Uncertain - viral or bacterial","-0.32",2,1,"vFAM-00087;vOTU-127786","root;Duplodnaviria;Heunggongvirae;Uroviricota;Caudoviricetes","geNomad-markers","gene-hits=3; agreement=1","Duplodnaviria","Heunggongvirae","Uroviricota","Caudoviricetes","NULL","NULL","NULL","NULL","Caudovirales","NULL","NULL","NULL","d__Bacteria;p__Firmicutes_A;c__Clostridia;o__Oscillospirales;f__Butyricicoccaceae;g__Agathobaculum;s__Agathobaculum butyriciproducens","665","99.7","d__Bacteria;p__Firmicutes_A;c__Clostridia;o__Oscillospirales;f__Butyricicoccaceae;g__Agathobaculum;s__Agathobaculum butyriciproducens","PHIST","NULL","0.0225512","NULL","NULL",0.9375,0.0625,"Yes","temperate","integrase","No",0,0,"https://portal.nersc.gov/UHGV/votu_reps/UHGV-015/UHGV-0151504",TRUE
"UHGV-1537103","vOTU-073908",57450,"No",57.29,76,93.28,705.158,6.67,11,"No",0,0,"High-quality","99.2","AAI-based","No","Confident",0.9773,12,0,"Virus","32.9",26,3,"vFAM-00008;vSUBFAM-07154;vGENUS-19349;vSUBGEN-37386;vOTU-073908","root;Duplodnaviria;Heunggongvirae;Uroviricota;Caudoviricetes","geNomad-markers","gene-hits=48; agreement=1","Duplodnaviria","Heunggongvirae","Uroviricota","Caudoviricetes","NULL","NULL","NULL","NULL","Caudovirales","NULL","NULL","NULL","d__Bacteria;p__Firmicutes_A;c__Clostridia;o__Oscillospirales","16","75","d__Bacteria;p__Firmicutes_A;c__Clostridia;o__Oscillospirales","PHIST","NULL","2.10068","NULL","0.380482",0.9375,0.0625,"No","temperate","BACPHLIP","Yes",2,0,"https://portal.nersc.gov/UHGV/votu_reps/UHGV-153/UHGV-1537103",FALSE
"UHGV-1411180","vOTU-076299",50929,"No",50.11,45,90.75,1027.07,13.64,11,"No",0,0,"High-quality","99.9","AAI-based","No","Confident",0.9682,12,0,"Uncertain - viral or bacterial","4.59",5,3,"vFAM-00066;vSUBFAM-00132;vGENUS-00954;vSUBGEN-37429;vOTU-076299","root;Duplodnaviria;Heunggongvirae;Uroviricota;Caudoviricetes","geNomad-markers","gene-hits=36; agreement=1","Duplodnaviria","Heunggongvirae","Uroviricota","Caudoviricetes","NULL","NULL","NULL","NULL","Caudovirales","d__Bacteria;p__Bacteroidota;c__Bacteroidia;o__Bacteroidales;f__Bacteroidaceae","72","93.06","d__Bacteria;p__Bacteroidota;c__Bacteroidia;o__Bacteroidales;f__Bacteroidaceae","1396","92.84","d__Bacteria;p__Bacteroidota;c__Bacteroidia;o__Bacteroidales;f__Bacteroidaceae","PHIST","0.853831","1.09838","0.08874","0.08874",0.2875,0.7125,"No","lytic","BACPHLIP","Yes",0,0,"https://portal.nersc.gov/UHGV/votu_reps/UHGV-141/UHGV-1411180",FALSE
"UHGV-0111944","vOTU-086029",52129,"No",54.11,75,91.33,634.8,4.17,11,"No",0,0,"High-quality","99.9","AAI-based","No","Confident",0.953,11,0,"Virus","28.49",13,3,"vFAM-00060;vSUBFAM-01855;vGENUS-19422;vSUBGEN-37570;vOTU-086029","root;Duplodnaviria;Heunggongvirae;Uroviricota;Caudoviricetes","geNomad-markers","gene-hits=37; agreement=1","Duplodnaviria","Heunggongvirae","Uroviricota","Caudoviricetes","NULL","NULL","NULL","NULL","Caudovirales","d__Bacteria;p__Firmicutes_A;c__Clostridia;o__Oscillospirales;f__Ruminococcaceae;g__Gemmiger;s__Gemmiger formicilis","59","100","d__Bacteria;p__Firmicutes_A;c__Clostridia;o__Oscillospirales;f__Ruminococcaceae;g__Gemmiger;s__Gemmiger sp900540595","4","75","d__Bacteria;p__Firmicutes_A;c__Clostridia;o__Oscillospirales;f__Ruminococcaceae;g__Gemmiger;s__Gemmiger formicilis","CRISPR","0.0","0.0","0.0","0.0",0.2125,0.7875,"No","temperate","geNomad","Yes",0,0,"https://portal.nersc.gov/UHGV/votu_reps/UHGV-011/UHGV-0111944",FALSE
"UHGV-2075962","vOTU-159140",21852,"No",45.69,24,94.41,859.625,8.7,11,"No",0,0,"Low-quality","13.72","AAI-based","No","Confident",0.9803,3,0,"Uncertain - viral or bacterial","5.87",4,0,"vFAM-00048;vSUBFAM-00544;vGENUS-06398;vOTU-159140","root;Duplodnaviria;Heunggongvirae;Uroviricota;Caudoviricetes","geNomad-markers","gene-hits=20; agreement=1","Duplodnaviria","Heunggongvirae","Uroviricota","Caudoviricetes","NULL","NULL","NULL","NULL","Caudovirales","d__Bacteria;p__Bacteroidota;c__Bacteroidia;o__Bacteroidales;f__Tannerellaceae;g__Parabacteroides;s__Parabacteroides distasonis","219","92.24","d__Bacteria;p__Bacteroidota;c__Bacteroidia;o__Bacteroidales;f__Tannerellaceae;g__Parabacteroides;s__Parabacteroides merdae","14","85.71","d__Bacteria;p__Bacteroidota;c__Bacteroidia;o__Bacteroidales;f__Tannerellaceae;g__Parabacteroides;s__Parabacteroides distasonis","CRISPR","0.0810972","0.0","NULL","NULL",0.0125,0.9875,"No","lytic","BACPHLIP","No",0,0,"https://portal.nersc.gov/UHGV/votu_reps/UHGV-207/UHGV-2075962",FALSE
"UHGV-0159531","vOTU-027922",37937,"No",50.6,45,91.29,769.6,19.57,11,"No",0,0,"Low-quality","41.23","AAI-based","Yes","Confident",0.9551,4,0,"Virus","23.15",8,2,"vFAM-00111;vSUBFAM-00351;vOTU-027922","root;Duplodnaviria;Heunggongvirae;Uroviricota;Caudoviricetes","geNomad-markers","gene-hits=35; agreement=1","Duplodnaviria","Heunggongvirae","Uroviricota","Caudoviricetes","NULL","NULL","NULL","NULL","Caudovirales","d__Bacteria;p__Bacteroidota;c__Bacteroidia;o__Bacteroidales","46","100","d__Bacteria;p__Bacteroidota;c__Bacteroidia;o__Bacteroidales","3","100","d__Bacteria;p__Bacteroidota;c__Bacteroidia;o__Bacteroidales","CRISPR","1.5139","0.636514","NULL","NULL",0,1,"No","lytic","BACPHLIP","No",1,0,"https://portal.nersc.gov/UHGV/votu_reps/UHGV-015/UHGV-0159531",TRUE
"UHGV-0177533","vOTU-028972",57834,"No",37.22,62,95.39,889.839,4.92,11,"No",3,0,"Medium-quality","51.87","AAI-based","No","Uncertain",0.9642,6,0,"Uncertain - plasmid or chromosomal","2.38",3,8,"vFAM-00111;vSUBFAM-00541;vGENUS-04107;vOTU-028972","root;Duplodnaviria;Heunggongvirae;Uroviricota;Caudoviricetes","geNomad-markers","gene-hits=38; agreement=1","Duplodnaviria","Heunggongvirae","Uroviricota","Caudoviricetes","NULL","NULL","NULL","NULL","Caudovirales","d__Bacteria;p__Bacteroidota;c__Bacteroidia;o__Bacteroidales;f__Bacteroidaceae","9","100","d__Bacteria;p__Bacteroidota;c__Bacteroidia;o__Bacteroidales;f__Bacteroidaceae;g__Bacteroides","3","100","d__Bacteria;p__Bacteroidota;c__Bacteroidia;o__Bacteroidales;f__Bacteroidaceae","CRISPR","0.636514","0.0","NULL","NULL",1,0,"Yes","temperate","integrase","Yes",0,0,"https://portal.nersc.gov/UHGV/votu_reps/UHGV-017/UHGV-0177533",TRUE
"UHGV-1298600","vOTU-032155",14720,"No",38.21,17,79.14,685.235,12.5,11,"No",1,0,"Low-quality","9.9","HMM-based","No","Uncertain",0.9639,1,0,"Virus","11.81",1,2,"vFAM-00048;vOTU-032155","root;Duplodnaviria;Heunggongvirae;Uroviricota;Caudoviricetes","geNomad-markers","gene-hits=4; agreement=1","Duplodnaviria","Heunggongvirae","Uroviricota","Caudoviricetes","NULL","NULL","NULL","NULL","Caudovirales","NULL","NULL","NULL","d__Bacteria;p__Bacteroidota;c__Bacteroidia;o__Bacteroidales;f__Bacteroidaceae;g__Bacteroides","6","100","d__Bacteria;p__Bacteroidota;c__Bacteroidia;o__Bacteroidales;f__Bacteroidaceae;g__Bacteroides","PHIST","NULL","0.0","NULL","NULL",1,0,"No","temperate","BACPHLIP","No",0,0,"https://portal.nersc.gov/UHGV/votu_reps/UHGV-129/UHGV-1298600",FALSE
"UHGV-1515388","vOTU-065854",33476,"No",37.01,51,93.89,616.294,6,11,"No",0,0,"High-quality","99.9","AAI-based","No","Confident",0.9789,12,0,"Virus","70.63",30,0,"vFAM-00003;vSUBFAM-00269;vGENUS-01466;vSUBGEN-00730;vOTU-065854","root;Duplodnaviria;Heunggongvirae;Uroviricota;Caudoviricetes","geNomad-markers","gene-hits=38; agreement=1","Duplodnaviria","Heunggongvirae","Uroviricota","Caudoviricetes","NULL","NULL","NULL","NULL","Caudovirales","d__Bacteria;p__Firmicutes;c__Bacilli;o__Lactobacillales;f__Streptococcaceae;g__Streptococcus","56","100","NULL","NULL","NULL","d__Bacteria;p__Firmicutes;c__Bacilli;o__Lactobacillales;f__Streptococcaceae;g__Streptococcus","CRISPR","0.0","NULL","0.0","NULL",1,0,"No","temperate","BACPHLIP","No",1,0,"https://portal.nersc.gov/UHGV/votu_reps/UHGV-151/UHGV-1515388",FALSE
"UHGV-0168696","vOTU-097213",18818,"No",45.81,26,90.23,653.077,16,11,"No",0,0,"Low-quality","45.34","AAI-based","No","Uncertain",0.966,2,0,"Uncertain - viral or bacterial","-0.97",1,3,"vFAM-00003;vSUBFAM-00560;vGENUS-09270;vOTU-097213","root;Duplodnaviria;Heunggongvirae;Uroviricota;Caudoviricetes","geNomad-markers","gene-hits=15; agreement=1","Duplodnaviria","Heunggongvirae","Uroviricota","Caudoviricetes","NULL","NULL","NULL","NULL","Caudovirales","d__Bacteria;p__Firmicutes_A;c__Clostridia;o__Lachnospirales;f__Lachnospiraceae;g__Hungatella;s__Hungatella effluvii","132","87.88","NULL","NULL","NULL","d__Bacteria;p__Firmicutes_A;c__Clostridia;o__Lachnospirales;f__Lachnospiraceae;g__Hungatella;s__Hungatella effluvii","CRISPR","0.0445379","NULL","NULL","NULL",0.105179,0.894821,"No","lytic","BACPHLIP","No",0,0,"https://portal.nersc.gov/UHGV/votu_reps/UHGV-016/UHGV-0168696",TRUE
"UHGV-0070655","vOTU-039325",15100,"No",42.03,21,89.28,642,20,11,"No",0,0,"Low-quality","35.97","AAI-based","No","Uncertain",0.8857,3,0,"Uncertain - viral or bacterial","5.59",6,2,"vFAM-00001;vSUBFAM-01272;vOTU-039325","root;Duplodnaviria;Heunggongvirae;Uroviricota;Caudoviricetes","top-genome-hit","accession=KT186243; proteomic-score=0.075; lca-rank=family","Duplodnaviria","Heunggongvirae","Uroviricota","Caudoviricetes","NULL","NULL","NULL","NULL","Caudovirales","NULL","NULL","NULL","d__Bacteria;p__Firmicutes_A;c__Clostridia;o__Lachnospirales;f__Lachnospiraceae;g__Schaedlerella;s__ERR7745408_bin.59","2","100","d__Bacteria;p__Firmicutes_A;c__Clostridia;o__Lachnospirales;f__Lachnospiraceae;g__Schaedlerella;s__ERR7745408_bin.59","PHIST","NULL","0.0","NULL","NULL",0.9875,0.0125,"Yes","temperate","integrase","No",0,0,"https://portal.nersc.gov/UHGV/votu_reps/UHGV-007/UHGV-0070655",TRUE
"UHGV-0150417","vOTU-166130",44410,"No",43.02,75,91.79,543.52,19.05,11,"No",0,0,"Medium-quality","84.85","AAI-based","Yes","Confident",0.9639,9,0,"Virus","39.03",23,4,"vFAM-00008;vSUBFAM-05687;vGENUS-12839;vOTU-166130","root;Duplodnaviria;Heunggongvirae;Uroviricota;Caudoviricetes","geNomad-markers","gene-hits=41; agreement=1","Duplodnaviria","Heunggongvirae","Uroviricota","Caudoviricetes","NULL","NULL","NULL","NULL","Caudovirales","d__Bacteria;p__Firmicutes_A;c__Clostridia;o__Lachnospirales;f__Lachnospiraceae;g__Eisenbergiella;s__Eisenbergiella porci","167","99.4","NULL","NULL","NULL","d__Bacteria;p__Firmicutes_A;c__Clostridia;o__Lachnospirales;f__Lachnospiraceae;g__Eisenbergiella;s__Eisenbergiella porci","CRISPR","0.0366167","NULL","0.0","NULL",0.9875,0.0125,"No","temperate","BACPHLIP","No",2,0,"https://portal.nersc.gov/UHGV/votu_reps/UHGV-015/UHGV-0150417",FALSE
"UHGV-1370276","vOTU-002005",49118,"No",55.96,65,90.58,684.462,6.25,11,"No",0,0,"Complete","100","DTR","No","Confident",0.9758,9,0,"Virus","53.8",29,2,"vFAM-00001;vSUBFAM-00607;vGENUS-04315;vSUBGEN-37972;vOTU-002005","root;Duplodnaviria;Heunggongvirae;Uroviricota;Caudoviricetes","top-genome-hit","accession=LN681542; proteomic-score=0.105; lca-rank=family","Duplodnaviria","Heunggongvirae","Uroviricota","Caudoviricetes","NULL","NULL","NULL","NULL","Caudovirales","NULL","NULL","NULL","NULL","NULL","NULL","NULL","NULL","NULL","NULL","NULL","NULL",0.9625,0.0375,"No","temperate","BACPHLIP","Yes",0,0,"https://portal.nersc.gov/UHGV/votu_reps/UHGV-137/UHGV-1370276",FALSE
"UHGV-1368408","vOTU-056238",28848,"No",34.59,36,94.21,754.917,5.88,11,"No",0,0,"Complete","100","DTR","No","Confident",0.9813,11,0,"Virus","37.8",9,0,"vFAM-00049;vSUBFAM-00549;vGENUS-03607;vSUBGEN-04779;vOTU-056238","root;Duplodnaviria;Heunggongvirae;Uroviricota;Caudoviricetes","geNomad-markers","gene-hits=22; agreement=1","Duplodnaviria","Heunggongvirae","Uroviricota","Caudoviricetes","NULL","NULL","NULL","NULL","Caudovirales","d__Bacteria;p__Bacteroidota;c__Bacteroidia;o__Bacteroidales;f__Bacteroidaceae","19","73.68","NULL","NULL","NULL","d__Bacteria;p__Bacteroidota;c__Bacteroidia;o__Bacteroidales;f__Bacteroidaceae","CRISPR","1.21876","NULL","0.122135","NULL",0.4,0.6,"No","lytic","BACPHLIP","No",0,0,"https://portal.nersc.gov/UHGV/votu_reps/UHGV-136/UHGV-1368408",FALSE
"UHGV-0175401","vOTU-128023",32449,"No",43.71,52,91.77,572.654,21.57,11,"No",0,0,"Medium-quality","73.23","AAI-based","No","Confident",0.9767,14,0,"Virus","22.39",9,1,"vFAM-00066;vSUBFAM-01499;vGENUS-10226;vOTU-128023","root;Duplodnaviria;Heunggongvirae;Uroviricota;Caudoviricetes","geNomad-markers","gene-hits=34; agreement=1","Duplodnaviria","Heunggongvirae","Uroviricota","Caudoviricetes","NULL","NULL","NULL","NULL","Caudovirales","d__Bacteria;p__Bacteroidota;c__Bacteroidia;o__Bacteroidales;f__Bacteroidaceae","4","100","NULL","NULL","NULL","d__Bacteria;p__Bacteroidota;c__Bacteroidia;o__Bacteroidales;f__Bacteroidaceae","CRISPR","0.693147","NULL","0.061067","NULL",0.6625,0.3375,"No","temperate","BACPHLIP","No",0,0,"https://portal.nersc.gov/UHGV/votu_reps/UHGV-017/UHGV-0175401",TRUE
"UHGV-0275962","vOTU-158888",23885,"No",40.66,26,92.04,845.538,8,11,"No",0,0,"Medium-quality","59.22","AAI-based","No","Confident",0.9783,10,0,"Virus","38.64",15,1,"vFAM-00001;vSUBFAM-05695;vGENUS-12863;vOTU-158888","root;Duplodnaviria;Heunggongvirae;Uroviricota;Caudoviricetes","top-genome-hit","accession=AY954958; proteomic-score=0.064; lca-rank=family","Duplodnaviria","Heunggongvirae","Uroviricota","Caudoviricetes","NULL","NULL","NULL","NULL","Caudovirales","d__Bacteria;p__Firmicutes_A;c__Clostridia;o__Monoglobales;f__Monoglobaceae;g__Monoglobus;s__Monoglobus pectinilyticus","1","100","NULL","NULL","NULL","d__Bacteria;p__Firmicutes_A;c__Clostridia;o__Monoglobales;f__Monoglobaceae;g__Monoglobus;s__Monoglobus pectinilyticus","CRISPR","0.0","NULL","0.0","NULL",0.0875,0.9125,"No","lytic","BACPHLIP","No",0,0,"https://portal.nersc.gov/UHGV/votu_reps/UHGV-027/UHGV-0275962",FALSE
"UHGV-0389999","vOTU-097067",11881,"No",59.66,16,88.2,654.938,40,11,"No",0,0,"Low-quality","32.22","AAI-based","No","Confident",0.954,3,0,"Uncertain - viral or bacterial","0.84",1,0,"vFAM-00040;vSUBFAM-03012;vOTU-097067","root;Duplodnaviria;Heunggongvirae;Uroviricota;Caudoviricetes","geNomad-markers","gene-hits=5; agreement=1","Duplodnaviria","Heunggongvirae","Uroviricota","Caudoviricetes","NULL","NULL","NULL","NULL","Caudovirales","NULL","NULL","NULL","NULL","NULL","NULL","NULL","NULL","NULL","NULL","NULL","NULL",0.55,0.45,"No","temperate","BACPHLIP","No",0,0,"https://portal.nersc.gov/UHGV/votu_reps/UHGV-038/UHGV-0389999",TRUE
"UHGV-1965157","vOTU-103304",7910,"No",52.05,16,70.13,346.688,33.33,11,"No",0,0,"Medium-quality","58.11","AAI-based","No","Uncertain",0.9328,1,0,"Uncertain - viral or bacterial","1.84",2,1,"vFAM-00090;vOTU-103304","root;Duplodnaviria;Heunggongvirae;Uroviricota;Caudoviricetes","geNomad-markers","gene-hits=4; agreement=1","Duplodnaviria","Heunggongvirae","Uroviricota","Caudoviricetes","NULL","NULL","NULL","NULL","Caudovirales","NULL","NULL","NULL","d__Bacteria;p__Firmicutes_A;c__Clostridia;o__Oscillospirales;f__Oscillospiraceae;g__Flavonifractor;s__Flavonifractor plautii","199","98.49","d__Bacteria;p__Firmicutes_A;c__Clostridia;o__Oscillospirales;f__Oscillospiraceae;g__Flavonifractor;s__Flavonifractor plautii","PHIST","NULL","0.0947597","NULL","NULL",0.00128438,0.998716,"No","lytic","BACPHLIP","No",0,0,"https://portal.nersc.gov/UHGV/votu_reps/UHGV-196/UHGV-1965157",TRUE
"UHGV-0159635","vOTU-077725",39321,"No",56.94,68,94.29,545.206,1.49,11,"No",0,0,"High-quality","97.71","AAI-based","No","Confident",0.981,8,0,"Virus","28.31",18,1,"vFAM-00004;vSUBFAM-01336;vGENUS-01727;vSUBGEN-04334;vOTU-077725","root;Duplodnaviria;Heunggongvirae;Uroviricota;Caudoviricetes","geNomad-markers","gene-hits=45; agreement=1","Duplodnaviria","Heunggongvirae","Uroviricota","Caudoviricetes","NULL","NULL","NULL","NULL","Caudovirales","d__Bacteria;p__Firmicutes_A;c__Clostridia;o__Oscillospirales;f__Oscillospiraceae","14","78.57","d__Bacteria;p__Firmicutes_A;c__Clostridia;o__Oscillospirales;f__Oscillospiraceae;g__Lawsonibacter;s__Lawsonibacter sp900066825","18","77.78","d__Bacteria;p__Firmicutes_A;c__Clostridia;o__Oscillospirales;f__Oscillospiraceae;g__Lawsonibacter;s__Lawsonibacter sp900066825","PHIST","1.12753","0.837772","0.0","0.0",0.95,0.05,"No","temperate","geNomad","No",0,0,"https://portal.nersc.gov/UHGV/votu_reps/UHGV-015/UHGV-0159635",FALSE
"UHGV-1423755","vOTU-093508",21006,"No",46.01,29,90,651.931,10.71,11,"No",0,0,"Medium-quality","55.42","AAI-based","No","Uncertain",0.9605,3,0,"Uncertain - viral or bacterial","-2.4",5,2,"vFAM-00035;vSUBFAM-00161;vOTU-093508","root;Duplodnaviria;Heunggongvirae;Uroviricota;Caudoviricetes","top-genome-hit","accession=MN882550; proteomic-score=0.071; lca-rank=family","Duplodnaviria","Heunggongvirae","Uroviricota","Caudoviricetes","NULL","NULL","NULL","NULL","Caudovirales","d__Bacteria;p__Firmicutes_A;c__Clostridia;o__Lachnospirales;f__Lachnospiraceae","704","99.57","d__Bacteria;p__Firmicutes_A;c__Clostridia;o__Lachnospirales;f__Lachnospiraceae","199","89.45","d__Bacteria;p__Firmicutes_A;c__Clostridia;o__Lachnospirales;f__Lachnospiraceae","CRISPR","1.57088","3.30833","NULL","NULL",0.875,0.125,"No","temperate","BACPHLIP","Yes",0,0,"https://portal.nersc.gov/UHGV/votu_reps/UHGV-142/UHGV-1423755",TRUE
"UHGV-0385758","vOTU-051806",6532,"No",39.56,8,86.07,702.75,0,11,"No",0,0,"Complete","100","DTR","No","Confident",0.9833,2,0,"Virus","11.86",4,0,"vFAM-00030;vSUBFAM-00119;vGENUS-00056;vSUBGEN-00035;vOTU-051806","root;Monodnaviria;Sangervirae;Phixviricota;Malgrandaviricetes;Petitvirales;Microviridae","top-genome-hit","accession=AJ270057; proteomic-score=0.056; lca-rank=family","Monodnaviria","Sangervirae","Phixviricota","Malgrandaviricetes","Petitvirales","Microviridae","NULL","NULL","Microviridae","d__Bacteria;p__Bacteroidota","16","62.5","NULL","NULL","NULL","d__Bacteria;p__Bacteroidota","CRISPR","0.661563","NULL","0.011901","NULL",0.188122,0.811878,"No","lytic","BACPHLIP","No",0,0,"https://portal.nersc.gov/UHGV/votu_reps/UHGV-038/UHGV-0385758",TRUE
"UHGV-0356853","vOTU-061240",56987,"No",51.43,86,92.65,613.919,1.18,11,"No",0,0,"High-quality","99.9","AAI-based","No","Confident",0.9654,5,0,"Uncertain - viral or bacterial","-4.41",8,4,"vFAM-00006;vSUBFAM-00136;vGENUS-19928;vSUBGEN-38896;vOTU-061240","root;Duplodnaviria;Heunggongvirae;Uroviricota;Caudoviricetes","geNomad-markers","gene-hits=32; agreement=0.9861","Duplodnaviria","Heunggongvirae","Uroviricota","Caudoviricetes","NULL","NULL","NULL","NULL","Caudovirales","d__Bacteria;p__Firmicutes_A;c__Clostridia;o__Oscillospirales;f__Acutalibacteraceae","240","70.42","d__Bacteria;p__Firmicutes_A;c__Clostridia;o__Oscillospirales;f__Oscillospiraceae","382","74.35","d__Bacteria;p__Firmicutes_A;c__Clostridia;o__Oscillospirales;f__Oscillospiraceae","PHIST","2.2485","2.59849","0.286828","0.20997",0.8875,0.1125,"No","temperate","BACPHLIP","No",0,0,"https://portal.nersc.gov/UHGV/votu_reps/UHGV-035/UHGV-0356853",FALSE
"UHGV-1872347","vOTU-132613",13499,"No",30.04,11,98.3,1206.27,0,11,"No",0,0,"Low-quality","9.49","HMM-based","No","Uncertain",0.9694,1,0,"Uncertain - viral or bacterial","-1.77",1,1,"vFAM-00044;vSUBFAM-05122;vGENUS-10400;vOTU-132613","root;Duplodnaviria;Heunggongvirae;Uroviricota;Caudoviricetes","geNomad-markers","gene-hits=4; agreement=1","Duplodnaviria","Heunggongvirae","Uroviricota","Caudoviricetes","NULL","NULL","NULL","NULL","Caudovirales","NULL","NULL","NULL","NULL","NULL","NULL","NULL","NULL","NULL","NULL","NULL","NULL",0.188122,0.811878,"No","lytic","BACPHLIP","No",0,0,"https://portal.nersc.gov/UHGV/votu_reps/UHGV-187/UHGV-1872347",FALSE
"UHGV-1604405","vOTU-166486",16524,"No",45.12,22,79.79,599.318,0,11,"No",0,0,"Low-quality","35.97","AAI-based","No","Confident",0.9712,0,0,"Uncertain - viral or bacterial","1.97",1,0,"vFAM-00028;vSUBFAM-00637;vGENUS-01283;vOTU-166486","root;Duplodnaviria;Heunggongvirae;Uroviricota;Caudoviricetes;Duneviridae","top-genome-hit","accession=MT732435; proteomic-score=0.089; lca-rank=family","Duplodnaviria","Heunggongvirae","Uroviricota","Caudoviricetes","NULL","Duneviridae","NULL","NULL","Caudovirales","d__Bacteria;p__Bacteroidota;c__Bacteroidia;o__Bacteroidales;f__Bacteroidaceae;g__Bacteroides","8","87.5","d__Bacteria;p__Bacteroidota;c__Bacteroidia;o__Bacteroidales;f__Bacteroidaceae;g__Bacteroides","756","75.26","d__Bacteria;p__Bacteroidota;c__Bacteroidia;o__Bacteroidales;f__Bacteroidaceae;g__Bacteroides","PHIST","0.37677","0.841778","NULL","NULL",0.175722,0.824278,"No","lytic","BACPHLIP","No",0,0,"https://portal.nersc.gov/UHGV/votu_reps/UHGV-160/UHGV-1604405",TRUE
"UHGV-0170024","vOTU-119339",36306,"No",44.82,52,85.78,598.904,5.88,11,"No",0,0,"Medium-quality","79.03","AAI-based","No","Uncertain",0.9716,1,0,"Plasmid","8.66",3,2,"vFAM-00028;vSUBFAM-00637;vGENUS-01283;vOTU-119339","root;Duplodnaviria;Heunggongvirae;Uroviricota;Caudoviricetes;Duneviridae","top-genome-hit","accession=MN812211; proteomic-score=0.060; lca-rank=family","Duplodnaviria","Heunggongvirae","Uroviricota","Caudoviricetes","NULL","Duneviridae","NULL","NULL","Caudovirales","d__Bacteria;p__Bacteroidota;c__Bacteroidia;o__Bacteroidales;f__Bacteroidaceae;g__Bacteroides;s__Bacteroides uniformis","24","75","d__Bacteria;p__Bacteroidota;c__Bacteroidia;o__Bacteroidales;f__Bacteroidaceae;g__Bacteroides","761","76.35","d__Bacteria;p__Bacteroidota;c__Bacteroidia;o__Bacteroidales;f__Bacteroidaceae;g__Bacteroides","PHIST","0.37677","0.793089","NULL","NULL",1,0,"No","temperate","BACPHLIP","No",0,0,"https://portal.nersc.gov/UHGV/votu_reps/UHGV-017/UHGV-0170024",TRUE
"UHGV-2017652","vOTU-108538",11794,"No",54.83,13,92.95,843.231,8.33,11,"No",0,0,"Low-quality","14.6","HMM-based","No","Uncertain",0.8895,0,0,"Uncertain - viral or bacterial","2.1",1,1,"vFAM-00005;vOTU-108538","root;Duplodnaviria;Heunggongvirae;Uroviricota;Caudoviricetes","geNomad-markers","gene-hits=3; agreement=1","Duplodnaviria","Heunggongvirae","Uroviricota","Caudoviricetes","NULL","NULL","NULL","NULL","Caudovirales","NULL","NULL","NULL","d__Bacteria;p__Firmicutes_A;c__Clostridia;o__Oscillospirales;f__Oscillospiraceae","94","74.47","d__Bacteria;p__Firmicutes_A;c__Clostridia;o__Oscillospirales;f__Oscillospiraceae","PHIST","NULL","1.78798","NULL","NULL",0.85,0.15,"No","temperate","BACPHLIP","No",0,0,"https://portal.nersc.gov/UHGV/votu_reps/UHGV-201/UHGV-2017652",TRUE
"UHGV-1541083","vOTU-020665",150772,"No",33.18,220,87.88,602.277,5.02,11,"No",7,0,"Medium-quality","83.36","AAI-based","No","Confident",0.9666,6,0,"Uncertain - viral or bacterial","-3.33",37,7,"vFAM-00020;vOTU-020665","root;Duplodnaviria;Heunggongvirae;Uroviricota;Caudoviricetes","geNomad-markers","gene-hits=84; agreement=1","Duplodnaviria","Heunggongvirae","Uroviricota","Caudoviricetes","NULL","NULL","NULL","NULL","Caudovirales","d__Bacteria;p__Firmicutes_A","12","50","d__Bacteria;p__Firmicutes;c__Bacilli;o__Erysipelotrichales","4","75","d__Bacteria;p__Firmicutes_A","CRISPR","0.918428","1.38629","0.0","0.478759",0.9125,0.0875,"No","temperate","BACPHLIP","No",0,0,"https://portal.nersc.gov/UHGV/votu_reps/UHGV-154/UHGV-1541083",FALSE
"UHGV-0157726","vOTU-124834",13374,"No",41.92,7,98.56,1883.14,16.67,11,"No",0,0,"Low-quality","21.44","HMM-based","No","Uncertain",0.7669,2,0,"Uncertain - viral or bacterial","NULL",1,0,"vFAM-00005;vOTU-124834","root;Duplodnaviria;Heunggongvirae;Uroviricota;Caudoviricetes","geNomad-markers","gene-hits=6; agreement=1","Duplodnaviria","Heunggongvirae","Uroviricota","Caudoviricetes","NULL","NULL","NULL","NULL","Caudovirales","NULL","NULL","NULL","d__Bacteria;p__Firmicutes_A;c__Clostridia;o__Monoglobales;f__Monoglobaceae;g__Monoglobus;s__Monoglobus pectinilyticus","83","98.8","d__Bacteria;p__Firmicutes_A;c__Clostridia;o__Monoglobales;f__Monoglobaceae;g__Monoglobus;s__Monoglobus pectinilyticus","PHIST","NULL","0.0652144","NULL","NULL",0,1,"No","lytic","BACPHLIP","No",0,0,"https://portal.nersc.gov/UHGV/votu_reps/UHGV-015/UHGV-0157726",TRUE
"UHGV-2187500","vOTU-064886",51063,"No",50.28,55,91.18,846.491,18.97,11,"No",0,0,"High-quality","99.9","AAI-based","No","Confident",0.9706,12,0,"Uncertain - plasmid or chromosomal","3.65",5,4,"vFAM-00066;vSUBFAM-00132;vGENUS-20328;vSUBGEN-39958;vOTU-064886","root;Duplodnaviria;Heunggongvirae;Uroviricota;Caudoviricetes","geNomad-markers","gene-hits=41; agreement=1","Duplodnaviria","Heunggongvirae","Uroviricota","Caudoviricetes","NULL","NULL","NULL","NULL","Caudovirales","d__Bacteria;p__Bacteroidota;c__Bacteroidia;o__Bacteroidales;f__Bacteroidaceae","84","94.05","d__Bacteria;p__Bacteroidota;c__Bacteroidia;o__Bacteroidales;f__Bacteroidaceae","1179","92.96","d__Bacteria;p__Bacteroidota;c__Bacteroidia;o__Bacteroidales;f__Bacteroidaceae","PHIST","0.810307","1.05389","0.08874","0.067527",0.25,0.75,"No","lytic","BACPHLIP","No",0,0,"https://portal.nersc.gov/UHGV/votu_reps/UHGV-218/UHGV-2187500",FALSE
"UHGV-2070212","vOTU-041707",12792,"No",38.12,14,93.69,856.071,0,11,"No",0,0,"Low-quality","10.31","AAI-based","Yes","Uncertain",0.8314,0,0,"Virus","9.37",3,3,"vFAM-00008;vOTU-041707","root;Duplodnaviria;Heunggongvirae;Uroviricota;Caudoviricetes","geNomad-markers","gene-hits=5; agreement=1","Duplodnaviria","Heunggongvirae","Uroviricota","Caudoviricetes","NULL","NULL","NULL","NULL","Caudovirales","NULL","NULL","NULL","d__Bacteria;p__Firmicutes_A;c__Clostridia;o__Lachnospirales;f__Lachnospiraceae;g__Blautia_A;s__Blautia_A faecis","162","70.99","d__Bacteria;p__Firmicutes_A;c__Clostridia;o__Lachnospirales;f__Lachnospiraceae;g__Blautia_A;s__Blautia_A faecis","PHIST","NULL","0.637106","NULL","NULL",1,0,"No","temperate","BACPHLIP","No",1,0,"https://portal.nersc.gov/UHGV/votu_reps/UHGV-207/UHGV-2070212",TRUE
"UHGV-2036098","vOTU-041560",26139,"No",48.47,35,93.07,695.057,0,11,"No",0,0,"Medium-quality","64.19","AAI-based","No","Confident",0.9802,10,0,"Virus","14.26",12,1,"vFAM-00003;vSUBFAM-00095;vGENUS-20562;vOTU-041560","root;Duplodnaviria;Heunggongvirae;Uroviricota;Caudoviricetes","geNomad-markers","gene-hits=24; agreement=1","Duplodnaviria","Heunggongvirae","Uroviricota","Caudoviricetes","NULL","NULL","NULL","NULL","Caudovirales","d__Bacteria;p__Firmicutes_A;c__Clostridia;o__Lachnospirales;f__Lachnospiraceae","78","100","d__Bacteria;p__Firmicutes_A;c__Clostridia;o__Lachnospirales;f__Lachnospiraceae;g__Enterocloster;s__Enterocloster bolteae","96","95.83","d__Bacteria;p__Firmicutes_A;c__Clostridia;o__Lachnospirales;f__Lachnospiraceae;g__Enterocloster;s__Enterocloster bolteae","PHIST","0.790268","0.115705","0.0","0.0",0.8875,0.1125,"Yes","temperate","integrase","No",2,0,"https://portal.nersc.gov/UHGV/votu_reps/UHGV-203/UHGV-2036098",TRUE
"UHGV-1985490","vOTU-148316",17314,"No",41.05,20,79.76,690.45,15.79,11,"No",1,0,"Low-quality","28.92","AAI-based","No","Uncertain",0.7797,0,0,"Uncertain - viral or bacterial","-2.9",0,0,"vFAM-00007;vOTU-148316","root;Duplodnaviria;Heunggongvirae;Uroviricota;Caudoviricetes","geNomad-markers","gene-hits=3; agreement=1","Duplodnaviria","Heunggongvirae","Uroviricota","Caudoviricetes","NULL","NULL","NULL","NULL","Caudovirales","d__Bacteria;p__Firmicutes_A;c__Clostridia;o__Oscillospirales;f__Ruminococcaceae;g__Gemmiger;s__Gemmiger qucibialis","1","100","d__Bacteria;p__Firmicutes_A;c__Clostridia;o__Lachnospirales;f__Lachnospiraceae","287","89.2","d__Bacteria;p__Firmicutes_A;c__Clostridia;o__Lachnospirales;f__Lachnospiraceae","PHIST","0.0","2.08508","NULL","NULL",0.975,0.025,"Yes","temperate","integrase","No",0,0,"https://portal.nersc.gov/UHGV/votu_reps/UHGV-198/UHGV-1985490",TRUE
"UHGV-1958726","vOTU-059175",47668,"No",54.99,73,92.14,601.644,8.33,11,"No",0,0,"Complete","100","DTR","No","Confident",0.9694,13,0,"Virus","62.39",22,1,"vFAM-00001;vSUBFAM-03302;vGENUS-04627;vSUBGEN-40213;vOTU-059175","root;Duplodnaviria;Heunggongvirae;Uroviricota;Caudoviricetes","top-genome-hit","accession=KX965989; proteomic-score=0.069; lca-rank=family","Duplodnaviria","Heunggongvirae","Uroviricota","Caudoviricetes","NULL","NULL","NULL","NULL","Caudovirales","d__Bacteria;p__Firmicutes_A;c__Clostridia;o__Oscillospirales;f__Oscillospiraceae;g__Flavonifractor;s__Flavonifractor plautii","1","100","d__Bacteria;p__Firmicutes_A;c__Clostridia;o__Oscillospirales;f__Acutalibacteraceae;g__Acutalibacter;s__Acutalibacter timonensis","11","81.82","d__Bacteria;p__Firmicutes_A;c__Clostridia;o__Oscillospirales;f__Acutalibacteraceae;g__Acutalibacter;s__Acutalibacter timonensis","PHIST","0.0","0.600166","0.0","0.0",0.9875,0.0125,"No","temperate","BACPHLIP","No",0,0,"https://portal.nersc.gov/UHGV/votu_reps/UHGV-195/UHGV-1958726",FALSE
"UHGV-0126718","vOTU-119802",10130,"No",50.66,19,94.89,505.895,16.67,11,"No",0,0,"Low-quality","20.93","AAI-based","No","Uncertain",0.9728,3,0,"Plasmid","7.69",0,1,"vFAM-00066;vSUBFAM-00132;vGENUS-07662;vOTU-119802","root;Duplodnaviria;Heunggongvirae;Uroviricota;Caudoviricetes","geNomad-markers","gene-hits=15; agreement=1","Duplodnaviria","Heunggongvirae","Uroviricota","Caudoviricetes","NULL","NULL","NULL","NULL","Caudovirales","d__Bacteria;p__Bacteroidota;c__Bacteroidia;o__Bacteroidales","5","100","d__Bacteria;p__Bacteroidota;c__Bacteroidia;o__Bacteroidales;f__Bacteroidaceae","2521","87.19","d__Bacteria;p__Bacteroidota;c__Bacteroidia;o__Bacteroidales;f__Bacteroidaceae","PHIST","1.05492","1.36664","NULL","NULL",0.0257897,0.97421,"No","lytic","BACPHLIP","No",0,0,"https://portal.nersc.gov/UHGV/votu_reps/UHGV-012/UHGV-0126718",TRUE
"UHGV-0188027","vOTU-047003",5266,"No",44.59,8,92.46,608.625,14.29,11,"No",0,0,"Complete","100","DTR","No","Confident",0.9812,3,0,"Virus","22.68",6,0,"vFAM-00002;vSUBFAM-00002;vGENUS-01099;vSUBGEN-00585;vOTU-047003","root;Monodnaviria;Sangervirae;Phixviricota;Malgrandaviricetes;Petitvirales;Microviridae","top-genome-hit","accession=MT185428; proteomic-score=0.208; lca-rank=family","Monodnaviria","Sangervirae","Phixviricota","Malgrandaviricetes","Petitvirales","Microviridae","NULL","NULL","Microviridae","NULL","NULL","NULL","NULL","NULL","NULL","NULL","NULL","NULL","NULL","NULL","NULL",0.188122,0.811878,"No","lytic","BACPHLIP","No",0,0,"https://portal.nersc.gov/UHGV/votu_reps/UHGV-018/UHGV-0188027",FALSE
"UHGV-1418156","vOTU-019424",43282,"No",49.38,69,90.94,570.435,8.82,11,"No",0,0,"Medium-quality","83.39","AAI-based","No","Confident",0.9804,11,0,"Virus","49.69",26,2,"vFAM-00008;vSUBFAM-03746;vOTU-019424","root;Duplodnaviria;Heunggongvirae;Uroviricota;Caudoviricetes","geNomad-markers","gene-hits=42; agreement=1","Duplodnaviria","Heunggongvirae","Uroviricota","Caudoviricetes","NULL","NULL","NULL","NULL","Caudovirales","d__Bacteria;p__Firmicutes_A;c__Clostridia;o__Lachnospirales;f__Lachnospiraceae;g__Enterocloster;s__Enterocloster aldenensis","1","100","NULL","NULL","NULL","d__Bacteria;p__Firmicutes_A;c__Clostridia;o__Lachnospirales;f__Lachnospiraceae;g__Enterocloster;s__Enterocloster aldenensis","CRISPR","0.0","NULL","0.0","NULL",1,0,"Yes","temperate","integrase","No",0,0,"https://portal.nersc.gov/UHGV/votu_reps/UHGV-141/UHGV-1418156",TRUE
"UHGV-0399545","vOTU-142585",1527,"No",51.74,2,81.73,624,100,11,"No",0,0,"Medium-quality","69.51","AAI-based","No","Confident",0.9732,1,0,"Virus","7.24",2,0,"vFAM-00122;vSUBFAM-00306;vOTU-142585","root;Monodnaviria;Shotokuvirae;Cressdnaviricota;Repensiviricetes;Geplafuvirales;Genomoviridae","geNomad-markers","gene-hits=2; agreement=1","Monodnaviria","Shotokuvirae","Cressdnaviricota","Repensiviricetes","Geplafuvirales","Genomoviridae","NULL","NULL","Cressdnaviricota","NULL","NULL","NULL","NULL","NULL","NULL","NULL","NULL","NULL","NULL","NULL","NULL",0.188122,0.811878,"No","lytic","BACPHLIP","No",0,0,"https://portal.nersc.gov/UHGV/votu_reps/UHGV-039/UHGV-0399545",TRUE
"UHGV-2055328","vOTU-062410",37704,"No",49.03,51,94.49,698.529,2,11,"No",0,0,"High-quality","92.43","AAI-based","No","Confident",0.9798,7,0,"Virus","37.81",16,0,"vFAM-00003;vSUBFAM-00095;vGENUS-20562;vSUBGEN-40577;vOTU-062410","root;Duplodnaviria;Heunggongvirae;Uroviricota;Caudoviricetes","top-genome-hit","accession=JQ619704; proteomic-score=0.090; lca-rank=family","Duplodnaviria","Heunggongvirae","Uroviricota","Caudoviricetes","NULL","NULL","NULL","NULL","Caudovirales","d__Bacteria;p__Firmicutes_A;c__Clostridia;o__Lachnospirales;f__Lachnospiraceae;g__Enterocloster","203","87.19","d__Bacteria;p__Firmicutes_A;c__Clostridia;o__Lachnospirales;f__Lachnospiraceae;g__Enterocloster;s__Enterocloster bolteae","77","93.51","d__Bacteria;p__Firmicutes_A;c__Clostridia;o__Lachnospirales;f__Lachnospiraceae;g__Enterocloster","CRISPR","0.451907","0.0693154","0.0","0.0",1,0,"No","temperate","BACPHLIP","No",0,0,"https://portal.nersc.gov/UHGV/votu_reps/UHGV-205/UHGV-2055328",FALSE
"UHGV-1583450","vOTU-126303",11632,"No",42.64,12,95.35,924.25,0,11,"No",0,0,"Low-quality","25.86","AAI-based","No","Confident",0.9822,3,0,"Virus","11.78",3,0,"vFAM-00001;vSUBFAM-00035;vGENUS-00012;vOTU-126303","root;Duplodnaviria;Heunggongvirae;Uroviricota;Caudoviricetes","top-genome-hit","accession=MN812239; proteomic-score=0.122; lca-rank=family","Duplodnaviria","Heunggongvirae","Uroviricota","Caudoviricetes","NULL","NULL","NULL","NULL","Caudovirales","d__Bacteria;p__Bacteroidota;c__Bacteroidia;o__Bacteroidales","190","99.47","d__Bacteria;p__Bacteroidota","11","63.64","d__Bacteria;p__Bacteroidota;c__Bacteroidia;o__Bacteroidales","CRISPR","1.57441","2.14584","NULL","NULL",0.130873,0.869127,"No","lytic","BACPHLIP","No",0,0,"https://portal.nersc.gov/UHGV/votu_reps/UHGV-158/UHGV-1583450",TRUE
"UHGV-1324929","vOTU-141930",15228,"No",60.41,22,94.23,652.227,9.52,11,"No",0,0,"Low-quality","17.34","HMM-based","No","Uncertain",0.9071,8,0,"Virus","13.8",4,1,"vFAM-00022;vOTU-141930","root;Duplodnaviria;Heunggongvirae;Uroviricota;Caudoviricetes","geNomad-markers","gene-hits=12; agreement=1","Duplodnaviria","Heunggongvirae","Uroviricota","Caudoviricetes","NULL","NULL","NULL","NULL","Caudovirales","NULL","NULL","NULL","d__Bacteria;p__Firmicutes_A;c__Clostridia;o__Oscillospirales;f__Oscillospiraceae;g__Dysosmobacter;s__Dysosmobacter sp014297375","9","100","d__Bacteria;p__Firmicutes_A;c__Clostridia;o__Oscillospirales;f__Oscillospiraceae;g__Dysosmobacter;s__Dysosmobacter sp014297375","PHIST","NULL","0.0","NULL","NULL",0.172113,0.827887,"No","lytic","BACPHLIP","No",0,0,"https://portal.nersc.gov/UHGV/votu_reps/UHGV-132/UHGV-1324929",TRUE
"UHGV-1525374","vOTU-036373",56948,"No",41.77,82,93.22,647.415,14.81,11,"No",0,0,"Medium-quality","79.21","HMM-based","No","Confident",0.9707,11,0,"Virus","10.31",12,6,"vFAM-00048;vSUBFAM-00544;vGENUS-06398;vOTU-036373","root;Duplodnaviria;Heunggongvirae;Uroviricota;Caudoviricetes","geNomad-markers","gene-hits=49; agreement=1","Duplodnaviria","Heunggongvirae","Uroviricota","Caudoviricetes","NULL","NULL","NULL","NULL","Caudovirales","d__Bacteria;p__Bacteroidota;c__Bacteroidia;o__Bacteroidales;f__Tannerellaceae;g__Parabacteroides;s__Parabacteroides distasonis","317","83.28","d__Bacteria;p__Bacteroidota;c__Bacteroidia;o__Bacteroidales;f__Tannerellaceae;g__Parabacteroides;s__Parabacteroides merdae","385","95.84","d__Bacteria;p__Bacteroidota;c__Bacteroidia;o__Bacteroidales;f__Tannerellaceae;g__Parabacteroides;s__Parabacteroides merdae","PHIST","0.0808327","0.16584","0.0","0.0",0.5,0.5,"No","lytic","BACPHLIP","No",0,0,"https://portal.nersc.gov/UHGV/votu_reps/UHGV-152/UHGV-1525374",FALSE
"UHGV-0135608","vOTU-094694",16872,"No",43.92,21,98.72,793.143,0,11,"No",0,0,"Low-quality","47.52","AAI-based","No","Confident",0.9803,8,0,"Virus","33.01",14,0,"vFAM-00060;vSUBFAM-03397;vOTU-094694","root;Duplodnaviria;Heunggongvirae;Uroviricota;Caudoviricetes","top-genome-hit","accession=EU874396; proteomic-score=0.069; lca-rank=family","Duplodnaviria","Heunggongvirae","Uroviricota","Caudoviricetes","NULL","NULL","NULL","NULL","Caudovirales","NULL","NULL","NULL","d__Bacteria;p__Firmicutes_A;c__Clostridia;o__Lachnospirales;f__Lachnospiraceae;g__Schaedlerella;s__Schaedlerella glycyrrhizinilytica_A","1","100","d__Bacteria;p__Firmicutes_A;c__Clostridia;o__Lachnospirales;f__Lachnospiraceae;g__Schaedlerella;s__Schaedlerella glycyrrhizinilytica_A","PHIST","NULL","0.0","NULL","NULL",0,1,"No","lytic","BACPHLIP","No",0,0,"https://portal.nersc.gov/UHGV/votu_reps/UHGV-013/UHGV-0135608",FALSE
"UHGV-0067300","vOTU-095269",13197,"No",59.01,20,92.5,610.35,5.26,11,"No",0,0,"Low-quality","29.4","AAI-based","No","Confident",0.9779,4,0,"Uncertain - viral or bacterial","6.1",7,1,"vFAM-00001;vSUBFAM-00725;vGENUS-03469;vOTU-095269","root;Duplodnaviria;Heunggongvirae;Uroviricota;Caudoviricetes","top-genome-hit","accession=MG711462; proteomic-score=0.192; lca-rank=family","Duplodnaviria","Heunggongvirae","Uroviricota","Caudoviricetes","NULL","NULL","NULL","NULL","Caudovirales","d__Bacteria;p__Firmicutes_A;c__Clostridia;o__Oscillospirales;f__Oscillospiraceae","90","74.44","d__Bacteria;p__Firmicutes_A;c__Clostridia;o__Oscillospirales;f__Oscillospiraceae","135","81.48","d__Bacteria;p__Firmicutes_A;c__Clostridia;o__Oscillospirales;f__Oscillospiraceae","PHIST","1.61316","2.03297","NULL","NULL",0.089207,0.910793,"No","lytic","BACPHLIP","No",0,0,"https://portal.nersc.gov/UHGV/votu_reps/UHGV-006/UHGV-0067300",TRUE
"UHGV-0168454","vOTU-018319",29154,"No",54.47,26,95.86,1074.92,9.76,11,"No",0,0,"Medium-quality","63.79","AAI-based","Yes","Confident",0.9746,9,0,"Virus","16.89",4,6,"vFAM-00066;vSUBFAM-00132;vGENUS-01098;vOTU-018319","root;Duplodnaviria;Heunggongvirae;Uroviricota;Caudoviricetes","geNomad-markers","gene-hits=35; agreement=1","Duplodnaviria","Heunggongvirae","Uroviricota","Caudoviricetes","NULL","NULL","NULL","NULL","Caudovirales","d__Bacteria;p__Bacteroidota;c__Bacteroidia;o__Bacteroidales","145","99.31","d__Bacteria;p__Bacteroidota;c__Bacteroidia;o__Bacteroidales;f__Bacteroidaceae","1489","87.31","d__Bacteria;p__Bacteroidota;c__Bacteroidia;o__Bacteroidales;f__Bacteroidaceae","PHIST","1.2564","1.21533","0.122135","0.122135",0.175,0.825,"No","lytic","BACPHLIP","No",0,0,"https://portal.nersc.gov/UHGV/votu_reps/UHGV-016/UHGV-0168454",TRUE
"UHGV-0388937","vOTU-007651",42899,"No",52.36,49,91.63,802.224,8.33,11,"No",1,0,"High-quality","94.68","AAI-based","No","Confident",0.9788,13,0,"Virus","18.52",6,3,"vFAM-00066;vSUBFAM-00132;vGENUS-01098;vSUBGEN-41291;vOTU-007651","root;Duplodnaviria;Heunggongvirae;Uroviricota;Caudoviricetes","geNomad-markers","gene-hits=40; agreement=1","Duplodnaviria","Heunggongvirae","Uroviricota","Caudoviricetes","NULL","NULL","NULL","NULL","Caudovirales","d__Bacteria;p__Bacteroidota;c__Bacteroidia;o__Bacteroidales;f__Tannerellaceae;g__Parabacteroides;s__Parabacteroides merdae","727","92.16","d__Bacteria;p__Bacteroidota;c__Bacteroidia;o__Bacteroidales;f__Tannerellaceae;g__Parabacteroides","184","71.2","d__Bacteria;p__Bacteroidota;c__Bacteroidia;o__Bacteroidales;f__Tannerellaceae;g__Parabacteroides;s__Parabacteroides merdae","CRISPR","0.0782687","0.94237","0.0","0.072438",0.125,0.875,"No","lytic","BACPHLIP","Yes",0,0,"https://portal.nersc.gov/UHGV/votu_reps/UHGV-038/UHGV-0388937",FALSE
"UHGV-2008724","vOTU-133693",12995,"No",46.71,22,89.07,526.091,9.52,11,"No",0,0,"Low-quality","35.86","AAI-based","No","Uncertain",0.9752,1,0,"Virus","9.37",0,1,"vFAM-00134;vSUBFAM-00432;vGENUS-09890;vOTU-133693","root;Duplodnaviria;Heunggongvirae;Uroviricota;Caudoviricetes","top-genome-hit","accession=MG711460; proteomic-score=0.161; lca-rank=family","Duplodnaviria","Heunggongvirae","Uroviricota","Caudoviricetes","NULL","NULL","NULL","NULL","Caudovirales","d__Bacteria;p__Firmicutes_A;c__Clostridia;o__Lachnospirales;f__Lachnospiraceae;g__Eisenbergiella;s__Eisenbergiella sp900066775","5","100","d__Bacteria;p__Firmicutes_A;c__Clostridia;o__Lachnospirales;f__Lachnospiraceae","98","93.88","d__Bacteria;p__Firmicutes_A;c__Clostridia;o__Lachnospirales;f__Lachnospiraceae","PHIST","0.0","2.04671","NULL","NULL",0.7875,0.2125,"No","temperate","BACPHLIP","No",0,0,"https://portal.nersc.gov/UHGV/votu_reps/UHGV-200/UHGV-2008724",TRUE
