Contig	F3_S19_subsampled_depth_6G_combined_mapped Mean	F3_S19_subsampled_depth_6G_combined_mapped Trimmed Mean	F3_S19_subsampled_depth_6G_combined_mapped Covered Bases	F3_S19_subsampled_depth_6G_combined_mapped Variance	F3_S19_subsampled_depth_6G_combined_mapped RPKM	F3_S19_subsampled_depth_6G_combined_mapped TPM	F4_S20_subsampled_depth_6G_combined_mapped Mean	F4_S20_subsampled_depth_6G_combined_mapped Trimmed Mean	F4_S20_subsampled_depth_6G_combined_mapped Covered Bases	F4_S20_subsampled_depth_6G_combined_mapped Variance	F4_S20_subsampled_depth_6G_combined_mapped RPKM	F4_S20_subsampled_depth_6G_combined_mapped TPM	F5_S21_subsampled_depth_6G_combined_mapped Mean	F5_S21_subsampled_depth_6G_combined_mapped Trimmed Mean	F5_S21_subsampled_depth_6G_combined_mapped Covered Bases	F5_S21_subsampled_depth_6G_combined_mapped Variance	F5_S21_subsampled_depth_6G_combined_mapped RPKM	F5_S21_subsampled_depth_6G_combined_mapped TPM	F6_S22_subsampled_depth_6G_combined_mapped Mean	F6_S22_subsampled_depth_6G_combined_mapped Trimmed Mean	F6_S22_subsampled_depth_6G_combined_mapped Covered Bases	F6_S22_subsampled_depth_6G_combined_mapped Variance	F6_S22_subsampled_depth_6G_combined_mapped RPKM	F6_S22_subsampled_depth_6G_combined_mapped TPM	F7_S23_subsampled_depth_6G_combined_mapped Mean	F7_S23_subsampled_depth_6G_combined_mapped Trimmed Mean	F7_S23_subsampled_depth_6G_combined_mapped Covered Bases	F7_S23_subsampled_depth_6G_combined_mapped Variance	F7_S23_subsampled_depth_6G_combined_mapped RPKM	F7_S23_subsampled_depth_6G_combined_mapped TPM	F8_S24_subsampled_depth_6G_combined_mapped Mean	F8_S24_subsampled_depth_6G_combined_mapped Trimmed Mean	F8_S24_subsampled_depth_6G_combined_mapped Covered Bases	F8_S24_subsampled_depth_6G_combined_mapped Variance	F8_S24_subsampled_depth_6G_combined_mapped RPKM	F8_S24_subsampled_depth_6G_combined_mapped TPM	GP3_S28_subsampled_depth_6G_combined_mapped Mean	GP3_S28_subsampled_depth_6G_combined_mapped Trimmed Mean	GP3_S28_subsampled_depth_6G_combined_mapped Covered Bases	GP3_S28_subsampled_depth_6G_combined_mapped Variance	GP3_S28_subsampled_depth_6G_combined_mapped RPKM	GP3_S28_subsampled_depth_6G_combined_mapped TPM	GP4_S29_subsampled_depth_6G_combined_mapped Mean	GP4_S29_subsampled_depth_6G_combined_mapped Trimmed Mean	GP4_S29_subsampled_depth_6G_combined_mapped Covered Bases	GP4_S29_subsampled_depth_6G_combined_mapped Variance	GP4_S29_subsampled_depth_6G_combined_mapped RPKM	GP4_S29_subsampled_depth_6G_combined_mapped TPM	GP5_S30_subsampled_depth_6G_combined_mapped Mean	GP5_S30_subsampled_depth_6G_combined_mapped Trimmed Mean	GP5_S30_subsampled_depth_6G_combined_mapped Covered Bases	GP5_S30_subsampled_depth_6G_combined_mapped Variance	GP5_S30_subsampled_depth_6G_combined_mapped RPKM	GP5_S30_subsampled_depth_6G_combined_mapped TPM	M1_S25_subsampled_depth_6G_combined_mapped Mean	M1_S25_subsampled_depth_6G_combined_mapped Trimmed Mean	M1_S25_subsampled_depth_6G_combined_mapped Covered Bases	M1_S25_subsampled_depth_6G_combined_mapped Variance	M1_S25_subsampled_depth_6G_combined_mapped RPKM	M1_S25_subsampled_depth_6G_combined_mapped TPM	M2_S26_subsampled_depth_6G_combined_mapped Mean	M2_S26_subsampled_depth_6G_combined_mapped Trimmed Mean	M2_S26_subsampled_depth_6G_combined_mapped Covered Bases	M2_S26_subsampled_depth_6G_combined_mapped Variance	M2_S26_subsampled_depth_6G_combined_mapped RPKM	M2_S26_subsampled_depth_6G_combined_mapped TPM	M3_S27_subsampled_depth_6G_combined_mapped Mean	M3_S27_subsampled_depth_6G_combined_mapped Trimmed Mean	M3_S27_subsampled_depth_6G_combined_mapped Covered Bases	M3_S27_subsampled_depth_6G_combined_mapped Variance	M3_S27_subsampled_depth_6G_combined_mapped RPKM	M3_S27_subsampled_depth_6G_combined_mapped TPM
F3_S19_subsampled_depth_6G_contig_1134	8.160856	8.028375	36371	20.252502	1.8217062	69.43112	7.4067755	7.270062	35434	19.819084	1.6611087	63.83723	7.7329035	7.5626774	36210	20.358438	1.7393216	66.72524	7.071156	6.9147544	36155	16.302885	1.5989649	63.781124	6.6072965	6.48819	35049	16.03528	1.4852123	59.049923	6.887231	6.7540154	35489	16.416233	1.5564467	61.66246	0	0	0	0	0	0	0	0	0	0	0	0	0	0	0	0	0	0	17.364202	17.101429	35832	113.169525	94.46726	2647.4514	18.800165	18.537258	36176	129.63052	94.47219	2628.6016	19.41687	19.20432	36135	138.87875	95.100204	2629.6748
F3_S19_subsampled_depth_6G_contig_1314	29.525558	28.855774	17189	175.48001	7.0591984	269.04892	29.722284	28.831192	17189	191.71722	7.1569	275.04312	31.053349	30.173567	17189	163.51547	7.4769354	286.83627	35.529842	34.609833	17189	187.53862	8.515693	339.68283	37.501614	36.599464	17189	200.56541	8.93005	355.04605	36.771233	35.79396	17189	219.37871	8.830896	349.85773	3.2220201	3.1312513	16406	3.8189397	0.6237522	5.018812	3.409531	3.2963421	16551	4.3161345	0.6387741	4.466558	3.8214684	3.6897697	16645	4.9182363	0.7239427	5.3498654	4.920946	4.6669493	16862	13.565238	31.192736	874.1786	4.147661	4.023342	16648	6.0510917	21.865955	608.3998	5.687012	5.5113125	16982	12.47094	29.70655	821.43414
F3_S19_subsampled_depth_6G_contig_1460	5.9290705	5.7163563	17121	12.128917	1.3245883	50.484386	6.5665035	6.352355	16873	16.658031	1.4711733	56.537888	5.8547053	5.634511	17152	11.261924	1.3216337	50.701603	5.0184603	4.835727	16651	9.095517	1.1335062	45.21448	4.978628	4.8007245	16785	8.722914	1.1181376	44.455544	5.171966	4.976967	16631	10.794664	1.166846	46.22751	0	0	0	0	0	0	0	0	0	0	0	0	0	0	0	0	0	0	0	0	0	0	0	0	0	0	0	0	0	0	0	0	0	0	0	0
F3_S19_subsampled_depth_6G_contig_1491	3.9843595	3.8188086	3915	7.326053	0.90054995	34.32288	10.851291	10.83315	4061	24.12365	2.491227	95.73905	17.638779	17.79785	4153	49.813602	4.1825747	160.45525	2.3234856	2.2098732	3329	3.4600194	0.544754	21.72972	0	0	0	0	0	0	0	0	0	0	0	0	66774.24	67761.73	4096	541412030	12206.979	98219.32	87230.695	88519.914	4095	878341100	15508.58	108442.03	90865.43	92228.54	4096	977981060	16150.53	119350.875	0	0	0	0	0	0	0	0	0	0	0	0	0	0	0	0	0	0
F3_S19_subsampled_depth_6G_contig_1927	8418.308	8475.595	21210	22376846	1870.0494	71273.65	8396.341	8451.24	21210	22247828	1864.4176	71650.45	8358.526	8417.53	21210	21952534	1872.3716	71829.43	7382.357	7435.1226	21210	17037128	1659.1879	66183.41	7762.318	7816.227	21210	18458300	1730.8153	68814.766	7600.626	7656.73	21210	17833196	1705.296	67559.52	4388.04	4337.2163	21210	7509114	825.9553	6645.769	3820.6855	3776.826	21210	5717048	698.9327	4887.2104	4384.791	4326.822	21210	7694987.5	802.5293	5930.615	9.725926	9.463755	20542	42.669647	51.084328	1431.6416	10.803229	10.615543	20116	53.857758	53.408405	1486.0398	12.693305	12.5214205	20435	68.28387	61.440468	1698.9285
F3_S19_subsampled_depth_6G_contig_2017	17.843699	17.471708	28544	60.888687	4.1898007	159.68694	17.77365	17.48693	28544	58.093475	4.1604495	159.88809	20.099846	19.673346	28544	77.057304	4.761204	182.65314	19.907093	19.450853	28544	83.75659	4.7448826	189.26869	20.242727	19.84669	28544	67.76028	4.7663336	189.5026	20.059484	19.611128	28544	77.39571	4.7369275	187.6651	5.363316	4.9890437	27676	16.459623	1.0237855	8.237545	5.0160246	4.8385115	27101	11.757253	0.9284029	6.4917545	5.0604	4.8379636	26983	12.843143	0.938457	6.9351087	0	0	0	0	0	0	0	0	0	0	0	0	1.5292315	1.3907497	21739	3.2163644	8.140679	225.103
F3_S19_subsampled_depth_6G_contig_2154	50.848846	49.92609	35386	413.946	11.500437	438.31885	53.045662	52.170525	35386	446.95218	11.9619055	459.70172	54.984447	53.914677	35386	478.80096	12.536293	480.92734	61.684982	60.761967	35386	573.3656	14.081	561.67737	60.453995	59.81595	35386	538.5005	13.739808	546.2754	63.49651	62.659645	35386	582.2138	14.479076	573.6244	7.415002	6.5657125	32241	61.04443	1.4030371	11.289065	6.6848392	5.926846	31427	49.24039	1.2310466	8.607956	6.7954082	5.997351	32334	52.44956	1.2494832	9.233562	5.8421216	5.669578	34057	13.40442	34.149998	957.05597	4.551311	4.4253325	33646	8.182269	22.953512	638.66003	6.6349754	6.4772024	35032	13.866865	32.318634	893.6627
F3_S19_subsampled_depth_6G_contig_2186	52.33482	50.281063	61843	1577.0237	11.89521	453.36502	54.12546	51.988167	61843	1735.1519	12.293702	472.4528	57.32589	54.89956	61843	1964.3624	13.140465	504.10535	55.29083	52.797913	61843	2183.987	12.751822	508.65784	57.63443	55.334156	61843	1953.1056	13.154913	523.0206	55.046276	52.61048	61843	2135.2192	12.679444	502.32758	35.81758	35.027916	61843	264.75888	6.774668	54.51006	30.626457	29.744349	61815	204.78345	5.6306987	39.37206	34.526463	33.818623	61843	216.80562	6.3485684	46.91529	0	0	0	0	0	0	0	0	0	0	0	0	0	0	0	0	0	0
F3_S19_subsampled_depth_6G_contig_2392	21.146767	19.325972	6691	249.88307	5.000651	190.59114	41.879223	39.271614	6684	696.2376	9.785064	376.04462	54.997402	51.157127	6691	1416.2086	13.073619	501.54083	6.644397	5.8357396	6447	40.265884	1.5687783	62.57702	7.5399785	6.912859	6400	34.857918	1.7871572	71.054794	8.8825865	8.20214	6565	45.31588	2.118608	83.93391	71409.305	69699.83	6691	1172358900	13315.49	107138.586	70269.195	68569.664	6691	1120796500	12742.673	89101.75	52456.258	51195.7	6691	622246800	9512.523	70296.61	0	0	0	0	0	0	0	0	0	0	0	0	0	0	0	0	0	0
F3_S19_subsampled_depth_6G_contig_2528	3.0208154	2.9837933	12345	2.726424	0.6727646	25.64125	2.7447765	2.6835742	11893	2.9283113	0.61483663	23.628452	2.2138295	2.0523872	10536	3.571684	0.49348715	18.931555	2.7870378	2.70311	11456	3.1600528	0.62206215	24.813465	2.9560041	2.8775296	12281	3.0261357	0.65882635	26.194	2.8501143	2.7709155	11535	3.448673	0.6395176	25.33607	0	0	0	0	0	0	0	0	0	0	0	0	0	0	0	0	0	0	0	0	0	0	0	0	0	0	0	0	0	0	0	0	0	0	0	0
F3_S19_subsampled_depth_6G_contig_2551	11.31955	10.983556	20150	29.903633	2.5524566	97.28243	10.05965	9.856556	20118	25.637075	2.2611265	86.89616	10.5974	10.368722	20045	30.925459	2.3983433	92.00718	12.4675	12.252666	20100	37.39311	2.8305426	112.907616	11.44665	11.244	20124	30.584686	2.5676842	102.087524	11.6938	11.309111	20124	37.83363	2.662544	105.48323	8.2783	8.100889	19847	21.428722	1.5864519	12.764841	7.1896	6.896611	19878	19.250315	1.3233471	9.253361	8.92825	8.637555	20050	29.672983	1.6327106	12.065574	0	0	0	0	0	0	0	0	0	0	0	0	0	0	0	0	0	0
F3_S19_subsampled_depth_6G_contig_2566	7.861139	7.341126	12270	32.82674	1.7358129	66.15745	8.263614	7.727631	12134	42.61018	1.8333708	70.457344	7.8879538	7.3459845	12122	37.048588	1.7664357	67.76541	7.2296205	6.589292	12188	32.963276	1.6278967	64.93522	6.9872937	6.4851484	12186	29.243507	1.5647888	62.213802	7.107178	6.4375687	12109	35.96153	1.6002924	63.39955	2.9759076	2.862853	11356	3.6129193	0.56947666	4.5821004	2.7151816	2.61762	10774	3.5488741	0.49789006	3.481443	2.8529704	2.685827	10981	5.167917	0.536253	3.9628575	0	0	0	0	0	0	0	0	0	0	0	0	0	0	0	0	0	0
F3_S19_subsampled_depth_6G_contig_3025	8.966689	8.619211	12098	20.079748	2.0215104	77.04633	9.1791935	8.945881	12098	16.495804	2.1203125	81.48462	11.13157	10.642737	12096	37.45569	2.589349	99.33473	11.249749	10.739353	12098	29.169226	2.6057246	103.93981	9.990292	9.721964	12098	22.281311	2.2942412	91.215805	10.73142	10.417984	12070	30.366043	2.4892282	98.6169	0	0	0	0	0	0	0	0	0	0	0	0	0	0	0	0	0	0	0	0	0	0	0	0	0	0	0	0	0	0	0	0	0	0	0	0
F3_S19_subsampled_depth_6G_contig_3502	8.040811	7.965045	11394	15.296796	1.78502	68.032906	7.775321	7.618895	11551	16.95659	1.7550797	67.44858	8.011273	7.9381495	11581	14.655441	1.8345362	70.377975	6.6864457	6.522381	11446	12.920728	1.5266377	60.89608	7.1474266	6.8925138	11551	16.656204	1.6067736	63.88303	7.195316	7.069036	11263	15.06734	1.6527911	65.479416	0	0	0	0	0	0	0	0	0	0	0	0	0	0	0	0	0	0	2.8462815	2.480435	9067	9.038857	17.511993	490.77493	3.1250546	2.781144	10237	8.945293	16.822702	468.0761	2.8617496	2.551607	10288	8.620284	15.331294	423.9351
F3_S19_subsampled_depth_6G_contig_3588	2.9873266	2.9023144	11845	3.8173296	0.6600412	25.156315	2.6019802	2.518349	11515	2.8124957	0.57294863	22.018677	3.2206733	3.1287513	11984	3.832162	0.7184074	27.560146	2.9822574	2.912259	11806	3.325889	0.66743183	26.623196	2.990495	2.9215877	11819	3.3978817	0.66445416	26.417753	2.8555248	2.7819238	11555	3.5369515	0.6371119	25.240759	0	0	0	0	0	0	0	0	0	0	0	0	0	0	0	0	0	0	2.0867326	1.9696383	10080	2.9542165	10.943738	306.69907	1.6638416	1.5860248	10135	1.6643966	8.188761	227.84465	2.4438019	2.2553022	11097	3.9445803	11.74603	324.7969
F3_S19_subsampled_depth_6G_contig_3718	2.6567059	2.536424	11149	4.021367	0.58593714	22.33196	2.3757646	2.3030672	11742	2.4913883	0.52575296	20.204935	2.7870588	2.6887417	12028	3.2720103	0.619562	23.768145	2.609647	2.5087137	12056	2.9459736	0.58196473	23.214014	2.5164707	2.459655	11766	2.44443	0.5587911	22.21674	2.1933334	2.1224294	11359	2.2593484	0.4916061	19.476202	1.4225882	1.3305159	9735	1.4585533	0.26754302	2.1526952	0	0	0	0	0	0	0	0	0	0	0	0	0	0	0	0	0	0	0	0	0	0	0	0	0	0	0	0	0	0
F3_S19_subsampled_depth_6G_contig_4344	8.630611	7.146606	11623	95.375565	2.3151145	88.23655	8.262529	6.983054	11623	81.73564	2.1780767	83.70449	7.7419157	6.4178367	11581	84.96834	2.1095157	80.92695	7.029809	5.7053356	11451	86.32826	1.9757069	78.80907	7.44888	6.3138375	11623	59.046745	1.9706801	78.35149	7.323804	6.0561633	11601	80.524765	2.0103252	79.64403	0	0	0	0	0	0	0	0	0	0	0	0	0	0	0	0	0	0	3.7784364	3.2979567	10010	15.969908	25.720333	720.814	3.1255991	2.6574998	10033	13.009416	18.322203	509.79834	3.6634707	3.0311804	10332	18.228876	21.872177	604.80096
F3_S19_subsampled_depth_6G_contig_4365	162.4451	160.6902	18312	1111.8916	36.314323	1384.0566	163.04929	161.02399	18312	1323.0421	36.4521	1400.8717	161.97275	160.02539	18312	1516.209	36.538246	1401.7096	149.62978	148.17497	18312	1189.111	33.84003	1349.8461	152.17212	150.51047	18312	1276.9178	34.17895	1358.9069	147.1126	144.65215	18312	1596.5586	33.205486	1315.5172	70.39924	69.47639	18312	559.37946	13.2780285	106.83712	57.203556	56.339226	18312	435.889	10.526824	73.60764	70.71264	69.73021	18312	479.04697	12.983543	95.947075	0	0	0	0	0	0	0	0	0	0	0	0	0	0	0	0	0	0
F3_S19_subsampled_depth_6G_contig_4589	19.251278	16.568787	18532	254.56265	4.5989256	175.27997	17.680557	14.972981	18532	246.6016	4.2159376	162.02046	19.425905	16.896458	18532	233.06895	4.6836963	179.67978	16.25612	13.565281	18532	242.96938	3.9520328	157.64272	14.142639	12.413322	18532	114.3051	3.3953145	134.99297	16.074638	14.042432	18532	158.75021	3.8667185	153.18956	0	0	0	0	0	0	0	0	0	0	0	0	0	0	0	0	0	0	0	0	0	0	0	0	0	0	0	0	0	0	9.320857	2.164954	15715	1288.4312	54.0069	1493.3784
F3_S19_subsampled_depth_6G_contig_5034	30.587889	30.425663	31030	52.95071	6.915783	263.583	29.034035	28.938974	31030	45.80346	6.568989	252.44936	29.964573	29.842472	31030	49.36442	6.833204	262.14105	30.835072	30.767271	31030	45.059135	7.050147	281.22342	28.388407	28.269142	31030	43.210983	6.433963	255.8052	30.562403	30.390545	31030	53.25956	6.9552665	275.55008	0	0	0	0	0	0	0	0	0	0	0	0	0	0	0	0	0	0	0	0	0	0	0	0	0	0	0	0	0	0	0	0	0	0	0	0
F3_S19_subsampled_depth_6G_contig_5104	124.6253	121.70392	40686	3377.029	27.731316	1056.9304	125.914	123.28923	40683	3374.2834	28.00074	1076.0818	125.78272	123.174225	40680	3435.3657	28.225594	1082.8132	181.98772	179.40654	40690	6472.778	40.9697	1634.2417	184.56921	182.21982	40695	6332.5527	41.22597	1639.0857	183.84958	181.07169	40693	6482.656	41.334328	1637.5616	71.065674	65.619354	40679	1841.7236	13.390833	107.744804	60.639084	56.109253	40691	1305.4954	11.110997	77.69238	67.13234	62.423397	40673	1497.8602	12.320025	91.043816	6.0159073	5.757789	39423	14.485541	32.50741	911.0223	5.1303177	4.9146957	38960	11.380836	25.686586	714.70557	7.2926726	7.090154	39956	17.32777	35.707985	987.3834
F3_S19_subsampled_depth_6G_contig_5389	44.385944	43.939507	21254	104.45377	9.9624195	379.70016	43.989056	43.462513	21254	102.176796	9.8890295	380.04016	45.242702	44.82763	21254	103.13519	10.256644	393.47382	52.170727	51.781456	21254	135.75606	11.8704405	473.50037	51.52919	50.957985	21254	133.87822	11.632708	462.5	52.012604	51.189377	21254	120.81515	11.837774	468.9827	6.445982	6.063283	20732	21.08129	1.2178783	9.799247	5.3964653	5.077761	20269	15.805419	1.0008382	6.998252	7.1692095	6.712172	20663	28.190435	1.3225175	9.773273	0	0	0	0	0	0	0	0	0	0	0	0	0	0	0	0	0	0
F3_S19_subsampled_depth_6G_contig_5488	7.568365	7.484353	14280	9.042002	1.677334	63.928616	7.289172	7.209152	14280	9.320436	1.6458486	63.250744	7.363057	7.3094826	14217	10.245559	1.6529777	63.412853	6.379547	6.286444	14221	7.8652062	1.4487158	57.78786	5.7487617	5.6952353	14152	6.699419	1.3115113	52.143837	7.431281	7.3562665	14214	10.139553	1.6671484	66.048195	0	0	0	0	0	0	0	0	0	0	0	0	0	0	0	0	0	0	16.667587	16.644049	14280	22.52854	86.91543	2435.8108	24.364826	24.26773	14280	32.06046	121.816414	3389.4292	21.654564	21.542852	14280	25.862623	105.13192	2907.0674
F3_S19_subsampled_depth_6G_contig_5574	10.100844	9.843603	10561	22.979086	2.3037698	87.80416	10.985319	10.678145	10205	44.61153	2.5057626	96.29762	9.983976	9.644563	10524	29.278801	2.3064167	88.48058	9.654193	9.470149	10035	31.430735	2.201038	87.7973	8.50662	8.294563	10412	21.988396	1.9563054	77.77994	9.632508	9.312793	10311	30.599228	2.2133865	87.68877	0	0	0	0	0	0	0	0	0	0	0	0	0	0	0	0	0	0	2.4993284	2.3545842	8832	4.037952	14.138641	396.23627	2.4673767	2.3676972	9137	3.535784	12.580964	350.05362	2.6429667	2.4818764	8605	5.142163	13.229057	365.805
F3_S19_subsampled_depth_6G_contig_5825	20.313675	18.259169	18446	1270.1312	6.0682154	231.27934	21.262627	19.20628	18446	1321.7598	6.35066	244.05891	22.959444	20.5906	18446	1580.038	6.868279	263.48648	26.25164	23.532913	18446	2367.6719	8.021946	319.98773	25.977427	23.303013	18446	2196.8447	7.780988	309.3611	26.472672	23.75255	18446	2242.3647	8.036075	318.369	0	0	0	0	0	0	0	0	0	0	0	0	0	0	0	0	0	0	0	0	0	0	0	0	0	0	0	0	0	0	1.7920856	1.517367	14310	12.531899	11.728408	324.30972
F3_S19_subsampled_depth_6G_contig_5932	199.03845	198.02324	37683	850.35913	44.333416	1689.6901	191.19073	190.72136	37683	639.9787	42.572563	1636.0842	196.1943	195.01392	37683	793.7197	44.038322	1689.4338	171.79082	170.97185	37683	757.28107	38.693558	1543.4489	161.43855	160.67473	37683	575.1278	36.07885	1434.444	169.12141	168.22116	37683	714.4632	38.034718	1506.839	82.059204	79.624016	37683	1035.86	15.483602	124.58357	63.99459	62.218082	37683	661.5029	11.755781	82.200966	77.34959	74.72082	37683	984.0544	14.212806	105.03121	0	0	0	0	0	0	0	0	0	0	0	0	0	0	0	0	0	0
F3_S19_subsampled_depth_6G_contig_6137	2.1123934	1.9685198	9759	3.03896	0.46558776	17.745058	2.1501162	2.0309062	9711	2.7956371	0.47389695	18.21208	2.5923693	2.449048	10404	3.7546673	0.57590145	22.0932	1.8242184	1.7150512	9454	2.3426554	0.40725735	16.245096	2.561106	2.5055017	10670	2.5253572	0.5699467	22.660286	2.439497	2.3724046	10652	2.3583333	0.5420994	21.4766	0	0	0	0	0	0	0	0	0	0	0	0	0	0	0	0	0	0	0	0	0	0	0	0	0	0	0	0	0	0	0	0	0	0	0	0
F3_S19_subsampled_depth_6G_contig_6453	8.7811985	7.7805386	21916	80.48339	2.0469897	78.01745	8.976999	7.7769456	21367	94.0631	2.1066208	80.95844	8.770996	7.629491	21547	83.3528	2.072765	79.51707	9.145655	8.321172	21748	69.38703	2.163648	86.30582	8.67321	7.8141384	21530	68.8841	2.0174522	80.21107	9.21616	8.131819	21709	90.64187	2.1584861	85.51381	0	0	0	0	0	0	0	0	0	0	0	0	0	0	0	0	0	0	0	0	0	0	0	0	0	0	0	0	0	0	0	0	0	0	0	0
F3_S19_subsampled_depth_6G_contig_6872	4.656075	4.581908	14157	4.1779885	1.0373529	39.53686	4.2596636	4.166969	13959	5.272973	0.9543127	36.67469	4.495283	4.429517	13894	5.348449	1.0172362	39.024036	4.810412	4.7654243	13816	6.2848787	1.0918807	43.554058	4.7472873	4.687968	14096	5.0725346	1.0685122	42.482525	4.8316903	4.723505	13856	6.8725796	1.0995702	43.5622	5.456415	5.3157353	13790	9.8038	1.0403284	8.370653	3.391588	3.295091	13590	4.4165874	0.6295906	4.4023414	4.4418755	4.370814	13736	5.775365	0.8192149	6.0539184	0	0	0	0	0	0	0	0	0	0	0	0	0	0	0	0	0	0
F3_S19_subsampled_depth_6G_contig_7090	696.7768	599.53625	125472	426597.9	155.4789	5925.8066	714.4742	619.05927	125472	422394.53	159.33287	6123.2393	680.8083	581.20355	125472	439715.72	153.16328	5875.776	956.92725	863.1567	125472	413833.56	216.01329	8616.561	985.8969	899.2783	125472	382972.88	220.8457	8780.513	958.21375	865.6749	125472	414706.3	215.94846	8555.329	539.73444	473.6778	125472	240756.05	102.04872	821.10046	450.47797	397.1321	125472	158446.4	82.84045	579.2528	478.47595	416.34314	125472	206889.23	87.9988	650.30255	0	0	0	0	0	0	0	0	0	0	0	0	1.6991271	1.5539942	94385	2.547628	8.214751	227.15125
F3_S19_subsampled_depth_6G_contig_7602	15.4847975	14.9921465	13306	100.161156	3.5951805	137.02402	15.345469	14.81819	13306	114.311424	3.5528364	136.53722	16.981226	16.159517	13306	163.2061	3.9857192	152.90347	17.485634	16.741175	13306	140.49823	4.138373	165.07568	18.020294	17.183247	13306	177.46619	4.255451	169.19064	18.190407	17.420284	13306	157.70293	4.2767096	169.43251	0	0	0	0	0	0	0	0	0	0	0	0	0	0	0	0	0	0	0	0	0	0	0	0	0	0	0	0	0	0	0	0	0	0	0	0
F3_S19_subsampled_depth_6G_contig_8011	4.801785	4.6318502	35590	7.3641562	1.0706165	40.80466	4.6047654	4.4725056	35503	6.575358	1.0263358	39.442562	5.0088415	4.8375964	35158	9.046661	1.1252371	43.16725	4.643886	4.4397283	35571	7.6807694	1.049684	41.87087	4.075766	3.9827619	34733	5.022621	0.9130792	36.30273	4.7106714	4.5344453	35386	7.767642	1.0610703	42.03691	2.1134405	1.9130058	27949	4.0748825	0.40026236	3.220576	2.0904188	1.9882299	30587	2.5891275	0.38859352	2.717198	2.2265196	2.0629287	30866	3.4710844	0.41010872	3.0306637	0	0	0	0	0	0	0	0	0	0	0	0	0	0	0	0	0	0
F3_S19_subsampled_depth_6G_contig_8226	3.2485712	3.1465263	11194	4.1105328	0.7186733	27.390984	3.083767	2.9034214	10788	5.283035	0.68151695	26.191002	3.4218204	3.3376932	10970	4.3147154	0.761576	29.216196	2.8780177	2.7681737	10876	3.86978	0.6466094	25.792622	3.649919	3.6193726	10888	4.4560027	0.80855554	32.147015	3.5803123	3.5205195	11317	4.103322	0.79976594	31.684708	0	0	0	0	0	0	0	0	0	0	0	0	0	0	0	0	0	0	3.6508572	3.490001	11052	6.4159675	19.228556	538.88153	3.664591	3.4985309	11288	5.2043314	17.936409	499.06387	3.5640194	3.4834614	11119	5.000401	17.117035	473.3137
F3_S19_subsampled_depth_6G_contig_8819	50.639957	49.562737	43134	254.37582	11.277349	429.8164	47.87728	46.972107	43134	178.87732	10.667132	409.94284	50.33103	49.605515	43134	201.97223	11.312968	433.99734	45.053623	44.356304	43134	171.04185	10.140406	404.49103	44.15278	43.302822	43134	169.87474	9.870029	392.41837	45.202774	44.392597	43134	175.19424	10.16979	402.90137	21.400917	20.406994	43134	128.36557	4.0387177	32.49616	17.493929	16.84364	43134	82.54582	3.2128541	22.46553	19.743114	19.026546	43134	89.78171	3.619564	26.74823	53.901264	53.704365	43134	89.63888	282.86435	7927.292	58.753162	58.54689	43134	81.6688	292.41776	8136.256	51.62	51.546165	43134	66.97909	250.30638	6921.3755
F3_S19_subsampled_depth_6G_contig_9452	23.368599	23.15517	34556	29.894522	5.2418504	199.7839	22.475992	22.338629	34555	29.1764	5.043681	193.83101	23.99692	23.770813	34555	40.470367	5.4372015	208.58629	23.651863	23.555868	34555	30.626595	5.3654256	214.02167	23.127333	22.88116	34555	35.477154	5.2013702	206.7991	22.833633	22.640444	34555	33.35438	5.176835	205.09314	13.217811	13.038236	33946	44.517063	2.4977112	20.096992	11.29739	11.194665	33895	33.720825	2.0752766	14.511147	11.9159155	11.852386	33866	29.9454	2.1925087	16.202423	35.786957	35.692436	34555	60.181892	189.50645	5310.9316	35.466286	35.365208	34555	36.23078	177.4431	4937.1904	33.512905	33.259315	34555	46.245228	163.1768	4512.1035
F3_S19_subsampled_depth_6G_contig_9534	124.86964	108.3211	38352	21475.55	27.87302	1062.3312	116.103035	100.379585	38352	18822.6	25.906359	995.5936	122.10397	104.88066	38285	21943.367	27.468348	1053.763	141.64156	117.815865	38352	37314.64	31.984058	1275.813	137.06078	114.011055	38304	34524.906	30.70586	1220.8213	138.95859	114.79626	38340	37742.223	31.328257	1241.1461	48.611877	45.007534	36064	1897.9448	9.167938	73.76674	38.56633	35.902332	35728	1092.6847	7.075513	49.474747	48.255196	44.588158	35871	1815.5552	8.8552885	65.439705	11.829642	4.3759527	33735	1536.1624	71.16179	1994.3135	12.590571	4.603775	35443	1780.0054	73.58852	2047.532	13.533847	5.191728	36083	1962.3405	76.333435	2110.7434
F3_S19_subsampled_depth_6G_contig_9544	74.124916	73.833084	45076	133.11777	16.529312	629.9857	76.974	76.58804	45076	140.30281	17.156363	659.32715	77.11276	76.80037	45076	155.86769	17.324373	664.61176	74.080956	73.55898	45076	174.31007	16.716658	666.8112	79.321106	78.75518	45076	182.93547	17.738052	705.2397	75.301	74.650566	45076	179.48483	16.958723	671.8617	45.088367	42.922764	45076	437.9306	8.518948	68.54485	39.37702	37.997627	45076	270.94125	7.231883	50.56813	45.876286	44.246204	45076	370.87146	8.441322	62.38057	50.947334	50.680862	45076	96.54321	269.67142	7557.558	54.188534	54.01491	45076	81.42575	271.58084	7556.484	49.695343	49.470917	45076	82.3423	242.54437	6706.745
F3_S19_subsampled_depth_6G_contig_9570	31.479124	30.16028	10617	320.25055	8.25209	314.51407	31.575523	30.147331	10617	418.46027	8.238079	316.5932	33.15219	31.669355	10617	400.74512	8.759134	336.02505	36.722652	35.335316	10617	483.451	9.829094	392.07306	37.72313	35.84959	10617	550.325	9.927256	394.69354	35.485813	33.836536	10617	492.54874	9.560271	378.75388	0	0	0	0	0	0	1.5734212	1.4456003	8043	2.040352	0.31621543	2.2111003	0	0	0	0	0	0	3.274004	3.0812016	9889	7.955298	22.974222	643.85394	2.9433458	2.8055408	9868	5.3727694	16.750439	466.06543	3.4356549	3.1848	10283	9.2906	19.553652	540.6902
F3_S19_subsampled_depth_6G_contig_9987	565.1614	559.6882	34334	49437.395	125.762695	4793.225	557.679	551.76166	34334	47102.17	124.03816	4766.8467	548.4888	543.164	34334	43927.992	123.056046	4720.7764	551.3058	546.07635	34334	46802.535	124.08299	4949.552	565.8074	560.8574	34334	46998.24	126.36114	5023.939	559.3577	554.47845	34334	48033.35	125.69041	4979.5356	187.33296	185.8853	34334	4697.7773	35.34896	284.42337	160.91376	158.8499	34334	3285.3665	29.529469	206.48164	191.51509	189.84087	34334	4789.1167	35.144993	259.7181	4.519922	4.3501267	32023	9.865268	23.651955	662.8473	5.8134212	5.71553	33953	9.595238	28.77121	800.5322	5.5002923	5.35718	33456	10.772079	26.562244	734.4892
F3_S19_subsampled_depth_6G_contig_10083	5.9839478	5.898899	11052	5.2142177	1.3404664	51.08951	5.572372	5.470852	11052	5.949583	1.2516313	48.100784	5.7249126	5.608846	11014	8.798829	1.311491	50.312508	4.4707394	4.3851404	10891	5.040104	1.020449	40.704735	4.7776556	4.650122	10989	5.275575	1.0850121	43.138527	4.933315	4.821647	10947	6.593022	1.1138612	44.128353	0	0	0	0	0	0	0	0	0	0	0	0	0	0	0	0	0	0	0	0	0	0	0	0	0	0	0	0	0	0	0	0	0	0	0	0
F3_S19_subsampled_depth_6G_contig_10140	54.69264	44.628326	56826	3740.0457	12.201122	465.0243	55.097397	45.31633	56826	3500.0564	12.283651	472.0666	56.273838	46.124447	56826	3865.4204	12.651584	485.35034	58.11751	47.85191	56826	3631.259	13.113669	523.0915	59.719105	50.80988	56826	3176.235	13.38154	532.031	58.5027	49.196316	56826	3366.6467	13.178814	522.11145	30.290953	29.318819	56826	199.08101	5.72349	46.052116	26.875715	26.242756	56826	144.08498	4.946224	34.585907	29.261292	28.319878	56818	177.73227	5.3776464	39.740276	91.80122	86.23137	56826	1303.0914	491.39606	13771.403	91.806656	86.137405	56826	1117.2474	458.34656	12753.069	119.94248	111.62123	56826	2129.371	584.60126	16165.175
F3_S19_subsampled_depth_6G_contig_10166	59.29154	49.882156	54966	3296.0928	13.233115	504.3571	59.472527	49.96137	54966	3215.372	13.263732	509.73154	58.258682	48.66266	54966	3404.897	13.114205	503.09772	51.031525	43.464893	54966	2259.6487	11.522915	459.63794	52.650997	45.49688	54966	2076.0298	11.794903	468.94852	51.85291	44.393993	54966	2193.8784	11.684988	462.92957	41.730972	40.449226	54966	314.9152	7.8914447	63.49582	31.992174	31.483704	54966	157.18135	5.8810906	41.12289	39.481594	38.587746	54966	210.63008	7.25756	53.632675	0	0	0	0	0	0	0	0	0	0	0	0	0	0	0	0	0	0
F3_S19_subsampled_depth_6G_contig_10171	210.77933	210.70575	42987	2564.3357	46.997776	1791.2374	205.05177	204.86502	42987	2448.8171	45.688732	1755.8397	200.67586	199.8353	42987	2536.788	45.08755	1729.6857	200.31459	199.4551	42987	1950.4701	45.173855	1801.9415	198.44275	198.83652	42987	1889.506	44.4052	1765.4877	206.25719	205.39984	42987	2242.9553	46.429802	1839.4313	0	0	0	0	0	0	0	0	0	0	0	0	0	0	0	0	0	0	34.79312	31.325691	42987	459.89746	183.0798	5130.8237	51.06214	46.903152	42987	689.96246	256.23642	7129.543	40.335457	36.967422	42987	428.06033	197.03923	5448.4546
F3_S19_subsampled_depth_6G_contig_10235	4.0505795	3.890753	2761	8.256751	0.9751933	37.167774	7.86477	7.599688	2930	20.854862	1.9045056	73.19108	14.072005	13.62661	2849	54.150475	3.3447788	128.31512	1.7109238	1.481467	0	3.160608	0	0	0	0	0	0	0	0	2.1584125	1.9364027	2654	3.8599987	0.6223594	24.656317	64892.64	65705.555	2990	953582200	11696.929	94115.35	84640.12	85646.664	2987	1660116900	14832.408	103713.96	89501.164	90518.33	2980	1882630900	15683.951	115902.89	0	0	0	0	0	0	0	0	0	0	0	0	0	0	0	0	0	0
F3_S19_subsampled_depth_6G_contig_986|provirus_293_15459	21.284477	21.169046	15167	37.143497	4.799737	182.93362	23.043085	22.73071	15167	38.631943	5.211069	200.26384	24.050941	23.845306	15167	45.4037	5.481687	210.29303	24.428846	24.118666	15167	50.007725	5.5813913	222.63626	26.609377	26.436562	15167	51.17305	6.040803	240.17365	25.201305	24.789377	15167	59.933304	5.7531466	227.92506	0	0	0	0	0	0	0	0	0	0	0	0	0	0	0	0	0	0	4.4977026	4.4280534	14788	6.060082	27.212103	762.6209	4.119531	4.0471997	14849	4.717397	20.741179	577.104	5.4408336	5.4019384	15034	5.340949	26.462858	731.7408
F3_S19_subsampled_depth_6G_contig_1133|provirus_3199_17892	18.853342	16.608862	14694	212.58849	4.53129	172.70212	17.927462	15.632315	14694	225.57138	4.282029	164.56046	16.98336	15.249503	14694	164.2595	4.1047463	157.46962	16.670036	14.511001	14694	207.01144	4.0503087	161.56296	17.446852	15.539878	14694	186.63431	4.1744123	165.96867	16.204895	14.648586	14694	131.3368	3.8819623	153.79353	0	0	0	0	0	0	0	0	0	0	0	0	0	0	0	0	0	0	21.287472	19.382658	14694	207.48299	116.70462	3270.6553	30.855541	27.474407	14694	505.1682	163.3886	4546.137	29.662817	26.520779	14694	433.3417	153.52742	4245.282
F3_S19_subsampled_depth_6G_contig_1536|provirus_26296_81043	25.421627	18.373056	54748	7426.308	6.253878	238.35551	23.257408	16.403725	54748	6998.254	5.7408214	220.62242	25.190447	17.862312	54740	7519.8984	6.2637167	240.2937	22.51152	15.449878	54748	7361.8115	5.653788	225.52415	20.848822	14.168213	54748	6900.036	5.218617	207.48479	21.532492	14.850407	54748	6541.5557	5.402729	214.04248	3.4488993	2.886386	44231	27.556698	0.68000346	5.4714193	3.0402944	2.4620676	43127	23.224781	0.58607787	4.0980835	3.7777574	3.1352055	47809	41.974453	0.73116016	5.4032006	0	0	0	0	0	0	0	0	0	0	0	0	0	0	0	0	0	0
F3_S19_subsampled_depth_6G_contig_4168|provirus_3319_18567	24.962778	22.43676	15249	1230.3708	6.4636374	246.3501	26.136168	23.302994	15249	1439.1901	6.7551355	259.60297	28.763626	25.717754	15249	1746.6028	7.5287137	288.82248	32.6915	29.53094	15249	1873.6023	8.478549	338.20108	29.889065	26.615923	15249	1922.0425	7.846158	311.95224	32.08855	28.957397	15249	1857.0984	8.38872	332.33978	0	0	0	0	0	0	0	0	0	0	0	0	0	0	0	0	0	0	0	0	0	0	0	0	0	0	0	0	0	0	0	0	0	0	0	0
F3_S19_subsampled_depth_6G_contig_4678|provirus_70282_102258	30.562447	30.744806	31977	88.022934	6.8391404	260.66177	25.804003	25.892965	31977	64.391815	5.7728076	221.85162	27.86169	27.882736	31977	80.65644	6.28664	241.17322	24.29673	24.42147	31962	56.885693	5.5092044	219.75684	22.311874	22.40953	31940	53.03092	5.0225463	199.6894	23.689508	23.65247	31977	56.83608	5.3567944	212.22272	6.027555	5.8192706	31462	13.114647	1.1483135	9.239516	5.5891223	5.443882	31656	9.651229	1.0344077	7.232985	7.124454	6.972386	31670	12.751147	1.3206996	9.759842	0	0	0	0	0	0	0	0	0	0	0	0	0	0	0	0	0	0
F3_S19_subsampled_depth_6G_contig_6813|provirus_71541_86886	31.29975	31.16925	15346	43.334747	7.116722	271.24136	33.915306	33.6316	15346	55.070877	7.679483	295.1263	34.766647	34.629623	15346	38.914017	7.898215	302.9976	36.987564	36.732418	15346	70.67259	8.504646	339.24203	39.075085	38.804577	15346	52.961205	8.898442	353.78937	38.364174	38.096653	15346	62.66591	8.793142	348.36203	0	0	0	0	0	0	0	0	0	0	0	0	0	0	0	0	0	0	2.7351277	2.6261148	13537	3.6678436	17.202911	482.11258	2.7555277	2.575011	13830	4.763856	13.828471	384.76443	3.1347065	3.0565872	14371	3.5591488	15.331765	423.94806
F3_S19_subsampled_depth_6G_contig_6864|provirus_36830_60607	28.023829	27.902708	23778	45.3482	6.2968817	239.9946	27.865965	27.803772	23778	47.065834	6.245421	240.0145	30.746445	30.527414	23778	54.961273	6.9603243	267.01755	33.454544	33.30777	23778	55.907818	7.5802937	302.37064	33.97668	33.764553	23778	48.954163	7.655357	304.36603	34.008	33.832455	23778	53.559994	7.717338	305.74152	0	0	0	0	0	0	0	0	0	0	0	0	0	0	0	0	0	0	3.153589	2.9992006	21881	4.754544	18.67101	523.25635	2.7514389	2.644456	21466	3.7367928	13.827015	384.72388	4.360674	4.324791	23242	4.2560763	21.290913	588.7283
F3_S19_subsampled_depth_6G_contig_7488|provirus_54099_83492	238.29175	238.34213	29394	2181.338	53.372364	2034.1938	224.1624	224.5549	29394	1901.684	50.147083	1927.1763	225.32742	225.58272	29394	1975.3092	50.87372	1951.6587	226.17932	226.22253	29394	1439.7659	51.2345	2043.6947	209.8029	209.81459	29394	1685.5704	47.119286	1873.3958	220.92354	221.59009	29394	1767.8711	49.932564	1978.202	2.4594104	2.1985562	24059	5.723449	0.46773633	3.763483	2.474764	2.269073	23702	5.1008573	0.45873556	3.207659	3.4489467	3.1208966	25943	9.3189745	0.6368932	4.7065797	0	0	0	0	0	0	0	0	0	0	0	0	0	0	0	0	0	0
F3_S19_subsampled_depth_6G_contig_7575|provirus_105707_121283	23.352175	23.351675	15577	30.428854	5.2427526	199.81839	21.465223	21.429672	15577	29.329056	4.8346553	185.79811	22.624683	22.59251	15577	23.549007	5.130866	196.8344	18.245285	18.162622	15577	24.59223	4.1391053	165.10498	16.832502	16.705149	15577	20.225025	3.8188474	151.83197	18.568483	18.389126	15577	27.901108	4.2388444	167.93227	0	0	0	0	0	0	0	0	0	0	0	0	0	0	0	0	0	0	0	0	0	0	0	0	1.8810527	1.7637738	12920	2.4132462	10.121613	281.62442	2.2137163	2.0450127	12832	3.8632421	12.018053	332.31854
F3_S19_subsampled_depth_6G_contig_8036|provirus_68890_79729	83.7696	83.0237	10840	263.00317	19.269909	734.4388	81.044525	79.84899	10840	270.2568	18.565538	713.4824	77.82264	76.90023	10840	226.02666	18.032646	691.7832	71.32488	70.32104	10840	174.73375	16.618294	662.88776	65.993355	65.343376	10840	122.62424	15.185829	603.7671	70.487656	69.93879	10840	196.88643	16.34328	647.4795	0	0	0	0	0	0	0	0	0	0	0	0	1.6656688	1.5427146	8316	2.1336982	0.32000563	2.3648098	0	0	0	0	0	0	0	0	0	0	0	0	2.6182413	2.4555185	9842	4.198619	13.708366	379.0585
F3_S19_subsampled_depth_6G_contig_8432|provirus_28189_72810	15.848669	15.689452	44622	21.10012	3.5429184	135.0321	15.36252	15.335232	44622	17.842628	3.4378917	132.11987	15.179147	15.10783	44622	17.357513	3.419072	131.16524	15.932565	15.833433	44622	21.267096	3.6061885	143.84735	14.417004	14.358017	44622	17.592712	3.2346494	128.6051	15.720183	15.635112	44622	18.797508	3.549982	140.6413	0	0	0	0	0	0	0	0	0	0	0	0	0	0	0	0	0	0	0	0	0	0	0	0	1.6131948	1.4805126	34450	2.1150901	8.104896	225.51125	0	0	0	0	0	0
F3_S19_subsampled_depth_6G_contig_8580|provirus_17236_70027	22.541355	22.436342	52792	26.653313	5.0385504	192.03558	21.558413	21.442083	52792	25.433805	4.8329062	185.73097	21.501616	21.354996	52792	25.357136	4.854204	186.22102	22.163519	22.080965	52792	24.35594	5.014535	200.02486	21.624178	21.55053	52792	29.203909	4.8606944	193.25421	21.887144	21.803938	52792	26.207632	4.9502397	196.116	21.277458	20.525328	52792	94.01303	4.040958	32.5142	15.000437	14.506437	52791	53.79463	2.7778106	19.423542	17.959747	17.390688	52792	61.609467	3.3239946	24.563986	0	0	0	0	0	0	0	0	0	0	0	0	0	0	0	0	0	0
F3_S19_subsampled_depth_6G_contig_8719|provirus_11309_25305	18.734528	18.621038	13997	21.64495	4.200116	160.08003	17.52719	17.379442	13997	20.345768	3.9411473	151.46016	18.147974	18.129744	13997	24.631645	4.10107	157.32866	16.366722	16.269518	13997	18.481276	3.7253537	148.60078	14.1122265	14.035144	13997	17.926884	3.154955	125.43646	15.806312	15.8013315	13997	18.412575	3.5931184	142.3503	0	0	0	0	0	0	0	0	0	0	0	0	0	0	0	0	0	0	0	0	0	0	0	0	0	0	0	0	0	0	0	0	0	0	0	0
F3_S19_subsampled_depth_6G_contig_9209|provirus_2_39110	35.783363	35.323086	39109	128.40044	8.107883	309.01788	37.33951	36.696507	39109	170.64479	8.45285	324.84708	39.003464	38.505604	39109	160.89142	8.912212	341.89755	40.73426	40.108997	39109	174.08018	9.36606	373.603	40.730972	40.03847	39109	138.53627	9.281246	369.00925	40.860085	40.272694	39106	145.09729	9.359897	370.81546	2.9256911	2.3594468	31163	15.288204	0.55408394	4.4582467	0	0	0	0	0	0	0	0	0	0	0	0	2.9797993	2.7919862	34035	5.933187	17.873924	500.91772	2.5230114	2.3887067	34321	3.7341015	12.858474	357.77512	3.3964937	3.2458863	36403	5.4218483	16.949211	468.6733
F4_S20_subsampled_depth_6G_contig_1215	17.005695	16.937727	40704	18.481838	3.8080158	145.13576	16.859398	16.665287	40704	23.618044	3.7853065	145.4711	16.340385	16.210054	40704	20.923569	3.6982574	141.87553	17.056887	16.812712	40704	28.47803	3.8832026	154.89719	17.800932	17.64956	40704	28.330038	4.0119076	159.5078	18.141737	17.868849	40704	30.829063	4.11081	162.85994	7.810376	7.5968766	39275	22.068848	1.4761854	11.87762	7.041895	6.8658905	38380	19.428497	1.2980433	9.0764265	8.312275	8.1524105	38739	24.442316	1.5306076	11.311039	0	0	0	0	0	0	0	0	0	0	0	0	0	0	0	0	0	0
F4_S20_subsampled_depth_6G_contig_1702	3.9265997	3.600137	12683	17.924908	0.9550656	36.400635	4.27101	3.9950316	13017	12.30815	1.0134012	38.945477	4.3875866	4.029039	12782	18.19528	1.0634713	40.797733	4.415035	4.0554223	12580	21.002766	1.0822723	43.17079	3.890825	3.5412884	12479	16.929401	0.9525011	37.8701	4.3089437	3.8818743	12849	24.034626	1.0778729	42.702602	0	0	0	0	0	0	0	0	0	0	0	0	0	0	0	0	0	0	0	0	0	0	0	0	0	0	0	0	0	0	0	0	0	0	0	0
F4_S20_subsampled_depth_6G_contig_2624	5.550955	5.4508653	28265	7.1646338	1.2423369	47.349495	5.908767	5.821314	28150	7.313205	1.3181559	50.65733	5.7212276	5.632018	28317	7.0824833	1.280892	49.13863	6.288498	6.149205	28432	7.9023547	1.4217626	56.712746	5.5270987	5.366651	27933	8.686038	1.2338729	49.05702	5.767461	5.663613	28274	6.394351	1.2957479	51.334244	5.6585736	5.514721	28050	9.222925	1.0699749	8.609196	4.925259	4.830436	27422	7.6371865	0.8990205	6.286302	5.207837	5.1314306	27714	7.6157517	0.95731914	7.074495	0	0	0	0	0	0	0	0	0	0	0	0	0	0	0	0	0	0
F4_S20_subsampled_depth_6G_contig_2812	3.0390754	2.929459	13607	4.0034513	0.6712396	25.583118	2.8754773	2.7735262	13501	3.7013311	0.6391412	24.56251	2.8786142	2.7613275	13382	3.872191	0.6423865	24.643763	2.392185	2.322852	13208	2.4657674	0.54117006	21.586746	2.7636387	2.5772088	13758	4.2765303	0.616201	24.499273	2.603655	2.5604637	13444	2.5164323	0.58146924	23.036325	0	0	0	0	0	0	1.5766503	1.4600697	0	1.9933058	0	0	2.4674714	2.3570237	12621	3.868955	0.44973782	3.323518	0	0	0	0	0	0	0	0	0	0	0	0	0	0	0	0	0	0
F4_S20_subsampled_depth_6G_contig_3194	5.844936	5.6494255	6477	11.147817	1.4306153	54.5254	11.420665	11.277603	6528	22.443842	2.7413666	105.352036	10.35011	9.812261	6527	37.33404	2.4901388	95.52873	0	0	0	0	0	0	0	0	0	0	0	0	0	0	0	0	0	0	29595.12	29877.568	6528	14879354	5511.36	44345.285	35140.59	35484.535	6524	21076838	6364.0156	44499.684	16989.082	17160.332	6528	4982791.5	3076.326	22733.754	0	0	0	0	0	0	0	0	0	0	0	0	0	0	0	0	0	0
F4_S20_subsampled_depth_6G_contig_3829	7033.1553	7052.334	40574	1144385.5	1566.7034	59712.156	7068.752	7093.2236	40689	1137834.8	1573.9551	60487.844	6722.691	6746.7617	40605	996008.8	1509.6582	57914.746	6048.9395	6070.2036	40625	792714.3	1362.7743	54359.75	6027.0366	6052.3945	40586	775745.9	1346.8796	53550.023	6195.3076	6214.835	40562	867765.94	1393.289	55198.586	197.70944	193.98665	40593	7715.339	37.25892	299.79135	176.60504	173.78616	40592	6035.349	32.36295	226.29436	259.0149	255.8286	40554	11559.128	47.47783	350.8564	17.879967	17.779867	40426	33.272633	94.87304	2658.8235	21.380695	21.333433	40326	37.33751	106.60468	2966.1772	22.38267	22.286102	40342	43.096058	108.613	3003.326
F4_S20_subsampled_depth_6G_contig_3836	3.5224938	3.364266	13485	6.0885367	0.7912718	30.157938	3.8315976	3.71098	13309	6.1166716	0.84968024	32.6536	3.198654	3.0379379	13335	5.0846653	0.7217126	27.686913	3.1894438	3.0794175	13541	4.556711	0.7286916	29.06679	3.4906836	3.40244	13133	5.360318	0.78159475	31.075102	3.422175	3.3744195	13296	4.2054176	0.78214896	30.986765	1.8663833	1.7371113	10826	2.8221624	0.35894698	2.888145	0	0	0	0	0	0	1.439249	1.3659977	10955	1.4003582	0.26054236	1.9253839	0	0	0	0	0	0	0	0	0	0	0	0	0	0	0	0	0	0
F4_S20_subsampled_depth_6G_contig_4676	8.685972	8.525025	36966	19.574799	1.9694499	75.06214	8.831738	8.630054	36959	19.362349	1.9963994	76.722534	8.393251	8.122213	37006	19.242151	1.9188297	73.61171	7.6922455	7.517124	36606	16.281784	1.768293	70.53547	8.01187	7.793096	36826	19.100769	1.8223578	72.45436	7.875054	7.7034187	36869	17.748959	1.7982056	71.24037	0	0	0	0	0	0	0	0	0	0	0	0	0	0	0	0	0	0	13.408393	5.9553866	29640	1423.4825	80.6252	2259.5269	14.289828	6.181007	27979	1713.6217	82.401146	2292.7356	14.68581	6.4157305	31136	1724.6901	81.89729	2264.593
F4_S20_subsampled_depth_6G_contig_5041	20.7524	19.59215	17133	292.22778	5.0881763	193.92696	23.902372	22.701668	17133	370.06512	5.8535843	224.956	23.973797	22.61845	17131	437.57654	5.963543	228.77829	26.86145	25.14498	17133	569.5071	6.691669	266.92413	28.69758	27.062086	17133	649.76215	7.152448	284.37128	27.051992	25.705593	17133	486.39294	6.696285	265.2898	0	0	0	0	0	0	0	0	0	0	0	0	0	0	0	0	0	0	3.8925395	3.5125287	13320	16.359255	24.349958	682.4091	0	0	0	0	0	0	3.9736207	3.6767418	14850	14.864925	20.960339	579.58734
F4_S20_subsampled_depth_6G_contig_5279	4.200613	4.0121655	6350	7.731361	0.9887567	37.684734	10.838662	10.682725	6891	30.670961	2.5568855	98.262314	16.139582	16.094566	6752	68.97992	3.904811	149.79956	0	0	0	0	0	0	0	0	0	0	0	0	2.1842604	2.0671532	5439	3.267737	0.52814823	20.923908	69329.55	69444.88	6999	991209340	12867.522	103534.16	90438.29	90567.38	6999	1687889500	16320.719	114120.836	94910.16	95109.625	6999	1853170700	17129.018	126581.76	0	0	0	0	0	0	0	0	0	0	0	0	0	0	0	0	0	0
F4_S20_subsampled_depth_6G_contig_5637	9.641017	9.456643	33598	24.06006	2.1681066	82.63358	9.44318	9.168378	33769	25.046713	2.1202428	81.48198	8.719718	8.550355	33585	20.172321	1.9773214	75.8556	8.688998	8.413402	33595	23.934057	1.981384	79.03547	8.722333	8.495263	33660	19.79776	1.9746802	78.5105	8.839538	8.65859	33693	21.458263	2.004142	79.399	3.9787278	3.7234528	29272	10.692995	0.75641406	6.0862317	3.1605217	2.9365902	28612	7.7252874	0.5811535	4.063653	4.571972	4.395709	31289	9.880458	0.83954257	6.2041354	0	0	0	0	0	0	0	0	0	0	0	0	0	0	0	0	0	0
F4_S20_subsampled_depth_6G_contig_6100	3.956871	3.8507938	11357	5.315629	0.87806576	33.465946	4.4118395	4.3700085	11899	3.7241495	0.972913	37.389507	5.246004	4.9301887	11944	10.545956	1.1792964	45.24114	5.0857506	5.0261207	11664	7.109695	1.1403669	45.48812	5.098351	4.8111434	11688	11.495824	1.1392131	45.293503	5.3736997	5.2068024	11748	9.161166	1.2064224	47.79542	0	0	0	0	0	0	0	0	0	0	0	0	0	0	0	0	0	0	0	0	0	0	0	0	0	0	0	0	0	0	0	0	0	0	0	0
F4_S20_subsampled_depth_6G_contig_7553	2.5992854	2.4877002	14950	3.599655	0.5754355	21.931705	2.2835636	2.202395	15090	2.6058383	0.5029863	19.33	2.748887	2.6838474	15269	3.3050482	0.6115603	23.461168	2.4374413	2.3106859	15045	3.117286	0.5483468	21.87301	2.8633435	2.775218	15363	3.6351807	0.6337046	25.195185	2.7009137	2.621567	15828	3.0268214	0.60256404	23.872072	0	0	0	0	0	0	0	0	0	0	0	0	0	0	0	0	0	0	0	0	0	0	0	0	1.528292	1.4567877	13112	1.5235391	7.5494742	210.05711	1.6774836	1.5352727	13743	2.1844196	8.078572	223.38574
F4_S20_subsampled_depth_6G_contig_8447	4.6992316	4.598951	26568	5.302728	1.0465571	39.887676	4.6633687	4.516509	26506	6.3385925	1.0322204	39.668713	4.8989697	4.810343	26434	6.2818027	1.0966817	42.071804	4.478921	4.428946	25834	5.599362	1.0101721	40.29479	4.7592654	4.666028	26369	5.734429	1.0619259	42.220642	4.644594	4.52034	26245	6.416856	1.0463912	41.455383	2.1204796	1.9291751	21902	3.8348696	0.3974324	3.197806	1.9973394	1.8057625	21039	3.7546399	0.3691696	2.5813773	2.0528762	1.8707582	21179	3.621286	0.37548783	2.7748172	0	0	0	0	0	0	0	0	0	0	0	0	0	0	0	0	0	0
F4_S20_subsampled_depth_6G_contig_8482	5.0973577	4.9370885	40682	9.085365	1.189574	45.33853	5.2161593	5.019099	40824	12.646061	1.2366405	47.524662	5.3731112	5.153571	40505	13.1804285	1.2669218	48.602707	5.987501	5.7792997	40804	14.303337	1.4197422	56.632107	5.845587	5.6494746	41079	11.855876	1.3777772	54.77844	6.968184	6.788487	41266	13.664529	1.6313956	64.63175	0	0	0	0	0	0	0	0	0	0	0	0	0	0	0	0	0	0	0	0	0	0	0	0	0	0	0	0	0	0	0	0	0	0	0	0
F4_S20_subsampled_depth_6G_contig_8652	4.304072	4.180479	15496	6.386824	0.95192087	36.28079	4.661233	4.519239	15869	5.4870677	1.0357803	39.805515	4.6492453	4.5814657	15383	5.486604	1.0426165	39.997726	4.4694915	4.426145	15378	5.203477	1.0031319	40.013977	4.741469	4.642706	15561	5.52212	1.0560684	41.98779	4.5483317	4.4565187	15416	5.3567176	1.0248882	40.603466	3.1483572	2.942706	13287	7.0782104	0.59188026	4.7623634	2.43283	2.2379844	13109	4.7922845	0.44780695	3.131239	2.6952302	2.4894292	13957	5.1225233	0.49470747	3.655842	5.6761384	5.431431	14914	15.401481	29.809557	835.41486	5.3877964	5.111698	15356	14.362894	27.605427	768.09546	5.667132	5.3187456	15212	21.302828	28.466972	787.15814
F4_S20_subsampled_depth_6G_contig_8666	89.07931	87.213745	50095	505.70175	19.955729	760.57776	90.70936	88.782364	50095	575.795	20.308056	780.448	89.78885	87.54559	50092	605.3173	20.278969	777.95856	81.338036	79.67438	50095	420.57794	18.438469	735.49255	85.468254	83.54261	50095	494.6199	19.226082	764.4015	82.80601	80.90401	50078	487.49512	18.72912	742.00024	58.93653	57.495583	50016	796.51	11.155939	89.762505	46.49973	45.32707	50010	504.69678	8.559058	59.84829	54.303715	53.06445	50005	646.22394	10.004898	73.9352	0	0	0	0	0	0	0	0	0	0	0	0	0	0	0	0	0	0
F4_S20_subsampled_depth_6G_contig_9404	4.570319	4.3415065	32908	9.758808	1.0184076	38.814808	4.57577	4.3871903	33590	7.6953526	1.018829	39.15406	4.4440994	4.217642	32811	9.783486	0.9960264	38.21038	4.4505467	4.2253914	32691	9.149561	1.004041	40.050205	4.44577	4.254599	33058	8.127319	0.9916639	39.427143	4.2965155	4.112891	32507	8.5187235	0.9687147	38.37801	0	0	0	0	0	0	0	0	0	0	0	0	1.7861559	1.647032	25919	2.6972797	0.32934275	2.4338112	0	0	0	0	0	0	0	0	0	0	0	0	0	0	0	0	0	0
F4_S20_subsampled_depth_6G_contig_9974	15.542225	14.62132	23185	133.72571	3.5048661	133.58182	14.972848	14.06949	23205	124.007935	3.3727238	129.61537	15.728779	15.092285	23147	118.82784	3.5785027	137.28145	21.48111	20.663967	23205	265.5514	4.8982215	195.38533	21.1054	20.035227	23205	272.6988	4.7655687	189.47224	20.723053	19.785698	23201	239.12488	4.71902	186.95557	12.521795	12.28201	22672	43.44898	2.3589725	18.980673	10.278421	10.244181	22516	29.004414	1.8808175	13.151414	10.954674	10.870705	22747	32.133934	2.0014737	14.790693	0	0	0	0	0	0	0	0	0	0	0	0	0	0	0	0	0	0
F4_S20_subsampled_depth_6G_contig_10144	10.046841	9.814851	13856	13.460343	2.361453	90.00261	11.371005	10.969764	13856	22.527872	2.6170132	100.57307	12.651904	12.280317	13856	25.145731	2.9867287	114.579285	12.961842	12.6516695	13856	20.485453	3.0498366	121.65501	13.578141	13.0566635	13856	30.528622	3.1676118	125.939766	13.424193	12.982328	13856	28.012823	3.145072	124.599724	0	0	0	0	0	0	0	0	0	0	0	0	0	0	0	0	0	0	0	0	0	0	0	0	0	0	0	0	0	0	1.6184883	1.5163748	10435	2.0645075	7.990805	220.95868
F4_S20_subsampled_depth_6G_contig_10261	91.098724	89.39168	32249	456.27866	20.288116	773.2461	89.16742	87.40632	32249	452.6288	19.844927	762.6499	88.50453	86.382195	32249	525.0565	19.886454	762.9006	77.59506	75.5005	32249	463.59674	17.48055	697.28235	78.12583	76.162994	32249	451.30588	17.465115	694.3881	79.32425	77.3344	32243	425.633	17.843489	706.9137	3.8960092	3.6230314	28239	10.621499	0.7333538	5.900683	3.7284029	3.4476135	28168	10.946732	0.68435764	4.7852955	5.3761177	5.028348	29781	18.726965	0.98686546	7.292843	0	0	0	0	0	0	0	0	0	0	0	0	0	0	0	0	0	0
F4_S20_subsampled_depth_6G_contig_10327	6.4592543	5.7940097	15791	30.159573	1.5001456	57.17543	6.733549	6.1490626	15912	27.112041	1.5531663	59.688923	6.703542	5.750709	15743	44.020935	1.587496	60.900784	7.0838575	6.0865326	15710	47.93015	1.6740849	66.77763	6.9750357	6.315833	15718	32.274246	1.6537701	65.75156	6.469402	5.7894444	15868	30.252195	1.533225	60.742493	4.484405	4.2686586	15241	9.860905	0.85149074	6.8512335	4.496918	4.3173547	15861	7.512117	0.8401693	5.8747926	5.190002	5.0014524	15907	9.234599	0.95600766	7.0648	0	0	0	0	0	0	0	0	0	0	0	0	0	0	0	0	0	0
F4_S20_subsampled_depth_6G_contig_10331	13.08813	12.934166	34951	21.63622	2.9132955	111.0352	13.6759	13.487979	34951	22.701998	3.0423453	116.91875	12.869487	12.721624	34951	18.798311	2.8865116	110.734665	11.901899	11.680661	34873	21.509296	2.677664	106.80941	11.769633	11.661186	34951	15.101272	2.6339376	104.72156	12.097037	11.967913	34914	16.533312	2.7178085	107.6727	0	0	0	0	0	0	0	0	0	0	0	0	2.293756	2.1300406	28960	3.82609	0.41984016	3.1025782	0	0	0	0	0	0	0	0	0	0	0	0	0	0	0	0	0	0
F4_S20_subsampled_depth_6G_contig_1353|provirus_7803_32015	77.84154	75.77056	24213	1203.0894	17.591167	670.4564	78.217926	75.887566	24213	1152.4695	17.62867	677.478	82.97461	80.68001	24213	1480.4103	18.877787	724.20514	87.973694	85.35125	24213	1391.3257	20.069351	800.5471	86.46411	84.74798	24213	1229.4799	19.629257	780.4312	88.198814	86.50907	24213	1148.8688	20.091726	795.9836	7.8821425	7.001339	21805	74.35648	1.4908211	11.995393	6.2043386	5.5908484	21029	38.910744	1.1399279	7.97082	8.026805	7.42716	21936	57.40461	1.4724399	10.881186	7.5641856	7.4342246	23967	16.828054	43.642967	1223.0967	5.9280224	5.772129	23705	12.279915	29.626047	824.3173	7.863442	7.667036	24200	16.000551	38.477493	1063.9651
F4_S20_subsampled_depth_6G_contig_1768|provirus_52207_67061	23.66984	22.99932	14855	144.82114	5.3709264	204.70349	23.748384	22.920816	14855	156.67989	5.397364	207.42326	27.043114	26.265356	14855	176.61783	6.212355	238.32346	28.462973	27.409294	14855	220.22633	6.55844	261.60986	28.131657	27.190556	14855	181.26108	6.444317	256.21686	29.354506	28.276615	14855	236.24028	6.725513	266.44775	0	0	0	0	0	0	0	0	0	0	0	0	0	0	0	0	0	0	2.2116966	2.031054	11352	4.3788075	13.416244	375.99103	0	0	0	0	0	0	1.9353281	1.7632792	11650	3.384623	9.561956	264.40372
F4_S20_subsampled_depth_6G_contig_2451|provirus_138826_189841	16.03472	15.019092	51016	173.92885	3.7573667	143.2054	14.292396	13.380865	51016	149.14287	3.3538458	128.88983	14.771753	13.731127	51016	190.2402	3.498377	134.20764	16.72516	15.584032	51016	214.72435	3.9419343	157.23987	15.120689	14.182504	51016	164.25438	3.5436485	140.89046	15.949455	14.922739	51016	175.49852	3.7731264	149.48175	0	0	0	0	0	0	0	0	0	0	0	0	0	0	0	0	0	0	0	0	0	0	0	0	0	0	0	0	0	0	0	0	0	0	0	0
F4_S20_subsampled_depth_6G_contig_2672|provirus_35608_53162	36.752888	35.765976	17555	122.88462	8.433356	321.4225	36.09474	35.423748	17555	105.15025	8.283377	318.33408	38.941338	37.851196	17555	145.40514	9.0264015	346.27826	41.52755	40.508457	17555	147.84544	9.681078	386.16888	44.490547	43.318096	17555	171.04033	10.26354	408.06372	42.307613	40.984806	17555	159.65025	9.823256	389.17258	0	0	0	0	0	0	0	0	0	0	0	0	0	0	0	0	0	0	6.539615	6.395021	17506	11.158925	37.913246	1062.5211	5.2800345	5.084392	17306	8.782299	27.198883	756.7839	6.434588	6.157804	17447	12.808478	32.57269	900.6877
F4_S20_subsampled_depth_6G_contig_3730|provirus_30152_137958	14.793427	14.642482	107807	22.106432	3.318334	126.47249	15.099074	14.978935	107807	20.13701	3.3831627	130.0165	16.56509	16.498436	107807	20.3848	3.7488797	143.81758	19.3026	19.19507	107807	24.30135	4.378932	174.6714	18.816584	18.690958	107807	24.70376	4.243051	168.69762	19.087315	19.009546	107807	23.319407	4.321259	171.1974	0	0	0	0	0	0	0	0	0	0	0	0	0	0	0	0	0	0	0	0	0	0	0	0	0	0	0	0	0	0	1.6272142	1.5189745	81991	2.0070968	7.9459386	219.71808
F4_S20_subsampled_depth_6G_contig_9178|provirus_17690_32893	11.102165	10.711218	15196	41.990757	2.523286	96.17061	10.876046	10.521476	15147	31.475504	2.4865694	95.55999	10.774345	10.4700365	15182	34.25738	2.4635403	94.50831	9.125681	8.872915	15158	27.140379	2.0935137	83.50819	9.179554	8.867823	15202	24.562387	2.1091356	83.85622	10.613193	10.26214	15189	30.34336	2.420122	95.87912	0	0	0	0	0	0	0	0	0	0	0	0	0	0	0	0	0	0	0	0	0	0	0	0	1.9022187	1.77262	12555	2.6586106	9.632728	268.02176	2.6422215	2.4786716	13284	4.665449	13.127364	362.9929
F5_S21_subsampled_depth_6G_contig_162	3.5563443	3.3765361	12683	6.5909147	0.79441273	30.277647	4.0719624	3.8409166	13008	8.607855	0.9105926	34.994495	4.210955	4.066506	13259	6.7680645	0.94099706	36.09932	4.1886115	3.974012	13131	7.842608	0.94639724	37.750885	3.922732	3.7801394	12997	5.3620877	0.8861627	35.232555	4.180392	4.012288	12954	7.9136486	0.93478596	37.03385	0	0	0	0	0	0	0	0	0	0	0	0	0	0	0	0	0	0	0	0	0	0	0	0	0	0	0	0	0	0	0	0	0	0	0	0
F5_S21_subsampled_depth_6G_contig_254	6.956106	6.830563	15323	7.979617	1.5609695	59.493595	6.434851	6.3502235	15227	7.8670454	1.4395993	55.324497	6.597311	6.511972	15323	7.482966	1.4785799	56.72248	6.1080866	6.031925	15265	6.9867353	1.3855758	55.269283	6.4441442	6.4104853	15157	8.215129	1.4442654	57.42193	7.06327	6.9794245	15272	9.719434	1.6001468	63.393745	0	0	0	0	0	0	0	0	0	0	0	0	0	0	0	0	0	0	0	0	0	0	0	0	0	0	0	0	0	0	0	0	0	0	0	0
F5_S21_subsampled_depth_6G_contig_747	5.7075424	5.497907	14154	10.4734	1.2807063	48.811874	5.665458	5.532975	14050	8.753424	1.268196	48.7374	5.375062	5.2536135	14002	8.373182	1.2077093	46.331142	5.595507	5.2905774	14031	13.62153	1.2639847	50.41914	5.9928913	5.881052	13808	11.088816	1.3362772	53.12849	6.379185	6.160019	14115	11.373627	1.440769	57.07965	0	0	0	0	0	0	0	0	0	0	0	0	0	0	0	0	0	0	0	0	0	0	0	0	0	0	0	0	0	0	0	0	0	0	0	0
F5_S21_subsampled_depth_6G_contig_2007	9.603671	8.870786	14749	37.64919	2.409802	91.845345	8.534489	7.8561754	14732	29.194572	2.1785595	83.72309	10.268785	9.455597	14749	43.832256	2.5831666	99.09753	7.6769643	7.0064683	14744	30.65821	1.9554162	77.999664	8.571478	7.837912	14749	34.19175	2.1719177	86.35233	8.151928	7.3921313	14711	32.317234	2.0946968	82.98659	0	0	0	0	0	0	0	0	0	0	0	0	0	0	0	0	0	0	0	0	0	0	0	0	0	0	0	0	0	0	0	0	0	0	0	0
F5_S21_subsampled_depth_6G_contig_2162	3.496402	3.4229023	36323	4.3561196	0.78500324	29.919024	4.1174316	4.0187144	36239	6.246201	0.92297506	35.47037	3.8490129	3.7519696	36070	5.6153293	0.87405586	33.531242	4.027704	3.9211304	35949	6.5070086	0.9106324	36.32424	4.528323	4.402753	36838	7.1460304	1.0161754	40.401684	3.8855999	3.7835114	36024	5.6827154	0.88595504	35.09928	0	0	0	0	0	0	0	0	0	0	0	0	0	0	0	0	0	0	0	0	0	0	0	0	0	0	0	0	0	0	1.7256504	1.6034851	29182	2.233988	8.472504	234.27844
F5_S21_subsampled_depth_6G_contig_2536	73.20066	70.666985	86733	1576.4685	16.410122	625.44293	77.82868	75.313416	86733	1682.1532	17.452908	670.72345	79.94952	77.375694	86733	1864.607	18.088903	693.9413	78.407	75.81749	86733	1760.6863	17.799007	709.9851	81.92502	79.104546	86733	1983.4156	18.437672	733.0557	79.56211	76.91692	86733	1832.787	18.026056	714.14685	46.289597	45.288803	86733	671.95105	8.803229	70.83221	39.718388	38.70627	86733	514.76215	7.346267	51.36799	43.92666	42.96358	86733	564.9496	8.122736	60.026234	0	0	0	0	0	0	0	0	0	0	0	0	0	0	0	0	0	0
F5_S21_subsampled_depth_6G_contig_2652	4.232625	3.972323	9335	10.991659	1.0210661	38.91614	3.6162136	3.5151017	9652	5.44336	0.8602345	33.059216	4.3236775	4.2153764	10017	6.8883014	1.0524323	40.37426	3.8652496	3.7860515	9711	5.76877	0.96631336	38.545307	4.291844	4.2229543	9318	7.500938	1.0270956	40.835884	3.8157191	3.6339374	8914	8.654785	0.9151371	36.2554	3.133663	2.9814389	9470	5.2840896	0.5842523	4.700986	2.7340584	2.6307523	9280	3.7772017	0.5013115	3.5053632	2.8970835	2.803844	9119	3.8158855	0.5337163	3.9441116	0	0	0	0	0	0	0	0	0	0	0	0	0	0	0	0	0	0
F5_S21_subsampled_depth_6G_contig_3182	432.96454	394.88684	66422	101293.445	96.53419	3679.231	424.61865	388.9365	66363	94007.766	94.636406	3636.9216	433.41302	394.0672	66428	106281.04	97.41004	3736.9229	472.1218	412.23322	66426	172562.36	106.50235	4248.2754	448.49942	390.15134	66403	159859.75	100.37141	3990.6245	468.15173	409.89493	66363	166449.58	105.42987	4176.865	175.39618	175.47609	64526	8586.794	33.13275	266.59134	147.62431	147.49811	63572	5953.9785	27.116268	189.60744	170.49406	170.64014	63636	7509.655	31.312025	231.39273	9.483675	9.350348	65007	25.477066	51.272335	1436.9105	7.425269	7.2988667	64458	17.051455	36.929276	1027.523	9.516205	9.473228	64943	21.55173	46.384617	1282.6099
F5_S21_subsampled_depth_6G_contig_3368	5.62668	5.4114733	69663	11.943765	1.2586457	47.971096	5.420635	5.1886263	70204	11.568322	1.2122718	46.588165	5.7090244	5.478743	70092	12.114912	1.2830937	49.223103	5.9865336	5.681645	70111	15.745189	1.3527915	53.961536	5.8571973	5.6173744	69613	14.0915985	1.3121173	52.16791	6.013818	5.696545	70456	15.655513	1.360989	53.91894	5.3385296	5.1693997	69279	9.729714	1.0134815	8.154631	4.766137	4.611611	68964	8.336078	0.87816834	6.1404986	4.947273	4.752257	68357	10.275533	0.90751886	6.7064724	0	0	0	0	0	0	0	0	0	0	0	0	0	0	0	0	0	0
F5_S21_subsampled_depth_6G_contig_3563	19.78322	19.636215	38848	37.92854	4.4070234	167.9659	18.497046	18.39633	38847	28.786957	4.130992	158.75598	19.115976	18.927025	38899	32.97907	4.2947226	164.75768	19.19461	19.00261	38847	32.730335	4.327997	172.63954	19.485922	19.362438	38860	32.910088	4.366927	173.62292	19.879171	19.654968	38847	37.32363	4.4689503	177.04852	10.071305	8.961205	38074	84.72443	1.9010373	15.296059	7.551885	6.8661504	37917	38.832687	1.3872802	9.700409	9.106481	8.279914	38486	55.34537	1.6716981	12.353691	2.713257	2.5551255	33656	4.5212398	15.026328	421.11386	2.3255053	2.2437277	34187	2.5439095	11.794539	328.17203	2.5694342	2.4360144	34281	3.670962	12.677542	350.5546
F5_S21_subsampled_depth_6G_contig_3817	4.444862	4.3712378	21127	4.8314776	0.99915147	38.08091	4.4164124	4.280163	20916	5.999831	0.98451686	37.83544	4.8355007	4.7234364	21200	6.6446757	1.0846051	41.60851	4.3290925	4.242293	21040	5.0750732	0.9786672	39.0381	4.2634616	4.1192427	20504	7.2200675	0.9610131	38.208523	4.251819	4.1799593	20932	4.419026	0.95647395	37.89307	2.0667105	1.8762715	16954	3.8897748	0.39959365	3.2151933	2.218769	2.0618644	18902	3.0862222	0.40923065	2.8615017	2.268626	2.1585207	18228	2.807649	0.42481205	3.139318	0	0	0	0	0	0	0	0	0	0	0	0	0	0	0	0	0	0
F5_S21_subsampled_depth_6G_contig_4725	45.466175	44.875736	12008	201.32384	10.148657	386.79822	44.074375	43.959854	11985	153.66364	9.7892	376.2037	43.647198	43.207825	12031	153.49428	9.800841	375.98798	41.115723	40.81449	11979	147.64516	9.261438	369.42984	43.556183	43.5302	12009	153.07993	9.717492	386.35382	43.892345	43.28662	12004	175.56001	9.879192	391.38867	0	0	0	0	0	0	0	0	0	0	0	0	0	0	0	0	0	0	0	0	0	0	0	0	0	0	0	0	0	0	0	0	0	0	0	0
F5_S21_subsampled_depth_6G_contig_5179	29.502789	27.05237	35304	315.73398	6.9901295	266.4165	29.82625	27.253286	35304	340.6434	7.059527	271.30084	32.484154	29.810936	35304	382.81683	7.754697	297.4921	37.17318	34.121143	35304	491.35794	8.932202	356.29684	35.67722	32.750664	35304	444.01572	8.489731	337.53955	35.125134	32.45098	35304	395.0679	8.397543	332.68954	0	0	0	0	0	0	0	0	0	0	0	0	0	0	0	0	0	0	2.0817547	1.853287	29037	4.896454	13.291507	372.4955	0	0	0	0	0	0	2.100785	1.8629899	28844	7.532726	11.451276	316.64636
F5_S21_subsampled_depth_6G_contig_5194	2590.2708	2364.859	12958	3232037.5	574.7592	21905.94	2592.8772	2362.7034	12958	3307140.3	574.92865	22094.78	2600.3044	2364.948	12958	3423195.8	581.57434	22310.828	2307.427	2106.826	12958	2516510.5	517.86383	20657.086	2443.1587	2238.5842	12958	2711405	543.79944	21620.695	2378.7944	2177.3672	12958	2615954.3	532.9235	21113.08	1221.1559	1095.4333	12958	808728.5	229.54616	1846.9653	1069.7054	959.3494	12958	631239.9	195.6516	1368.0721	1214.0879	1088.6229	12958	823915.8	222.07657	1641.1246	3.127108	2.7763705	11397	10.043342	16.585503	464.80972	3.2813866	2.9976578	11887	7.3928237	16.37689	455.6717	3.9146626	3.7447953	12333	7.1573153	18.888006	522.28394
F5_S21_subsampled_depth_6G_contig_5567	5.258667	5.1384726	19281	10.583835	1.177646	44.88393	5.1847835	5.0240316	19725	9.313758	1.1520288	44.27302	5.8149166	5.7314906	19705	9.279875	1.3030506	49.988716	4.8728642	4.78688	19413	8.209292	1.0981934	43.80587	4.921271	4.7922635	19182	9.995601	1.0956364	43.56095	5.171196	5.0531135	19820	8.11252	1.1619315	46.0328	3.7273953	3.4882896	16874	9.726201	0.70695406	5.688269	3.3595264	3.1087246	17540	9.066068	0.6194668	4.331552	3.4116795	3.1966922	17006	7.9543567	0.63475555	4.690784	0	0	0	0	0	0	0	0	0	0	0	0	0	0	0	0	0	0
F5_S21_subsampled_depth_6G_contig_5735	4.8270564	4.733049	18536	5.0496297	1.0773603	41.061676	5.0854583	4.949028	18665	6.056287	1.1389594	43.77075	4.8487678	4.7837243	18707	5.118073	1.0950495	42.00918	4.8634377	4.7466216	18765	5.5724945	1.1002102	43.886322	5.0243254	5.0047417	18370	5.375777	1.1212597	44.57968	4.857783	4.798483	18624	4.9979644	1.0965708	43.44338	0	0	0	0	0	0	0	0	0	0	0	0	0	0	0	0	0	0	14.802892	14.679291	18882	22.130634	76.9782	2157.3184	21.75264	21.717638	18817	27.591572	108.90431	3030.1626	16.693054	16.683737	18799	20.5211	81.261635	2247.0159
F5_S21_subsampled_depth_6G_contig_6010	10.581823	9.550887	22387	255.17314	3.1887558	121.53383	9.96137	8.890882	22387	326.85547	3.1150186	119.71171	11.799073	10.632726	22387	328.92563	3.653286	140.15031	13.115348	11.749738	22386	468.96423	4.0514402	161.60797	13.447408	12.144691	22387	413.78046	4.095601	162.83525	13.177947	11.801699	22387	479.99536	4.112816	162.93932	0	0	0	0	0	0	0	0	0	0	0	0	0	0	0	0	0	0	0	0	0	0	0	0	0	0	0	0	0	0	0	0	0	0	0	0
F5_S21_subsampled_depth_6G_contig_6299	6.464725	6.1907268	21949	21.258419	1.463877	55.793095	5.8637686	5.671867	22280	14.083944	1.316622	50.598423	6.322799	6.079401	22456	18.792336	1.4391721	55.210705	5.089285	4.883072	21703	12.022893	1.1648495	46.464725	5.2435994	4.9973435	21301	15.288162	1.1826907	47.02212	5.6317325	5.4778557	21658	14.10981	1.2786003	50.654915	0	0	0	0	0	0	0	0	0	0	0	0	1.8027385	1.6424053	17380	2.9429154	0.33172315	2.4514031	0	0	0	0	0	0	0	0	0	0	0	0	0	0	0	0	0	0
F5_S21_subsampled_depth_6G_contig_6788	3.816492	3.6522577	25547	6.7456713	0.8649159	32.964737	3.7735655	3.5953455	25783	6.9765697	0.84720224	32.558384	3.9017553	3.750922	26213	6.570986	0.87937534	33.735306	3.349351	3.2250266	24756	5.260468	0.76620996	30.563377	3.7400427	3.6365237	25958	5.2605786	0.8425358	33.498035	3.3873727	3.2311726	24990	6.0567594	0.7674129	30.402964	0	0	0	0	0	0	0	0	0	0	0	0	0	0	0	0	0	0	2.927349	2.3673687	23011	20.8392	17.4553	489.1859	3.2830431	2.5312219	22742	31.41164	18.882038	525.37524	3.306203	2.7681718	23051	22.709742	18.193258	503.07303
F5_S21_subsampled_depth_6G_contig_6832	3.476352	3.4010613	12458	3.7086692	0.7700055	29.347416	2.9995377	2.913985	12535	3.1308837	0.6724267	25.841667	3.5011554	3.2864602	12687	5.3551717	0.7839803	30.07568	3.3333848	3.2492297	12140	3.8742092	0.74758583	29.82049	2.8105838	2.7517974	11917	3.3945942	0.63100046	25.087673	2.873209	2.7675455	12569	3.4053853	0.6430338	25.475359	3.2605145	3.078569	11681	6.3703055	0.6139564	4.93999	2.7353258	2.5984251	11391	4.100345	0.50502306	3.531317	3.6327221	3.537145	12417	4.920948	0.67086554	4.9576316	0	0	0	0	0	0	1.8457094	1.7443513	10501	2.297354	9.331771	259.648	0	0	0	0	0	0
F5_S21_subsampled_depth_6G_contig_7840	9.332801	9.198895	11063	27.863123	2.0723789	78.98506	10.524685	10.267561	11412	31.057682	2.3360322	89.77484	10.869739	10.664858	11412	25.92061	2.418568	92.78311	8.7705555	8.524368	11412	21.735647	1.9735396	78.72261	8.617741	8.384471	11146	24.596872	1.9185673	76.27954	8.60309	8.552387	11363	18.866692	1.9286271	76.40732	0	0	0	0	0	0	0	0	0	0	0	0	0	0	0	0	0	0	2.255816	2.0835636	9244	4.282035	12.250812	343.3298	2.2987037	2.1658444	9986	3.0820673	11.393012	317.00018	1.8385721	1.7625296	9647	1.7219185	8.936163	247.09952
F5_S21_subsampled_depth_6G_contig_9147	28.566572	28.286741	16388	41.938133	6.453079	245.94774	30.79234	30.621716	16388	45.319916	6.9576373	267.38528	33.095577	32.8451	16388	54.281208	7.532411	288.9644	35.9705	35.636086	16388	66.44297	8.287259	330.57056	36.133884	35.92474	16388	53.81912	8.215493	326.6364	35.425484	35.162083	16388	51.199207	8.134717	322.27698	0	0	0	0	0	0	0	0	0	0	0	0	0	0	0	0	0	0	3.6774232	3.528462	15311	6.5836267	23.188023	649.8457	2.8797882	2.8294334	15566	2.8256047	14.408282	400.89703	3.9004803	3.7833197	16221	4.299759	19.379623	535.8781
F5_S21_subsampled_depth_6G_contig_9222	4.5519686	4.3849096	9797	8.01028	1.0214423	38.930473	4.1750836	4.043405	9559	6.684323	0.94055057	36.14582	5.432244	5.2959633	9878	9.473368	1.2154042	46.626347	5.6519585	5.5044417	9275	13.276933	1.2834798	51.196766	5.3647404	5.137974	9724	13.059663	1.2088814	48.06341	5.539824	5.436973	9581	10.194186	1.2441391	49.28962	0	0	0	0	0	0	0	0	0	0	0	0	0	0	0	0	0	0	0	0	0	0	0	0	0	0	0	0	0	0	0	0	0	0	0	0
F5_S21_subsampled_depth_6G_contig_9456	155.64066	154.4492	60273	608.85266	34.697304	1322.4268	154.41	153.05959	60273	587.1198	34.39864	1321.9557	151.33093	149.69821	60273	683.69995	34.02658	1305.3557	159.01022	155.16618	60273	1643.5168	35.8726	1430.923	160.6539	156.89427	60273	1591.1625	35.949753	1429.3115	162.24774	158.42337	60273	1733.908	36.532097	1447.3092	52.449978	52.928368	60261	274.1519	9.903843	79.68787	47.280525	47.374878	60140	239.77513	8.67701	60.673016	54.605328	55.19009	60246	283.57565	10.029663	74.118256	1.9277481	1.800669	47776	2.6694412	10.512005	294.5996	2.2796433	2.163294	52529	2.8824613	11.318765	314.93427	2.4221346	2.3251834	52861	2.8357708	11.843719	327.49796
F5_S21_subsampled_depth_6G_contig_9729	6.7119765	6.1587358	6320	21.485086	1.5585539	59.40158	15.577501	14.983121	6334	61.13379	3.7088082	142.53123	16.908518	16.477106	6335	61.842243	4.0241456	154.3775	0	0	0	0	0	0	0	0	0	0	0	0	0	0	0	0	0	0	49075.355	49240.777	6337	67541240	9146.123	73591.19	71645.984	71921.44	6337	140450960	12986.043	90803.46	64324.133	64585.688	6337	116644376	11658.339	86153.98	0	0	0	0	0	0	0	0	0	0	0	0	0	0	0	0	0	0
F5_S21_subsampled_depth_6G_contig_10023	11.359625	11.236942	25435	13.119207	2.561484	97.626495	10.926343	10.778695	25430	15.59417	2.4571486	94.42938	11.035029	10.928487	25438	12.732841	2.518345	96.61083	12.444036	12.261937	25443	17.017397	2.8411713	113.33158	10.911834	10.723962	25429	15.719882	2.4571693	97.69355	10.927094	10.798638	25443	12.691271	2.4818566	98.32484	0	0	0	0	0	0	0	0	0	0	0	0	0	0	0	0	0	0	0	0	0	0	0	0	0	0	0	0	0	0	0	0	0	0	0	0
F5_S21_subsampled_depth_6G_contig_2288|provirus_13187_34423	19.869635	19.433058	21206	85.104004	4.435505	169.05145	19.6688	19.405079	21237	70.00754	4.3967104	168.96762	20.675629	20.27267	21169	86.345985	4.688313	179.85687	20.970171	20.54044	21171	92.23385	4.7379007	188.9902	20.506283	20.088835	21234	76.46197	4.6044664	183.06714	21.08057	20.703884	21213	77.54472	4.7922354	189.85623	9.650258	9.408715	21152	25.962992	1.8409346	14.81246	7.893347	7.6147323	21171	19.096611	1.4681207	10.265674	11.3857355	11.05485	21194	30.72534	2.1078696	15.576948	0	0	0	0	0	0	0	0	0	0	0	0	0	0	0	0	0	0
F5_S21_subsampled_depth_6G_contig_3413|provirus_116_19447	3.8323948	3.6460264	17932	7.7373524	0.85669917	32.651604	4.318111	4.175394	18580	7.543971	0.9656463	37.110252	4.1559277	4.037593	18723	5.904417	0.93196005	35.752594	3.7720258	3.5759385	17745	8.04755	0.8469628	33.784534	3.7277656	3.5575764	18197	6.1953187	0.8398383	33.390774	3.7265666	3.5825996	17792	6.1919007	0.84378856	33.428783	0	0	0	0	0	0	0	0	0	0	0	0	0	0	0	0	0	0	5.16943	4.9705167	18576	11.698626	28.581223	800.9904	4.7699404	4.540373	18336	12.19664	23.964367	666.78644	5.912939	5.6548886	19037	12.957751	28.97573	801.2257
F5_S21_subsampled_depth_6G_contig_3576|provirus_8952_26046	14.85146	14.747099	17035	40.9578	3.399658	129.57199	15.455946	15.32647	17095	37.94153	3.5568817	136.69264	15.734789	15.443774	17095	42.456223	3.6649246	140.5969	16.615284	16.488426	17095	43.637806	3.825214	152.58403	16.818825	16.632679	17095	46.602203	3.873824	154.0178	17.899734	17.605928	17095	47.45069	4.1362076	163.86606	4.0518146	3.8212576	15851	10.064359	0.79101056	6.364596	3.62036	3.4556422	15418	7.4069147	0.68413985	4.783771	3.970965	3.8901055	16093	6.120026	0.74563843	5.5101953	0	0	0	0	0	0	0	0	0	0	0	0	0	0	0	0	0	0
F5_S21_subsampled_depth_6G_contig_3797|provirus_26296_56056	11.859546	11.713707	29713	18.145594	2.696664	102.77856	11.229779	10.93141	29743	21.014673	2.5631905	98.50466	10.8940935	10.640202	29745	19.826815	2.5023046	95.99541	10.669144	10.470489	29746	16.787556	2.4529176	97.84451	9.162946	8.874076	29753	18.122078	2.1085835	83.83431	9.696531	9.45139	29636	17.78146	2.2311587	88.39287	0	0	0	0	0	0	0	0	0	0	0	0	0	0	0	0	0	0	0	0	0	0	0	0	0	0	0	0	0	0	0	0	0	0	0	0
F5_S21_subsampled_depth_6G_contig_5787|provirus_24057_56143	26.861696	26.64846	32078	103.486	6.1247025	233.43231	28.789585	28.70221	32060	120.91351	6.56815	252.41711	29.702133	29.555332	32075	135.81726	6.844525	262.57516	32.01835	31.93077	32086	142.34895	7.3927674	294.8903	32.796036	32.583546	32084	157.71342	7.5331874	299.5087	32.222282	32.08558	32079	152.13351	7.4406157	294.77838	0	0	0	0	0	0	0	0	0	0	0	0	0	0	0	0	0	0	3.025018	2.3693511	25590	190.10255	24.103106	675.491	2.6518772	2.0792139	26735	157.38707	19.398445	539.74384	3.2307043	2.6626544	28086	153.71542	21.634586	598.23157
F5_S21_subsampled_depth_6G_contig_8978|provirus_76140_105782	7.9578204	7.7495575	29452	19.137241	1.7826447	67.94239	8.337233	8.09919	29540	20.064081	1.8711473	71.9091	8.723731	8.469467	29488	21.687271	1.9661704	75.427826	9.679517	9.452063	29443	26.115591	2.194526	87.53754	9.61818	9.346242	29636	24.24655	2.1703844	86.29142	10.010511	9.763873	29504	26.448418	2.2674975	89.83247	0	0	0	0	0	0	0	0	0	0	0	0	0	0	0	0	0	0	0	0	0	0	0	0	0	0	0	0	0	0	0	0	0	0	0	0
F6_S22_subsampled_depth_6G_contig_1520	3.2166643	3.1018038	32537	4.325512	0.72655874	27.691507	3.4784944	3.4064167	33094	4.033248	0.7837922	30.121521	3.0910213	2.976281	32600	4.238008	0.70337963	26.983612	4.885304	4.765491	34537	6.4558134	1.1088439	44.230736	4.6589	4.560383	34177	5.9513974	1.0522981	41.83786	5.2757363	5.1861773	34649	6.286253	1.1943018	47.31523	0	0	0	0	0	0	0	0	0	0	0	0	0	0	0	0	0	0	0	0	0	0	0	0	0	0	0	0	0	0	0	0	0	0	0	0
F6_S22_subsampled_depth_6G_contig_2247	5.483681	5.266667	9783	12.024316	1.2443364	47.42569	5.4034057	5.263063	9967	8.493506	1.2369498	47.536587	5.840057	5.6644144	9941	9.329916	1.3288032	50.9766	7.4378676	7.1644144	10016	16.506477	1.6856062	67.23722	5.986722	5.6898646	9956	15.459427	1.3721174	54.553432	6.4726334	6.245045	9993	12.631028	1.4830136	58.75322	0	0	0	0	0	0	0	0	0	0	0	0	0	0	0	0	0	0	0	0	0	0	0	0	0	0	0	0	0	0	0	0	0	0	0	0
F6_S22_subsampled_depth_6G_contig_2504	24.316048	24.019836	52522	54.83745	5.5441613	211.30605	25.116035	24.869102	52522	57.07319	5.723312	219.94952	28.29342	28.01447	52522	73.337456	6.5117774	249.81013	31.129498	30.636986	52522	87.68548	7.183077	286.52597	30.203142	29.79574	52522	77.19444	6.9308953	275.56247	30.666445	30.288866	52522	81.650536	7.077409	280.38898	0	0	0	0	0	0	0	0	0	0	0	0	0	0	0	0	0	0	2.2922554	2.1125042	41343	4.38939	14.399535	403.548	0	0	0	0	0	0	2.2568357	2.1053123	43377	3.6880777	11.178373	309.10013
F6_S22_subsampled_depth_6G_contig_3088	3801.5999	3722.2878	12722	655300.7	854.31116	32560.568	3625.4536	3548.9158	12722	603596.5	814.7067	31309.564	3530.6863	3454.273	12722	591733.4	799.82794	30683.654	3235.6074	3163.9004	12722	469324.84	736.0507	29360.346	3037.4375	2968.9194	12722	416174.25	685.15265	27240.701	3157.131	3086.2512	12722	445259.4	716.8685	28400.516	3763.6892	3741.0474	12722	1905108.9	716.5251	5765.278	2836.5562	2822.7534	12722	1090444.4	524.8981	3670.2927	3897.1309	3868.048	12722	1964520.6	721.19165	5329.5347	80.325645	79.05373	12722	306.04694	427.00565	11966.862	96.57389	94.81177	12722	350.71896	486.61798	13539.699	89.80974	88.47013	12722	319.0009	440.24994	12173.626
F6_S22_subsampled_depth_6G_contig_3575	3.4602847	3.300101	22109	5.875755	0.77485746	29.532326	3.5190716	3.4096801	23041	4.9634776	0.7937589	30.504526	3.040336	2.9567935	22375	3.9327157	0.69062907	26.494478	4.2560816	4.0959277	22701	8.414417	0.9720846	38.775517	4.2629905	4.154808	22848	7.1327286	0.95975286	38.158413	4.0973024	3.972789	23585	5.8629413	0.9314135	36.900238	0	0	0	0	0	0	0	0	0	0	0	0	0	0	0	0	0	0	0	0	0	0	0	0	0	0	0	0	0	0	0	0	0	0	0	0
F6_S22_subsampled_depth_6G_contig_4463	2.4099302	2.2992108	13437	3.198318	0.53275645	20.305073	3.302234	3.196485	14792	4.2620416	0.73428553	28.218937	2.8309014	2.7227404	14185	3.8796496	0.6323595	24.259106	3.2725337	3.2055237	14940	3.703018	0.73422563	29.287558	3.1745222	3.07231	14585	4.0822153	0.71081764	28.261112	2.8749354	2.6909614	13646	5.0978723	0.6419125	25.430939	2.6720042	2.3927546	12166	7.7566853	0.50109726	4.03191	0	0	0	0	0	0	0	0	0	0	0	0	0	0	0	0	0	0	0	0	0	0	0	0	0	0	0	0	0	0
F6_S22_subsampled_depth_6G_contig_4639	11.050063	10.960124	28684	18.513783	2.4885542	94.8469	10.764593	10.751591	28647	15.949228	2.4078982	92.53665	9.887201	9.87855	28435	18.93756	2.2346735	85.72839	8.849253	8.73045	28783	11.364207	2.009124	80.14202	9.192327	9.124632	28604	13.756563	2.0694325	82.27767	8.75398	8.6714115	28624	13.439697	1.9821999	78.52975	0	0	0	0	0	0	0	0	0	0	0	0	0	0	0	0	0	0	3.6297305	3.5316525	26516	5.3348093	19.75733	553.70026	3.6328027	3.5241272	27471	5.062173	18.16549	505.43808	3.6576247	3.5804887	26996	4.9043508	17.986738	497.3624
F6_S22_subsampled_depth_6G_contig_4775	22.143255	21.949541	45283	39.506596	4.9425426	188.37642	22.255638	21.788994	45165	58.46769	4.9568667	190.49483	22.22005	21.824501	45279	53.601585	4.9997654	191.80516	21.926502	21.516832	45335	55.62075	4.950679	197.47781	22.756159	22.43903	45235	48.752125	5.094786	202.5615	22.939692	22.558832	45236	58.38394	5.1660466	204.66563	14.30789	12.976295	45329	143.63925	2.701953	21.74035	11.207502	10.22458	44853	85.12448	2.063206	14.42674	13.085294	12.230482	45302	92.78358	2.4023652	17.75325	0	0	0	0	0	0	0	0	0	0	0	0	0	0	0	0	0	0
F6_S22_subsampled_depth_6G_contig_5030	2.7532573	2.6341977	10229	3.2583597	0.6147755	23.431072	3.6445892	3.402694	10032	7.9922137	0.806263	30.98508	2.5446978	2.3860073	9497	4.4398627	0.5713848	21.919933	2.5982628	2.4360676	9902	4.2912216	0.5943669	23.708717	2.0009954	1.8242863	8908	3.5324395	0.45104626	17.93296	2.430058	2.2876961	9488	3.669798	0.5540142	21.948654	1.3631922	1.2705066	8416	1.4009725	0.25506407	2.052287	0	0	0	0	0	0	0	0	0	0	0	0	0	0	0	0	0	0	0	0	0	0	0	0	0	0	0	0	0	0
F6_S22_subsampled_depth_6G_contig_5463	6.3550634	6.047486	13400	16.15937	1.4176854	54.0326	6.605452	6.2792363	13562	15.487526	1.4734862	56.62676	5.515742	5.403259	13174	9.899941	1.2405995	47.592876	7.276613	7.093984	13649	11.791163	1.6276873	64.926865	6.731832	6.5571556	13649	9.223383	1.5078766	59.95106	7.0832653	6.964612	13545	13.098561	1.5976273	63.29395	0	0	0	0	0	0	0	0	0	0	0	0	0	0	0	0	0	0	0	0	0	0	0	0	0	0	0	0	0	0	0	0	0	0	0	0
F6_S22_subsampled_depth_6G_contig_5479	3.5439358	3.4398496	17636	5.390155	0.7841591	29.886856	3.6034684	3.5017622	17855	5.141015	0.7995799	30.728243	3.316961	3.2133458	17857	4.2793226	0.7389954	28.34995	3.868563	3.7666235	18133	5.628576	0.8713426	34.75699	3.1861055	3.086525	17417	4.420288	0.7067591	28.099756	3.3572485	3.2389567	17249	5.17417	0.7560321	29.952084	0	0	0	0	0	0	0	0	0	0	0	0	0	0	0	0	0	0	4.9907475	4.8300047	18292	9.283528	27.227652	763.05664	5.8908215	5.6463814	18367	14.8771515	29.318289	815.754	6.3183355	6.0852327	18485	15.595744	30.605768	846.2993
F6_S22_subsampled_depth_6G_contig_6968	2.7253008	2.6505716	11854	2.7665899	0.6018592	22.938816	2.3815706	2.3184698	11501	2.3962338	0.53060657	20.391466	2.3733375	2.3149517	11531	2.3237545	0.5272501	20.226799	2.5490818	2.444767	11153	3.277458	0.57670677	23.004272	2.3300347	2.2134564	10941	2.9487045	0.5165147	20.535881	1.8832331	1.787335	10136	2.4752407	0.42185545	16.712854	0	0	0	0	0	0	0	0	0	0	0	0	0	0	0	0	0	0	0	0	0	0	0	0	0	0	0	0	0	0	1.3321723	1.2437115	9834	1.2575574	6.3826942	176.49187
F6_S22_subsampled_depth_6G_contig_7704	6.8769026	6.8096004	18087	7.2316117	1.5713106	59.887745	7.0465517	6.9724994	18024	9.6863365	1.6001503	61.49456	7.5189276	7.4115205	18087	9.378558	1.7431935	66.8738	7.0632215	6.9417157	18087	7.808893	1.6170769	64.50367	6.2458606	6.152617	18071	7.58975	1.4321392	56.93982	6.8350897	6.7305665	18073	9.702285	1.576866	62.471424	0	0	0	0	0	0	0	0	0	0	0	0	0	0	0	0	0	0	17.139378	17.094456	18087	24.489714	91.72798	2570.6821	22.781122	22.707958	18087	23.575964	115.01481	3200.1814	19.545576	19.468628	18087	27.860113	96.69643	2673.8132
F6_S22_subsampled_depth_6G_contig_8397	1.8044994	1.6839144	9814	2.2605724	0.40215516	15.327437	1.9627262	1.8281683	10023	2.660213	0.43497047	16.716122	2.5981238	2.5330198	10988	2.8891253	0.58035177	22.263912	2.7346008	2.6453607	11688	2.627855	0.6183433	24.665113	2.7709613	2.6347537	10822	3.8420155	0.6131419	24.37766	2.8573802	2.8053865	11434	2.7600644	0.6367712	25.227259	0	0	0	0	0	0	0	0	0	0	0	0	0	0	0	0	0	0	0	0	0	0	0	0	0	0	0	0	0	0	0	0	0	0	0	0
F6_S22_subsampled_depth_6G_contig_8413	6.4620004	6.3330054	10308	8.227706	1.476325	56.267536	6.8010435	6.702865	10308	8.082397	1.5406599	59.208263	6.5316005	6.4168854	10291	8.54104	1.4817147	56.842754	6.257531	6.1828523	10308	6.195755	1.4302416	57.05092	6.5183105	6.508093	10279	6.8654222	1.4835659	58.984467	6.2857847	6.150153	10308	7.653967	1.4706131	58.261982	0	0	0	0	0	0	0	0	0	0	0	0	0	0	0	0	0	0	2.800059	2.6875546	9143	3.971539	17.17004	481.1916	2.8193543	2.6886482	9314	4.045832	14.425462	401.3752	3.9026382	3.6971784	9962	7.020252	19.291813	533.45
F6_S22_subsampled_depth_6G_contig_8708	13.986224	13.997192	50019	27.964937	3.1175945	118.821686	13.317245	13.286471	50016	26.554813	2.973583	114.27624	13.744455	13.749109	50020	25.290812	3.091396	118.5947	12.420835	12.338428	50020	23.456676	2.807507	111.98869	11.774433	11.744876	49814	25.122652	2.6418006	105.03422	11.748847	11.725336	49944	20.32448	2.6448293	104.781494	6.166252	5.991422	47804	15.012064	1.1650567	9.374239	5.9682374	5.795295	47097	15.02187	1.0980998	7.67834	6.6260276	6.4828224	46974	17.08427	1.2213213	9.025449	0	0	0	0	0	0	0	0	0	0	0	0	0	0	0	0	0	0
F6_S22_subsampled_depth_6G_contig_10304	26.428492	24.264833	23162	617.97107	6.022584	229.54013	25.319685	23.166378	23140	550.7816	5.762927	221.47197	23.669893	21.612349	23138	520.0421	5.4548883	209.26492	27.941559	25.064833	23182	768.0805	6.468082	258.00558	26.702284	23.355764	23160	800.14795	6.150676	244.54211	27.918634	24.40521	23015	984.0756	6.474792	256.51486	0	0	0	0	0	0	0	0	0	0	0	0	0	0	0	0	0	0	2.6967263	2.5665703	20863	3.8136697	14.2109	398.26138	3.7381034	3.644959	22355	4.5185294	18.727348	521.0712	3.7218218	3.5922334	22614	4.84854	18.067656	499.6
F6_S22_subsampled_depth_6G_contig_10542	7.4526362	7.3034353	37701	19.180956	1.6624438	63.36111	7.078593	6.8755784	38316	16.677595	1.5805881	60.742783	7.264847	6.961427	38010	22.94807	1.6364062	62.777145	6.9077706	6.6138964	37811	21.28039	1.5639392	62.384026	7.02186	6.8468657	37636	18.502895	1.5717402	62.49013	6.6281166	6.3764167	37823	17.962673	1.495383	59.243286	3.31169	3.0739648	34145	8.1067505	0.62700707	5.0449996	3.0126998	2.8632317	34528	5.155753	0.5528528	3.8657603	3.5020819	3.3239648	35040	7.0741534	0.6437329	4.7571254	0	0	0	0	0	0	1.7918077	1.678811	28969	2.5144167	8.949027	248.99837	2.1954665	2.0502543	31691	3.282208	10.725461	296.57657
F6_S22_subsampled_depth_6G_contig_10554	25.094332	24.833134	40815	51.754597	5.5880313	212.97797	24.849913	24.546339	40853	60.0492	5.527653	212.43027	24.199776	24.01444	40853	43.28048	5.436744	208.56879	21.848907	21.761368	41006	40.83236	4.9166284	196.11957	22.300299	21.982052	40837	41.912766	4.98863	198.34091	22.691673	22.354753	40819	52.063297	5.100255	202.0591	14.898668	13.935903	40836	91.05818	2.8050685	22.570026	11.175519	10.5363865	40856	49.911503	2.050165	14.335549	15.185578	14.493881	40815	67.75408	2.7842166	20.575087	0	0	0	0	0	0	0	0	0	0	0	0	0	0	0	0	0	0
F6_S22_subsampled_depth_6G_contig_220|provirus_11_25540	36.043736	35.183872	25526	270.56952	8.2490835	314.39923	38.02423	36.97973	25517	279.92624	8.681184	333.62207	42.12155	41.27734	25523	334.57425	9.71671	372.76044	46.05646	44.945103	25514	449.842	10.664655	425.4028	44.226597	42.49374	25528	501.04605	10.138226	403.08145	45.18499	44.028282	25530	429.8346	10.418297	412.74652	0	0	0	0	0	0	0	0	0	0	0	0	0	0	0	0	0	0	3.580457	3.3851676	23393	6.9090476	22.312422	625.30695	2.6818755	2.4908063	22404	4.849421	14.3415575	399.04056	4.278566	4.0276246	24533	9.14317	21.770006	601.97614
F6_S22_subsampled_depth_6G_contig_1074|provirus_36333_57621	10.999196	10.585852	21281	29.89701	2.5184646	95.98689	11.958087	11.374678	21269	46.36951	2.741035	105.33927	10.716732	10.263205	21194	31.7625	2.4831908	95.26217	10.082928	9.602617	21190	29.809135	2.3456118	93.56416	10.015658	9.821465	21281	21.426525	2.298983	91.404335	10.206679	9.896989	21226	25.470243	2.360795	93.52875	0	0	0	0	0	0	0	0	0	0	0	0	0	0	0	0	0	0	2.1026065	1.860041	16373	4.542646	12.400577	347.52698	1.8837694	1.7039996	16506	3.1665921	9.897942	275.40112	2.2134442	1.9563777	17236	4.6520452	11.35972	314.11478
F6_S22_subsampled_depth_6G_contig_3594|provirus_41101_61689	6.260727	6.1404576	20454	9.255682	1.408101	53.66731	6.28382	6.1811166	20467	8.424531	1.407329	54.08431	6.64235	6.6029243	20435	8.133162	1.5066856	57.8007	7.7236166	7.5791163	20576	11.086102	1.7587984	70.15676	7.728705	7.601348	20554	9.941903	1.7440037	69.33908	8.144527	8.013154	20556	12.638669	1.8662078	73.934425	0	0	0	0	0	0	0	0	0	0	0	0	0	0	0	0	0	0	0	0	0	0	0	0	0	0	0	0	0	0	0	0	0	0	0	0
F6_S22_subsampled_depth_6G_contig_7994|provirus_2831_16139	3.2311726	3.1387928	12164	4.8790684	0.7269512	27.706459	2.582947	2.4450824	11832	3.5062485	0.57771033	22.201683	3.0629988	3.0047278	12149	3.514118	0.6844934	26.25908	3.499658	3.386661	13108	3.6523597	0.78869146	31.46015	4.026674	3.955593	12798	5.63852	0.9035417	35.92355	3.3998024	3.3209794	12161	4.460073	0.76188797	30.184065	0	0	0	0	0	0	0	0	0	0	0	0	0	0	0	0	0	0	3.0845048	2.9420853	11889	5.1086817	16.53922	463.5127	4.080781	3.9680033	12892	5.3895063	20.436523	568.6273	2.8993084	2.7956944	12277	3.7608745	14.175524	391.97623
F7_S23_subsampled_depth_6G_contig_248	19.057869	18.031168	36432	113.967125	4.2675533	162.65039	17.344402	16.33211	36429	114.99796	3.8883564	149.43144	17.655626	16.613453	36439	118.31388	3.9907823	153.09769	17.883188	16.713022	36439	115.87114	4.0636334	162.09448	17.673206	16.608065	36439	109.1797	3.9730628	157.96341	17.028465	16.225193	36438	85.67182	3.8502102	152.53558	2.8676183	2.608432	27539	7.933863	0.5418917	4.3601494	2.7569237	2.5970423	28655	5.785462	0.509756	3.5644107	3.0008543	2.805058	28585	6.9798546	0.5485125	4.053454	0	0	0	0	0	0	0	0	0	0	0	0	0	0	0	0	0	0
F7_S23_subsampled_depth_6G_contig_301	111.09165	110.83174	41435	528.207	24.862684	947.5975	105.96582	105.49638	41435	537.67346	23.692738	910.5233	106.04343	105.12439	41435	619.1191	23.938648	918.35406	104.9519	103.72108	41435	705.8045	23.773592	948.30536	97.84244	96.72309	41435	623.0257	21.981066	873.93604	100.80613	99.80402	41435	674.74084	22.789228	902.8514	53.31244	51.20532	41222	1012.8226	10.068386	81.01181	40.64418	39.143417	41074	572.41156	7.452282	52.109238	48.746277	46.875473	41342	757.67096	8.946546	66.11411	0	0	0	0	0	0	0	0	0	0	0	0	0	0	0	0	0	0
F7_S23_subsampled_depth_6G_contig_407	0	0	0	0	0	0	0	0	0	0	0	0	0	0	0	0	0	0	3.7625616	3.7420764	1165	3.1437647	0.93307847	37.219597	4.9270935	4.981421	1165	3.3339295	1.0119698	40.234463	3.013793	3.021858	1012	2.9978368	0.66952574	26.524916	0	0	0	0	0	0	2.2738917	2.2546449	1056	1.9643569	0.42517877	2.9730177	1.1123153	1.0491803	0	0.9045326	0	0	0	0	0	0	0	0	0	0	0	0	0	0	0	0	0	0	0	0
F7_S23_subsampled_depth_6G_contig_565	3232.8823	3307.8	17861	595105.06	716.41406	27304.865	3326.9663	3402.7463	17848	633444.1	736.82	28316.348	2723.0583	2784.1958	17827	368136.53	608.40625	23340.178	4413.126	4528.292	17753	1303208	988.97864	39449.406	4016.9841	4110.891	18057	1023227	893.14844	35510.313	4163.8335	4263.211	17832	1020589.2	931.55347	36905.793	159.77783	159.85663	17821	4483.588	29.983877	241.25511	138.12068	137.91365	17829	3576.7317	25.177452	176.0506	179.21048	179.31458	17820	5317.469	32.689034	241.56868	4.8510356	4.79045	17202	6.386649	25.535524	715.63477	5.341739	5.192912	17580	9.143855	26.359522	733.42944	6.420563	6.4192233	17746	6.7563114	31.04472	858.4371
F7_S23_subsampled_depth_6G_contig_617	6718.143	6556.1953	75998	24081674	1498.4683	57111.484	6683.055	6521.5273	75961	23768750	1489.9275	57258.62	6710.6777	6527.6855	75998	25134904	1509.1833	57896.52	7576.2744	7440.2046	75998	23791824	1710.1687	68216.97	7404.548	7287.2305	75998	22387724	1658.117	65924.37	7608.275	7466.881	75998	25125774	1714.3239	67917.18	6044.853	5511.5015	74509	24527568	1142.3807	9191.781	5090.6636	4622.9253	74181	17659668	935.6002	6542.0806	5488.0566	4974.3125	73834	20912622	1008.6479	7453.812	29.912153	29.433317	75807	200.67177	161.72864	4532.455	28.037693	27.834057	75769	140.53914	139.69531	3886.8928	33.367657	33.31589	75748	185.25674	162.20341	4485.1885
F7_S23_subsampled_depth_6G_contig_1173	14.480368	14.131014	17010	53.854233	3.5469923	135.18738	13.110913	12.704033	17010	46.5678	3.248969	124.859406	14.078114	13.601423	17005	57.223694	3.4861355	133.73796	13.366133	12.957164	17010	51.28197	3.3430681	133.35182	12.838493	12.433834	17010	44.789913	3.1743486	126.20766	12.5626335	12.1291685	16977	51.57382	3.1380925	124.32328	0	0	0	0	0	0	0	0	0	0	0	0	0	0	0	0	0	0	274.12473	274.857	17010	8340.295	1488.8308	41724.582	294.69336	298.31216	17010	10159.733	1524.4961	42417.7	346.52972	349.93793	17010	11711.207	1741.0256	48142.184
F7_S23_subsampled_depth_6G_contig_1539	57.513264	56.418137	12364	248.36699	13.24295	504.7319	61.848618	61.042297	12364	235.52542	14.311055	549.9805	64.916245	63.7314	12364	343.7103	15.100504	579.29785	69.76028	68.45489	12364	342.2399	16.380497	653.40216	71.48682	70.492905	12364	378.0565	16.528765	657.1604	72.204025	71.15118	12364	365.1563	16.849495	667.53436	0	0	0	0	0	0	1.5285738	1.363653	9319	2.391675	0.2915663	2.0387452	1.8001474	1.6375296	10056	2.6287694	0.33400166	2.4682395	8.402653	8.187375	12364	15.560939	51.36504	1439.509	6.420419	6.2981625	12351	8.624593	33.602135	934.9482	9.214999	8.985355	12364	15.171984	45.835865	1267.4362
F7_S23_subsampled_depth_6G_contig_3627	1571.6534	1568.6573	42992	86447.68	350.26495	13349.739	1571.5826	1567.1222	42992	89592.266	350.12292	13455.392	1488.0957	1484.2958	42992	73502.94	334.32715	12825.727	1402.7931	1398.1533	42992	64764.816	316.1897	12612.5	1423.2172	1418.5696	42992	63019.754	318.21292	12651.694	1447.5654	1442.1569	42992	68891.125	325.7131	12903.928	60.967766	55.943203	42940	2043.6285	11.481706	92.38367	56.602448	52.05345	42978	1697.8629	10.357209	72.421616	75.518326	69.78012	42963	2855.2532	13.829359	102.19759	2.4511461	2.2593236	36004	4.453636	13.924417	390.23273	2.6527474	2.4478967	36881	5.044162	13.765392	383.00934	3.200084	2.9821568	39553	6.255103	16.12999	446.0203
F7_S23_subsampled_depth_6G_contig_3678	2.9741716	2.853446	12217	3.8443513	0.65865046	25.103302	2.852948	2.6420703	11045	5.903728	0.62767136	24.121702	3.142978	3.0497909	12069	4.0184546	0.7025904	26.95334	2.8897686	2.686993	11765	5.4406466	0.6479551	25.8463	3.3976479	3.3030148	12179	5.1067014	0.75257516	29.921335	3.1351373	2.9414127	12123	5.8901005	0.69841206	27.669334	0	0	0	0	0	0	0	0	0	0	0	0	0	0	0	0	0	0	0	0	0	0	0	0	0	0	0	0	0	0	0	0	0	0	0	0
F7_S23_subsampled_depth_6G_contig_3696	52.8755	53.251656	16605	293.1764	11.719778	446.67883	49.192307	49.32753	16605	248.31427	10.892569	418.6067	52.33376	52.821857	16593	206.69661	11.702572	448.94354	63.16138	63.55535	16604	378.0266	14.164346	565.0021	57.52558	57.895504	16608	298.949	12.78975	508.5024	63.43845	64.06035	16603	363.74356	14.199815	562.56085	21.786547	21.515121	16528	113.122894	4.0999846	32.98914	17.29797	17.012556	16315	96.33293	3.1465354	22.0018	25.475027	25.279263	16456	165.66992	4.6398287	34.287872	0	0	0	0	0	0	0	0	0	0	0	0	0	0	0	0	0	0
F7_S23_subsampled_depth_6G_contig_3744	38.79496	37.711143	17900	282.5504	8.685611	331.03683	36.022163	35.404976	17899	250.08038	8.055304	309.56918	34.97165	34.275856	17891	254.97119	7.9002137	303.0745	35.736008	34.737892	17902	311.72006	8.102596	323.20468	36.851437	36.22686	17923	285.66235	8.2730665	328.92526	36.030712	35.063747	17909	313.35013	8.155221	323.0891	3.4765708	3.3379788	16540	5.729438	0.65330535	5.256601	2.8174045	2.6552715	16569	4.2847266	0.5127006	3.5850017	3.615008	3.4665334	17111	5.8471603	0.6588189	4.8686094	0	0	0	0	0	0	0	0	0	0	0	0	0	0	0	0	0	0
F7_S23_subsampled_depth_6G_contig_3974	4.6891904	4.560546	19433	7.3415604	1.0412034	39.68366	4.739658	4.5755715	19233	9.49624	1.0555462	40.565147	4.5456944	4.357143	19049	9.393466	1.0195533	39.112934	4.6547832	4.5109935	19590	7.6492543	1.0528619	41.997643	4.578361	4.3989615	19652	8.776515	1.0257188	40.781124	4.514966	4.320683	19552	8.109964	1.0209697	40.448254	2.1646779	2.0617058	17437	2.7096906	0.40628815	3.26906	2.356056	2.214838	17338	3.6418521	0.43324482	3.0294182	2.3938444	2.2279859	16241	4.331926	0.4347945	3.2130907	0	0	0	0	0	0	0	0	0	0	0	0	0	0	0	0	0	0
F7_S23_subsampled_depth_6G_contig_4211	2.5626254	2.452143	12073	3.3919485	0.57047355	21.74261	3.0264626	2.9062681	12756	4.345122	0.6738264	25.895473	3.4297926	3.3713768	12695	3.7714047	0.7742623	29.702873	2.2067196	2.1394005	11484	2.497927	0.5069387	20.221281	2.5742958	2.4935172	12325	3.070101	0.5769612	22.939165	2.8207834	2.716079	12770	3.8897493	0.6382203	25.28468	2.597339	2.4094474	11226	5.0199065	0.48871616	3.9322882	2.6174831	2.4324882	12227	4.802079	0.4814678	3.3666093	2.264625	2.1469154	12001	2.5927696	0.4189402	3.095928	1.742734	1.6529028	10952	1.9325454	9.29358	260.4533	1.8064373	1.6931208	11264	2.1198306	9.228384	256.77136	0	0	0	0	0	0
F7_S23_subsampled_depth_6G_contig_4879	28.964336	28.54433	15082	90.3748	6.5874844	251.07051	28.173721	27.907488	15078	86.8114	6.424317	246.88966	27.153389	26.662544	15078	137.58026	6.238511	239.32675	24.133192	23.763647	15082	81.785164	5.611948	223.85512	26.275848	25.80283	15151	101.0039	6.02495	239.54344	25.60556	25.192207	15082	72.2734	5.9114285	234.19579	0	0	0	0	0	0	0	0	0	0	0	0	0	0	0	0	0	0	18.957003	17.078587	15078	166.82887	107.00005	2998.684	33.773148	30.361677	15083	435.0034	180.11111	5011.426	30.797813	27.542109	15078	378.67188	161.39677	4462.8813
F7_S23_subsampled_depth_6G_contig_5558	4.078749	3.97455	16070	6.3942137	0.91685724	34.944405	3.4275117	3.2637963	15934	5.946362	0.7741617	29.751408	3.6474392	3.5141425	16069	5.6977115	0.8207014	31.484404	3.2666905	3.165557	15684	4.166736	0.74129915	29.569695	4.222242	4.053603	16520	6.5539875	0.93913776	37.338768	3.5595515	3.4131339	16252	5.48718	0.809873	32.085114	0	0	0	0	0	0	0	0	0	0	0	0	0	0	0	0	0	0	4.971812	4.501352	15214	23.025852	26.944805	755.13007	3.9219038	3.6661172	14987	11.041497	20.437584	568.6569	3.9551954	3.5334609	14632	15.538824	19.966238	552.0989
F7_S23_subsampled_depth_6G_contig_5989	4.784758	4.5868077	55753	9.902446	1.0728397	40.889427	4.6916013	4.5212126	55551	8.960855	1.0524812	40.447365	4.7712145	4.605271	55748	9.096918	1.0774256	41.333084	5.3652134	5.2163873	56696	9.356616	1.2160467	48.506947	5.991422	5.8647966	57369	9.064	1.3429086	53.39215	5.8988385	5.702892	57320	9.9020405	1.3367596	52.959023	0	0	0	0	0	0	0	0	0	0	0	0	0	0	0	0	0	0	0	0	0	0	0	0	0	0	0	0	0	0	0	0	0	0	0	0
F7_S23_subsampled_depth_6G_contig_7578	3.1785064	3.1196296	13587	3.3805907	0.72898203	27.78388	3.1300967	3.0227273	13539	4.2797875	0.69832176	26.836842	3.419644	3.3224626	13087	5.032322	0.7654103	29.36329	3.858414	3.683375	13966	6.52903	0.8878707	35.416286	3.6174862	3.5380604	14110	3.5624933	0.8080083	32.125256	3.0701275	3.0172012	13565	3.1085825	0.691237	27.385054	3.791649	3.6657846	13607	6.0465465	0.71390295	5.7441783	2.6713605	2.596046	13187	3.0569153	0.49794322	3.4818146	2.6590304	2.5977583	13133	2.8834512	0.48671064	3.5967443	0	0	0	0	0	0	0	0	0	0	0	0	0	0	0	0	0	0
F7_S23_subsampled_depth_6G_contig_7874	3.85166	3.7735608	9877	4.950068	0.854778	32.578354	3.9218001	3.7936034	10052	5.087349	0.863837	33.19766	4.522165	4.4	10147	7.2569213	1.0122608	38.83317	3.9789867	3.8365672	10189	6.2015553	0.8932679	35.631584	3.7453463	3.6648188	10396	3.9984796	0.83158916	33.06281	4.37133	4.2668443	10026	6.439013	0.9751733	38.63389	0	0	0	0	0	0	0	0	0	0	0	0	0	0	0	0	0	0	39.900307	39.907784	10564	63.22013	207.2964	5809.4956	49.18605	49.291683	10568	90.43115	241.79482	6727.7183	46.16475	46.146587	10563	96.94147	221.4489	6123.4204
F7_S23_subsampled_depth_6G_contig_9036	6.857225	6.821645	10601	7.790025	1.5340323	58.466927	5.5926847	5.4524136	10444	9.839903	1.2708102	48.837856	6.7104383	6.690822	10557	7.5277967	1.5145745	58.103344	7.3394136	7.244562	10558	9.56521	1.6663506	66.46909	6.3586097	6.232785	10621	7.174636	1.4176452	56.363567	6.910897	6.87618	10621	8.842392	1.5773457	62.49043	3.4109445	3.3018568	9983	4.7779093	0.6525656	5.250649	2.0023875	1.9111936	8569	2.570481	0.3730973	2.6088433	2.742145	2.6621752	9649	3.0765805	0.51064277	3.7735999	0	0	0	0	0	0	0	0	0	0	0	0	0	0	0	0	0	0
F7_S23_subsampled_depth_6G_contig_9822	9.385872	9.149888	39361	29.822556	2.0913725	79.709	8.431275	8.117891	39505	27.207094	1.8808659	72.28258	8.787618	8.495962	39480	27.67678	1.9754816	75.78502	8.930745	8.641811	39225	26.928448	2.0140045	80.33669	8.848039	8.554795	39525	27.979202	1.9843593	78.89532	9.328807	8.947673	39223	35.491386	2.1010125	83.23682	4.009414	3.524958	35411	16.681797	0.75752276	6.095154	3.6083236	3.2658722	35129	11.476655	0.660771	4.6203685	3.6276565	3.2074594	34638	13.215209	0.6659076	4.9209933	5.640225	5.36963	38643	14.707361	30.234402	847.3209	5.588234	5.360404	38511	12.616416	28.576092	795.1036	4.8208823	4.6489344	37864	9.533877	24.249084	670.5264
F7_S23_subsampled_depth_6G_contig_9946	11.713626	9.3789835	34408	342.7988	2.6284242	100.17782	11.190809	9.161366	34211	277.34564	2.5192645	96.81652	10.365913	8.222616	34361	265.75064	2.3521514	90.235176	11.052543	8.754644	34396	330.20642	2.520397	100.53624	10.65702	8.545543	34531	276.95682	2.4105995	95.842	11.219229	8.603019	34452	379.77386	2.5593002	101.393	0	0	0	0	0	0	0	0	0	0	0	0	0	0	0	0	0	0	20.514862	20.161882	34598	71.698494	107.04026	2999.811	31.49672	31.19904	34574	183.71121	156.49425	4354.3076	24.590136	24.399014	34562	103.69739	119.20753	3296.2822
F7_S23_subsampled_depth_6G_contig_10203	4.291561	4.218897	10309	5.4151716	0.96399665	36.741028	4.2080164	4.1781206	10224	5.09529	0.94792837	36.429317	4.3752933	4.258004	10212	6.8199005	0.9937504	38.12306	4.571107	4.4589634	10327	6.838471	1.0376805	41.392056	5.1333895	4.890604	10696	7.78534	1.1474371	45.6205	4.4793954	4.3711543	10229	6.5937605	1.0139662	40.17078	0	0	0	0	0	0	0	0	0	0	0	0	0	0	0	0	0	0	0	0	0	0	0	0	0	0	0	0	0	0	0	0	0	0	0	0
F7_S23_subsampled_depth_6G_contig_10525	0	0	0	0	0	0	6.4136987	6.3245435	2202	9.963996	1.420494	54.590275	11.882192	11.49645	2203	74.590034	2.720849	104.37946	0	0	0	0	0	0	2.7260275	2.7322514	2158	1.588678	0.6045871	24.037516	0	0	0	0	0	0	42897.12	44000.777	2340	285796700	7608.4185	61218.555	56679.277	58161.574	2340	486316770	9776.776	68363.016	58582.547	60093.203	2340	524317700	10103.2295	74661.875	0	0	0	0	0	0	0	0	0	0	0	0	0	0	0	0	0	0
F7_S23_subsampled_depth_6G_contig_1895|provirus_25983_99815	7.576171	7.3741236	73426	16.854422	1.6957706	64.63132	7.5718007	7.3079696	73140	20.021105	1.7034811	65.465614	8.124697	7.923064	73433	18.856281	1.837481	70.49095	9.001438	8.824851	73447	24.79683	2.036362	81.2285	9.098788	8.884837	73595	22.664532	2.0497992	81.49713	9.397704	9.16764	73697	23.084797	2.1312423	84.434395	0	0	0	0	0	0	0	0	0	0	0	0	0	0	0	0	0	0	0	0	0	0	0	0	0	0	0	0	0	0	0	0	0	0	0	0
F7_S23_subsampled_depth_6G_contig_3788|provirus_96797_197858	9501.641	9703.088	101031	8145861.5	2118.5696	80745.56	9851.101	10051.993	101002	8938754	2195.608	84378.26	9864.267	10043.833	101040	9318809	2217.7087	85077.56	10204.427	10352.585	100937	10904833	2301.9185	91821.31	10673.266	10859.646	101062	11243313	2388.7502	94973.31	10128.253	10285.823	101022	10488046	2280.7356	90356.99	5040.786	5112.3647	98512	3243682.3	952.84045	7666.71	4424.7603	4488.7983	98636	2456561.8	813.3698	5687.399	4883.0137	4959.551	98890	2910182.5	897.5319	6632.675	18.965881	18.88854	100251	55.02853	100.574036	2818.5938	19.75236	19.76379	100205	56.40939	98.20343	2732.4194	19.94957	20.047005	99994	51.763397	96.71297	2674.2698
F8_S24_subsampled_depth_6G_contig_1459	476.1707	471.34564	45617	12231.693	106.0717	4042.7373	483.40857	477.94516	45614	12146.842	107.70758	4139.2534	463.91324	457.55356	45639	12941.327	104.228065	3998.4817	486.96512	481.30032	45663	13462.704	109.76794	4378.536	473.78467	468.77975	45616	12197.376	105.972786	4213.328	493.84973	487.38922	45744	13662.818	111.131134	4402.7344	18.587072	18.241009	45599	68.77069	3.50587	28.208794	17.641247	17.133152	45589	77.88904	3.2316692	22.597097	29.076721	28.505434	45591	165.67569	5.3281045	39.37416	3.7951045	3.6764061	43035	5.7822447	21.702808	608.22253	2.858534	2.756141	41401	3.7189817	14.358393	399.5089	5.2191076	5.1465545	45088	6.282217	25.30315	699.6731
F8_S24_subsampled_depth_6G_contig_1881	6.620548	6.431512	42095	13.387617	1.4728645	56.135635	6.179255	5.99027	41615	14.661404	1.3762242	52.888916	7.2109265	7.0314074	41821	17.521765	1.6202825	62.158592	6.1510577	5.9702363	41602	14.185762	1.3876289	55.35115	6.4336863	6.2792225	41952	13.876007	1.4366372	57.118645	6.469044	6.290883	42330	13.309386	1.4567096	57.711143	2.3517244	2.150411	34582	4.5925484	0.44277656	3.5626504	0	0	0	0	0	0	2.110464	1.9639233	34958	3.2199302	0.38645828	2.8558884	0	0	0	0	0	0	0	0	0	0	0	0	0	0	0	0	0	0
F8_S24_subsampled_depth_6G_contig_2347	7400.8438	7678.7866	69146	6091143.5	1648.9218	62845.75	7291.899	7570.344	69087	5874492.5	1623.8777	62406.387	7064.3394	7326.423	69127	5614494.5	1586.9312	60879.145	6995.7446	7254.284	69100	5517252	1576.798	62896.938	6658.606	6905.5	69160	4943102.5	1489.0625	59203.008	6793.706	7044.867	69160	5179111.5	1528.6676	60561.945	8461.453	8536.049	68757	13197130	1598.0149	12857.887	6503.873	6556.6807	68882	7783343.5	1194.6339	8353.344	7692.4023	7758.452	69021	10676086	1412.9044	10441.223	10.778655	10.754403	66449	28.880987	57.687737	1616.7024	11.384089	11.473016	65860	26.844078	56.69009	1577.3497	9.625532	9.628369	65966	22.098494	46.669334	1290.4825
F8_S24_subsampled_depth_6G_contig_2363	5.3584423	4.7886157	39183	27.248579	1.1991613	45.703934	5.5387535	4.9713764	38656	28.338282	1.2386453	47.601727	5.2208643	4.4799066	38758	33.707523	1.1799557	45.266426	6.283066	5.5912714	39415	34.91152	1.4197979	56.634373	5.952859	5.4149594	39571	26.487297	1.3412838	53.327526	6.765936	6.052948	40182	38.83795	1.5266404	60.481625	0	0	0	0	0	0	0	0	0	0	0	0	0	0	0	0	0	0	0	0	0	0	0	0	0	0	0	0	0	0	2.2169707	2.0423095	32247	3.947045	10.770416	297.81967
F8_S24_subsampled_depth_6G_contig_3636	5.966876	5.823763	14003	10.267768	1.3334988	50.823982	6.595874	6.4772367	13824	13.456504	1.479799	56.869377	5.9665904	5.7950506	13952	10.0687065	1.3443019	51.5712	5.69239	5.607868	13824	8.078211	1.2884467	51.39489	5.9029126	5.76967	13596	11.867778	1.315675	52.30935	5.9623075	5.8199553	14066	8.763339	1.3389835	53.047127	2.50257	2.385073	11872	3.8019495	0.48154694	3.8746035	2.2919047	2.1375318	11431	3.883159	0.4314953	3.0171819	2.3275986	2.178934	11257	4.1541834	0.43751907	3.2332242	0	0	0	0	0	0	0	0	0	0	0	0	0	0	0	0	0	0
F8_S24_subsampled_depth_6G_contig_3779	12.611233	11.705825	4725	155.39877	2.9854774	113.78622	13.743225	12.71699	4645	213.9334	3.2538075	125.04541	11.063593	10.235436	4512	148.68861	2.6083755	100.06467	10.436189	9.604369	4637	120.667404	2.587634	103.218216	12.296985	11.325728	4486	204.55856	2.9436202	117.03409	11.688811	10.795146	4350	182.82861	2.8057463	111.15662	0	0	0	0	0	0	0	0	0	0	0	0	3.2753496	2.9606795	4051	11.070832	0.6349641	4.692323	11.186407	9.707281	3866	246.44896	69.86474	1957.9637	0	0	0	0	0	0	12.364947	10.404612	4652	307.52185	67.50955	1866.7489
F8_S24_subsampled_depth_6G_contig_4369	4.3436728	4.149646	20434	8.275052	0.9854373	37.55819	5.0976214	4.946612	20714	8.572229	1.1419096	43.8841	4.5325403	4.392642	20375	7.1325336	1.0206157	39.153687	4.101189	3.9349825	20340	6.892896	0.94030946	37.50804	4.054044	3.928851	20233	6.1440883	0.9164885	36.438282	4.6012845	4.50185	20720	6.31616	1.0380529	41.12501	3.13549	2.861719	18351	8.648372	0.5999969	4.8276725	2.8559942	2.5807695	17371	7.652747	0.5329519	3.726607	2.7831588	2.5085104	17280	7.147897	0.5162809	3.8152647	0	0	0	0	0	0	0	0	0	0	0	0	3.9676974	1.6133841	17043	2204.7832	36.92017	1020.9024
F8_S24_subsampled_depth_6G_contig_4557	3.997663	3.8311577	15283	5.528429	0.8833067	33.66569	4.2962027	4.194879	14929	6.791314	0.9518941	36.581738	4.1676726	4.0991707	14923	5.870677	0.92965174	35.66405	3.3494968	3.2521458	14988	3.8224041	0.75124663	29.96651	3.4262252	3.319221	14534	5.5530643	0.76441664	30.392122	4.278416	4.1608367	15155	5.540566	0.9571056	37.918087	0	0	0	0	0	0	0	0	0	0	0	0	0	0	0	0	0	0	0	0	0	0	0	0	0	0	0	0	0	0	0	0	0	0	0	0
F8_S24_subsampled_depth_6G_contig_5234	4.568275	4.3370695	12944	10.640852	1.0347743	39.43861	5.249196	4.8212314	12662	20.772532	1.1920086	45.80945	4.8983917	4.644493	12877	15.220027	1.1215167	43.024555	3.6813598	3.4843242	11911	9.332557	0.85968614	34.29206	4.2724414	3.9498863	12288	13.714864	0.9815407	39.02467	3.9120615	3.670159	12369	11.757526	0.8876704	35.167263	2.388085	2.2204354	11132	4.2844253	0.45410293	3.6537857	0	0	0	0	0	0	0	0	0	0	0	0	0	0	0	0	0	0	0	0	0	0	0	0	0	0	0	0	0	0
F8_S24_subsampled_depth_6G_contig_5841	3.166915	3.0368743	19689	4.8330045	0.70653355	26.92829	2.7120647	2.5767999	18504	4.277095	0.6021642	23.141447	3.903975	3.6225176	20692	8.677788	0.87819004	33.689846	2.9940422	2.741208	19077	6.706942	0.67047894	26.74476	3.0026996	2.903496	19449	4.12046	0.66951	26.61878	3.224772	3.089212	19989	4.862615	0.72108483	28.567562	2.186604	1.9962246	17604	3.830606	0.4092899	3.2932103	1.7934277	1.6744932	17273	2.3669522	0.3281768	2.2947402	2.1266525	1.944456	16473	4.069561	0.39067706	2.8870654	0	0	0	0	0	0	1.9951127	1.7662909	17010	3.9862447	9.9818735	277.73642	0	0	0	0	0	0
F8_S24_subsampled_depth_6G_contig_5915	9.122617	8.947262	12678	14.248882	2.0643165	78.677795	9.735147	9.655885	12753	13.549783	2.212805	85.039185	9.815521	9.713105	12722	12.187955	2.2478414	86.2335	8.2970495	8.198998	12752	12.20582	1.9015275	75.8501	9.030852	8.953503	12740	10.45269	2.0540714	81.66697	9.247528	9.140283	12791	13.924876	2.1104443	83.61051	1.843525	1.747473	9760	2.3780453	0.34501946	2.7760825	0	0	0	0	0	0	0	0	0	0	0	0	2.8792026	2.7521315	10799	4.4240937	16.56949	464.36087	1.9597342	1.777973	10012	3.3071604	9.931058	276.32245	3.2617671	3.1553133	11881	4.6855073	16.059404	444.06857
F8_S24_subsampled_depth_6G_contig_5991	5.970436	5.8718786	16213	10.765905	1.3343865	50.857826	6.154729	6.0552144	16630	9.280726	1.3636471	52.405617	6.3497176	6.3171988	16186	11.016684	1.4339355	55.00983	7.290049	7.247296	16565	12.240904	1.64266	65.52414	6.3665423	6.2386165	16606	11.260625	1.424234	56.62552	7.1379642	7.031379	16564	13.825326	1.5995141	63.368725	4.059909	3.897583	15528	7.898759	0.7699052	6.1947827	3.5065496	3.3524504	15491	5.7693515	0.64076585	4.480483	3.6714337	3.5206304	14912	6.7130213	0.67383844	4.979599	0	0	0	0	0	0	0	0	0	0	0	0	0	0	0	0	0	0
F8_S24_subsampled_depth_6G_contig_6306	6.639391	6.555004	14774	9.141917	1.4765486	56.276073	5.9879527	5.88345	14880	7.0406036	1.3385133	51.439713	6.726227	6.6692233	14909	7.125732	1.5134704	58.06097	6.803993	6.700504	14925	6.8374424	1.5363265	61.282574	6.536853	6.427927	14889	9.051149	1.4760084	58.684006	6.9819965	6.9055567	14925	6.5689178	1.5610174	61.84355	2.4220643	2.3431838	13576	2.4983084	0.45300925	3.6449873	2.042098	1.9403715	12015	2.6891713	0.38350764	2.6816335	2.9208121	2.7329123	11997	6.295746	0.5460014	4.034895	2.0833163	1.9466877	12198	3.3132827	10.961679	307.2017	1.6967174	1.6392962	12918	1.3637463	8.410968	234.02745	2.108088	1.9854125	13260	2.5385394	10.298001	284.75638
F8_S24_subsampled_depth_6G_contig_6851	4.1259685	4.073689	16232	4.81531	0.9225776	35.162434	4.355798	4.293697	16538	4.38368	0.9716456	37.340797	4.518174	4.398173	16751	5.7585344	1.0220568	39.20899	4.7470503	4.535289	16718	7.3538656	1.0813707	43.134823	4.181206	4.0751457	16462	5.005302	0.94296485	37.49095	4.9917173	4.862685	16365	6.9800277	1.12963	44.753094	0	0	0	0	0	0	0	0	0	0	0	0	0	0	0	0	0	0	49.15713	47.4953	16931	326.66718	258.6438	7248.509	63.670837	61.284363	16931	514.4845	319.99316	8903.515	54.567036	52.452396	16929	421.70764	267.20102	7388.541
F8_S24_subsampled_depth_6G_contig_7215	38.847958	35.45997	25893	663.9498	8.906691	339.46292	41.968845	37.8987	25893	860.5243	9.582573	368.2629	43.3103	39.683067	25893	740.3256	9.944091	381.48322	47.69844	43.658337	25893	933.4258	11.04779	440.68573	49.68745	45.26652	25893	1024.2576	11.433587	454.58313	48.61745	44.4642	25893	938.76654	11.236204	445.15005	2.8455892	2.6438344	20087	6.680492	0.54736733	4.404206	2.4670396	2.3010488	20403	4.8110394	0.46124575	3.225211	2.8558443	2.7268333	21794	4.8568892	0.53374976	3.9443593	7.0957155	6.2277613	25428	43.05012	42.39091	1188.0079	5.5490036	4.8525615	25127	28.802032	28.223286	785.2867	7.020083	6.0301266	25414	52.4167	34.82756	963.03827
F8_S24_subsampled_depth_6G_contig_7482	47.21969	46.325333	35655	368.03424	10.521419	401.00543	46.960342	45.9253	35655	377.12167	10.4525585	401.6969	46.952065	46.14226	35655	381.3604	10.543019	404.46	41.168427	40.386982	35655	315.04044	9.274907	369.96698	43.001774	42.13378	35655	313.07098	9.623904	382.63275	42.487114	41.843937	35655	321.55356	9.569429	379.11655	3.0251796	2.930715	33476	3.8650715	0.57443595	4.6220036	2.58634	2.4676263	30881	3.7666059	0.47465676	3.3189855	3.3937473	3.2887497	33181	4.8099766	0.62311685	4.60477	0	0	0	0	0	0	0	0	0	0	0	0	0	0	0	0	0	0
F8_S24_subsampled_depth_6G_contig_7930	7.601245	7.29154	17091	24.95332	1.8093848	68.96154	7.1315804	6.743553	17076	23.571516	1.680605	64.586464	7.2973065	6.9184384	17150	23.35192	1.7439731	66.90372	7.943575	7.426162	17259	37.329456	1.9491401	77.74931	6.9405503	6.517094	17273	22.194721	1.6608003	66.03106	7.7078123	7.366962	17044	29.216017	1.8656904	73.91392	3.4927578	3.3851225	16333	5.301503	0.6525433	5.2504687	3.0013962	2.8297033	15229	5.6658506	0.5458953	3.8171134	3.1609564	2.9651005	16092	5.481422	0.58106315	4.294001	0	0	0	0	0	0	0	0	0	0	0	0	0	0	0	0	0	0
F8_S24_subsampled_depth_6G_contig_8419	15.591197	14.743697	39703	73.32805	37.13529	1415.3464	15.420513	14.46628	39751	84.31476	45.450302	1746.6765	15.551347	14.531757	39747	85.140274	33.613846	1289.5217	30.961184	30.13446	39750	107.73237	36.16149	1442.447	30.927618	29.932587	39750	138.4224	45.250385	1799.0911	30.64758	29.793612	39773	123.041695	25.406775	1006.552	0	0	0	0	0	0	0	0	0	0	0	0	0	0	0	0	0	0	0	0	0	0	0	0	0	0	0	0	0	0	0	0	0	0	0	0
F8_S24_subsampled_depth_6G_contig_8538	146.46742	129.40044	13334	122716.67	44.299892	1688.4126	148.06741	126.58956	13337	198668.44	47.779575	1836.1915	149.14496	124.39682	13313	257586.52	50.260452	1928.1322	177.76137	165.37169	13318	84591.36	49.708313	1982.8163	189.03337	164.72346	13337	246908.13	58.61902	2330.6094	174.21541	162.09616	13367	75920.21	48.117958	1906.3113	152.98888	149.3395	13329	14454.535	31.775028	255.6669	126.7187	120.68118	13334	23641.613	27.224125	190.36171	180.33215	175.81004	13330	21513.992	36.561977	270.18954	0	0	0	0	0	0	0	0	0	0	0	0	0	0	0	0	0	0
F8_S24_subsampled_depth_6G_contig_8779	6.387954	6.083987	13830	14.773808	1.4375532	54.789825	5.638555	5.5146856	13759	8.29098	1.2650305	48.615734	6.09606	5.7791085	13748	13.944524	1.3882061	53.25551	5.405433	5.188203	13803	8.473266	1.2285053	49.0039	6.1779914	6.037058	13801	8.075236	1.400169	55.668728	4.9773507	4.8752327	13877	4.9206095	1.1262778	44.620262	2.2345786	2.1453192	11016	3.1019244	0.41778862	3.3615947	0	0	0	0	0	0	2.5777438	2.4413788	11220	4.3820653	0.47401658	3.5029373	0	0	0	0	0	0	0	0	0	0	0	0	0	0	0	0	0	0
F8_S24_subsampled_depth_6G_contig_9146	3.315036	3.2525518	12337	3.8878052	0.73228836	27.909893	3.5741847	3.4187648	12595	5.4381447	0.79033625	30.372997	3.7664218	3.637887	12461	6.006917	0.83818835	32.155262	3.4822385	3.4293978	12451	3.789708	0.77905506	31.075754	3.2413871	3.1803334	11872	4.0058117	0.7189621	28.58492	3.2733119	3.245917	12517	2.7915382	0.7341128	29.083675	0	0	0	0	0	0	0	0	0	0	0	0	0	0	0	0	0	0	0	0	0	0	0	0	0	0	0	0	0	0	0	0	0	0	0	0
F8_S24_subsampled_depth_6G_contig_9195	3.0293703	2.9321299	11854	4.2178707	0.6665834	25.405655	3.6362288	3.520309	12157	5.257316	0.8036092	30.883097	3.2720668	3.1312273	12000	4.943629	0.73212236	28.086279	3.5025778	3.3901231	12349	4.6060796	0.7868256	31.385714	3.092095	3.030203	12031	3.3967981	0.6839815	27.194132	3.1132636	3.022045	12090	3.7876546	0.70171916	27.80034	0	0	0	0	0	0	0	0	0	0	0	0	0	0	0	0	0	0	0	0	0	0	0	0	0	0	0	0	0	0	0	0	0	0	0	0
F8_S24_subsampled_depth_6G_contig_9505	4.593247	4.58523	11209	5.080053	1.0262079	39.11211	3.8053284	3.683501	11109	5.418307	0.8741294	33.593212	4.1944957	4.170753	11195	4.458651	0.963986	36.981197	5.3750987	5.293836	11444	6.8624525	1.2263709	48.918728	5.3571615	5.2865095	11322	6.3092875	1.2219014	48.581062	6.076145	5.8916674	11523	9.526034	1.3714681	54.334114	2.6822298	2.5736055	10787	3.2899735	0.51555765	4.1482573	2.7398224	2.5983198	10591	3.8546546	0.51106155	3.5735426	1.9531347	1.8470255	9895	2.2937055	0.3607678	2.666038	0	0	0	0	0	0	0	0	0	0	0	0	0	0	0	0	0	0
F8_S24_subsampled_depth_6G_contig_9966	14.538915	14.09624	53063	32.573616	3.2382855	123.42158	15.720859	15.347988	53063	39.838573	3.503478	134.6403	15.148083	14.766434	53063	30.827105	3.4061782	130.67058	15.655292	15.055972	53051	50.087032	3.531209	140.85646	15.270827	14.808213	53063	37.70377	3.417728	135.88394	15.988871	15.46243	53073	42.649483	3.5994112	142.59949	3.633203	2.97678	43767	19.736929	0.6833417	5.498274	3.2917635	2.8730028	42639	12.654735	0.6045747	4.2274203	3.9966366	3.4494343	45114	18.096395	0.7314116	5.4050612	12.004232	11.885705	53035	17.070358	63.3195	1774.533	13.875744	13.749029	53073	18.69334	69.396286	1930.8877	12.690853	12.537549	53073	15.872548	61.83096	1709.7267
F8_S24_subsampled_depth_6G_contig_10051	151.17162	133.92853	43600	14584.683	33.762367	1286.7932	153.3908	137.29732	43469	14040.652	34.24565	1316.0768	148.24559	130.8023	43468	15478.68	33.38304	1280.6677	188.28943	171.3139	43468	15358.054	42.566307	1697.9291	185.75946	168.29765	43469	15728.075	41.651558	1656.007	191.31197	172.25081	43558	17989.725	43.19689	1711.3513	6.2030315	6.037056	42594	12.647703	1.1724019	9.433339	5.656937	5.4760284	42307	11.750667	1.0401603	7.2732077	8.32151	8.229645	43084	14.403353	1.5271662	11.28561	0	0	0	0	0	0	0	0	0	0	0	0	0	0	0	0	0	0
F8_S24_subsampled_depth_6G_contig_10056	20.271597	19.597033	32479	68.18818	4.555923	173.64099	19.640095	18.887016	32479	73.890175	4.4129386	169.59126	19.613792	18.703459	32481	75.4849	4.4511294	170.75781	19.75718	18.743948	32479	119.69407	4.5233264	180.4312	19.005812	18.152924	32479	93.0846	4.2904453	170.58202	19.558031	18.35664	32503	128.68718	4.4667034	176.95956	8.618645	8.528761	31518	18.668978	1.6240959	13.067738	7.222916	7.0768914	31329	15.881935	1.3199203	9.229398	7.8538003	7.7258835	31956	15.844353	1.4390845	10.634689	9.019596	8.857309	32489	14.1091	47.9553	1343.9508	8.832226	8.703664	32489	11.420295	44.41552	1235.8206	8.604643	8.47924	32468	12.642557	42.08787	1163.7981
F8_S24_subsampled_depth_6G_contig_10410	8.075045	7.9593625	20610	14.633427	1.8134223	69.1154	7.6050777	7.4597135	20602	13.249477	1.7102966	65.72748	8.656048	8.437557	20528	20.151733	1.9540211	74.96177	10.293712	10.209403	20656	17.374088	2.332344	93.03493	9.809494	9.682518	20711	16.257915	2.2070096	87.747574	10.40679	10.318832	20711	19.0279	2.3595452	93.479256	1.9780166	1.8848959	16226	2.5166373	0.368796	2.967392	1.6687905	1.5477979	15838	2.248758	0.31091368	2.1740298	2.2316523	2.0910566	16526	3.3723562	0.40808785	3.015729	0	0	0	0	0	0	0	0	0	0	0	0	0	0	0	0	0	0
F8_S24_subsampled_depth_6G_contig_597|provirus_1_25336	14.4473915	14.353759	25156	44.954178	3.2365918	123.35709	14.571072	14.623345	25292	31.973278	3.2666225	125.53782	14.082784	14.029116	25312	36.738953	3.1786027	121.94017	13.47177	13.43868	25318	35.054855	3.0529456	121.77909	13.228738	13.183607	25335	31.338078	2.9767437	118.351105	13.153459	13.035292	25336	36.27309	2.9675157	117.56545	0	0	0	0	0	0	0	0	0	0	0	0	2.291154	2.1461973	20143	3.9710133	0.42486903	3.13974	0	0	0	0	0	0	0	0	0	0	0	0	0	0	0	0	0	0
F8_S24_subsampled_depth_6G_contig_987|provirus_9920_28900	5.977378	5.574193	18519	25.334167	1.4052696	53.55938	6.611014	6.177828	18644	30.426851	1.5371659	59.07403	6.578886	6.238303	18692	21.667688	1.5272745	58.59056	7.45457	7.001947	18739	40.308384	1.775361	70.81741	7.27938	6.814266	18799	32.70617	1.7071882	67.87537	7.3038077	6.8693137	18889	33.06526	1.7241441	68.30621	0	0	0	0	0	0	0	0	0	0	0	0	0	0	0	0	0	0	0	0	0	0	0	0	0	0	0	0	0	0	0	0	0	0	0	0
F8_S24_subsampled_depth_6G_contig_1457|provirus_15058_45592	26.449005	26.69653	30510	63.9141	5.884816	224.28935	25.72888	26.012323	30454	59.32247	5.7199535	219.82056	25.608492	25.938677	30535	62.88777	5.7528195	220.6944	23.3792	23.67214	30520	51.737064	5.264303	209.98802	22.04114	22.342232	30530	47.66354	4.9298973	196.00568	22.569294	22.807402	30535	50.568127	5.079999	201.25674	12.118809	11.778952	29993	49.631878	2.2846444	18.382614	10.206155	9.98402	29783	32.420437	1.8745215	13.10739	11.50367	11.144769	29879	46.930687	2.105258	15.557649	0	0	0	0	0	0	0	0	0	0	0	0	0	0	0	0	0	0
F8_S24_subsampled_depth_6G_contig_5857|provirus_3_18368	8.759387	8.209014	18362	26.411879	2.1309319	81.21673	9.44675	8.887046	18366	30.24871	2.2723572	87.32774	9.980072	9.279946	18366	38.0304	2.4690416	94.71945	11.679458	10.963467	18366	44.620113	2.8742895	114.652626	10.959047	10.0899	18366	47.680565	2.721728	108.212006	11.198177	10.497499	18366	41.716423	2.747601	108.85301	0	0	0	0	0	0	0	0	0	0	0	0	0	0	0	0	0	0	0	0	0	0	0	0	0	0	0	0	0	0	0	0	0	0	0	0
F8_S24_subsampled_depth_6G_contig_7557|provirus_8341_28799	7.160323	7.050167	20459	9.179634	1.6108044	61.392952	7.579201	7.5151815	20427	8.54313	1.7067465	65.5911	8.498252	8.407188	20459	9.739376	1.9267751	73.91652	7.9682407	7.88495	20459	9.562758	1.8098234	72.19206	8.142006	7.9914656	20331	12.063054	1.8505777	73.57633	8.808164	8.600525	20459	12.826405	1.9907831	78.86982	0	0	0	0	0	0	0	0	0	0	0	0	0	0	0	0	0	0	0	0	0	0	0	0	0	0	0	0	0	0	0	0	0	0	0	0
GP3_S28_subsampled_depth_6G_contig_33	2.5277576	2.422447	9882	3.1359363	0.5610014	21.38157	2.7557335	2.7050557	10421	2.5932822	0.6119401	23.51715	3.162723	3.0834177	10170	4.170115	0.7145343	27.411549	2.684383	2.6067746	10226	2.842945	0.60388196	24.088278	2.401802	2.2743175	9240	3.4452577	0.53226864	21.162235	2.3615763	2.2235591	9720	3.210199	0.5297944	20.9891	4.5737166	4.4734073	10570	8.095686	0.8584855	6.9075108	2.8071532	2.7167847	9866	3.7865076	0.5064909	3.54158	3.335912	3.1128414	9745	6.8030534	0.6031134	4.45695	0	0	0	0	0	0	0	0	0	0	0	0	0	0	0	0	0	0
GP3_S28_subsampled_depth_6G_contig_56	0	0	0	0	0	0	0	0	0	0	0	0	0	0	0	0	0	0	0	0	0	0	0	0	0	0	0	0	0	0	0	0	0	0	0	0	4.5347595	4.5266905	1085	2.341135	0.8082682	6.5034533	0	0	0	0	0	0	1.6106952	1.5729537	0	1.3836113	0	0	0	0	0	0	0	0	0	0	0	0	0	0	0	0	0	0	0	0
GP3_S28_subsampled_depth_6G_contig_71	108.144615	104.34509	22498	1001.4361	24.652718	939.59485	108.918816	104.98788	22499	976.2906	24.821205	953.89087	112.21108	108.993835	22492	904.9294	25.777859	988.911	113.142784	109.336296	22498	966.3027	26.080408	1040.3224	114.01512	110.396484	22497	846.668	26.079538	1036.8854	117.5942	113.57902	22498	1000.5443	27.049278	1071.6239	22.157944	20.445185	22332	384.43512	4.1605735	33.47664	18.099169	16.85409	22326	251.45036	3.2927828	23.024422	23.091518	21.84261	22445	321.47424	4.2165704	31.160034	6.959071	6.825365	22439	11.761021	40.476833	1134.3663	6.3615136	6.2492795	22411	8.031503	31.707073	882.22	7.1180444	7.056207	22473	8.151622	34.631416	957.6147
GP3_S28_subsampled_depth_6G_contig_109	40.997673	38.80757	44003	532.4927	9.16741	349.39975	39.82633	37.933693	44003	418.3706	8.910586	342.43808	41.24215	39.307102	44003	447.32745	9.304018	356.92838	36.02433	34.421776	44003	356.828	8.154533	325.27643	36.030304	34.620106	44003	300.39294	8.092828	321.75922	35.272	33.87656	44003	293.36377	7.9728494	315.864	22.376644	20.646837	43684	322.56482	4.2431183	34.140812	18.660957	17.278091	43791	199.31805	3.4383295	24.042147	21.868607	20.134485	43888	296.60193	4.041098	29.863321	0	0	0	0	0	0	0	0	0	0	0	0	0	0	0	0	0	0
GP3_S28_subsampled_depth_6G_contig_116	0	0	0	0	0	0	0	0	0	0	0	0	0	0	0	0	0	0	0	0	0	0	0	0	0	0	0	0	0	0	0	0	0	0	0	0	621.6457	621.3498	4838	9026.851	120.94034	973.10547	536.5448	536.359	4838	7176.244	101.763916	711.573	415.84448	414.0211	4838	4037.5984	78.63703	581.11993	0	0	0	0	0	0	0	0	0	0	0	0	0	0	0	0	0	0
GP3_S28_subsampled_depth_6G_contig_177	0	0	0	0	0	0	0	0	0	0	0	0	0	0	0	0	0	0	0	0	0	0	0	0	0	0	0	0	0	0	0	0	0	0	0	0	5.3743544	5.335681	4408	4.8243556	1.0140024	8.158831	2.8114138	2.6731873	4285	3.0644968	0.5119144	3.579505	2.9849694	2.856025	3771	5.1780686	0.5558592	4.107744	0	0	0	0	0	0	0	0	0	0	0	0	0	0	0	0	0	0
GP3_S28_subsampled_depth_6G_contig_244	96.81202	95.8883	11678	282.3287	22.167604	844.8793	98.112854	97.404106	11678	254.82597	22.394085	860.61505	95.27299	93.46675	11678	452.83707	22.039797	845.5088	92.32633	91.33655	11678	311.15677	21.371532	852.4897	92.57677	91.85264	11678	337.91046	21.226372	843.93066	88.50833	87.293274	11678	308.67868	20.386091	807.6454	61.822865	61.819103	11678	168.00902	11.95722	96.20969	51.428955	51.237953	11678	103.93285	9.6967535	67.80348	69.708885	69.46116	11678	232.10757	13.131161	97.038	0	0	0	0	0	0	0	0	0	0	0	0	0	0	0	0	0	0
GP3_S28_subsampled_depth_6G_contig_260	0	0	0	0	0	0	0	0	0	0	0	0	3.004025	2.8351538	0	7.4393578	0	0	0	0	0	0	0	0	0	0	0	0	0	0	0	0	0	0	0	0	11122.569	11174.312	2386	63625030	2000.8871	16099.459	15414.111	15435.69	2349	127880630	2696.1458	18852.498	15254.43	15305.806	2361	121661810	2668.4072	19719.271	0	0	0	0	0	0	0	0	0	0	0	0	0	0	0	0	0	0
GP3_S28_subsampled_depth_6G_contig_351	14.306371	14.163667	23628	23.038897	3.1857831	121.420525	13.268111	13.195193	23655	19.935875	2.9519558	113.445015	14.351713	14.323374	23692	24.548283	3.2173023	123.42474	13.352392	13.223704	23701	20.18037	3.003828	119.819756	12.751357	12.700235	23719	22.352852	2.8493662	113.28674	11.465219	11.396795	23712	20.798962	2.575702	102.04275	3.8403885	3.7352026	22364	5.8826046	0.72494084	5.832989	2.7975483	2.6633835	21615	4.1065836	0.5103324	3.5684445	4.072489	3.887182	22112	7.911563	0.7530721	5.565129	0	0	0	0	0	0	0	0	0	0	0	0	0	0	0	0	0	0
GP3_S28_subsampled_depth_6G_contig_390	3.22309	3.107993	20203	5.2238035	0.7341834	27.982119	3.6137094	3.4985125	21880	4.434252	0.81415445	31.288345	3.2164853	3.1198432	21486	4.085457	0.72962236	27.990366	3.154052	3.0367413	20895	4.531004	0.7258394	28.953028	3.083988	3.0027766	20756	3.8072896	0.7062947	28.08127	2.819484	2.6776576	20628	4.056447	0.6359239	25.193697	11.007498	10.601795	22558	47.399952	2.072983	16.67956	8.731391	8.345498	22335	35.228283	1.5944101	11.148737	12.344877	11.832854	22529	59.02104	2.267574	16.757158	2.2243395	2.0682764	19167	3.3013456	12.724933	356.61725	2.8354158	2.6859381	20146	4.288973	14.409195	400.92264	2.804311	2.7293236	20096	3.6803188	13.788344	381.27008
GP3_S28_subsampled_depth_6G_contig_578	10091.855	9784.366	12823	21070916	2287.093	87168.54	10078.048	9769.769	12823	20770796	2282.684	87724.62	9983.185	9683.328	12823	20622538	2280.9358	87503.11	8767.978	8497.979	12823	15909541	2009.1744	80144.016	9261.0625	8976.927	12823	17714946	2106.5208	83752.29	9046.562	8769.374	12823	16869200	2069.596	81992.17	3747.3943	3661.4316	12823	2679051	717.61017	5774.005	3259.5708	3188.594	12823	1941989.1	607.3581	4246.884	3735.478	3649.7102	12823	2569959.5	695.8235	5142.068	12.151819	11.843079	12790	39.99857	65.7646	1843.0574	12.991005	12.642851	12817	42.266495	65.55623	1824.0414	14.119546	13.770843	12798	49.428032	68.84903	1903.7869
GP3_S28_subsampled_depth_6G_contig_839	0	0	0	0	0	0	0	0	0	0	0	0	0	0	0	0	0	0	0	0	0	0	0	0	0	0	0	0	0	0	0	0	0	0	0	0	1796.2281	1769.0146	3938	445671.06	330.13382	2656.3093	1279.3783	1260.1924	3938	241328.77	228.61055	1598.534	1447.5417	1422.9812	3938	322148.66	258.70975	1911.8397	0	0	0	0	0	0	0	0	0	0	0	0	0	0	0	0	0	0
GP3_S28_subsampled_depth_6G_contig_845	63.254684	58.75361	12695	800.3335	14.554194	554.70764	59.879074	54.5949	12695	994.8409	13.821551	531.16864	61.001595	57.033833	12695	639.4505	14.173252	543.72577	55.568275	51.587193	12695	613.6945	12.886882	514.0452	50.05811	46.64786	12695	473.43387	11.552637	459.31653	52.80869	49.222656	12695	511.45184	12.218808	484.07822	9.876604	9.567709	12695	23.361681	1.8740743	15.079105	8.615863	8.379329	12695	19.600756	1.6062404	11.231463	10.250538	9.951466	12672	31.913713	1.9279041	14.247028	0	0	0	0	0	0	0	0	0	0	0	0	0	0	0	0	0	0
GP3_S28_subsampled_depth_6G_contig_949	12.99272	11.752941	2911	154.73746	2.9336264	111.81005	27.019524	25.503677	3153	420.38596	6.213338	238.78142	36.53177	34.595222	3051	781.55725	8.413089	322.74973	3.39775	3.0330882	2687	12.8665695	0.76036	30.330015	5.5033092	5.3036766	2796	16.353348	1.2636862	50.24236	6.78822	6.356985	2580	35.22624	1.5609357	61.840305	41431.6	41053.49	3172	646964800	7555.005	60788.773	40496.285	40153.184	3172	612904800	7180.667	50210.03	29862.318	29599.559	3172	335697570	5294.5977	39126.55	0	0	0	0	0	0	0	0	0	0	0	0	0	0	0	0	0	0
GP3_S28_subsampled_depth_6G_contig_1054	76.95654	73.758026	45576	980.3363	17.179417	654.76324	74.59675	71.226295	45576	947.33984	16.64032	639.4953	79.93433	76.5058	45576	1049.3802	17.99181	690.21643	99.321266	95.99675	45576	1283.2173	22.428204	894.6395	92.79798	89.70976	45576	1106.0284	20.804256	827.1475	98.62876	95.33497	45507	1202.8435	22.221691	880.3672	21.53267	21.101408	45576	144.96414	4.066258	32.717747	19.196276	18.698757	45568	113.53136	3.532195	24.698488	21.111038	20.637878	45576	139.99353	3.881086	28.680847	0	0	0	0	0	0	0	0	0	0	0	0	1.5199445	1.3934302	34517	2.1125026	7.4798775	206.83066
GP3_S28_subsampled_depth_6G_contig_1190	0	0	0	0	0	0	0	0	0	0	0	0	0	0	0	0	0	0	0	0	0	0	0	0	0	0	0	0	0	0	0	0	0	0	0	0	2.9710383	2.9199028	1980	1.5743383	0.52864003	4.253521	0	0	0	0	0	0	0	0	0	0	0	0	0	0	0	0	0	0	0	0	0	0	0	0	0	0	0	0	0	0
GP3_S28_subsampled_depth_6G_contig_1405	0	0	0	0	0	0	0	0	0	0	0	0	0	0	0	0	0	0	0	0	0	0	0	0	0	0	0	0	0	0	0	0	0	0	0	0	3.9786286	3.8818002	2396	2.8993206	0.72022223	5.7950253	0	0	0	0	0	0	0	0	0	0	0	0	0	0	0	0	0	0	0	0	0	0	0	0	0	0	0	0	0	0
GP3_S28_subsampled_depth_6G_contig_1421	0	0	0	0	0	0	0	0	0	0	0	0	0	0	0	0	0	0	0	0	0	0	0	0	0	0	0	0	0	0	0	0	0	0	0	0	1991.8654	1980.6488	5392	76133.94	370.11246	2977.985	2202.449	2193.4985	5392	93229.914	398.0386	2783.2415	2816.9019	2806.5361	5392	149645.75	508.91867	3760.8586	0	0	0	0	0	0	0	0	0	0	0	0	0	0	0	0	0	0
GP3_S28_subsampled_depth_6G_contig_1495	0	0	0	0	0	0	0	0	0	0	0	0	0	0	0	0	0	0	0	0	0	0	0	0	0	0	0	0	0	0	0	0	0	0	0	0	13.297728	13.2067795	3090	10.9154005	2.6198947	21.080093	11.46965	11.401883	3099	11.061917	2.1311533	14.901852	9.432011	9.4	3099	10.940849	1.7500926	12.933007	0	0	0	0	0	0	0	0	0	0	0	0	0	0	0	0	0	0
GP3_S28_subsampled_depth_6G_contig_1591	0	0	0	0	0	0	0	0	0	0	0	0	0	0	0	0	0	0	0	0	0	0	0	0	0	0	0	0	0	0	0	0	0	0	0	0	49.418053	47.641174	5379	483.9958	9.624387	77.4394	35.33238	34.26025	5379	223.55437	6.747894	47.183926	33.70262	32.68621	5379	150.1872	6.402833	47.316315	0	0	0	0	0	0	0	0	0	0	0	0	0	0	0	0	0	0
GP3_S28_subsampled_depth_6G_contig_1613	0	0	0	0	0	0	0	0	0	0	0	0	0	0	0	0	0	0	0	0	0	0	0	0	0	0	0	0	0	0	0	0	0	0	0	0	29.88093	29.573757	5399	41.568336	5.533171	44.520794	56.135265	56.12106	5399	103.64863	10.117476	70.74532	34.86302	34.70095	5399	46.796993	6.282229	46.425083	0	0	0	0	0	0	0	0	0	0	0	0	0	0	0	0	0	0
GP3_S28_subsampled_depth_6G_contig_1625	0	0	0	0	0	0	0	0	0	0	0	0	0	0	0	0	0	0	0	0	0	0	0	0	0	0	0	0	0	0	0	0	0	0	0	0	514.90845	511.40262	6453	12880.224	95.80601	770.87085	472.9824	472.11246	6453	9651.25	85.70271	599.26685	458.2978	455.83517	6453	10067.626	83.01857	613.4991	0	0	0	0	0	0	0	0	0	0	0	0	0	0	0	0	0	0
GP3_S28_subsampled_depth_6G_contig_143|provirus_26386_36568	173.79916	161.22922	10173	45746.67	38.835842	1480.1602	173.77753	160.39442	10069	46950.207	38.979412	1497.9971	161.26015	149.51588	10126	39239.78	36.50984	1400.6199	169.15848	157.73116	10135	42842.914	38.50343	1535.8643	160.60948	149.1022	10114	38832.28	36.224586	1440.238	165.28038	153.8876	10182	41073.88	37.51304	1486.1716	168.55177	148.09523	10169	52755.43	32.175945	258.89288	128.84541	113.894585	10144	30143.195	23.864874	166.87253	154.08392	135.80933	10152	41514.027	28.46068	210.32172	0	0	0	0	0	0	0	0	0	0	0	0	0	0	0	0	0	0
GP3_S28_subsampled_depth_6G_contig_565|provirus_205_31638	15.161073	15.072489	31416	23.117332	3.4316175	130.79002	15.663693	15.388017	31431	24.565962	3.5312078	135.706	15.718642	15.517723	31425	22.359285	3.5919344	137.7968	15.484944	15.1706915	31429	27.636591	3.5575764	141.90828	15.491944	15.337796	31416	21.153055	3.5190783	139.91354	16.18559	15.974002	31433	28.089586	3.7112837	147.03168	11.846343	11.465727	31384	37.99944	2.2553031	18.146528	9.397967	9.123846	31323	27.236176	1.7394952	12.163232	12.604463	12.348736	31265	36.781685	2.3288155	17.209715	0	0	0	0	0	0	0	0	0	0	0	0	0	0	0	0	0	0
GP4_S29_subsampled_depth_6G_contig_19	11.428076	9.757773	4346	150.63377	2.717711	103.58081	20.219788	17.701857	4727	354.25137	4.8257017	185.45398	24.030159	21.093275	4696	553.0935	5.707174	218.94331	2.326535	2.152808	0	4.429593	0	0	4.7207637	4.063871	4037	25.618843	1.1466337	45.58853	4.5528316	4.0400095	3654	21.782852	1.0689094	42.347504	29174.484	28839.307	4759	263000860	5401.245	43459.297	28790.043	28464.984	4759	248001200	5180.2983	36222.66	21248.355	20988.213	4759	139706880	3823.6067	28256.076	0	0	0	0	0	0	0	0	0	0	0	0	0	0	0	0	0	0
GP4_S29_subsampled_depth_6G_contig_92	89.38593	86.88457	26157	760.5777	20.023697	763.16797	90.25197	87.70107	26157	803.9797	20.18344	775.65906	97.06806	94.05597	26157	867.254	21.891058	839.8027	100.58823	98.072586	26157	886.2656	22.77776	908.5829	97.082016	93.82881	26157	899.6684	21.814783	867.3248	98.24113	95.75268	26157	830.772	22.214481	880.0817	19.587341	17.983765	26105	273.9419	3.690155	29.691572	17.126158	15.930192	26142	174.79427	3.1414266	21.966076	19.28004	17.913786	26134	207.00362	3.5501342	26.235151	3.9292498	3.6520271	23899	10.191333	23.824558	667.68494	2.7414927	2.5050626	20821	6.828234	13.683546	380.73193	4.303149	4.046909	24853	11.039989	20.913986	578.3056
GP4_S29_subsampled_depth_6G_contig_276	3033.4792	3126.2358	13548	659815	671.4888	25592.611	2731.3704	2810.6196	13656	548126.9	604.3338	23224.832	3112.8318	3207.4907	13646	648580	694.6629	26649.225	3018.4895	3108.955	13633	609999.44	675.95483	26963.184	3155.325	3253.8752	13683	629240.4	701.0184	27871.5	3239.0977	3339.4875	13648	687499.75	724.15857	28689.332	2908.8855	2809.1226	13810	5172354	546.28577	4395.5015	2488.5725	2399.8867	13812	3813507.8	454.5177	3178.1643	2911.5952	2820.022	13841	4906018.5	531.73145	3929.443	4.64208	4.4830832	13268	8.404821	24.711346	692.537	4.8403563	4.740284	13183	8.326251	23.80452	662.3386	5.5575113	5.500933	13153	8.077413	26.78381	740.61566
GP4_S29_subsampled_depth_6G_contig_284	6284.7393	6248.229	24926	6896916	1404.101	53514.836	6039.399	5999.407	24926	6469103	1348.8842	51838.254	5829.35	5798.3105	24926	5887450	1313.032	50371.6	5325.5874	5299.9346	24926	4917616.5	1203.9043	48022.58	4990.399	4967.5903	24926	4272386.5	1119.0671	44492.52	5211.8716	5183.891	24926	4643185.5	1176.1132	46594.633	3450.1184	3388.4854	24926	1448332.4	652.37524	5249.115	2634.003	2587.6958	24926	852766.56	484.32303	3386.5762	3708.024	3649.8877	24926	1593541.3	681.75287	5038.0884	125.255325	124.394844	24926	2265.4973	656.6535	18402.758	150.24136	149.33301	24926	3083.5664	749.08307	20842.543	135.7223	135.05685	24926	2508.4111	658.93146	18220.525
GP4_S29_subsampled_depth_6G_contig_329	25.087227	23.974545	32703	713.13495	6.440621	245.47299	24.191713	23.024399	32676	653.9397	6.1886806	237.83394	24.507448	23.14066	32663	900.75836	6.483481	248.72447	24.779232	23.376522	32667	1036.6831	6.623863	264.21948	24.483307	23.094387	32697	948.9825	6.471342	257.2913	24.431126	23.039242	32664	942.18024	6.51115	257.95538	27.574526	25.404505	32708	334.4109	5.3345847	42.92292	21.858534	20.162941	32693	221.0339	4.1333723	28.902155	26.86526	24.93752	32708	309.0844	5.0837717	37.56858	0	0	0	0	0	0	0	0	0	0	0	0	0	0	0	0	0	0
GP4_S29_subsampled_depth_6G_contig_385	13.195067	12.017924	13166	95.82755	3.3246717	126.71406	15.3289795	14.3613	13166	90.38442	3.8175788	146.71135	14.5746	13.479089	13166	83.294624	3.6551287	140.22104	13.847112	12.448532	13166	132.61111	3.5734687	142.54224	14.657805	13.41183	13166	127.79578	3.7583168	149.42531	14.368931	13.029447	13166	136.64575	3.7477837	148.47769	9.468269	9.150393	13166	18.43188	1.8500046	14.885431	7.85587	7.6039605	13166	15.619026	1.4651738	10.245068	9.767978	9.700922	13050	18.939484	1.8484801	13.660083	0	0	0	0	0	0	0	0	0	0	0	0	0	0	0	0	0	0
GP4_S29_subsampled_depth_6G_contig_474	0	0	0	0	0	0	0	0	0	0	0	0	0	0	0	0	0	0	0	0	0	0	0	0	0	0	0	0	0	0	0	0	0	0	0	0	3.4298093	3.4461539	1234	2.318139	0.58574647	4.7130117	5.8024263	5.6980767	1233	7.3295345	0.99184835	6.935393	3.5875216	3.435577	1207	7.5001388	0.6544862	4.83659	0	0	0	0	0	0	0	0	0	0	0	0	0	0	0	0	0	0
GP4_S29_subsampled_depth_6G_contig_498	25.704594	20.45101	28045	1017.8885	5.8400545	222.5834	25.105	20.32983	28108	859.6148	5.6902456	218.67892	25.132196	19.950037	28005	985.44965	5.7370872	220.09073	24.350405	19.259686	28038	982.87115	5.6027584	223.48866	23.68475	18.98521	28051	827.9466	5.3989806	214.65573	22.55116	17.654982	28039	872.9401	5.1804233	205.2352	4.7337523	4.4797177	26636	11.516445	0.8978206	7.2240095	4.597095	4.3611565	27481	9.256715	0.84307146	5.8950863	5.386095	5.139696	27445	10.952433	0.9900437	7.316326	0	0	0	0	0	0	0	0	0	0	0	0	0	0	0	0	0	0
GP4_S29_subsampled_depth_6G_contig_513	0	0	0	0	0	0	0	0	0	0	0	0	0	0	0	0	0	0	0	0	0	0	0	0	0	0	0	0	0	0	0	0	0	0	0	0	2470.026	2462.8833	5304	2431115	455.58496	3665.7104	1783.004	1775.1024	5304	1268434.4	319.882	2236.7397	1943.2578	1932.0146	5302	1514657.5	348.56058	2575.8284	0	0	0	0	0	0	0	0	0	0	0	0	0	0	0	0	0	0
GP4_S29_subsampled_depth_6G_contig_589	366.54578	360.30063	94268	4327.261	81.744385	3115.543	378.08096	371.75952	94268	4455.621	84.27172	3238.6018	387.23874	380.0235	94295	5373.372	87.06961	3340.235	410.41766	402.14877	94308	6348.226	92.61375	3694.2725	399.68552	392.44174	94268	6149.1416	89.47521	3557.407	402.721	395.64026	94307	5812.664	90.70443	3593.479	176.45114	175.81296	94350	2734.8809	33.359283	268.41412	154.01686	152.88792	94350	2176.9294	28.323511	198.04907	175.06186	173.93706	94350	2660.564	32.19904	237.94783	2.0975902	1.9665369	76830	3.0145314	11.215838	314.3246	2.147845	2.0340176	79465	2.7075655	10.723284	298.3655	1.9249787	1.7899387	75689	2.728615	9.32631	257.8875
GP4_S29_subsampled_depth_6G_contig_727	0	0	0	0	0	0	0	0	0	0	0	0	0	0	0	0	0	0	1.6427015	1.6086956	826	1.0543143	0.31807008	12.687507	0	0	0	0	0	0	0	0	0	0	0	0	1.6830065	1.6908213	900	0.9473881	0.2913701	2.3444114	4.4248366	4.3743963	1068	4.33622	0.74722564	5.224894	0	0	0	0	0	0	0	0	0	0	0	0	0	0	0	0	0	0	0	0	0	0	0	0
GP4_S29_subsampled_depth_6G_contig_784	1.9200376	1.939394	1089	0.9681762	0.4708107	17.94413	0	0	0	0	0	0	0	0	0	0	0	0	3.010348	2.9759665	1053	2.788028	0.67211646	26.810059	3.921919	3.9811912	1208	1.795217	1.0274633	40.85049	3.8494825	3.8955069	1156	4.1731796	0.838737	33.228638	0	0	0	0	0	0	3.1862652	3.2121212	1213	1.3607529	0.5444719	3.8071594	0	0	0	0	0	0	0	0	0	0	0	0	0	0	0	0	0	0	0	0	0	0	0	0
GP4_S29_subsampled_depth_6G_contig_903	91.57152	89.853004	11616	549.3366	21.204306	808.16504	94.409645	91.895546	11616	645.3844	21.83436	839.1046	86.915054	84.81172	11616	509.59372	20.352768	780.7897	84.13448	82.98081	11616	450.27893	19.663698	784.366	89.960495	88.335075	11616	494.70282	20.70461	823.1861	81.71437	80.52704	11616	366.25485	19.119816	757.4789	61.052677	60.38401	11616	986.1968	11.95285	96.17455	46.184547	45.780037	11616	597.6394	8.751154	61.191467	62.83525	62.230328	11616	1026.2256	11.930894	88.16816	0	0	0	0	0	0	0	0	0	0	0	0	0	0	0	0	0	0
GP4_S29_subsampled_depth_6G_contig_930	0	0	0	0	0	0	0	0	0	0	0	0	0	0	0	0	0	0	0	0	0	0	0	0	0	0	0	0	0	0	0	0	0	0	0	0	1357.7388	1398.9662	3032	240050.75	247.09499	1988.1655	969.0612	997.72375	3074	123335.42	171.16266	1196.8358	1088.6906	1119.6288	3043	158423.19	192.68764	1423.9429	0	0	0	0	0	0	0	0	0	0	0	0	0	0	0	0	0	0
GP4_S29_subsampled_depth_6G_contig_1013	3.162989	3.1298585	10623	3.2811387	0.710648	27.08509	2.8521707	2.7436714	10439	3.681024	0.64785075	24.897211	3.0289738	2.9342237	10093	4.3613205	0.6894277	26.448381	3.0218873	2.9190753	10407	4.0436587	0.6945515	27.70498	2.943398	2.8621686	10641	3.3807554	0.66783917	26.552353	2.7568173	2.6173012	10271	4.0080495	0.6303519	24.972952	5.489505	5.354096	11234	7.179847	1.0591618	8.5221815	5.434607	5.2775564	10916	10.567086	1.008379	7.050981	5.216631	5.0051823	11185	9.873136	0.9649615	7.130974	0	0	0	0	0	0	0	0	0	0	0	0	0	0	0	0	0	0
GP4_S29_subsampled_depth_6G_contig_1100	0	0	0	0	0	0	0	0	0	0	0	0	0	0	0	0	0	0	0	0	0	0	0	0	0	0	0	0	0	0	0	0	0	0	0	0	0	0	0	0	0	0	2.7142856	2.6897767	1095	1.1555691	0.45235914	3.1630712	0	0	0	0	0	0	0	0	0	0	0	0	0	0	0	0	0	0	0	0	0	0	0	0
GP4_S29_subsampled_depth_6G_contig_1275	0	0	0	0	0	0	0	0	0	0	0	0	0	0	0	0	0	0	0	0	0	0	0	0	0	0	0	0	0	0	0	0	0	0	0	0	4.5318265	4.3796105	2240	6.8896194	0.82988703	6.677403	6.2675276	6.189037	2318	5.857329	1.1278081	7.886075	6.4054427	6.4267416	2285	6.920451	1.140182	8.425836	0	0	0	0	0	0	0	0	0	0	0	0	0	0	0	0	0	0
GP4_S29_subsampled_depth_6G_contig_1304	0	0	0	0	0	0	0	0	0	0	0	0	0	0	0	0	0	0	0	0	0	0	0	0	0	0	0	0	0	0	0	0	0	0	0	0	2235.9766	2272.2896	2497	999224.1	400.72113	3224.267	1642.3918	1674.2185	2495	520652.75	286.333	2002.1523	1796.5789	1827.678	2388	650612.1	312.9031	2312.3235	0	0	0	0	0	0	0	0	0	0	0	0	0	0	0	0	0	0
GP4_S29_subsampled_depth_6G_contig_1307	0	0	0	0	0	0	0	0	0	0	0	0	0	0	0	0	0	0	0	0	0	0	0	0	0	0	0	0	0	0	0	0	0	0	0	0	5.955817	5.616013	1437	15.90372	1.0505342	8.452765	4.408689	4.374183	1508	2.582297	0.78467923	5.4867816	3.2430043	3.2009804	1361	3.687405	0.60246104	4.4521284	0	0	0	0	0	0	0	0	0	0	0	0	0	0	0	0	0	0
GP5_S30_subsampled_depth_6G_contig_151	0	0	0	0	0	0	0	0	0	0	0	0	0	0	0	0	0	0	0	0	0	0	0	0	0	0	0	0	0	0	0	0	0	0	0	0	45.25319	44.884556	4537	91.71495	8.596532	69.16908	27.34184	27.265316	4521	46.140244	5.0149436	35.06642	28.059025	28.090126	4538	43.950706	5.120287	37.838436	0	0	0	0	0	0	0	0	0	0	0	0	0	0	0	0	0	0
GP5_S30_subsampled_depth_6G_contig_165	4322.578	4323.541	11930	7039000	955.4333	36414.664	4322.588	4327.0947	11925	7102306	954.96576	36699.785	4300.667	4305.975	11927	6925380	958.3222	36763.938	3784.8894	3793.7158	11930	5187457.5	846.07513	33749.113	4004.3606	4010.1426	11930	5788331.5	888.32947	35318.723	3909.9844	3914.4717	11929	5657320.5	872.5459	34568.063	2074.8308	2028.7234	11930	1942788.9	389.01813	3130.1033	1816.9182	1777.7887	11929	1433505.4	331.30634	2316.6223	2095.0354	2047.7333	11930	1968818.8	382.06213	2823.4011	4.4018674	4.0928125	10146	15.8084345	23.811771	667.32654	5.465365	5.2777777	10708	17.368612	26.93265	749.37616	5.3011885	5.126108	11044	15.324338	25.339174	700.6694
GP5_S30_subsampled_depth_6G_contig_168	59.943	58.185677	53360	494.1394	13.41105	511.13858	61.811333	59.958885	53360	534.2621	13.829681	531.48126	62.6922	60.99167	53360	555.4675	14.159444	543.1961	74.739	72.90169	53360	730.83246	16.91937	674.8973	73.92368	71.99409	53360	688.40985	16.605978	660.23004	77.18384	75.426476	53360	741.1621	17.459187	691.68884	16.982296	16.961308	53247	36.577553	3.2111847	25.8377	14.844277	14.748528	53206	35.357384	2.7312229	19.097784	16.42086	16.263374	53360	41.553665	3.013615	22.270325	3.2928586	3.1447692	48830	5.3962183	20.765348	581.95044	2.394531	2.3007727	47405	2.845959	12.042973	335.0847	3.388367	3.280455	50681	4.5014086	16.531534	457.12372
GP5_S30_subsampled_depth_6G_contig_258	5.250856	5.1893797	15919	6.1232147	1.1640468	44.365585	5.672164	5.5783725	15843	8.441808	1.2607045	48.44948	5.642604	5.5404825	16038	7.159352	1.2611749	48.382206	5.105856	4.9909425	15646	8.233441	1.1477586	45.78298	5.8485904	5.719076	16101	8.122145	1.3021736	51.772552	5.2315016	5.118924	15757	8.653523	1.1709256	46.389103	3.537308	3.3159788	14775	7.777252	0.6697777	5.389141	3.007841	2.9256723	14645	3.9953332	0.5446356	3.8083034	4.3891344	4.210814	15417	8.861944	0.8045826	5.945789	0	0	0	0	0	0	0	0	0	0	0	0	0	0	0	0	0	0
GP5_S30_subsampled_depth_6G_contig_282	0	0	0	0	0	0	0	0	0	0	0	0	0	0	0	0	0	0	0	0	0	0	0	0	0	0	0	0	0	0	0	0	0	0	0	0	2749.2292	2416.4448	1398	13716874	523.2929	4210.5	3548.553	3127.1628	1398	22441758	655.9564	4586.702	3579.2861	3157.5996	1398	22745188	659.4161	4873.02	0	0	0	0	0	0	0	0	0	0	0	0	0	0	0	0	0	0
GP5_S30_subsampled_depth_6G_contig_437	33.423748	27.63368	14247	2052.9612	7.5678053	288.43356	31.688776	26.757906	14295	1574.7417	7.1435833	274.53134	32.487675	27.395824	14305	1762.1913	7.382939	283.23022	32.059124	26.741505	14289	1733.2063	7.3130116	291.70886	28.800028	23.623558	14296	1486.4725	6.5122194	258.9166	29.222788	24.24123	14280	1499.0464	6.696305	265.29077	5.9538746	5.725732	14073	11.147138	1.1171806	8.989019	4.8669915	4.6800594	13909	8.521654	0.8943951	6.2539577	6.4428196	6.128384	13857	17.483395	1.1757338	8.68856	0	0	0	0	0	0	0	0	0	0	0	0	0	0	0	0	0	0
GP5_S30_subsampled_depth_6G_contig_458	0	0	0	0	0	0	4.1144466	4.028125	1921	7.930584	0.95635206	36.753082	5.8287992	5.515625	2220	16.649698	1.3356396	51.23892	0	0	0	0	0	0	0	0	0	0	0	0	0	0	0	0	0	0	23958.98	23736.291	2282	79740270	4351.123	35009.84	33314.85	32932.227	2282	159853340	5885.682	41154.99	33204	32862.484	2282	152425900	5862.3984	43322.55	0	0	0	0	0	0	0	0	0	0	0	0	0	0	0	0	0	0
GP5_S30_subsampled_depth_6G_contig_929	63.750175	60.541855	76299	1107.9543	14.263213	543.61743	66.94714	63.484962	76299	1287.3958	14.983675	575.82965	70.58793	66.85831	76299	1488.7097	15.921169	610.781	67.79744	64.239136	76299	1388.4454	15.349871	612.2915	72.01879	67.78506	76299	1623.4465	16.184935	643.4899	69.84659	66.20989	76299	1423.711	15.776165	625.01184	43.26683	40.876167	76299	778.02094	8.21367	66.08852	36.611145	34.910934	76242	496.1787	6.7588954	47.26085	41.9987	39.85714	76299	669.54803	7.7581143	57.331696	0	0	0	0	0	0	0	0	0	0	0	0	0	0	0	0	0	0
GP5_S30_subsampled_depth_6G_contig_1053	3.7757757	3.731382	2982	3.862924	0.8753371	33.361935	10.348015	10.157836	3117	26.307749	2.357847	90.61323	15.1418085	15.034828	3141	32.288624	3.6050436	138.29958	2.0907574	2.0277882	2675	2.1226015	0.4857467	19.375975	0	0	0	0	0	0	2.4664664	2.3234532	2607	3.7970223	0.5819188	23.05415	69115.49	70088	3147	225267260	12561.476	101071.67	91106.69	92359.77	3147	389743040	16099.564	112574.43	94516.73	95740.72	3147	426391740	16697.951	123396.23	0	0	0	0	0	0	0	0	0	0	0	0	0	0	0	0	0	0
GP5_S30_subsampled_depth_6G_contig_1247	11.669621	10.32954	5023	157.12572	2.7255533	103.87966	21.606186	19.139826	5215	467.22006	5.0369396	193.572	26.090229	22.838732	5212	776.2015	6.2080975	238.1601	3.0486603	2.5986872	4525	11.104429	0.70851845	28.26211	5.1542554	4.827571	5003	16.636496	1.1988615	47.66501	4.2237983	3.5818381	4458	22.985964	0.9928585	39.33453	34434.44	32552.703	5226	558276400	6374.9473	51293.855	33951.68	32144.508	5226	522638700	6112.0117	42737.563	25050.02	23682.457	5226	297854460	4509.3677	33323.793	0	0	0	0	0	0	0	0	0	0	0	0	0	0	0	0	0	0
GP5_S30_subsampled_depth_6G_contig_1264	55.12334	53.737656	12235	1782.8027	12.166408	463.7013	52.4946	51.127598	12218	1617.2175	11.577317	444.9217	51.838238	50.22671	12205	1656.0997	11.547883	443.0092	50.04518	48.672436	12221	1503.6157	11.176671	445.8266	49.411	47.96098	12213	1466.03	10.961952	435.83163	49.85877	48.550976	12244	1535.2327	11.094409	439.53235	6.6989036	6.5081983	11201	23.289938	1.2533126	10.084356	6.697584	6.333425	11466	26.57526	1.2236428	8.556189	8.157309	7.723642	12138	31.449858	1.4775385	10.918868	0	0	0	0	0	0	0	0	0	0	0	0	0	0	0	0	0	0
GP5_S30_subsampled_depth_6G_contig_1267	4.0927196	4.033989	17362	4.9422183	0.90499955	34.49246	4.0148816	3.88488	17433	6.540911	0.88792396	34.123337	4.727761	4.62311	17577	6.575785	1.0535475	40.417057	4.595707	4.5400124	17585	5.931919	1.0325533	41.187572	4.050343	3.919791	17243	6.6568294	0.90189064	35.8579	4.4784245	4.4261217	17427	5.397211	0.99919045	39.58538	4.2165303	4.1331286	17957	4.3004427	0.7900415	6.356801	4.145331	4.05083	17440	5.5684214	0.7473755	5.2259407	4.0358486	3.9515674	17900	3.830306	0.74166286	5.4808145	0	0	0	0	0	0	0	0	0	0	0	0	0	0	0	0	0	0
GP5_S30_subsampled_depth_6G_contig_1827	0	0	0	0	0	0	0	0	0	0	0	0	0	0	0	0	0	0	0	0	0	0	0	0	0	0	0	0	0	0	0	0	0	0	0	0	11.708502	11.683708	2062	16.067896	2.0891035	16.809258	2.20749	2.2230337	1790	1.9113563	0.41420156	2.8962595	6.331984	6.2488766	2126	6.387959	1.1007079	8.134125	0	0	0	0	0	0	0	0	0	0	0	0	0	0	0	0	0	0
M1_S25_subsampled_depth_6G_contig_199	0	0	0	0	0	0	0	0	0	0	0	0	0	0	0	0	0	0	0	0	0	0	0	0	0	0	0	0	0	0	0	0	0	0	0	0	0	0	0	0	0	0	0	0	0	0	0	0	0	0	0	0	0	0	13.564182	13.344244	13082	25.585783	77.36646	2168.2004	14.875503	14.447852	13082	37.024487	80.479996	2239.2805	12.973554	12.683935	13082	24.076782	68.26548	1887.6515
M1_S25_subsampled_depth_6G_contig_932	0	0	0	0	0	0	0	0	0	0	0	0	0	0	0	0	0	0	0	0	0	0	0	0	0	0	0	0	0	0	0	0	0	0	0	0	0	0	0	0	0	0	0	0	0	0	0	0	0	0	0	0	0	0	68.629425	63.782013	21347	975.62634	373.72375	10473.635	74.46714	69.655174	21347	969.3761	382.8357	10652.048	68.03533	62.483253	21347	1203.8082	343.78986	9506.348
M1_S25_subsampled_depth_6G_contig_1530	0	0	0	0	0	0	0	0	0	0	0	0	0	0	0	0	0	0	0	0	0	0	0	0	0	0	0	0	0	0	0	0	0	0	0	0	0	0	0	0	0	0	0	0	0	0	0	0	0	0	0	0	0	0	5.36	5.3104787	2725	6.241368	29.200212	818.33777	5.291262	5.206986	2692	5.057325	28.517921	793.48474	5.544466	5.536007	2725	3.9792774	26.998503	746.5525
M1_S25_subsampled_depth_6G_contig_2032	19.416653	18.79044	16817	161.14908	4.5719047	174.25012	19.042488	18.601553	16966	133.05942	4.47868	172.11775	20.51117	19.81987	16821	165.47424	4.853613	186.19829	19.124268	18.87741	16955	119.19809	4.5392947	181.06795	19.40889	18.774706	16512	151.49405	4.623779	183.83482	19.85606	19.383963	16973	134.09242	4.7149434	186.7941	0	0	0	0	0	0	0	0	0	0	0	0	0	0	0	0	0	0	211.14696	206.60544	17025	5035.6157	1139.0408	31921.691	221.43248	215.96814	17025	5718.6543	1128.8905	31410.328	253.56522	246.91507	17025	6611.175	1259.1376	34817.195
M1_S25_subsampled_depth_6G_contig_2371	3.2519732	3.1271193	11817	5.5439324	0.7491354	28.551981	3.5394273	3.3587239	12622	6.6443453	0.80862266	31.075754	3.2930167	3.072079	11629	7.424133	0.76779115	29.45464	3.056303	2.9189844	11668	5.7901692	0.71207225	28.403885	3.4884613	3.31997	11575	7.7033505	0.80373216	31.955242	2.8973165	2.7223754	12158	5.1017694	0.67054486	26.565296	0	0	0	0	0	0	0	0	0	0	0	0	0	0	0	0	0	0	136.5371	136.50505	13453	403.60187	724.9665	20317.234	147.76163	147.79697	13453	394.99503	741.22577	20623.918	152.89671	153.08536	13452	406.10074	748.2965	20691.615
M1_S25_subsampled_depth_6G_contig_3322	0	0	0	0	0	0	0	0	0	0	0	0	0	0	0	0	0	0	0	0	0	0	0	0	0	0	0	0	0	0	0	0	0	0	0	0	0	0	0	0	0	0	0	0	0	0	0	0	0	0	0	0	0	0	93.98978	93.88447	15893	190.87448	499.3542	13994.437	97.80696	97.827225	15893	139.57806	490.47034	13646.881	90.972435	90.69518	15893	158.96596	444.94742	12303.519
M1_S25_subsampled_depth_6G_contig_3706	105.851524	105.289955	37928	265.25262	24.00577	914.93774	109.76473	109.37374	37928	255.88565	24.90706	957.1901	118.04219	117.63893	37928	258.15073	27.006634	1036.0507	130.63362	130.28065	37928	308.97488	30.022795	1197.5801	129.22101	128.77951	37928	308.50623	29.490496	1172.5005	131.36111	130.68488	37928	327.61902	30.10032	1192.4984	3.7490604	3.5632904	35134	7.1027627	0.71081483	5.719329	3.5217059	3.3562143	35324	6.390838	0.6493639	4.5406055	3.470459	3.3085406	34538	6.5044737	0.64311725	4.7525725	13.57102	13.46759	37928	22.191175	80.87844	2266.623	9.9183655	9.801894	37928	11.079711	50.356087	1401.1115	15.208984	15.092759	37928	17.461126	75.05497	2075.391
M1_S25_subsampled_depth_6G_contig_4320	0	0	0	0	0	0	0	0	0	0	0	0	0	0	0	0	0	0	0	0	0	0	0	0	0	0	0	0	0	0	0	0	0	0	0	0	0	0	0	0	0	0	0	0	0	0	0	0	0	0	0	0	0	0	195.19182	171.3744	14976	17664.672	1077.9851	30210.605	225.20619	198.76086	14976	21362.13	1191.4379	33150.656	215.64832	189.28094	14976	21556.473	1113.7955	30798.252
M1_S25_subsampled_depth_6G_contig_5377	0	0	0	0	0	0	0	0	0	0	0	0	0	0	0	0	0	0	0	0	0	0	0	0	0	0	0	0	0	0	0	0	0	0	0	0	0	0	0	0	0	0	0	0	0	0	0	0	0	0	0	0	0	0	4.5942764	4.29016	11300	9.695757	23.953598	671.3013	5.057063	4.9312654	11542	6.2611423	24.96969	694.7587	4.9601254	4.910422	11143	6.7101903	23.902325	660.9382
M1_S25_subsampled_depth_6G_contig_5998	0	0	0	0	0	0	0	0	0	0	0	0	0	0	0	0	0	0	0	0	0	0	0	0	0	0	0	0	0	0	0	0	0	0	0	0	0	0	0	0	0	0	0	0	0	0	0	0	0	0	0	0	0	0	200.58612	200.15984	18764	586.01276	1067.2437	29909.578	196.38954	196.70467	18764	338.33386	976.959	27182.979	273.09772	273.38004	18764	445.19937	1323.2692	36590.53
M1_S25_subsampled_depth_6G_contig_6210	3.5662925	3.433338	23403	5.0511827	0.8103538	30.885218	3.798658	3.6176999	23579	5.9949584	0.85275465	32.77177	3.5535352	3.5090432	23294	3.7533991	0.8071604	30.964933	3.4989023	3.4063694	22687	4.808289	0.7942574	31.68217	3.432175	3.3610842	22962	4.2444158	0.7889629	31.368057	3.2160046	3.0888674	22542	4.8843737	0.73150194	28.980267	0	0	0	0	0	0	0	0	0	0	0	0	0	0	0	0	0	0	21.408731	21.29808	24293	32.34293	113.01844	3167.3503	26.57619	26.437159	24293	43.416927	132.72438	3692.9336	28.414116	28.251001	24293	38.03181	137.78094	3809.8674
M1_S25_subsampled_depth_6G_contig_6326	0	0	0	0	0	0	0	0	0	0	0	0	0	0	0	0	0	0	0	0	0	0	0	0	0	0	0	0	0	0	0	0	0	0	0	0	0	0	0	0	0	0	0	0	0	0	0	0	0	0	0	0	0	0	27.959759	26.539007	22366	493.66718	171.36609	4802.5454	29.847948	28.439638	22366	494.12866	170.92017	4755.6943	27.966286	26.521954	22366	486.6198	160.00858	4424.4956
M1_S25_subsampled_depth_6G_contig_6783	4.9811225	4.7427073	9956	15.847408	1.1668442	44.47221	4.4935646	4.276644	9889	12.879174	1.0524285	40.44532	4.807105	4.544042	9846	17.356592	1.1275239	43.254986	4.7066245	4.4404197	9943	16.545605	1.1281087	44.99918	4.2128882	4.003527	9669	12.213406	0.9816455	39.02883	4.238459	4.0209723	9445	11.875938	1.0199162	40.406498	0	0	0	0	0	0	0	0	0	0	0	0	0	0	0	0	0	0	30.455036	30.278933	11804	50.522934	159.83064	4479.2637	39.224045	39.013157	11804	61.903717	194.08592	5400.262	36.74378	36.41201	11804	68.68558	177.90996	4919.4995
M1_S25_subsampled_depth_6G_contig_7361	0	0	0	0	0	0	0	0	0	0	0	0	0	0	0	0	0	0	0	0	0	0	0	0	0	0	0	0	0	0	0	0	0	0	0	0	0	0	0	0	0	0	0	0	0	0	0	0	0	0	0	0	0	0	14.909494	11.68651	41341	2799.9744	100.913826	2828.1174	16.077177	12.817603	41341	3069.378	101.10963	2813.282	14.051831	11.011113	41341	2652.3875	87.97625	2432.6848
M1_S25_subsampled_depth_6G_contig_7996	163.24179	166.51085	8797	10518.521	36.129436	1377.0104	159.09557	162.51183	9045	9786.332	35.192337	1352.458	159.456	163.07304	9583	9941.731	35.59773	1365.6294	156.6504	159.95476	9142	9735.843	35.055614	1398.3342	154.33168	157.89215	9031	9255.511	34.268154	1362.4534	152.5008	155.9724	8783	9062.868	34.094078	1350.7211	0	0	0	0	0	0	0	0	8601	0	13.976129	97.72654	0	0	0	0	0	0	8.2984915	6.653194	11267	194.83806	58.671535	1644.2734	7.28323	5.2915025	11317	190.3333	50.447464	1403.654	9.1042595	7.162362	11337	224.34525	59.256287	1638.5325
M1_S25_subsampled_depth_6G_contig_8427	26.788593	26.818249	18293	66.31672	5.962951	227.2674	29.05671	29.097828	18283	77.0202	6.4697285	248.63484	29.332016	29.281532	18272	66.20461	6.57735	252.32564	32.238197	32.31221	18283	102.3037	7.272656	290.09924	32.01065	31.967249	18295	106.649574	7.158292	284.60355	33.131588	33.065136	18285	117.61724	7.448806	295.10297	1.7592226	1.634606	13887	2.5394428	0.33116725	2.664625	0	0	0	0	0	0	1.8410738	1.7461576	14402	2.2133906	0.33877414	2.503508	4.5434785	4.4373627	17987	5.8292375	36.967915	1036.0283	3.3211462	3.2281654	17722	3.6480536	28.23553	785.62744	4.3433247	4.243474	17797	6.2093244	32.879467	909.17053
M1_S25_subsampled_depth_6G_contig_8997	0	0	0	0	0	0	0	0	0	0	0	0	0	0	0	0	0	0	0	0	0	0	0	0	0	0	0	0	0	0	0	0	0	0	0	0	0	0	0	0	0	0	0	0	0	0	0	0	0	0	0	0	0	0	150.21536	125.75596	31623	20726.025	805.02734	22560.947	159.6488	132.77191	31623	24646.752	810.3379	22546.9	150.87834	125.21891	31623	23676.865	747.5437	20670.797
M1_S25_subsampled_depth_6G_contig_11138	0	0	0	0	0	0	0	0	0	0	0	0	0	0	0	0	0	0	0	0	0	0	0	0	0	0	0	0	0	0	0	0	0	0	0	0	0	0	0	0	0	0	0	0	0	0	0	0	0	0	0	0	0	0	12.6069765	12.564335	10442	14.513191	65.733505	1842.1858	15.222308	15.173359	10442	17.996635	77.212715	2148.373	15.820735	15.674438	10442	24.310976	78.339516	2166.214
M1_S25_subsampled_depth_6G_contig_12992	0	0	0	0	0	0	0	0	0	0	0	0	0	0	0	0	0	0	0	0	0	0	0	0	0	0	0	0	0	0	0	0	0	0	0	0	0	0	0	0	0	0	0	0	0	0	0	0	0	0	0	0	0	0	12.475968	12.462404	12384	21.67836	66.11426	1852.856	12.107896	12.1743555	12384	18.098228	60.45857	1682.204	12.519454	12.5301485	12384	19.952894	60.996178	1686.6432
M1_S25_subsampled_depth_6G_contig_13603	0	0	0	0	0	0	0	0	0	0	0	0	0	0	0	0	0	0	0	0	0	0	0	0	0	0	0	0	0	0	0	0	0	0	0	0	0	0	0	0	0	0	0	0	0	0	0	0	0	0	0	0	0	0	105.94235	94.09634	11130	12060.016	660.6662	18515.21	109.344444	96.8726	11130	12466.274	659.7462	18356.824	118.35656	104.16849	11130	15449.008	694.39246	19201.08
M1_S25_subsampled_depth_6G_contig_15423	0	0	0	0	0	0	0	0	0	0	0	0	0	0	0	0	0	0	0	0	0	0	0	0	0	0	0	0	0	0	0	0	0	0	0	0	0	0	0	0	0	0	0	0	0	0	0	0	0	0	0	0	0	0	6.534839	6.355894	24937	12.574851	34.515785	967.3074	8.510896	8.381479	25157	16.744074	42.58271	1184.8245	7.2187166	7.0941525	25155	13.12985	35.30918	976.3562
M1_S25_subsampled_depth_6G_contig_17260	0	0	0	0	0	0	0	0	0	0	0	0	0	0	0	0	0	0	0	0	0	0	0	0	0	0	0	0	0	0	0	0	0	0	0	0	0	0	0	0	0	0	0	0	0	0	0	0	0	0	0	0	0	0	13.584542	9.738897	14825	3436.654	100.90787	2827.95	13.801566	9.803813	14785	3958.9238	102.249115	2844.9866	13.8587	9.512673	14822	4517.15	102.13172	2824.107
M1_S25_subsampled_depth_6G_contig_17665	0	0	0	0	0	0	0	0	0	0	0	0	0	0	0	0	0	0	0	0	0	0	0	0	0	0	0	0	0	0	0	0	0	0	0	0	0	0	0	0	0	0	0	0	0	0	0	0	0	0	0	0	0	0	12.522493	12.357543	34694	17.145195	67.06871	1879.6056	15.081404	14.968028	34694	17.508526	75.7261	2107.0085	12.049154	11.905147	34694	15.543366	58.976933	1630.808
M1_S25_subsampled_depth_6G_contig_19749	0	0	0	0	0	0	0	0	0	0	0	0	0	0	0	0	0	0	0	0	0	0	0	0	0	0	0	0	0	0	0	0	0	0	0	0	0	0	0	0	0	0	0	0	0	0	0	0	0	0	0	0	0	0	17.760574	16.097279	38116	878.28094	102.29192	2866.7368	17.282436	15.916886	38116	577.4176	93.98137	2614.9448	17.180977	15.747615	38116	632.45355	92.07555	2546.0376
M1_S25_subsampled_depth_6G_contig_21438	0	0	0	0	0	0	0	0	0	0	0	0	0	0	0	0	0	0	0	0	0	0	0	0	0	0	0	0	0	0	0	0	0	0	0	0	0	0	0	0	0	0	0	0	0	0	0	0	0	0	0	0	0	0	105.57936	104.377	12429	370.5631	566.48816	15875.872	112.314926	111.59287	12429	250.6146	569.33105	15841.109	105.797134	104.65005	12429	239.53445	524.4144	14500.91
M1_S25_subsampled_depth_6G_contig_21499	0	0	0	0	0	0	0	0	0	0	0	0	0	0	0	0	0	0	0	0	0	0	0	0	0	0	0	0	0	0	0	0	0	0	0	0	0	0	0	0	0	0	0	0	0	0	0	0	0	0	0	0	0	0	27.59239	26.503017	34396	313.06873	154.71457	4335.886	21.276442	19.911816	34396	413.598	117.18015	3260.4294	26.13657	24.83278	34396	399.942	137.35796	3798.1714
M1_S25_subsampled_depth_6G_contig_23705	0	0	0	0	0	0	0	0	0	0	0	0	0	0	0	0	0	0	0	0	0	0	0	0	0	0	0	0	0	0	0	0	0	0	0	0	0	0	0	0	0	0	0	0	0	0	0	0	0	0	0	0	0	0	19.660744	17.357706	90580	431.36444	111.375145	3121.2961	19.556618	17.140451	90580	485.31378	105.42646	2933.3933	18.697987	16.189955	90580	486.12585	98.608376	2726.682
M1_S25_subsampled_depth_6G_contig_24977	0	0	0	0	0	0	0	0	0	0	0	0	0	0	0	0	0	0	0	0	0	0	0	0	0	0	0	0	0	0	0	0	0	0	0	0	0	0	0	0	0	0	0	0	0	0	0	0	0	0	0	0	0	0	5.416805	5.2280674	22140	9.011809	28.74843	805.67676	5.319688	5.191152	21570	8.759421	26.357359	733.36926	4.966955	4.877497	21676	7.1364284	24.137005	667.42706
M1_S25_subsampled_depth_6G_contig_27003	0	0	0	0	0	0	0	0	0	0	0	0	0	0	0	0	0	0	0	0	0	0	0	0	0	0	0	0	0	0	0	0	0	0	0	0	0	0	0	0	0	0	0	0	0	0	0	0	0	0	0	0	0	0	27.023027	26.797682	54304	54.170258	145.81593	4086.5024	30.192432	29.897865	54304	54.85033	154.23613	4291.4775	27.812553	27.557817	54304	52.707367	138.52469	3830.433
M1_S25_subsampled_depth_6G_contig_27240	0	0	0	0	0	0	0	0	0	0	0	0	0	0	0	0	0	0	0	0	0	0	0	0	0	0	0	0	0	0	0	0	0	0	0	0	0	0	0	0	0	0	0	0	0	0	0	0	0	0	0	0	0	0	7.534632	7.41932	13548	8.969578	40.673523	1139.8785	5.2880282	5.2056384	13404	6.1722403	26.47385	736.6104	7.021645	6.835738	13518	10.737907	33.980263	939.6097
M1_S25_subsampled_depth_6G_contig_888|provirus_66386_101056	0	0	0	0	0	0	0	0	0	0	0	0	0	0	0	0	0	0	0	0	0	0	0	0	0	0	0	0	0	0	0	0	0	0	0	0	0	0	0	0	0	0	0	0	0	0	0	0	0	0	0	0	0	0	16.424004	16.315233	34671	21.965094	86.481445	2423.648	19.579994	19.500305	34671	29.382936	97.97474	2726.057	17.951334	17.76298	34671	25.458864	88.03036	2434.1816
M1_S25_subsampled_depth_6G_contig_1691|provirus_75763_133993	1.6537077	1.5584527	46764	1.8361229	0.37037274	14.116111	1.7232658	1.5861918	45536	2.3485718	0.38400784	14.757597	1.5823591	1.4806688	44637	1.8704938	0.35708904	13.698933	0	0	0	0	0	0	0	0	0	0	0	0	1.6823574	1.5935951	45741	1.9142702	0.37913346	15.020303	0	0	0	0	0	0	0	0	0	0	0	0	0	0	0	0	0	0	24.646494	24.508465	58231	39.843044	130.00568	3643.4185	30.534754	30.171408	58231	51.720352	153.65123	4275.203	26.643791	26.335354	58231	48.122433	130.70895	3614.3137
M1_S25_subsampled_depth_6G_contig_2438|provirus_13143_55486	0	0	0	0	0	0	0	0	0	0	0	0	0	0	0	0	0	0	0	0	0	0	0	0	0	0	0	0	0	0	0	0	0	0	0	0	0	0	0	0	0	0	0	0	0	0	0	0	0	0	0	0	0	0	12.775892	12.684985	42344	15.126941	66.455055	1862.4075	16.383467	16.268248	42344	21.708328	82.073975	2283.6326	13.657535	13.562829	42344	16.683182	66.81472	1847.5352
M1_S25_subsampled_depth_6G_contig_4084|provirus_104390_174572	14.181628	14.095953	63876	55.949837	3.168723	120.77035	14.199977	14.08069	63912	56.479897	3.1712914	121.874245	13.964588	13.833812	63845	55.324436	3.1495185	120.82437	18.53856	18.362076	63451	95.2141	4.1983786	167.46927	18.80752	18.836937	63964	84.81003	4.220176	167.7882	18.383705	18.177738	63943	97.84838	4.152683	164.5187	5.3480787	5.0500865	61838	16.57739	1.018584	8.195686	4.6416545	4.3850803	61608	12.25604	0.8614363	6.0235	5.101595	4.8590693	62560	13.21359	0.9438003	6.9745927	96.922066	96.35608	70183	229.48709	511.62186	14338.237	98.64277	98.296524	70183	162.98184	492.65945	13707.795	88.77502	88.40624	70183	145.5	432.3139	11954.179
M1_S25_subsampled_depth_6G_contig_5229|provirus_2_13023	0	0	0	0	0	0	0	0	0	0	0	0	0	0	0	0	0	0	0	0	0	0	0	0	0	0	0	0	0	0	0	0	0	0	0	0	0	0	0	0	0	0	0	0	0	0	0	0	0	0	0	0	0	0	12.032551	10.828845	13022	113.96701	69.89925	1958.9312	13.5465355	12.12213	13020	148.71155	74.99788	2086.7463	14.023772	12.909028	13007	111.682755	73.50256	2032.4651
M1_S25_subsampled_depth_6G_contig_5242|provirus_66_15637	0	0	0	0	0	0	0	0	0	0	0	0	0	0	0	0	0	0	0	0	0	0	0	0	0	0	0	0	0	0	0	0	0	0	0	0	0	0	0	0	0	0	0	0	0	0	0	0	0	0	0	0	0	0	19.543184	19.107565	15572	44.41377	110.363205	3092.9358	19.204773	18.902739	15572	35.231403	100.86474	2806.4675	18.493126	17.97644	15572	46.465	94.397736	2610.2507
M1_S25_subsampled_depth_6G_contig_5340|provirus_35704_82862	5.014593	4.8734784	46562	7.765274	1.1205271	42.70692	5.1854324	5.0140395	46517	8.483376	1.1669022	44.84461	4.9229083	4.7542605	46231	8.585063	1.1116519	42.646114	5.3946266	5.207852	46320	10.098456	1.2202333	48.67395	4.559127	4.3430476	45972	9.021738	1.0214025	40.609505	5.366334	5.197759	46583	8.813231	1.214592	48.11909	0	0	0	0	0	0	0	0	0	0	0	0	0	0	0	0	0	0	61.477825	61.069534	47145	475.02875	322.83878	9047.576	76.66123	76.06918	47157	740.49316	382.19217	10634.143	67.93469	67.31764	47158	561.025	330.53214	9139.75
M1_S25_subsampled_depth_6G_contig_5591|provirus_27918_76913	0	0	0	0	0	0	0	0	0	0	0	0	0	0	0	0	0	0	0	0	0	0	0	0	0	0	0	0	0	0	0	0	0	0	0	0	0	0	0	0	0	0	0	0	0	0	0	0	0	0	0	0	0	0	455.79465	453.9011	48996	2921.1357	2409.639	67530.3	459.8077	457.9121	48996	1441.3129	2294.7764	63850.023	471.3512	467.6561	48996	1539.9996	2294.384	63443.438
M1_S25_subsampled_depth_6G_contig_7765|provirus_3_30345	5.3534265	5.1031833	28612	15.528801	1.2156317	46.33167	5.6106052	5.3087764	29042	15.916365	1.2669721	48.690342	5.4058228	5.147047	28032	14.652903	1.2310606	47.226963	5.389163	5.0149403	28134	17.506205	1.2370802	49.345917	5.2019672	4.943036	28842	13.761869	1.18449	47.093613	5.330838	4.985759	29038	15.828638	1.2204766	48.352222	0	0	0	0	0	0	0	0	0	0	0	0	0	0	0	0	0	0	25.36217	25.20633	30343	36.67008	135.03983	3784.5005	28.64081	28.43816	30343	40.600094	143.79077	4000.845	26.470638	26.301048	30343	37.174484	130.2105	3600.532
M1_S25_subsampled_depth_6G_contig_7945|provirus_82121_117752	0	0	0	0	0	0	0	0	0	0	0	0	0	0	0	0	0	0	0	0	0	0	0	0	0	0	0	0	0	0	0	0	0	0	0	0	0	0	0	0	0	0	0	0	0	0	0	0	0	0	0	0	0	0	28.60039	27.847528	35632	89.944534	149.89046	4200.69	30.115805	29.49881	35632	71.06122	150.1495	4177.7715	28.340736	27.797832	35632	65.19937	138.09247	3818.481
M1_S25_subsampled_depth_6G_contig_7970|provirus_70521_88260	0	0	0	0	0	0	1.9157476	1.578575	14476	8.258522	0.55643415	21.384018	0	0	0	0	0	0	0	0	0	0	0	0	0	0	0	0	0	0	0	0	0	0	0	0	0	0	0	0	0	0	0	0	0	0	0	0	0	0	0	0	0	0	21.25105	17.41454	17740	824.4479	144.78964	4057.7397	30.056736	24.794594	17740	1639.1945	193.84029	5393.4272	27.862309	23.233704	17740	1207.7325	175.61858	4856.138
M1_S25_subsampled_depth_6G_contig_7989|provirus_2_26269	7.3594456	7.318487	25179	12.695849	1.6599917	63.26764	7.448005	7.4637995	24945	12.03794	1.6744198	64.34872	6.961291	6.946912	24870	11.123784	1.5831926	60.735714	6.7210355	6.686575	24711	11.667171	1.5272741	60.921467	6.4512978	6.4375105	24845	10.300551	1.459287	58.01918	6.728999	6.6431427	24934	12.029402	1.5427879	61.12136	0	0	0	0	0	0	0	0	0	0	0	0	2.055862	1.8836566	20757	3.5332348	0.37940052	2.803732	16.925339	16.682917	26268	89.770134	94.21609	2640.4126	17.878513	17.602476	26155	110.26647	93.75863	2608.7478	18.587948	18.324442	26207	121.59724	94.94926	2625.5
M1_S25_subsampled_depth_6G_contig_8005|provirus_74808_125824	5.011265	4.785872	49547	10.9128	1.1292951	43.041096	4.5209074	4.3676634	49787	6.8580685	1.019428	39.177105	4.446812	4.2533803	49759	7.686565	1.015638	38.96275	4.706057	4.4921913	49967	9.496776	1.0773522	42.974525	4.1621485	3.919268	49096	10.346923	0.94746333	37.669785	4.606739	4.3451867	50026	10.376543	1.0509505	41.636017	0	0	0	0	0	0	0	0	0	0	0	0	0	0	0	0	0	0	20.772131	17.938686	51017	600.45636	112.13718	3142.6506	25.110287	22.200499	51017	612.76013	129.06564	3591.1323	22.933296	19.850157	51017	667.54974	115.75241	3200.743
M1_S25_subsampled_depth_6G_contig_8905|provirus_139863_178318	0	0	0	0	0	0	0	0	0	0	0	0	0	0	0	0	0	0	0	0	0	0	0	0	0	0	0	0	0	0	0	0	0	0	0	0	0	0	0	0	0	0	0	0	0	0	0	0	0	0	0	0	0	0	31.198559	30.88096	38456	59.65331	166.1108	4655.266	30.783846	30.432795	38456	59.03263	155.28961	4320.7905	32.47379	32.12307	38456	53.46973	159.18669	4401.771
M1_S25_subsampled_depth_6G_contig_9327|provirus_6063_40934	0	0	0	0	0	0	0	0	0	0	0	0	0	0	0	0	0	0	1.7327055	1.586048	26965	2.5252223	0.3925747	15.659422	0	0	0	0	0	0	0	0	0	0	0	0	0	0	0	0	0	0	0	0	0	0	0	0	0	0	0	0	0	0	19.55452	19.298752	34872	40.69592	104.04537	2915.8774	22.460054	22.2096	34872	43.000805	113.35218	3153.919	23.214907	22.992384	34872	48.768784	114.44828	3164.6812
M1_S25_subsampled_depth_6G_contig_10414|provirus_3_24166	0	0	0	0	0	0	0	0	0	0	0	0	0	0	0	0	0	0	0	0	0	0	0	0	0	0	0	0	0	0	0	0	0	0	0	0	0	0	0	0	0	0	0	0	0	0	0	0	0	0	0	0	0	0	16.7008	14.994587	24164	239.0226	92.386955	2589.15	15.713917	14.290321	24164	155.86427	81.8533	2277.492	17.185724	15.648654	24164	192.36444	87.11919	2408.9863
M1_S25_subsampled_depth_6G_contig_12445|provirus_16310_56569	0	0	0	0	0	0	0	0	0	0	0	0	0	0	0	0	0	0	0	0	0	0	0	0	0	0	0	0	0	0	0	0	0	0	0	0	0	0	0	0	0	0	0	0	0	0	0	0	0	0	0	0	0	0	33.86861	33.672962	40260	53.53088	177.72984	4980.8916	33.759487	33.499004	40260	53.70493	168.43173	4686.4585	33.101223	33.002743	40260	39.417812	160.91931	4449.6797
M1_S25_subsampled_depth_6G_contig_12826|provirus_28925_47977	4.113421	4.0017047	18393	5.709386	0.9221393	35.145706	3.0216367	2.955387	17966	3.4234548	0.68021154	26.140846	3.7689784	3.672956	18603	4.495404	0.85317934	32.73036	3.2503836	3.144948	18087	4.100092	0.7452586	29.72764	3.2723906	3.1882677	18426	3.167202	0.73368585	29.170315	3.7841084	3.6892965	18099	5.175218	0.8597043	34.05932	0	0	0	0	0	0	0	0	0	0	0	0	0	0	0	0	0	0	16.367825	16.236525	19053	23.550816	85.00868	2382.3745	20.170397	20.134897	19053	23.300816	100.67313	2801.137	18.131672	18.023159	19053	19.979752	88.467705	2446.2761
M1_S25_subsampled_depth_6G_contig_13294|provirus_153479_198300	59.890358	59.996395	44822	1199.7554	13.389675	510.32397	61.105816	61.329205	44822	1286.6577	13.657995	524.88324	59.227436	59.420113	44809	1175.3942	13.3576145	512.4356	60.58795	60.640453	44822	1258.8516	13.698758	546.4302	61.4679	61.4606	44818	1268.7981	13.787186	548.1588	58.98639	59.137093	44822	1155.9052	13.323963	527.86176	34.032257	32.375763	36094	734.3655	6.475594	52.103672	28.10772	26.60675	37236	522.42584	5.2290215	36.56336	34.99756	33.156517	36590	803.8275	6.4861813	47.932224	25.069216	24.938866	44822	39.652504	133.3434	3736.9583	24.564896	24.496021	44822	32.654697	122.46466	3407.4656	27.584505	27.452843	44822	34.71167	134.15617	3709.635
M1_S25_subsampled_depth_6G_contig_13851|provirus_237_37281	1.5985906	1.506851	28190	1.8464553	0.3609206	13.755855	1.6979808	1.5689464	28957	2.223115	0.38700658	14.872845	1.6181326	1.5045924	28140	2.0136843	0.37207222	14.273738	1.7094187	1.5884602	29000	2.1927595	0.3906376	15.582164	1.6460767	1.5276598	28427	2.1012757	0.37644035	14.96674	1.7351944	1.6242359	28445	2.213987	0.4037145	15.994154	0	0	0	0	0	0	0	0	0	0	0	0	0	0	0	0	0	0	18.517197	18.225435	37045	33.84136	98.785355	2768.4658	23.66204	23.379168	37045	38.687943	119.87461	3335.4	23.109093	22.682055	37045	43.417847	114.42043	3163.91
M1_S25_subsampled_depth_6G_contig_14551|provirus_2_34931	0	0	0	0	0	0	0	0	0	0	0	0	0	0	0	0	0	0	0	0	0	0	0	0	0	0	0	0	0	0	0	0	0	0	0	0	0	0	0	0	0	0	0	0	0	0	0	0	0	0	0	0	0	0	18.835768	18.716375	34930	32.59001	99.97658	2801.85	20.10739	19.95652	34930	26.327885	100.585434	2798.6978	21.733238	21.656412	34930	24.720865	106.35464	2940.8777
M1_S25_subsampled_depth_6G_contig_16373|provirus_27377_41995	3.7795286	3.7038317	14428	3.5854774	0.84564555	32.230293	3.517382	3.400215	14285	4.1927614	0.7946548	30.538961	3.6206372	3.5618522	14012	4.0084786	0.8107983	31.104515	3.6518073	3.569454	13931	5.1232924	0.83187765	33.182785	3.1194277	2.9885588	13529	4.422424	0.7050651	28.032385	3.2779737	3.2297473	13703	3.59787	0.74001133	29.317375	0	0	0	0	0	0	0	0	0	0	0	0	0	0	0	0	0	0	53.82749	53.825077	14619	72.05232	287.40848	8054.64	57.33907	57.33932	14619	79.897224	286.13193	7961.354	60.85189	60.70414	14619	97.3044	295.27643	8164.8716
M1_S25_subsampled_depth_6G_contig_17371|provirus_12490_22953	0	0	0	0	0	0	0	0	0	0	0	0	0	0	0	0	0	0	0	0	0	0	0	0	0	0	0	0	0	0	0	0	0	0	0	0	0	0	0	0	0	0	0	0	0	0	0	0	0	0	0	0	0	0	26.384235	26.17934	10464	46.454983	139.0791	3897.7004	39.631763	39.604374	10464	57.99217	199.80255	5559.321	27.930677	27.873331	10464	52.062202	137.55426	3803.5977
M1_S25_subsampled_depth_6G_contig_20620|provirus_105226_142667	0	0	0	0	0	0	0	0	0	0	0	0	0	0	0	0	0	0	0	0	0	0	0	0	0	0	0	0	0	0	0	0	0	0	0	0	0	0	0	0	0	0	0	0	0	0	0	0	0	0	0	0	0	0	19.855947	19.72843	37442	34.449116	103.71621	2906.6528	25.053228	24.919199	37442	34.815987	125.2492	3484.9426	20.642925	20.572517	37442	26.05866	100.60055	2781.7686
M1_S25_subsampled_depth_6G_contig_20836|provirus_3613_42685	15.459009	15.065085	38778	53.149143	3.45197	131.56577	14.882229	14.463076	38305	48.52397	3.3194644	127.568634	15.555969	15.092118	38764	57.986565	3.4964037	134.13188	20.489094	20.172676	38429	69.84238	4.6277914	184.59818	20.157516	19.93343	38306	55.27244	4.513862	179.46468	20.778229	20.471525	38385	64.31401	4.6842604	185.57852	4.839632	4.4452343	36478	16.34672	0.92384136	7.4333773	4.526835	4.2194057	36676	11.7833805	0.8423245	5.8898606	5.2385993	4.8772516	38032	13.721728	0.97586423	7.2115436	99.54058	98.718704	39073	288.29504	534.4469	14977.914	100.52822	99.99797	39073	233.20508	504.5051	14037.391	146.99281	146.1602	39073	364.19547	717.77997	19847.78
M1_S25_subsampled_depth_6G_contig_21060|provirus_9696_22059	0	0	0	0	0	0	0	0	0	0	0	0	0	0	0	0	0	0	0	0	0	0	0	0	0	0	0	0	0	0	0	0	0	0	0	0	0	0	0	0	0	0	0	0	0	0	0	0	0	0	0	0	0	0	28.794744	28.701746	12364	48.85765	152.65161	4278.0703	28.452595	28.224669	12364	42.161957	141.78166	3944.943	28.391436	28.317265	12364	27.532425	138.86264	3839.778
M1_S25_subsampled_depth_6G_contig_23065|provirus_111307_131949	1.7209291	1.6217946	15623	2.0956955	0.38243115	14.575695	1.743083	1.6433722	16040	2.0670667	0.3887274	14.93899	1.5163715	1.4271618	15683	1.664833	0.33959395	13.0277815	2.617284	2.523665	18882	3.1297755	0.59241194	23.630749	2.6243596	2.548333	18755	3.0289047	0.58416516	23.225595	2.7347875	2.6406615	18558	3.370855	0.6177039	24.471859	0	0	0	0	0	0	0	0	0	0	0	0	0	0	0	0	0	0	5.538623	5.4542694	20344	7.5405374	28.783442	806.6578	6.3482165	6.2669015	20344	8.080867	31.34701	872.2017	6.183624	6.1295204	20356	7.682315	29.782042	823.5217
M1_S25_subsampled_depth_6G_contig_24822|provirus_75905_110826	2.4834063	2.366884	30252	3.4923189	0.5819886	22.181469	2.5590706	2.4337616	30599	3.460288	0.59224534	22.76026	2.6160705	2.489743	31145	3.531867	0.6196753	23.772474	2.5326986	2.4295437	30851	3.1408882	0.6001781	23.940514	2.8070574	2.6622891	31713	4.3022795	0.65589637	26.077501	2.7255263	2.63449	31586	3.2988527	0.6331605	25.084229	0	0	0	0	0	0	0	0	0	0	0	0	0	0	0	0	0	0	257.20248	253.24472	34922	10629.511	1410.2994	39523.727	242.59453	237.18456	34922	11154.063	1270.7009	35356.08	253.0612	247.55432	34922	12394.652	1291.2533	35705.25
M1_S25_subsampled_depth_6G_contig_24878|provirus_3_11988	0	0	0	0	0	0	0	0	0	0	0	0	0	0	0	0	0	0	0	0	0	0	0	0	0	0	0	0	0	0	0	0	0	0	0	0	0	0	0	0	0	0	0	0	0	0	0	0	0	0	0	0	0	0	176.21815	176.32898	11986	410.059	935.5501	26218.852	185.20142	185.48038	11986	353.90082	930.3212	25885.328	180.29106	180.5459	11986	273.3776	882.9099	24413.889
M1_S25_subsampled_depth_6G_contig_27216|provirus_34570_84653	0	0	0	0	0	0	0	0	0	0	0	0	0	0	0	0	0	0	0	0	0	0	0	0	0	0	0	0	0	0	0	0	0	0	0	0	0	0	0	0	0	0	0	0	0	0	0	0	0	0	0	0	0	0	29.557076	29.453718	50084	39.064266	155.28104	4351.7607	36.071556	35.951984	50084	51.696472	179.8089	5003.0166	33.887974	33.815784	50084	43.871307	164.97334	4561.7803
M2_S26_subsampled_depth_6G_contig_2496	168.9267	171.73747	9752	10749.592	37.478718	1428.4353	0	0	0	0	0	0	169.12685	171.7173	9729	10982.75	37.831135	1451.3091	169.86983	172.04797	10029	11172.102	38.09956	1519.7548	168.70717	171.32445	10505	10823.803	37.514885	1491.5387	176.47023	179.72037	9710	11830.468	39.55016	1566.8773	0	0	0	0	0	0	0	0	0	0	0	0	103.47428	101.61443	9587	4673.374	18.944256	139.99615	6.083111	5.9780397	12366	9.228995	33.15032	929.0398	5.2295666	5.1405816	12176	7.632648	25.954012	722.1465	7.167436	7.076501	12491	7.537012	34.861794	963.98517
M2_S26_subsampled_depth_6G_contig_4505	0	0	0	0	0	0	0	0	0	0	0	0	0	0	0	0	0	0	0	0	0	0	0	0	0	0	0	0	0	0	0	0	0	0	0	0	0	0	0	0	0	0	0	0	0	0	0	0	0	0	0	0	0	0	3.738704	3.6269	3628	7.488008	20.518316	575.02734	4.7332816	4.6636076	4023	4.302551	23.217264	645.9989	5.0214305	4.9581304	3982	5.8975253	24.081661	665.8968
M2_S26_subsampled_depth_6G_contig_4904	252.55118	259.64273	11105	13846.794	55.75091	2124.848	248.37016	255.31007	11121	13382.161	54.772354	2104.9277	248.38383	255.19493	11120	12999.264	55.273777	2120.458	253.40187	261.11636	11060	13903.63	56.555386	2255.9397	255.9856	263.65308	11116	13863.164	56.718746	2255.0566	257.19562	263.97632	11121	14224.289	57.28087	2269.3235	91.242455	90.42927	10801	3431.7878	17.040787	137.11292	79.70559	78.54228	11035	2703.3071	14.483039	101.27104	92.4964	90.883545	10760	3543.4575	16.821394	124.30847	3.568134	3.4939747	10599	4.1644316	18.656456	522.8483	4.0174093	3.9646583	10626	5.143636	19.88836	553.37506	3.6909125	3.5480506	10863	5.121866	18.077988	499.88553
M2_S26_subsampled_depth_6G_contig_5900	0	0	0	0	0	0	0	0	0	0	0	0	0	0	0	0	0	0	0	0	0	0	0	0	0	0	0	0	0	0	0	0	0	0	0	0	0	0	0	0	0	0	0	0	0	0	0	0	0	0	0	0	0	0	16.158068	15.839335	14125	43.46971	93.713104	2626.3164	16.717424	16.41299	14125	33.711403	90.354645	2514.0342	17.063398	16.726767	14125	45.820076	91.27873	2524.0051
M2_S26_subsampled_depth_6G_contig_6091	50.257595	50.48653	9598	1153.9056	11.082164	422.3772	48.726173	49.162945	9673	1053.1299	10.738861	412.69946	51.50678	51.77251	10064	1167.539	11.446042	439.10248	72.32786	73.13337	10179	2230.3467	16.11872	642.9599	77.82732	78.4641	10015	2722.9285	17.214878	684.439	77.12459	77.81594	10175	2595.8923	17.17638	680.4848	45.072144	44.188236	8963	1245.4468	8.4164715	67.720314	38.397327	37.263332	9432	886.2919	6.968853	48.728943	45.37506	44.01847	9798	1254.4218	8.217582	60.727142	5.639881	5.3653655	9931	16.183147	30.891766	865.7435	4.4188027	4.2234197	9862	8.851705	22.66083	630.5167	6.090351	5.706762	10032	22.010939	30.969603	856.3598
M2_S26_subsampled_depth_6G_contig_6209	0	0	0	0	0	0	0	0	0	0	0	0	0	0	0	0	0	0	0	0	0	0	0	0	0	0	0	0	0	0	0	0	0	0	0	0	0	0	0	0	0	0	0	0	0	0	0	0	0	0	0	0	0	0	13.653429	10.806554	11406	283.97238	91.08184	2552.5752	15.3726015	12.476017	11406	283.09387	96.236435	2677.6892	12.551795	9.966443	11404	211.51276	77.402336	2140.2993
M2_S26_subsampled_depth_6G_contig_6785	0	0	0	0	0	0	0	0	0	0	0	0	0	0	0	0	0	0	0	0	0	0	0	0	0	0	0	0	0	0	0	0	0	0	0	0	0	0	0	0	0	0	0	0	0	0	0	0	0	0	0	0	0	0	18.741976	18.545515	11990	33.2402	103.39159	2897.5554	21.347466	21.187407	11990	38.56141	109.93361	3058.8005	27.22424	27.041292	11990	37.840843	135.47853	3746.2002
M2_S26_subsampled_depth_6G_contig_7799	35.977932	35.438896	8924	1069.6235	7.9403896	302.63403	35.513596	34.886917	9962	1030.4534	7.857056	301.9505	35.760063	35.070225	9089	1064.3246	7.963411	305.49872	52.73199	52.06954	10235	2230.1477	11.793866	470.44595	52.82636	51.92144	9678	2310.8518	11.7152	465.77972	53.156868	52.201942	10040	2321.1726	11.853867	469.62024	0	0	0	0	0	0	0	0	0	0	0	0	0	0	0	0	0	0	6.3362465	6.1595726	11325	11.079213	35.18053	985.9367	4.8502827	4.7010593	11195	8.123607	24.217415	673.82715	6.721663	6.484308	11454	12.264448	33.31792	921.2945
M2_S26_subsampled_depth_6G_contig_8799	0	0	0	0	0	0	0	0	0	0	0	0	0	0	0	0	0	0	0	0	0	0	0	0	0	0	0	0	0	0	0	0	0	0	0	0	0	0	0	0	0	0	0	0	0	0	0	0	0	0	0	0	0	0	9.694502	9.350449	13155	24.526857	53.533783	1500.2881	8.069896	7.780094	13155	16.800484	40.215504	1118.9587	10.460208	10.060145	13142	29.687374	51.71789	1430.084
M2_S26_subsampled_depth_6G_contig_10125	0	0	0	0	0	0	0	0	0	0	0	0	0	0	0	0	0	0	0	0	0	0	0	0	0	0	0	0	0	0	0	0	0	0	0	0	0	0	0	0	0	0	0	0	0	0	0	0	0	0	0	0	0	0	21.51724	19.698109	26830	166.6666	123.70151	3466.743	24.828974	23.124437	26830	181.20001	135.49187	3769.9368	22.89078	21.202524	26830	177.69437	122.85214	3397.0598
M2_S26_subsampled_depth_6G_contig_10774	0	0	0	0	0	0	0	0	0	0	0	0	0	0	0	0	0	0	0	0	0	0	0	0	0	0	0	0	0	0	0	0	0	0	0	0	0	0	0	0	0	0	0	0	0	0	0	0	0	0	0	0	0	0	16.158863	13.361662	11386	298.9305	94.48044	2647.8198	17.506798	14.5928335	11405	305.29654	97.55521	2714.384	17.428787	14.421972	11405	328.70612	95.54789	2642.055
M2_S26_subsampled_depth_6G_contig_10945	0	0	0	0	0	0	0	0	0	0	0	0	0	0	0	0	0	0	0	0	0	0	0	0	0	0	0	0	0	0	0	0	0	0	0	0	0	0	0	0	0	0	0	0	0	0	0	0	0	0	0	0	0	0	7.6173587	7.522916	15518	10.816025	39.758957	1114.2472	6.876892	6.7680984	15543	7.08223	34.084934	948.3818	7.474956	7.360159	15543	8.961315	36.50795	1009.50385
M2_S26_subsampled_depth_6G_contig_11390	0	0	0	0	0	0	0	0	0	0	0	0	0	0	0	0	0	0	0	0	0	0	0	0	0	0	0	0	0	0	0	0	0	0	0	0	0	0	0	0	0	0	0	0	0	0	0	0	0	0	0	0	0	0	23.75201	21.757124	10598	311.0972	142.44293	3991.9722	27.393951	25.065079	10598	420.19052	157.58128	4384.5537	30.745693	27.234795	10598	638.53613	171.96823	4755.2
M2_S26_subsampled_depth_6G_contig_11795	4.056013	3.8836162	16191	6.7089667	0.9235594	35.19984	3.8880935	3.8334439	16091	4.6875896	0.89923245	34.55792	5.0066214	4.894817	16197	9.203618	1.1552924	44.32025	4.6196017	4.4831653	16466	6.7436132	1.0764964	42.9404	4.36638	4.2140775	15740	8.656666	1.0076963	40.06457	4.673467	4.508815	16400	7.883348	1.0807066	42.814865	0	0	0	0	0	0	0	0	0	0	0	0	0	0	0	0	0	0	144.87138	145.10101	16914	458.7198	756.44464	21199.408	167.49171	168.19957	16914	650.93744	831.16235	23126.324	167.26634	167.97223	16914	562.91785	810.2941	22405.95
M2_S26_subsampled_depth_6G_contig_13560	0	0	0	0	0	0	0	0	0	0	0	0	0	0	0	0	0	0	0	0	0	0	0	0	0	0	0	0	0	0	0	0	0	0	0	0	0	0	0	0	0	0	0	0	0	0	0	0	0	0	0	0	0	0	6.0780897	5.9541574	15184	8.797174	32.334743	906.1833	6.611008	6.5089035	15248	7.611475	32.68617	909.4624	6.048748	5.930684	15208	8.334644	29.570766	817.6794
M2_S26_subsampled_depth_6G_contig_14164	0	0	0	0	0	0	0	0	0	0	0	0	0	0	0	0	0	0	0	0	0	0	0	0	0	0	0	0	0	0	0	0	0	0	0	0	0	0	0	0	0	0	0	0	0	0	0	0	0	0	0	0	0	0	49.548214	38.743813	21565	4228.196	282.25266	7910.1494	55.48321	41.349003	21565	6524.1895	305.61182	8503.368	53.94219	39.74874	21565	6628.5527	289.10684	7994.272
M2_S26_subsampled_depth_6G_contig_17386	0	0	0	0	0	0	0	0	0	0	0	0	0	0	0	0	0	0	0	0	0	0	0	0	0	0	0	0	0	0	0	0	0	0	0	0	0	0	0	0	0	0	0	0	0	0	0	0	0	0	0	0	0	0	71.3036	67.17167	38309	1077.6184	388.5291	10888.552	73.92466	69.18707	38309	1249.7781	382.57486	10644.792	65.99172	61.93478	38309	1021.7639	335.68127	9282.131
M2_S26_subsampled_depth_6G_contig_17908	11532.946	11198.09	37013	13504846	2572.6018	98050.2	11476.056	11136.924	37013	13349681	2559.2656	98353.78	11412.714	11072.106	37013	13168501	2567.1892	98484.62	10006.461	9715	37013	10128983	2258.307	90081.664	10523.476	10217.842	37013	11082141	2356.0422	93672.875	10303.42	9998.447	37013	10772524	2321.171	91958.94	5388.538	5265.912	37013	3560116.8	1017.7637	8189.089	4705.829	4596.848	37013	2715855	864.5653	6045.3774	5421.3286	5292.176	37013	3699263.8	996.0354	7360.6025	13.285652	12.921934	36991	36.45787	70.179955	1966.7977	14.921113	14.394218	36982	46.10359	74.211685	2064.8716	16.422998	16.078035	37001	40.910084	79.744354	2205.061
M2_S26_subsampled_depth_6G_contig_18797	0	0	0	0	0	0	0	0	0	0	0	0	0	0	0	0	0	0	0	0	0	0	0	0	0	0	0	0	0	0	0	0	0	0	0	0	0	0	0	0	0	0	0	0	0	0	0	0	0	0	0	0	0	0	12.3886385	10.887707	45902	1151.4117	76.40309	2141.2017	10.20257	8.655398	45902	1220.5721	60.947414	1695.805	12.60664	11.0980625	45902	1202.8456	70.96676	1962.3463
M2_S26_subsampled_depth_6G_contig_19208	5.9006457	4.4828467	10059	161.93164	1.7393768	66.2933	5.6377954	4.3826795	9890	107.81942	1.6270235	62.527267	6.2098556	4.803696	9908	143.88853	1.8599181	71.35168	4.830045	3.9092696	9841	95.23522	1.4474202	57.73619	5.0610456	3.9032733	9767	91.27905	1.5175949	60.33742	4.8078384	3.6363904	8992	95.55075	1.4509156	57.481598	0	0	0	0	0	0	0	0	0	0	0	0	0	0	0	0	0	0	55.08989	43.771255	11453	4670.7583	317.7055	8903.719	62.411484	49.949867	11453	5748.2524	342.13263	9519.524	62.930283	50.365574	11453	5994.2964	338.99457	9373.752
M2_S26_subsampled_depth_6G_contig_19826	0	0	0	0	0	0	0	0	0	0	0	0	0	0	0	0	0	0	0	0	0	0	0	0	0	0	0	0	0	0	0	0	0	0	0	0	0	0	0	0	0	0	0	0	0	0	0	0	0	0	0	0	0	0	3.9276252	3.642695	10818	8.131699	21.07564	590.646	7.1427937	6.869999	11397	12.453912	36.518734	1016.0998	5.756646	5.374296	11207	12.887688	28.825098	797.0607
M2_S26_subsampled_depth_6G_contig_20655	0	0	0	0	0	0	0	0	0	0	0	0	0	0	0	0	0	0	0	0	0	0	0	0	0	0	0	0	0	0	0	0	0	0	0	0	0	0	0	0	0	0	0	0	0	0	0	0	0	0	0	0	0	0	4.9110975	4.8639913	5133	4.678767	26.22262	734.8906	6.3692555	6.3014493	5133	6.3602123	31.006975	862.7402	5.8215933	5.7578597	5100	7.895703	28.382036	784.8093
M2_S26_subsampled_depth_6G_contig_24026	248.46361	252.06769	10874	23213.557	54.76238	2087.1724	241.58287	245.03807	10870	21829.57	53.23603	2045.8866	244.11908	247.25143	10870	22330.707	54.287476	2082.62	240.98962	244.42685	10872	22750.396	53.69724	2141.931	248.90862	252.67366	10868	23650.813	55.042034	2188.3936	247.3438	250.71193	10872	23479.945	55.016373	2179.6091	108.19824	107.83323	10874	4216.921	20.203012	162.55673	94.26833	93.678085	10870	3401.9268	17.156979	119.968285	108.56185	108.23621	10872	4658.332	19.754179	145.98141	3.0123148	2.9009259	9881	4.397385	16.570837	464.39896	4.197222	4.056996	10600	6.011659	20.67662	575.3079	4.7647223	4.6004114	10609	7.38468	23.083422	638.29407
M2_S26_subsampled_depth_6G_contig_25170	0	0	0	0	0	0	0	0	0	0	0	0	0	0	0	0	0	0	0	0	0	0	0	0	0	0	0	0	0	0	0	0	0	0	0	0	0	0	0	0	0	0	0	0	0	0	0	0	0	0	0	0	0	0	5.05439	4.9879208	1389	3.9954839	26.3926	739.65424	4.913753	4.874892	1437	3.4350138	22.879524	636.6016	5.243978	5.1820536	1437	7.0259647	28.386776	784.94037
M2_S26_subsampled_depth_6G_contig_1768|provirus_3_20148	3.7908583	3.6702967	19377	4.76626	0.86210454	32.857613	4.0310063	3.9275475	19440	5.37118	0.9166297	35.22651	3.8133128	3.6872985	19387	5.30013	0.8758128	33.59866	3.9364374	3.8240361	19641	4.7921076	0.91391236	36.455074	3.6739848	3.5242805	19391	5.252699	0.8510486	33.83648	4.215493	4.0926213	19479	5.8816924	0.97466433	38.61374	0	0	0	0	0	0	0	0	0	0	0	0	0	0	0	0	0	0	56.11582	55.089176	20146	256.82062	308.70386	8651.447	55.5041	54.347816	20146	243.86992	287.30273	7993.9326	60.79746	59.59273	20146	236.84161	305.7823	8455.374
M2_S26_subsampled_depth_6G_contig_2812|provirus_32754_88182	0	0	0	0	0	0	0	0	0	0	0	0	0	0	0	0	0	0	0	0	0	0	0	0	0	0	0	0	0	0	0	0	0	0	0	0	0	0	0	0	0	0	0	0	0	0	0	0	0	0	0	0	0	0	20.145462	19.952425	55429	30.203806	106.927666	2996.6543	21.900396	21.785622	55429	24.475487	109.49064	3046.4758	19.542557	19.408197	55429	24.733347	95.591896	2643.271
M2_S26_subsampled_depth_6G_contig_6136|provirus_455_41692	3.216219	2.6911032	0	15.207465	0	0	3.4614973	2.752569	33012	21.304527	0.79871434	30.69497	3.5750341	2.76298	33436	25.011627	0.824515	31.630728	5.046145	4.3686047	35520	28.443024	1.166433	46.527866	5.137315	4.3834777	34982	30.603384	1.1729575	46.63515	5.048092	4.4770956	35671	23.911478	1.1620101	46.03591	0	0	0	0	0	0	0	0	0	0	0	0	0	0	0	0	0	0	8.462592	8.307355	40823	18.28857	44.595936	1249.8038	9.702614	9.506652	41213	21.950764	48.48859	1349.1504	9.858718	9.716333	41238	19.4156	48.09887	1330.0122
M2_S26_subsampled_depth_6G_contig_7140|provirus_1_14593	0	0	0	0	0	0	0	0	0	0	0	0	0	0	0	0	0	0	0	0	0	0	0	0	0	0	0	0	0	0	0	0	0	0	0	0	0	0	0	0	0	0	0	0	0	0	0	0	0	0	0	0	0	0	6.311777	6.118009	14415	12.809241	33.735115	945.4288	7.5521708	7.411647	14581	10.900945	37.430347	1041.4645	6.2179604	6.1241636	14423	10.502276	30.249128	836.43726
M2_S26_subsampled_depth_6G_contig_8760|provirus_117_60219	0	0	0	0	0	0	0	0	0	0	0	0	0	0	0	0	0	0	0	0	0	0	0	0	0	0	0	0	0	0	0	0	0	0	0	0	0	0	0	0	0	0	0	0	0	0	0	0	0	0	0	0	0	0	15.1412945	15.070664	60103	23.49356	80.13948	2245.9148	15.490734	15.433458	60103	16.656675	77.10573	2145.396	14.2941475	14.263756	60103	18.201694	69.46961	1920.9467
M2_S26_subsampled_depth_6G_contig_9051|provirus_201_22580	3.879802	3.7642944	20849	6.1622586	0.870615	33.18196	3.5951867	3.4945521	20113	5.5354743	0.8071277	31.018284	3.851192	3.659836	21378	6.8836994	0.8791813	33.727875	3.8859198	3.6758797	21781	6.8424454	0.89250636	35.60122	5.151462	4.9936523	22050	8.3073015	1.1679575	46.43633	4.2730546	3.9986005	21581	9.670546	0.9728375	38.541374	0	0	0	0	0	0	0	0	0	0	0	0	0	0	0	0	0	0	4.076923	3.8995402	20798	8.685882	21.86425	612.74713	4.531579	4.3222213	22103	8.1476145	22.603704	628.92706	4.0817814	3.9685626	21731	5.6458383	19.98449	552.6035
M2_S26_subsampled_depth_6G_contig_9237|provirus_84635_105696	0	0	0	0	0	0	0	0	0	0	0	0	0	0	0	0	0	0	0	0	0	0	0	0	0	0	0	0	0	0	0	0	0	0	0	0	0	0	0	0	0	0	0	0	0	0	0	0	0	0	0	0	0	0	12.671863	12.089895	21062	39.678757	68.35567	1915.6724	14.377486	13.70237	21062	45.17298	73.651024	2049.2715	13.532086	12.926097	21062	39.32287	67.786194	1874.3983
M2_S26_subsampled_depth_6G_contig_19347|provirus_12665_51897	0	0	0	0	0	0	0	0	0	0	0	0	0	0	0	0	0	0	0	0	0	0	0	0	0	0	0	0	0	0	0	0	0	0	0	0	0	0	0	0	0	0	0	0	0	0	0	0	0	0	0	0	0	0	5.2858276	5.158351	38395	8.458114	28.034027	785.6552	5.7912645	5.69828	39197	6.6876597	28.85441	802.8473	5.0902696	5.008955	38673	6.388659	24.730764	683.84595
M2_S26_subsampled_depth_6G_contig_20057|provirus_42892_63066	0	0	0	0	0	0	0	0	0	0	0	0	0	0	0	0	0	0	0	0	0	0	0	0	0	0	0	0	0	0	0	0	0	0	0	0	0	0	0	0	0	0	0	0	0	0	0	0	0	0	0	0	0	0	16.155006	16.109583	20173	24.228275	85.92064	2407.9321	18.060125	18.032515	20175	22.60606	91.14842	2536.1213	20.023321	19.85857	20175	24.732222	97.84544	2705.584
M2_S26_subsampled_depth_6G_contig_20514|provirus_3_22950	0	0	0	0	0	0	0	0	0	0	0	0	0	0	0	0	0	0	0	0	0	0	0	0	0	0	0	0	0	0	0	0	0	0	0	0	0	0	0	0	0	0	0	0	0	0	0	0	0	0	0	0	0	0	12.309808	12.174366	22948	16.64741	66.88576	1874.4778	9.505176	9.402486	22948	14.255861	47.442303	1320.0383	12.157908	12.044395	22948	16.998882	59.39006	1642.2314
M2_S26_subsampled_depth_6G_contig_21034|provirus_57339_105519	3860.7637	3954.2478	46528	2916765.5	859.2356	32748.26	3772.983	3866.7195	46757	2767786	839.3744	32257.56	3833.5999	3930.335	47069	2832373.8	860.2494	33001.59	3873.5806	3969.1367	46381	2953953	872.0462	34785.08	3909.5854	4010.5337	47402	2917252.5	873.21204	34717.668	3935.9111	4034.402	46256	3007713.5	884.55164	35043.703	722.2467	656.29346	42858	343899.38	135.98409	1094.1498	603.0035	549.0632	42278	236434.08	110.387054	771.86945	794.7039	730.7285	42328	370499.38	145.4917	1075.1694	38.148216	37.624096	48181	421.07468	207.82573	5824.329	45.804794	45.03331	48181	638.0788	238.69434	6641.448	42.77754	42.152237	48181	619.26697	217.91823	6025.7925
M2_S26_subsampled_depth_6G_contig_26745|provirus_32184_61415	0	0	0	0	0	0	0	0	0	0	0	0	0	0	0	0	0	0	0	0	0	0	0	0	0	0	0	0	0	0	0	0	0	0	0	0	0	0	0	0	0	0	0	0	0	0	0	0	0	0	0	0	0	0	15.325665	15.244059	29232	26.272017	80.89792	2267.17	14.713878	14.600519	29232	19.55133	73.490364	2044.8021	15.628602	15.495492	29232	23.358051	76.0022	2101.584
M2_S26_subsampled_depth_6G_contig_28894|provirus_1_11554	0	0	0	0	0	0	0	0	0	0	0	0	0	0	0	0	0	0	0	0	0	0	0	0	0	0	0	0	0	0	0	0	0	0	0	0	0	0	0	0	0	0	0	0	0	0	0	0	0	0	0	0	0	0	125.07576	87.47818	11554	186230.2	919.10394	25757.945	128.42012	88.56752	11554	216317.13	925.6554	25755.502	126.43318	86.5039	11554	216819.92	897.32324	24812.445
M3_S27_subsampled_depth_6G_contig_2764	25.260878	23.282238	49947	473.40628	5.68436	216.64941	24.380375	22.578732	50412	429.17578	5.4884343	210.92311	25.610592	23.453737	50046	513.9077	5.810633	222.91223	33.151527	30.394697	50613	865.6613	7.5292883	300.3359	33.677296	30.773481	51861	881.89856	7.5928946	301.88284	33.451218	30.927885	50974	823.15515	7.5763063	300.15405	0	0	0	0	0	0	0	0	0	0	0	0	0	0	0	0	0	0	108.48686	108.96607	55724	2340.0808	581.26544	16290.002	104.87908	104.43407	55724	2312.3057	536.5764	14929.74	98.33904	97.652084	55724	1855.9298	491.22015	13583.031
M3_S27_subsampled_depth_6G_contig_3072	0	0	0	0	0	0	0	0	0	0	0	0	0	0	0	0	0	0	0	0	0	0	0	0	0	0	0	0	0	0	0	0	0	0	0	0	0	0	0	0	0	0	0	0	0	0	0	0	0	0	0	0	0	0	174.21475	171.71712	38389	1073.223	925.6838	25942.348	182.93091	180.14688	38389	948.5406	916.60486	25503.682	185.2497	182.5458	38389	879.0225	905.1756	25029.576
M3_S27_subsampled_depth_6G_contig_3179	129.67047	129.05977	42159	3035.9277	29.203175	1113.028	130.57831	129.16046	42159	3197.0657	29.392633	1129.5728	132.05525	130.8503	42159	3299.3745	29.982782	1150.2241	142.07196	141.38954	42159	3719.3936	32.33823	1289.9406	139.85277	139.04504	42159	3523.3	31.626768	1257.4355	144.12854	143.47246	42159	3712.0913	32.795612	1299.2793	15.346331	13.466926	40619	233.42035	2.8961072	23.302536	14.15161	12.345791	40940	203.19801	2.6024413	18.197289	16.946083	15.342458	41169	220.15837	3.1155553	23.023653	9.903735	9.604671	41983	28.663559	57.697773	1616.9838	8.178343	7.893306	42056	21.388063	40.96007	1139.6764	10.874384	10.57526	42159	26.101742	53.095425	1468.1744
M3_S27_subsampled_depth_6G_contig_3470	0	0	0	0	0	0	0	0	0	0	0	0	0	0	0	0	0	0	0	0	0	0	0	0	0	0	0	0	0	0	0	0	0	0	0	0	0	0	0	0	0	0	0	0	0	0	0	0	0	0	0	0	0	0	15.030083	14.563137	21092	55.785625	86.55707	2425.7673	11.824085	11.458033	21092	32.17009	63.378746	1763.455	15.105482	14.672273	21092	46.78344	78.87932	2181.1416
M3_S27_subsampled_depth_6G_contig_3669	0	0	0	0	0	0	0	0	0	0	0	0	0	0	0	0	0	0	0	0	0	0	0	0	0	0	0	0	0	0	0	0	0	0	0	0	0	0	0	0	0	0	0	0	0	0	0	0	0	0	0	0	0	0	7.214579	7.1334267	18364	8.80163	39.13311	1096.7083	5.340203	5.252299	18355	6.0244102	26.647417	741.43964	7.2428613	7.127641	18395	8.361701	35.005585	967.9612
M3_S27_subsampled_depth_6G_contig_3839	0	0	0	0	0	0	0	0	0	0	0	0	0	0	0	0	0	0	0	0	0	0	0	0	0	0	0	0	0	0	0	0	0	0	0	0	0	0	0	0	0	0	0	0	0	0	0	0	0	0	0	0	0	0	4.7411737	4.6167164	4102	7.0832605	25.504568	714.7672	6.217677	6.080606	4167	8.113344	31.244057	869.33673	5.4896517	5.492832	4257	3.3488321	26.522402	733.3875
M3_S27_subsampled_depth_6G_contig_7670	5.3864064	5.341861	11714	6.493662	1.2446313	47.43695	5.228552	5.071158	11547	9.501191	1.207196	46.393127	4.809313	4.6633506	11492	7.915533	1.1092817	42.55519	5.061999	5.041501	11506	6.317777	1.1670356	46.551926	5.4884872	5.3670645	11616	8.807158	1.2508172	49.730713	5.646256	5.5693574	11859	6.5576677	1.2935802	51.2484	0	0	0	0	0	0	0	0	0	0	0	0	0	0	0	0	0	0	7.5933824	6.838071	11803	40.298786	42.204475	1182.7828	7.9606004	7.200303	11861	33.482452	42.344395	1178.1941	10.596879	9.606121	11876	61.523533	54.159584	1497.6007
M3_S27_subsampled_depth_6G_contig_8833	0	0	0	0	0	0	0	0	0	0	0	0	0	0	0	0	0	0	0	0	0	0	0	0	0	0	0	0	0	0	0	0	0	0	0	0	0	0	0	0	0	0	0	0	0	0	0	0	0	0	0	0	0	0	8.78699	8.673957	24175	15.828455	46.791412	1311.3324	9.52324	9.494624	24287	13.052583	47.261974	1315.0211	8.265115	8.186869	24171	10.353558	39.96578	1105.1185
M3_S27_subsampled_depth_6G_contig_9456	0	0	0	0	0	0	0	0	0	0	0	0	0	0	0	0	0	0	0	0	0	0	0	0	0	0	0	0	0	0	0	0	0	0	0	0	0	0	0	0	0	0	0	0	0	0	0	0	0	0	0	0	0	0	6.82788	6.695123	31087	11.661172	37.04431	1038.1693	5.22894	5.159071	31017	6.289408	26.017664	723.91754	7.302423	7.2133713	31477	7.5088706	35.38335	978.40735
M3_S27_subsampled_depth_6G_contig_10508	10955.9	10638.664	18573	23755032	2474.6353	94316.36	10923.649	10599.295	18573	23823100	2465.731	94759.21	10872.732	10553.944	18573	23140568	2475.3457	94961.22	9505.388	9233.898	18573	17538696	2171.1465	86604.914	9998.863	9714.347	18573	19500264	2266.2734	90103.83	9761.078	9473.248	18573	18634804	2225.5999	88172.63	4974.21	4956.8813	18573	2814254	948.3379	7630.479	4347.969	4333.5195	18573	2136965.5	805.92084	5635.314	5004.622	4989.6733	18573	2851529.3	927.587	6854.777	13.152255	12.352994	18510	76.02182	70.629364	1979.393	13.656516	13.046258	18502	65.67346	68.95723	1918.6709	16.044836	15.336168	18572	65.569916	78.439125	2168.9697
M3_S27_subsampled_depth_6G_contig_12014	2837.6897	2843.1736	12413	226938.6	635.1199	24206.48	2690.6296	2693.935	12413	222521.25	602.0051	23135.342	2917.2307	2926.6782	12413	200107.33	658.65375	25267.809	2648.552	2654.664	12413	162667.77	600.1037	23937.555	2643.2454	2650.1675	12413	169364.52	594.2416	23626.207	2665.8213	2670.083	12413	151874.84	603.07806	23892.43	908.83746	915.0697	12413	125076.94	171.12195	1376.8744	746.52966	753.5577	12413	78724.62	136.81667	956.6754	1079.9249	1085.8666	12413	154689.97	197.98198	1463.0679	7.980184	7.8091874	12387	11.808035	43.134476	1208.8466	8.146294	7.9886746	12413	8.714364	41.054302	1142.2977	7.272772	7.1056447	12413	9.070833	35.209454	973.5989
M3_S27_subsampled_depth_6G_contig_13170	1.9200081	1.7463251	8660	2.6747036	0.43791944	16.690523	1.9251202	1.833853	7899	2.5440664	0.43436363	16.6928	1.9914795	1.9281737	8446	2.153411	0.45818946	17.577436	1.9319366	1.8606905	8470	1.9347153	0.4562418	18.199041	1.8454291	1.7466593	8032	2.3536494	0.42579198	16.928883	1.952085	1.8512249	8445	2.1418645	0.45547685	18.044832	0	0	0	0	0	0	0	0	0	0	0	0	0	0	0	0	0	0	5.178729	4.9934297	9543	11.489358	28.714922	804.7376	5.1363273	5.003786	9644	9.327979	26.786736	745.3161	5.347434	5.236971	10126	5.466847	27.191847	751.8985
M3_S27_subsampled_depth_6G_contig_14668	4.1059513	3.9445906	38890	7.8275104	0.9410258	35.86556	4.0868063	3.885824	39900	7.4393916	0.93646646	35.98884	4.21959	4.0683823	39474	7.539953	0.9714888	37.26904	4.193217	3.9886389	39018	8.939895	0.9662902	38.544384	4.0769677	3.9079554	38690	7.9268727	0.9411244	37.417763	4.377683	4.207832	39309	8.825176	1.0136796	40.1594	0	0	0	0	0	0	0	0	0	0	0	0	0	0	0	0	0	0	177.43619	173.78424	41518	3621.876	933.5661	26163.252	202.99449	200.15594	41518	4612.6646	1012.3471	28167.625	209.01361	205.53758	41518	4727.8984	1016.07196	28096.041
M3_S27_subsampled_depth_6G_contig_14971	0	0	0	0	0	0	0	0	0	0	0	0	0	0	0	0	0	0	0	0	0	0	0	0	0	0	0	0	0	0	0	0	0	0	0	0	0	0	0	0	0	0	0	0	0	0	0	0	0	0	0	0	0	0	6.4807434	6.3522835	20106	10.213867	35.26832	988.39716	4.594539	4.526654	19696	5.791648	23.132511	643.64087	7.5906034	7.461223	20221	10.526106	36.851723	1019.0101
M3_S27_subsampled_depth_6G_contig_16498	0	0	0	0	0	0	0	0	0	0	0	0	0	0	0	0	0	0	0	0	0	0	0	0	0	0	0	0	0	0	0	0	0	0	0	0	0	0	0	0	0	0	0	0	0	0	0	0	0	0	0	0	0	0	6.6168118	5.636944	12965	98.49004	39.652985	1111.2773	6.9991465	5.8828044	12948	143.36528	39.84356	1108.6099	7.89064	6.8868575	13034	119.81533	43.08851	1191.4673
M3_S27_subsampled_depth_6G_contig_18540	0	0	0	0	0	0	0	0	0	0	0	0	0	0	0	0	0	0	0	0	0	0	0	0	0	0	0	0	0	0	0	0	0	0	0	0	0	0	0	0	0	0	0	0	0	0	0	0	0	0	0	0	0	0	14.45053	13.485629	14684	57.59279	78.294975	2194.2222	16.75547	15.866304	14684	55.337845	84.77771	2358.8613	12.308449	11.499465	14684	39.91331	61.512325	1700.9152
M3_S27_subsampled_depth_6G_contig_18571	6.8453083	6.4369698	26222	31.062317	1.7062106	65.029236	6.884134	6.4974976	26301	31.892313	1.7307651	66.51412	7.8569903	7.4843483	26344	31.900747	1.9629974	75.30614	9.162022	8.637089	26344	38.069576	2.282368	91.04147	9.233412	8.672718	26344	47.09666	2.3271003	92.52219	8.559632	8.112741	26267	40.767128	2.1768436	86.241066	0	0	0	0	0	0	0	0	0	0	0	0	0	0	0	0	0	0	13.3007555	10.841279	26344	1882.1617	89.54065	2509.3826	13.352256	10.510774	26344	2438.0823	88.69461	2467.8455	12.001489	9.301917	26344	2277.9353	78.44449	2169.1167
M3_S27_subsampled_depth_6G_contig_20794	0	0	0	0	0	0	0	0	0	0	0	0	0	0	0	0	0	0	0	0	0	0	0	0	0	0	0	0	0	0	0	0	0	0	0	0	0	0	0	0	0	0	0	0	0	0	0	0	0	0	0	0	0	0	3.9820583	3.8172932	3029	6.62582	23.71823	664.7049	2.6936357	2.638346	2815	3.0991333	13.962312	388.48843	5.8764386	5.8421054	3104	4.293904	27.926085	772.20154
M3_S27_subsampled_depth_6G_contig_20856	0	0	0	0	0	0	0	0	0	0	0	0	0	0	0	0	0	0	0	0	0	0	0	0	0	0	0	0	0	0	0	0	0	0	0	0	0	0	0	0	0	0	0	0	0	0	0	0	0	0	0	0	0	0	141.51964	134.98212	16806	3555.5469	768.6068	21540.256	146.51915	138.94524	16806	5067.6396	757.2283	21069.176	139.43768	131.97559	16806	4537.6523	702.0723	19413.436
M3_S27_subsampled_depth_6G_contig_21594	0	0	0	0	0	0	0	0	0	0	0	0	0	0	0	0	0	0	0	0	0	0	0	0	0	0	0	0	0	0	0	0	0	0	0	0	0	0	0	0	0	0	0	0	0	0	0	0	0	0	0	0	0	0	6.257371	6.177041	20105	7.9706273	34.172195	957.67816	4.9865804	4.8920236	19870	6.73186	25.197317	701.0921	7.121876	7.0189567	20195	8.213892	34.62679	957.4869
M3_S27_subsampled_depth_6G_contig_22781	4290.6943	4413.2236	44940	860919.94	954.5239	36380.004	4146.801	4263.933	44917	812619.2	922.1309	35437.934	4223.426	4343.895	44912	826996.75	947.3119	36341.547	3898.6394	4010.7778	44686	696638.8	877.4587	35000.977	3668.9111	3776.5867	44940	610828.5	819.18646	32569.691	3806.9548	3916.1099	44743	675242.2	855.30396	33884.977	2084.708	2025.1254	44334	1133002.1	393.0103	3162.2239	1776.6886	1723.792	44728	849852.94	325.7013	2277.431	2040.3472	1985.4469	44816	997464.75	374.0149	2763.9336	7.9240904	7.7842827	44847	12.439349	41.385612	1159.835	9.11929	9.006822	44940	10.765042	45.392143	1262.9946	9.4261	9.313281	44940	12.7749	45.773743	1265.7185
M3_S27_subsampled_depth_6G_contig_23658	0	0	0	0	0	0	0	0	0	0	0	0	0	0	0	0	0	0	0	0	0	0	0	0	0	0	0	0	0	0	0	0	0	0	0	0	0	0	0	0	0	0	0	0	0	0	0	0	0	0	0	0	0	0	5.6964517	5.608363	18408	7.6704226	30.896194	865.8678	4.9968815	4.8771806	18546	6.6240034	25.027037	696.354	6.9855375	6.898925	18750	8.168994	33.876617	936.74347
M3_S27_subsampled_depth_6G_contig_24566	147.15108	146.21843	12362	1359.4758	33.37633	1272.0801	151.99689	150.01837	12362	1449.7368	34.433575	1323.2985	155.89584	154.5574	12362	1279.1208	35.6	1365.716	166.25516	165.06541	12362	1701.4161	38.187958	1523.2808	161.98804	161.02711	12362	1334.4906	36.956642	1469.3433	170.09598	168.80258	12362	1877.6617	39.048428	1546.9996	7.6542745	7.267103	12210	24.998474	1.4691625	11.821117	5.945627	5.6965065	11940	16.342142	1.1286108	7.8916874	7.1516542	6.947871	12307	15.778816	1.345131	9.940386	11.045856	10.900018	12355	22.836163	64.0663	1795.4625	10.525303	10.429039	12354	17.154953	53.131393	1478.3319	12.993613	12.98326	12362	16.782204	63.933105	1767.8541
M3_S27_subsampled_depth_6G_contig_28842	42.94287	42.444687	10646	1285.3759	9.483289	361.43896	41.43151	40.769165	9027	1209.4797	9.149698	351.6272	40.037918	39.34611	10625	1094.5336	8.914781	341.99603	61.737576	60.911575	9962	2652.5696	13.819958	551.2647	62.509907	61.241554	10350	2735.9712	13.885476	552.0668	61.86883	61.313663	10544	2613.1733	13.805366	546.9338	0	0	0	0	0	0	19.092485	18.532637	8989	275.59955	3.4804196	24.336454	21.4655	21.08852	8994	321.04617	3.9299648	29.042048	6.7422714	6.645161	11775	11.655665	36.555492	1024.4702	5.143638	4.9986715	11640	9.634333	25.642525	713.4797	7.6519213	7.4972486	11809	15.74509	37.15827	1027.4862
M3_S27_subsampled_depth_6G_contig_1375|provirus_1_10963	0	0	0	0	0	0	0	0	0	0	0	0	0	0	0	0	0	0	0	0	0	0	0	0	0	0	0	0	0	0	0	0	0	0	0	0	0	0	0	0	0	0	0	0	0	0	0	0	0	0	0	0	0	0	179.97226	86.47211	10963	345612.2	1111.7787	31157.666	179.5756	89.088356	10963	317921.38	1049.5767	29203.496	173.91908	82.614815	10963	322864.34	994.9981	27513.313
M3_S27_subsampled_depth_6G_contig_3664|provirus_3_17025	0	0	0	0	0	0	0	0	0	0	0	0	0	0	0	0	0	0	0	0	0	0	0	0	0	0	0	0	0	0	0	0	0	0	0	0	0	0	0	0	0	0	0	0	0	0	0	0	0	0	0	0	0	0	22.57826	22.59518	17023	29.570591	118.56117	3322.6848	18.510519	18.348654	17002	22.213623	91.872215	2556.2585	23.11563	23.049253	17023	25.104166	113.22402	3130.8286
M3_S27_subsampled_depth_6G_contig_4640|provirus_3_45447	0	0	0	0	0	0	0	0	0	0	0	0	0	0	0	0	0	0	0	0	0	0	0	0	0	0	0	0	0	0	0	0	0	0	0	0	0	0	0	0	0	0	0	0	0	0	0	0	0	0	0	0	0	0	35.715332	20.041111	45445	20196.29	229.63242	6435.4644	39.991104	22.056221	45445	28088.316	250.51625	6970.3843	36.59046	19.42743	45445	25813.355	226.35753	6259.153
M3_S27_subsampled_depth_6G_contig_12656|provirus_342_25683	3.1948237	2.9754343	19628	8.580993	0.72511125	27.636343	3.260281	3.0980418	20868	7.168526	0.74856174	28.767576	3.0447364	2.8309517	20908	7.2396727	0.69490415	26.658487	3.307042	3.071183	21133	8.441747	0.75869924	30.263762	3.342569	3.1492016	21422	7.795468	0.76029223	30.228138	3.500119	3.3325837	21386	8.122743	0.8015882	31.756887	0	0	0	0	0	0	0	0	0	0	0	0	0	0	0	0	0	0	7.6157513	7.466129	25324	10.642471	41.317173	1157.9163	6.133614	6.0700803	25294	6.8372955	30.547096	849.94476	9.867101	9.653568	25342	14.576362	48.576996	1343.2327
M3_S27_subsampled_depth_6G_contig_17232|provirus_2_55678	3.5359015	3.4043822	52981	5.219468	0.81334025	30.999031	3.8159635	3.6906652	53678	5.1442623	0.86596173	33.279312	3.480613	3.3533566	52828	5.2384267	0.79742396	30.591429	3.5401697	3.4408805	53671	4.309732	0.81939685	32.68494	3.2204692	3.1206002	52760	4.0065737	0.7380902	29.345404	3.2287536	3.0794396	51222	4.930958	0.7467582	29.584673	0	0	0	0	0	0	0	0	0	0	0	0	0	0	0	0	0	0	16.757847	16.145533	55677	49.700356	91.55887	2565.9426	21.029913	20.45981	55677	63.386703	109.27136	3040.375	18.336882	17.705793	55677	57.208084	93.33448	2580.8494
M3_S27_subsampled_depth_6G_contig_17461|provirus_8603_21654	0	0	0	0	0	0	0	0	0	0	0	0	0	0	0	0	0	0	0	0	0	0	0	0	0	0	0	0	0	0	0	0	0	0	0	0	0	0	0	0	0	0	0	0	0	0	0	0	0	0	0	0	0	0	4.6061077	4.5246296	12528	6.4362645	23.929907	670.6371	5.2990236	5.2656736	12844	5.6026955	26.621159	740.70886	4.8807163	4.8410263	12837	4.8476424	23.719017	655.86945
