Contig	F3_S19_subsampled_depth_14G_combined_mapped Mean	F3_S19_subsampled_depth_14G_combined_mapped Trimmed Mean	F3_S19_subsampled_depth_14G_combined_mapped Covered Bases	F3_S19_subsampled_depth_14G_combined_mapped Variance	F3_S19_subsampled_depth_14G_combined_mapped RPKM	F3_S19_subsampled_depth_14G_combined_mapped TPM	F4_S20_subsampled_depth_14G_combined_mapped Mean	F4_S20_subsampled_depth_14G_combined_mapped Trimmed Mean	F4_S20_subsampled_depth_14G_combined_mapped Covered Bases	F4_S20_subsampled_depth_14G_combined_mapped Variance	F4_S20_subsampled_depth_14G_combined_mapped RPKM	F4_S20_subsampled_depth_14G_combined_mapped TPM	F5_S21_subsampled_depth_14G_combined_mapped Mean	F5_S21_subsampled_depth_14G_combined_mapped Trimmed Mean	F5_S21_subsampled_depth_14G_combined_mapped Covered Bases	F5_S21_subsampled_depth_14G_combined_mapped Variance	F5_S21_subsampled_depth_14G_combined_mapped RPKM	F5_S21_subsampled_depth_14G_combined_mapped TPM	F6_S22_subsampled_depth_14G_combined_mapped Mean	F6_S22_subsampled_depth_14G_combined_mapped Trimmed Mean	F6_S22_subsampled_depth_14G_combined_mapped Covered Bases	F6_S22_subsampled_depth_14G_combined_mapped Variance	F6_S22_subsampled_depth_14G_combined_mapped RPKM	F6_S22_subsampled_depth_14G_combined_mapped TPM	F7_S23_subsampled_depth_14G_combined_mapped Mean	F7_S23_subsampled_depth_14G_combined_mapped Trimmed Mean	F7_S23_subsampled_depth_14G_combined_mapped Covered Bases	F7_S23_subsampled_depth_14G_combined_mapped Variance	F7_S23_subsampled_depth_14G_combined_mapped RPKM	F7_S23_subsampled_depth_14G_combined_mapped TPM	F8_S24_subsampled_depth_14G_combined_mapped Mean	F8_S24_subsampled_depth_14G_combined_mapped Trimmed Mean	F8_S24_subsampled_depth_14G_combined_mapped Covered Bases	F8_S24_subsampled_depth_14G_combined_mapped Variance	F8_S24_subsampled_depth_14G_combined_mapped RPKM	F8_S24_subsampled_depth_14G_combined_mapped TPM	GP3_S28_subsampled_depth_14G_combined_mapped Mean	GP3_S28_subsampled_depth_14G_combined_mapped Trimmed Mean	GP3_S28_subsampled_depth_14G_combined_mapped Covered Bases	GP3_S28_subsampled_depth_14G_combined_mapped Variance	GP3_S28_subsampled_depth_14G_combined_mapped RPKM	GP3_S28_subsampled_depth_14G_combined_mapped TPM	GP4_S29_subsampled_depth_14G_combined_mapped Mean	GP4_S29_subsampled_depth_14G_combined_mapped Trimmed Mean	GP4_S29_subsampled_depth_14G_combined_mapped Covered Bases	GP4_S29_subsampled_depth_14G_combined_mapped Variance	GP4_S29_subsampled_depth_14G_combined_mapped RPKM	GP4_S29_subsampled_depth_14G_combined_mapped TPM	GP5_S30_subsampled_depth_14G_combined_mapped Mean	GP5_S30_subsampled_depth_14G_combined_mapped Trimmed Mean	GP5_S30_subsampled_depth_14G_combined_mapped Covered Bases	GP5_S30_subsampled_depth_14G_combined_mapped Variance	GP5_S30_subsampled_depth_14G_combined_mapped RPKM	GP5_S30_subsampled_depth_14G_combined_mapped TPM	M1_S25_subsampled_depth_14G_combined_mapped Mean	M1_S25_subsampled_depth_14G_combined_mapped Trimmed Mean	M1_S25_subsampled_depth_14G_combined_mapped Covered Bases	M1_S25_subsampled_depth_14G_combined_mapped Variance	M1_S25_subsampled_depth_14G_combined_mapped RPKM	M1_S25_subsampled_depth_14G_combined_mapped TPM	M2_S26_subsampled_depth_14G_combined_mapped Mean	M2_S26_subsampled_depth_14G_combined_mapped Trimmed Mean	M2_S26_subsampled_depth_14G_combined_mapped Covered Bases	M2_S26_subsampled_depth_14G_combined_mapped Variance	M2_S26_subsampled_depth_14G_combined_mapped RPKM	M2_S26_subsampled_depth_14G_combined_mapped TPM	M3_S27_subsampled_depth_14G_combined_mapped Mean	M3_S27_subsampled_depth_14G_combined_mapped Trimmed Mean	M3_S27_subsampled_depth_14G_combined_mapped Covered Bases	M3_S27_subsampled_depth_14G_combined_mapped Variance	M3_S27_subsampled_depth_14G_combined_mapped RPKM	M3_S27_subsampled_depth_14G_combined_mapped TPM
F3_S19_subsampled_depth_14G_contig_524	161.23906	155.41832	83593	7630.9136	15.170462	534.7547	170.49588	164.04666	83593	8861.078	16.040886	569.39246	175.03693	168.6695	83593	9181.225	16.617828	588.403	173.39258	167.0285	83593	8862.504	16.550545	616.72076	179.41884	173.0086	83593	9482.213	16.987104	627.9741	174.20119	167.67738	83593	9221.45	16.59284	612.5058	105.87657	103.74483	83593	3188.7627	8.544205	70.04973	91.51366	89.171776	83593	2576.8242	7.189899	50.381454	101.90029	99.5863	83593	2799.5962	7.994815	58.807762	0	0	0	0	0	0	0	0	0	0	0	0	0	0	0	0	0	0
F3_S19_subsampled_depth_14G_contig_1090	23.655369	23.50536	34877	38.35305	2.2473547	79.21861	23.2124	23.126732	34877	35.02733	2.2107148	78.47225	21.69597	21.46287	34877	36.196625	2.0830212	73.75548	20.267717	20.09429	34877	27.484594	1.9595284	73.017685	20.801163	20.620348	34877	28.449173	1.9974041	73.83945	20.723587	20.564005	34877	33.483673	1.9969126	73.71378	0	0	0	0	0	0	0	0	0	0	0	0	2.5234544	2.2972643	27918	5.5362167	0.20162329	1.483087	33.344086	15.76503	33938	8116.7354	73.0585	1938.1816	34.708755	15.878612	34312	9366.892	76.545746	1990.5114	35.999424	16.881716	34760	9288.964	73.89931	1935.1877
F3_S19_subsampled_depth_14G_contig_1430	69.297035	63.670025	35331	1546.9279	6.8809905	242.55301	69.745285	63.594574	35331	1713.0466	6.9333267	246.10754	75.61201	68.9933	35331	2015.966	7.577455	268.302	87.08584	79.89066	35331	2412.9495	8.773986	326.94403	82.31625	75.3	35331	2289.083	8.251834	305.05154	83.37205	76.222534	35331	2331.9414	8.405802	310.29068	0	0	0	0	0	0	0	0	0	0	0	0	0	0	0	0	0	0	4.5969415	4.1575656	33799	21.254765	10.871662	288.41623	3.5909724	3.2103403	32503	18.296366	7.575515	196.99515	4.829624	4.307141	34465	34.115654	9.672342	253.28787
F3_S19_subsampled_depth_14G_contig_1431	10379.9375	10359.075	43261	985928.4	970.87616	34223.113	10044.819	10022.675	43261	957115.94	939.54584	33350.42	10229.845	10207.179	43261	886429.5	965.3856	34182.32	9446.047	9427.652	43261	719731.5	896.20386	33395.137	8878.612	8865.857	43261	639490.56	835.7979	30897.533	9215.024	9200.455	43261	708933.5	872.6402	32212.521	5042.4966	4804.865	43261	5412741	405.30276	3322.8765	4284.9272	4078.2834	43261	4045585	335.59143	2351.574	4929.997	4699.6997	43261	4732270	385.28754	2834.0735	18.60103	18.49027	43261	30.009	35.609276	944.6844	21.159681	21.008556	43261	29.304825	39.95856	1039.0905	22.35564	22.225794	43261	27.851427	40.01257	1047.802
F3_S19_subsampled_depth_14G_contig_1631	4.047777	3.9507031	22967	4.886685	0.3805035	13.412645	4.0586457	3.9776957	22550	5.1816263	0.3846427	13.653401	4.249073	4.113889	22873	6.2481647	0.40733102	14.42275	3.7186208	3.6104088	22798	4.7661047	0.35731772	13.314691	3.9009504	3.8176825	22303	5.6844177	0.3705789	13.699456	3.982696	3.8029077	22567	6.8322806	0.38327053	14.147998	0	0	0	0	0	0	0	0	0	0	0	0	0	0	0	0	0	0	0	0	0	0	0	0	0	0	0	0	0	0	0	0	0	0	0	0
F3_S19_subsampled_depth_14G_contig_1662	466.45917	463.63617	37683	3886.791	43.62068	1537.6171	445.42905	443.528	37683	3065.776	41.657387	1478.6837	453.95944	451.10883	37683	3867.314	42.806377	1515.686	401.7823	399.659	37683	3603.6714	38.094276	1419.5024	379.94077	377.93942	37683	2575.0435	35.75891	1321.9248	393.91577	392.0516	37683	3211.933	37.287064	1376.4097	191.06403	184.79805	37683	5856.428	15.315332	125.56284	150.91537	146.90178	37683	3426.9832	11.8022175	82.70115	180.6214	174.26953	37683	5404.1694	14.093538	103.668365	2.5849786	2.4435039	31648	4.2807264	5.078568	134.73021	2.0631976	1.9622865	31402	2.5149765	3.9208033	101.95733	2.7490742	2.6334627	34042	3.738857	4.9303145	129.10931
F3_S19_subsampled_depth_14G_contig_2252	29.05939	27.387077	38870	167.30359	2.7667077	97.52571	30.801823	28.714684	38878	245.55148	2.933274	104.120476	34.02239	31.682522	38874	297.4387	3.2853322	116.32683	35.93046	33.60793	38878	299.59445	3.4796927	129.66335	36.495068	34.317135	38876	278.15765	3.509279	129.73001	36.644157	34.22811	38877	293.66412	3.540957	130.71046	0	0	0	0	0	0	0	0	0	0	0	0	0	0	0	0	0	0	2.4553812	2.1391726	31642	6.625014	5.8079534	154.0801	0	0	0	0	0	0	2.7434156	2.3657906	32773	8.502371	5.0139055	131.29816
F3_S19_subsampled_depth_14G_contig_2430	219.82199	217.18555	11065	1306.8378	21.104467	743.92676	227.9925	225.96448	11065	1095.6793	21.888578	776.96387	215.17114	211.8628	11065	1251.3224	20.87884	739.277	207.13934	205.42839	11065	1079.558	20.183657	752.1011	217.5672	215.36072	11065	1073.5514	20.989552	775.93536	206.03784	204.28326	11065	1041.9222	20.007818	738.5659	144.95401	144.22351	11065	557.4887	11.923959	97.758606	124.709114	124.20539	11065	441.8076	9.961049	69.79959	165.39249	164.30055	11065	849.11194	13.222177	97.258865	0	0	0	0	0	0	0	0	0	0	0	0	0	0	0	0	0	0
F3_S19_subsampled_depth_14G_contig_3487	116.94207	114.82834	43134	1019.55133	10.93855	385.5808	111.59799	109.53022	43134	851.3792	10.443959	370.7221	114.87598	112.641525	43134	1081.178	10.841574	383.87784	106.08757	104.515045	43134	785.3464	10.064513	375.03268	102.89398	101.08698	43134	719.71	9.684039	357.9966	106.963264	105.15923	43134	844.68445	10.129374	373.91434	50.3301	48.075634	43134	618.8113	4.037347	33.100193	40.41974	38.817684	43134	404.9227	3.1597216	22.140978	46.389656	44.660835	43134	428.9547	3.6175225	26.60954	127.290344	126.837074	43134	304.7817	243.78989	6467.5405	135.16779	135.05125	43134	218.00731	255.77895	6651.3296	119.7771	119.4627	43134	215.823	214.571	5618.933
F3_S19_subsampled_depth_14G_contig_3829	36.276688	34.197773	23205	647.7945	3.4349	121.07929	34.367123	32.33449	23205	574.98456	3.257054	115.61347	35.224983	33.582912	23205	585.2073	3.3692877	119.2996	48.28059	46.532455	23205	1279.9181	4.633129	172.64381	48.54266	46.522144	23205	1382.1947	4.621701	170.85359	47.985252	46.058887	23205	1180.0977	4.5964513	169.6728	28.169811	27.93075	22933	184.59583	2.2530725	18.471836	23.788982	23.753939	23118	113.7754	1.8557833	13.003949	26.402082	26.381186	23021	163.74564	2.0511844	15.087967	0	0	0	0	0	0	0	0	0	0	0	0	0	0	0	0	0	0
F3_S19_subsampled_depth_14G_contig_4258	73.226234	70.127266	10617	1734.2294	8.056153	283.97726	73.310974	70.1019	10617	2078.6162	8.111063	287.91275	78.23531	74.94279	10617	2179.58	8.684107	307.4863	82.86587	79.42873	10617	2531.8333	9.384209	349.68262	86.141014	82.09723	10617	2964.1975	9.6004715	354.9074	84.454094	80.64791	10617	2649.1199	9.490929	350.34686	3.5819242	3.3273537	9879	10.5194435	0.3340316	2.7385588	3.8639534	3.660227	10135	7.4066753	0.34104225	2.389771	4.4471197	4.1866045	10002	13.5076885	0.39563802	2.9102085	7.648992	7.3300076	10472	27.19954	18.663694	495.13242	6.50129	6.2484875	10617	18.50915	14.183756	368.83722	7.6109676	7.245409	10605	30.01241	16.258305	425.75327
F3_S19_subsampled_depth_14G_contig_4429	2.939305	2.790795	2090	5.0051084	0.2610992	9.20368	2.8346589	2.795909	2152	3.0936723	0.27218	9.661392	3.7580578	3.5695026	2017	10.646633	0.3586487	12.699006	3.2369192	3.2133892	2436	2.260429	0.30414784	11.333423	0	0	0	0	0	0	2.5470908	2.4016736	2165	5.6725097	0.26424238	9.754212	0	0	0	0	0	0	0	0	0	0	0	0	0	0	0	0	0	0	28.941816	28.8596	2528	91.434204	57.651833	1529.455	29.537045	29.620176	2514	169.7387	56.512672	1469.5669	32.760986	33.181313	2515	72.085686	58.136875	1522.4196
F3_S19_subsampled_depth_14G_contig_4563	52.83858	51.56468	17973	228.63248	4.9794507	175.5242	50.388264	49.31195	17967	191.51381	4.7591896	168.93364	48.255512	47.073498	17967	238.4173	4.5963006	162.7455	49.731358	48.32579	17973	263.7383	4.7644734	177.53801	50.558605	49.164017	17967	263.148	4.7755685	176.54187	49.163383	48.286514	17967	196.76675	4.695493	173.32878	5.423049	4.9343557	16769	21.9099	0.43811497	3.5918872	4.563766	4.1429462	16949	16.492834	0.36836588	2.5812345	6.136621	5.3247304	17402	38.394363	0.48499927	3.5675259	0	0	0	0	0	0	0	0	0	0	0	0	0	0	0	0	0	0
F3_S19_subsampled_depth_14G_contig_4599	110.84385	109.25327	35610	1828.1183	10.430347	367.66687	109.200195	106.568054	35610	1989.5303	10.274743	364.71555	108.972	107.03237	35610	2095.7036	10.343761	366.25146	98.25635	96.53193	35610	1609.2762	9.386337	349.76196	99.65564	97.65084	35610	1405.8937	9.429776	348.59717	100.55446	98.81588	35610	1628.9308	9.574199	353.42062	6.9153132	6.742934	35177	12.868739	0.5566934	4.5640535	5.621461	5.4487057	35042	10.23909	0.44193208	3.096731	8.318979	8.120072	35527	15.179193	0.6532054	4.8048077	0	0	0	0	0	0	0	0	0	0	0	0	2.0025098	1.9007646	28869	2.6597135	3.6468444	95.499306
F3_S19_subsampled_depth_14G_contig_4653	174.16919	173.47658	45076	502.50827	16.305323	574.7582	179.77724	178.81396	45076	566.1008	16.825733	597.25165	179.77643	178.66211	45076	672.62756	16.974112	601.0185	172.8593	171.73222	45076	657.2843	16.41318	611.6023	182.59229	181.6313	45076	674.75446	17.190802	635.5044	174.8845	173.48933	45076	685.5116	16.569382	611.6399	105.87782	101.05585	45076	2226.4094	8.499708	69.68492	92.54619	89.66266	45076	1326.7681	7.245079	50.768127	104.68199	100.85886	45076	1728.24	8.178635	60.159878	118.96158	118.13768	45076	394.47238	229.75673	6095.253	127.0329	126.4904	45076	236.92198	241.78412	6287.403	116.179405	115.657074	45076	237.50536	209.37083	5482.757
F3_S19_subsampled_depth_14G_contig_4660	5.9107294	5.604658	15354	17.422083	0.58287776	20.546284	4.4688826	4.1646233	14957	16.333035	0.4460031	15.831472	4.028603	3.7240078	14875	19.908533	0.42050815	14.889321	4.7187357	4.405064	15037	17.346237	0.47998455	17.8856	5.0409455	4.6595807	14889	20.123129	0.5053643	18.682163	4.6355386	4.415004	14990	9.685275	0.45419118	16.765951	0	0	0	0	0	0	0	0	0	0	0	0	0	0	0	0	0	0	29.542871	29.40354	15186	219.11292	56.692852	1504.0143	31.201984	31.066023	14654	284.5111	59.11184	1537.1559	32.942337	32.67097	15306	306.61115	59.032078	1545.8627
F3_S19_subsampled_depth_14G_contig_4737	8.380604	8.113606	16277	17.497818	0.79896355	28.16323	7.293049	7.0675163	16218	13.402641	0.69403434	24.635656	8.140696	8.0370655	16194	12.021069	0.7762303	27.48471	8.708874	8.548742	16277	16.492132	0.8381614	31.2323	8.644199	8.557905	16274	10.073445	0.8199021	30.309889	9.1821785	9.01247	16234	14.921912	0.8866336	32.729076	0	0	0	0	0	0	0	0	0	0	0	0	0	0	0	0	0	0	1.9314814	1.8154323	13732	2.395838	3.747056	99.40628	2.8235257	2.7637615	15219	3.0833282	5.4462476	141.6253	2.8754263	2.751774	14646	4.3862543	5.2528477	137.55534
F3_S19_subsampled_depth_14G_contig_5461	205.37971	203.50674	10700	1121.3896	19.936699	702.7633	210.71744	207.69261	10700	1289.4731	20.535557	728.9367	195.18748	192.08751	10700	979.97974	19.260021	681.9576	187.09924	184.80382	10700	925.54443	18.406317	685.87225	204.22351	201.92355	10700	967.65076	19.910892	736.05994	184.78796	182.99695	10700	738.4734	18.228941	672.9008	145.9564	144.5497	10700	5370.9053	12.138587	99.51831	110.79166	109.48263	10700	3080.6628	8.904545	62.3964	150.47829	149.63121	10700	5277.129	12.118245	89.13858	0	0	0	0	0	0	0	0	0	0	0	0	0	0	0	0	0	0
F3_S19_subsampled_depth_14G_contig_5595	4.0935545	3.9859495	14246	5.777743	0.383523	13.519078	3.5871634	3.5020397	13960	5.012393	0.33507124	11.893795	3.1952	3.116105	14159	3.7640984	0.3006916	10.646867	3.965189	3.866143	14185	5.7946672	0.37729356	14.059039	3.6285696	3.4823236	13938	5.8055263	0.33981016	12.562003	4.2097497	4.0672307	14210	7.7097926	0.39774737	14.682395	0	0	0	0	0	0	0	0	0	0	0	0	0	0	0	0	0	0	17.598858	17.026892	14830	62.306606	33.71504	894.43176	21.062618	20.445837	14855	76.323074	39.928898	1038.3192	19.871906	19.261444	14848	88.12203	35.79381	937.32605
F3_S19_subsampled_depth_14G_contig_5616	2.739284	2.5285883	15883	4.5282664	0.2568421	9.053614	2.5293217	2.4264033	14613	3.5119467	0.23705903	8.4147215	3.4107983	3.2726023	15786	5.554193	0.32136914	11.379018	2.6175225	2.4445899	14612	4.250923	0.24872024	9.26803	2.3223033	2.170221	15088	3.3042283	0.22017582	8.139394	2.4398847	2.3500588	14912	2.9374444	0.23327416	8.611052	0	0	0	0	0	0	0	0	0	0	0	0	0	0	0	0	0	0	0	0	0	0	0	0	0	0	0	0	0	0	0	0	0	0	0	0
F3_S19_subsampled_depth_14G_contig_6135	12.980473	12.832013	20634	17.823866	1.2188164	42.96293	12.788958	12.679051	20634	17.841856	1.1988614	42.555153	13.632982	13.596822	20634	14.742603	1.2873981	45.58414	12.149727	12.022836	20634	13.963177	1.1574087	43.128365	12.516305	12.386744	20634	17.046013	1.186326	43.855736	12.509911	12.432469	20634	13.696284	1.1892135	43.89846	6.821324	6.7908983	20556	8.02207	0.54533046	4.4708924	5.6379128	5.49143	19906	11.694939	0.43841496	3.072087	6.349639	6.256292	20303	10.866761	0.49503532	3.6413496	0	0	0	0	0	0	0	0	0	0	0	0	0	0	0	0	0	0
F3_S19_subsampled_depth_14G_contig_6451	12.700066	12.480297	10748	25.338717	1.2130302	42.759003	12.575972	12.3852825	10606	23.649029	1.1919628	42.310287	13.113275	12.850528	10721	36.56657	1.2658788	44.822163	10.822937	10.500679	10528	26.83673	1.0427921	38.857437	11.65152	11.461482	10743	28.37741	1.1183743	41.34373	11.175839	10.853141	10583	28.875647	1.0726892	39.597088	0	0	0	0	0	0	0	0	0	0	0	0	0	0	0	0	0	0	3.2042525	3.066374	9618	5.646741	6.6139255	175.46193	2.5180168	2.3887322	8733	4.287712	4.876525	126.810165	3.1987016	3.018083	10040	5.302817	6.111244	160.03407
F3_S19_subsampled_depth_14G_contig_6594	4.0397515	3.7831795	9966	9.082037	0.43134287	15.204722	3.866026	3.5927243	9480	13.901336	0.42990434	15.260026	4.305998	4.070308	9944	10.814628	0.4645907	16.4502	4.6834884	4.4080544	9917	13.693222	0.5219705	19.450123	4.420847	4.1433973	9304	17.792727	0.5078599	18.774414	4.8939624	4.6210923	9942	14.237802	0.5463735	20.168762	0	0	0	0	0	0	0	0	0	0	0	0	0	0	0	0	0	0	0	0	0	0	0	0	0	0	0	0	0	0	0	0	0	0	0	0
F3_S19_subsampled_depth_14G_contig_6648	11.31913	11.118944	12189	28.309675	1.090067	38.424553	11.035219	10.800129	12189	27.165735	1.0494506	37.251625	10.809785	10.523484	12189	36.576538	1.0424023	36.909317	11.752222	11.410723	12189	39.13556	1.140386	42.494072	12.747321	12.468303	12158	39.599216	1.2240366	45.24981	11.993937	11.583649	12180	43.23647	1.1500343	42.452232	0	0	0	0	0	0	0	0	0	0	0	0	0	0	0	0	0	0	7.4791927	4.1974716	9573	310.3079	15.389342	408.26636	7.9180994	4.386177	9964	347.44055	16.363878	425.5296	8.280588	4.7254777	10379	351.837	16.323215	427.45306
F3_S19_subsampled_depth_14G_contig_7111	14.387683	14.204423	37936	21.837502	1.3466889	47.470394	15.1965275	15.068925	37936	20.44707	1.4220102	50.476105	15.763934	15.681692	37936	24.934088	1.4908626	52.78839	15.63984	15.509674	37903	21.664139	1.4886386	55.470947	15.90605	15.76976	37936	21.344568	1.5021218	55.529964	16.345816	16.071337	37913	29.187204	1.5484089	57.157764	9.397237	9.169871	37790	21.165106	0.75896424	6.222374	8.112529	7.9171667	37876	15.709448	0.6372344	4.4652634	9.010771	8.793489	37805	18.80489	0.7041412	5.179475	0	0	0	0	0	0	0	0	0	0	0	0	0	0	0	0	0	0
F3_S19_subsampled_depth_14G_contig_7328	4.4956636	4.281263	10603	10.054931	0.41975847	14.796379	4.123731	4.003485	10454	6.0975432	0.38890788	13.804795	3.2264256	3.0912259	10163	5.0639806	0.30688924	10.866314	3.341299	3.24098	9840	5.106813	0.3214637	11.978657	3.5442886	3.4002664	9995	6.726054	0.33558416	12.405781	3.9098542	3.7484624	10197	6.867485	0.37284696	13.763229	0	0	0	0	0	0	0	0	0	0	0	0	0	0	0	0	0	0	0	0	0	0	0	0	0	0	0	0	0	0	0	0	0	0	0	0
F3_S19_subsampled_depth_14G_contig_7342	6.2076464	6.0896983	25658	7.8065777	0.5833333	20.562338	5.956559	5.857118	25615	6.659465	0.5613007	19.924114	5.777821	5.7185884	25548	6.7831326	0.5457706	19.324617	5.878883	5.7907906	25581	6.4767904	0.55856854	20.813868	5.4558344	5.366845	25486	7.3426995	0.5152883	19.049019	5.6542363	5.533403	25661	6.8702183	0.5392138	19.904457	3.0751302	2.9626148	23574	4.3529415	0.24999452	2.04958	3.6415057	3.5421944	23988	5.3264284	0.2838336	1.9888946	3.396686	3.2504678	23177	5.933318	0.26655275	1.9606905	2.6893728	2.6133525	22392	3.3586931	5.235831	138.90219	2.6011987	2.4611568	22540	3.8670797	4.9901733	129.76552	3.1427004	2.9775863	23577	5.2798166	5.821552	152.44789
F3_S19_subsampled_depth_14G_contig_7500	1104.4745	1029.5927	69146	512579.1	103.50209	3648.4204	1081.3094	1013.0062	69109	459429.25	101.33684	3597.0845	1101.8228	1024.58	69105	521603.22	104.18388	3688.9368	1177.3444	1053.327	69067	862200.4	111.907814	4170.0073	1128.7731	1010.5645	69085	784753.75	106.471725	3936.016	1174.004	1054.3563	69052	828835.5	111.391914	4111.9053	8236.163	3869.9253	69103	603750600	663.417	5439.0264	8021.4624	3724.2268	69111	583053900	629.6276	4411.9604	6131.1455	2937.8435	69103	321994140	480.2077	3532.2822	24.12221	24.415686	62027	114.41947	47.515984	1260.5591	19.04151	19.234196	62657	75.88948	36.13497	939.6612	24.377886	24.820168	62252	107.83008	43.892353	1149.4012
F3_S19_subsampled_depth_14G_contig_8384	42.06588	38.136604	18532	590.8959	4.1861115	147.55928	39.459145	35.08976	18532	682.3019	3.9192927	139.12039	42.27848	38.19149	18532	607.8352	4.2541995	150.63245	36.37379	32.666283	18532	511.01312	3.6793203	137.10207	31.356054	28.342722	18532	354.62372	3.139208	116.04926	34.41323	31.102999	18532	433.82956	3.4716234	128.151	0	0	0	0	0	0	0	0	0	0	0	0	0	0	0	0	0	0	5.192634	3.5837162	17318	90.237465	12.3014345	326.34686	4.6929607	3.1136363	16829	81.922585	10.854959	282.27457	6.420629	4.6772847	18176	101.342026	13.986106	366.25162
F3_S19_subsampled_depth_14G_contig_8634	9.159883	8.981606	30708	22.893486	0.85585505	30.168667	9.083527	8.911178	30385	26.305338	0.85255957	30.262724	9.579371	9.460441	30544	22.768797	0.9025617	31.95786	8.608506	8.420719	30554	22.096989	0.8176398	30.467604	9.190386	9.056125	30741	21.928692	0.86745	32.067616	8.763859	8.681645	30337	19.499186	0.8314378	30.691576	0	0	0	0	0	0	0	0	0	0	0	0	2.039433	1.9132056	25301	2.871799	0.15823314	1.1639218	3.965488	3.802875	28380	8.099415	7.67454	203.5992	4.3419914	4.114929	28919	9.755025	8.523441	221.64523	4.475118	4.206974	28870	11.326889	8.283649	216.92252
F3_S19_subsampled_depth_14G_contig_8696	212.42073	207.8521	32249	2369.2004	19.869518	700.3951	207.0095	202.17299	32249	2204.094	19.368786	687.5206	206.12741	200.83282	32249	2600.7952	19.455166	688.8674	182.97539	178.2795	32238	2226.5212	17.360334	646.8959	180.09702	175.27628	32240	2115.8223	16.950245	626.61163	185.26184	180.27202	32249	2149.497	17.548038	647.76575	8.804199	8.335883	31303	41.727352	0.7034334	5.7671003	8.551419	8.092555	30681	41.377533	0.666036	4.667085	12.488583	11.971514	31864	76.541985	0.9709016	7.1416993	0	0	0	0	0	0	0	0	0	0	0	0	0	0	0	0	0	0
F3_S19_subsampled_depth_14G_contig_9755	39.44808	39.170425	40779	66.394455	3.7155144	130.97087	39.02114	38.712444	40779	61.101654	3.679139	130.59583	38.743237	38.400417	40779	72.59885	3.686251	130.52261	39.77484	39.16786	40779	109.691345	3.8094902	141.95253	41.017723	40.647823	40779	89.670525	3.8969247	144.06041	40.944866	40.486286	40779	88.70577	3.9023638	144.05135	19.288883	19.04154	40547	97.49641	1.551839	12.722766	16.592213	16.425465	40098	79.293884	1.299408	9.10528	18.991138	18.818579	40303	104.32825	1.4862729	10.932632	0	0	0	0	0	0	0	0	0	0	0	0	0	0	0	0	0	0
F3_S19_subsampled_depth_14G_contig_9797	49.02312	43.958405	18446	7377.685	6.0928082	214.76979	49.68977	44.595337	18446	7738.417	6.2603474	222.21922	53.712177	48.28182	18446	8801.455	6.7731977	239.82506	61.830456	55.903996	18446	11117.791	7.8255486	291.60233	60.031208	53.960835	18446	11849.44	7.6009016	280.9878	60.8134	54.428467	18446	12084.096	7.7525783	286.17776	0	0	0	0	0	0	0	0	0	0	0	0	1.8835812	1.5397134	13875	16.888113	0.19853975	1.4604058	4.2223983	3.6309812	16903	76.47893	13.10825	347.75095	2.8320944	2.4346004	16808	30.161474	7.2857804	189.46103	4.622923	4.128431	17592	60.831566	10.830006	283.6032
F3_S19_subsampled_depth_14G_contig_10205	137.4996	115.818	54966	17367.828	12.878052	453.94778	138.05914	116.4503	54966	16680.475	12.926675	458.8494	134.84222	112.68649	54966	17607.365	12.739586	451.08252	120.74659	102.82609	54966	11709.098	11.473039	427.51846	122.73252	105.18437	54966	12008.479	11.571403	427.76807	120.87575	102.589386	54966	11923.969	11.459297	423.00687	97.43898	94.819466	54966	1510.2695	7.8325253	64.21501	74.66619	72.92729	54966	772.9566	5.8385077	40.911896	91.65246	89.72582	54966	1102.4556	7.1606803	52.672073	0	0	0	0	0	0	0	0	0	0	0	0	0	0	0	0	0	0
F3_S19_subsampled_depth_14G_contig_10455	6566.0273	6586.866	12246	1414065.9	615.4734	21695.27	6208.356	6231.805	12246	1398252.1	581.8485	20653.482	6708.9946	6732.914	12246	1167604.1	634.7856	22476.457	6084.537	6103.78	12246	969162.7	578.8699	21570.357	6078.168	6099.6187	12246	993881.25	573.7926	21211.797	6105.077	6127.291	12246	890108.4	579.85333	21404.627	2116.2173	2136.911	12246	741348.94	169.75726	1391.7554	1721.3684	1739.376	12246	466343.4	134.5698	942.9647	2523.241	2540.8955	12246	958857.2	196.94641	1448.6859	18.627563	18.52039	12246	23.652842	36.324226	963.65106	18.101934	17.930473	12246	18.779114	34.733196	903.20886	17.061342	16.979794	12246	19.43733	30.67215	803.20605
F3_S19_subsampled_depth_14G_contig_10619	317.52444	312.85785	40697	16301.44	29.692507	1046.6531	316.34485	311.56595	40697	16544.375	29.584599	1050.1444	318.72406	313.66626	40697	16542.246	30.070004	1064.7172	458.04355	455.19922	40697	29840.238	43.458344	1619.3828	472.6742	470.06995	40697	30722.992	44.50016	1645.0686	472.00897	468.5607	40697	32181.018	44.71015	1650.4241	185.11676	174.11356	40697	10561.623	14.848092	121.732185	156.8684	147.21362	40697	7744.434	12.261561	85.91983	178.67946	168.10062	40697	9464.957	13.949953	102.61216	15.361062	15.0351305	40612	48.9707	30.51265	809.4752	12.473549	12.255281	40370	36.585865	23.849136	620.1779	18.340174	18.176746	40545	65.64756	33.138832	867.80054
F3_S19_subsampled_depth_14G_contig_10899	7.590962	7.495486	11293	10.781404	0.7072966	24.93202	8.539966	8.412938	11180	20.449741	0.8029237	28.500835	7.6156116	7.570791	11243	8.803465	0.7147362	25.307356	8.439136	8.343586	11322	11.755247	0.79524684	29.633186	7.7376084	7.6147437	11254	14.144432	0.7274257	26.891258	8.720639	8.677547	11215	11.797444	0.82274276	30.370625	0	0	0	0	0	0	0	0	0	0	0	0	0	0	0	0	0	0	2.7625256	2.6295269	9883	4.491743	5.613954	148.93349	2.7261767	2.6394484	10152	3.4998624	5.258422	136.74115	3.1881754	3.094553	10549	3.9593165	5.7816367	151.40268
F3_S19_subsampled_depth_14G_contig_10974	3.8650353	3.7227838	27566	5.8848104	0.3604605	12.706129	4.0310225	3.8923357	27415	6.8221	0.37607023	13.349108	3.9257207	3.8226638	27901	4.7391496	0.36854655	13.04948	3.4807417	3.35475	27878	4.367039	0.32926193	12.26925	3.703754	3.60505	27541	5.0020633	0.34817678	12.871289	3.2936318	3.1999536	27090	4.3430867	0.31183705	11.511107	4.3206806	4.045312	26523	11.8289795	0.3464082	2.8400295	2.8990204	2.729445	26085	4.8115745	0.22672819	1.5887426	3.3840845	3.1922078	25077	6.982109	0.26452866	1.9458034	0	0	0	0	0	0	0	0	0	0	0	0	0	0	0	0	0	0
F3_S19_subsampled_depth_14G_contig_11418	14.183109	13.397636	67035	91.37001	1.3325773	46.973	14.249885	13.477482	67001	90.892746	1.3410385	47.601955	13.576898	12.810439	67065	86.99269	1.2887423	45.631725	15.885038	14.983557	67158	86.154785	1.5151833	56.460083	16.431353	15.648378	67066	83.2882	1.5541613	57.453754	17.273754	16.225927	67002	112.934654	1.644181	60.6931	0	0	0	0	0	0	0	0	0	0	0	0	0	0	0	0	0	0	0	0	0	0	0	0	0	0	0	0	0	0	0	0	0	0	0	0
F3_S19_subsampled_depth_14G_contig_11747	47.55477	47.22687	38883	118.54518	4.4546027	157.02347	44.81517	44.637074	38883	112.43902	4.2016664	149.1437	44.48016	43.930782	38883	130.8975	4.1986246	148.6647	45.24101	44.968735	38883	112.64272	4.2957277	160.07117	44.772263	44.439632	38883	107.73211	4.2215357	156.06041	46.713295	46.14251	38883	134.35133	4.425627	163.36705	23.52454	20.952297	38883	421.92764	1.8992761	15.571232	18.40787	16.554487	38864	227.8296	1.4435347	10.115217	21.701754	19.707209	38866	279.44702	1.6974684	12.486136	6.303359	6.0290294	38471	13.125571	12.6671	336.04764	5.430434	5.3012824	38378	7.7934976	10.44945	271.72964	6.6968474	6.5539713	38737	10.427667	12.356824	323.58588
F3_S19_subsampled_depth_14G_contig_12045	8.283111	7.3160853	11015	47.012993	0.8745942	30.829214	8.380119	7.575928	10982	47.369858	0.8924236	31.67776	7.8984814	7.1683197	10963	41.51593	0.84736663	30.003515	8.150851	7.555885	11015	35.158665	0.8763406	32.65497	9.50566	8.704776	10997	59.630512	1.0223104	37.792454	8.889002	7.88823	11015	54.586903	0.9576952	35.35224	0	0	0	0	0	0	0	0	0	0	0	0	0	0	0	0	0	0	0	0	0	0	0	0	0	0	0	0	0	0	0	0	0	0	0	0
F3_S19_subsampled_depth_14G_contig_12154	74.03835	72.31298	23462	557.23615	7.216578	254.3823	79.52406	78.114334	23462	468.81284	7.739359	274.71884	82.2805	80.96201	23462	491.95435	8.0777645	286.01706	91.89216	90.73134	23462	696.952	9.070281	337.98474	95.13959	93.36422	23462	715.5413	9.328935	344.86935	93.333176	91.93042	23462	696.97034	9.215105	340.1652	5.728466	5.441998	20600	20.085848	0.47601217	3.9025877	5.7494426	5.514012	20584	19.400518	0.45699093	3.2022524	7.1211824	6.9092555	20879	22.443594	0.56652445	4.1672025	12.702771	12.37718	23462	34.24167	28.17921	747.5709	10.319492	10.140787	23462	20.029615	20.187742	524.9663	12.315117	12.020875	23462	28.64275	22.953978	601.09155
F3_S19_subsampled_depth_14G_contig_12505	7.186188	7.0525208	10150	8.973326	0.66524744	23.449783	6.680492	6.6117034	10011	8.812943	0.61934835	21.984583	6.4662204	6.4241614	10106	7.2237945	0.60662067	21.47918	6.6418147	6.605263	10087	6.7154703	0.629417	23.453897	6.7794323	6.7526093	10106	6.58393	0.63677925	23.54026	7.4773135	7.391628	10144	10.544359	0.7013668	25.890163	0	0	0	0	0	0	0	0	0	0	0	0	1.5428742	1.4492561	7758	1.7030592	0.11866425	0.8728627	0	0	0	0	0	0	0	0	0	0	0	0	0	0	0	0	0	0
F3_S19_subsampled_depth_14G_contig_12577	71.9148	71.76227	31030	184.7846	6.8292685	240.72995	68.03229	67.89612	31030	150.73506	6.459006	229.27104	69.42254	69.247154	31030	147.06215	6.6500983	235.46628	71.72435	71.61456	31030	178.82742	6.912485	257.57904	66.9511	66.83466	31030	132.06529	6.4023747	236.6811	71.12523	71.002594	31030	169.23204	6.8346567	252.29366	0	0	0	0	0	0	0	0	0	0	0	0	0	0	0	0	0	0	2.5545337	2.3943222	26389	4.345418	4.979378	132.09872	2.9247732	2.836248	28856	3.6637278	5.5946975	145.48567	3.0458226	2.9186096	28946	4.2447667	5.5108347	144.31123
F3_S19_subsampled_depth_14G_contig_13115	2.472243	2.4006917	15849	2.4427183	0.22974795	8.098551	2.0796103	1.9605457	13898	2.8264189	0.19264472	6.8381786	2.14625	2.0483572	15164	2.4381394	0.20248261	7.169494	2.4611747	2.380388	15240	3.094581	0.23375241	8.710288	2.4902866	2.4067764	15719	2.7973664	0.23344018	8.6297455	2.6349802	2.579453	16381	2.2165742	0.24801467	9.155181	2.2120252	1.8941908	13698	6.047975	0.17726518	1.4533089	0	0	0	0	0	0	2.396668	2.1701787	13939	5.172001	0.18857794	1.38713	0	0	0	0	0	0	0	0	0	0	0	0	0	0	0	0	0	0
F3_S19_subsampled_depth_14G_contig_13289	22.516523	22.361256	42845	31.381365	2.1075888	74.29193	22.02923	21.818045	42845	35.310745	2.0609448	73.15597	23.272398	23.112759	42845	37.498524	2.1977515	77.81785	21.420166	21.371145	42845	28.174427	2.0363598	75.88063	21.524231	21.447134	42845	29.934486	2.0287857	74.99953	21.183159	21.028234	42845	29.486298	2.009021	74.16076	8.30219	7.5699897	42503	42.11536	0.66583246	5.458827	6.8581567	6.200042	41721	33.928585	0.5368731	3.7620046	7.91198	7.429932	42554	28.499537	0.6171826	4.5398307	0	0	0	0	0	0	0	0	0	0	0	0	0	0	0	0	0	0
F3_S19_subsampled_depth_14G_contig_13408	35.91111	35.252716	65523	139.82825	3.3628945	118.5411	36.60462	35.954876	65523	150.14404	3.4294667	121.73347	35.81936	35.03515	65523	144.8332	3.3847044	119.84547	47.369923	46.52705	65523	246.58246	4.5049567	167.86757	48.965614	48.37636	65523	207.94212	4.6163964	170.65752	47.867622	46.84549	65523	263.66107	4.541251	167.63512	14.799535	13.99881	65523	76.9042	1.1889088	9.747275	12.684839	12.050462	65471	52.84914	0.992725	6.9562783	14.167974	13.340874	65424	69.69368	1.1071419	8.143843	224.34998	223.5883	65523	904.1571	430.35828	11417.047	228.68022	228.21594	65523	562.9556	433.3045	11267.737	205.96794	205.65404	65523	430.041	369.49854	9675.99
F3_S19_subsampled_depth_14G_contig_13493	6.2310295	6.024662	34607	15.33503	0.58357996	20.571028	6.0166545	5.845649	34322	14.202878	0.56236255	19.96181	6.409964	6.1801186	34484	16.480865	0.6047899	21.414364	4.88791	4.696381	33589	11.4143505	0.46298006	17.251963	5.3406754	5.193255	33726	12.35246	0.5016945	18.546501	4.934207	4.716528	33705	11.993995	0.46739417	17.253328	0	0	0	0	0	0	0	0	0	0	0	0	0	0	0	0	0	0	0	0	0	0	0	0	0	0	0	0	0	0	0	0	0	0	0	0
F3_S19_subsampled_depth_14G_contig_13664	16.011173	15.936177	43290	25.275946	1.499441	52.85488	15.768661	15.587956	43290	25.95139	1.4735396	52.305256	16.045572	15.872997	43290	27.087706	1.5151838	53.649555	14.562517	14.398109	43290	21.289331	1.3841403	51.577057	14.573713	14.507418	43290	23.901735	1.3740026	50.793747	14.718173	14.61567	43290	25.501785	1.3954858	51.512756	9.170608	8.8499975	43239	25.53889	0.7359116	6.033376	7.6819425	7.2783446	43034	24.109066	0.60010827	4.2051125	8.252318	7.9928656	42828	20.505957	0.64300185	4.7297525	3.4368105	2.853732	37971	44.009937	7.70193	204.3257	3.6284423	3.1750374	40740	20.676264	7.364147	191.49883	3.4868104	3.060784	40258	27.972078	6.7512474	176.79375
F3_S19_subsampled_depth_14G_contig_13668	25.87092	22.04427	23492	4188.607	3.5526462	125.2298	26.61837	22.806835	23492	4680.083	3.6375062	129.11806	28.599348	24.14323	23492	6059.373	4.0537114	143.53354	33.164295	28.307026	23492	7624.892	4.644706	173.07507	32.361065	27.35558	23492	7603.8086	4.519356	167.07014	32.66087	27.690832	23492	7696.25	4.6126056	170.26915	0	0	0	0	0	0	0	0	0	0	0	0	0	0	0	0	0	0	2.7319424	2.257283	19315	39.752956	8.296424	220.09726	1.6960843	1.3636234	17711	22.50392	4.970946	129.26553	2.300017	1.8045982	18736	49.70147	6.374957	166.93987
F3_S19_subsampled_depth_14G_contig_13740	30.779259	30.51748	34951	73.7977	2.8749793	101.34225	31.756674	31.458286	34951	71.38138	2.969491	105.406	29.927904	29.67983	34951	61.92299	2.8203323	99.86218	27.29324	26.97481	34951	58.135143	2.5871239	96.40366	27.710354	27.474825	34951	55.44747	2.6030576	96.22905	27.474182	27.11909	34951	64.85779	2.600006	95.97628	4.2294188	4.0638547	33137	8.050641	0.3374246	2.7663777	3.7521336	3.6398902	33236	5.6783304	0.2930241	2.0532935	5.156317	4.9671783	33781	10.490679	0.4023928	2.9598966	0	0	0	0	0	0	0	0	0	0	0	0	0	0	0	0	0	0
F3_S19_subsampled_depth_14G_contig_13892	17.126118	16.908041	40940	32.405643	1.6025726	56.490242	16.007671	15.636468	40953	32.505722	1.497017	53.13857	16.634268	16.347084	40953	37.178642	1.5700322	55.59164	15.728476	15.504208	40953	34.23554	1.4935068	55.652378	17.283018	17.14397	40953	30.802141	1.6293733	60.234222	15.85207	15.490074	40942	33.851418	1.5026563	55.46883	7.329118	6.7979198	40671	27.797148	0.58856714	4.825371	5.5103545	5.026523	39769	19.842566	0.43148643	3.023536	6.875058	6.452795	40221	22.275354	0.5379847	3.9572756	16.928364	15.829671	40914	135.81325	33.982254	901.5208	16.13205	14.971217	40953	135.44211	32.233738	838.21246	16.886822	15.6164255	40953	131.80415	32.012535	838.30634
F3_S19_subsampled_depth_14G_contig_13897	127.59369	104.99347	56826	19281.488	12.003051	423.10428	127.73544	104.85395	56826	18729.684	12.013399	426.4315	130.98709	107.38361	56826	20699.566	12.419498	439.7489	135.6546	111.95029	56826	19928.436	12.939376	482.15833	138.96881	118.22623	56826	16475.715	13.153308	486.24753	135.72856	113.79822	56826	18253.982	12.920239	476.93588	70.98246	68.7643	56826	957.69183	5.7030597	46.756546	61.551502	60.17291	56826	641.76697	4.8302045	33.84645	67.85327	65.48314	56826	904.17377	5.300713	38.990665	213.59161	200.55832	56826	6230.456	416.47983	11048.861	214.23102	200.31122	56826	5695.9775	406.78506	10578.122	282.425	261.84872	56826	11766.778	507.7895	13297.39
F3_S19_subsampled_depth_14G_contig_14030	8.604272	8.496666	39800	11.164008	0.80364615	28.328302	8.5304365	8.397848	39748	13.721328	0.7982436	28.334705	8.347539	8.260255	39711	11.342788	0.7870834	27.869013	9.307721	9.232377	39760	13.355283	0.8834127	32.91849	9.3061075	9.179928	39771	12.668541	0.87610614	32.387623	9.1526375	9.010703	39774	15.888665	0.8663947	31.981977	3.6723826	3.4162838	36250	9.123935	0.29415604	2.41164	3.1010692	2.9607196	36267	4.9839087	0.24168302	1.6935351	3.5714142	3.3916564	35911	7.12187	0.27718422	2.0388947	0	0	0	0	0	0	0	0	0	0	0	0	0	0	0	0	0	0
F3_S19_subsampled_depth_14G_contig_14048	16.165695	16.11176	12148	18.683556	1.5059328	53.083717	14.423488	14.265833	12103	18.702112	1.343233	47.67983	16.044008	15.974074	12148	19.095503	1.5085616	53.41507	17.441324	17.35389	12148	22.062037	1.6457205	61.32426	14.449325	14.055926	12148	30.84693	1.3565882	50.149967	15.52092	15.291667	12148	23.235497	1.4629581	54.003445	6.9264045	6.8264813	12127	11.376344	0.55417967	4.543447	4.8824806	4.7107406	11837	7.803141	0.38487494	2.6969163	6.368728	6.253889	12000	10.699571	0.49410355	3.634494	0	0	0	0	0	0	0	0	0	0	0	0	0	0	0	0	0	0
F3_S19_subsampled_depth_14G_contig_14453	5.340417	5.2309213	10204	6.499762	0.50281465	17.724085	5.84274	5.816844	10201	6.903204	0.5508377	19.552708	5.5240684	5.362029	9775	12.40524	0.52799934	18.69537	6.874271	6.74558	10005	15.0858135	0.65743387	24.497873	5.9535437	5.8025694	10009	12.054385	0.56911546	21.038881	6.4626865	6.3978257	10077	9.140687	0.62287635	22.99278	0	0	0	0	0	0	0	0	0	0	0	0	0	0	0	0	0	0	0	0	0	0	0	0	0	0	0	0	0	0	0	0	0	0	0	0
F3_S19_subsampled_depth_14G_contig_384|provirus_53554_82947	556.6977	557.73224	29394	11513.736	52.3495	1845.3059	524.0247	524.95056	29394	9925.601	49.254307	1748.3463	523.60223	524.35034	29394	8617.652	49.635326	1757.4847	527.72644	528.48114	29394	7642.335	50.327396	1875.3442	488.05225	489.18973	29394	7728.0825	46.140972	1705.726	516.5801	517.2217	29394	9082.861	49.154854	1814.4955	5.729175	5.0909953	28240	26.23606	0.46215442	3.7889729	5.7634387	5.1666794	28306	25.37419	0.4572527	3.2040854	7.7650456	7.081193	29277	36.33241	0.61022335	4.488643	2.9888182	2.8779256	27262	3.923378	5.7083945	151.43893	3.7257557	3.6021657	27241	6.169017	7.0853686	184.24939	3.5770414	3.4908814	27966	4.5452724	6.457852	169.11061
F3_S19_subsampled_depth_14G_contig_589|provirus_316_42912	35.251633	35.4029	42597	79.268715	3.3056164	116.522026	34.135887	34.345863	42597	65.578	3.1996372	113.57535	34.50932	34.840878	42597	66.59624	3.258703	115.38393	30.773554	30.86954	42597	62.646564	2.9308183	109.21071	31.207176	31.270922	42597	57.004948	2.9468637	108.93879	30.16788	30.222103	42597	53.267727	2.8658671	105.79019	16.651825	16.293694	42597	50.520496	1.34478	11.025188	14.841355	14.564851	42519	44.459995	1.1672007	8.178867	17.522793	17.355417	42586	52.875584	1.3739471	10.106394	0	0	0	0	0	0	0	0	0	0	0	0	0	0	0	0	0	0
F3_S19_subsampled_depth_14G_contig_772|provirus_47329_90805	37.1079	36.959045	43477	56.16318	3.477808	122.591736	35.7472	35.694805	43477	43.26566	3.3570797	119.16395	34.54901	34.462162	43477	49.999676	3.2703052	115.79477	37.01161	36.89845	43477	52.908783	3.5250669	131.35414	33.984512	33.918476	43477	44.804783	3.2075484	118.57571	36.230434	36.120373	43477	53.026543	3.442518	127.07662	0	0	0	0	0	0	0	0	0	0	0	0	0	0	0	0	0	0	2.4238236	2.3352995	38028	2.9389358	4.6012816	122.06816	3.6012878	3.476933	42183	4.5313034	6.8423343	177.92955	3.1709557	3.0747533	39919	4.151566	5.6894507	148.9886
F3_S19_subsampled_depth_14G_contig_1020|provirus_5248_27037	27.4488	27.277111	21790	44.69712	2.587303	91.20172	25.274677	25.030807	21790	36.13351	2.3818445	84.54672	26.664696	26.37405	21790	44.954433	2.5315735	89.63787	27.976988	27.85377	21790	40.26122	2.6750422	99.67978	26.194454	26.164202	21790	38.13547	2.4882488	91.98481	27.598059	27.379698	21790	45.931145	2.6308968	97.11659	0	0	0	0	0	0	0	0	0	0	0	0	0	0	0	0	0	0	2.8680222	2.6224585	18900	7.5674973	5.87174	155.77238	3.111414	2.8888888	20128	9.650741	6.311104	164.11519	2.8794363	2.6135757	19904	10.493944	5.6883426	148.95963
F3_S19_subsampled_depth_14G_contig_1165|provirus_65567_80451	19.110893	18.117697	14841	233.51996	1.8051634	63.631546	16.305939	15.371183	14753	190.29054	1.5510387	55.056175	17.12786	16.068687	14836	218.18413	1.6364657	57.94392	15.304038	14.322174	14665	193.6373	1.4574391	54.308365	16.651102	15.775164	14871	145.07338	1.5844922	58.57503	16.119375	15.267511	14685	180.33398	1.5554976	57.419415	0	0	0	0	0	0	0	0	0	0	0	0	0	0	0	0	0	0	0	0	0	0	0	0	0	0	0	0	0	0	0	0	0	0	0	0
F3_S19_subsampled_depth_14G_contig_1329|provirus_461_11719	21.396345	21.19772	11259	36.79132	2.0470226	72.15695	22.89594	22.758076	11259	38.335953	2.1745665	77.18908	22.72968	22.48915	11259	32.49399	2.1950881	77.72359	21.040148	20.874987	11259	27.613071	2.0360448	75.868904	20.549374	20.51255	11246	21.158264	1.9763772	73.062126	23.25916	23.244024	11259	30.852066	2.2402892	82.69775	4.2642	4.1330132	10938	6.7732787	0.3491526	2.862528	3.6996129	3.5777578	10798	5.2227774	0.29453585	2.063887	4.636511	4.5232525	11029	6.8615623	0.37307832	2.744266	6.6704473	6.5756574	11016	11.698283	14.228847	377.4795	4.5489244	4.327233	10836	10.166245	8.731592	227.05812	6.838959	6.8052807	11199	8.985134	12.441707	325.80887
F3_S19_subsampled_depth_14G_contig_1368|provirus_3_20591	14.089339	14.033973	20586	21.8699	1.3331467	46.993073	13.865943	13.731641	20574	21.742868	1.3124509	46.58719	14.966975	14.806055	20587	25.887794	1.4201314	50.283916	17.179901	16.872044	20585	27.280043	1.6412779	61.158737	17.179998	16.989998	20584	26.968037	1.6380355	60.5544	16.791918	16.528727	20575	30.38859	1.6078031	59.350224	0	0	0	0	0	0	0	0	0	0	0	0	0	0	0	0	0	0	0	0	0	0	0	0	0	0	0	0	0	0	0	0	0	0	0	0
F3_S19_subsampled_depth_14G_contig_1770|provirus_293_15459	51.68196	51.56292	15167	105.89365	4.9093313	173.05263	52.688354	51.907005	15167	145.34644	5.00643	177.70978	56.458748	55.97041	15167	167.21696	5.3978667	191.12737	58.198708	57.625954	15167	165.88052	5.603504	208.80264	62.056202	61.369682	15167	179.6942	5.94615	219.81552	59.54525	58.656284	15167	167.65637	5.74019	211.89267	0	0	0	0	0	0	0	0	0	0	0	0	0	0	0	0	0	0	10.946994	10.696308	15167	21.473886	23.80601	631.55365	9.281614	9.20441	15167	10.811667	17.740566	461.3293	12.033429	11.947326	15167	13.116626	21.662748	567.2786
F3_S19_subsampled_depth_14G_contig_1960|provirus_71541_86886	72.72756	72.36591	15346	141.72043	6.919183	243.89929	78.51211	78.04657	15346	168.32129	7.472597	265.24982	80.51099	80.015205	15346	156.43744	7.693611	272.41492	87.46736	86.81708	15346	203.3107	8.448394	314.81146	86.91827	86.39523	15346	217.49155	8.343401	308.4364	88.27336	87.68036	15346	227.79585	8.51962	314.4922	1.9201106	1.7425793	11524	3.343535	0.15275899	1.2523957	0	0	0	0	0	0	0	0	0	0	0	0	7.0762043	6.9504313	15074	11.893633	15.526578	411.9072	5.8387733	5.6551394	15342	9.521356	11.145986	289.84235	7.3114634	7.2022223	15345	9.8478985	13.263029	347.3166
F3_S19_subsampled_depth_14G_contig_2485|provirus_68890_79729	196.80963	194.62451	10840	1192.2598	18.993488	669.5152	185.94379	183.2248	10840	1082.669	17.915438	635.93207	183.46735	181.50977	10840	981.9979	17.787956	629.83527	167.22151	165.2223	10840	881.77924	16.383661	610.5023	152.39485	151.00249	10840	626.57294	14.782825	546.487	165.53601	163.82893	10840	777.81067	16.132795	595.52374	2.851076	2.7526503	9953	3.539612	0.23843858	1.9548392	2.6088867	2.3723757	8677	5.9032416	0.21511729	1.507382	3.65884	3.4962585	10232	6.3116083	0.30006886	2.207228	4.422825	3.9468925	10441	20.707159	10.252662	271.99463	4.13377	3.8573062	10316	12.234325	8.3089695	216.06816	5.661272	5.206506	10754	22.974691	11.161571	292.28613
F3_S19_subsampled_depth_14G_contig_2769|provirus_201_22580	16.954521	16.862555	22380	23.303478	1.6008255	56.428646	15.442105	15.32457	22380	23.124264	1.4525585	51.560482	17.43257	17.312176	22380	26.07299	1.6561499	58.640873	17.763742	17.681726	22380	22.801262	1.6971556	63.240913	20.897661	20.85096	22380	30.19749	1.9898314	73.559494	18.813135	18.69887	22380	24.489248	1.799966	66.44368	0	0	0	0	0	0	0	0	0	0	0	0	0	0	0	0	0	0	18.082996	18.017843	22380	34.071415	35.076843	930.5592	20.864328	20.871552	22380	25.153584	39.547146	1028.392	18.089834	17.987055	22380	24.317581	32.581543	853.2071
F3_S19_subsampled_depth_14G_contig_3344|provirus_105707_121283	54.10112	53.927906	15577	106.14158	5.1033754	179.89255	52.441044	52.33259	15577	88.9589	4.959764	176.05327	52.854347	52.979977	15577	83.68611	5.048445	178.75513	43.13729	43.17335	15577	88.89142	4.124832	153.70306	39.260777	39.216995	15577	63.538635	3.740187	138.26608	42.945095	42.629097	15577	83.680214	4.1210365	152.1233	0	0	0	0	0	0	0	0	0	0	0	0	0	0	0	0	0	0	3.3543787	3.1579401	14745	7.527266	7.256618	192.51198	4.1446166	3.989485	15132	7.03814	8.536488	221.98453	5.3395348	5.2233343	15126	9.783839	10.373676	271.65347
F3_S19_subsampled_depth_14G_contig_3396|provirus_201_14197	44.784863	44.6078	13997	76.4485	4.20618	148.26671	41.799522	41.62152	13997	59.249676	3.934675	139.6665	42.720806	42.67977	13997	61.869747	4.0671067	144.00795	36.254856	36.01356	13997	42.661526	3.4676125	129.21327	32.458942	32.281635	13997	46.68312	3.0599809	113.120476	36.34325	36.324642	13997	55.42637	3.46032	127.73371	0	0	0	0	0	0	0	0	0	0	0	0	0	0	0	0	0	0	3.3444788	3.2352564	12755	5.012482	6.5458155	173.65506	3.9639633	3.868972	13388	5.2183313	7.490462	194.78346	4.7491875	4.6240873	13717	7.012271	8.567261	224.34924
F3_S19_subsampled_depth_14G_contig_4765|provirus_104805_129947	44.016003	42.076374	25138	395.7841	4.130552	145.60088	42.667347	40.88504	25107	353.3983	4.017353	142.60126	41.524227	39.88553	25122	317.9784	3.9391863	139.47855	40.369465	38.017826	25118	416.98367	3.8477283	143.37744	40.14624	37.974304	25126	401.20584	3.8023663	140.56471	38.99992	37.184086	25058	319.55426	3.705078	136.7688	9.985236	9.216804	24573	54.324883	0.8051788	6.6012645	8.555635	8.028406	24964	34.33406	0.6683186	4.6830783	9.67631	9.029963	24969	47.977722	0.756674	5.5658927	0	0	0	0	0	0	0	0	0	0	0	0	0	0	0	0	0	0
F3_S19_subsampled_depth_14G_contig_5493|provirus_98_23875	63.88628	63.68273	23778	147.93109	6.025048	212.38124	65.18131	64.981285	23778	155.27625	6.129371	217.57018	71.7809	71.538086	23778	191.87659	6.8173366	241.3879	78.76359	78.535835	23778	181.67892	7.515954	280.06613	79.12968	78.99676	23778	169.42194	7.50926	277.60004	78.2671	77.85691	23778	189.01155	7.4699407	275.74435	0	0	0	0	0	0	0	0	0	0	0	0	0	0	0	0	0	0	7.306289	7.1682496	23632	11.739043	15.937269	422.80258	6.1730995	6.0472584	23760	8.243535	11.746145	305.4492	9.818859	9.724208	23775	14.659362	17.684935	463.1124
F3_S19_subsampled_depth_14G_contig_6743|provirus_2_39110	83.04233	81.954315	39109	606.5724	7.903424	278.59354	86.359535	85.07506	39109	670.7313	8.2217045	291.8402	90.34092	89.33133	39109	716.9536	8.6732435	307.1018	94.274956	92.421844	39109	803.75006	9.117356	339.73886	96.09977	94.85846	39109	668.40576	9.226529	341.08353	95.81121	94.478455	39109	648.0308	9.225693	340.556	6.9454813	5.7549124	37310	76.54182	0.5572992	4.5690227	5.3809133	4.4423213	34925	49.54082	0.42096996	2.9498422	6.042532	5.1514616	35019	50.98641	0.47210184	3.4726555	7.336944	6.999002	38685	20.370905	16.149582	428.43478	5.684258	5.3628407	38729	13.159274	11.050188	287.35156	7.996047	7.628091	39014	18.092548	14.705376	385.0869
F3_S19_subsampled_depth_14G_contig_7023|provirus_73247_93598	16.05643	15.958695	20352	23.307844	1.518468	53.525574	17.171171	17.114069	20352	20.076036	1.6270983	57.756012	18.949757	18.879387	20352	29.3135	1.8197807	64.434685	19.23676	19.223297	20352	23.15858	1.8402721	68.57382	19.255024	19.182817	20352	30.594723	1.8264452	67.5195	20.385359	20.272028	20352	28.558624	1.9498672	71.977165	0	0	0	0	0	0	0	0	0	0	0	0	0	0	0	0	0	0	2.6648846	2.5367947	17627	4.1689653	5.9935956	159.00508	2.42278	2.3496864	17520	2.9611425	4.621022	120.16603	2.643352	2.5598943	17913	3.4298975	4.7691627	124.8893
F3_S19_subsampled_depth_14G_contig_7625|provirus_1_14163	38.199673	37.98121	14163	143.40529	3.660923	129.04652	39.1059	38.907	14163	97.94683	3.7481518	133.04556	40.962677	40.473637	14163	131.69818	3.9943223	141.43068	43.04396	42.950924	14163	112.8943	4.176177	155.61633	43.037395	42.67248	14163	107.0521	4.1716776	154.21739	44.13202	43.627052	14163	148.99065	4.2976327	158.64217	10.312282	10.2497425	14019	33.783722	0.85560364	7.0146694	9.860701	9.711726	14107	30.316023	0.7884773	5.52506	10.61864	10.549433	14154	30.490437	0.8426559	6.198358	3.4363804	3.3505113	13391	4.6785994	7.636594	202.59242	2.862913	2.7148974	12801	4.3535295	5.577078	145.02756	3.4551487	3.2586222	13102	6.5353312	6.4925146	170.0183
F3_S19_subsampled_depth_14G_contig_9981|provirus_31342_50353	18.419521	18.346842	19012	22.552317	1.7352929	61.1686	19.60402	19.457941	19012	28.643417	1.8448913	65.48684	18.24128	18.209885	19012	22.703833	1.7317593	61.31806	18.229298	18.049068	19012	28.316805	1.7383041	64.77423	17.473703	17.31468	19012	25.402073	1.662012	61.440746	16.956951	16.922243	19012	19.221834	1.6142769	59.58916	5.938872	5.7086477	17964	20.709639	0.48183072	3.9502923	5.172251	4.979854	18339	10.549353	0.40863657	2.8634207	7.073322	6.855384	18502	19.130356	0.5606553	4.124034	24.840473	24.706291	19012	43.87694	50.387264	1336.7319	24.460184	23.827639	19012	71.105	47.479546	1234.6678	27.195896	26.703758	19012	59.819813	49.751945	1302.8453
F3_S19_subsampled_depth_14G_contig_11503|provirus_2_16343	5.881917	5.7294497	16209	10.819607	0.5541154	19.532412	5.619936	5.3707285	16016	14.028355	0.53593135	19.023584	5.350111	5.194113	16169	9.565451	0.51107526	18.096117	6.295084	6.1922603	16228	9.422523	0.60993177	22.72781	5.536932	5.348909	16079	10.417634	0.5259133	19.441795	6.0625	5.912927	15898	12.360247	0.58175004	21.474634	0	0	0	0	0	0	0	0	0	0	0	0	0	0	0	0	0	0	83.83862	83.080826	16339	981.9455	164.43033	4362.2	92.6602	92.01976	16336	1130.5876	177.29007	4610.2876	97.50352	97.33697	16341	1007.5968	176.29056	4616.489
F3_S19_subsampled_depth_14G_contig_13027|provirus_17236_70027	53.18375	53.109524	52792	71.6067	4.991705	175.95625	51.980984	51.841698	52792	72.08214	4.8864346	173.45049	50.90367	50.725124	52792	74.13856	4.8251376	170.8482	51.781467	51.693043	52792	68.05889	4.931739	183.77086	50.300842	50.255814	52792	75.491425	4.7603874	175.98059	50.401295	50.272427	52792	71.42288	4.7938395	176.95921	49.18318	47.45941	52792	433.53888	3.9664092	32.518635	35.446014	34.442314	52792	219.07016	2.7914248	19.560225	42.39514	40.88197	52792	330.61804	3.3260682	24.465677	0	0	0	0	0	0	0	0	0	0	0	0	0	0	0	0	0	0
F3_S19_subsampled_depth_14G_contig_13122|provirus_26296_56056	47.938503	47.143448	29761	358.94427	4.5578756	160.6638	43.128296	42.601402	29761	300.08307	4.1038656	145.67212	45.386208	44.871037	29761	285.96286	4.35726	154.28168	39.26595	38.90991	29761	209.09416	3.7902954	141.23726	36.79646	36.48662	29761	219.32097	3.521629	130.1866	38.154774	37.719334	29761	210.95833	3.6731207	135.58905	5.51518	5.056733	28835	18.85741	0.45281982	3.7124465	5.21492	4.8929873	27451	16.307875	0.4079094	2.8583243	6.50103	6.0817604	29360	20.391043	0.5130602	3.7739346	0	0	0	0	0	0	0	0	0	0	0	0	0	0	0	0	0	0
F3_S19_subsampled_depth_14G_contig_13416|provirus_30152_137958	34.007515	33.819923	107807	61.121277	3.2065003	113.02828	35.218906	35.13067	107807	51.432896	3.316169	117.711754	39.16393	39.045895	107807	57.461544	3.7218094	131.78163	45.331284	45.205856	107807	64.91038	4.3338027	161.48994	44.07941	43.920357	107807	68.21394	4.183376	154.64981	45.03394	44.869556	107807	69.67623	4.2927284	158.46118	0	0	0	0	0	0	0	0	0	0	0	0	0	0	0	0	0	0	3.5951495	3.4670305	99628	5.926855	8.347822	221.46077	2.2838645	2.165688	93901	3.0020354	4.3881803	114.111145	3.8343258	3.7300012	103631	5.1828136	6.933298	181.5611
F3_S19_subsampled_depth_14G_contig_14202|provirus_52207_63756	41.902454	39.81988	11550	257.5096	4.038523	142.3568	43.37079	41.505554	11550	255.18239	4.161409	147.71474	48.798244	46.392105	11550	332.81726	4.7119584	166.8407	54.00342	51.70741	11550	310.90134	5.243546	195.38962	52.92684	50.78879	11550	293.60513	5.1240473	189.42418	57.21658	54.602924	11550	418.82138	5.5418015	204.56923	0	0	0	0	0	0	0	0	0	0	0	0	0	0	0	0	0	0	3.6735964	3.538694	10771	6.063028	8.589763	227.8792	2.502193	2.3560429	9613	4.009294	4.8708014	126.661385	4.2121053	4.112086	11298	5.590766	7.7285523	202.38617
F4_S20_subsampled_depth_14G_contig_41	12.029856	11.935184	6658	26.144138	1.2119931	42.72244	26.580654	26.19665	6715	112.064674	2.7030578	95.94864	23.85438	23.13471	6659	151.38463	2.4112833	85.37862	0	0	0	0	0	0	2.5322163	2.2528346	6097	5.9616756	0.29146057	10.77463	3.129779	2.8084278	5702	8.328676	0.33587557	12.398471	67021.62	69234.62	6692	213404060	5315.9404	43582.77	79622.125	82245.85	6663	300365600	6153.718	43120.66	38471.836	39730.324	6697	70377440	2967.5984	21828.867	0	0	0	0	0	0	0	0	0	0	0	0	0	0	0	0	0	0
F4_S20_subsampled_depth_14G_contig_252	28.448067	26.489801	4285	304.20435	2.7946796	98.51171	48.33937	44.33709	4281	998.1019	4.760297	168.97295	68.52246	65.005905	4276	1171.9459	6.7260895	238.15692	6.694203	6.123457	4119	24.874332	0.6533599	24.346066	9.862802	9.2936125	4170	32.885254	0.95871043	35.441322	11.250725	11.007515	4242	30.675457	1.1013823	40.65628	77860.44	78830.63	4290	433560450	6099.349	50005.527	76526.36	77455.6	4290	425868540	5839.8037	40920.99	56604.59	57294.582	4290	236690510	4310.3945	31706.129	0	0	0	0	0	0	0	0	0	0	0	0	0	0	0	0	0	0
F4_S20_subsampled_depth_14G_contig_481	2.727354	2.5162208	20629	5.7287135	0.25450855	8.971359	3.1259217	2.955908	21670	5.1769977	0.29450464	10.453831	2.7195106	2.609472	21833	3.5642586	0.25733703	9.111769	2.294386	2.2015154	20177	2.7054722	0.21684983	8.080452	2.8019524	2.683069	21445	3.90621	0.26491573	9.7933235	2.862654	2.7471466	22020	3.634303	0.2708743	9.999022	0	0	0	0	0	0	0	0	0	0	0	0	0	0	0	0	0	0	0	0	0	0	0	0	0	0	0	0	0	0	0	0	0	0	0	0
F4_S20_subsampled_depth_14G_contig_509	13.618487	13.406091	41454	31.589474	1.2796973	45.10896	13.410106	13.173078	41454	34.179405	1.2571028	44.622517	12.969688	12.67211	41454	38.644215	1.2277346	43.471558	12.148557	11.942621	41454	27.717854	1.1567001	43.10197	12.802779	12.470597	41454	34.249413	1.2107677	44.759285	12.172598	11.957498	41430	26.746204	1.1546078	42.62103	7.2582316	6.6921506	40039	41.008976	0.58493394	4.7955837	6.6286073	6.057782	39985	33.46054	0.524642	3.676302	7.09648	6.531447	40600	34.43383	0.55519205	4.083847	5.4880157	2.8586648	36077	4965.976	20.101082	533.26483	5.8374734	2.902109	36926	6570.613	22.769335	592.0985	6.764599	3.9541347	39477	5832.125	22.584183	591.4081
F4_S20_subsampled_depth_14G_contig_1660	9.380608	9.323119	16177	10.841157	0.88237447	31.103445	9.335621	9.194592	16177	14.160848	0.8692005	30.853422	9.352717	9.230849	16177	12.182399	0.8918503	31.578585	6.8633556	6.771993	16169	8.705027	0.65770113	24.507826	8.20166	8.102808	16177	10.065031	0.7793822	28.811972	6.9245024	6.858232	16167	8.896087	0.66357064	24.494951	0	0	0	0	0	0	0	0	0	0	0	0	0	0	0	0	0	0	0	0	0	0	0	0	0	0	0	0	0	0	0	0	0	0	0	0
F4_S20_subsampled_depth_14G_contig_2524	46974.62	47174.01	23588	590933250	4387.5376	154659.48	46796.766	46981.4	23665	585963200	4370.946	155152.45	46502.207	46687.082	23642	581190800	4382.125	155162.08	41030.133	41177.13	23588	457814140	3887.1719	144847.19	43102.41	43260.56	23655	501400540	4051.705	149782.2	42191.17	42349.508	23538	480732800	3989.5654	147270.27	22326.15	22171.643	23633	163566180	1787.254	14652.811	19420.535	19286.645	23655	123558270	1514.7565	10614.284	22319.762	22152.21	23588	165162450	1737.6791	12781.909	55.53991	55.41162	23425	793.4854	106.84743	2834.5735	61.67774	61.249798	23460	1147.6843	116.42548	3027.5527	67.72022	67.450035	23426	1310.1509	121.01131	3168.9016
F4_S20_subsampled_depth_14G_contig_2816	2.298264	2.220339	1901	1.6852025	0.20631272	7.2724657	3.568648	3.5073056	2045	2.818048	0.32318783	11.471983	2.3750658	2.3255405	1763	2.8850417	0.22199148	7.8602614	2.6265123	2.5768557	1853	2.7267497	0.27192718	10.13279	3.956339	3.7299824	1972	8.112304	0.38031524	14.059387	3.1430826	3.0175335	1799	4.926885	0.3271143	12.0750475	0	0	0	0	0	0	0	0	0	0	0	0	0	0	0	0	0	0	26.854288	26.893045	2040	111.125595	51.015682	1353.4031	31.14466	31.072472	2016	170.65329	59.15336	1538.2361	31.077854	31.376389	2051	145.57184	56.238495	1472.7075
F4_S20_subsampled_depth_14G_contig_2889	22.037434	21.933523	32590	81.67741	2.090626	73.69396	21.719475	21.778557	32607	64.998245	2.0596874	73.111336	20.877346	20.823025	32589	74.34397	1.9950205	70.63954	17.923222	17.82816	32588	43.20226	1.7218412	64.160774	18.765165	18.5578	32588	60.974735	1.7928497	66.27749	18.685768	18.572279	32589	64.54073	1.7922738	66.159775	0	0	0	0	0	0	0	0	0	0	0	0	2.0690453	1.8835107	24812	3.957921	0.16470516	1.2115275	6.74098	6.5721426	31421	17.386288	13.484102	357.72186	7.088332	6.9040155	31829	19.529202	13.576061	353.03473	6.827957	6.74549	31577	15.281346	12.393392	324.5436
F4_S20_subsampled_depth_14G_contig_2909	19.565622	18.89631	36900	129.1217	1.8349495	64.68144	19.492838	18.768236	36977	126.034294	1.8271276	64.856316	18.876486	17.80516	36956	140.01308	1.7894894	63.362137	22.529325	21.590818	37011	178.3524	2.1443918	79.906204	21.872227	21.092838	36985	153.91797	2.0672624	76.42197	22.063454	21.080088	37010	174.79103	2.0965452	77.39156	0	0	0	0	0	0	0	0	0	0	0	0	0	0	0	0	0	0	6.596034	6.418525	35956	15.684477	13.109693	347.78925	6.6645327	6.558958	35317	14.670129	12.666556	329.38358	7.8053823	7.5670667	36758	19.002895	14.100193	369.23914
F4_S20_subsampled_depth_14G_contig_3268	6.6356106	6.401066	22730	17.112764	0.62438685	22.00946	6.8835506	6.6301284	22933	15.463289	0.6499754	23.071724	6.739373	6.56929	22453	14.877396	0.6378592	22.58529	6.3816977	6.2154517	22661	12.916605	0.6107494	22.758284	6.489776	6.324001	22275	15.947937	0.617984	22.845442	6.6741943	6.4427223	22565	16.006899	0.6362316	23.485771	0	0	0	0	0	0	0	0	0	0	0	0	0	0	0	0	0	0	0	0	0	0	0	0	0	0	0	0	0	0	0	0	0	0	0	0
F4_S20_subsampled_depth_14G_contig_3945	59.576954	15.432244	53723	73197.58	7.741954	272.90167	58.237843	15.857937	53740	67886.78	7.4742064	265.30673	58.77535	15.406452	53740	71908.88	7.682575	272.0242	57.87117	15.253649	53734	70653.52	7.561958	281.78024	55.66365	14.821591	53740	64377.477	7.232076	267.35315	55.980537	14.879416	53740	67386.33	7.3546376	271.48798	4.803079	2.40894	44602	227.81602	0.47648504	3.9064639	4.045046	2.0441408	41475	172.90427	0.38812697	2.7197049	5.430099	2.8232915	46658	279.5492	0.5207975	3.8308475	165.9292	3.4196384	41846	1549597.6	535.8104	14214.6	0	0	0	0	0	0	173.36511	3.9088364	45213	1660784.4	546.65027	14315.03
F4_S20_subsampled_depth_14G_contig_3954	3.3968992	3.261618	1335	6.112325	0.70524555	24.859701	12.093023	12.172117	1439	20.537504	1.6258048	57.710094	13.815504	13.797763	1440	35.041203	1.7587718	62.27453	1.472093	1.3080895	1139	7.0065904	0.6653743	24.793762	2.2511628	2.0447505	1202	6.8755803	0.69926625	25.85027	2.9372094	2.832186	1212	5.5980716	0.69390965	25.61488	71612.1	73615.35	1440	846543740	5292.813	43393.156	102142.266	105097.57	1368	1719552400	7354.891	51537.6	100339.336	103278.51	1440	1652010800	7211.7573	53047.793	0	0	0	0	0	0	0	0	0	0	0	0	0	0	0	0	0	0
F4_S20_subsampled_depth_14G_contig_4108	6.977428	6.9140687	11263	7.2433953	0.6583126	23.205338	6.721043	6.596523	11270	8.77657	0.62445253	22.16576	5.696313	5.6010194	11240	6.128198	0.5378209	19.043133	6.2061152	6.1269984	11265	6.7960753	0.5925795	22.081217	6.469694	6.2836733	11110	12.791779	0.614105	22.702053	6.3829136	6.2984614	11269	8.229835	0.6117734	22.582922	0	0	0	0	0	0	0	0	0	0	0	0	0	0	0	0	0	0	0	0	0	0	0	0	0	0	0	0	0	0	0	0	0	0	0	0
F4_S20_subsampled_depth_14G_contig_4895	3.1446352	3.0687199	5181	3.57489	0.29746282	10.485481	3.1286066	3.0861094	5209	2.4157467	0.31294835	11.108514	3.77937	3.6932747	5361	3.4752674	0.36268643	12.841985	2.4946256	2.3748167	4364	4.435608	0.25438404	9.479078	2.3767679	2.3058872	4976	2.4008334	0.2340743	8.653184	2.414671	2.350304	4972	2.4030812	0.23821726	8.793526	0	0	0	0	0	0	0	0	0	0	0	0	0	0	0	0	0	0	0	0	0	0	0	0	0	0	0	0	0	0	0	0	0	0	0	0
F4_S20_subsampled_depth_14G_contig_5109	12.966027	12.921831	39181	17.593876	1.2120987	42.726147	14.172094	14.116485	39173	19.208225	1.3257114	47.057873	13.733084	13.661846	39027	19.595312	1.2946012	45.839165	13.007277	12.882604	39131	22.394825	1.237308	46.10564	13.09203	12.985112	39125	22.48628	1.2303321	45.48253	13.504804	13.439751	38924	18.2423	1.2802465	47.25882	4.875048	4.498335	37781	14.17852	0.3902824	3.1997337	4.6634727	4.2046456	36521	17.373936	0.36576527	2.563009	4.8299813	4.3272223	37793	17.735222	0.3786597	2.7853217	0	0	0	0	0	0	0	0	0	0	0	0	0	0	0	0	0	0
F4_S20_subsampled_depth_14G_contig_5432	208.54535	171.3495	10459	47662.85	21.77165	767.4446	215.25822	178.57614	10459	47780.434	22.475851	797.8099	235.35571	194.39304	10459	60255.33	24.855595	880.0855	263.31662	220.49348	10459	66763.99	27.851881	1037.8411	262.5144	215.25757	10459	76203.31	27.495415	1016.44244	263.0678	216.75558	10459	74686.695	27.851997	1028.1249	4.554758	4.152926	9475	19.1991	0.42298502	3.4678435	3.9135706	3.3220174	8787	19.707022	0.33723128	2.3630648	5.60549	5.053777	9805	22.9011	0.47209308	3.4725926	20.116209	15.458777	10434	740.0004	49.087605	1302.2534	14.12232	10.959371	10361	344.65643	29.638197	770.7179	21.178	15.887595	10459	860.8302	42.879326	1122.8734
F4_S20_subsampled_depth_14G_contig_5864	125.33321	127.20279	16579	1185.929	11.65789	410.93744	112.5292	113.423836	16641	1148.8795	10.465866	371.4997	124.07386	125.89955	16578	1100.3867	11.640998	412.1838	145.84895	147.44917	16632	1730.8778	13.7652	512.9309	135.9299	137.08072	16579	1410.3035	12.728362	470.5384	147.32011	149.56706	16580	1570.4257	13.880122	512.3689	50.83039	50.370544	16628	599.99274	4.0643177	33.321327	40.14505	39.671227	16451	426.17636	3.114505	21.82413	56.841427	56.785355	16630	818.21106	4.4092298	32.43312	0	0	0	0	0	0	0	0	0	0	0	0	0	0	0	0	0	0
F4_S20_subsampled_depth_14G_contig_5956	5.4563556	5.206045	2758	18.436756	0.53512156	18.86289	4.9960175	4.7025433	2975	13.692548	0.47709778	16.935213	3.6173248	3.525986	2913	4.905637	0.35087094	12.423623	4.25224	4.043494	2884	11.579116	0.4023875	14.994112	4.3654165	4.115739	2855	12.299029	0.4304461	15.912604	3.8934617	3.7699964	2982	7.581275	0.41068566	15.159997	0	0	0	0	0	0	0	0	0	0	0	0	0	0	0	0	0	0	6.0750084	5.986362	3106	7.3097763	12.340857	327.3927	6.3252573	6.1172132	2989	15.007055	12.486273	324.69565	11.913043	11.770365	3117	35.478493	21.931208	574.3086
F4_S20_subsampled_depth_14G_contig_7046	13.912559	12.98366	6321	67.37952	1.3822235	48.722996	37.83918	37.089603	6328	174.40665	3.7300365	132.40256	39.2418	38.679474	6337	269.28323	3.938201	139.44357	3.1116858	2.8881307	5359	6.950829	0.3136785	11.688568	3.760304	3.5731728	6222	6.578327	0.3737485	13.816623	4.4827867	4.2005744	6024	10.157601	0.44376177	16.380957	114665.46	115333.47	6337	386329250	9062.448	74298.52	167587.95	168609.25	6337	805313150	12908.926	90456.13	150488.34	151453.22	6337	666882800	11567.748	85089.29	0	0	0	0	0	0	0	0	0	0	0	0	0	0	0	0	0	0
F4_S20_subsampled_depth_14G_contig_8302	36.387806	34.912037	52808	602.8498	3.5881948	126.482864	32.581165	31.365532	52808	469.49875	3.2080297	113.873276	33.779655	32.325928	52788	655.4801	3.3795097	119.66149	37.502182	35.915516	52808	628.1835	3.739523	139.34532	34.703976	33.297062	52808	560.9102	3.4373446	127.07069	36.43906	35.069187	52808	582.2296	3.625444	133.8292	0	0	0	0	0	0	0	0	0	0	0	0	2.2614229	2.094991	42901	3.9521668	0.17991264	1.3233892	4.217403	2.484112	45830	189.5728	10.153332	269.3596	4.9625506	2.942672	49029	207.09482	12.294295	319.70346	4.7454896	2.8876019	48281	173.95729	10.931365	286.25775
F4_S20_subsampled_depth_14G_contig_8439	36.51528	34.160522	39895	427.9059	35.506725	1251.6025	36.188675	33.759117	39901	439.3578	43.626026	1548.5636	37.19129	34.72122	39889	484.93475	32.638252	1155.6536	72.839424	70.67502	39889	578.78217	35.098984	1307.889	70.58957	67.99698	39891	611.16455	44.05325	1628.5475	72.858215	70.28778	39891	663.4864	24.436691	902.05273	0	0	0	0	0	0	0	0	0	0	0	0	0	0	0	0	0	0	2.9887803	2.8157475	33813	5.6440496	447.76443	11878.815	1.6904984	1.5674316	30094	2.3145962	417.86722	10866.306	2.615104	2.5106075	34527	3.6449583	341.28763	8937.237
F4_S20_subsampled_depth_14G_contig_8605	28.39754	21.00266	27297	1831.351	2.9582233	104.27659	30.112204	22.513649	27297	2074.097	3.116515	110.62478	30.852728	23.092785	27297	2163.442	3.2410655	114.75951	32.22216	24.21778	27297	2349.2412	3.406846	126.948845	30.693079	23.091597	27297	2113.565	3.2103324	118.67866	30.892216	23.36549	27297	2119.0178	3.244847	119.779884	0	0	0	0	0	0	0	0	0	0	0	0	0	0	0	0	0	0	0	0	0	0	0	0	0	0	0	0	0	0	0	0	0	0	0	0
F4_S20_subsampled_depth_14G_contig_8808	24.495508	24.146814	39776	78.49413	2.2907715	80.74909	23.773684	23.272375	39769	73.61312	2.2238615	78.938896	24.090496	23.291666	39754	113.30842	2.2739613	80.51633	25.498737	24.993187	39776	72.37017	2.420701	90.2023	24.158405	23.721119	39637	82.862785	2.2776685	84.20016	24.511559	23.935257	39776	87.17199	2.326244	85.87068	12.454499	11.752019	39493	88.01833	0.9994946	8.194357	10.042674	9.430574	39320	58.326183	0.78392637	5.493169	10.571948	9.933855	39263	63.371746	0.82600254	6.0758567	17.31116	16.137114	39749	141.84624	33.60438	891.49634	17.047039	15.757627	39776	135.14195	33.116123	861.15857	15.857164	14.582268	39776	139.39058	29.140633	763.10065
F4_S20_subsampled_depth_14G_contig_9285	4.204599	4.11019	11070	6.4444256	0.39989084	14.096039	4.135792	3.9745493	11466	6.02139	0.38897508	13.807192	3.7470715	3.5891256	11006	5.889424	0.36682725	12.988605	3.4691541	3.4142485	10713	4.786904	0.33929428	12.643082	3.7313666	3.591343	11533	4.4028387	0.35956842	13.292412	3.6114533	3.482599	11064	5.676161	0.34723926	12.817942	0	0	0	0	0	0	0	0	0	0	0	0	0	0	0	0	0	0	0	0	0	0	0	0	0	0	0	0	0	0	0	0	0	0	0	0
F4_S20_subsampled_depth_14G_contig_9297	2.9799354	2.860448	9893	4.191989	0.2763854	9.742508	3.3616395	3.2104373	10207	4.4100513	0.31337875	11.12379	4.0302396	3.9680963	10255	4.7393603	0.3775173	13.367108	4.172879	4.0293684	10337	7.0868	0.3928436	14.638479	3.609167	3.541517	9911	4.6462836	0.3364075	12.436213	3.9462724	3.8750265	10240	4.53853	0.36938128	13.635288	0	0	0	0	0	0	0	0	0	0	0	0	0	0	0	0	0	0	0	0	0	0	0	0	0	0	0	0	0	0	0	0	0	0	0	0
F4_S20_subsampled_depth_14G_contig_9375	6.6626015	6.5463896	31521	10.813835	0.6284916	22.154156	5.9943447	5.870362	31461	9.96543	0.56323	19.992598	6.3481407	6.198406	31501	9.659869	0.6022215	21.323435	5.398755	5.330888	30920	8.349076	0.5139953	19.15294	5.4863987	5.38414	31118	8.686096	0.5235691	19.355143	5.54785	5.3913364	30706	9.9565325	0.5260829	19.419744	0	0	0	0	0	0	0	0	0	0	0	0	0	0	0	0	0	0	0	0	0	0	0	0	0	0	0	0	0	0	0	0	0	0	0	0
F4_S20_subsampled_depth_14G_contig_9454	38.786514	37.20088	14315	336.28848	3.8102477	134.3102	36.584396	35.15264	14315	340.99548	3.5930827	127.541145	39.542183	37.826733	14315	373.65475	3.9330246	139.26031	37.94931	36.395718	14315	387.60062	3.7831852	140.97229	35.433674	33.83497	14315	319.0135	3.5151105	129.94559	37.229862	35.597614	14315	330.00537	3.701553	136.63869	3.088175	2.6878972	11764	11.751968	0.25781864	2.1137276	2.7542534	2.3629305	11830	8.752299	0.22756475	1.5946033	3.3968937	3.0192957	12608	11.016145	0.27299863	2.008106	602.8964	597.5488	14315	49710.367	1186.8204	31485.354	632.3343	629.77905	14315	56726.574	1234.6111	32105.08	757.76874	754.3541	14315	63940.176	1396.6768	36574.52
F4_S20_subsampled_depth_14G_contig_9480	8.041954	7.7773023	9982	25.168406	0.7701524	27.14767	7.8764696	7.740486	10015	13.723766	0.75176656	26.68494	7.227199	7.1182165	9872	12.627204	0.70019317	24.792414	8.572557	8.423779	9845	26.869268	0.8465007	31.543066	8.414978	8.318397	9881	17.99672	0.8182642	30.249334	7.0097284	6.8277416	9886	15.616407	0.6882298	25.40522	0	0	0	0	0	0	0	0	0	0	0	0	0	0	0	0	0	0	8.125152	7.956654	10017	12.806169	17.533798	465.15692	6.3073573	6.150304	9947	11.585972	12.365811	321.5632	8.435853	8.292501	9857	13.787208	15.727462	411.85217
F4_S20_subsampled_depth_14G_contig_10036	4.3012652	4.245413	10049	5.081275	0.39885357	14.059482	4.2808847	4.143363	10136	7.2906866	0.40149546	14.251607	3.897904	3.851379	9401	6.114478	0.36576518	12.950991	3.8834155	3.8309906	9817	4.8694243	0.3662626	13.647999	3.9963295	3.89119	9852	5.713279	0.37538606	13.877156	3.159664	3.08649	9643	3.679973	0.29900378	11.037381	0	0	0	0	0	0	0	0	0	0	0	0	0	0	0	0	0	0	58.908237	59.239727	10487	268.39297	113.7138	3016.7317	60.70289	60.54244	10485	399.53787	113.91713	2962.324	66.71622	66.90729	10471	456.06183	118.166534	3094.4053
F4_S20_subsampled_depth_14G_contig_11081	3663.8354	3657.7026	42909	475034.4	342.70334	12080.197	3661.9165	3654.0503	43045	484342.13	342.52194	12158.265	3473.4275	3468.0637	42906	399690.3	327.74332	11604.717	3274.035	3263.6924	42909	360070.63	310.56064	11572.38	3316.426	3305.6362	42906	343120.53	312.1111	11538.03	3363.8735	3352.365	42908	384172.6	318.50763	11757.348	140.93427	129.6138	42899	10430.524	11.284153	92.51318	132.91216	122.13549	42910	9318.9	10.36553	72.63389	178.03273	164.34274	42907	15813.255	13.859869	101.949554	5.6915956	5.360919	41859	14.470116	11.782383	312.57675	5.991491	5.718108	42145	13.9404545	11.762568	305.87625	7.142394	6.828114	42564	18.276407	13.210817	345.9493
F4_S20_subsampled_depth_14G_contig_11092	6.166558	6.096598	15384	7.015763	0.58206975	20.517794	7.23479	7.1105537	15436	8.560051	0.67794096	24.064398	6.775023	6.761448	15392	6.932111	0.6489181	22.976866	7.956954	7.8054223	15436	11.726243	0.7596836	28.307993	8.274238	8.13454	15436	10.22953	0.7846389	29.006285	7.852937	7.7368803	15434	10.688347	0.7647828	28.231077	1.945244	1.7539613	12015	3.60989	0.16199286	1.3281001	1.9827293	1.8327519	11925	3.1862245	0.1586584	1.11176	2.0858302	2.0152638	12446	2.4835715	0.16600253	1.2210716	0	0	0	0	0	0	0	0	0	0	0	0	0	0	0	0	0	0
F4_S20_subsampled_depth_14G_contig_12116	4.0904818	3.8178208	29219	12.395889	0.38424727	13.544605	4.387133	4.051066	31298	11.426107	0.40973085	14.54394	3.9728806	3.7465863	29761	9.027733	0.3769518	13.347084	3.8718963	3.6291974	28694	9.873164	0.36860386	13.735249	4.007838	3.7597187	29948	9.677756	0.3810448	14.08635	3.6338413	3.3132925	28194	10.557851	0.34477398	12.72694	6.371269	5.924446	30784	28.950912	0.5116911	4.1951027	5.0426073	4.6104918	29464	19.550623	0.3930847	2.7544446	7.8133307	7.4057755	30756	33.978634	0.61010975	4.487808	3.3142715	3.0597045	27887	8.225294	6.4540563	171.22076	3.2758338	3.0559773	28831	6.8813677	6.233022	162.08475	3.3702033	3.2237704	29517	5.9324856	6.0828376	159.29012
F4_S20_subsampled_depth_14G_contig_12282	75.23095	76.035484	29741	350.02664	7.0598073	248.85617	70.11138	70.852104	29741	309.2069	6.56823	233.14796	74.31445	74.98618	29741	369.38235	7.0253887	248.75461	64.990234	65.344986	29741	242.1418	6.175392	230.11284	60.65706	61.371834	29741	250.06259	5.717555	211.3649	62.30749	62.77757	29741	288.45746	5.9117594	218.22578	16.874422	16.576616	29702	68.08959	1.359373	11.144825	14.279173	13.965081	29741	45.045574	1.1209294	7.854641	17.890474	17.432997	29741	78.34147	1.4001604	10.299211	0	0	0	0	0	0	0	0	0	0	0	0	0	0	0	0	0	0
F4_S20_subsampled_depth_14G_contig_13498	3.1256583	3.0291338	9016	4.424613	0.29262134	10.31482	3.335561	3.3064117	9317	3.4993362	0.30946943	10.9850235	2.7961726	2.6786277	8974	3.604526	0.26679772	9.446762	2.7530377	2.6190102	8635	4.1025476	0.26387465	9.832732	2.5485015	2.471316	9355	2.672989	0.24188846	8.942061	2.8534832	2.742407	9535	3.3272903	0.26909244	9.933241	0	0	0	0	0	0	0	0	0	0	0	0	0	0	0	0	0	0	15.931147	15.732284	9994	36.62919	31.605951	838.47943	16.537666	16.092913	9991	59.158783	32.816936	853.37836	17.755873	17.45388	9998	54.370277	32.93159	862.37366
F4_S20_subsampled_depth_14G_contig_13949	11.817773	11.414334	10811	36.789604	1.1436063	40.311813	12.230546	11.75762	10768	40.66439	1.1643189	41.329025	12.277086	11.875481	10827	35.978004	1.1943387	42.289066	10.187752	9.699781	10826	31.778095	1.001001	37.300186	10.406779	9.942058	10829	27.626053	1.0202248	37.715366	10.344882	9.876729	10799	29.70489	1.0202814	37.662533	8.293005	7.5759907	10668	45.653698	0.69828004	5.724851	6.472048	6.080828	10344	28.312737	0.54429096	3.8139842	8.804195	8.059399	10776	48.08874	0.7347269	5.404458	5.643506	5.4249454	10571	13.105246	11.164224	296.17746	7.5627866	7.3899927	10616	16.793371	14.614502	380.0385	6.7536287	6.559971	10829	9.219218	12.513657	327.6929
F4_S20_subsampled_depth_14G_contig_638|provirus_70940_90166	20.62059	19.377962	19227	112.12697	2.0929585	73.77623	23.036745	21.735485	19227	126.380455	2.311318	82.04324	24.600567	23.03372	19227	163.90378	2.5204906	89.245415	26.69361	25.255314	19227	150.10925	2.7259388	101.5763	26.246946	24.37377	19227	196.8441	2.7056057	100.02001	25.650259	24.158115	19227	145.92715	2.624492	96.88016	0	0	0	0	0	0	0	0	0	0	0	0	0	0	0	0	0	0	3.053887	2.8357697	17179	6.1976624	6.894129	182.89543	2.5087802	2.1934075	15671	6.649495	5.3199573	138.34126	3.4429417	3.2314367	17999	6.6480994	6.6423864	173.94296
F4_S20_subsampled_depth_14G_contig_1367|provirus_35720_53274	85.52433	83.33693	17555	559.1169	8.224317	289.9048	86.28336	83.93719	17555	544.78937	8.316608	295.20908	90.82603	88.110245	17555	696.0223	8.86278	313.81268	96.01017	92.83224	17555	769.3473	9.423474	351.1458	102.158516	99.396805	17555	797.89795	9.946596	367.7028	98.45711	95.49448	17555	717.0963	9.612154	354.8218	2.7319736	2.6055539	15650	3.9745264	0.22256142	1.8246701	2.2404482	2.0776253	14425	3.7700946	0.17621975	1.2348173	2.870497	2.7481647	15933	4.2546597	0.2286118	1.6816078	14.363976	13.932844	17555	30.18049	31.144913	826.2487	11.711118	11.11963	17555	31.435617	22.999079	598.0727	15.427234	14.9750395	17555	37.553493	28.426226	744.3927
F4_S20_subsampled_depth_14G_contig_3723|provirus_404_13848	16.503572	11.492772	13445	1398.7384	2.0110908	70.89039	16.50455	11.515334	13445	1294.8876	1.9699607	69.926384	16.027153	11.300326	13445	1164.8008	1.9217949	68.04679	17.348026	12.001002	13445	1606.6654	2.1091895	78.59448	15.374652	11.028662	13445	1059.448	1.8755026	69.333	16.13599	11.642266	13445	1068.4503	1.9790304	73.05363	0	0	0	0	0	0	0	0	0	0	0	0	0	0	0	0	0	0	0	0	0	0	0	0	2.0127115	1.4062004	10190	17.78568	4.7760053	124.19624	2.8719068	1.9374948	11112	48.25507	6.5792613	172.28986
F4_S20_subsampled_depth_14G_contig_5246|provirus_128_14807	9.679904	9.327114	14680	19.058865	0.9406477	33.157574	9.872677	9.754779	14680	14.26254	0.9539948	33.863308	10.113902	9.856171	14680	14.854601	0.99152017	35.10768	10.041844	9.83262	14668	19.275698	0.98681796	36.771664	8.708809	8.446628	14680	15.83653	0.8453347	31.250086	8.929731	8.76816	14680	12.513542	0.8673735	32.01811	2.0086718	1.8252026	11573	3.697082	0.1752488	1.4367775	1.9383345	1.7728246	11610	3.1728783	0.15884683	1.1130799	3.0683413	2.9035785	13549	5.0934777	0.2502701	1.8409202	10.048451	9.759673	14680	21.88381	19.831715	526.1188	11.970888	11.639012	14680	26.826124	23.458149	610.01056	12.858224	12.427435	14680	27.855177	23.5719	617.27295
F4_S20_subsampled_depth_14G_contig_7662|provirus_1_16985	58.731632	53.15027	16985	6639.987	6.311294	222.47136	59.326344	53.56662	16985	6887.337	6.3786907	226.42	65.02857	58.66363	16985	8095.4204	7.0475364	249.53871	74.96222	67.651024	16985	10375.192	8.140007	303.31998	70.46071	63.470203	16985	9549.93	7.628467	282.00684	74.47508	67.740906	16985	9524.043	8.06309	297.63995	0	0	0	0	0	0	0	0	0	0	0	0	0	0	0	0	0	0	4.4892187	3.8596318	16312	67.20309	11.091781	294.25568	3.4712207	2.8835874	15463	57.309185	8.0463085	209.23799	5.180101	4.500627	16605	88.527626	11.017568	288.515
F5_S21_subsampled_depth_14G_contig_914	19.416653	16.52622	18393	363.60236	2.0620947	72.68829	19.010853	16.361837	18393	314.83643	1.9859577	70.49418	17.77383	14.769535	18392	343.07578	1.8960191	67.134125	16.420984	13.966441	18393	267.02417	1.7742578	66.11398	16.81182	14.122846	18393	268.3895	1.7819442	65.87439	16.968536	14.473842	18393	295.5757	1.8245988	67.353	0	0	0	0	0	0	2.2506714	2.090566	15622	3.6532552	0.18156989	1.2723062	2.3529024	2.0034716	14880	7.7775474	0.19084203	1.4037837	8.527161	6.916621	18046	104.411316	19.512703	517.6557	6.6145372	5.5386443	18056	50.421085	14.428178	375.1933	8.707066	7.153785	18315	88.99028	17.863258	467.782
F5_S21_subsampled_depth_14G_contig_2123	4.692349	4.420083	1887	13.810547	0.4610818	16.253	11.111289	10.767676	1981	67.67712	1.0687543	37.936825	9.742643	9.377302	1968	52.662323	0.91613406	32.438442	1.5987159	1.4278075	0	2.8795702	0	0	1.9561262	1.7849079	1554	3.768952	0.16858606	6.2322383	0	0	0	0	0	0	18536.576	18210.6	2019	112972170	1401.3098	11488.643	19289.66	18944.287	2019	121517530	1421.0752	9957.836	13481.487	13229.747	2019	59436540	991.4558	7292.889	0	0	0	0	0	0	0	0	0	0	0	0	0	0	0	0	0	0
F5_S21_subsampled_depth_14G_contig_2704	9.392071	9.030095	10819	24.612017	0.92694265	32.67447	8.263192	7.9212747	10745	23.878603	0.82516223	29.290209	11.088012	10.908466	10819	18.112146	1.0810274	38.27698	9.801668	9.426221	10819	23.018215	1.0032481	37.38391	10.648515	10.304905	10819	30.198156	1.0670482	39.446323	10.710469	10.506717	10819	25.184723	1.0700427	39.4994	2.9896898	2.7347703	9741	6.5178914	0.25112426	2.0588424	0	0	0	0	0	0	0	0	0	0	0	0	0	0	0	0	0	0	0	0	0	0	0	0	0	0	0	0	0	0
F5_S21_subsampled_depth_14G_contig_3761	0	0	0	0	0	0	0	0	0	0	0	0	0	0	0	0	0	0	0	0	0	0	0	0	0	0	0	0	0	0	1.2834862	1.2627292	0	0.8056958	0	0	0	0	0	0	0	0	0	0	0	0	0	0	0	0	0	0	0	0	0	0	0	0	0	0	0	0	0	0	0	0	0	0	0	0	0	0
F5_S21_subsampled_depth_14G_contig_3938	354.18738	314.67618	43683	79175.51	33.223392	1171.1152	356.9703	319.77487	43683	75691.61	33.49142	1188.8223	346.199	305.96313	43711	82257.945	32.763653	1160.0938	435.8823	394.30084	43627	88882.81	41.49298	1546.1478	438.13077	396.399	43608	89485.93	41.37108	1529.3936	447.84662	403.54675	43621	96638.83	42.554714	1570.8586	13.758408	13.558883	43559	42.93759	1.1045116	9.055341	12.770116	12.402755	43506	41.464935	0.9980535	6.993615	19.170658	19.004744	43545	61.121647	1.4955237	11.000675	4.1610613	4.025762	41278	7.263866	9.357945	248.25859	2.6762471	2.5813289	39278	3.2437809	5.161155	134.21173	3.5482197	3.4360669	41095	5.1820693	6.5262947	170.90295
F5_S21_subsampled_depth_14G_contig_4202	9.707966	9.534647	17950	17.178917	0.9218486	32.49492	9.470779	9.361442	17933	12.499783	0.8997638	31.9383	9.1025095	8.9318905	17963	14.213388	0.8752566	30.99102	7.5643067	7.506206	17944	10.30629	0.7292397	27.173573	8.006849	7.8244247	17963	12.330743	0.77373797	28.6033	8.111491	7.941246	17934	13.26233	0.7867263	29.041105	0	0	0	0	0	0	0	0	0	0	0	0	0	0	0	0	0	0	0	0	0	0	0	0	0	0	0	0	0	0	0	0	0	0	0	0
F5_S21_subsampled_depth_14G_contig_4476	1.9265901	1.8485006	8687	2.3913975	0.17928322	6.319681	2.048473	1.9593234	9158	2.546408	0.19095467	6.778192	2.1165593	2.0400538	9033	2.4962204	0.19788784	7.0067997	2.218829	2.1474526	9154	2.3644948	0.20811383	7.7549186	1.8908191	1.8043997	9623	1.7854817	0.17765433	6.567469	2.127113	2.0483553	8722	2.8341115	0.2011634	7.4257183	0	0	0	0	0	0	0	0	0	0	0	0	0	0	0	0	0	0	3.1770804	3.062779	9957	4.248669	6.067063	160.95412	3.9009058	3.8356335	10499	4.4178834	7.3276615	190.55005	4.38741	4.3254123	10604	4.183357	7.7761006	203.63142
F5_S21_subsampled_depth_14G_contig_4515	7.1071634	6.9879107	33009	8.961526	0.67082936	23.646553	7.152144	7.076791	32849	10.21392	0.6716092	23.839653	6.6213417	6.485834	32990	8.778596	0.6280531	22.238066	9.824453	9.718029	33026	13.48532	0.939729	35.017	10.288485	10.172762	33049	14.640015	0.9722898	35.94332	10.684953	10.60308	32974	14.883115	1.0213807	37.703102	0	0	0	0	0	0	0	0	0	0	0	0	0	0	0	0	0	0	0	0	0	0	0	0	0	0	0	0	0	0	0	0	0	0	0	0
F5_S21_subsampled_depth_14G_contig_5153	10.072222	9.7023945	11960	29.436821	0.9356376	32.98096	9.819276	9.606435	11855	23.839464	0.91912216	32.625458	9.441919	8.9134865	12003	34.90461	0.8882318	31.450462	11.032996	10.499626	12016	45.14413	1.0449053	38.936153	11.350674	10.868874	12006	37.39954	1.0645568	39.35423	11.273149	10.966423	12014	34.112194	1.0691202	39.465366	0	0	0	0	0	0	0	0	0	0	0	0	0	0	0	0	0	0	3.1281145	2.9985971	10986	4.604681	6.2866693	166.78009	2.9888048	2.9507108	11345	2.7936287	5.7156672	148.6314	3.5210438	3.369435	11072	5.9514046	6.302684	165.0472
F5_S21_subsampled_depth_14G_contig_5772	2.090884	2.0046968	9074	2.3155148	0.19433889	6.850391	2.3691418	2.2790484	9782	2.6304712	0.2186073	7.759757	2.9044294	2.8471513	10368	3.1501334	0.27213237	9.635646	3.1245174	3.058301	10144	4.094686	0.29295966	10.916514	2.2358022	2.1524403	9608	2.4039087	0.2108319	7.7939696	3.417111	3.3612416	10377	3.7744448	0.3234842	11.9410515	0	0	0	0	0	0	0	0	0	0	0	0	0	0	0	0	0	0	0	0	0	0	0	0	0	0	0	0	0	0	0	0	0	0	0	0
F5_S21_subsampled_depth_14G_contig_6930	3.944735	3.7889678	15073	6.3820176	0.36887965	13.002908	4.45103	4.312603	15182	7.2140427	0.41663504	14.789015	4.481632	4.2354207	14893	9.772148	0.42214435	14.9472685	4.6465235	4.496593	14740	8.9835825	0.4407494	16.423582	4.290335	4.087225	15204	7.295285	0.40627092	15.0189	3.9390535	3.7543936	14883	6.4553494	0.37332034	13.780698	0	0	0	0	0	0	0	0	0	0	0	0	0	0	0	0	0	0	0	0	0	0	0	0	0	0	0	0	0	0	5.688747	5.251919	12054	34.99538	10.384128	271.9272
F5_S21_subsampled_depth_14G_contig_7136	18.83275	17.247366	13792	228.039	1.795948	63.30669	17.928415	16.778173	13841	153.42441	1.7082034	60.6349	18.096687	16.801687	13807	190.67598	1.7418175	61.67416	17.970957	16.200502	13853	207.96019	1.7403477	64.85038	18.373322	16.922329	13853	189.79712	1.7648541	65.24261	17.829027	16.567131	13854	180.56456	1.7135012	63.251953	5.168272	5.0934815	12596	10.029772	0.4078402	3.3436801	4.1867337	4.1036973	12864	6.5695934	0.32479367	2.275912	6.3900323	6.3449	13606	10.0108185	0.49913457	3.6715019	0	0	0	0	0	0	0	0	0	0	0	0	0	0	0	0	0	0
F5_S21_subsampled_depth_14G_contig_7200	29.952833	29.999708	11535	169.77934	2.8124228	99.13713	28.569082	29.021957	11535	144.26651	2.6800678	95.13253	29.46008	29.649849	11535	148.86314	2.788913	98.74969	30.198946	30.731726	11526	180.3396	2.870034	106.945694	28.78744	29.288084	11363	161.7991	2.7147398	100.35768	31.224155	31.668587	11535	181.73085	2.970031	109.635315	0	0	0	0	0	0	0	0	0	0	0	0	0	0	0	0	0	0	5.7071586	4.3391237	10039	210.11084	14.522886	385.28015	6.392622	4.8235583	10823	325.9161	16.577332	431.08035	8.088537	6.5746074	11236	285.67188	18.903635	495.02618
F5_S21_subsampled_depth_14G_contig_7393	14.850073	13.817103	22296	156.3428	1.3857065	48.84577	15.046314	14.115952	22558	150.63304	1.405331	49.88409	16.083544	15.172899	22668	160.30496	1.5119208	53.533997	12.631115	11.990346	22191	94.7453	1.1956316	44.552654	13.192316	12.444891	22397	101.87347	1.2373236	45.740997	12.253672	11.575104	22344	103.603806	1.1584404	42.76251	0	0	0	0	0	0	0	0	0	0	0	0	0	0	0	0	0	0	4.7029243	4.581671	21278	9.090965	9.074877	240.74878	4.3737373	4.1830435	21968	7.789692	8.391555	218.2156	4.469146	4.3203626	22195	7.017828	8.070454	211.33951
F5_S21_subsampled_depth_14G_contig_7675	1623.6073	1398.0774	125577	2311967	152.1126	5361.9277	1666.4978	1444.7086	125586	2293341.3	156.12225	5541.765	1585.2239	1355.1017	125586	2362478.3	149.84045	5305.543	2237.1995	2021.173	125575	2235113.8	212.6049	7922.2695	2299.5906	2095.4578	125574	2114350.8	216.8762	8017.413	2238.7683	2023.8126	125586	2244539.3	212.3557	7838.871	1255.8873	1100.1869	125585	1320467.1	100.91548	827.3558	1048.4733	923.6529	125586	858149.8	82.10652	575.34143	1116.0671	970.8851	125586	1119887.8	87.25437	641.8201	3.7693803	3.5425532	115492	8.506897	7.4423156	197.43845	3.753197	3.5107622	117077	8.044449	7.1153555	185.0291	3.9900029	3.7630608	118590	8.399518	7.137834	186.91724
F5_S21_subsampled_depth_14G_contig_7680	4.025023	3.2718046	7127	37.22488	0.44495568	15.68456	4.1715875	3.5808208	7452	26.788616	0.45772317	16.247482	5.147359	4.662156	7703	24.836733	0.54120237	19.162863	4.2052164	3.493455	7488	42.21424	0.47711918	17.778833	3.1437838	2.7774673	6891	16.584726	0.33692864	12.455476	3.4019594	2.873658	6968	27.181627	0.39657122	14.638982	0	0	0	0	0	0	0	0	0	0	0	0	0	0	0	0	0	0	0	0	0	0	0	0	0	0	0	0	0	0	0	0	0	0	0	0
F5_S21_subsampled_depth_14G_contig_7831	391.73047	388.1081	20542	6580.128	36.86421	1299.4528	393.2967	390.21036	20542	7424.5557	37.00366	1313.4939	389.9785	386.06494	20542	8325.16	37.00998	1310.4473	359.0622	355.75253	20542	7050.108	34.253307	1276.377	363.465	360.16818	20542	6643.304	34.41048	1272.0764	351.1039	347.33585	20542	7434.5884	33.458225	1235.0724	164.25461	161.95946	20542	2741.8936	13.205655	108.26662	129.85606	127.640076	20542	1916.2023	10.174911	71.29822	165.70337	163.2722	20542	2795.933	12.961029	95.337875	2.675314	2.5865207	18473	3.3094625	5.858984	155.43391	1.9685171	1.846573	16804	2.6362503	3.8037078	98.91246	2.6861024	2.5411355	18478	4.2062554	4.986827	130.58911
F5_S21_subsampled_depth_14G_contig_8471	6.378634	6.2211213	11259	10.148249	0.6057019	21.350822	7.4574637	7.222112	11261	15.30716	0.7160896	25.418549	5.908329	5.8537745	11157	6.6677766	0.56842947	20.126932	5.584002	5.476818	11011	8.273823	0.5411167	20.163568	5.307651	5.2143846	11194	7.096459	0.5104331	18.86953	4.616016	4.470973	11238	7.2359357	0.4446716	16.414547	3.0116818	2.933921	10293	3.9002469	0.24965952	2.0468338	2.2367575	2.147018	9851	2.3469553	0.1825129	1.2789143	2.7193687	2.6277988	9850	3.8130608	0.22136687	1.6283165	0	0	0	0	0	0	0	0	0	0	0	0	0	0	0	0	0	0
F5_S21_subsampled_depth_14G_contig_9914	7.2083974	7.058052	11233	9.739683	0.67458814	23.77905	7.5602307	7.5202684	11224	10.147096	0.7108729	25.23337	8.658527	8.594835	11249	11.219302	0.83226943	29.46897	6.1608253	6.127915	11093	7.116051	0.58478683	21.790833	6.4841876	6.4108696	11192	7.654169	0.61146915	22.604599	7.6413193	7.52257	11193	10.537135	0.72585434	26.794083	0	0	0	0	0	0	0	0	0	0	0	0	0	0	0	0	0	0	4.601676	4.4640174	10917	6.850425	9.7594	258.9087	4.8687267	4.7623863	10900	6.567284	9.24452	240.39638	5.6897016	5.5859275	11179	8.512285	10.3733225	271.6444
F5_S21_subsampled_depth_14G_contig_10132	8.681962	7.937638	44190	48.53291	0.81309855	28.66149	8.595109	7.91167	43949	48.6996	0.80444807	28.55495	8.551209	7.848757	44144	46.022064	0.80869323	28.634169	9.933879	9.408963	44131	47.12331	0.9439836	35.17555	10.119225	9.690821	44240	41.834885	0.9533946	35.24479	10.7376375	10.22912	44324	47.076344	1.0180176	37.57897	3.0087981	2.7266393	37341	8.360108	0.24082403	1.9743975	2.6186383	2.3973582	33438	6.6490865	0.20417756	1.4307243	2.967357	2.6729748	36751	8.215574	0.23123257	1.7008866	0	0	0	0	0	0	0	0	0	0	0	0	0	0	0	0	0	0
F5_S21_subsampled_depth_14G_contig_10830	24099.787	22944.443	98755	35182616	2258.4326	79609.15	24936.225	23771.74	98755	36341360	2336.8264	82948.734	24976.484	23778.186	98755	37864308	2361.4607	83614.46	25586.842	24506.756	98755	37028416	2431.9229	90620.45	26791.266	25705.086	98755	36483436	2526.85	93411.85	25454.895	24357.8	98755	36504108	2414.9846	89146.41	12540.775	12386.17	98755	11157970	1008.2395	8266.058	11011.623	10866.653	98755	8321410.5	862.6749	6044.9824	12181.584	12019.975	98755	9816506	952.43536	7005.862	46.253586	45.409454	98755	146.09355	89.38144	2371.2158	48.49962	47.393295	98755	153.2595	91.72549	2385.248	49.409046	48.295094	98755	155.45804	88.44348	2316.0535
F5_S21_subsampled_depth_14G_contig_11128	13.844883	13.623997	42092	33.197662	1.2962756	45.693344	13.634199	13.597299	41953	30.4474	1.2770383	45.330147	14.800615	14.654721	42087	34.493958	1.4005543	49.590763	13.850318	13.798199	42003	27.92356	1.3169755	49.074284	13.363847	13.3850355	41546	26.59178	1.260941	46.614075	13.119216	13.037028	41812	28.113878	1.2433875	45.898216	12.331784	11.658668	42086	75.05641	0.99460137	8.154242	9.574841	9.10012	41087	44.29866	0.75152516	5.26613	11.274762	10.864627	41141	52.882545	0.88242406	6.4908814	6.9372334	6.6901603	41787	14.954697	13.425063	356.15567	7.995399	7.652205	41849	20.238443	15.293445	397.6938	6.865384	6.571421	41468	15.858366	12.40918	324.9568
F5_S21_subsampled_depth_14G_contig_12308	363.06604	360.10822	60273	2743.4521	33.98279	1197.884	359.53793	356.494	60273	2816.6897	33.654057	1194.595	355.87997	352.1919	60273	3003.097	33.614525	1190.2216	370.06256	360.5565	60273	8246.92	35.14204	1309.4934	374.9168	365.51178	60273	8270.815	35.319866	1305.6943	377.04312	367.89795	60273	8453.714	35.738766	1319.2561	123.01036	124.12219	60273	1403.6312	9.867628	80.89979	107.14306	107.74203	60221	1088.9591	8.375183	58.687027	128.48941	129.85837	60248	1433.0892	10.026387	73.75147	4.871813	4.7520466	58783	7.3807445	9.619888	255.20747	5.2058115	5.105154	59384	7.0956264	9.871224	256.69327	5.4634	5.361368	59824	7.2399163	9.831751	257.46237
F5_S21_subsampled_depth_14G_contig_13041	28255.098	28029.254	10935	257596290	2624.9895	92530.14	28178.71	27965.441	10950	256640700	2618.136	92934.195	27923.625	27735.129	10972	251120050	2617.1582	92668.2	24318.754	24167.04	10965	188373760	2291.5454	85389.58	25675.574	25491.516	10972	210831860	2400.2913	88733.26	25131.732	24960.002	10960	201292340	2363.606	87249.83	9821.454	9771.756	10939	28611384	781.9007	6410.417	8558.567	8512.193	10972	21554730	663.9896	4652.7427	9788.19	9739.149	10954	27914400	758.0942	5576.342	34.274532	33.88419	10739	447.6784	65.148796	1728.3434	37.576694	37.08809	10744	515.69885	70.64407	1837.0427	40.101738	39.604927	10767	571.4063	71.040245	1860.318
F5_S21_subsampled_depth_14G_contig_13712	9621.881	9639.96	16170	8153019.5	903.3058	31841.29	9272.405	9298.088	16170	7548897	870.2798	30891.73	8954.138	8971.985	16170	7128753	847.8727	30021.436	8179.287	8190.7793	16170	5858327	778.7732	29019.326	7664.1343	7666.113	16170	5059482.5	724.09204	26768.016	8022.154	8028.1704	16170	5623687.5	762.24316	28137.342	4971.177	4348.724	16170	18059072	404.9096	3319.652	3801.9802	3321.5752	16170	10607693	301.80634	2114.8335	5426.001	4794.459	16170	18781192	429.38757	3158.4612	210.97017	205.95616	16170	2493.0515	403.6887	10709.521	248.26541	243.4645	16170	2714.5925	469.15723	12200.061	223.80962	218.55077	16170	2459.831	400.66092	10492.034
F5_S21_subsampled_depth_14G_contig_13804	6.6239314	6.4519405	39893	13.230522	0.6210299	21.891125	6.5378194	6.3682823	40192	11.906391	0.61436695	21.807777	6.808458	6.6167316	40376	12.624216	0.64396983	22.801647	5.8871846	5.6344075	40067	12.683623	0.56206995	20.944351	6.423892	6.198688	40408	11.992738	0.6073342	22.45176	5.8063087	5.6568866	40036	10.230238	0.55262166	20.399403	0	0	0	0	0	0	0	0	0	0	0	0	0	0	0	0	0	0	0	0	0	0	0	0	0	0	0	0	0	0	0	0	0	0	0	0
F5_S21_subsampled_depth_14G_contig_14036	5.4963713	5.335253	12234	10.677668	0.51911056	18.2985	5.59933	5.474262	11959	12.552002	0.52905685	18.77957	4.7440786	4.655356	12425	6.5994377	0.44964418	15.920985	4.5462956	4.343404	12402	9.025831	0.43615136	16.252256	5.066273	5.045805	12415	5.765346	0.47613367	17.601574	4.036526	3.9404626	11745	6.1628075	0.3847389	14.202208	0	0	0	0	0	0	0	0	0	0	0	0	0	0	0	0	0	0	2.7949598	2.6513689	11142	4.504534	5.255206	139.4163	3.228487	3.110924	11959	4.962385	6.20254	161.29202	3.14108	3.0341985	12024	4.113848	5.827031	152.59146
F5_S21_subsampled_depth_14G_contig_14052	54.473553	54.029625	34650	99.8167	5.121695	180.53825	54.03104	53.58584	34650	97.95212	5.091424	180.72672	56.185173	55.65652	34653	128.38583	5.3385253	189.02626	54.31722	53.858437	34650	107.70251	5.1849046	193.20444	53.946613	53.46591	34649	116.52704	5.1031404	188.6513	53.13903	52.579815	34650	126.23871	5.066775	187.03423	30.578907	30.32583	34389	203.69678	2.4506269	20.091473	25.284033	25.27862	34404	123.7668	1.9741255	13.833196	28.119932	28.257559	34488	133.84592	2.1937008	16.136286	84.55905	84.42537	34649	206.69688	162.92538	4322.2744	83.33429	83.2261	34555	115.39366	157.86096	4105.0483	76.9665	76.712074	34639	145.20387	138.13203	3617.2378
F5_S21_subsampled_depth_14G_contig_14093	2.8369608	2.665934	2183	6.2821965	0.26344624	9.2864065	4.795014	4.775824	2546	5.9848824	0.4636146	16.4566	5.9085875	5.739341	2653	8.848726	0.5899655	20.889454	3.1899486	3.0575824	2259	5.5411024	0.32052106	11.943535	3.6873763	3.5454946	2424	5.6932015	0.34965706	12.926016	5.612584	5.511209	2598	11.794822	0.5598972	20.667973	10945.762	11280.294	2677	13287411	857.226	7027.9717	7922.4897	8158.0254	2677	7091055	604.8465	4238.3145	8736.808	9001.962	2677	8879123	664.52167	4888.047	0	0	0	0	0	0	0	0	0	0	0	0	0	0	0	0	0	0
F5_S21_subsampled_depth_14G_contig_1156|provirus_24058_66383	176.07466	170.87068	42326	15527.634	16.710552	589.04224	185.02373	178.8937	42326	17912.494	17.582727	624.122	197.48509	190.92816	42326	20178.123	18.945248	670.8123	217.72551	210.69913	42326	24841.42	20.998466	782.46313	215.43947	208.17787	42326	24332.756	20.638824	762.97003	216.9226	209.81487	42326	24141.691	20.863014	770.1346	6.1553016	5.4602475	33281	42.93754	0.4967638	4.0727196	5.116109	4.593783	32781	26.38346	0.40364707	2.8284583	6.817787	6.2732615	35918	40.120373	0.539331	3.967176	20.128225	18.18198	41498	974.23553	48.10945	1276.3035	15.308137	13.761749	41310	795.34467	33.59805	873.69025	21.497913	19.637249	41774	959.56506	42.954628	1124.8455
F5_S21_subsampled_depth_14G_contig_1810|provirus_2_11492	9.290451	9.132262	11482	14.6789465	0.8776444	30.936716	8.201305	8.168903	11479	10.995365	0.771997	27.403053	10.079094	9.98501	11491	10.2158785	0.95837426	33.934074	9.731858	9.666993	11437	16.163624	0.930888	34.687584	10.492285	10.424121	11491	9.864953	0.9935387	36.728836	10.883167	10.749094	11452	12.964038	1.027342	37.92315	1.9155277	1.8345253	9345	2.2000952	0.15169719	1.2436906	1.858919	1.7542863	8753	2.5340626	0.14582424	1.0218277	2.173706	2.0724993	9749	2.6216755	0.17004506	1.2508059	0	0	0	0	0	0	0	0	0	0	0	0	0	0	0	0	0	0
F5_S21_subsampled_depth_14G_contig_2407|provirus_3_74996	24.185158	24.050238	74994	40.09545	2.2793481	80.34642	24.474813	24.280285	74994	44.062798	2.309188	81.9677	26.22241	26.020384	74994	46.776424	2.4946992	88.3322	29.236292	29.100773	74994	50.36201	2.7936034	104.09774	29.220633	29.053059	74994	57.124382	2.7773058	102.6706	30.17455	30.054453	74994	51.855057	2.8837225	106.44933	0	0	0	0	0	0	0	0	0	0	0	0	0	0	0	0	0	0	2.9074075	2.7713926	67093	4.6069546	6.0760765	161.1933	2.258391	2.1408255	64941	2.8581164	4.3039675	111.92122	2.8518653	2.7408552	68944	3.721345	5.112521	133.88063
F5_S21_subsampled_depth_14G_contig_3124|provirus_1_11778	31.374699	30.338428	11778	100.43696	3.0657644	108.067314	32.169075	31.13434	11778	117.40393	3.149249	111.7867	28.784744	27.903498	11778	103.32022	2.8509686	100.94695	28.696852	27.986145	11778	67.00752	2.8302474	105.46322	28.564844	28.056183	11778	53.02348	2.8032262	103.62883	29.037323	28.197687	11778	91.93599	2.9026945	107.14966	0	0	0	0	0	0	0	0	0	0	0	0	0	0	0	0	0	0	5.8027177	5.324479	11339	20.027126	13.210595	350.4662	4.9871	4.7182302	11622	10.847515	10.228489	265.98367	6.7106123	6.108542	11773	20.364254	12.943555	338.9505
F5_S21_subsampled_depth_14G_contig_10622|provirus_2_16645	13.768947	13.7175	16644	17.740162	1.2991366	45.794205	13.728326	13.628923	16644	16.292473	1.2939101	45.929047	13.317631	13.077529	16644	17.287388	1.2609165	44.64648	12.736935	12.529503	16644	19.692566	1.2192096	45.431244	12.227658	12.059747	16644	15.667867	1.1605561	42.90311	12.635746	12.564866	16644	13.5548115	1.1998512	44.29114	2.8980236	2.7990704	14661	4.21988	0.23185405	1.9008559	2.028859	1.8905429	12514	3.432139	0.15981577	1.1198698	3.0739057	2.9084601	15048	5.3994365	0.24112473	1.7736504	6.370862	6.2810183	16356	9.988143	14.332006	380.21616	3.6931612	3.6089857	15664	5.2858834	7.084473	184.22604	5.51837	5.392429	16485	8.156669	10.112504	264.81433
F5_S21_subsampled_depth_14G_contig_11560|provirus_13187_34423	44.390526	43.645344	21237	345.9613	4.1716323	147.04892	46.907288	46.228672	21237	361.84927	4.4129057	156.64194	47.565655	46.7267	21220	390.6226	4.5303726	160.4112	48.418266	47.702724	21237	388.14474	4.62545	172.35757	47.90084	47.031563	21231	383.73697	4.5357723	167.67702	48.45056	47.633385	21228	361.0368	4.623805	170.68259	24.322237	23.756205	21227	116.23679	1.9671116	16.127378	18.510077	18.1136	21159	72.507065	1.4594325	10.226618	25.617632	25.11813	21234	116.446175	2.0043561	14.743515	2.7157016	2.615944	18093	3.8160212	5.8459396	155.08786	2.0689523	1.91949	17675	3.0622091	3.9066713	101.58987	2.7464314	2.546288	18430	5.229971	4.8995914	128.30472
F5_S21_subsampled_depth_14G_contig_11669|provirus_110878_139555	129.0334	69.005104	28678	95597.56	13.077463	460.97705	123.62016	66.585686	28678	85564.12	12.497202	443.60468	135.805	73.6783	28678	102354.68	13.842271	490.12643	133.69952	75.49645	28678	91062.9	13.678252	509.6909	129.01659	73.355194	28678	83961.195	13.099269	484.24976	130.00182	75.04549	28678	84062.85	13.298111	490.8847	0	0	0	0	0	0	0	0	0	0	0	0	6.3449945	4.3010206	23057	135.60818	0.5303955	3.901449	3.626963	3.2567768	23387	13.195995	7.9871144	211.89145	2.7787788	2.411357	23638	9.836677	5.6077	145.82376	4.125456	3.55067	25789	28.77842	7.8847733	206.4771
F6_S22_subsampled_depth_14G_contig_144	24.503494	22.930283	6875	246.28127	2.4209158	85.33662	47.92089	46.064762	6833	550.1801	4.7284737	167.8434	60.957325	58.97505	6874	993.05115	6.090733	215.66034	6.6703343	6.4589458	6714	12.676105	0.6614669	24.648157	8.742007	8.252933	6762	34.824417	0.8725984	32.257973	9.8	9.203535	6722	40.814693	0.97587126	36.023174	78542.95	80486.73	6723	350277400	6196.3125	50800.49	76927.77	78818.83	6724	339142300	5913.2524	41435.668	57191.652	58570.043	6723	190221100	4387.2256	32271.266	0	0	0	0	0	0	0	0	0	0	0	0	0	0	0	0	0	0
F6_S22_subsampled_depth_14G_contig_355	0	0	0	0	0	0	0	0	0	0	0	0	0	0	0	0	0	0	2.3302858	2.3713562	908	0.85531735	0.195325	7.27837	0.87314284	0.8365019	794	0.38320237	0.124527514	4.6034966	0	0	0	0	0	0	0	0	0	0	0	0	4.3337145	4.17237	901	12.792397	0.35439643	2.4833457	2.0331428	2.050697	970	0.6316234	0.1483969	1.0915686	0	0	0	0	0	0	0	0	0	0	0	0	0	0	0	0	0	0
F6_S22_subsampled_depth_14G_contig_847	5.8346	5.784934	9676	8.675863	0.54352564	19.159134	6.0933414	5.907668	9968	10.159034	0.57584876	20.440512	5.45789	5.391735	9761	7.346569	0.51276875	18.156084	6.7837234	6.57989	9988	10.582857	0.64671683	24.098524	6.4085336	6.230717	9870	12.179018	0.6045565	22.349068	6.2090807	6.1044927	9883	7.6200747	0.58569497	21.620266	4.746022	4.6480126	9445	8.425658	0.3840428	3.1485767	2.9572313	2.820966	9411	4.005874	0.23981024	1.6804104	4.2446537	4.106407	9483	6.937706	0.3340671	2.4573088	1.9766899	1.8170251	0	3.3803608	0	0	0	0	0	0	0	0	1.9189217	1.7548699	7592	3.344125	3.4625344	90.6727
F6_S22_subsampled_depth_14G_contig_1019	3.1218755	2.9257805	14170	6.092141	0.2938343	10.357573	3.2665758	3.0742884	15413	6.0667567	0.30766883	10.921117	3.7276561	3.5296671	14673	7.479539	0.35498533	12.569302	3.2100725	3.0528564	14567	5.520127	0.30933475	11.526707	3.1197047	2.9711254	13699	5.9787226	0.29980406	11.083076	3.2801588	3.11288	15127	5.462692	0.3114068	11.495223	0	0	0	0	0	0	0	0	0	0	0	0	0	0	0	0	0	0	0	0	0	0	0	0	0	0	0	0	0	0	0	0	0	0	0	0
F6_S22_subsampled_depth_14G_contig_1257	6.4824786	6.318494	13646	14.784865	0.6092489	21.475863	7.4612236	7.292325	13772	17.94618	0.6973531	24.753479	6.0300875	5.882719	13705	10.492381	0.570101	20.186098	6.4136147	6.307005	13853	10.833721	0.6095729	22.714441	7.1146774	6.844184	13920	21.966377	0.67505985	24.955404	6.6754274	6.4031434	13655	20.199278	0.6358514	23.471731	0	0	0	0	0	0	0	0	0	0	0	0	0	0	0	0	0	0	399.96432	391.27805	14076	30772.21	770.2473	20434.018	401.05722	399.51028	14074	24519.91	759.2748	19744.336	427.32715	427.01132	14076	26892.943	764.77765	20027.092
F6_S22_subsampled_depth_14G_contig_1446	7.307872	6.919204	12155	19.776583	0.74499	26.260683	8.322533	7.8942156	12155	24.923624	0.8307701	29.489265	9.106039	8.718371	12155	23.640453	0.9118733	32.287548	9.48005	8.990652	12155	31.544027	0.9553329	35.59847	9.045565	8.568995	12155	32.641457	0.9054271	33.47156	9.750354	9.046923	12155	56.928753	1.0123243	37.368797	0	0	0	0	0	0	0	0	0	0	0	0	0	0	0	0	0	0	0	0	0	0	0	0	0	0	0	0	0	0	0	0	0	0	0	0
F6_S22_subsampled_depth_14G_contig_1646	3.1882865	3.0942154	11600	3.6288266	0.3002752	10.584615	3.2788517	3.186055	11213	4.7619853	0.30597213	10.860886	3.7056017	3.6468976	11148	5.532688	0.35261405	12.485338	5.349428	5.1554418	12091	9.930867	0.50895053	18.964966	5.4281483	5.2730513	11772	11.607146	0.51050293	18.87212	5.0910587	4.997898	11541	10.028315	0.48251238	17.811401	0	0	0	0	0	0	0	0	0	0	0	0	2.0516574	1.9108106	9883	3.2072687	0.16067187	1.1818597	235.49806	232.68391	12279	13633.563	456.81317	12118.87	239.3537	238.38252	12243	13421.899	460.4906	11974.694	238.64021	237.09001	12246	13667.801	434.09793	11367.646
F6_S22_subsampled_depth_14G_contig_1817	7.836707	7.5337353	15802	19.701458	0.7583766	26.732573	7.579539	7.3713374	15734	13.813494	0.7243933	25.713295	7.596526	7.3441644	15717	16.158697	0.73890865	26.163242	9.1859	8.63448	15809	31.994116	0.8973481	33.437775	7.7038765	7.4733596	15802	15.550126	0.74011	27.360176	8.005109	7.732458	15809	17.289669	0.77924454	28.764915	0	0	0	0	0	0	0	0	0	0	0	0	0	0	0	0	0	0	0	0	0	0	0	0	0	0	0	0	0	0	0	0	0	0	0	0
F6_S22_subsampled_depth_14G_contig_2419	16.750242	16.45058	11537	45.385715	1.690829	59.601265	15.8075	15.278271	11537	44.930626	1.5940703	56.583626	16.31369	15.814519	11537	47.45701	1.6525854	58.514675	15.411171	14.730511	11537	58.7243	1.5915703	59.306484	14.109775	13.673139	11537	38.01079	1.453019	53.71478	14.120049	13.620548	11537	41.696545	1.4563001	53.75767	0	0	0	0	0	0	0	0	0	0	0	0	0	0	0	0	0	0	75.49776	74.91892	11537	480.88513	152.20541	4037.882	88.46395	87.0563	11537	812.32355	178.2801	4636.0313	99.2127	97.62455	11537	892.137	190.47179	4987.85
F6_S22_subsampled_depth_14G_contig_2694	8.629983	8.5421915	16231	11.290287	0.81099564	28.587374	8.765143	8.643866	16224	13.5383415	0.818704	29.06097	9.421849	9.326583	16248	14.162559	0.89063233	31.53546	11.704135	11.559827	16215	16.639889	1.1051127	41.17968	11.289168	11.251498	16191	14.748969	1.0707077	39.581608	11.618761	11.461252	16255	16.497938	1.1039906	40.75255	0	0	0	0	0	0	0	0	0	0	0	0	0	0	0	0	0	0	0	0	0	0	0	0	0	0	0	0	0	0	0	0	0	0	0	0
F6_S22_subsampled_depth_14G_contig_4444	13.9934025	11.544456	55173	208.40149	1.3516153	47.64406	13.428784	11.257184	55173	178.56303	1.2977868	46.066654	13.4577	11.345308	55142	170.63855	1.3116009	46.441113	13.833961	11.429495	55173	202.71259	1.355332	50.503548	12.42833	10.077119	55031	193.18362	1.2145683	44.899815	13.493194	11.249571	55173	188.92792	1.3215746	48.784416	0	0	0	0	0	0	0	0	0	0	0	0	0	0	0	0	0	0	48.71145	40.373013	55110	4931.5396	98.46831	2612.2815	61.512096	51.39268	55161	7591.622	124.12054	3227.656	56.912292	45.35694	55156	9692.812	109.75939	2874.2488
F6_S22_subsampled_depth_14G_contig_5815	4.2399483	4.0193024	24710	8.409879	0.39901364	14.065127	4.310891	4.102843	24486	8.9147415	0.40888906	14.514052	4.575325	4.2752085	24997	9.876204	0.43474793	15.393535	4.7704673	4.519717	25185	8.480446	0.45595568	16.990215	5.0662656	4.7851	24697	11.774792	0.47933775	17.720013	4.660103	4.3647757	24828	10.513032	0.44843778	16.553562	0	0	0	0	0	0	1.9125103	1.7664527	19447	3.0439134	0.15017726	1.0523304	2.1966357	1.9982969	0	4.5335755	0	0	2.609205	2.353247	20963	5.750229	5.22165	138.52596	2.3719687	2.1943316	22009	3.9939346	4.5184593	117.49887	3.605353	3.4138608	24504	5.8094635	6.4924607	170.01683
F6_S22_subsampled_depth_14G_contig_6570	17.362043	17.313913	38256	40.288124	1.6351758	57.63947	16.6964	16.717722	38256	37.730034	1.5719562	55.798683	16.93707	16.908182	38256	30.223055	1.6037298	56.78478	15.7350025	15.65477	38256	36.38357	1.5016057	55.954178	15.058337	14.965273	38256	30.041136	1.4302416	52.87273	15.938042	15.911068	38256	32.26718	1.5212778	56.15625	7.592505	7.3831935	37476	22.384634	0.61246264	5.021278	7.57445	7.329222	38102	17.99599	0.5951477	4.170351	8.522437	8.328931	37766	22.998327	0.6688898	4.920177	0	0	0	0	0	0	0	0	0	0	0	0	0	0	0	0	0	0
F6_S22_subsampled_depth_14G_contig_6903	136.46126	121.83633	10060	17083.766	14.009571	493.83344	141.52725	126.84563	10060	17706.229	14.491699	514.402	158.1894	143.6111	10060	21126.719	16.250772	575.40643	170.00404	152.78577	10060	25429.752	17.61985	656.5663	167.14803	149.75247	10060	23932.734	17.237278	637.2224	171.63724	154.15572	10060	24720.693	17.813591	657.56854	0	0	0	0	0	0	4.116246	3.2136772	7697	35.768906	0.36691383	2.5710583	4.687891	4.02713	8962	25.067076	0.41638052	3.0627847	11.875883	9.442489	9917	249.14154	28.42736	754.1542	8.90111	7.55213	8802	108.17469	18.386549	478.1277	13.681836	11.10482	9789	297.67966	26.592989	696.3859
F6_S22_subsampled_depth_14G_contig_6928	7.9669027	7.90316	15291	10.175284	0.7451582	26.26662	8.703696	8.471676	15355	14.415506	0.8164722	28.981758	7.8002357	7.6494102	15257	12.646854	0.74151725	26.2556	10.35673	10.159458	15268	20.85963	0.9773177	36.417683	10.259274	10.0058975	15330	18.230083	0.9655527	35.694267	10.475489	10.394859	15350	14.944574	0.99500525	36.729465	0	0	0	0	0	0	0	0	0	0	0	0	0	0	0	0	0	0	3.2999737	3.1705258	13669	5.505146	6.5973125	175.02122	3.404116	3.2716615	14328	5.0682454	6.5832314	171.19168	4.191375	4.1241446	14891	4.459146	7.6082063	199.23479
F6_S22_subsampled_depth_14G_contig_7243	6.6721673	6.5169187	11524	10.399803	0.6268578	22.096575	6.741771	6.588006	11540	10.676815	0.63045454	22.37882	7.472571	7.361872	11541	10.774376	0.7038327	24.921276	8.933117	8.720234	11543	17.578218	0.8461662	31.530584	8.875275	8.82155	11535	12.483124	0.8342531	30.84042	9.346177	9.216772	11526	17.503044	0.8804986	32.502605	0	0	0	0	0	0	0	0	0	0	0	0	0	0	0	0	0	0	0	0	0	0	0	0	0	0	0	0	0	0	0	0	0	0	0	0
F6_S22_subsampled_depth_14G_contig_7475	5.0631633	4.890035	11700	9.648833	0.47809345	16.852661	4.859665	4.643581	11923	9.343729	0.45956606	16.312908	4.0910974	3.9025602	11127	9.459081	0.38908145	13.776572	5.2601957	5.1207404	12075	9.376129	0.5058008	18.847588	4.6065154	4.4217167	11466	9.876078	0.43659285	16.139841	4.602702	4.380457	11818	10.317232	0.44411257	16.393913	3.537301	3.4874747	11537	4.2096663	0.28051385	2.2997944	3.2083886	3.1128201	11072	4.5537686	0.2503999	1.7546158	2.9215848	2.8133173	11053	4.557889	0.2260786	1.6629742	0	0	0	0	0	0	0	0	0	0	0	0	0	0	0	0	0	0
F6_S22_subsampled_depth_14G_contig_8173	45.90887	44.439457	29328	737.8412	4.3524776	153.42363	44.4538	43.0345	29328	670.6898	4.2168717	149.68346	41.117313	39.329983	29328	608.15356	3.9359627	139.36433	39.905922	38.596985	29328	483.23804	3.8540573	143.61324	40.489204	39.334095	29328	492.92004	3.8623173	142.78102	40.004078	38.69229	29328	486.66455	3.8388114	141.70529	0	0	0	0	0	0	0	0	0	0	0	0	0	0	0	0	0	0	46.461205	42.80687	29328	861.3456	92.88004	2464.03	68.09027	62.63925	29328	1594.9004	134.30493	3492.4937	65.09727	59.624096	29328	1445.9058	122.6636	3212.1702
F6_S22_subsampled_depth_14G_contig_8199	17555.201	18173.346	68210	28250218	1643.5135	57933.402	17266.473	17881.754	68210	26981862	1616.4927	57379.54	16749.775	17334.861	68210	26020782	1582.064	56017.637	16592.246	17163.621	68210	25463392	1575.662	58713.707	15797.811	16346.488	68210	22952704	1488.7279	55034.84	16110.944	16669.805	68210	23942672	1527.1267	56372.15	20065.975	20221.969	68210	66218656	1611.5322	13212.152	15404.666	15512.539	68210	38897780	1205.6669	8448.414	18245.688	18380.334	68210	53354876	1425.1597	10483.099	25.92624	26.228018	67738	98.768715	50.561913	1341.3656	27.295387	27.776978	67878	93.44862	51.63161	1342.639	22.70908	22.898897	67794	77.337074	40.683266	1065.3652
F6_S22_subsampled_depth_14G_contig_8326	3.833969	3.7394385	16575	4.200813	0.36407834	12.833659	4.1877236	4.0540986	15786	7.3174	0.3981931	14.134391	4.619011	4.496623	16603	6.0257072	0.4395383	15.563155	4.0456495	3.9255729	16691	5.32374	0.39615902	14.762016	3.9250298	3.7733412	16638	5.017562	0.37445295	13.842671	3.7486293	3.6184611	16369	5.121266	0.36002964	13.290079	0	0	0	0	0	0	0	0	0	0	0	0	0	0	0	0	0	0	24.815615	24.794067	16916	42.923386	47.137104	1250.5079	31.486471	31.472057	16930	50.343166	59.494453	1547.1058	32.293922	32.387897	16924	46.078224	57.7284	1511.7234
F6_S22_subsampled_depth_14G_contig_8552	11.1209955	10.92517	14729	23.661724	1.0763745	37.94189	10.117772	9.974319	14729	20.024471	0.98337686	34.90627	10.789766	10.513831	14729	27.203226	1.072264	37.96665	11.037794	10.776118	14729	26.991922	1.0854809	40.448135	10.679813	10.39526	14724	24.128645	1.052431	38.905937	10.399067	10.264878	14729	20.85761	1.0331212	38.13648	0	0	0	0	0	0	0	0	0	0	0	0	0	0	0	0	0	0	15.542356	14.389622	14535	180.21489	32.482803	861.7418	16.464573	14.715462	14423	280.13736	33.912735	881.87384	21.185266	19.612131	14726	342.95273	41.766182	1093.7238
F6_S22_subsampled_depth_14G_contig_9857	5.1788764	5.0253506	52071	8.093677	0.4876252	17.188656	5.501032	5.324175	52242	9.445604	0.51712966	18.356197	5.470585	5.343425	51931	8.460416	0.5190229	18.377531	5.4641094	5.356805	52509	7.769508	0.5208508	19.408396	5.03022	4.904866	52379	7.2068043	0.4755729	17.58084	5.364986	5.2233396	52035	8.898479	0.5104753	18.843616	0	0	0	0	0	0	0	0	0	0	0	0	0	0	0	0	0	0	2.5389204	2.3889508	43890	4.206832	5.6862183	150.85054	0	0	0	0	0	0	2.3299377	2.2330592	46673	2.7987921	4.24908	111.26989
F6_S22_subsampled_depth_14G_contig_9998	10.192793	9.854407	33852	32.066402	0.95837593	33.78247	9.819249	9.371165	33815	32.52757	0.9182909	32.595943	9.26463	8.829527	33815	33.9712	0.87390506	30.943178	10.3621235	10.031043	33865	33.580284	0.98602843	36.742256	9.875071	9.387247	33865	31.328047	0.9297124	34.369328	10.133294	9.877575	33865	24.784332	0.9614828	35.492058	0	0	0	0	0	0	0	0	0	0	0	0	0	0	0	0	0	0	3.171348	3.0381942	31136	4.8610406	6.29149	166.90802	3.22969	3.1289504	31215	4.63734	6.217049	161.66946	3.7841911	3.6316361	32739	5.696796	6.8676333	179.84143
F6_S22_subsampled_depth_14G_contig_11119	41.29794	40.372673	28562	318.94583	4.0390754	142.37636	42.40659	41.344948	28562	343.63245	4.1423273	147.03743	46.630474	45.63593	28562	438.04422	4.6069255	163.1217	46.56828	45.491592	28562	449.7655	4.623831	172.29726	47.12354	45.959057	28562	418.31125	4.62978	171.15234	47.8199	46.645824	28562	460.322	4.72242	174.32277	12.643496	12.007547	28562	61.228256	1.0307837	8.450888	11.554132	11.206789	28299	45.521866	0.9111953	6.3849745	11.972652	11.473878	28462	54.79581	0.94670933	6.9637456	3.115233	2.8374002	25161	10.365518	6.9660964	184.80478	2.8095875	2.663421	26088	4.7509723	5.5508914	144.34647	3.5615938	3.286759	27234	13.225343	6.853064	179.45988
F6_S22_subsampled_depth_14G_contig_11240	8.854279	7.6510677	53170	76.790695	0.82784724	29.181389	8.739123	7.566051	53378	76.28806	0.8162996	28.975622	8.637872	7.394804	52786	85.42479	0.8151228	28.861832	7.952401	7.007385	52265	59.573303	0.7540517	28.098148	8.317696	7.39863	52862	58.11139	0.7842108	28.990465	7.887159	6.851216	52976	63.31056	0.7474168	27.590048	5.496149	5.3100343	50880	13.759699	0.4425698	3.6284094	3.9696004	3.748447	47912	9.582176	0.31001803	2.1723762	4.8899546	4.6434155	50776	13.1641245	0.3806278	2.7997987	0	0	0	0	0	0	0	0	0	0	0	0	0	0	0	0	0	0
F6_S22_subsampled_depth_14G_contig_12511	5.917202	5.878999	14281	8.32222	0.562037	19.811644	6.0919824	5.934474	14475	10.523308	0.5880017	20.871891	5.440232	5.312284	14322	7.8011417	0.5241635	18.55956	5.36282	5.2796745	14414	7.694734	0.5170533	19.26689	5.224363	5.089235	14279	7.8320484	0.5040529	18.633675	5.7244663	5.5999384	14208	10.224628	0.5473388	20.204395	0	0	0	0	0	0	0	0	0	0	0	0	0	0	0	0	0	0	0	0	0	0	0	0	0	0	0	0	0	0	0	0	0	0	0	0
F6_S22_subsampled_depth_14G_contig_12764	7115.961	7313.394	13643	3200499.8	661.328	23311.63	6450.4824	6620.2827	13567	2683684	599.40234	21276.578	7303.465	7506.766	13637	3057437.5	684.68555	24243.307	7099.5894	7295.5615	13728	2924275.5	669.19073	24935.97	7419.837	7622.0483	13671	3018411.5	694.11145	25659.705	7602.4585	7815.923	13677	3201450.8	715.3089	26404.814	6832.873	6598.1255	13728	27995882	545.1791	4469.6543	5842.278	5637.4917	13719	20613252	454.26678	3183.1633	6845.8286	6630.209	13726	26541606	531.2309	3907.5947	10.475549	10.304615	13562	21.668585	20.2197	536.4119	11.070481	11.009	13474	22.41921	20.75921	539.8267	13.240905	13.288414	13396	26.450983	23.561363	616.99725
F6_S22_subsampled_depth_14G_contig_13144	3.7343142	3.6138613	15891	5.8388453	0.34699973	12.231643	3.5155811	3.4684696	15938	3.8631237	0.32689646	11.603625	4.0097494	3.881786	16228	6.013722	0.37618157	13.319821	3.1966026	3.111569	16173	3.5903077	0.3017966	11.245805	2.7112267	2.5532594	14778	4.1769233	0.25390095	9.386136	3.2141275	3.1505747	15730	3.4506173	0.30209687	11.151566	0	0	0	0	0	0	0	0	0	0	0	0	0	0	0	0	0	0	0	0	0	0	0	0	0	0	0	0	0	0	0	0	0	0	0	0
F6_S22_subsampled_depth_14G_contig_13283	34.846607	34.62351	29440	264.82242	3.2741423	115.41265	34.744434	34.639465	29632	210.38051	3.258097	115.65042	34.033165	33.961723	29500	223.06999	3.2361166	114.584206	31.708595	31.822802	29598	190.12704	3.0240939	112.686455	31.367289	31.039972	29543	219.32903	2.9646645	109.59685	31.234764	31.31198	29661	213.10298	2.9815762	110.061485	4.340425	3.983703	25222	16.256252	0.3480628	2.8535933	3.6418579	3.407392	26199	9.097152	0.28594807	2.00371	4.959789	4.6927247	27447	14.590871	0.38766444	2.8515584	4.336868	3.752343	25923	20.304905	9.209577	244.3223	3.8477252	3.5328767	26710	10.674385	7.536835	195.98943	5.021071	4.3019686	26732	29.401344	9.279811	243.00868
F6_S22_subsampled_depth_14G_contig_1284|provirus_7803_32015	177.70786	174.01671	24213	5833.5967	16.778746	591.4461	183.96576	180.63766	24213	5734.157	17.358795	616.17346	188.07913	183.85455	24213	6607.2725	17.91564	634.356	201.31213	197.88193	24213	6302.4385	19.2777	718.3425	201.80272	199.40375	24213	6172.4175	19.196157	709.6378	204.41142	201.22145	24213	6050.556	19.538782	721.2517	17.725637	15.80242	22971	359.48337	1.4219743	11.658065	14.956614	13.744055	22535	204.47496	1.1663259	8.172739	18.721563	17.442814	23625	271.85034	1.4559816	10.709822	16.34256	16.236414	24213	48.22754	34.481342	914.7611	13.660724	13.5071335	24206	40.838417	26.00389	676.21027	17.736443	17.676363	24213	43.191444	31.90282	835.4336
F6_S22_subsampled_depth_14G_contig_1889|provirus_33696_80854	16.602673	16.50136	47159	40.413654	1.5621611	55.06578	16.76649	16.729963	47159	42.117683	1.5790364	56.04999	16.358294	16.172115	47151	42.304417	1.5559102	55.09157	17.315174	17.28526	47159	43.640953	1.6523647	61.571846	16.048544	15.959016	47159	43.942585	1.5208105	56.220875	17.435896	17.35243	47159	48.422035	1.6654184	61.47703	0	0	0	0	0	0	0	0	0	0	0	0	3.1415899	2.8398685	38734	9.472251	0.2451307	1.8031163	197.76233	197.21983	47159	692.16064	379.38586	10064.791	243.64836	243.44542	47159	1054.2369	463.01648	12040.373	219.66606	218.98686	47159	782.275	395.16037	10347.99
F6_S22_subsampled_depth_14G_contig_2129|provirus_8210_25130	78.57349	76.63829	16921	993.85	7.518841	265.03714	79.150734	76.83346	16921	1002.35706	7.610533	270.146	76.49681	74.69142	16921	1071.8469	7.374381	261.1116	69.45102	67.63471	16921	850.5901	6.788994	252.97742	70.43366	68.5578	16921	1012.57697	6.779779	250.63293	74.10047	72.15177	16921	935.7789	7.2297316	266.8773	0	0	0	0	0	0	0	0	0	0	0	0	0	0	0	0	0	0	114.74181	91.15224	16921	25540.27	234.40115	6218.465	142.99916	117.30341	16921	32503.322	290.34296	7550.138	141.23273	113.503944	16921	38092.13	271.76175	7116.5747
F6_S22_subsampled_depth_14G_contig_2165|provirus_255_52730	56.48538	52.79403	52476	2412.1396	5.3311386	187.9212	59.3525	55.758038	52476	2694.2908	5.6046877	198.94582	64.82672	60.709305	52450	3241.648	6.176536	218.69852	71.47812	67.15849	52476	3773.1213	6.8603325	255.63571	69.212	64.85147	52451	3501.9326	6.5898137	243.61034	70.24514	66.086296	52467	3677.9375	6.714631	247.86304	0	0	0	0	0	0	0	0	0	0	0	0	0	0	0	0	0	0	6.4311814	5.6492124	45068	58.913097	14.53085	385.4913	4.5552306	4.0125704	43395	29.793404	8.668577	225.41943	6.5599513	5.910222	45234	59.656216	11.784446	308.59705
F6_S22_subsampled_depth_14G_contig_3673|provirus_26296_68320	11.010268	9.954257	41785	94.216354	1.0619379	37.433037	10.629803	9.48412	41869	98.38185	1.0296044	36.54718	11.437397	10.36183	41776	103.12128	1.1135459	39.428387	9.533015	8.5647	41838	78.5938	0.9296653	34.641994	9.404537	8.558518	41632	66.76298	0.9155642	33.84632	9.13194	8.326435	41488	67.29704	0.8957149	33.06429	0	0	0	0	0	0	0	0	0	0	0	0	0	0	0	0	0	0	0	0	0	0	0	0	0	0	0	0	0	0	0	0	0	0	0	0
F6_S22_subsampled_depth_14G_contig_4675|provirus_14629_31512	15.115394	10.94038	16884	608.775	1.7877584	63.01798	14.802976	10.464214	16884	686.8284	1.7984215	63.837353	17.715132	12.711127	16884	885.67395	2.1092958	74.68584	19.790426	14.262847	16884	1038.706	2.3639493	88.08757	19.803036	14.0712385	16884	1135.9061	2.3746367	87.78482	19.420223	13.588501	16884	1168.3397	2.331773	86.07476	0	0	0	0	0	0	0	0	0	0	0	0	0	0	0	0	0	0	0	0	0	0	0	0	0	0	0	0	0	0	0	0	0	0	0	0
F6_S22_subsampled_depth_14G_contig_7096|provirus_86028_117078	18.856121	18.493725	31005	74.77929	1.7761168	62.607643	20.499044	20.07062	31019	90.242165	1.9353466	68.69766	21.409727	21.157492	31026	97.71609	2.0345078	72.03773	22.614155	22.213764	31050	99.66042	2.1655123	80.69321	22.49018	22.175829	31013	88.5399	2.1384668	79.05424	24.09511	23.68552	31050	113.746895	2.30089	84.934715	0	0	0	0	0	0	0	0	0	0	0	0	0	0	0	0	0	0	0	0	0	0	0	0	1.8010421	1.6645931	24230	2.5483108	3.4039605	88.517296	2.1724539	1.9927727	24383	3.9761808	3.9571512	103.62517
F6_S22_subsampled_depth_14G_contig_9087|provirus_42461_70026	4950.5864	4957.4863	27566	15136753	462.95078	16318.893	5056.5806	5066.0313	27566	15778133	472.8915	16785.91	4158.7856	4175.7417	27566	10469343	392.41544	13894.625	6732.304	6740.955	27566	28681584	638.2424	23782.748	6138.397	6142.1133	27566	23716620	577.678	21355.428	6340.631	6354.4063	27566	25003724	600.23596	22157.027	0	0	0	0	0	0	0	0	0	0	0	0	0	0	0	0	0	0	10.8461485	10.689901	27508	23.787388	21.083033	559.3153	11.712941	11.558032	27548	21.945313	22.26369	578.9496	15.477933	15.380978	27566	28.07392	28.032064	734.07043
F6_S22_subsampled_depth_14G_contig_12088|provirus_147230_192051	139.71846	140.3244	44822	6335.8896	13.1180525	462.40784	143.15538	143.52562	44822	6969.98	13.438505	477.01752	138.43208	138.43623	44822	6326.421	13.116276	464.42044	141.21806	141.41173	44822	6670.102	13.443286	500.93542	145.35976	145.73013	44822	6912.331	13.725084	507.38483	137.81418	137.75558	44822	6262.5186	13.103041	483.6839	80.75432	76.94471	40655	4023.8708	6.530931	53.543854	67.25582	63.93118	40538	2840.1711	5.310487	37.21193	81.66205	77.19236	41482	4246.568	6.4258647	47.26698	59.3493	59.2136	44822	106.85886	114.42264	3035.5366	57.792374	57.642193	44822	107.15677	109.69771	2852.602	65.2678	65.00604	44822	98.46988	117.170906	3068.3337
F7_S23_subsampled_depth_14G_contig_188	6.921201	6.67683	10607	10.204769	0.6515892	22.968344	6.51401	6.466695	10537	8.513408	0.6076401	21.568985	6.4554844	6.2897058	10465	11.91235	0.61033857	21.610846	6.0702877	5.8605123	10571	12.298904	0.58512795	21.803555	5.8508177	5.7468395	10607	4.9532595	0.5522099	20.41392	5.288515	5.1991925	10494	6.419526	0.5073599	18.728615	0	0	0	0	0	0	0	0	0	0	0	0	1.6591756	1.4901732	7994	2.6454957	0.13016517	0.95746076	0	0	0	0	0	0	0	0	0	0	0	0	0	0	0	0	0	0
F7_S23_subsampled_depth_14G_contig_349	9.844253	9.720664	92723	21.274206	0.92562675	32.62807	9.634799	9.509999	92649	19.847971	0.90350705	32.071163	10.152393	10.048313	92265	22.148815	0.9611436	34.03211	10.431557	10.308634	92756	24.05637	0.99405175	37.041233	10.446968	10.305243	92798	22.716099	0.9872044	36.494694	10.432442	10.322868	92790	22.140596	0.9924073	36.63358	9.397392	9.180744	92495	22.512667	0.7570783	6.206911	7.8120074	7.6054163	92547	16.761501	0.6150607	4.3098865	8.252752	8.039555	92294	19.841442	0.6446331	4.7417526	0	0	0	0	0	0	0	0	0	0	0	0	0	0	0	0	0	0
F7_S23_subsampled_depth_14G_contig_777	5.647125	5.4350266	10829	9.492449	0.5592542	19.713562	5.1676483	4.889374	10835	8.778979	0.52278036	18.556782	6.163815	5.926976	10816	11.915373	0.61924773	21.926289	6.868911	6.643295	10671	13.590071	0.68568945	25.550762	7.2107525	6.8143764	10845	16.903774	0.7153268	26.44399	7.1808324	6.828607	10839	15.516575	0.7292015	26.91766	0	0	0	0	0	0	0	0	0	0	0	0	0	0	0	0	0	0	0	0	0	0	0	0	0	0	0	0	0	0	0	0	0	0	0	0
F7_S23_subsampled_depth_14G_contig_793	3.8028493	3.6733491	12290	5.7069736	0.35634625	12.561105	3.9849625	3.7784226	12089	7.93202	0.37506023	13.313255	3.8432133	3.7691023	12106	5.6940312	0.36836573	13.043073	3.4368818	3.271784	11947	5.6747193	0.32661477	12.170611	4.146181	3.9710717	12254	7.899715	0.3882523	14.352799	3.7326474	3.5808494	11767	6.7293725	0.3606361	13.312469	0	0	0	0	0	0	0	0	0	0	0	0	0	0	0	0	0	0	23.039335	21.015211	12737	368.88312	44.736683	1186.8268	26.979738	24.345732	12773	597.4902	52.936863	1376.581	24.935339	23.005892	12725	417.34857	45.887676	1201.6523
F7_S23_subsampled_depth_14G_contig_866	16.345625	16.342075	10699	18.252737	1.5450935	54.464123	15.806237	15.776619	10699	22.558388	1.4961511	53.10787	17.195185	17.083834	10699	23.268215	1.6477075	58.341938	16.530098	16.38515	10699	27.37749	1.594597	59.41926	14.89819	14.774092	10699	18.977875	1.4130604	52.23761	16.80074	16.6	10699	26.656155	1.6063887	59.298004	0	0	0	0	0	0	0	0	0	0	0	0	0	0	0	0	0	0	40.18248	39.97704	10699	78.41619	78.71909	2088.352	52.01441	51.574722	10699	86.06864	100.782646	2620.772	48.622334	48.225067	10699	83.18198	89.76568	2350.678
F7_S23_subsampled_depth_14G_contig_962	5.16506	4.9593444	10166	9.79292	0.4853862	17.109728	4.521739	4.3681965	10142	7.5129075	0.42381188	15.0437565	5.470293	5.282623	10202	10.9169235	0.5158367	18.264713	5.4027147	5.2224045	10227	10.446756	0.51845837	19.319256	5.2584105	5.1574864	10178	7.880389	0.49629807	18.34701	5.531084	5.4563932	10083	8.52963	0.52859056	19.512323	0	0	0	0	0	0	0	0	0	0	0	0	0	0	0	0	0	0	76.840744	74.783936	10314	1072.3975	148.72609	3945.5789	73.995674	72.434975	10316	851.0095	140.93578	3664.9238	83.3316	82.089836	10316	1261.7444	149.70805	3920.3777
F7_S23_subsampled_depth_14G_contig_1536	11.951011	9.942836	36828	175.6757	1.1481272	40.471172	12.19363	10.2532	36866	156.73732	1.1662297	41.396873	12.170163	10.034995	36848	185.36607	1.1780903	41.713757	17.73186	15.803605	36775	201.83827	1.7131585	63.83723	17.123446	15.13085	37138	184.9986	1.63827	60.563065	17.848085	16.04575	36763	193.0242	1.7235125	63.621475	0	0	0	0	0	0	0	0	0	0	0	0	0	0	0	0	0	0	26.29615	26.087624	37138	42.215263	50.603985	1342.4816	30.400833	30.122139	37138	53.624866	57.92311	1506.2449	30.029253	29.997747	37138	45.930515	54.03025	1414.8801
F7_S23_subsampled_depth_14G_contig_1553	16078.015	15575.829	74108	130896810	1506.0835	53089.04	15976.762	15481.231	73980	128355140	1496.564	53122.51	16063.507	15513.945	74056	136285470	1518.1652	53755.113	18117.941	17622.535	73907	127194600	1722.1681	64172.92	17703.635	17274.088	74112	118823464	1669.7684	61727.508	18200.365	17699.84	74045	134669500	1726.7809	63742.152	14467.188	13174.747	72877	131824260	1162.036	9526.959	12163.23	11028.963	72883	94510810	952.1088	6671.6685	13127.257	11875.889	72879	112553370	1025.5239	7543.4844	70.54378	69.633354	73519	1008.0629	139.34637	3696.7427	66.579216	66.12642	73547	669.77826	126.13179	3279.9573	79.5865	79.42693	73601	852.0088	142.63756	3735.2234
F7_S23_subsampled_depth_14G_contig_2048	2.7663362	2.7057288	5679	3.0399826	0.25422582	8.96139	2.7814548	2.6745663	5405	3.768258	0.25419798	9.02309	3.125819	3.0544877	5401	3.7111495	0.28908816	10.236024	2.258357	2.2177646	5531	1.8089124	0.21088846	7.8583126	2.0740802	1.9637992	4910	2.840109	0.19055364	7.044334	2.690576	2.6253033	5478	2.9049132	0.25494733	9.41109	0	0	0	0	0	0	0	0	0	0	0	0	0	0	0	0	0	0	0	0	0	0	0	0	0	0	0	0	0	0	0	0	0	0	0	0
F7_S23_subsampled_depth_14G_contig_2418	1051.7451	1072.7356	48228	123363.32	98.452446	3470.4211	1065.3218	1086.7776	48210	122675.78	99.75994	3541.1108	1028.502	1046.5613	48228	122968.09	97.150375	3439.8955	1073.3732	1093.8235	48067	132423.14	101.92677	3798.0845	1043.4104	1064.4395	48228	120993.32	98.314804	3634.472	1092.1986	1112.312	48228	136973.83	103.52659	3821.5667	42.339138	42.09519	45895	430.62738	3.3997786	27.873106	38.786243	38.558907	46122	376.1902	3.0303192	21.234226	64.10731	63.82173	46971	960.0143	5.004529	36.812016	8.3644285	8.222268	47605	16.920898	17.648687	468.20514	7.0073214	6.908024	46872	15.095186	13.697486	356.19235	10.985919	10.914425	47488	23.87988	19.969555	522.9391
F7_S23_subsampled_depth_14G_contig_3186	9.449723	9.167679	30354	29.060125	0.8980156	31.654806	8.8466	8.635792	30362	21.911337	0.83680004	29.703325	8.647392	8.301452	30245	29.260895	0.82520324	29.21876	8.080744	7.8633537	30481	20.48084	0.7776764	28.97847	8.224845	7.9560885	30550	19.651442	0.7851074	29.023605	8.574277	8.301598	30190	22.80022	0.81952506	30.251844	0	0	0	0	0	0	0	0	0	0	0	0	0	0	0	0	0	0	0	0	0	0	0	0	0	0	0	0	0	0	0	0	0	0	0	0
F7_S23_subsampled_depth_14G_contig_3523	23.822754	21.976131	8176	413.3115	2.3840716	84.03787	43.555542	40.4505	8302	992.22046	4.3415785	154.11006	58.639526	54.83157	8204	1818.9323	5.875854	208.05188	5.9276123	5.549227	7516	26.133326	0.5828575	21.718945	10.322266	9.720911	8223	54.62059	1.0302655	38.08654	10.058472	9.375508	7983	63.187767	1.0095997	37.268223	73825.96	71585.02	8331	1546764700	5857.0967	48019.43	72666.05	70526.6	8331	1465067100	5616.1865	39354.047	54049.46	52418.49	8331	833633400	4169.3535	30668.666	0	0	0	0	0	0	0	0	0	0	0	0	0	0	0	0	0	0
F7_S23_subsampled_depth_14G_contig_4524	255.11122	257.85406	42033	3955.8682	23.985865	845.4951	242.18459	244.77971	42046	3569.8303	22.765696	808.0984	241.71602	242.60822	42045	4073.4226	22.95614	812.82983	240.39995	241.16728	42047	4536.706	22.949696	855.17194	226.12703	226.35852	42048	4214.2817	21.41815	791.7798	230.26646	230.79857	42048	4324.938	21.9454	810.08954	122.15409	117.88674	40845	5640.6553	9.795111	80.30529	92.73481	89.60456	40608	3067.9045	7.235375	50.700104	111.4309	107.26736	40706	4225.1924	8.689966	63.92112	0	0	0	0	0	0	0	0	0	0	0	0	0	0	0	0	0	0
F7_S23_subsampled_depth_14G_contig_4683	17.01662	15.284495	126844	337.03934	1.6274685	57.367798	16.880974	15.1616535	126594	335.80084	1.6114526	57.20063	16.220747	14.538092	126711	297.84305	1.563488	55.359913	14.609894	13.036908	125698	258.61923	1.4175814	52.823185	15.391844	13.698619	126463	274.24805	1.4775807	54.622776	15.544417	13.95136	126483	277.89148	1.5044715	55.535843	0	0	0	0	0	0	0	0	0	0	0	0	0	0	0	0	0	0	3.8369775	3.5278711	114190	12.345505	8.627607	228.88326	3.0051184	2.6152718	106359	12.766818	6.1560287	160.08263	4.149578	3.7365055	116728	16.842167	7.9452586	208.061
F7_S23_subsampled_depth_14G_contig_6581	6.85826	6.5847397	45053	23.420778	0.641036	22.596344	7.136461	6.8886256	45893	19.61073	0.6697426	23.773403	6.8469048	6.609854	45344	20.680124	0.64878136	22.972002	7.4225473	7.15727	45940	22.496035	0.70490843	26.26692	7.631537	7.434844	45978	22.302475	0.7194871	26.597769	7.6835527	7.4227057	46042	23.719284	0.72816086	26.879234	3.0775712	2.8066509	36605	9.101593	0.24735986	2.0279808	2.8932104	2.6629078	38601	6.6576614	0.22751828	1.594278	2.8132043	2.6196222	39655	5.557914	0.21838434	1.6063775	4.243444	4.00395	41598	11.502878	8.3838	222.41513	3.2555108	3.0935383	41205	6.5249996	6.1941195	161.07312	5.1705055	4.974263	45306	11.716854	9.29746	243.471
F7_S23_subsampled_depth_14G_contig_7573	2.635504	2.5038054	9336	3.7391872	0.2481606	8.74759	2.7114327	2.6425126	9597	2.9967096	0.25081593	8.903038	2.65808	2.508093	8997	4.4224463	0.24897775	8.815795	3.4338639	3.349984	9890	4.278456	0.32640415	12.162757	3.1424987	3.097438	10128	2.8761609	0.2967291	10.969394	2.7456825	2.6013505	9016	4.9106154	0.26200852	9.671745	4.5343947	4.306785	9459	11.53155	0.36128104	2.9619637	2.9789677	2.8283846	9022	5.0489593	0.23291022	1.6320618	4.2400384	4.054025	9568	9.197682	0.33493656	2.4637053	0	0	0	0	0	0	0	0	0	0	0	0	0	0	0	0	0	0
F7_S23_subsampled_depth_14G_contig_7733	5.192498	5.130306	10254	4.825952	0.5020765	17.698057	5.0359263	4.988014	10178	4.7094874	0.48689216	17.282873	5.1406374	5.035738	10217	6.7052517	0.5023047	17.785583	4.7828584	4.659226	10172	6.1333857	0.47278106	17.617176	5.8122525	5.696943	10254	6.440745	0.5601553	20.707647	5.6038203	5.4952717	10209	7.559645	0.5470999	20.195574	0	0	0	0	0	0	0	0	0	0	0	0	0	0	0	0	0	0	0	0	0	0	0	0	0	0	0	0	0	0	0	0	0	0	0	0
F7_S23_subsampled_depth_14G_contig_7903	74.35908	71.93042	29922	1208.637	7.0010915	246.78654	73.39497	71.63618	29922	1126.9822	6.8999634	244.92326	71.233696	68.96236	29932	1234.3752	6.762847	239.45848	68.69005	66.600655	29922	1188.6553	6.553079	244.1865	72.2341	69.983734	29932	1136.707	6.82913	252.4573	71.68243	68.875725	29932	1237.5245	6.822122	251.8309	5.110167	4.597709	27839	21.915434	0.41529062	3.4047608	4.599456	4.0361514	26340	21.020548	0.36447307	2.5539565	5.7890673	5.288166	28006	23.550146	0.45892078	3.3757012	0	0	0	0	0	0	0	0	0	0	0	0	0	0	0	0	0	0
F7_S23_subsampled_depth_14G_contig_8511	5.719941	5.641624	11317	9.238629	0.537894	18.960625	6.449605	6.217668	11464	15.3428135	0.59947467	21.279148	6.3541975	6.176777	11380	15.636992	0.60112566	21.284628	7.7715945	7.561674	11251	20.162012	0.7389879	27.536816	7.7911277	7.577491	11638	16.791409	0.7328758	27.092735	7.0921955	6.9450283	11292	16.414835	0.67281616	24.83624	0	0	0	0	0	0	0	0	0	0	0	0	0	0	0	0	0	0	0	0	0	0	0	0	0	0	0	0	0	0	0	0	0	0	0	0
F7_S23_subsampled_depth_14G_contig_8867	14.765502	14.38793	31023	72.91621	1.3879484	48.924797	14.1981125	13.856102	31064	71.11736	1.336094	47.42641	14.622419	14.306753	30968	80.758125	1.3909359	49.2502	18.070702	17.812084	31097	106.20562	1.7231333	64.208885	17.737648	17.519657	31097	91.44688	1.6769568	61.993248	18.716742	18.449108	31064	105.69602	1.7819865	65.78003	4.317769	4.216709	29258	7.2425857	0.3448369	2.8271477	3.0879245	2.9613328	28549	4.685445	0.24191794	1.69518	4.068763	3.8640003	28841	8.826527	0.31831512	2.3414419	0	0	0	0	0	0	0	0	0	0	0	0	0	0	0	0	0	0
F7_S23_subsampled_depth_14G_contig_9382	11.204413	11.089678	12204	18.316793	1.0598333	37.358818	9.844284	9.710046	12204	10.749912	0.9268191	32.89866	9.451137	9.333456	12203	17.007944	0.9093778	32.199203	10.32736	10.313917	12173	17.022007	0.9913382	36.940094	11.398291	11.258249	12204	17.696238	1.0749451	39.73827	8.976688	8.861843	12204	13.532103	0.85386264	31.519373	2.4449975	2.299447	10769	3.9425066	0.20095338	1.647517	0	0	0	0	0	0	2.012776	1.9146544	10031	2.4143393	0.15819295	1.1636255	3.3875062	3.1917973	10495	7.0837927	6.907808	183.2584	4.36519	4.2830415	11188	7.6889105	8.334854	216.74138	5.371329	5.098894	10958	15.879693	9.847985	257.8875
F7_S23_subsampled_depth_14G_contig_9603	4.4000773	4.2265635	10111	6.9244013	0.42019787	14.811852	4.5132227	4.3176193	10214	8.423073	0.43092498	15.2962475	4.5218444	4.2504573	10397	8.120113	0.429307	15.200881	4.9930253	4.7515874	10316	10.576195	0.47381854	17.655844	5.0018406	4.6393285	10116	14.355256	0.4861498	17.971842	5.1072364	4.740824	10030	14.681291	0.49068043	18.112917	0	0	0	0	0	0	0	0	0	0	0	0	0	0	0	0	0	0	0	0	0	0	0	0	0	0	0	0	0	0	0	0	0	0	0	0
F7_S23_subsampled_depth_14G_contig_9799	58.201473	57.266487	40855	211.96327	5.437723	191.67825	57.55746	56.953835	40885	201.31978	5.378986	190.93423	55.571003	55.152447	40849	168.37549	5.2440567	185.6812	53.71433	53.347797	40838	154.72105	5.0896583	189.65536	52.345707	51.626877	40994	180.19147	4.9264765	182.12054	52.292233	51.73417	40837	180.9346	4.9495234	182.7061	35.344505	33.407753	40843	411.7064	2.828455	23.189098	26.489153	25.110527	40821	221.31577	2.070378	14.507673	35.019634	33.531013	40830	311.45724	2.7297611	20.079403	0	0	0	0	0	0	1.8283224	1.6881937	32361	2.6585755	3.458577	89.93757	2.1071148	2.0308487	35969	2.1343775	3.7647283	98.58624
F7_S23_subsampled_depth_14G_contig_10387	2.9239416	2.626659	10232	7.2474427	0.2738818	9.6542635	2.3946073	2.1592505	8909	5.595962	0.22372714	7.941487	3.375988	3.1961358	10584	6.7695556	0.3182119	11.267231	3.10469	2.6679351	10014	11.342399	0.29131728	10.855325	4.1251535	3.8080602	11158	10.123027	0.38971823	14.406997	3.0885298	2.8233802	10175	6.7433257	0.29079032	10.7342	0	0	0	0	0	0	0	0	0	0	0	0	1.6648515	1.5356168	8833	2.2293434	0.127797	0.9400411	0	0	0	0	0	0	0	0	0	0	0	0	0	0	0	0	0	0
F7_S23_subsampled_depth_14G_contig_10468	8.101071	7.465694	10825	30.786222	0.785262	27.68026	7.9540753	7.5439305	10674	23.906874	0.7877673	27.962831	8.149138	7.480182	10842	30.306526	0.8012795	28.37167	9.130136	8.426679	10853	35.068863	0.8986309	33.48558	8.828039	8.273311	10885	28.063402	0.85341364	31.548723	9.366279	8.868881	10856	27.13339	0.9140537	33.74126	0	0	0	0	0	0	0	0	0	0	0	0	0	0	0	0	0	0	41.52557	40.227257	10880	163.0286	82.32968	2184.1382	49.23484	48.19849	10857	139.00494	96.18918	2501.3232	41.56516	39.98924	10884	197.65758	77.73388	2035.6027
F7_S23_subsampled_depth_14G_contig_10504	4.769528	4.6111503	14099	7.142555	0.44668657	15.745587	4.5297213	4.439922	14262	5.1226597	0.42704824	15.158637	4.659064	4.5183625	14092	7.360875	0.44169977	15.639691	4.9808407	4.899727	14060	6.3267674	0.47572598	17.726925	5.020633	4.95961	14053	6.1953917	0.47277626	17.477446	4.610218	4.5178947	14144	5.1827035	0.44016755	16.24829	1.835778	1.708382	11183	2.5861678	0.14944729	1.225244	0	0	0	0	0	0	2.217068	2.0331385	11742	3.7992427	0.1722697	1.2671708	0	0	0	0	0	0	0	0	0	0	0	0	0	0	0	0	0	0
F7_S23_subsampled_depth_14G_contig_10625	4.2502766	4.00998	21556	10.904237	0.42660794	15.037818	4.8185186	4.52119	22028	14.375383	0.48502696	17.216675	5.1726265	4.9178414	22546	14.089702	0.52302724	18.519318	6.0448704	5.85796	22546	17.855791	0.6049315	22.541481	6.1878247	5.9720464	22951	16.658575	0.6113268	22.599339	6.2489996	5.884306	22308	25.5714	0.6322176	23.337587	0	0	0	0	0	0	0	0	0	0	0	0	0	0	0	0	0	0	0	0	0	0	0	0	0	0	0	0	0	0	0	0	0	0	0	0
F7_S23_subsampled_depth_14G_contig_11163	9.561572	9.401772	11064	13.74701	0.89621776	31.591415	8.716602	8.155741	10989	28.362177	0.82728535	29.365587	8.845061	8.692386	11054	14.252085	0.84361374	29.870642	9.152465	8.782879	11058	23.03769	0.8815072	32.847492	8.661719	8.030843	11064	30.179333	0.820379	30.327526	9.556716	9.122456	11064	25.412203	0.9095871	33.576366	0	0	0	0	0	0	0	0	0	0	0	0	0	0	0	0	0	0	8.518142	5.6648006	8358	322.3844	17.566654	466.02853	0	0	0	0	0	0	8.554701	5.362785	8854	391.13223	16.719309	437.82544
F7_S23_subsampled_depth_14G_contig_12674	12.326772	12.0972595	19801	22.12355	1.1499537	40.535564	11.1818	11.072563	19792	19.346743	1.0444565	37.074352	11.345695	11.166205	19781	27.562048	1.0651985	37.716484	11.633298	11.276349	19778	27.70564	1.1023769	41.07774	11.03515	10.858435	19792	17.439045	1.0324033	38.165585	10.756651	10.48686	19797	24.898146	1.0146295	37.45389	4.6440816	4.462899	18693	10.203208	0.3720191	3.0500002	4.3044915	4.1373835	19373	7.0115633	0.3324492	2.3295548	5.1723385	5.0041256	19299	8.924414	0.402835	2.9631474	2.2359226	2.1303759	15750	3.213134	4.2831554	113.62854	2.3376062	2.2865782	17537	2.226183	4.403449	114.50828	3.1726437	3.0825093	18740	3.8516657	5.700708	149.28345
F7_S23_subsampled_depth_14G_contig_13230	5.8324585	5.616251	10870	13.405529	0.5466629	19.26972	6.016745	5.771621	10867	13.293013	0.56423545	20.028282	6.354996	5.966412	11005	16.74678	0.60099745	21.28008	6.7709994	6.2867055	11015	22.72677	0.64364105	23.983912	5.810282	5.58035	11081	10.51456	0.54586285	20.179285	6.016021	5.7143	10943	13.862239	0.5698157	21.034105	0	0	0	0	0	0	0	0	0	0	0	0	0	0	0	0	0	0	4.1416545	3.9515285	9939	9.622098	7.964114	211.28127	4.5822773	4.2111826	9583	16.50957	8.95677	232.91374	6.1029143	5.7956557	10195	21.799221	11.236925	294.2593
F7_S23_subsampled_depth_14G_contig_13410	4.119439	4.0492444	23398	4.635372	0.38549837	13.588711	4.1585846	4.08365	23452	4.8510237	0.39072034	13.869139	4.44316	4.3063154	23625	5.91115	0.41837427	14.813773	5.242759	5.170871	23892	5.4879546	0.49819538	18.564198	5.5787916	5.526616	23856	6.4245934	0.52466047	19.395498	5.219055	5.125197	23851	6.7046947	0.4925581	18.18223	2.3341541	2.1460633	19875	4.330179	0.1864686	1.5287635	0	0	0	0	0	0	2.562766	2.324075	19729	6.033642	0.19944079	1.4670336	0	0	0	0	0	0	0	0	0	0	0	0	0	0	0	0	0	0
F7_S23_subsampled_depth_14G_contig_13424	11.6719	11.262951	57140	30.012173	1.091428	38.472553	12.153955	11.96451	57160	21.479486	1.1379414	40.392704	12.743308	12.40805	57160	28.878344	1.2075108	42.755497	13.229311	12.691971	57154	37.515602	1.2566798	46.8275	13.736748	13.234477	57160	39.494457	1.2944204	47.851746	13.515208	13.039544	57159	34.254547	1.2808782	47.28217	4.5540605	4.238355	53683	13.194125	0.36679345	3.0071561	4.4490614	4.0801015	52890	14.698144	0.34788936	2.4377487	4.3917384	4.044046	54477	12.317956	0.3424594	2.5190415	0	0	0	0	0	0	0	0	0	0	0	0	0	0	0	0	0	0
F7_S23_subsampled_depth_14G_contig_13610	34.91499	33.941402	53063	128.78455	3.265181	115.096756	36.76294	35.725746	53063	150.98372	3.4423344	122.19022	35.367214	34.41179	53063	134.3136	3.3382394	118.20019	35.783875	34.394093	53064	202.40929	3.3953538	126.52062	35.35202	34.230522	53073	161.74619	3.3306618	123.12695	36.793304	35.25366	53073	212.69159	3.4855008	128.66338	8.53506	7.2563877	49774	83.293335	0.6872414	5.6343546	7.7246757	6.76826	49953	61.631367	0.60628724	4.2484083	9.119267	7.973169	50864	79.44392	0.7129708	5.2444234	27.701605	27.581491	53073	41.282566	53.199722	1411.3446	32.167206	31.977745	53073	52.74895	61.014645	1586.6373	30.090471	29.925573	53073	42.1992	54.0141	1414.4573
F7_S23_subsampled_depth_14G_contig_11480|provirus_7761_37559	9.79318	9.630354	29618	26.211271	0.94099015	33.16965	9.436507	9.328949	29777	19.32605	0.915803	32.507626	10.663092	10.591043	29554	24.890371	1.035165	36.65308	9.173867	9.056586	29729	18.331514	0.9031744	33.654877	9.215015	9.084542	29560	18.556683	0.89094496	32.936203	9.564269	9.45906	29466	22.038317	0.9321987	34.411045	0	0	0	0	0	0	0	0	0	0	0	0	0	0	0	0	0	0	130.62137	87.729065	29799	67320.77	288.54498	7654.86	135.97021	94.73037	29799	63636.008	298.30844	7757.275	155.06102	103.95601	29799	96327.336	322.11325	8435.123
F8_S24_subsampled_depth_14G_contig_965	5.737532	5.5015707	16460	12.384182	0.537354	18.941576	5.760633	5.4843926	16449	15.21493	0.5389768	19.131693	5.2433376	4.993717	15077	17.835682	0.49454954	17.51098	5.287373	5.0451174	15997	13.762497	0.501326	18.680845	6.075979	5.6716795	16453	20.4242	0.5741241	21.224041	6.1364975	5.7988772	16345	19.586767	0.5804181	21.425478	0	0	0	0	0	0	0	0	0	0	0	0	0	0	0	0	0	0	3.9180052	3.777154	16181	6.2010126	7.417951	196.79198	4.646935	4.4753695	16164	8.386647	8.757839	227.74059	5.2529025	5.1374907	16481	8.529708	9.393532	245.98668
F8_S24_subsampled_depth_14G_contig_1340	9.695495	9.408015	46329	30.973476	0.9088874	32.03803	9.045402	8.705591	46205	31.354527	0.84866756	30.124565	9.67355	9.356611	46298	34.08726	0.91561073	32.419884	9.87561	9.550996	46173	32.44414	0.939353	35.00301	9.261372	9.027309	46049	29.569826	0.8760124	32.384163	10.338201	10.044684	46403	36.99973	0.97975767	36.16665	4.2446327	4.1072235	44431	7.176649	0.342162	2.805216	4.167221	3.9686346	43445	8.638345	0.32821754	2.299904	5.083006	4.8404846	43905	13.509515	0.39977467	2.9406376	3.5197418	3.3470361	41822	6.660398	6.8514595	181.76346	3.1605685	3.0324214	41582	5.109928	6.1110473	158.9129	4.115988	3.9449244	44632	6.897449	7.4962626	196.30331
F8_S24_subsampled_depth_14G_contig_2172	106.73033	105.87645	21419	409.3788	9.966832	351.32803	100.66168	99.63144	21478	530.6729	9.384307	333.1083	105.66393	104.729576	21346	422.0296	9.94211	352.02966	119.656624	118.62967	21348	598.9398	11.324814	421.9951	122.466705	120.95981	21448	659.077	11.506333	425.36264	122.34399	120.6432	21454	632.5623	11.558723	426.6772	14.8304205	14.108294	21457	88.236694	1.1914898	9.768437	12.17047	11.748581	21355	50.800552	0.9612741	6.7358937	16.908861	16.288385	21371	97.40307	1.322441	9.727524	0	0	0	0	0	0	0	0	0	0	0	0	0	0	0	0	0	0
F8_S24_subsampled_depth_14G_contig_2289	3.6487458	3.5389636	14299	3.9084702	0.33957523	11.969932	3.0107112	2.855048	12627	5.051786	0.27973303	9.92949	2.9196324	2.8580422	13819	2.9417782	0.27637148	9.785743	2.767397	2.6879847	13644	2.9174197	0.26310486	9.804042	2.7037523	2.6009982	12965	3.5552857	0.2541388	9.394931	2.94603	2.885835	14119	2.5639842	0.27727365	10.235243	3.6074908	3.4313245	11791	9.333832	0.28777847	2.3593538	3.040633	2.7777352	12608	7.8924747	0.23642668	1.656701	3.2968695	3.0472937	12810	8.854087	0.25608152	1.8836689	0	0	0	0	0	0	0	0	0	0	0	0	0	0	0	0	0	0
F8_S24_subsampled_depth_14G_contig_2645	2.8542187	2.7065406	18865	4.7296176	0.27615336	9.734326	3.2505293	3.101741	19743	5.238314	0.3110504	11.041141	3.534563	3.3975532	19586	5.7985573	0.34106356	12.076361	4.039245	3.8974226	20522	6.979919	0.39424992	14.690883	4.0870075	3.9734929	20661	5.872665	0.39430258	14.57646	3.9868712	3.8476498	20938	5.1555457	0.38619962	14.256121	0	0	0	0	0	0	0	0	0	0	0	0	0	0	0	0	0	0	0	0	0	0	0	0	0	0	0	0	0	0	0	0	0	0	0	0
F8_S24_subsampled_depth_14G_contig_2809	10.8980665	10.085052	48707	66.05542	1.0639884	37.505287	9.942646	9.408922	48820	39.398403	0.9629626	34.181633	10.724342	10.095897	48746	48.850952	1.0453706	37.014435	8.807288	8.1759815	48676	42.530014	0.8705997	32.44104	8.827752	8.240938	48603	40.52941	0.8625293	31.885742	8.695716	8.103848	48524	40.41951	0.8573523	31.648197	0	0	0	0	0	0	0	0	0	0	0	0	0	0	0	0	0	0	0	0	0	0	0	0	0	0	0	0	0	0	0	0	0	0	0	0
F8_S24_subsampled_depth_14G_contig_2850	0	0	0	0	0	0	0	0	0	0	0	0	0	0	0	0	0	0	4.3971944	4.2270436	7111	7.071101	0.412387	15.366737	4.097511	4.000917	7071	5.361192	0.37839857	13.98853	4.3751893	4.2311687	7180	6.377508	0.40779394	15.053257	0	0	0	0	0	0	2.7923257	2.5995417	6401	5.111473	0.21632646	1.5158544	0	0	0	0	0	0	0	0	0	0	0	0	0	0	0	0	0	0	0	0	0	0	0	0
F8_S24_subsampled_depth_14G_contig_2900	26.113182	22.759565	23440	655.88293	2.7571971	97.19044	23.98802	21.034538	23440	482.95578	2.522842	89.55157	26.383898	23.485308	23440	557.94763	2.7916293	98.84589	21.311764	18.686718	23440	436.36533	2.2872386	85.22909	21.34358	18.518557	23440	450.18536	2.277397	84.190125	20.628939	17.91995	23440	406.17795	2.2240293	82.09756	0	0	0	0	0	0	0	0	0	0	0	0	2.0088022	1.7857075	18471	4.541766	0.17121501	1.259412	0	0	0	0	0	0	0	0	0	0	0	0	0	0	0	0	0	0
F8_S24_subsampled_depth_14G_contig_2962	11.86823	11.311289	25089	67.563385	1.1324089	39.917088	10.814985	10.384222	24975	45.74682	1.0313381	36.608715	11.156253	10.543244	25148	60.526215	1.0715896	37.942795	9.474598	8.986267	25051	43.432713	0.919518	34.26388	9.266941	8.726533	25096	40.301308	0.88935465	32.87739	9.657892	9.160267	25060	43.866474	0.93772167	34.614944	2.7473798	2.5548	20485	5.656187	0.22515666	1.8459482	2.3415473	2.2253335	21328	3.155413	0.18638375	1.3060392	3.2712216	3.0938666	22078	6.2339916	0.25682718	1.8891524	0	0	0	0	0	0	0	0	0	0	0	0	0	0	0	0	0	0
F8_S24_subsampled_depth_14G_contig_4922	7.304139	7.075331	12070	15.001293	0.7058223	24.88005	7.0406456	6.809695	12145	14.252592	0.6826814	24.232677	6.634437	6.528238	12114	10.2543	0.64684516	22.903446	8.187417	8.004415	12129	12.305955	0.8033114	29.933693	8.76101	8.563833	12194	17.125347	0.8476912	31.3372	8.459271	8.208517	12177	15.275266	0.8298708	30.633732	0	0	0	0	0	0	0	0	0	0	0	0	0	0	0	0	0	0	0	0	0	0	0	0	0	0	0	0	0	0	0	0	0	0	0	0
F8_S24_subsampled_depth_14G_contig_5908	491.7971	492.50162	43048	14516.733	45.98752	1621.0477	478.73242	479.1547	43155	13786.981	44.7577	1588.7336	465.52728	465.71686	43048	13504.942	43.896416	1554.282	467.2724	467.69858	43077	11532.12	44.31454	1651.2876	461.88315	464.1304	43048	10557.359	43.461533	1606.6726	475.7697	475.96887	43262	12160.947	45.026947	1662.1189	0	0	0	0	0	0	0	0	0	0	0	0	5.7163897	4.614917	32744	61.06755	0.44490233	3.2725844	81.68835	74.098885	43157	2300.362	155.83005	4134.042	118.93686	108.91604	43042	3889.3313	226.3084	5884.9707	92.605	84.827225	43043	2209.95	166.86436	4369.6475
F8_S24_subsampled_depth_14G_contig_5931	8.730878	8.656166	10022	12.375744	0.83704096	29.505468	8.421291	8.2830715	10060	11.894654	0.79348963	28.16597	7.4453077	7.378363	10060	8.693899	0.70858467	25.089539	7.375681	7.3135653	10060	7.0225396	0.7093429	26.432142	6.7743692	6.608072	10060	11.764204	0.64144605	23.712788	6.7048435	6.6693945	10060	5.7081094	0.634274	23.413515	0	0	0	0	0	0	0	0	0	0	0	0	0	0	0	0	0	0	0	0	0	0	0	0	0	0	0	0	0	0	0	0	0	0	0	0
F8_S24_subsampled_depth_14G_contig_6065	299.1107	301.01318	13350	5867.356	27.87427	982.56036	286.8555	288.837	13350	4991.7383	26.73594	949.0273	288.54324	290.8597	13350	3767.3123	27.117476	960.1743	380.70325	384.69983	13349	11693.463	35.949905	1339.5969	378.659	380.86584	13350	10700.242	35.500847	1312.3853	374.35968	377.73068	13367	9936.717	35.262287	1301.6675	348.4095	352.0574	13349	21622.246	27.775824	227.72017	279.97858	283.15912	13350	13610.087	21.762402	152.49472	405.1293	409.7696	13349	28003.99	31.42607	231.1618	3.2262237	3.032193	11929	9.08638	6.8137684	180.7636	3.0717258	2.906531	11978	5.1769075	6.0367274	156.98036	2.050087	1.9257796	10761	2.731904	3.8418596	100.606064
F8_S24_subsampled_depth_14G_contig_6115	15754.272	14043.468	18042	270233340	1472.0184	51888.246	15759.533	14040.503	18036	271926270	1472.4182	52265.42	15761.719	14026.472	18036	275127260	1485.7659	52607.92	13928.127	12428.68	18042	206800940	1319.7645	49178.227	14739.989	13172.001	18052	227379700	1386.0376	51238.633	14373.541	12820.313	18102	221511440	1359.6454	50189.754	6873.1665	5940.008	18033	55806880	550.86365	4516.2573	6058.3403	5234.0825	18040	43414670	473.13715	3315.3936	6858.687	5906.9707	18041	56118676	534.47784	3931.4768	17.680426	15.443001	17780	372.78946	34.366726	911.7207	20.184046	17.890642	17963	460.4187	38.094334	990.6129	22.947472	20.424744	17766	580.7806	40.93499	1071.957
F8_S24_subsampled_depth_14G_contig_7354	7.356113	7.259025	12945	11.097457	0.6898728	24.317823	7.5908985	7.4963207	12969	10.720089	0.71695465	25.449257	7.345827	7.2990217	12921	9.516458	0.70686525	25.028646	6.2239537	6.060168	12973	8.819696	0.5937004	22.122993	7.03304	6.911609	12982	9.581983	0.6641639	24.552603	6.821476	6.700199	12983	8.173629	0.64980006	23.986633	0	0	0	0	0	0	0	0	0	0	0	0	3.214603	3.097827	11292	5.7732997	0.2523413	1.8561568	0	0	0	0	0	0	0	0	0	0	0	0	0	0	0	0	0	0
F8_S24_subsampled_depth_14G_contig_8242	8.233086	8.11751	12477	18.710062	0.76622885	27.00936	7.79057	7.7079296	12164	16.932962	0.7233938	25.67781	6.795253	6.647022	12424	12.145882	0.6378658	22.585508	7.759325	7.6079116	11970	23.867218	0.7369317	27.460188	6.804053	6.6900787	12225	13.440246	0.63806784	23.587904	7.2269497	7.1089883	12498	10.944939	0.6798024	25.094133	4.1317616	3.9278793	12034	8.026562	0.32892922	2.696729	2.6299856	2.511392	10547	3.916611	0.20470887	1.4344472	3.7564185	3.6588626	11742	5.616803	0.2921398	2.1489024	2.2941225	2.115985	9575	4.5359316	4.324671	114.72996	0	0	0	0	0	0	2.2736154	2.1035163	10178	4.173736	4.1179805	107.83681
F8_S24_subsampled_depth_14G_contig_8373	21.677515	20.714539	33739	300.89883	2.025308	71.39156	21.447865	20.450403	33801	279.99295	2.0040345	71.135826	20.501574	19.624195	33608	246.64093	1.931	68.37276	23.741188	23.097168	33691	305.62106	2.2471924	83.73683	22.381632	21.559233	33554	270.0285	2.1044948	77.79834	23.273394	22.440573	34160	291.74954	2.2009304	81.24485	0	0	0	0	0	0	0	0	0	0	0	0	0	0	0	0	0	0	4.9079285	4.741451	31388	11.366464	9.337953	247.7281	6.3669634	6.1776466	33150	15.403284	12.099665	314.64218	6.6392393	6.4637294	33877	13.39319	11.914095	311.9921
F8_S24_subsampled_depth_14G_contig_8538	4.462189	4.136685	15300	13.4053955	0.4236046	14.931953	4.7569604	4.5500994	15884	9.711702	0.4494375	15.953374	4.452559	4.265551	14867	10.440629	0.42382813	15.006887	4.0932155	3.9061792	14859	8.611017	0.39536744	14.732524	3.6999815	3.5004458	14239	8.439925	0.35045874	12.955648	4.195938	4.0766068	15778	6.763804	0.3990179	14.729293	0	0	0	0	0	0	0	0	0	0	0	0	0	0	0	0	0	0	0	0	0	0	0	0	0	0	0	0	0	0	0	0	0	0	0	0
F8_S24_subsampled_depth_14G_contig_9071	4.098822	4.0268893	3103	5.761753	0.40475732	14.267587	4.5353403	4.3557415	2793	12.960453	0.44430444	15.771166	3.2938483	3.1976745	2910	5.7898936	0.32397488	11.471283	3.232657	2.9556687	3005	6.6250677	0.3033186	11.302521	3.1295812	3.0268896	2920	4.4434323	0.2963862	10.956721	4.5647907	4.5152617	3149	5.21675	0.42743993	15.778461	0	0	0	0	0	0	0	0	0	0	0	0	0	0	0	0	0	0	4.4034686	4.2976017	2916	8.528813	8.877851	235.52197	3.7424738	3.6831396	3100	4.6436424	7.178582	186.67337	8.40445	8.121003	3097	27.954208	15.514946	406.28702
F8_S24_subsampled_depth_14G_contig_9322	4.2847476	4.086414	39399	8.966355	0.40644994	14.327253	3.8699253	3.7422786	38477	6.5173893	0.36521572	12.963804	4.0182714	3.8267655	39152	8.239204	0.3836867	13.585563	4.6659093	4.418933	39151	11.487985	0.4482853	16.704409	4.676535	4.49943	39535	9.399241	0.4449228	16.447767	4.5639014	4.3618574	38482	10.059929	0.43496737	16.056326	2.1839366	1.9403734	32193	4.767251	0.17467336	1.4320607	0	0	0	0	0	0	2.4889345	2.278972	34192	5.12176	0.1967743	1.4474194	0	0	0	0	0	0	0	0	0	0	0	0	0	0	0	0	0	0
F8_S24_subsampled_depth_14G_contig_10527	8.002442	7.9059443	24947	14.970757	0.7512289	26.48061	7.649808	7.5420895	24863	13.519868	0.72419965	25.706429	7.969085	7.7996087	24921	16.399189	0.75723237	26.812054	9.849311	9.757831	25110	17.782864	0.939824	35.02054	9.8926	9.753693	25098	21.987104	0.94334155	34.87316	10.736585	10.538352	25103	20.63775	1.0307431	38.04871	5.298294	5.1629295	24824	8.509671	0.42924532	3.5191703	4.9056144	4.6728954	24694	9.196368	0.387613	2.7161021	4.157136	4.0306106	24119	6.4848585	0.3260237	2.3981452	0	0	0	0	0	0	0	0	0	0	0	0	0	0	0	0	0	0
F8_S24_subsampled_depth_14G_contig_10686	9.223367	8.116902	10140	67.394585	0.8882466	31.310436	8.907972	8.085565	10101	47.886692	0.8547916	30.341963	9.277483	8.551394	10078	40.55945	0.8876015	31.428154	6.975393	6.46983	10147	23.69007	0.68071157	25.365274	7.1427426	6.784754	10096	17.020336	0.69464904	25.679573	8.477243	7.814313	10136	38.349945	0.8215662	30.327179	0	0	0	0	0	0	0	0	0	0	0	0	0	0	0	0	0	0	5.937581	5.815535	10046	10.18998	12.956452	343.7239	4.838752	4.65285	9977	8.9806	9.436467	245.38782	6.03291	5.869319	10092	8.192096	11.102439	290.73764
F8_S24_subsampled_depth_14G_contig_10879	17.782063	17.375603	6451	80.071014	1.7337555	61.11443	46.289963	44.707672	6591	563.71234	4.585836	162.78029	75.12392	71.96473	6606	1509.4823	7.523363	266.38678	8.989002	8.657949	6391	21.273155	0.8745738	32.589138	10.5512705	10.045595	6555	33.861977	1.0326501	38.174686	9.926579	9.501893	6520	29.375551	0.9723918	35.89475	319904.78	321569.38	6606	8520341000	25213.564	206713.56	417210.66	419110.97	6606	14765084000	32044.273	224542.34	438762.06	440727.6	6606	15894051000	33635.22	247411.75	0	0	0	0	0	0	0	0	0	0	0	0	0	0	0	0	0	0
F8_S24_subsampled_depth_14G_contig_11175	17.264992	17.26113	44075	38.701027	1.6195654	57.089233	18.009748	17.988562	44155	41.483	1.6906152	60.01061	17.846018	17.724024	44027	45.317177	1.68722	59.74097	17.254652	17.152784	44131	42.719185	1.64268	61.211025	17.638155	17.594345	44115	41.82981	1.6631403	61.482483	16.91442	16.897236	44153	36.803246	1.603824	59.203354	7.6729465	7.0653453	43580	35.275497	0.62157476	5.095986	6.7454834	6.230653	43487	25.537258	0.53341806	3.737794	7.2948303	6.8791313	43718	23.946482	0.57608294	4.2375116	0	0	0	0	0	0	0	0	0	0	0	0	0	0	0	0	0	0
F8_S24_subsampled_depth_14G_contig_11690	15.265918	4.2410016	12069	10407.092	2.8701599	101.172386	14.762069	3.9424448	12187	9929.965	2.7446804	97.42606	17.2506	4.3576264	11877	13967.334	3.2887363	116.44737	19.923737	5.814772	12358	16786.715	3.6725974	136.8515	19.21636	5.0923915	12346	16470.195	3.632108	134.27063	19.989094	5.1573415	12276	18297.227	3.7349524	137.87144	0	0	0	0	0	0	0	0	0	0	0	0	0	0	0	0	0	0	0	0	0	0	0	0	0	0	0	0	0	0	0	0	0	0	0	0
F8_S24_subsampled_depth_14G_contig_12680	8.001297	7.7919173	17408	23.276352	0.7540709	26.58078	7.4720845	7.307707	17499	17.556547	0.6995686	24.832119	7.245545	7.109336	17190	20.035467	0.68905485	24.398012	8.788913	8.497306	17438	31.052895	0.8341072	31.081236	7.9822354	7.7545114	17592	23.93319	0.7542427	27.882626	9.206689	9.0349	17692	25.80833	0.8749069	32.2962	0	0	0	0	0	0	2.4086397	2.2303884	13872	4.7548923	0.19003493	1.3316232	2.6562712	2.5101504	14903	4.792058	0.20611037	1.5160929	326.309	326.77914	17881	19827.635	633.2757	16800.275	337.53333	339.62445	17879	19112.383	649.3107	16884.81	321.90656	324.19617	17882	14841.445	587.2374	15377.879
F8_S24_subsampled_depth_14G_contig_13192	32.501114	27.992628	34657	1271.1315	3.0384943	107.10604	32.203495	27.785398	34665	1268.9211	3.011311	106.89043	31.830112	27.324492	34651	1316.6785	3.0006304	106.246185	32.679955	27.393408	34667	1750.8201	3.0975585	115.42399	31.378885	25.95043	34665	1774.7839	2.9512541	109.10108	32.66663	27.130041	34667	1779.5955	3.092367	114.1512	0	0	0	0	0	0	0	0	0	0	0	0	0	0	0	0	0	0	65.861374	65.71629	34667	173.07127	125.12383	3319.4307	101.8156	101.709305	34667	220.30618	192.71208	5011.325	77.60834	77.38175	34667	145.14938	138.9449	3638.5244
F8_S24_subsampled_depth_14G_contig_13275	3.0894198	3.0052538	11216	3.5507772	0.2857912	10.074061	3.1485267	3.1128623	11100	3.3244174	0.29163972	10.35214	3.341552	3.2749789	11661	2.9121282	0.31320456	11.089927	2.6777844	2.5562437	10981	3.4935334	0.25279105	9.41972	2.3644347	2.2375457	10159	3.356114	0.22113654	8.174907	2.600439	2.5227506	10923	2.9592361	0.244002	9.007057	0	0	0	0	0	0	0	0	0	0	0	0	0	0	0	0	0	0	0	0	0	0	0	0	0	0	0	0	0	0	0	0	0	0	0	0
F8_S24_subsampled_depth_14G_contig_13769	4.9433103	4.601858	16022	19.128927	0.5061407	17.841322	6.075012	5.845334	16155	17.369274	0.60747415	21.563082	5.7709665	5.5267797	15966	17.00153	0.5868488	20.779102	5.150455	4.9147425	16005	13.743396	0.5262307	19.60886	4.7488933	4.439541	15915	17.077568	0.491637	18.174688	6.073721	5.9082527	16343	11.5294	0.6018095	22.21511	0	0	0	0	0	0	0	0	0	0	0	0	2.0857723	1.9084574	13036	3.7230124	0.1682298	1.2374532	22.295437	21.5248	16294	199.47473	45.035267	1194.7482	22.36713	21.766088	15394	217.37262	44.33149	1152.8048	23.866945	23.121397	16296	200.00136	44.817097	1173.6174
F8_S24_subsampled_depth_14G_contig_2238|provirus_1_80208	7.2710533	6.5280066	79495	36.95065	0.7025375	24.764246	7.0871367	6.2872567	79166	39.872967	0.68839365	24.435432	7.215244	6.484359	79100	36.81488	0.7037145	24.917093	6.681868	5.9975157	79234	31.261057	0.6527332	24.32272	6.9934797	6.2103143	79091	37.46114	0.6834056	25.26395	6.654563	6.035751	79395	29.898695	0.65244234	24.084166	0	0	0	0	0	0	0	0	0	0	0	0	0	0	0	0	0	0	2.9305754	2.676909	66987	7.108262	6.6341405	175.99821	1.9121013	1.6742582	62156	4.4742427	3.836436	99.76347	3.1657424	2.9392538	73844	7.87611	5.946727	155.72589
GP3_S28_subsampled_depth_14G_contig_118	0	0	0	0	0	0	0	0	0	0	0	0	0	0	0	0	0	0	0	0	0	0	0	0	0	0	0	0	0	0	0	0	0	0	0	0	4.9153004	4.8567963	1980	4.4471693	0.3946531	3.2355654	0	0	0	0	0	0	2.537705	2.491505	1722	2.7254775	0.20682748	1.5213678	0	0	0	0	0	0	0	0	0	0	0	0	0	0	0	0	0	0
GP3_S28_subsampled_depth_14G_contig_138	22.43203	22.282024	1153	107.529854	1.9935864	70.273346	46.49907	45.507233	1224	630.0881	4.0328255	143.15051	62.715084	61.811985	1151	1118.1162	5.486717	194.2733	7.1266294	7.03719	1027	16.830175	0.6192244	23.07408	10.888268	10.98657	1097	29.478653	0.99646896	36.83716	9.260708	9.147727	1046	26.202244	0.8513513	31.426655	53067.41	53899.348	1224	443103000	3800.3135	31156.887	52331.664	53143.34	1224	442822530	3651.4233	25586.451	38279.145	38884.43	1224	227806800	2667.041	19618.045	0	0	0	0	0	0	0	0	0	0	0	0	0	0	0	0	0	0
GP3_S28_subsampled_depth_14G_contig_184	13.833452	13.786149	16872	21.51013	1.2887017	45.42639	13.688952	13.467823	16911	21.85652	1.2744006	45.23652	13.620725	13.458289	16918	22.358433	1.278964	45.28551	12.636456	12.520657	16916	19.56266	1.1934041	44.46966	12.581992	12.385726	16923	19.285427	1.1818585	43.690594	12.343165	12.154661	16892	23.507217	1.1600522	42.82201	8.505243	8.073292	16654	29.72582	0.67663115	5.5473614	6.385115	6.220604	16505	14.530957	0.49759054	3.4867425	9.23698	8.817466	16644	30.465557	0.7159074	5.266024	0	0	0	0	0	0	0	0	0	0	0	0	0	0	0	0	0	0
GP3_S28_subsampled_depth_14G_contig_412	0	0	0	0	0	0	2.6606944	2.5661004	2344	4.378107	0.28914642	10.263629	1.7943262	1.7538334	2281	1.584643	0.20117733	7.1232796	0	0	0	0	0	0	0	0	0	0	0	0	1.7764091	1.6813096	2266	2.048196	0.17660478	6.519164	6108.7583	6244.6147	2829	1282343.3	487.19284	3994.253	4373.476	4471.749	2829	731737.06	339.7459	2380.6858	4841.8066	4937.793	2829	869307.94	375.6245	2762.9941	0	0	0	0	0	0	0	0	0	0	0	0	0	0	0	0	0	0
GP3_S28_subsampled_depth_14G_contig_441	0	0	0	0	0	0	0	0	0	0	0	0	1.5020638	1.4497707	2257	1.1787683	0.1516334	5.3690267	0	0	0	0	0	0	0	0	0	0	0	0	0	0	0	0	0	0	3551.8164	3534.4006	2815	192355.75	289.0385	2369.683	2564.0498	2553.6094	2815	102081.34	203.14297	1423.4751	2879.3284	2863.8599	2815	141596.83	227.4765	1673.2567	0	0	0	0	0	0	0	0	0	0	0	0	0	0	0	0	0	0
GP3_S28_subsampled_depth_14G_contig_443	0	0	0	0	0	0	0	0	0	0	0	0	0	0	0	0	0	0	0	0	0	0	0	0	0	0	0	0	0	0	0	0	0	0	0	0	7.816259	7.619677	3176	17.702427	0.6094144	4.996286	11.283543	11.110132	3176	37.810486	0.86703956	6.075567	10.434567	10.447504	3176	15.21969	0.8141739	5.988846	0	0	0	0	0	0	0	0	0	0	0	0	0	0	0	0	0	0
GP3_S28_subsampled_depth_14G_contig_524	0	0	0	0	0	0	0	0	0	0	0	0	0	0	0	0	0	0	0	0	0	0	0	0	0	0	0	0	0	0	0	0	0	0	0	0	3.9913886	4.0167265	1079	2.5925977	0.28968048	2.374946	0	0	0	0	0	0	0	0	0	0	0	0	0	0	0	0	0	0	0	0	0	0	0	0	0	0	0	0	0	0
GP3_S28_subsampled_depth_14G_contig_560	5.522163	5.11811	0	30.69871	0	0	6.296099	5.8425198	1002	35.285805	0.59591687	21.152853	6.6090426	6.461614	0	30.323505	0	0	0	0	0	0	0	0	0	0	0	0	0	0	0	0	0	0	0	0	14418.788	14215.5	1276	108669170	1036.0143	8493.768	14927.351	14738.992	1275	114751630	1044.1901	7316.906	10548.907	10418.574	1276	56923308	736.1901	5415.2207	0	0	0	0	0	0	0	0	0	0	0	0	0	0	0	0	0	0
GP3_S28_subsampled_depth_14G_contig_561	0	0	0	0	0	0	0	0	0	0	0	0	0	0	0	0	0	0	0	0	0	0	0	0	0	0	0	0	0	0	0	0	0	0	0	0	17.04461	16.393799	3245	131.84486	1.332477	10.924326	15.442876	14.8998575	3250	116.431725	1.1732298	8.22112	12.250642	11.898788	3206	57.03668	0.93145645	6.8515472	0	0	0	0	0	0	0	0	0	0	0	0	0	0	0	0	0	0
GP3_S28_subsampled_depth_14G_contig_718	0	0	0	0	0	0	0	0	0	0	0	0	0	0	0	0	0	0	0	0	0	0	0	0	0	0	0	0	0	0	0	0	0	0	0	0	4622.423	4599.5522	5392	384031.66	365.27853	2994.7373	5134.9146	5112.4663	5392	458979.8	395.41336	2770.7625	6603.6016	6574.5503	5392	778584.6	507.39307	3732.25	0	0	0	0	0	0	0	0	0	0	0	0	0	0	0	0	0	0
GP3_S28_subsampled_depth_14G_contig_1077	127.61754	115.89555	35723	12932.908	11.914557	419.98486	121.40764	110.23307	35787	11448.568	11.340657	402.5517	125.397766	112.80637	35715	13220.6875	11.808552	418.11655	142.44366	124.51391	35771	22617.57	13.494411	502.8406	141.27986	123.41042	35774	22674.4	13.283945	491.0769	142.32043	124.61498	35723	23127.008	13.457315	496.7616	56.32585	52.94457	36010	1733.7267	4.508236	36.96078	45.6249	43.161617	35824	1037.6292	3.5645206	24.9775	54.45106	51.560204	35781	1426.651	4.2428617	31.209373	20.574345	3.2970192	33091	8060.323	44.217365	1173.0502	21.349861	3.2887154	33765	8728.645	46.252995	1202.7725	23.009733	3.8083596	33810	9833.145	46.882355	1227.7
GP3_S28_subsampled_depth_14G_contig_1240	4.375778	4.0464125	33005	13.312444	0.415803	14.656946	4.4530387	4.0308456	32783	15.856877	0.41899607	14.872817	4.1034074	3.6811018	32350	14.395827	0.39044213	13.824755	4.1094904	3.702146	32912	14.01073	0.39406848	14.684116	3.9166281	3.5466368	32033	12.455931	0.36964035	13.664747	3.7411785	3.2601857	31308	14.5812645	0.35606882	13.143878	8.177064	7.867745	33957	30.608765	0.6546082	5.3668103	7.2167897	6.8830237	32875	27.611202	0.5640679	3.9525685	9.473363	9.236547	34045	34.78397	0.7388816	5.435015	2.9693553	2.7274823	30100	6.776499	5.8901277	156.26013	2.9706237	2.7694747	30086	6.010755	5.6356235	146.54997	3.0795953	2.96025	31367	4.7858624	5.525885	144.70538
GP3_S28_subsampled_depth_14G_contig_1515	20.471859	18.940742	33677	121.5496	1.9431261	68.494675	20.157911	18.541689	33676	129.56146	1.9232624	68.26877	20.623549	18.830036	33676	149.09958	1.9883802	70.40449	21.264635	19.448517	33676	158.71526	2.064622	76.93377	21.15964	19.297049	33676	148.13713	2.0378757	75.33559	21.629951	19.794203	33676	154.33257	2.0989733	77.48122	14.982699	14.77048	33732	44.99285	1.2049538	9.878816	13.780567	13.557305	33638	41.131294	1.0845319	7.5995884	15.154517	15.025211	33676	38.19182	1.1890608	8.746422	0	0	0	0	0	0	0	0	0	0	0	0	0	0	0	0	0	0
GP3_S28_subsampled_depth_14G_contig_1793	112.596085	111.55413	44003	1214.7562	10.56482	372.40704	110.82058	109.96283	44003	1091.7526	10.396037	369.02106	114.49809	113.818085	44003	1195.3779	10.837966	383.75006	99.42542	98.79163	44003	986.8521	9.458863	352.46454	98.65334	98.000175	44003	935.3184	9.315204	344.36157	98.33733	97.952446	44003	944.05585	9.34346	344.90323	56.302418	52.763866	44003	949.58826	4.5258765	37.105404	47.750965	44.845905	44003	683.29584	3.7454925	26.245611	55.66171	52.603485	44003	889.83746	4.351501	32.008495	0	0	0	0	0	0	0	0	0	0	0	0	0	0	0	0	0	0
GP3_S28_subsampled_depth_14G_contig_1880	0	0	0	0	0	0	17.982548	16.521627	1623	292.46188	1.7506586	62.141937	29.279814	27.221434	1554	769.4379	2.8700142	101.62126	2.4328098	2.316333	0	4.2025547	0	0	0	0	0	0	0	0	0	0	0	0	0	0	134528.56	120816.73	1869	22329400000	10210.316	83709.33	177935.83	159979.64	1869	38905690000	13156.878	92193.57	185875.3	166967.02	1869	42572018000	13717.467	100902.06	0	0	0	0	0	0	0	0	0	0	0	0	0	0	0	0	0	0
GP3_S28_subsampled_depth_14G_contig_2297	8.886269	8.551403	18448	26.344822	0.8482166	29.8994	8.950029	8.556991	18508	25.91638	0.8450974	29.99785	9.192904	8.709488	18244	36.72141	0.878533	31.107037	9.916717	9.686535	18538	24.069754	0.95204234	35.475853	10.733816	10.469867	18595	27.407341	1.02101	37.744404	9.783841	9.438022	18147	36.98318	0.9334732	34.458103	7.820345	7.5896773	18499	23.237385	0.6403942	5.2502737	6.8043914	6.433756	17760	23.628529	0.543749	3.810185	6.1061597	5.974524	17851	16.094677	0.48205587	3.545875	0	0	0	0	0	0	0	0	0	0	0	0	0	0	0	0	0	0
GP3_S28_subsampled_depth_14G_contig_2604	119.26827	117.97483	64685	2171.7236	11.299847	398.31644	125.87864	123.89864	64683	2453.4705	11.921089	423.15472	129.10902	126.95253	64685	2824.263	12.359026	437.60776	125.93393	123.521805	64685	2613.4897	12.116749	451.5049	130.17867	128.2139	64679	2916.6184	12.427191	459.40482	126.39918	124.198166	64685	2501.1382	12.135437	447.96588	82.08242	79.385155	64676	1376.2623	6.600481	54.11408	71.50345	69.6718	64674	955.21246	5.6032743	39.26358	78.70197	76.48348	64685	1120.4939	6.1538777	45.266296	0	0	0	0	0	0	0	0	0	0	0	0	0	0	0	0	0	0
GP3_S28_subsampled_depth_14G_contig_2744	0	0	0	0	0	0	0	0	0	0	0	0	0	0	0	0	0	0	0	0	0	0	0	0	0	0	0	0	0	0	0	0	0	0	0	0	6.8700705	6.853634	4537	7.6949244	0.5484902	4.496801	0	0	0	0	0	0	3.1497607	3.1438339	4248	2.6809416	0.25273344	1.859041	0	0	0	0	0	0	0	0	0	0	0	0	0	0	0	0	0	0
GP3_S28_subsampled_depth_14G_contig_3030	6.377544	6.242726	14322	11.480562	0.5920463	20.869461	6.7221847	6.5737224	14460	13.625709	0.62513244	22.189892	6.452578	6.349163	14563	12.421865	0.603913	21.383324	5.703053	5.6160107	14438	9.683238	0.5378325	20.041182	5.332429	5.262099	14229	8.560763	0.4990951	18.450392	5.239824	5.1015377	14315	10.23877	0.49180168	18.1543	2.9730666	2.8399668	13475	4.699797	0.23575208	1.9328147	2.597015	2.4574852	13264	4.003682	0.20067672	1.4061928	2.3621438	2.2495854	12542	3.0306585	0.18544823	1.3641082	0	0	0	0	0	0	0	0	0	0	0	0	0	0	0	0	0	0
GP3_S28_subsampled_depth_14G_contig_3176	0	0	0	0	0	0	15.9647	14.972444	1807	214.23055	1.4800273	52.53552	25.124655	24.566442	1844	400.33658	2.413659	85.462685	4.5675673	4.2247396	1544	19.6363	0.40796357	15.201895	3.8549366	3.4660134	0	17.759851	0	0	3.5410922	3.4807103	1548	6.676705	0.3635943	13.421678	78115.47	76815.29	1963	3943261000	5899.57	48367.652	103326.72	101725.49	1963	6603946500	7603.2993	53278.25	105472.41	103681.24	1963	7115496400	7743.2026	56956.957	0	0	0	0	0	0	0	0	0	0	0	0	0	0	0	0	0	0
GP3_S28_subsampled_depth_14G_contig_3354	76.24429	75.748024	17983	256.18655	7.1390977	251.65134	79.74399	79.419815	17986	282.38815	7.469163	265.12766	80.1106	79.833466	17988	247.13577	7.574857	268.2102	90.13504	89.9465	17987	309.2481	8.566515	319.21295	92.352264	92.33107	17985	336.02466	8.739275	323.07095	91.33595	91.150024	17987	315.05908	8.676396	320.2793	8.274231	7.9329886	17976	25.52878	0.6669463	5.467961	7.268625	6.986797	17685	24.670856	0.5732277	4.0167503	7.343349	7.1314692	17700	19.901447	0.5769285	4.2437315	7.129267	6.9803824	17798	13.873076	15.264565	404.9563	5.0287013	4.932179	17431	8.118472	9.618946	250.13293	7.9667583	7.8712087	17908	12.748361	14.288707	374.17563
GP3_S28_subsampled_depth_14G_contig_3777	0	0	0	0	0	0	0	0	0	0	0	0	0	0	0	0	0	0	0	0	0	0	0	0	0	0	0	0	0	0	0	0	0	0	0	0	1443.3141	1440.3507	5215	43724.31	114.50506	938.7704	1261.3083	1259.2576	5215	37397.258	97.60387	683.9353	958.38776	956.4593	5215	23561.441	73.86026	543.2966	0	0	0	0	0	0	0	0	0	0	0	0	0	0	0	0	0	0
GP3_S28_subsampled_depth_14G_contig_3888	0	0	0	0	0	0	0	0	0	0	0	0	0	0	0	0	0	0	0	0	0	0	0	0	0	0	0	0	0	0	1.2831016	1.2313228	4274	0.90002126	0.118977964	4.3919377	69.7933	69.334816	5399	155.45256	5.5043054	45.127075	125.75919	125.62349	5399	385.05334	9.68429	67.86028	80.85121	80.44402	5399	173.31688	6.1894236	45.52779	0	0	0	0	0	0	0	0	0	0	0	0	0	0	0	0	0	0
GP3_S28_subsampled_depth_14G_contig_3962	0	0	0	0	0	0	0	0	0	0	0	0	0	0	0	0	0	0	0	0	0	0	0	0	0	0	0	0	0	0	0	0	0	0	0	0	11.3446045	11.194214	7100	21.397278	0.9058635	7.4267235	5.968345	5.896739	7100	7.639521	0.465417	3.2612967	6.693957	6.605019	6961	10.768172	0.5141639	3.7820556	0	0	0	0	0	0	0	0	0	0	0	0	0	0	0	0	0	0
GP3_S28_subsampled_depth_14G_contig_3969	0	0	0	0	0	0	0	0	0	0	0	0	0	0	0	0	0	0	0	0	0	0	0	0	0	0	0	0	0	0	0	0	0	0	0	0	1193.5114	1184.9729	6453	56468.39	94.66865	776.1415	1102.7189	1095.8679	6453	43829.48	85.286964	597.62744	1060.5724	1051.4073	6453	48169.527	81.9617	602.8885	0	0	0	0	0	0	0	0	0	0	0	0	0	0	0	0	0	0
GP3_S28_subsampled_depth_14G_contig_4031	0	0	0	0	0	0	0	0	0	0	0	0	0	0	0	0	0	0	0	0	0	0	0	0	0	0	0	0	0	0	0	0	0	0	0	0	7.463053	7.39558	4944	13.70493	0.58024555	4.7571435	3.3804305	3.3373928	4689	3.9977825	0.258552	1.8117399	0	0	0	0	0	0	0	0	0	0	0	0	0	0	0	0	0	0	0	0	0	0	0	0
GP3_S28_subsampled_depth_14G_contig_4034	0	0	0	0	0	0	0	0	0	0	0	0	0	0	0	0	0	0	0	0	0	0	0	0	0	0	0	0	0	0	0	0	0	0	0	0	16.589344	16.376114	2254	55.95439	1.2492869	10.242283	6.3135314	6.2928233	2112	12.442689	0.46438363	3.254055	8.449788	8.51231	1954	21.95137	0.6131055	4.5098443	0	0	0	0	0	0	0	0	0	0	0	0	0	0	0	0	0	0
GP3_S28_subsampled_depth_14G_contig_1612|provirus_68854_100287	35.79555	35.5651	31432	68.24582	3.3972223	119.7511	35.934345	35.429607	31424	77.67487	3.4143481	121.196785	36.777233	36.381977	31425	67.808266	3.522892	124.738365	36.11712	35.69378	31434	70.78627	3.4898438	130.04166	36.681915	36.19424	31433	69.068085	3.5115113	129.81256	37.6371	37.226097	31429	71.139786	3.6320271	134.07216	27.384127	26.591064	31430	150.45891	2.2174094	18.179438	22.48568	22.005575	31393	124.55823	1.7733114	12.42604	28.370924	27.633968	31400	167.6962	2.2318618	16.41699	0	0	0	0	0	0	0	0	0	0	0	0	0	0	0	0	0	0
GP4_S29_subsampled_depth_14G_contig_22	0	0	0	0	0	0	5.1349273	4.6767774	0	31.270666	0	0	6.5106745	6.300474	1031	24.214203	0.5816248	20.594131	0	0	0	0	0	0	0	0	0	0	0	0	0	0	0	0	0	0	22397.232	21091.89	1306	358087650	1665.9985	13658.697	31707.06	29897.031	1321	707867600	2298.7935	16108.228	30510.756	28747.549	1321	658095360	2206.6873	16231.811	0	0	0	0	0	0	0	0	0	0	0	0	0	0	0	0	0	0
GP4_S29_subsampled_depth_14G_contig_115	0	0	0	0	0	0	0	0	0	0	0	0	0	0	0	0	0	0	0	0	0	0	0	0	0	0	0	0	0	0	0	0	0	0	0	0	46751.586	43179.434	907	2939390500	3336.9722	27358.182	58495.6	54004	1133	4581853000	4071.3296	28528.836	60551.082	55893.273	1039	4871669000	4208.967	30960.05	0	0	0	0	0	0	0	0	0	0	0	0	0	0	0	0	0	0
GP4_S29_subsampled_depth_14G_contig_193	13695.1455	13506.57	30024	16121079	1287.0366	45367.688	13128.613	12941.568	30024	14814493	1233.7533	43793.695	12711.43	12534.477	30024	13882996	1205.0784	42669.348	11623.669	11465.596	30024	11671380	1107.9069	41283.785	10907.885	10755.858	30024	10291142	1031.5881	38135.445	11369.043	11203.195	30024	11387587	1081.6404	39927.527	10648.137	10129.452	30024	50858796	857.504	7030.251	8073.566	7677.0557	30024	29023688	633.7082	4440.5547	11099.8955	10559.81	30024	52419000	869.55115	6396.189	279.03073	278.67752	30024	7992.3086	536.4257	14230.924	338.85406	338.62646	30024	11785.829	645.9833	16798.281	308.4907	308.46252	30024	10500.752	556.2589	14566.65
GP4_S29_subsampled_depth_14G_contig_194	0	0	0	0	0	0	0	0	0	0	0	0	0	0	0	0	0	0	0	0	0	0	0	0	0	0	0	0	0	0	0	0	0	0	0	0	10.3735485	10.406575	2722	35.36678	0.80599827	6.607979	6.094792	6.0074906	2711	11.503379	0.46140197	3.2331624	10.614837	10.677486	2737	25.536755	0.81766707	6.014545	0	0	0	0	0	0	0	0	0	0	0	0	0	0	0	0	0	0
GP4_S29_subsampled_depth_14G_contig_220	190.25116	190.14497	10937	2411.8135	18.136545	639.3081	198.56099	197.83588	10938	2366.6165	18.873243	669.9307	199.52817	198.30127	10939	2680.9216	19.189953	679.47675	213.71956	214.03522	10939	2631.142	20.632574	768.8291	211.58156	211.33629	10939	2478.7646	20.289507	750.05646	214.54782	213.32877	10937	2858.3098	20.667017	762.8995	12.122614	11.832785	10901	25.045578	0.9922881	8.135274	11.738554	11.687397	10921	11.422693	0.9350793	6.552342	13.962002	13.874073	10940	24.707792	1.1187156	8.22898	14.711307	14.607599	10932	29.083105	30.947615	821.01434	13.435774	13.288303	10929	25.57429	25.84181	671.9956	16.484985	16.414436	10905	32.100567	29.934504	783.88934
GP4_S29_subsampled_depth_14G_contig_246	51.869198	51.152496	45279	187.68286	4.8630004	171.41942	50.74688	49.795036	45279	203.57198	4.7559423	168.81847	52.016487	50.905457	45279	231.15582	4.923755	174.34006	51.856834	50.973263	45279	223.16115	4.9364624	183.94672	52.177536	51.301376	45279	205.98795	4.921631	181.94139	53.413303	52.436935	45279	245.777	5.069085	187.11949	32.524185	29.803038	45279	666.6512	2.6133525	21.42558	26.055153	23.815742	45279	415.4643	2.0421457	14.30983	30.087128	27.786839	45279	506.93277	2.3504932	17.289616	0	0	0	0	0	0	0	0	0	0	0	0	0	0	0	0	0	0
GP4_S29_subsampled_depth_14G_contig_254	0	0	0	0	0	0	0	0	0	0	0	0	0	0	0	0	0	0	0	0	0	0	0	0	0	0	0	0	0	0	0	0	0	0	0	0	17.77871	17.530825	3250	60.819035	1.4019198	11.493644	15.785484	15.401793	3236	60.774555	1.1970333	8.387913	11.74	11.488172	3223	26.988848	0.89644027	6.593978	0	0	0	0	0	0	0	0	0	0	0	0	0	0	0	0	0	0
GP4_S29_subsampled_depth_14G_contig_306	217.00543	209.612	24700	5071.5127	20.576157	725.3038	222.0275	214.00095	24744	5753.125	21.051558	747.2527	232.62668	224.1846	24747	6296.737	22.244213	787.6218	242.68015	234.22783	24747	6397.487	23.373222	870.9537	234.10826	225.04457	24746	6568.6	22.3622	826.67914	239.09297	229.55954	24739	6784.6025	22.97065	847.9353	49.364513	45.595142	24745	1565.4841	3.9697626	32.546124	42.62003	40.10181	24802	915.3801	3.341708	23.416195	46.893883	43.717415	24698	1141.9052	3.6688569	26.987139	10.096219	9.397512	24690	55.125137	21.935257	581.9241	6.9947267	6.4126105	23974	34.809753	13.563825	352.7164	11.49213	10.729223	24618	70.01572	20.998339	549.8799
GP4_S29_subsampled_depth_14G_contig_369	4.9817443	4.711712	932	25.83926	0.47181925	16.631495	10.093307	9.867117	1104	63.388237	0.94353515	33.49203	15.977688	15.310811	1026	183.19139	1.5155108	53.661118	1.5141988	1.411036	0	1.9759403	0	0	0	0	0	0	0	0	0	0	0	0	0	0	51881.96	51844.234	1136	893066900	3864.577	31683.746	72904.164	72922.516	1136	1687535900	5287.486	37050.76	71588.66	71632.16	1136	1583332000	5183.2505	38126.63	0	0	0	0	0	0	0	0	0	0	0	0	0	0	0	0	0	0
GP4_S29_subsampled_depth_14G_contig_508	4.764881	4.4669604	877	19.647743	0.41413385	14.598105	14.633928	14.443832	0	118.415016	0	0	19.387897	18.878855	878	240.5157	1.7324573	61.34274	0	0	0	0	0	0	0	0	0	0	0	0	0	0	0	0	0	0	12050.163	11935.886	1135	97519310	880.7741	7221.031	11418.602	11321.624	1158	87327510	812.52527	5693.5723	8380.971	8312.137	1108	46711224	593.7663	4367.589	0	0	0	0	0	0	0	0	0	0	0	0	0	0	0	0	0	0
GP4_S29_subsampled_depth_14G_contig_895	76.67996	76.71337	30293	121.08301	7.205411	253.98886	68.43082	68.310814	30293	124.01931	6.427593	228.15579	73.63192	73.30377	30293	128.9292	6.974871	246.96594	62.98172	62.80615	30293	81.31657	5.996302	223.43944	59.17981	59.073868	30293	78.77599	5.599792	207.01143	59.976013	59.832024	30293	110.85276	5.7069635	210.666	14.93438	14.657673	30293	34.456306	1.2095951	9.916876	13.5906515	13.3710785	30293	27.729149	1.0711054	7.5055084	17.543476	17.323786	30293	37.38977	1.3781228	10.13711	0	0	0	0	0	0	0	0	0	0	0	0	0	0	0	0	0	0
GP4_S29_subsampled_depth_14G_contig_1472	228.65079	204.97072	15857	21197.03	23.820995	839.6838	219.591	196.28712	15857	20340.732	22.850708	811.1162	219.76309	196.48291	15857	20483.396	23.167927	820.32874	202.21837	180.80165	15857	16661.102	21.385489	796.8848	184.25945	165.94992	15857	12462.093	19.302671	713.5753	198.97237	179.0416	15857	15229.688	20.930002	772.6074	15.380977	14.453562	15857	87.41896	1.3282518	10.889677	14.510345	13.517437	15857	90.05051	1.215616	8.518134	18.740816	17.534626	15857	144.36699	1.5657762	11.517432	5.5938754	4.7604866	14737	36.42075	13.060337	346.47992	3.79385	3.305369	14461	15.864541	8.439507	219.46278	6.0567265	5.4131713	15561	26.74089	12.530416	328.13162
GP4_S29_subsampled_depth_14G_contig_1482	106.890915	60.7091	33738	62919.32	10.725218	378.061	106.890884	59.733177	33738	64720.797	10.7737875	382.42993	112.5033	60.3259	33738	79615.875	11.449078	405.38834	115.084465	60.537445	33738	86864.336	11.831529	440.8768	112.8311	57.984882	33738	87439.4	11.530213	426.24545	114.40413	58.961098	33738	89322.05	11.745391	433.56772	76.8735	69.38935	33738	3130.716	6.2449765	51.19945	61.42664	54.917862	33738	2217.6526	4.8760524	34.16775	77.567375	69.24975	33738	3372.6577	6.1284003	45.0789	0	0	0	0	0	0	0	0	0	0	0	0	0	0	0	0	0	0
GP4_S29_subsampled_depth_14G_contig_1555	25.539177	24.739923	20494	166.26028	2.4088604	84.91164	23.75403	23.374222	20494	95.21258	2.2372422	79.41384	26.074764	25.280666	20494	173.56432	2.4785259	87.759544	27.410097	26.880283	20494	169.29646	2.618819	97.5847	26.980732	26.571928	20494	133.23895	2.5528698	94.37375	27.405918	26.600601	20492	180.84874	2.6133852	96.47015	19.989088	19.740852	20479	101.867966	1.6061054	13.167666	18.25983	17.698689	20494	88.56002	1.427149	10.000395	20.363989	20.065155	20468	108.11825	1.5877409	11.679008	0	0	0	0	0	0	0	0	0	0	0	0	0	0	0	0	0	0
GP4_S29_subsampled_depth_14G_contig_1584	0	0	0	0	0	0	0	0	0	0	0	0	0	0	0	0	0	0	0	0	0	0	0	0	0	0	0	0	0	0	0	0	0	0	0	0	198.2259	197.5777	5161	670.7062	16.230864	133.06877	134.47456	132.88628	5161	500.80908	10.768887	75.46034	130.79066	130.66881	5161	331.37384	10.344797	76.09361	2.9179804	2.746841	4743	4.8262053	5.882558	156.05937	1.9940132	1.8909333	4359	2.6119401	3.7986777	98.78162	3.808621	3.7200177	4961	5.0350237	7.033022	184.17245
GP4_S29_subsampled_depth_14G_contig_1745	0	0	0	0	0	0	0	0	0	0	0	0	0	0	0	0	0	0	0	0	0	0	0	0	0	0	0	0	0	0	0	0	0	0	0	0	0	0	0	0	0	0	4.4269056	4.358209	1265	6.871448	0.32421196	2.271835	0	0	0	0	0	0	0	0	0	0	0	0	0	0	0	0	0	0	0	0	0	0	0	0
GP4_S29_subsampled_depth_14G_contig_1867	249.78044	248.70917	14970	951.0994	23.614042	832.3885	257.60193	257.66492	14971	714.5321	24.375772	865.25037	279.59857	279.9383	14971	791.49445	26.67245	944.4169	304.0002	304.23953	14971	1056.133	29.151073	1086.2528	307.3491	307.1624	15031	1014.03033	29.290499	1082.8024	307.93573	307.2666	15044	1109.4507	29.48325	1088.3407	11.274502	11.09011	14909	35.95148	0.91019356	7.4622283	11.075669	10.823806	15057	25.926916	0.86929315	6.091359	11.207956	10.88999	14921	36.03404	0.8726632	6.419079	32.39666	32.268913	15040	58.64759	71.14765	1887.4875	23.332796	23.304987	14970	31.514692	44.55277	1158.5591	35.03126	34.869568	14970	53.07353	63.32021	1658.1545
GP4_S29_subsampled_depth_14G_contig_1967	8.537712	8.434342	11104	14.403067	0.80230004	28.28085	8.707868	8.661688	11169	15.619243	0.8110001	28.787529	9.829935	9.82909	11111	14.983522	0.9271044	32.82686	9.19253	9.113071	11126	17.455664	0.8656218	32.255573	7.945507	7.871191	11133	11.982411	0.7448423	27.53511	9.201282	9.031576	11178	17.981943	0.86913866	32.08328	3.206153	3.0539293	10315	4.9417977	0.25682908	2.1056132	4.3861423	4.305834	11089	5.0224047	0.33587134	2.3535357	3.5538614	3.4576986	10738	4.39293	0.28225407	2.076186	0	0	0	0	0	0	0	0	0	0	0	0	0	0	0	0	0	0
GP4_S29_subsampled_depth_14G_contig_2015	129.56465	107.82368	14974	37515.883	12.547222	442.28607	122.38012	102.53196	14977	32950.93	11.890447	422.06714	123.99494	104.05343	14977	33856.188	12.1297	429.48776	124.3671	103.566505	14938	35150.605	12.234315	455.88577	114.652664	96.55849	14972	28388.926	11.185241	413.4927	118.93593	99.33593	14961	31415.275	11.713708	432.39832	10.281041	9.728513	14561	59.68771	0.8476302	6.949303	10.214608	9.40517	14811	66.774254	0.81447434	5.7072277	11.273083	10.710154	14765	68.32101	0.89685535	6.5970354	0	0	0	0	0	0	0	0	0	0	0	0	0	0	0	0	0	0
GP4_S29_subsampled_depth_14G_contig_2047	21.463146	21.024673	30652	117.52394	2.0265124	71.43399	22.001698	21.610798	30659	119.35428	2.0693736	73.455185	21.17413	20.770021	30594	112.381256	2.010943	71.20336	19.579342	19.217352	30634	97.4046	1.8724461	69.7727	19.863623	19.601147	30650	95.48589	1.885535	69.70387	20.016687	19.5805	30621	101.72583	1.9075627	70.415504	10.406421	10.198411	30221	31.961103	0.8407521	6.892909	8.744914	8.488733	30665	24.870625	0.68127155	4.773841	11.17328	11.011721	30324	31.822886	0.8719023	6.4134865	0	0	0	0	0	0	0	0	0	0	0	0	0	0	0	0	0	0
GP4_S29_subsampled_depth_14G_contig_2082	0	0	0	0	0	0	0	0	0	0	0	0	0	0	0	0	0	0	0	0	0	0	0	0	0	0	0	0	0	0	0	0	0	0	0	0	1.1312184	1.051241	1177	0.9149483	0.117323436	0.9618766	4.457823	4.414732	1537	4.1574917	0.3202041	2.2437513	0	0	0	0	0	0	0	0	0	0	0	0	0	0	0	0	0	0	0	0	0	0	0	0
GP4_S29_subsampled_depth_14G_contig_2557	0	0	0	0	0	0	0	0	0	0	0	0	0	0	0	0	0	0	1.294093	1.2410424	2048	0.88413525	0.12400977	4.620959	1.8353581	1.7515123	1926	2.314458	0.17888595	6.6130033	2.051948	1.9716147	2220	2.19093	0.20255798	7.477203	1.8940092	1.8157282	0	2.6052744	0	0	5.954755	5.875291	2537	6.4849577	0.44802552	3.1394289	0	0	0	0	0	0	0	0	0	0	0	0	0	0	0	0	0	0	0	0	0	0	0	0
GP4_S29_subsampled_depth_14G_contig_2608	0	0	0	0	0	0	0	0	0	0	0	0	0	0	0	0	0	0	3.045875	2.9609535	5171	3.8902173	0.28570274	10.646106	3.0745468	2.981299	4995	4.4497614	0.28333974	10.474418	3.0007398	2.9134812	4875	4.530619	0.27747822	10.242791	0	0	0	0	0	0	2.373474	2.3431976	4937	2.065672	0.18348835	1.2857492	0	0	0	0	0	0	0	0	0	0	0	0	0	0	0	0	0	0	0	0	0	0	0	0
GP4_S29_subsampled_depth_14G_contig_2675	308.21188	305.1088	13445	7233.779	29.583073	1042.7953	298.376	296.2908	13445	6167.7954	28.682964	1018.13965	297.05093	294.28336	13445	5897.843	28.752844	1018.079	277.19165	274.94476	13445	4507.69	27.044	1007.73724	255.40736	254.08473	13445	3967.0493	24.649464	911.2339	267.93027	265.93918	13445	4672.6533	26.080946	962.74854	16.818428	16.479067	13445	77.84081	1.3769789	11.289173	14.792704	14.379543	13445	66.431984	1.1765882	8.244651	22.054983	21.519596	13445	124.77422	1.7535559	12.898691	5.588793	4.746553	12643	101.017365	13.70977	363.7088	4.312674	3.346035	12342	116.680855	10.777711	280.26572	5.7877398	4.8831787	13172	95.7532	12.718573	333.05905
GP4_S29_subsampled_depth_14G_contig_2995	4.689702	4.612784	16755	8.224301	0.43826145	15.448595	4.5217366	4.461109	16827	6.4144106	0.4240011	15.050472	4.694783	4.634237	16653	7.833324	0.44209427	15.653657	4.149955	4.088195	17170	5.2903686	0.3955037	14.7375965	4.619975	4.4629908	17243	8.092771	0.43431413	16.05559	5.0125337	4.9619246	16909	7.5580835	0.47390574	17.493687	8.245257	8.042404	16920	28.968811	0.66226584	5.429591	7.4460254	7.2232466	17193	22.10662	0.5832076	4.0866833	6.006041	5.788546	16805	17.608288	0.47229195	3.4740534	0	0	0	0	0	0	0	0	0	0	0	0	0	0	0	0	0	0
GP4_S29_subsampled_depth_14G_contig_3035	0	0	0	0	0	0	0	0	0	0	0	0	0	0	0	0	0	0	2.8226135	2.7287753	1427	4.375017	0.2461071	9.170657	0	0	0	0	0	0	0	0	0	0	0	0	2.493568	2.5063863	1547	1.284003	0.19211139	1.5750264	7.5700746	7.5642376	1627	10.088073	0.56897223	3.9869323	1.2566012	1.1735537	0	1.371103	0	0	0	0	0	0	0	0	0	0	0	0	0	0	0	0	0	0	0	0
GP4_S29_subsampled_depth_14G_contig_3227	0	0	0	0	0	0	0	0	0	0	0	0	0	0	0	0	0	0	0	0	0	0	0	0	0	0	0	0	0	0	0	0	0	0	0	0	0	0	0	0	0	0	5.097938	5.017179	3671	7.242779	0.38489604	2.6970632	4.2967987	4.0744424	0	14.810666	0	0	0	0	0	0	0	0	0	0	0	0	0	0	0	0	0	0	0	0
GP4_S29_subsampled_depth_14G_contig_3383	95.807045	76.68999	20414	10976.723	9.328423	328.82428	99.79328	79.20337	20414	12407.646	9.682507	343.69327	102.86809	81.06788	20414	14044.276	10.111869	358.04047	115.51989	93.14448	20414	14866.89	11.401794	424.86377	121.26712	97.970116	20414	15794.476	11.841047	437.7363	122.26801	99.3706	20414	15625.476	11.99652	442.83792	9.1993685	8.89319	20386	21.971895	0.75143236	6.1606236	9.382402	8.97582	20414	24.006304	0.75368196	5.281243	9.613946	9.173868	20397	28.601238	0.77491474	5.7000694	18.01446	14.008609	20413	524.5371	38.906445	1032.1558	13.39923	10.679625	20408	255.15294	26.347517	685.1463	19.662653	15.405417	20414	588.2146	36.36473	952.27655
GP4_S29_subsampled_depth_14G_contig_3615	0	0	0	0	0	0	0	0	0	0	0	0	0	0	0	0	0	0	0	0	0	0	0	0	0	0	0	0	0	0	0	0	0	0	0	0	6.8992395	6.7877507	2204	9.925174	0.5226844	4.28523	9.749049	9.750264	2253	16.58464	0.7278228	5.1000404	8.086502	8.17265	2229	4.4138174	0.6073476	4.4674907	0	0	0	0	0	0	0	0	0	0	0	0	0	0	0	0	0	0
GP4_S29_subsampled_depth_14G_contig_2628|provirus_1_47634	171.07188	167.07864	47634	6366.185	16.063385	566.2298	165.76065	162.31328	47634	5498.6543	15.56984	552.672	178.72795	174.40259	47634	7074.311	16.94285	599.91156	221.1427	218.0372	47634	8913.17	21.068993	785.0912	205.81654	203.06728	47634	7711.5264	19.479897	720.12695	218.86067	216.3915	47634	8432.84	20.8292	768.8862	48.2603	47.35043	47634	777.99615	3.8919106	31.907858	41.89666	41.069378	47634	585.01373	3.300577	23.127989	47.191055	46.106983	47634	769.6998	3.7041595	27.246803	3.1044984	2.9565473	41896	5.4121995	6.686562	177.38892	2.428397	2.3160334	40583	3.426985	4.62873	120.36652	3.2537909	3.1133237	44471	4.9229107	5.8702736	153.72372
GP5_S30_subsampled_depth_14G_contig_1102	0	0	0	0	0	0	0	0	0	0	0	0	0	0	0	0	0	0	0	0	0	0	0	0	0	0	0	0	0	0	0	0	0	0	0	0	4.8976073	4.860408	1833	5.939399	0.37046966	3.0372982	1.9688369	1.9135269	1522	2.0179594	0.13842463	0.9699764	2.0144687	2.01853	1689	1.1233987	0.14422835	1.0609056	0	0	0	0	0	0	0	0	0	0	0	0	0	0	0	0	0	0
GP5_S30_subsampled_depth_14G_contig_1768	8.128124	8.026109	10660	11.461899	0.7536282	26.565195	8.391738	8.261603	10669	14.506884	0.7768914	27.576788	8.651809	8.592416	10728	10.6242485	0.8112493	28.724672	8.57721	8.579984	10681	11.489981	0.810112	30.187086	8.235733	8.132822	10575	14.680226	0.7695014	28.44669	8.269302	8.223269	10601	10.313928	0.7745154	28.590345	3.269862	3.1721923	10430	3.4010093	0.25648737	2.102812	3.6478925	3.5043514	10192	5.835721	0.2823342	1.9783877	3.4875047	3.3416908	10707	3.9219742	0.26900232	1.9787105	2.9848938	2.8728762	9897	3.8554087	5.808295	154.0892	2.242913	2.1112723	9072	3.275036	4.2329473	110.0745	2.9488997	2.9059262	10123	2.9006808	5.340802	139.8587
GP5_S30_subsampled_depth_14G_contig_1874	72.30955	70.39622	14432	223.75772	6.7944393	239.5021	69.292816	67.33087	14432	246.84622	6.505412	230.91812	71.88083	69.70601	14432	277.77866	6.834142	241.98303	62.42956	60.49339	14432	238.75233	5.968154	222.39053	62.69136	61.636845	14432	177.21596	5.9227223	218.94937	61.756546	60.11335	14432	187.86731	5.8762517	216.91507	43.218876	41.49681	14432	231.39539	3.4844055	28.566906	34.977036	33.74327	14432	186.47252	2.740304	19.202011	42.525417	41.672787	14432	157.23233	3.3434706	24.593685	0	0	0	0	0	0	0	0	0	0	0	0	0	0	0	0	0	0
GP5_S30_subsampled_depth_14G_contig_2038	107.5901	108.96746	14411	337.314	10.003123	352.60742	117.993	118.88479	14422	300.60794	10.973089	389.50415	118.06439	119.13942	14422	350.59464	11.067306	391.87064	116.413605	117.66036	14422	398.65292	10.974817	408.95334	119.86232	120.94901	14421	362.21484	11.206595	414.28214	116.077286	117.13109	14422	405.59625	10.916364	402.96518	80.38789	76.18488	14422	1885.8057	6.4276547	52.697144	68.14686	64.70831	14422	1353.5845	5.308095	37.195183	71.63173	67.66636	14422	1576.4541	5.5598183	40.896564	0	0	0	0	0	0	0	0	0	0	0	0	0	0	0	0	0	0
GP5_S30_subsampled_depth_14G_contig_2069	168.40819	158.93796	65181	12775.548	15.849281	558.6828	179.4799	169.09927	65181	15078.172	16.888079	599.4646	186.83533	176.38881	65181	16052.898	17.738129	628.07056	184.29427	173.39583	65181	16625.646	17.592428	655.54456	190.95035	179.028	65181	18221.012	18.08553	668.58044	183.42796	172.59264	65181	16783.01	17.478699	645.2062	106.56895	101.22402	65181	4199.7583	8.610039	70.58944	89.62227	85.334465	65181	2906.0688	7.0624804	49.48857	103.81522	98.32731	65181	3932.4226	8.155238	59.987774	0	0	0	0	0	0	0	0	0	0	0	0	0	0	0	0	0	0
GP5_S30_subsampled_depth_14G_contig_2170	39.33219	37.824127	3648	774.3906	3.916742	138.06409	43.810177	42.63397	3648	925.6677	4.3918376	155.8941	38.07776	36.513016	3648	745.81146	3.8066852	134.78688	36.467983	35.478413	3648	562.7524	3.7672307	140.37784	39.06375	37.76889	3648	914.12555	3.9848845	147.31197	38.479416	37.449524	3648	801.35175	3.897372	143.8671	7.450829	7.043492	3577	47.501297	0.6492003	5.322471	8.92167	8.327936	3594	62.313564	0.73558384	5.1544228	10.789022	10.3653965	3648	54.02697	0.8916519	6.5587564	36.144367	31.967619	3648	1943.535	81.36569	2158.5635	31.723843	28.326666	3633	1539.9402	67.44974	1753.9769	38.568325	34.86349	3648	1861.7615	76.356674	1999.5385
GP5_S30_subsampled_depth_14G_contig_2487	2.843709	2.737669	25299	3.8846667	0.26485696	9.336134	2.7923896	2.6903296	25127	3.4488592	0.26124918	9.273388	2.7137702	2.598607	24928	3.689639	0.25685772	9.094805	2.3908005	2.2915688	23591	3.1913188	0.22757758	8.480193	2.7370973	2.6240382	24751	3.6791205	0.25757027	9.52178	2.5389633	2.4314003	24619	3.358606	0.24061991	8.88221	7.2583103	6.99101	26540	24.9168	0.57960254	4.751875	6.1371193	5.8147326	25782	23.551382	0.47915044	3.3575292	9.414018	9.085041	26980	40.043167	0.7333506	5.3943343	0	0	0	0	0	0	2.1644554	2.0781972	23583	2.4963725	4.1405163	107.67085	2.417007	2.299587	24055	3.416367	4.307999	112.81279
GP5_S30_subsampled_depth_14G_contig_2660	9.249	9.092444	2481	29.744944	0.9002001	31.731823	22.557245	21.918222	2627	162.34135	2.1943305	77.89062	35.41553	34.989777	2619	417.5806	3.5785596	126.709465	5.4595675	5.358667	2378	15.686189	0.52385056	19.520178	3.8206565	3.576	2491	8.560534	0.3749098	13.859552	4.7522016	4.430222	2437	11.485628	0.4528232	16.715452	155584.84	153717.73	2648	9537560000	11876.948	97373.22	205303.36	203340.77	2648	15831386000	15268.484	106990.17	210408.31	208400.92	2648	17033800000	15614.696	114857.56	0	0	0	0	0	0	0	0	0	0	0	0	0	0	0	0	0	0
GP5_S30_subsampled_depth_14G_contig_2766	207.53218	202.54613	50011	2633.3733	19.500204	687.3767	213.98676	209.19327	50005	2630.1235	20.09707	713.3722	206.90352	201.13545	50011	2891.5303	19.604797	694.16565	189.87556	185.27324	49997	2116.0793	18.092852	674.1916	198.82887	194.44598	50011	2078.9836	18.79631	694.85645	193.26262	188.34029	49960	2359.9758	18.383797	678.6171	137.17784	134.0516	49922	4169.027	10.997433	90.16249	109.98321	107.40269	50004	2608.4453	8.60048	60.265766	128.80075	126.290565	50056	3390.238	10.049325	73.92019	0	0	0	0	0	0	0	0	0	0	0	0	0	0	0	0	0	0
GP5_S30_subsampled_depth_14G_contig_3061	175.36247	174.42581	13478	464.33945	16.697126	588.56915	174.10684	173.1327	13478	476.64322	16.5781	588.4617	171.92114	170.8893	13478	435.82275	16.504282	584.38275	159.7323	158.36304	13478	361.0084	15.395565	573.68286	145.83884	145.25017	13478	385.78046	13.971851	516.5072	153.68712	152.62704	13478	512.9809	14.849811	548.16376	7.7522507	7.5501	13342	16.645302	0.64042217	5.250504	6.828256	6.626042	13009	15.804297	0.5459913	3.8259003	10.227866	10.033344	13478	15.601636	0.81256056	5.976978	6.9423018	5.051934	13234	374.3443	19.247244	510.61337	5.2583284	3.4156384	12680	359.9416	15.557796	404.56802	7.8640456	5.6725574	13255	553.3192	19.968742	522.91766
GP5_S30_subsampled_depth_14G_contig_3079	39.293205	39.77037	13107	154.12263	3.6808047	129.74733	36.344257	36.688457	13110	142.3267	3.406226	120.908516	36.278015	36.66327	13112	114.04404	3.411443	120.79223	36.123466	36.14172	13114	133.8507	3.42224	127.52254	35.455925	35.43741	13108	146.29724	3.3355494	123.30757	35.137196	35.47905	13114	115.35076	3.3366065	123.167	10.441274	9.759489	12760	59.28005	0.8395147	6.8827667	9.436338	8.918859	12813	48.60383	0.7396859	5.183166	12.939384	12.482564	12956	68.89068	1.0070819	7.4078298	0	0	0	0	0	0	0	0	0	0	0	0	0	0	0	0	0	0
GP5_S30_subsampled_depth_14G_contig_3233	853.0693	837.6128	94300	22604.45	79.87642	2815.6223	883.1608	867.59753	94297	24082.309	82.686165	2935.054	906.0798	888.7498	94297	27375.123	85.58008	3030.2144	955.88	935.5281	94297	34103.785	90.79008	3383.0996	935.29974	917.53265	94297	30371.533	88.139824	3258.3267	937.20624	917.96564	94297	32933.984	88.85073	3279.8242	411.17166	409.62668	94349	14657.871	33.047047	270.93628	361.1231	359.25027	94300	11395.324	28.28	198.16508	408.7939	406.18567	94368	13956.558	31.953512	235.04158	4.892664	4.7739925	92011	7.609407	9.50217	252.08466	5.3234096	5.193967	93017	7.9263215	10.089436	262.36765	4.6388803	4.515295	92213	7.1243963	8.296762	217.26578
GP5_S30_subsampled_depth_14G_contig_3300	11.978954	11.353603	93177	62.498425	1.1259377	39.688995	12.078757	11.362293	93391	66.959625	1.1342385	40.26129	12.023696	11.303558	92945	64.88599	1.1385163	40.312504	12.5930195	11.818397	93457	71.70781	1.2004349	44.731636	12.456551	11.607901	93209	74.0364	1.1782533	43.557293	12.6693945	12.008072	93044	70.921265	1.2061807	44.524788	12.998996	11.891684	93203	102.437294	1.0453019	8.569908	11.090188	10.188749	92612	76.96669	0.86777854	6.0807433	11.808106	10.908219	93627	77.80781	0.92327243	6.7913465	0	0	0	0	0	0	0	0	0	0	0	0	0	0	0	0	0	0
GP5_S30_subsampled_depth_14G_contig_3750	0	0	0	0	0	0	0	0	0	0	0	0	0	0	0	0	0	0	0	0	0	0	0	0	0	0	0	0	0	0	0	0	0	0	0	0	0	0	0	0	0	0	0	0	0	0	0	0	1.8931937	1.8327526	884	2.4225426	0.14824195	1.0904293	0	0	0	0	0	0	0	0	0	0	0	0	0	0	0	0	0	0
GP5_S30_subsampled_depth_14G_contig_4072	7.2823424	7.11482	12531	11.886843	0.6915493	24.376917	7.900999	7.798998	12520	11.501435	0.7498447	26.616724	7.4178348	7.2563095	12564	12.92755	0.70665693	25.021273	6.3519416	6.2538033	12512	8.37794	0.61236167	22.818354	6.2414207	6.1203685	12508	9.837222	0.59600884	22.033087	6.6907525	6.551369	12508	10.234256	0.64306647	23.73806	5.8340583	5.6802397	12179	12.290515	0.47363588	3.8831046	4.5259385	4.303204	12298	9.576827	0.36000696	2.5226595	8.057033	7.76678	12564	18.140306	0.62302226	4.5827866	5.1615114	5.0789332	12325	7.971575	10.291353	273.0209	5.1980023	5.107124	12216	8.04957	9.950431	258.7532	5.7812953	5.6617146	12402	8.184262	10.357609	271.23282
GP5_S30_subsampled_depth_14G_contig_4109	144.24956	139.44824	50576	2544.9014	13.5504875	477.65097	148.41869	142.98015	50576	2830.403	13.938005	494.74796	150.3532	145.08395	50576	2709.1946	14.256398	504.7897	180.40479	174.64247	50576	3625.8853	17.189198	640.5189	179.09174	173.66791	50576	3293.1892	16.935703	626.07404	183.90146	178.51346	50576	3414.9753	17.495949	645.843	40.43087	39.864048	50576	124.413925	3.251451	26.657038	35.41921	34.786488	50576	131.15858	2.7758763	19.451273	41.120632	40.54059	50576	147.75005	3.2094548	23.607908	7.9460993	7.744932	50356	14.799559	17.954874	476.3277	5.9261093	5.788538	50318	8.484494	11.387449	296.12152	8.074565	7.892539	50479	13.489296	14.550314	381.02652
GP5_S30_subsampled_depth_14G_contig_4455	0	0	0	0	0	0	0	0	0	0	0	0	0	0	0	0	0	0	0	0	0	0	0	0	0	0	0	0	0	0	0	0	0	0	0	0	0	0	0	0	0	0	0	0	0	0	0	0	7.6960416	7.657592	2272	8.766122	0.5922361	4.356334	0	0	0	0	0	0	0	0	0	0	0	0	0	0	0	0	0	0
M1_S25_subsampled_depth_14G_contig_1941	0	0	0	0	0	0	0	0	0	0	0	0	0	0	0	0	0	0	0	0	0	0	0	0	0	0	0	0	0	0	0	0	0	0	0	0	0	0	0	0	0	0	0	0	0	0	0	0	0	0	0	0	0	0	77.62825	65.3185	21565	10822.116	165.25676	4384.1226	84.17408	70.7517	21565	13021.779	179.0026	4654.8203	80.19099	66.33681	21565	13477.116	161.64607	4232.996
M1_S25_subsampled_depth_14G_contig_2385	5.8220186	5.465921	23805	16.618683	0.55797225	19.66838	5.5471563	5.3665147	23875	10.766222	0.5259808	18.67037	5.133993	4.950849	23698	9.603578	0.4984256	17.648218	5.005136	4.819688	23604	9.851685	0.48683077	18.140715	4.703268	4.499793	24029	8.389456	0.45478177	16.812239	4.9673195	4.756961	23585	10.559738	0.47654843	17.591255	0	0	0	0	0	0	0	0	0	0	0	0	0	0	0	0	0	0	31.760386	30.985134	24293	157.87962	61.20368	1623.6826	40.960777	40.004833	24293	272.9136	78.491615	2041.1119	41.269436	40.49266	24293	239.48164	74.37555	1947.6593
M1_S25_subsampled_depth_14G_contig_3084	0	0	0	0	0	0	0	0	0	0	0	0	0	0	0	0	0	0	0	0	0	0	0	0	0	0	0	0	0	0	0	0	0	0	0	0	0	0	0	0	0	0	0	0	0	0	0	0	0	0	0	0	0	0	303.71976	280.49075	14106	28993.676	591.1817	15683.56	321.92734	295.59265	14106	33384.996	618.37463	16080.339	306.65103	279.1179	14106	34474.668	557.2387	14592.311
M1_S25_subsampled_depth_14G_contig_4406	0	0	0	0	0	0	0	0	0	0	0	0	0	0	0	0	0	0	0	0	0	0	0	0	0	0	0	0	0	0	0	0	0	0	0	0	0	0	0	0	0	0	0	0	0	0	0	0	0	0	0	0	0	0	36.962917	24.183971	10047	27321.258	107.30037	2846.589	38.59715	25.338646	10047	29990.299	114.53436	2978.3745	37.61231	23.820518	10047	31928.73	108.27583	2835.3994
M1_S25_subsampled_depth_14G_contig_5304	7.946194	7.7643824	16470	20.717623	0.7530292	26.544073	8.862861	8.77386	16765	15.301892	0.83883095	29.775421	8.804582	8.621421	16457	24.686146	0.8378476	29.666466	8.457946	8.26816	16739	21.631533	0.8091318	30.150578	8.033107	7.841795	16766	20.03261	0.7655458	28.300463	8.676569	8.527837	16718	20.572712	0.82707924	30.530693	0	0	0	0	0	0	0	0	0	0	0	0	0	0	0	0	0	0	327.54672	330.33337	16910	2474.0469	624.35614	16563.646	377.9524	381.41006	16912	3297.823	710.49316	18475.81	380.8984	384.77975	16914	3613.5813	677.7701	17748.639
M1_S25_subsampled_depth_14G_contig_5388	2.5085957	2.3392026	16364	4.178377	0.23528232	8.293638	2.1579993	2.0692372	15941	2.6416123	0.20218533	7.1768346	2.3346944	2.2086666	16394	3.4246414	0.21989965	7.7861905	2.6929193	2.6332817	16911	2.9390597	0.25988585	9.684094	2.7827978	2.708965	16711	3.6946673	0.2622713	9.695571	3.5457182	3.3655248	16701	7.075625	0.34157673	12.608921	0	0	0	0	0	0	0	0	0	0	0	0	0	0	0	0	0	0	470.00955	468.95303	18764	2358.534	910.478	24154.22	458.58075	459.12582	18764	1259.4518	867.8201	22566.973	634.5297	635.1186	18764	1854.5387	1135.1311	29725.473
M1_S25_subsampled_depth_14G_contig_6089	0	0	0	0	0	0	0	0	0	0	0	0	0	0	0	0	0	0	0	0	0	0	0	0	0	0	0	0	0	0	0	0	0	0	0	0	0	0	0	0	0	0	0	0	0	0	0	0	0	0	0	0	0	0	26.402779	20.327436	11958	1377.9791	60.1623	1596.0557	29.7229	23.202955	11958	1569.698	67.50406	1755.3893	35.16853	27.07819	11958	2319.9526	75.70536	1982.4827
M1_S25_subsampled_depth_14G_contig_8132	0	0	0	0	0	0	0	0	0	0	0	0	0	0	0	0	0	0	0	0	0	0	0	0	0	0	0	0	0	0	0	0	0	0	0	0	0	0	0	0	0	0	0	0	0	0	0	0	0	0	0	0	0	0	178.86414	161.05437	16335	9641.799	355.5693	9432.957	183.76244	163.14917	16335	11064.952	362.9072	9437.115	160.68298	142.8224	16335	8522.671	300.86755	7878.7656
M1_S25_subsampled_depth_14G_contig_9276	0	0	0	0	0	0	0	0	0	0	0	0	0	0	0	0	0	0	0	0	0	0	0	0	0	0	0	0	0	0	0	0	0	0	0	0	0	0	0	0	0	0	0	0	0	0	0	0	0	0	0	0	0	0	158.54483	156.22475	22135	1790.6947	313.20963	8309.192	162.11713	160.35286	22135	1584.2733	316.78543	8237.755	147.12769	145.14374	22135	1768.1335	273.91077	7172.8525
M1_S25_subsampled_depth_14G_contig_9315	0	0	0	0	0	0	0	0	0	0	0	0	0	0	0	0	0	0	0	0	0	0	0	0	0	0	0	0	0	0	0	0	0	0	0	0	0	0	0	0	0	0	0	0	0	0	0	0	0	0	0	0	0	0	153.62154	146.94719	19843	2824.5989	306.86154	8140.781	161.27725	154.45569	19843	2702.0393	317.77948	8263.603	145.45209	137.72728	19843	3421.5142	272.7722	7143.035
M1_S25_subsampled_depth_14G_contig_10186	0	0	0	0	0	0	0	0	0	0	0	0	0	0	0	0	0	0	0	0	0	0	0	0	0	0	0	0	0	0	0	0	0	0	0	0	0	0	0	0	0	0	0	0	0	0	0	0	0	0	0	0	0	0	21.872522	14.366661	14474	1502.3271	56.877213	1508.9048	21.835032	14.026916	14474	1601.98	56.339176	1465.0554	24.58196	16.93756	14474	1587.1748	59.75917	1564.9023
M1_S25_subsampled_depth_14G_contig_11778	0	0	0	0	0	0	0	0	0	0	0	0	0	0	0	0	0	0	0	0	0	0	0	0	0	0	0	0	0	0	0	0	0	0	0	0	0	0	0	0	0	0	0	0	0	0	0	0	0	0	0	0	0	0	205.72066	193.81496	20877	8471.058	420.71286	11161.158	218.36566	203.52689	20877	11182.585	443.84006	11541.706	214.05818	200.07205	20877	9949.63	412.40356	10799.535
M1_S25_subsampled_depth_14G_contig_11919	59.947193	55.727806	52435	2409.704	5.6388135	198.76659	58.904545	54.35317	52716	2430.0627	5.534991	196.4717	61.353935	56.34678	51560	2750.5808	5.8174148	205.98265	79.58105	73.289825	52142	4692.436	7.5881877	282.75766	80.71896	74.50161	52884	4498.3926	7.63502	282.249	80.96198	74.91811	52692	4577.837	7.700716	284.26312	0	0	0	0	0	0	14.373355	13.26763	41900	169.88666	1.1241199	7.8769956	17.407972	16.206718	40607	238.89984	1.3592697	9.99843	249.34555	252.58588	53705	11762.133	483.18213	12818.42	237.95871	240.95499	53705	10065.972	458.49667	11922.84	223.94086	226.97083	53705	8041.54	408.84937	10706.463
M1_S25_subsampled_depth_14G_contig_12883	0	0	0	0	0	0	0	0	0	0	0	0	0	0	0	0	0	0	0	0	0	0	0	0	0	0	0	0	0	0	0	0	0	0	0	0	0	0	0	0	0	0	0	0	0	0	0	0	0	0	0	0	0	0	17.210413	17.005577	10311	47.768528	33.46645	887.837	19.795984	19.684198	10311	52.04766	38.22019	993.88556	18.883673	18.667906	10311	49.967567	34.394268	900.6765
M1_S25_subsampled_depth_14G_contig_13733	2.4234016	2.3722954	15798	2.6015332	0.22457346	7.9161553	2.6466045	2.5691695	15821	3.5144079	0.24769825	8.792377	2.698847	2.606497	15913	3.6581154	0.25300577	8.958415	2.6747944	2.5238738	15802	4.286434	0.2527268	9.417321	2.833177	2.7504137	17028	2.9585972	0.26537982	9.810487	2.6582997	2.5925834	16108	2.9807734	0.2507076	9.254588	0	0	0	0	0	0	0	0	0	0	0	0	0	0	0	0	0	0	3.4328902	3.3589334	17209	4.2093186	6.6295595	175.87674	4.2333536	4.1921544	17797	4.651159	7.928344	206.17015	5.0467257	4.9532943	18027	6.794406	8.973605	234.99023
M1_S25_subsampled_depth_14G_contig_15197	23.521854	21.234581	8650	396.88693	2.406921	84.843315	21.562511	19.019358	8630	385.0101	2.1850092	77.5598	21.342981	19.4708	8302	306.26868	2.165711	76.683395	18.651407	15.9767065	8709	359.7624	1.9491963	72.632645	18.962492	17.105862	8683	268.28873	1.9275713	71.257904	19.46082	17.756561	9000	261.01486	1.9941392	73.61136	0	0	0	0	0	0	0	0	0	0	0	0	0	0	0	0	0	0	268.78598	275.45352	10308	17682.418	527.6773	13998.842	269.2039	275.68088	10308	17938.684	517.7077	13462.573	346.32526	354.7874	10308	28641.137	628.7975	16466.21
M1_S25_subsampled_depth_14G_contig_16388	1.5943019	1.503157	10166	1.8181165	0.1552697	5.4732146	0	0	0	0	0	0	1.9629858	1.8573378	11022	2.2912338	0.18903328	6.693285	2.456919	2.303413	11053	4.0449524	0.23776397	8.859774	2.8835816	2.765785	11344	5.019853	0.27994218	10.348824	2.9003224	2.6668942	11510	5.833701	0.28284997	10.441088	0	0	0	0	0	0	0	0	0	0	0	0	0	0	0	0	0	0	620.5993	600.7971	13172	20120.2	1203.5385	31928.871	582.5605	562.4144	13172	17736.504	1117.689	29064.615	651.8733	631.18524	13172	22055.727	1183.705	30997.469
M1_S25_subsampled_depth_14G_contig_16453	0	0	0	0	0	0	0	0	0	0	0	0	0	0	0	0	0	0	0	0	0	0	0	0	0	0	0	0	0	0	0	0	0	0	0	0	0	0	0	0	0	0	0	0	0	0	0	0	0	0	0	0	0	0	11.607912	11.45162	38895	20.146456	22.359982	593.1916	12.686077	12.515487	38925	16.889977	24.210945	629.5863	11.141707	11.009685	38875	16.904387	20.203053	529.05365
M1_S25_subsampled_depth_14G_contig_16710	0	0	0	0	0	0	0	0	0	0	0	0	0	0	0	0	0	0	0	0	0	0	0	0	0	0	0	0	0	0	0	0	0	0	0	0	0	0	0	0	0	0	0	0	0	0	0	0	0	0	0	0	0	0	49.920876	45.420666	26830	836.04565	104.66973	2776.8003	55.902325	51.79964	26830	879.03864	116.10891	3019.319	53.65075	49.194942	26830	906.90063	106.47566	2788.2585
M1_S25_subsampled_depth_14G_contig_20058	0	0	0	0	0	0	0	0	0	0	0	0	0	0	0	0	0	0	0	0	0	0	0	0	0	0	0	0	0	0	0	0	0	0	0	0	0	0	0	0	0	0	0	0	0	0	0	0	0	0	0	0	0	0	11.957733	8.827378	13174	367.72882	28.502403	756.1447	12.42948	9.280755	13193	389.11755	29.768053	774.0946	13.226417	10.039391	13196	397.5583	29.553291	773.90674
M1_S25_subsampled_depth_14G_contig_21805	7.492449	6.962631	10531	46.267982	0.72890514	25.693707	6.7256737	6.2001905	9788	39.745644	0.6571376	23.325972	7.4181395	6.9433746	9480	48.402416	0.732869	25.949392	7.656341	7.2409916	10447	48.062527	0.7523433	28.034472	7.1147246	6.585129	9550	43.634396	0.70527035	26.07223	7.337824	6.8917065	9305	46.60817	0.7364707	27.185965	0	0	0	0	0	0	0	0	0	0	0	0	0	0	0	0	0	0	67.65042	67.42183	11804	103.350685	128.577	3411.0403	85.75468	85.82107	11804	101.52502	160.86421	4183.1455	77.00652	76.62583	11804	139.47224	136.84937	3583.6501
M1_S25_subsampled_depth_14G_contig_22031	0	0	0	0	0	0	0	0	0	0	0	0	0	0	0	0	0	0	0	0	0	0	0	0	0	0	0	0	0	0	0	0	0	0	0	0	0	0	0	0	0	0	0	0	0	0	0	0	0	0	0	0	0	0	217.61862	217.99203	15898	996.4067	421.40546	11179.535	225.49677	225.38359	15898	544.01245	430.2163	11187.433	208.95778	208.89085	15898	450.60648	377.51367	9885.881
M1_S25_subsampled_depth_14G_contig_22481	2.9088192	2.7300446	14739	5.134168	0.2727893	9.615745	2.4654794	2.2971947	14766	3.7834382	0.2318455	8.229662	2.539522	2.3980892	14336	3.7317104	0.24077812	8.525457	2.8755794	2.7187965	15168	4.4029384	0.27225208	10.144895	2.5646498	2.3728826	13899	4.8648043	0.24257171	8.967322	2.800012	2.6928446	14489	4.5266995	0.26399505	9.745082	0	0	0	0	0	0	0	0	0	0	0	0	0	0	0	0	0	0	5.184923	5.064575	16331	7.567997	11.549897	306.40906	4.905038	4.8536386	16197	5.669848	10.286106	267.48193	6.186997	6.0546823	16400	8.546672	12.674873	331.91473
M1_S25_subsampled_depth_14G_contig_23137	4.270787	4.053068	12925	10.21554	0.45392248	16.000639	5.190924	4.9441957	13477	9.579428	0.5257012	18.660458	4.8246756	4.6554728	13449	7.371886	0.48309734	17.105486	5.073966	4.8788557	13312	9.052153	0.52144134	19.430414	5.3410954	5.1210613	13442	9.352779	0.5443458	20.123209	4.9279	4.7036486	13129	10.201414	0.5004789	18.474619	0	0	0	0	0	0	0	0	0	0	0	0	0	0	0	0	0	0	11.178459	10.731094	13548	29.337193	22.989359	609.8887	9.6699505	9.23383	13548	22.538218	19.65086	511.00507	16.503881	16.134245	13548	35.033607	30.919634	809.68677
M1_S25_subsampled_depth_14G_contig_24415	0	0	0	0	0	0	0	0	0	0	0	0	0	0	0	0	0	0	0	0	0	0	0	0	0	0	0	0	0	0	0	0	0	0	0	0	0	0	0	0	0	0	0	0	0	0	0	0	0	0	0	0	0	0	80.42324	62.87586	11132	9636.074	189.32556	5022.6484	85.78693	67.615036	11132	10600.756	200.31017	5208.9067	86.42378	65.71762	11132	13637.934	194.14082	5083.9307
M1_S25_subsampled_depth_14G_contig_24493	0	0	0	0	0	0	0	0	0	0	0	0	0	0	0	0	0	0	0	0	0	0	0	0	0	0	0	0	0	0	0	0	0	0	0	0	0	0	0	0	0	0	0	0	0	0	0	0	0	0	0	0	0	0	9.015142	8.26523	10254	73.050255	19.139355	507.751	10.626485	9.766	10254	110.21067	22.305899	580.0471	9.038005	8.042006	10254	153.61629	18.643108	488.2037
M1_S25_subsampled_depth_14G_contig_24498	0	0	0	0	0	0	0	0	0	0	0	0	0	0	0	0	0	0	0	0	0	0	0	0	0	0	0	0	0	0	0	0	0	0	0	0	0	0	0	0	0	0	0	0	0	0	0	0	0	0	0	0	0	0	4.334906	4.2282662	11096	5.2478714	8.287137	219.85075	3.9967062	3.9064386	11169	4.023938	7.488273	194.72664	3.6786256	3.5415883	10728	5.5140514	6.542822	171.33559
M1_S25_subsampled_depth_14G_contig_25205	0	0	0	0	0	0	0	0	0	0	0	0	0	0	0	0	0	0	0	0	0	0	0	0	0	0	0	0	0	0	0	0	0	0	0	0	0	0	0	0	0	0	0	0	0	0	0	0	0	0	0	0	0	0	29.594112	29.416405	34694	53.81299	57.629997	1528.8752	35.029095	34.94593	34694	47.501663	66.83534	1737.9995	27.965899	27.672724	34694	40.01743	50.691113	1327.4392
M1_S25_subsampled_depth_14G_contig_26512	0	0	0	0	0	0	0	0	0	0	0	0	0	0	0	0	0	0	0	0	0	0	0	0	0	0	0	0	0	0	0	0	0	0	0	0	0	0	0	0	0	0	0	0	0	0	0	0	0	0	0	0	0	0	11.819673	10.148564	28016	1178.6005	30.58443	811.3796	12.682839	11.011922	28016	1280.2057	32.808422	853.1566	11.850284	10.183732	28016	1224.478	29.203701	764.75226
M1_S25_subsampled_depth_14G_contig_27856	0	0	0	0	0	0	0	0	0	0	0	0	0	0	0	0	0	0	0	0	0	0	0	0	0	0	0	0	0	0	0	0	0	0	0	0	0	0	0	0	0	0	0	0	0	0	0	0	0	0	0	0	0	0	64.23704	61.10707	22366	2388.2913	142.87976	3790.4802	69.75734	66.63848	22366	2795.8499	153.1045	3981.3606	66.66002	63.16598	22366	2657.998	140.20517	3671.5266
M1_S25_subsampled_depth_14G_contig_29688	0	0	0	0	0	0	0	0	0	0	0	0	0	0	0	0	0	0	0	0	0	0	0	0	0	0	0	0	0	0	0	0	0	0	0	0	0	0	0	0	0	0	0	0	0	0	0	0	0	0	0	0	0	0	95.88315	50.655396	13423	60416.91	214.50566	5690.657	94.19061	50.45995	13417	59794.51	217.83374	5664.594	104.39622	56.082867	13423	70845.086	225.66397	5909.4204
M1_S25_subsampled_depth_14G_contig_31634	0	0	0	0	0	0	0	0	0	0	0	0	0	0	0	0	0	0	0	0	0	0	0	0	0	0	0	0	0	0	0	0	0	0	0	0	0	0	0	0	0	0	0	0	0	0	0	0	0	0	0	0	0	0	10.483012	10.373538	14307	15.352862	20.595057	546.3697	12.382355	12.337127	14307	14.203968	23.910854	621.7827	9.535283	9.427764	14307	9.793559	17.458591	457.18494
M1_S25_subsampled_depth_14G_contig_31769	0	0	0	0	0	0	0	0	0	0	0	0	0	0	0	0	0	0	0	0	0	0	0	0	0	0	0	0	0	0	0	0	0	0	0	0	0	0	0	0	0	0	0	0	0	0	0	0	0	0	0	0	0	0	8.782811	8.5325775	117421	18.013021	17.34852	460.24173	6.937664	6.753998	116885	12.007801	13.249802	344.55066	9.514579	9.236597	117272	21.329124	17.129938	448.5785
M1_S25_subsampled_depth_14G_contig_32266	50916.65	50722.574	12366	21253730	4743.3613	167202.22	50746.324	50539.92	12366	20755280	4727.2715	167800.77	50478.53	50319.18	12366	18934716	4744.0464	167976.97	44063.156	43955.613	12366	14217304	4163.0693	155127.97	46402.383	46265.08	12366	15813024	4350.196	160816.73	45382.39	45261.426	12366	15246544	4279.834	157985.2	26155.621	25891.557	12366	26226998	2090.934	17142.533	22876.486	22642.1	12366	20059102	1782.443	12490.031	26520.344	26248.201	12366	27597174	2062.1575	15168.683	56.97839	56.657692	12366	113.53729	109.95383	2916.9832	61.430584	60.92179	12366	138.8515	115.825615	3011.9526	70.84831	70.516914	12366	131.46017	126.36838	3309.1865
M1_S25_subsampled_depth_14G_contig_33248	0	0	0	0	0	0	0	0	0	0	0	0	0	0	0	0	0	0	0	0	0	0	0	0	0	0	0	0	0	0	0	0	0	0	0	0	0	0	0	0	0	0	0	0	0	0	0	0	0	0	0	0	0	0	37.21706	31.217255	11405	1261.3679	79.24144	2102.2095	40.736206	33.554832	11405	1689.704	86.92063	2260.3015	37.434563	30.83437	11405	1541.5872	75.863495	1986.6238
M1_S25_subsampled_depth_14G_contig_34630	0	0	0	0	0	0	0	0	0	0	0	0	0	0	0	0	0	0	0	0	0	0	0	0	0	0	0	0	0	0	0	0	0	0	0	0	0	0	0	0	0	0	0	0	0	0	0	0	0	0	0	0	0	0	5.5114408	5.431053	11151	9.261555	10.517596	279.02295	6.5319376	6.3203454	11134	16.034298	12.758478	331.7739	7.1067233	6.872804	11401	14.2681675	12.964078	339.48785
M1_S25_subsampled_depth_14G_contig_35606	0	0	0	0	0	0	0	0	0	0	0	0	0	0	0	0	0	0	0	0	0	0	0	0	0	0	0	0	0	0	0	0	0	0	0	0	0	0	0	0	0	0	0	0	0	0	0	0	0	0	0	0	0	0	9.067504	8.8572855	4609	11.281446	17.643982	468.08014	6.269119	6.200498	4550	6.8311043	12.329358	320.61517	10.629289	10.602739	4583	10.966844	19.309156	505.64542
M1_S25_subsampled_depth_14G_contig_37469	185.50108	169.9565	13017	23414.898	17.21063	606.67004	171.47038	157.76418	13043	18882.93	15.90628	564.6143	183.13289	166.26831	13043	23628.6	17.15396	607.3864	219.71825	194.20319	13006	43072.66	20.682577	770.6922	210.91666	184.50449	13041	42589.36	19.70501	728.44885	216.42433	190.18156	13038	45345.695	20.345404	751.02734	55.052177	53.944016	12917	1678.0529	4.3736362	35.857285	46.129864	44.637295	12765	1278.3385	3.5805833	25.090067	57.4693	56.115246	12969	1756.924	4.444191	32.690304	2.7132888	2.6315246	11954	2.9169374	5.318364	141.09174	2.319972	2.1873386	11536	3.0869565	4.333375	112.68591	2.394247	2.2913868	11375	3.0256844	4.2242727	110.62025
M1_S25_subsampled_depth_14G_contig_38860	0	0	0	0	0	0	0	0	0	0	0	0	0	0	0	0	0	0	0	0	0	0	0	0	0	0	0	0	0	0	0	0	0	0	0	0	0	0	0	0	0	0	0	0	0	0	0	0	0	0	0	0	0	0	62.647873	62.299446	54304	173.07362	122.7464	3256.3604	70.21177	69.64025	54304	234.3752	136.40378	3547.0713	64.8447	64.44288	54304	180.36555	119.07134	3118.0994
M1_S25_subsampled_depth_14G_contig_38962	0	0	0	0	0	0	0	0	0	0	0	0	0	0	0	0	0	0	0	0	0	0	0	0	0	0	0	0	0	0	0	0	0	0	0	0	0	0	0	0	0	0	0	0	0	0	0	0	0	0	0	0	0	0	4.630855	4.5231247	10824	7.0663815	8.80083	233.4786	5.052684	4.882629	10715	10.136228	9.527292	247.74959	4.078216	3.9042053	10841	8.316845	7.3221884	191.7448
M1_S25_subsampled_depth_14G_contig_39165	0	0	0	0	0	0	0	0	0	0	0	0	0	0	0	0	0	0	0	0	0	0	0	0	0	0	0	0	0	0	0	0	0	0	0	0	0	0	0	0	0	0	0	0	0	0	0	0	0	0	0	0	0	0	6.424314	6.3809323	13237	6.8803897	12.000244	318.35657	6.046229	6.0178285	13228	6.25134	11.505154	299.1824	6.041568	5.9461756	13186	6.516688	10.968474	287.22934
M1_S25_subsampled_depth_14G_contig_39685	0	0	0	0	0	0	0	0	0	0	0	0	0	0	0	0	0	0	0	0	0	0	0	0	0	0	0	0	0	0	0	0	0	0	0	0	0	0	0	0	0	0	0	0	0	0	0	0	0	0	0	0	0	0	32.2578	30.881462	12551	143.85295	66.8659	1773.8967	35.722763	34.319145	12551	136.47232	73.14352	1902.0393	31.04298	29.939432	12551	109.48226	59.93927	1569.6187
M1_S25_subsampled_depth_14G_contig_40473	0	0	0	0	0	0	0	0	0	0	0	0	0	0	0	0	0	0	0	0	0	0	0	0	0	0	0	0	0	0	0	0	0	0	0	0	0	0	0	0	0	0	0	0	0	0	0	0	0	0	0	0	0	0	9.615802	9.440044	10111	13.141233	18.337666	486.4829	10.426162	10.37111	10094	14.268675	20.148478	523.94495	12.683968	12.60145	10111	18.62642	23.02851	603.04346
M1_S25_subsampled_depth_14G_contig_40810	3.1323817	2.8730016	15369	8.010218	0.29137057	10.270738	2.908484	2.6190689	14410	8.601306	0.2712186	9.627259	3.0424197	2.7488809	14732	8.269368	0.28498754	10.090822	2.7724762	2.532357	14242	7.120451	0.26195425	9.761173	2.7649937	2.5808928	15578	4.926004	0.25978765	9.603758	2.9313917	2.7047577	15278	6.2403855	0.27532828	10.163429	0	0	0	0	0	0	0	0	0	0	0	0	0	0	0	0	0	0	4.729711	4.621435	17271	6.3830495	9.049086	240.06464	4.954875	4.8144903	17338	7.2223926	9.306703	242.01349	5.3252563	5.252846	17313	5.747365	9.4665985	247.90015
M1_S25_subsampled_depth_14G_contig_1637|provirus_2_13023	0	0	0	0	0	0	0	0	0	0	0	0	0	0	0	0	0	0	0	0	0	0	0	0	0	0	0	0	0	0	0	0	0	0	0	0	0	0	0	0	0	0	0	0	0	0	0	0	0	0	0	0	0	0	29.117775	25.86639	13022	726.7988	61.80371	1639.6008	31.965118	28.625582	13022	754.716	67.11596	1745.297	32.296303	29.099775	13022	750.9081	63.903557	1673.4307
M1_S25_subsampled_depth_14G_contig_1876|provirus_50_20224	0	0	0	0	0	0	0	0	0	0	0	0	0	0	0	0	0	0	0	0	0	0	0	0	0	0	0	0	0	0	2.0783021	1.9507852	17264	3.1806443	0.22146146	8.174999	0	0	0	0	0	0	0	0	0	0	0	0	0	0	0	0	0	0	37.3586	37.376907	20175	60.528767	72.23169	1916.2461	43.03815	42.787384	20175	59.89947	82.33082	2140.9475	45.307415	44.9661	20175	76.531815	81.880356	2144.186
M1_S25_subsampled_depth_14G_contig_3701|provirus_32184_61415	0	0	0	0	0	0	0	0	0	0	0	0	0	0	0	0	0	0	0	0	0	0	0	0	0	0	0	0	0	0	0	0	0	0	0	0	0	0	0	0	0	0	0	0	0	0	0	0	0	0	0	0	0	0	35.12293	34.971844	29232	56.35061	67.888145	1801.0155	34.66278	34.523495	29232	55.679928	65.890724	1713.436	35.72935	35.598686	29232	43.02813	64.36614	1685.5442
M1_S25_subsampled_depth_14G_contig_3980|provirus_37863_65791	0	0	0	0	0	0	0	0	0	0	0	0	0	0	0	0	0	0	0	0	0	0	0	0	0	0	0	0	0	0	0	0	0	0	0	0	0	0	0	0	0	0	0	0	0	0	0	0	0	0	0	0	0	0	61.900463	61.697956	27929	117.924835	119.38005	3167.0527	45.16984	45.012157	27929	77.22198	85.94402	2234.906	57.34472	57.288284	27929	88.428825	103.46998	2709.5488
M1_S25_subsampled_depth_14G_contig_4207|provirus_105226_142667	0	0	0	0	0	0	0	0	0	0	0	0	0	0	0	0	0	0	0	0	0	0	0	0	0	0	0	0	0	0	0	0	0	0	0	0	0	0	0	0	0	0	0	0	0	0	0	0	0	0	0	0	0	0	45.575916	45.435436	37442	100.94543	86.64521	2298.625	58.90467	58.752205	37442	92.208626	111.84747	2908.504	47.86662	47.668247	37442	87.14263	86.19317	2257.1255
M1_S25_subsampled_depth_14G_contig_4428|provirus_73065_122060	0	0	0	0	0	0	2.0173607	1.8764843	40242	2.8391294	0.19084276	6.7742114	1.9377841	1.8172967	40603	2.5354886	0.18498257	6.549855	2.5580397	2.4308038	43027	3.6358883	0.24458906	9.114099	2.7080212	2.6042945	43309	3.7057996	0.2579074	9.534238	2.8446138	2.696488	43367	4.5039735	0.27357244	10.09861	0	0	0	0	0	0	0	0	0	0	0	0	0	0	0	0	0	0	1059.7372	1053.8577	48996	12878.103	2043.2684	54206.203	1069.1493	1063.3627	48996	6081.689	2029.5964	52778.047	1099.4225	1089.5143	48996	7187.4155	1975.3009	51726.855
M1_S25_subsampled_depth_14G_contig_5197|provirus_139863_178318	2.100872	1.9821905	31138	2.932469	0.19696113	6.9428244	2.370673	2.249652	32433	3.2612405	0.22261138	7.9018846	2.5218766	2.4184651	33306	3.3442671	0.23901239	8.462936	1.8579074	1.7370925	30971	2.4444745	0.17700946	6.595884	2.420848	2.3202808	33030	2.9769611	0.22717646	8.3981905	2.0513759	1.9068627	30644	3.1054142	0.19413549	7.166288	0	0	0	0	0	0	0	0	0	0	0	0	0	0	0	0	0	0	70.70151	70.15608	38456	199.8303	137.12117	3637.711	71.773224	71.05679	38456	223.54042	137.43248	3573.8225	75.525116	74.99559	38456	178.07884	136.5394	3575.5322
M1_S25_subsampled_depth_14G_contig_5327|provirus_70505_88244	4.311029	3.527097	16869	46.02123	0.5382765	18.974102	4.0805573	3.4034865	17252	32.302055	0.50085235	17.77841	3.7640135	3.1236737	16572	25.586527	0.4708	16.670067	3.9279137	3.2930772	17052	25.385332	0.47641727	17.752674	3.354747	2.7726123	15903	21.273432	0.42530915	15.722704	3.6606026	2.9942522	15816	30.798557	0.4594623	16.960526	0	0	0	0	0	0	0	0	0	0	0	0	0	0	0	0	0	0	50.01859	40.974483	17740	4342.3057	123.66248	3280.6624	69.754234	57.162834	17740	9237.776	171.55113	4461.05	66.27783	54.611168	17740	7103.717	153.66805	4024.0776
M1_S25_subsampled_depth_14G_contig_5947|provirus_11758_45076	6.0776024	5.907279	33272	9.326588	0.57445794	20.249496	5.7639666	5.6922255	33125	7.3412666	0.54222554	19.247019	6.1582503	6.048337	33264	7.606017	0.5858873	20.745066	6.134372	6.044585	33237	7.460809	0.5871483	21.878832	5.6321263	5.4624662	33187	8.420081	0.5393012	19.936735	6.3830986	6.242689	33018	9.368638	0.61222017	22.599405	0	0	0	0	0	0	0	0	0	0	0	0	0	0	0	0	0	0	591.2833	591.20197	33319	3423.7124	1140.1649	30247.621	557.8169	556.9797	33319	1421.5272	1059.3373	27547.22	575.42535	574.7696	33319	1271.258	1034.8652	27099.826
M1_S25_subsampled_depth_14G_contig_7046|provirus_98542_133413	3.3594263	3.233152	32011	5.2494555	0.3158963	11.135263	3.2963827	3.158432	32874	4.727944	0.31505284	11.183218	3.0929093	2.980352	31624	4.8355255	0.29621822	10.488482	3.949542	3.819104	33289	6.4924865	0.37974128	14.150251	3.1990957	3.011264	30372	6.5451636	0.30583537	11.306025	3.883676	3.682208	33103	7.8828707	0.37168613	13.720375	0	0	0	0	0	0	0	0	0	0	0	0	0	0	0	0	0	0	44.9282	44.536064	34872	151.37657	87.39516	2318.5208	52.180145	51.62691	34872	201.9121	100.43792	2611.8086	54.81352	54.36928	34872	175.34322	99.7005	2610.8386
M1_S25_subsampled_depth_14G_contig_7147|provirus_282_94670	0	0	0	0	0	0	0	0	0	0	0	0	0	0	0	0	0	0	3.7364786	3.3113172	73428	17.073534	0.36028332	13.425186	3.8118613	3.3124373	72171	18.158815	0.3649664	13.491966	3.5755472	3.107514	71341	18.379719	0.34254226	12.644552	0	0	0	0	0	0	0	0	0	0	0	0	0	0	0	0	0	0	71.69044	58.533134	94389	7560.815	146.94933	3898.4421	73.15875	59.2143	94389	8474.425	148.64984	3865.521	71.74967	57.274475	94389	8754.601	138.09671	3616.3135
M1_S25_subsampled_depth_14G_contig_8267|provirus_27731_58490	797.04004	706.97	25320	1678906.6	75.6823	2667.7805	765.44476	677.32385	23423	1551441.9	72.66077	2579.19	760.3706	675.3048	24796	1527623.3	72.808395	2577.9958	665.2225	589.7284	23129	1169910.4	64.07274	2387.5342	646.7798	573.3742	24799	1105543.9	61.795372	2284.433	661.73395	587.50134	26453	1155056.3	63.591152	2347.395	0	0	0	0	0	0	0	0	0	0	0	0	0	0	0	0	0	0	639.61035	638.7371	30760	3747.9048	1235.5908	32779.19	623.67725	623.7258	30760	1348.0814	1183.4534	30774.766	617.5815	616.9398	30760	1512.8811	1109.4989	29054.244
M1_S25_subsampled_depth_14G_contig_10034|provirus_223_44256	0	0	0	0	0	0	0	0	0	0	0	0	0	0	0	0	0	0	0	0	0	0	0	0	0	0	0	0	0	0	0	0	0	0	0	0	0	0	0	0	0	0	0	0	0	0	0	0	0	0	0	0	0	0	54.6645	37.73172	44034	12861.94	113.14606	3001.6711	59.144108	40.93022	44034	15594.452	121.82993	3168.0906	53.475185	36.090946	44034	14092.204	105.419395	2760.5984
M1_S25_subsampled_depth_14G_contig_10503|provirus_66_15637	0	0	0	0	0	0	0	0	0	0	0	0	0	0	0	0	0	0	0	0	0	0	0	0	0	0	0	0	0	0	0	0	0	0	0	0	0	0	0	0	0	0	0	0	0	0	0	0	0	0	0	0	0	0	44.586433	43.416138	15572	167.02744	92.033714	2441.5774	44.030476	42.734077	15572	173.97507	88.27519	2295.5261	42.364285	41.12226	15572	176.36554	80.25346	2101.5833
M1_S25_subsampled_depth_14G_contig_10892|provirus_120160_156310	1.7023138	1.5413104	27279	2.6334639	0.15996829	5.638838	0	0	0	0	0	0	0	0	0	0	0	0	1.8985862	1.8001605	29089	2.294076	0.1819664	6.780591	1.7013416	1.5827906	28441	2.050523	0.16202293	5.989617	1.5938447	1.465819	28360	2.003811	0.1516276	5.59716	0	0	0	0	0	0	0	0	0	0	0	0	0	0	0	0	0	0	21.856365	21.767138	36151	37.981415	42.425274	1125.507	24.135746	23.966051	36151	40.35097	45.781796	1190.5189	20.952168	20.771643	36151	29.033333	37.834106	990.7546
M1_S25_subsampled_depth_14G_contig_11521|provirus_9158_59581	0	0	0	0	0	0	0	0	0	0	0	0	0	0	0	0	0	0	0	0	0	0	0	0	0	0	0	0	0	0	1.968254	1.7219324	38444	4.5896473	0.18740796	6.9179535	0	0	0	0	0	0	0	0	0	0	0	0	0	0	0	0	0	0	69.82695	69.76907	50424	124.479385	134.20737	3560.409	84.10879	84.03951	50424	138.19768	159.5386	4148.6753	80.065025	79.81305	50424	115.65079	143.81422	3766.0361
M1_S25_subsampled_depth_14G_contig_11578|provirus_2_39897	0	0	0	0	0	0	0	0	0	0	0	0	0	0	0	0	0	0	0	0	0	0	0	0	0	0	0	0	0	0	0	0	0	0	0	0	0	0	0	0	0	0	0	0	0	0	0	0	0	0	0	0	0	0	46.251144	45.133373	39896	464.07367	90.50853	2401.1157	48.44455	47.186485	39896	452.67807	93.72958	2437.3628	51.85853	50.787346	39896	445.19843	94.86867	2484.3088
M1_S25_subsampled_depth_14G_contig_11835|provirus_66386_101056	0	0	0	0	0	0	0	0	0	0	0	0	0	0	0	0	0	0	0	0	0	0	0	0	0	0	0	0	0	0	0	0	0	0	0	0	0	0	0	0	0	0	0	0	0	0	0	0	0	0	0	0	0	0	38.89638	38.775562	34671	62.044903	75.04062	1990.7649	44.687466	44.463676	34671	85.965065	85.02349	2210.9688	41.777527	41.49963	34671	73.38001	75.424065	1975.1163
M1_S25_subsampled_depth_14G_contig_13202|provirus_3_11988	0	0	0	0	0	0	0	0	0	0	0	0	0	0	0	0	0	0	0	0	0	0	0	0	0	0	0	0	0	0	0	0	0	0	0	0	0	0	0	0	0	0	0	0	0	0	0	0	0	0	0	0	0	0	413.06625	413.28796	11986	1444.0963	798.30743	21178.43	429.1328	430.01425	11986	1010.10767	819.6533	21314.436	419.30145	420.69833	11986	1197.668	757.8199	19844.89
M1_S25_subsampled_depth_14G_contig_13278|provirus_37369_82537	0	0	0	0	0	0	0	0	0	0	0	0	0	0	0	0	0	0	0	0	0	0	0	0	0	0	0	0	0	0	0	0	0	0	0	0	0	0	0	0	0	0	0	0	0	0	0	0	0	0	0	0	0	0	13.027766	12.011452	45169	176.74324	29.3401	778.3682	10.740066	9.7073965	45166	179.59381	24.261986	630.9137	15.067749	14.075668	45169	185.20374	31.066256	813.5266
M1_S25_subsampled_depth_14G_contig_13447|provirus_9696_22059	0	0	0	0	0	0	0	0	0	0	0	0	0	0	0	0	0	0	0	0	0	0	0	0	0	0	0	0	0	0	0	0	0	0	0	0	0	0	0	0	0	0	0	0	0	0	0	0	0	0	0	0	0	0	68.40192	68.47162	12364	136.63014	130.53648	3463.0237	66.65884	66.478355	12364	90.453575	126.55324	3290.9172	64.83478	64.58696	12364	92.52096	116.95098	3062.5747
M1_S25_subsampled_depth_14G_contig_18400|provirus_2_11838	94.80337	94.55908	11413	5885.229	8.801122	310.23712	93.61598	93.34195	11107	5818.407	8.688159	308.39758	94.59262	94.17606	11009	5904.213	8.85285	313.46124	134.75931	135.32437	11389	11872.586	12.699814	473.23154	143.1351	142.73819	10930	13693.858	13.373562	494.38998	141.13844	140.3064	11589	13170.32	13.261722	489.54132	51.291862	50.114746	9275	1919.6599	4.087818	33.514015	42.352528	41.811863	9703	1235.7365	3.2786887	22.97461	49.05502	47.950756	9709	1715.2256	3.7917728	27.891294	14.171387	13.8508415	11819	39.36948	27.915417	740.5725	12.086507	11.904934	11792	31.624294	22.947395	596.7287	17.257294	17.03717	11833	45.87483	30.98238	811.33
M1_S25_subsampled_depth_14G_contig_19298|provirus_2_17124	66.032524	62.812138	13906	6057.392	6.136868	216.32301	62.448124	59.673496	15495	5177.105	5.8092065	206.20554	63.283802	60.322315	13989	5468.932	5.9412546	210.36765	96.41743	92.0902	15546	12420.453	9.094144	338.8739	97.12667	93.07298	15039	12730.618	9.085188	335.8586	96.531784	92.52713	15345	12523.096	9.087697	335.46198	0	0	0	0	0	0	0	0	0	0	0	0	0	0	0	0	0	0	14.717551	14.567781	17123	36.068584	29.271103	776.53796	13.205385	12.928847	17123	29.036303	25.255266	656.74316	18.369823	18.155266	17123	56.744137	33.10037	866.7936
M1_S25_subsampled_depth_14G_contig_21651|provirus_569_10783	0	0	0	0	0	0	0	0	0	0	0	0	0	0	0	0	0	0	0	0	0	0	0	0	0	0	0	0	0	0	0	0	0	0	0	0	0	0	0	0	0	0	0	0	0	0	0	0	0	0	0	0	0	0	205.0619	204.9287	10215	689.72534	398.9498	10583.803	211.51852	211.37146	10215	404.69415	402.84442	10475.647	193.34993	193.2657	10215	255.50517	348.91223	9136.9
M1_S25_subsampled_depth_14G_contig_22277|provirus_82121_117752	0	0	0	0	0	0	0	0	0	0	0	0	0	0	0	0	0	0	0	0	0	0	0	0	0	0	0	0	0	0	0	0	0	0	0	0	0	0	0	0	0	0	0	0	0	0	0	0	0	0	0	0	0	0	66.026405	64.09178	35632	451.85535	126.314896	3351.0293	69.129105	67.645485	35632	301.24945	131.25227	3413.1113	65.6129	64.32455	35632	258.9551	117.939926	3088.4717
M1_S25_subsampled_depth_14G_contig_24293|provirus_49_21203	4.895358	2.2178788	16141	172.82489	0.494722	17.438818	4.470031	1.9874636	16219	145.04039	0.44266772	15.713065	4.773768	2.1539805	16240	164.1103	0.4788715	16.95585	4.671745	1.9895794	15879	169.39153	0.47116542	17.55698	0	0	0	0	0	0	5.258224	2.179635	16073	222.02141	0.53576565	19.777172	0	0	0	0	0	0	0	0	0	0	0	0	0	0	0	0	0	0	79.99605	53.46247	21155	17394.234	164.33362	4359.6343	83.06008	58.639355	21155	14966.235	168.5037	4381.805	87.10064	60.65755	21155	17308.09	168.04523	4400.5703
M1_S25_subsampled_depth_14G_contig_26854|provirus_20035_49979	1.6271858	1.5080732	23004	2.1032681	0.15449695	5.4459734	2.0366504	1.9340717	25477	2.3203995	0.19121613	6.787468	1.8013425	1.7025768	24017	2.0537407	0.17105278	6.0566325	1.6077529	1.505724	22707	1.9119556	0.1528197	5.6945	1.7430105	1.6411978	23684	2.0619328	0.16576408	6.127921	0	0	0	0	0	0	0	0	0	0	0	0	0	0	0	0	0	0	0	0	0	0	0	0	10.294312	10.120819	29945	14.550987	19.842587	526.40717	10.083068	9.921729	29945	14.204714	19.176052	498.65805	11.188455	11.040907	29945	17.133953	20.076572	525.7414
M1_S25_subsampled_depth_14G_contig_27355|provirus_117_60219	0	0	0	0	0	0	0	0	0	0	0	0	0	0	0	0	0	0	0	0	0	0	0	0	0	0	0	0	0	0	0	0	0	0	0	0	0	0	0	0	0	0	0	0	0	0	0	0	0	0	0	0	0	0	35.900272	35.754276	60103	63.407593	69.25705	1837.3318	35.803898	35.680164	60103	46.658295	67.757614	1761.9833	33.64529	33.60242	60103	45.095943	60.38309	1581.241
M1_S25_subsampled_depth_14G_contig_27798|provirus_321_19526	0	0	0	0	0	0	0	0	0	0	0	0	0	0	0	0	0	0	0	0	0	0	0	0	0	0	0	0	0	0	0	0	0	0	0	0	0	0	0	0	0	0	0	0	0	0	0	0	0	0	0	0	0	0	51.2204	38.884678	19206	4139.5864	102.49469	2719.0981	47.598656	36.243645	19206	3619.4158	94.0295	2445.1624	51.056675	40.084713	19206	3373.9663	95.082985	2489.9207
M1_S25_subsampled_depth_14G_contig_27815|provirus_61261_71724	0	0	0	0	0	0	0	0	0	0	0	0	0	0	0	0	0	0	0	0	0	0	0	0	0	0	0	0	0	0	0	0	0	0	0	0	0	0	0	0	0	0	0	0	0	0	0	0	0	0	0	0	0	0	59.254025	58.899826	10464	187.23843	113.80085	3019.0413	94.03141	94.2891	10464	161.33336	179.94359	4679.2905	68.1943	68.370316	10464	129.94638	123.797295	3241.8572
M1_S25_subsampled_depth_14G_contig_32958|provirus_73776_131687	3.9084	3.796426	56144	4.8669224	0.36679783	12.92953	3.85925	3.7331975	55970	5.3508368	0.36091295	12.811086	3.6508603	3.5364907	55901	4.643373	0.34715673	12.292111	3.644853	3.5347016	54664	5.491638	0.3469456	12.928199	3.4062705	3.302043	53742	4.845156	0.32105604	11.868709	3.9141996	3.797657	55890	5.3422337	0.37195298	13.730219	0	0	0	0	0	0	0	0	0	0	0	0	0	0	0	0	0	0	57.03355	56.781654	57912	128.65933	109.60863	2907.8257	71.15335	70.398895	57912	180.07639	135.95186	3535.3206	62.759254	62.024815	57912	189.9348	113.449776	2970.888
M1_S25_subsampled_depth_14G_contig_34035|provirus_12665_51897	0	0	0	0	0	0	0	0	0	0	0	0	0	0	0	0	0	0	0	0	0	0	0	0	0	0	0	0	0	0	0	0	0	0	0	0	0	0	0	0	0	0	0	0	0	0	0	0	0	0	0	0	0	0	25.925646	25.788572	39233	45.46272	50.133476	1329.9995	29.058287	29.018251	39233	39.036358	55.163223	1434.4755	24.99171	24.808842	39233	39.128014	44.888165	1175.478
M1_S25_subsampled_depth_14G_contig_35045|provirus_3613_42685	36.066414	35.208073	38965	245.16058	3.3763275	119.014595	34.817844	34.19811	38421	221.18472	3.2651463	115.90072	36.307095	35.18966	38900	287.93085	3.4302528	121.45817	46.971405	46.341583	39073	272.85547	4.468085	166.49373	47.377617	46.98884	38764	214.03279	4.4663377	165.11034	48.639107	47.846966	38987	301.1874	4.620019	170.54282	11.254734	10.363735	38283	74.19205	0.91379136	7.4917207	10.668114	9.884474	38688	54.82839	0.84541476	5.9240375	11.50623	10.842026	38619	51.990623	0.9106364	6.6983995	234.0219	232.86221	39073	999.9708	457.34323	12132.933	234.88832	234.12706	39073	622.2833	447.73047	11642.872	339.0972	337.704	39073	1054.4938	610.8801	15997.008
M1_S25_subsampled_depth_14G_contig_36179|provirus_43270_85439	1.9679915	1.8335184	33211	2.9186308	0.18596944	6.5553675	1.997406	1.8810884	33416	2.7749047	0.18829013	6.683608	1.8086864	1.671585	31687	2.7035158	0.17241271	6.104776	1.9803665	1.8118092	33071	3.2749188	0.19058396	7.10171	2.039957	1.932704	34670	2.5902073	0.19405235	7.173673	1.7648977	1.6346713	0	2.5838413	0	0	0	0	0	0	0	0	0	0	0	0	0	0	0	0	0	0	0	0	19.49048	16.982258	42170	650.42615	39.757412	1054.7312	18.234697	15.311174	42170	849.9683	37.704334	980.4711	18.925035	16.092363	42170	741.16254	36.667545	960.2063
M1_S25_subsampled_depth_14G_contig_40900|provirus_16310_56569	2.8644726	2.7453463	36259	4.0430646	0.26906538	9.484487	2.5954375	2.4920223	35789	3.4258685	0.2445144	8.679367	2.7297432	2.6431024	36057	3.220634	0.2601094	9.20994	2.9786336	2.8575623	37599	4.040457	0.28345412	10.56232	3.1982298	3.0649307	37127	4.805128	0.3008367	11.1212435	3.2588134	3.1448476	36694	4.985721	0.31024274	11.452264	0	0	0	0	0	0	0	0	0	0	0	0	0	0	0	0	0	0	79.75213	79.43717	40260	166.57648	152.63026	4049.152	78.534134	78.161804	40260	138.0505	148.95303	3873.405	75.977936	75.86418	40260	112.45965	136.48517	3574.1123
M2_S26_subsampled_depth_14G_contig_260	0	0	0	0	0	0	0	0	0	0	0	0	0	0	0	0	0	0	0	0	0	0	0	0	0	0	0	0	0	0	0	0	0	0	0	0	0	0	0	0	0	0	1.5459512	1.417775	12365	2.0119016	0.12117836	0.8491276	0	0	0	0	0	0	5.713242	5.570084	16284	9.926176	11.410711	302.71655	6.852968	6.7393765	16439	7.998703	12.997493	337.98956	6.087544	5.9509583	16181	9.21532	11.105457	290.81668
M2_S26_subsampled_depth_14G_contig_1805	0	0	0	0	0	0	0	0	0	0	0	0	0	0	0	0	0	0	0	0	0	0	0	0	0	0	0	0	0	0	0	0	0	0	0	0	0	0	0	0	0	0	0	0	0	0	0	0	0	0	0	0	0	0	5.9336257	5.6727285	17539	14.0808735	12.095956	320.89566	4.7765217	4.64017	17767	6.8010983	9.160374	238.20825	6.763809	6.6536684	17708	9.683144	12.357694	323.60873
M2_S26_subsampled_depth_14G_contig_2000	40.445847	39.36246	30235	654.4805	3.7908943	133.62794	39.771923	38.638004	30143	606.38544	3.7267532	132.28604	40.562977	39.264618	30150	624.2235	3.8351593	135.79507	39.705486	37.377525	30599	961.96625	3.7760744	140.70743	38.766632	36.85871	30139	861.87823	3.6503024	134.94328	39.222168	36.88784	30147	962.508	3.7210681	137.35896	16.54001	16.411415	29999	108.66486	1.3345195	10.94107	13.107862	12.956151	29569	71.136116	1.02789	7.2026844	15.064028	14.897706	29972	90.41639	1.1774607	8.661094	22.483265	22.001307	35853	58.01395	43.632248	1157.5271	22.733273	22.242243	35853	60.45367	43.681835	1135.9113	20.67759	20.052376	35853	56.58753	37.49614	981.90466
M2_S26_subsampled_depth_14G_contig_2047	112.67141	111.120766	39040	2974.2234	10.665033	375.93958	117.75333	116.49414	39040	3216.969	11.136386	395.3006	122.14721	120.2049	39040	3383.5872	11.67126	413.2554	135.06056	133.26596	39040	4427.4097	12.970158	483.30533	134.54308	133.206	39040	4048.3625	12.836727	474.5442	137.41435	135.75168	39040	4420.4214	13.160962	485.822	15.340164	12.894406	38368	358.35297	1.2335833	10.11354	12.94757	11.178133	37270	226.50256	1.0130141	7.098446	14.360221	12.508028	38033	268.53973	1.1194022	8.234028	15.228002	15.016142	39037	49.947517	32.60621	865.0156	11.495809	11.323353	38979	27.725204	21.855598	568.3373	15.927231	15.784069	39040	41.654556	28.650063	750.2539
M2_S26_subsampled_depth_14G_contig_5375	8.356349	8.213294	10159	16.22661	0.7748739	27.314083	8.668056	8.469357	10068	23.105597	0.8064975	28.627697	7.209127	7.0098104	10119	18.83829	0.67316526	23.835402	10.271329	10.003086	10212	32.952164	0.9715448	36.202538	9.603671	9.429894	10088	28.543476	0.8983511	33.209976	10.499702	10.368717	10226	18.905249	0.986532	36.41671	0	0	0	0	0	0	0	0	0	0	0	0	0	0	0	0	0	0	4.729464	4.5691137	10035	7.2625494	9.221162	244.62984	6.2136903	6.110891	10197	9.614815	11.720712	304.7878	6.679365	6.484017	10118	11.904526	11.853401	310.40286
M2_S26_subsampled_depth_14G_contig_7827	393.84103	393.42453	40052	19553.156	37.336178	1316.09	396.24606	395.7873	40052	20154.818	37.553223	1333.0013	406.6725	406.6198	40052	21306.775	38.912098	1377.7979	421.79108	421.54935	40052	21515.24	40.575916	1511.9751	422.1584	423.9574	40052	20660.953	40.305473	1490.0005	429.82993	430.34937	40052	21693.73	41.261307	1523.1136	64.20212	53.8038	40052	6253.3086	5.156033	42.271767	56.41998	47.359295	40052	4803.3955	4.413393	30.925774	66.26545	56.82385	40052	5456.634	5.1704683	38.0326	28.751316	28.651287	40052	122.56485	60.89811	1615.5758	23.679464	23.64647	40052	81.924515	45.082558	1172.336	30.218435	30.275284	40052	109.93554	54.435867	1425.502
M2_S26_subsampled_depth_14G_contig_8483	0	0	0	0	0	0	0	0	0	0	0	0	0	0	0	0	0	0	0	0	0	0	0	0	0	0	0	0	0	0	0	0	0	0	0	0	0	0	0	0	0	0	0	0	0	0	0	0	0	0	0	0	0	0	19.749594	14.143738	13668	2459.347	50.116684	1329.5538	19.039873	13.268984	13668	2533.0256	50.057446	1301.704	22.002663	15.719181	13668	2981.7527	54.17526	1418.6776
M2_S26_subsampled_depth_14G_contig_8996	0	0	0	0	0	0	0	0	0	0	0	0	0	0	0	0	0	0	0	0	0	0	0	0	0	0	0	0	0	0	0	0	0	0	0	0	0	0	0	0	0	0	0	0	0	0	0	0	0	0	0	0	0	0	15.403524	13.33005	28679	245.95639	30.94195	820.8641	17.808977	15.407209	28691	337.27197	35.165936	914.4624	16.96209	14.675361	28351	327.96	31.909021	835.5957
M2_S26_subsampled_depth_14G_contig_9031	41.30381	38.11044	14083	477.7299	4.1173964	145.13713	39.125027	36.58153	14083	376.33102	3.896627	138.31593	38.93189	36.178535	14083	350.8258	3.9341667	139.30069	39.116917	37.096405	14083	288.21332	3.9176054	145.98128	36.86672	34.74077	14083	291.37296	3.7089694	137.11214	36.018085	34.02703	14083	248.3716	3.6581292	135.03572	4.6292257	4.402759	13401	11.092633	0.38840386	3.1843305	4.2712984	3.927438	13015	14.117607	0.35445893	2.483784	4.647312	4.262818	13527	14.08505	0.38633418	2.8417716	45.275677	44.03596	14083	325.99197	91.54375	2428.5796	63.696117	59.80512	14083	757.1694	128.75935	3348.2852	61.275677	57.238895	14083	768.1146	117.8155	3085.2131
M2_S26_subsampled_depth_14G_contig_9799	3.791895	2.956993	32705	75.62519	0.37065813	13.065594	3.4584725	2.70905	32649	64.91894	0.3379491	11.995941	3.732444	2.9017196	33720	74.85712	0.36897498	13.064647	3.4578042	2.8267248	32711	43.18225	0.3388673	12.627175	3.135128	2.5592978	33016	36.799294	0.3088773	11.418478	3.5766528	2.9484096	33551	45.4535	0.35269663	13.019398	0	0	0	0	0	0	0	0	0	0	0	0	0	0	0	0	0	0	15.935016	5.25724	36628	4170.7065	35.450825	940.481	17.521452	5.1996493	37069	5352.5835	39.352608	1023.33307	18.388355	6.1478214	37402	5323.7095	38.8354	1016.9757
M2_S26_subsampled_depth_14G_contig_9813	0	0	0	0	0	0	0	0	0	0	0	0	0	0	0	0	0	0	0	0	0	0	0	0	0	0	0	0	0	0	0	0	0	0	0	0	0	0	0	0	0	0	0	0	0	0	0	0	0	0	0	0	0	0	5.881126	5.7497683	17943	9.621658	11.365006	301.50418	7.3150134	7.170385	18127	9.966236	13.809156	359.09628	6.9631195	6.901304	18037	8.736012	12.548346	328.60138
M2_S26_subsampled_depth_14G_contig_9969	0	0	0	0	0	0	0	0	0	0	0	0	0	0	0	0	0	0	0	0	0	0	0	0	0	0	0	0	0	0	0	0	0	0	0	0	0	0	0	0	0	0	0	0	0	0	0	0	0	0	0	0	0	0	5.083059	4.836182	10451	14.504594	9.549905	253.3509	5.2690477	5.124542	11031	8.900406	9.984336	259.63467	5.522894	5.3260074	10821	11.439718	9.933852	260.13602
M2_S26_subsampled_depth_14G_contig_11262	0	0	0	0	0	0	0	0	0	0	0	0	0	0	0	0	0	0	0	0	0	0	0	0	0	0	0	0	0	0	0	0	0	0	0	0	0	0	0	0	0	0	0	0	0	0	0	0	0	0	0	0	0	0	35.827198	27.383886	43286	15153.201	82.78774	2196.2893	37.913273	28.779234	43286	18896.738	87.399895	2272.765	34.46453	25.858051	43286	16298.216	75.66196	1981.3457
M2_S26_subsampled_depth_14G_contig_13990	0	0	0	0	0	0	0	0	0	0	0	0	0	0	0	0	0	0	0	0	0	0	0	0	0	0	0	0	0	0	0	0	0	0	0	0	0	0	0	0	0	0	0	0	0	0	0	0	0	0	0	0	0	0	41.72715	38.258823	38116	4052.0947	87.808426	2329.484	40.687458	37.334064	38116	3455.7708	84.42053	2195.2883	40.22644	36.93398	38116	3615.588	79.73123	2087.908
M2_S26_subsampled_depth_14G_contig_15597	125.25508	123.30419	14957	2465.3406	12.126432	427.45346	129.44351	127.94117	14957	2392.89	12.583367	446.66327	137.07213	134.46245	14957	2971.034	13.37497	473.58008	150.3268	147.85901	14957	3606.5864	14.731787	548.9488	154.21463	151.41953	14957	3545.381	15.0518055	556.43066	152.79442	150.76228	14957	3220.033	14.998135	553.63904	3.2987776	2.8773918	13184	10.776996	0.27568743	2.260226	3.0420072	2.794027	13594	6.3274264	0.24678431	1.7292806	4.046397	3.5782998	13700	14.261188	0.3246452	2.3880029	18.831837	18.430405	14957	61.693993	41.484257	1100.543	15.269805	15.067533	14957	27.425175	29.710464	772.5971	20.46309	20.171831	14957	49.175434	37.749992	988.55225
M2_S26_subsampled_depth_14G_contig_19309	11.378537	8.659856	20918	318.6029	1.2354327	43.548656	11.696877	9.263943	21061	273.35925	1.2465818	44.249046	10.991421	8.40771	20913	286.1985	1.1940038	42.27721	10.436649	8.028069	20681	254.3681	1.1812265	44.01588	9.912831	7.7954607	20438	216.61562	1.0880196	40.22157	10.911314	8.346306	20724	294.69363	1.2052917	44.491974	0	0	0	0	0	0	0	0	0	0	0	0	0	0	0	0	0	0	28.933308	13.73453	21231	7812.572	65.70397	1743.0714	32.741764	15.351572	21247	10083.211	74.36566	1933.8197	40.17178	22.40081	21247	10608.423	84.32948	2208.3208
M2_S26_subsampled_depth_14G_contig_21082	0	0	0	0	0	0	0	0	0	0	0	0	0	0	0	0	0	0	0	0	0	0	0	0	0	0	0	0	0	0	0	0	0	0	0	0	0	0	0	0	0	0	0	0	0	0	0	0	0	0	0	0	0	0	312.6406	271.9811	31623	49930.8	609.3361	16165.182	334.45193	286.05368	31623	64765.758	643.49084	16733.469	313.69724	265.39914	31623	64924.063	571.8851	14975.851
M2_S26_subsampled_depth_14G_contig_21254	0	0	0	0	0	0	0	0	0	0	0	0	0	0	0	0	0	0	0	0	0	0	0	0	0	0	0	0	0	0	0	0	0	0	0	0	0	0	0	0	0	0	0	0	0	0	0	0	0	0	0	0	0	0	36.771626	36.26251	14089	132.1277	73.825775	1958.536	39.588074	39.133152	14184	130.70734	78.16382	2032.5883	41.692177	41.26164	14090	157.21527	78.04125	2043.6516
M2_S26_subsampled_depth_14G_contig_21754	0	0	0	0	0	0	0	0	0	0	0	0	0	0	0	0	0	0	0	0	0	0	0	0	0	0	0	0	0	0	0	0	0	0	0	0	0	0	0	0	0	0	0	0	0	0	0	0	0	0	0	0	0	0	459.87836	402.78006	15360	101845.3	906.0739	24037.38	533.74615	471.9989	15360	118392.92	1050.2083	27309.834	508.68842	447.2948	15360	116619.84	947.8361	24820.818
M2_S26_subsampled_depth_14G_contig_22147	0	0	0	0	0	0	0	0	0	0	0	0	0	0	0	0	0	0	0	0	0	0	0	0	0	0	0	0	0	0	0	0	0	0	0	0	0	0	0	0	0	0	0	0	0	0	0	0	0	0	0	0	0	0	18.905052	11.901564	12441	11508.653	81.09669	2151.428	17.76373	10.085058	12441	13993.936	82.10333	2135.0317	22.568708	14.418783	12441	15437.926	90.94158	2381.4705
M2_S26_subsampled_depth_14G_contig_22210	0	0	0	0	0	0	0	0	0	0	0	0	0	0	0	0	0	0	0	0	0	0	0	0	0	0	0	0	0	0	0	0	0	0	0	0	0	0	0	0	0	0	0	0	0	0	0	0	0	0	0	0	0	0	14.588389	13.69941	18056	274.5797	32.246346	855.4689	14.73631	13.804031	18065	301.57578	32.13273	835.58575	13.305387	12.247256	18065	302.92352	27.891615	730.39276
M2_S26_subsampled_depth_14G_contig_24891	3.8595405	3.7798588	13097	4.00658	0.3626917	12.784784	4.0314484	3.88636	13159	5.5562806	0.37741107	13.396704	4.4162383	4.2762475	12948	6.764209	0.41904148	14.8373995	4.7248263	4.569881	13074	7.8663626	0.45430908	16.928867	4.3565164	4.2360992	13118	5.1669064	0.41238716	15.244999	4.399002	4.2757435	13043	5.9776263	0.41507423	15.321986	0	0	0	0	0	0	0	0	0	0	0	0	0	0	0	0	0	0	3.7754006	3.5650094	12987	6.2351027	7.213414	191.36592	4.817206	4.720561	13176	5.7719817	9.047646	235.27682	5.000151	4.874685	12796	9.084751	9.044059	236.8351
M2_S26_subsampled_depth_14G_contig_26089	0	0	0	0	0	0	0	0	0	0	0	0	0	0	0	0	0	0	0	0	0	0	0	0	0	0	0	0	0	0	0	0	0	0	0	0	0	0	0	0	0	0	0	0	0	0	0	0	0	0	0	0	0	0	6.0604415	5.9476	16900	9.799075	12.021492	318.92023	4.7333255	4.664415	16757	5.9073935	8.9767275	233.43274	7.255755	7.2029777	17072	9.5001955	13.040784	341.49655
M2_S26_subsampled_depth_14G_contig_26426	0	0	0	0	0	0	0	0	0	0	0	0	0	0	0	0	0	0	0	0	0	0	0	0	0	0	0	0	0	0	0	0	0	0	0	0	0	0	0	0	0	0	0	0	0	0	0	0	0	0	0	0	0	0	13.292279	10.093681	14882	429.4809	30.411974	806.8043	15.463431	12.574592	14895	393.76007	35.213596	915.70154	13.355386	10.254839	14842	437.9371	29.443438	771.03
M2_S26_subsampled_depth_14G_contig_27671	0	0	0	0	0	0	0	0	0	0	0	0	0	0	0	0	0	0	0	0	0	0	0	0	0	0	0	0	0	0	0	0	0	0	0	0	0	0	0	0	0	0	0	0	0	0	0	0	0	0	0	0	0	0	5.9279475	5.7254267	12130	12.420608	11.58698	307.39307	5.8318777	5.6672955	12363	11.083984	11.146362	289.85226	5.3381853	5.1902966	12321	9.320961	9.581012	250.89624
M2_S26_subsampled_depth_14G_contig_29474	0	0	0	0	0	0	0	0	0	0	0	0	0	0	0	0	0	0	0	0	0	0	0	0	0	0	0	0	0	0	0	0	0	0	0	0	0	0	0	0	0	0	0	0	0	0	0	0	0	0	0	0	0	0	399.19724	346.62137	10169	160096.67	849.8372	22545.473	403.7828	343.1947	10169	223229.83	871.69727	22667.799	387.54877	328.46945	10169	214157.6	794.7643	20812.348
M2_S26_subsampled_depth_14G_contig_30461	0	0	0	0	0	0	0	0	0	0	0	0	0	0	0	0	0	0	0	0	0	0	0	0	0	0	0	0	0	0	0	0	0	0	0	0	0	0	0	0	0	0	0	0	0	0	0	0	0	0	0	0	0	0	6.765994	6.5805807	10820	19.073198	13.182387	349.71762	6.927194	6.76997	11204	12.684796	13.034415	338.94955	6.5895658	6.5072074	11150	11.5142355	11.760664	307.97433
M2_S26_subsampled_depth_14G_contig_32147	0	0	0	0	0	0	0	0	0	0	0	0	0	0	0	0	0	0	0	0	0	0	0	0	0	0	0	0	0	0	0	0	0	0	0	0	0	0	0	0	0	0	0	0	0	0	0	0	0	0	0	0	0	0	6.618821	6.587665	3933	8.048214	12.612733	334.60538	6.906159	6.7762113	3933	8.98511	12.931421	336.2714	7.447264	7.363877	3933	8.695195	13.809232	361.61978
M2_S26_subsampled_depth_14G_contig_32892	4.4735126	4.408188	11538	6.4281435	0.416699	14.688529	4.4609795	4.3588004	11905	5.8913484	0.42712787	15.161471	4.5408587	4.3666916	11906	7.487592	0.42973638	15.21608	4.3379846	4.201634	11848	6.1089544	0.4094984	15.25908	4.057988	3.8450613	11704	7.166689	0.39323762	14.537089	3.717079	3.654289	11752	4.032759	0.3522148	13.001605	0	0	0	0	0	0	0	0	0	0	0	0	0	0	0	0	0	0	8.707136	8.456276	12106	17.66044	18.163818	481.8708	8.868149	8.672298	12118	17.076956	17.39763	452.4116	15.628092	15.404011	12118	24.37333	28.710808	751.8447
M2_S26_subsampled_depth_14G_contig_34830	5.6329966	4.481132	13385	108.90373	0.73731154	25.990034	4.1712046	3.121015	13001	87.909996	0.5820243	20.659714	5.1441956	4.023504	13320	93.59608	0.6737103	23.854685	4.6927977	3.5309856	13117	99.579796	0.64296705	23.958809	3.8063972	2.838484	12373	81.75938	0.5472898	20.232046	4.32616	3.2725277	13145	81.72525	0.59943044	22.127298	0	0	0	0	0	0	0	0	0	0	0	0	0	0	0	0	0	0	9.727126	7.2593527	13790	1246.9541	30.714241	814.8233	11.786415	8.496015	13812	2214.0002	37.583668	977.3334	10.302079	7.1788387	13800	2000.1726	32.956604	863.02856
M2_S26_subsampled_depth_14G_contig_34935	26.02129	18.203264	10668	2427.82	2.4094489	84.93245	23.353662	16.199753	10430	2024.9854	2.158309	76.61206	22.82196	15.170523	10129	2150.229	2.1291518	75.388916	27.497675	17.461061	10240	3462.2058	2.581867	96.20776	28.381926	16.456724	10481	4567.5254	2.639838	97.5887	31.353477	18.552778	10351	5145.582	2.9384494	108.46948	0	0	0	0	0	0	0	0	0	0	0	0	0	0	0	0	0	0	2.5685198	2.3525097	9092	5.324082	4.846756	128.58044	3.9015434	3.7707086	10335	5.972174	7.3207903	190.37132	4.668185	4.516319	10665	7.1320086	8.308191	217.56519
M2_S26_subsampled_depth_14G_contig_36616	7.3445067	7.258297	12776	19.43844	0.68368554	24.09972	6.558138	6.42746	12902	15.730845	0.6088083	21.610453	7.7232776	7.57643	12256	23.590803	0.72634906	25.718542	6.321564	6.253248	12758	14.067849	0.59730595	22.25733	6.034339	5.9498467	12426	14.011707	0.5652026	20.894236	6.621676	6.57974	12565	13.7696295	0.6225141	22.97941	3.5632775	3.411239	11132	7.0508404	0.284271	2.330597	2.7692366	2.61541	11179	4.977585	0.21321052	1.4940207	4.110093	3.971944	11636	8.562969	0.31632358	2.3267927	3.8125885	3.6827774	12985	5.579743	7.3084164	193.88629	4.2385845	4.162956	13026	5.651133	8.03727	209.00285	3.5410056	3.3869073	11918	6.111716	6.318193	165.45332
M2_S26_subsampled_depth_14G_contig_38771	0	0	0	0	0	0	0	0	0	0	0	0	0	0	0	0	0	0	0	0	0	0	0	0	0	0	0	0	0	0	0	0	0	0	0	0	0	0	0	0	0	0	0	0	0	0	0	0	0	0	0	0	0	0	8.224857	7.0780745	15921	144.03983	17.782623	471.7581	6.7900696	5.784259	15960	113.58949	14.188701	368.96597	8.841935	7.669993	15958	164.6204	17.469799	457.4785
M2_S26_subsampled_depth_14G_contig_39170	0	0	0	0	0	0	0	0	0	0	0	0	0	0	0	0	0	0	0	0	0	0	0	0	0	0	0	0	0	0	0	0	0	0	0	0	0	0	0	0	0	0	0	0	0	0	0	0	0	0	0	0	0	0	3.376492	3.1739683	9548	6.678427	6.608983	175.3308	3.642223	3.4804285	10091	6.5976324	6.873898	178.75035	3.5143702	3.412008	9704	5.6472588	6.27692	164.37254
M2_S26_subsampled_depth_14G_contig_39680	0	0	0	0	0	0	0	0	0	0	0	0	0	0	0	0	0	0	0	0	0	0	0	0	0	0	0	0	0	0	0	0	0	0	0	0	0	0	0	0	0	0	0	0	0	0	0	0	0	0	0	0	0	0	5.6338067	5.5521708	14168	5.9138074	10.8610115	288.1336	6.9814854	6.830651	14301	8.644885	13.1525135	342.02066	6.491555	6.463924	14298	7.585919	11.71288	306.72305
M2_S26_subsampled_depth_14G_contig_2998|provirus_180981_236657	9.618618	9.012086	55610	34.461163	0.9553249	33.67494	9.339402	8.679119	55531	33.375744	0.9202638	32.665993	9.28442	8.685082	55580	30.17644	0.9233027	32.692234	9.233869	8.722961	55500	27.613064	0.92388576	34.426636	8.299368	7.7586794	55604	25.58244	0.8225057	30.406155	8.756371	8.210746	55545	29.58841	0.8737579	32.253788	0	0	0	0	0	0	0	0	0	0	0	0	0	0	0	0	0	0	41.89047	39.745472	55677	296.51514	84.20284	2233.831	51.115097	49.171707	55677	334.49628	101.98206	2651.962	46.031193	43.850365	55677	352.9385	87.508125	2291.5596
M2_S26_subsampled_depth_14G_contig_6504|provirus_39140_94568	0	0	0	0	0	0	0	0	0	0	0	0	0	0	0	0	0	0	0	0	0	0	0	0	0	0	0	0	0	0	0	0	0	0	0	0	0	0	0	0	0	0	0	0	0	0	0	0	0	0	0	0	0	0	47.117928	46.634453	55429	92.4879	91.26967	2421.3076	50.697155	50.52447	55429	70.91176	96.45628	2508.2688	46.854103	46.55261	55429	76.5205	84.4314	2210.9895
M2_S26_subsampled_depth_14G_contig_8198|provirus_134041_162241	16.158497	16.238167	25247	61.163815	1.5279778	53.860817	15.936009	15.992554	24945	63.531998	1.5113071	53.64582	15.509002	15.642255	24945	54.81827	1.4843289	52.557068	14.459235	14.562325	24945	51.74681	1.3833547	51.547794	14.222167	14.278488	24945	50.1105	1.3558202	50.12157	13.997683	14.073632	26132	45.58362	1.3474445	49.73939	4.1068053	3.8206916	23827	13.038859	0.33207813	2.722544	3.5076823	3.2380085	23201	9.870484	0.2800573	1.9624321	4.4541726	4.1812887	23861	13.323988	0.35058844	2.5788355	36.96289	36.563274	28201	425.2164	75.21455	1995.3798	39.46223	39.15392	28201	526.1747	78.79796	2049.078	40.589535	40.23377	28201	612.05493	76.72052	2009.0668
M2_S26_subsampled_depth_14G_contig_8528|provirus_237_37281	4.0546956	3.9482338	35932	5.2738013	0.38608125	13.609254	3.691774	3.549583	35200	5.8550677	0.35329798	12.54078	3.9618106	3.8522298	35694	5.453006	0.38062388	13.477114	3.7127795	3.6030657	35466	4.9138427	0.35901037	13.377757	3.7912455	3.6914506	35979	4.543183	0.3644635	13.473388	3.7299092	3.6031559	35054	5.893141	0.36028767	13.299614	0	0	0	0	0	0	0	0	0	0	0	0	0	0	0	0	0	0	43.79672	43.01331	37045	129.71008	84.946846	2253.5688	53.841877	53.162407	37045	142.81271	103.65819	2695.5488	53.924732	52.898186	37045	180.5884	98.323105	2574.7698
M2_S26_subsampled_depth_14G_contig_14384|provirus_342_25683	4.911718	4.382288	22724	27.413427	0.46307656	16.32332	4.861821	4.490253	23547	19.28538	0.46358237	16.455471	4.910527	4.436712	23059	25.910774	0.46824932	16.57974	5.473444	4.94787	23516	31.265541	0.5236737	19.51359	5.2799697	4.8339067	23452	27.776917	0.5025534	18.578243	5.0666084	4.507233	22691	30.864367	0.490056	18.089872	0	0	0	0	0	0	0	0	0	0	0	0	0	0	0	0	0	0	17.852533	17.607082	25342	32.336906	35.15935	932.7484	13.917156	13.806298	25342	20.810537	26.41506	686.9026	23.189346	23.032284	25342	40.11665	41.982395	1099.3854
M2_S26_subsampled_depth_14G_contig_15939|provirus_13186_57019	0	0	0	0	0	0	0	0	0	0	0	0	0	0	0	0	0	0	0	0	0	0	0	0	0	0	0	0	0	0	0	0	0	0	0	0	0	0	0	0	0	0	0	0	0	0	0	0	0	0	0	0	0	0	29.771816	29.688854	43834	46.731773	56.60234	1501.6129	37.529163	37.45063	43834	62.117207	71.35337	1855.488	31.60569	31.41047	43834	50.28496	56.909573	1490.2804
M2_S26_subsampled_depth_14G_contig_20168|provirus_3_30345	11.752592	11.634554	29897	42.063255	1.1142429	39.276764	12.206273	12.104103	30148	41.023167	1.1545583	40.982574	11.352532	11.229402	29830	38.01344	1.0874122	38.503017	11.140993	11.006882	30116	37.185505	1.0745583	40.041157	11.458119	11.33472	30152	36.474735	1.0918452	40.363014	11.810452	11.601619	29928	43.196144	1.1347133	41.886642	2.7704766	2.5941858	25573	5.3623943	0.22741584	1.8644704	2.2680092	2.1239374	25181	3.4954712	0.1803474	1.2637409	2.7211607	2.5274334	26125	5.1167016	0.21478406	1.5798947	58.87047	58.637608	30343	101.31836	114.304634	3032.4058	65.78803	65.32666	30343	124.83141	125.70154	3268.7686	61.605106	61.10068	30343	131.33313	111.666534	2924.1914
M2_S26_subsampled_depth_14G_contig_20674|provirus_21903_54374	0	0	0	0	0	0	0	0	0	0	0	0	0	0	0	0	0	0	0	0	0	0	0	0	0	0	0	0	0	0	0	0	0	0	0	0	0	0	0	0	0	0	0	0	0	0	0	0	0	0	0	0	0	0	27.314863	14.389653	32449	4131.211	64.695595	1716.3201	28.663448	15.968099	32472	3993.0046	67.78626	1762.7278	34.661655	17.133791	32472	7378.0044	77.41848	2027.3438
M2_S26_subsampled_depth_14G_contig_20868|provirus_168_20433	4.721167	4.310505	19781	13.427542	0.45378476	15.995786	3.9882183	3.5350711	18846	13.335134	0.38344792	13.610993	3.8579738	3.5613058	19442	8.680846	0.37490845	13.274739	4.2863393	4.0646195	19479	8.189843	0.4156243	15.487349	3.9113145	3.663316	19663	7.466457	0.37999555	14.047566	4.1765757	3.9357119	19306	8.826687	0.40360257	14.898526	0	0	0	0	0	0	0	0	0	0	0	0	0	0	0	0	0	0	19.562637	18.091793	20249	136.21944	37.946644	1006.6926	23.449345	21.688942	20230	191.78001	45.649235	1187.0724	21.14143	19.599525	20257	145.93979	38.713223	1013.7763
M2_S26_subsampled_depth_14G_contig_21621|provirus_3_17175	0	0	0	0	0	0	0	0	0	0	0	0	0	0	0	0	0	0	0	0	0	0	0	0	0	0	0	0	0	0	0	0	0	0	0	0	0	0	0	0	0	0	0	0	0	0	0	0	0	0	0	0	0	0	9.825002	9.701064	17088	15.626116	18.973188	503.3427	10.620044	10.402585	17173	18.594437	20.085827	522.3161	11.304235	11.210561	17172	15.815966	20.103003	526.4338
M2_S26_subsampled_depth_14G_contig_22127|provirus_1_159995	0	0	0	0	0	0	0	0	0	0	0	0	0	0	0	0	0	0	0	0	0	0	0	0	0	0	0	0	0	0	0	0	0	0	0	0	0	0	0	0	0	0	0	0	0	0	0	0	0	0	0	0	0	0	11.111445	10.836606	159488	33.108555	21.877756	580.39856	8.621683	8.37074	159483	22.01031	16.33799	424.8563	11.612581	11.35601	159673	33.13323	20.819578	545.1986
M2_S26_subsampled_depth_14G_contig_26439|provirus_12232_31136	6.9056783	6.787572	18571	13.843563	0.6505942	22.933258	6.835297	6.7309995	18835	11.38862	0.64455485	22.879324	6.70008	6.619276	18609	10.567022	0.63596326	22.518147	7.088883	7.033114	18683	13.43835	0.67550486	25.171265	6.902799	6.8202715	18634	14.260201	0.654914	24.21066	6.979579	6.8827085	18835	11.005396	0.665222	24.555927	0	0	0	0	0	0	0	0	0	0	0	0	0	0	0	0	0	0	100.356544	100.575325	18904	1036.5289	195.19073	5178.248	99.760544	99.84563	18900	1045.365	188.84392	4910.7363	109.13362	109.448074	18903	1156.9185	195.93861	5131.0093
M2_S26_subsampled_depth_14G_contig_32134|provirus_22850_63980	1415.3135	1452.5732	41131	416133.4	132.20847	4660.312	1386.924	1422.0984	41131	401564.72	129.55992	4598.901	1377.6674	1412.8417	41131	393734.94	129.81897	4596.6226	1379.4221	1416.3132	41131	394647.7	130.68527	4869.71	1413.1042	1451.6095	41131	410460.38	132.83388	4910.563	1408.8351	1445.871	41131	413464.9	133.20764	4917.208	489.7189	491.68787	41121	65886.5	39.234406	321.6635	421.5211	422.68976	41016	49910.668	32.897198	230.51897	502.58188	504.3144	41029	69535.52	39.156693	288.0262	13.69969	13.59282	41131	21.451904	26.381432	699.87726	16.609625	16.509476	41131	21.895388	31.424173	817.1606	16.585833	16.500963	41131	27.226427	29.716814	778.1886
M2_S26_subsampled_depth_14G_contig_34207|provirus_3_36983	8.464745	8.292256	36928	16.199945	0.8009604	28.233635	7.676088	7.4682493	36814	15.225408	0.72803134	25.842432	8.338519	8.185858	36771	16.933891	0.7944991	28.131582	8.72458	8.4670725	36625	22.138372	0.839914	31.297598	8.130624	7.921144	36824	20.138163	0.7788933	28.793898	8.311558	8.084256	36870	21.597712	0.79554856	29.366764	0	0	0	0	0	0	0	0	0	0	0	0	0	0	0	0	0	0	419.84866	413.5714	36981	21562.15	802.05493	21277.848	471.14246	466.66138	36981	26940.584	889.1386	23121.34	484.73145	478.52405	36979	29150.26	865.96576	22676.89
M2_S26_subsampled_depth_14G_contig_35187|provirus_267_29060	0	0	0	0	0	0	0	0	0	0	0	0	0	0	0	0	0	0	0	0	0	0	0	0	0	0	0	0	0	0	0	0	0	0	0	0	0	0	0	0	0	0	0	0	0	0	0	0	0	0	0	0	0	0	92.07359	68.36664	28794	17471.049	193.22496	5126.0967	92.72036	68.16396	28794	17537.664	193.48553	5031.438	96.76637	71.22203	28794	18331.273	190.74126	4994.907
M3_S27_subsampled_depth_14G_contig_874	0	0	0	0	0	0	0	0	0	0	0	0	0	0	0	0	0	0	0	0	0	0	0	0	0	0	0	0	0	0	0	0	0	0	0	0	0	0	0	0	0	0	0	0	0	0	0	0	0	0	0	0	0	0	32.2102	25.257143	11582	1428.9517	73.466576	1949.0063	34.23758	27.28999	11582	1408.3939	77.44765	2013.9644	29.545923	23.205442	11582	1119.9585	63.25939	1656.5621
M3_S27_subsampled_depth_14G_contig_1196	6.7410297	6.2059426	11931	21.986004	0.66215307	23.340702	6.1217303	5.514344	11866	25.6706	0.5966899	21.180285	5.452297	4.795175	11929	22.013992	0.5619211	19.896467	5.8582325	5.311103	11780	20.220615	0.5908254	22.015863	5.5991783	4.9035954	11733	25.041222	0.56128	20.749239	5.76945	5.050112	11646	28.557055	0.5873929	21.682934	0	0	0	0	0	0	0	0	0	0	0	0	0	0	0	0	0	0	18.222837	13.448585	12063	678.1979	37.07636	983.6048	19.49564	13.512668	12075	985.0841	39.28607	1021.6032	25.07084	19.545176	12077	922.74536	47.304882	1238.7646
M3_S27_subsampled_depth_14G_contig_1957	2.7420745	2.1889594	21210	15.094104	0.275646	9.716444	2.8105834	2.1498382	21688	16.325819	0.2784111	9.882566	2.7612154	2.1217492	21162	15.949839	0.27805665	9.845418	2.8986323	2.1548004	19663	20.154343	0.29250798	10.899693	2.509072	1.8568517	20115	15.348109	0.2501734	9.248342	2.766918	1.8938904	20847	24.993006	0.28632042	10.569192	0	0	0	0	0	0	0	0	0	0	0	0	0	0	0	0	0	0	7.9102364	6.922954	25089	50.299923	15.978185	423.88782	8.283647	6.566745	25062	117.17632	16.545252	430.2462	13.834868	12.35364	25227	106.109795	25.632534	671.2347
M3_S27_subsampled_depth_14G_contig_3895	0	0	0	0	0	0	0	0	0	0	0	0	0	0	0	0	0	0	0	0	0	0	0	0	0	0	0	0	0	0	0	0	0	0	0	0	0	0	0	0	0	0	0	0	0	0	0	0	0	0	0	0	0	0	4.442773	4.310199	10225	7.130855	8.423234	223.46138	4.7201486	4.6102414	10457	6.853301	8.989094	233.75421	4.0582747	3.9329243	10277	6.0619316	7.193757	188.38162
M3_S27_subsampled_depth_14G_contig_3929	0	0	0	0	0	0	0	0	0	0	0	0	0	0	0	0	0	0	0	0	0	0	0	0	0	0	0	0	0	0	0	0	0	0	0	0	0	0	0	0	0	0	0	0	0	0	0	0	0	0	0	0	0	0	7.6848025	7.543589	16009	12.084298	14.492403	384.47134	11.786643	11.724855	16067	17.484127	22.370358	581.72345	9.689388	9.524814	16067	12.946238	17.31999	453.5555
M3_S27_subsampled_depth_14G_contig_4857	9.848184	5.7868595	19704	464.70105	1.0064846	35.478287	9.909586	5.720204	19882	458.92316	1.0084931	35.7978	9.757669	6.0853796	19648	354.51843	0.9946249	35.21764	9.554844	5.6339836	19729	399.62903	0.9839258	36.663918	9.060091	5.4615426	19829	367.7262	0.92323446	34.129875	8.946519	5.118343	19784	392.77225	0.9156688	33.800873	0	0	0	0	0	0	0	0	0	0	0	0	0	0	0	0	0	0	14.297982	11.109597	19970	343.42056	29.414597	780.3445	14.244753	10.191445	19970	512.0789	28.896751	751.4368	21.657417	17.504148	19970	579.069	40.86229	1070.0532
M3_S27_subsampled_depth_14G_contig_4941	0	0	0	0	0	0	0	0	0	0	0	0	0	0	0	0	0	0	0	0	0	0	0	0	0	0	0	0	0	0	0	0	0	0	0	0	0	0	0	0	0	0	0	0	0	0	0	0	0	0	0	0	0	0	31.29311	30.381529	17785	103.722466	60.996544	1618.187	38.625973	37.328167	17785	134.90002	74.17576	1928.8816	29.547377	28.424746	17785	103.93893	53.834435	1409.7526
M3_S27_subsampled_depth_14G_contig_6174	0	0	0	0	0	0	0	0	0	0	0	0	0	0	0	0	0	0	0	0	0	0	0	0	0	0	0	0	0	0	0	0	0	0	0	0	0	0	0	0	0	0	0	0	0	0	0	0	0	0	0	0	0	0	3.3642213	3.1904204	9552	6.338376	6.3379765	168.14124	4.39082	4.2318115	10254	7.4412136	8.257092	214.71901	4.4155946	4.289951	10424	5.6204085	7.9154215	207.2797
M3_S27_subsampled_depth_14G_contig_6578	8.197405	6.089907	19084	331.77722	0.909518	32.060276	7.9736757	6.2757006	19033	220.8154	0.86808115	30.813696	7.6853237	5.7037864	18989	293.0336	0.8668325	30.692772	8.487076	6.566405	19088	291.14935	0.92812306	34.584526	8.622864	6.5880904	19051	307.09665	0.93529254	34.57562	8.521734	6.2323875	19003	377.8951	0.9376512	34.61234	5.061036	4.9275584	18912	7.8283515	0.41465127	3.3995209	4.3042836	4.1100693	18201	8.620148	0.34958807	2.449653	4.4069424	4.2340875	18460	6.9916563	0.3533551	2.5991879	9.139797	8.799789	19098	28.08776	18.869654	500.59613	10.385155	10.080588	19106	28.982168	21.08743	548.3617	10.557027	10.0990505	19106	34.772217	20.306664	531.76697
M3_S27_subsampled_depth_14G_contig_6662	0	0	0	0	0	0	0	0	0	0	0	0	0	0	0	0	0	0	0	0	0	0	0	0	0	0	0	0	0	0	0	0	0	0	0	0	0	0	0	0	0	0	0	0	0	0	0	0	0	0	0	0	0	0	52.899452	52.775883	19285	95.50502	102.35594	2715.4172	42.045883	41.924927	19285	61.02566	79.82456	2075.7742	54.143665	53.987923	19285	73.71851	97.830414	2561.8667
M3_S27_subsampled_depth_14G_contig_7531	0	0	0	0	0	0	0	0	0	0	0	0	0	0	0	0	0	0	0	0	0	0	0	0	0	0	0	0	0	0	0	0	0	0	0	0	0	0	0	0	0	0	0	0	0	0	0	0	0	0	0	0	0	0	45.290207	5.3573613	12692	104307	209.2499	5551.2256	48.64019	5.1231103	12752	127041.4	234.23889	6091.197	52.089264	7.1891656	12865	134125.44	232.087	6077.619
M3_S27_subsampled_depth_14G_contig_7570	6.234304	5.7532454	10053	25.640846	0.61798453	21.783789	6.14696	5.8148513	9574	22.179253	0.60140234	21.347565	5.963359	5.4343233	9783	24.948444	0.5997864	21.237202	5.401961	4.887569	10001	20.432943	0.5442258	20.279411	5.1900377	4.647525	9722	24.436003	0.5341889	19.747732	5.67449	5.270737	9255	26.914833	0.57388574	21.184345	0	0	0	0	0	0	0	0	0	0	0	0	0	0	0	0	0	0	9.031789	8.708801	10242	19.45477	17.801558	472.26044	8.271836	8.023872	10248	17.903814	16.163918	420.32986	16.694395	16.685368	10248	25.572634	30.46037	797.66
M3_S27_subsampled_depth_14G_contig_10448	12.76823	12.129051	13452	77.202354	1.2225934	43.09609	14.452639	13.851152	13452	81.394165	1.3870617	49.23559	14.374756	13.837705	13451	76.87234	1.3929994	49.32324	14.666592	14.10725	13452	84.26256	1.4287823	53.24053	14.559239	14.006265	13446	93.524605	1.4032593	51.87525	14.272891	13.984297	13428	71.89185	1.3901184	51.314617	0	0	0	0	0	0	0	0	0	0	0	0	0	0	0	0	0	0	636.83844	635.3114	13452	4336.6123	1229.9929	32630.69	697.4098	697.27124	13452	6175.9497	1330.5872	34600.86	728.54614	725.7403	13452	5030.8877	1312.9689	34382.477
M3_S27_subsampled_depth_14G_contig_11018	0	0	0	0	0	0	0	0	0	0	0	0	0	0	0	0	0	0	0	0	0	0	0	0	0	0	0	0	0	0	0	0	0	0	0	0	0	0	0	0	0	0	0	0	0	0	0	0	0	0	0	0	0	0	9.015896	8.233856	10729	60.881233	18.40322	488.2219	9.942908	9.238558	10722	59.528397	20.133127	523.5459	14.710027	13.559666	10782	105.559105	27.280985	714.4023
M3_S27_subsampled_depth_14G_contig_12480	9.137874	7.6969695	11314	125.333694	1.0260996	36.16972	7.960832	6.8848095	11110	92.67976	0.90671456	32.18502	8.561811	7.236791	10617	112.01799	0.96631396	34.215195	8.932069	8.108586	11439	80.61329	1.0045455	37.43225	8.429621	7.435606	10857	93.51935	0.9423863	34.83786	7.378213	6.290501	10808	82.935196	0.8351963	30.830332	0	0	0	0	0	0	0	0	0	0	0	0	0	0	0	0	0	0	95.91633	87.49	11588	7612.8306	197.61844	5242.6514	107.28099	97.73834	11588	9154.847	221.50769	5760.1313	115.49222	106.80517	11588	9491.076	225.59727	5907.674
M3_S27_subsampled_depth_14G_contig_14478	150.81189	138.85712	23844	15876.643	14.069443	495.94406	139.97382	128.79808	23845	13571.967	13.050639	463.24954	147.11995	134.91171	23847	15515.881	13.834096	489.8369	172.18233	153.62334	23804	29086.201	16.27485	606.4479	169.9289	152.02292	23822	27381.39	15.94885	589.59216	172.35239	152.14081	23836	30479.713	16.269941	600.5865	60.125645	58.78285	23615	1544.7147	4.819277	39.510853	47.130325	46.509136	23711	874.5479	3.6656642	25.686235	56.870686	56.14044	23724	1264.194	4.421778	32.525425	2.9584985	2.8255858	21181	4.510488	5.759961	152.80699	2.3903837	2.3052952	20709	2.9217854	4.5370307	117.98193	3.122522	3.049297	22082	4.0541177	5.6117845	146.95471
M3_S27_subsampled_depth_14G_contig_14518	79.21274	77.470406	16855	382.8947	7.792177	274.67224	75.27511	73.61034	16855	332.74146	7.398913	262.63428	77.63582	75.980316	16855	317.47586	7.698255	272.5794	68.84317	67.849365	16855	233.65604	6.8346868	254.68015	62.100624	60.51849	16855	272.70853	6.157219	227.61833	65.03687	63.28731	16855	270.1664	6.4700284	238.8338	2.8007302	2.4892924	14130	7.56849	0.24890766	2.0406709	2.579612	2.4519155	14621	3.749573	0.22662853	1.5880443	3.517359	3.1959298	15285	10.795419	0.30820084	2.2670434	66.55441	66.405495	16856	121.14529	132.10982	3504.764	67.8054	67.66813	16856	119.6868	129.9622	3379.5637	68.827126	68.217476	16856	151.72536	125.03978	3274.394
M3_S27_subsampled_depth_14G_contig_14988	0	0	0	0	0	0	0	0	0	0	0	0	0	0	0	0	0	0	0	0	0	0	0	0	0	0	0	0	0	0	0	0	0	0	0	0	0	0	0	0	0	0	0	0	0	0	0	0	0	0	0	0	0	0	29.766333	25.943007	53294	8923.842	67.25133	1784.1221	24.146809	20.115263	53294	10825.6045	56.363247	1465.6815	29.769814	25.895672	53294	9832.85	62.992245	1649.5664
M3_S27_subsampled_depth_14G_contig_16895	0	0	0	0	0	0	0	0	0	0	0	0	0	0	0	0	0	0	0	0	0	0	0	0	0	0	0	0	0	0	0	0	0	0	0	0	0	0	0	0	0	0	0	0	0	0	0	0	0	0	0	0	0	0	27.795465	9.95823	10349	8021.4126	76.62766	2032.8683	28.345024	10.806761	10353	7845.1504	80.238045	2086.5264	31.447437	12.2184305	10471	9276.159	84.017	2200.1382
M3_S27_subsampled_depth_14G_contig_17827	3.354469	3.121796	10566	8.850762	0.31886372	11.239864	0	0	0	0	0	0	3.2618978	3.121957	10786	7.1275153	0.32165235	11.38905	0	0	0	0	0	0	0	0	0	0	0	0	2.9923825	2.780187	10579	7.3728647	0.2981155	11.004589	0	0	0	0	0	0	0	0	0	0	0	0	0	0	0	0	0	0	10.283662	10.060293	13934	29.777615	20.387667	540.8676	9.921286	9.563679	13897	28.69096	19.738617	513.2869	11.107734	10.977349	13934	24.456432	20.820335	545.2184
M3_S27_subsampled_depth_14G_contig_18231	4.811039	4.4908733	26357	15.946829	0.46300927	16.320953	4.3987913	4.138792	26511	11.961872	0.4235977	15.036155	4.2407174	3.940083	26542	12.716454	0.41600353	14.729827	4.201483	3.922646	27842	11.178958	0.41004056	15.279291	4.1035795	3.7925355	27386	11.416325	0.39392665	14.562566	4.236076	3.994806	27401	10.462181	0.4135673	15.266373	0	0	0	0	0	0	0	0	0	0	0	0	0	0	0	0	0	0	24.39879	22.611671	29963	641.49976	47.282856	1254.3748	27.770702	25.176746	30077	1075.7323	52.82716	1373.7279	30.567116	28.796207	30098	646.87585	55.162174	1444.5216
M3_S27_subsampled_depth_14G_contig_18367	42.329983	42.765003	10074	255.8953	3.9269595	138.42429	40.657246	41.090847	10078	193.58359	3.761643	133.5245	40.19179	40.72142	10092	226.12201	3.7498455	132.77429	41.81937	42.379818	10093	246.76976	3.9375126	146.7231	44.68933	45.27545	10090	268.24976	4.1663055	154.01868	42.84562	43.577496	10087	247.99025	4.016663	148.27052	23.267727	23.289194	10045	119.38659	1.8473912	15.145849	19.44383	19.567884	10068	64.93044	1.4988476	10.502806	24.028362	23.711811	10066	122.10742	1.8606305	13.686305	4.682591	3.3303163	9155	78.74837	8.970326	237.97528	4.259982	2.8153985	9286	96.85887	7.9949408	207.90211	5.295786	4.0692816	9636	74.10895	9.456929	247.64685
M3_S27_subsampled_depth_14G_contig_19223	15796.549	16284.326	42431	15182924	1478.7839	52126.715	15858.105	16350.406	42431	15240859	1484.621	52698.582	15090.507	15568.154	42431	13647807	1425.0518	50458.156	13565.964	14000.878	42431	10988955	1287.8419	47988.69	13524.985	13962.878	42431	10817383	1273.7853	47088.926	13907.875	14340.494	42431	11656343	1317.8121	48645.535	442.18726	439.54083	42431	47470.926	35.409607	290.30597	396.80972	395.1778	42342	36986.938	30.960554	216.9486	579.9271	579.6162	42431	73960.14	45.175705	332.3005	40.966606	41.76835	42400	151.00833	79.34515	2104.96	48.603912	49.58224	42408	207.76178	91.98686	2392.0457	47.794495	48.773186	42431	207.33037	85.70935	2244.4546
M3_S27_subsampled_depth_14G_contig_19522	0	0	0	0	0	0	0	0	0	0	0	0	0	0	0	0	0	0	0	0	0	0	0	0	0	0	0	0	0	0	0	0	0	0	0	0	0	0	0	0	0	0	0	0	0	0	0	0	0	0	0	0	0	0	4.9109287	4.784184	10581	7.8554645	9.464922	251.09659	6.010062	5.957665	10599	9.165757	11.5134945	299.39935	6.7452717	6.6761203	10883	6.3441634	11.957457	313.12778
M3_S27_subsampled_depth_14G_contig_19996	0	0	0	0	0	0	0	0	0	0	0	0	0	0	0	0	0	0	0	0	0	0	0	0	0	0	0	0	0	0	0	0	0	0	0	0	0	0	0	0	0	0	0	0	0	0	0	0	0	0	0	0	0	0	9.183656	7.9805984	11688	72.66129	19.452608	516.0616	9.8253765	8.489726	11775	81.055016	20.993048	545.9078	9.059785	7.640352	11775	82.965195	18.038824	472.37936
M3_S27_subsampled_depth_14G_contig_20860	0	0	0	0	0	0	0	0	0	0	0	0	0	0	0	0	0	0	0	0	0	0	0	0	0	0	0	0	0	0	0	0	0	0	0	0	0	0	0	0	0	0	0	0	0	0	0	0	0	0	0	0	0	0	5.4294415	5.3780212	13833	5.861835	10.597802	281.15076	5.2751994	5.18039	13903	6.094178	9.987354	259.71317	6.691443	6.561795	13937	9.276096	11.958343	313.1511
M3_S27_subsampled_depth_14G_contig_21983	0	0	0	0	0	0	0	0	0	0	0	0	0	0	0	0	0	0	0	0	0	0	0	0	0	0	0	0	0	0	0	0	0	0	0	0	0	0	0	0	0	0	0	0	0	0	0	0	0	0	0	0	0	0	33.716164	32.938572	19034	160.08638	67.48988	1790.45	26.01933	25.222288	19034	106.24022	50.634087	1316.699	34.197945	33.143032	19034	181.5829	62.95854	1648.6842
M3_S27_subsampled_depth_14G_contig_24901	3.565285	2.936904	9787	17.410038	0.3315963	11.68868	4.5052958	3.8448975	10208	21.474174	0.41921374	14.880549	3.9594595	3.359505	9891	17.64825	0.37166253	13.159808	4.092677	3.8282614	9624	10.235132	0.38385633	14.303594	4.006848	3.5517347	9948	13.357181	0.37812656	13.978476	3.7035246	2.887097	9370	24.815117	0.3510175	12.957415	0	0	0	0	0	0	0	0	0	0	0	0	0	0	0	0	0	0	3.184441	2.9862041	9914	6.7965875	6.22617	165.17506	3.556063	3.3255224	10058	9.001697	7.3451023	191.00345	4.0227356	3.7931628	10553	8.796762	7.652933	200.40598
M3_S27_subsampled_depth_14G_contig_25674	0	0	0	0	0	0	0	0	0	0	0	0	0	0	0	0	0	0	0	0	0	0	0	0	0	0	0	0	0	0	0	0	0	0	0	0	0	0	0	0	0	0	0	0	0	0	0	0	0	0	0	0	0	0	10.072934	8.788724	5607	175.66074	29.683823	787.487	12.002565	10.702829	5607	190.76173	33.242256	864.43835	11.598497	10.301038	5607	177.72824	30.353949	794.8734
M3_S27_subsampled_depth_14G_contig_28118	34.68558	32.825954	14744	661.55945	3.2289467	113.819534	32.356728	31.011108	15040	473.4515	3.007621	106.759514	30.291048	28.507135	14983	524.1949	2.842109	100.633224	35.80853	33.13425	15032	816.937	3.3815517	126.00633	33.917835	31.781227	15120	631.8701	3.170424	117.20331	35.02668	32.156025	15009	910.381	3.2940202	121.59504	0	0	0	0	0	0	0	0	0	0	0	0	0	0	0	0	0	0	2.9925184	2.883993	14061	3.9406843	5.7043133	151.33064	3.156912	3.0358982	13945	4.727811	5.979137	155.48268	4.2392745	4.148742	14629	6.408346	7.544007	197.55353
M3_S27_subsampled_depth_14G_contig_28220	0	0	0	0	0	0	0	0	0	0	0	0	0	0	0	0	0	0	0	0	0	0	0	0	0	0	0	0	0	0	0	0	0	0	0	0	0	0	0	0	0	0	0	0	0	0	0	0	0	0	0	0	0	0	11.43578	10.967615	10614	36.126625	22.678583	601.6438	11.106269	10.790296	10614	19.136559	21.469032	558.28516	10.434251	10.084731	10614	22.283356	18.89739	494.8624
M3_S27_subsampled_depth_14G_contig_32257	2.4164536	2.339048	8909	2.9034197	0.2308921	8.138882	2.2183015	2.1173837	8487	2.8788118	0.20764352	7.37058	0	0	0	0	0	0	2.033517	1.9852588	8697	1.9926836	0.19808048	7.381047	2.3260272	2.2675257	9309	2.4277565	0.22116917	8.176114	1.7934933	1.6566936	0	2.6697264	0	0	0	0	0	0	0	0	0	0	0	0	0	0	0	0	0	0	0	0	5.494889	5.327255	10189	8.557674	11.290223	299.5201	5.894535	5.80487	10255	7.450881	11.586473	301.29694	7.543444	7.3671107	10324	10.5683975	13.854974	362.81775
M3_S27_subsampled_depth_14G_contig_33698	0	0	0	0	0	0	0	0	0	0	0	0	0	0	0	0	0	0	0	0	0	0	0	0	0	0	0	0	0	0	0	0	0	0	0	0	0	0	0	0	0	0	0	0	0	0	0	0	0	0	0	0	0	0	5.656987	5.4340973	12109	13.008972	11.022173	292.4091	8.011632	7.883868	12124	16.33507	15.46601	402.1814	7.2558985	7.0119157	11966	21.522661	13.079799	342.51828
M3_S27_subsampled_depth_14G_contig_34360	0	0	0	0	0	0	0	0	0	0	0	0	0	0	0	0	0	0	0	0	0	0	0	0	0	0	0	0	0	0	0	0	0	0	0	0	0	0	0	0	0	0	0	0	0	0	0	0	0	0	0	0	0	0	4.710936	4.5660105	12805	7.852815	8.903322	236.19766	4.952879	4.815968	12792	8.610092	9.246455	240.44681	4.871315	4.702953	12751	9.794406	8.607732	225.40912
M3_S27_subsampled_depth_14G_contig_35643	0	0	0	0	0	0	0	0	0	0	0	0	0	0	0	0	0	0	0	0	0	0	0	0	0	0	0	0	0	0	0	0	0	0	0	0	0	0	0	0	0	0	0	0	0	0	0	0	0	0	0	0	0	0	5.2976875	5.246549	10556	4.9562955	10.292195	273.0433	6.7714067	6.639626	10614	9.454766	12.742218	331.35144	7.3593273	7.233701	10614	8.934051	13.045785	341.6275
M3_S27_subsampled_depth_14G_contig_36542	5.2153645	5.0950785	9844	8.602589	0.4896567	17.260258	3.9599276	3.8757272	9715	4.7960978	0.3776938	13.406735	4.720197	4.6326623	9974	5.643081	0.4487789	15.890344	4.1026983	4.0315437	9834	4.9104066	0.3943227	14.693601	4.1918044	4.1355705	9865	4.768463	0.39387468	14.560649	4.3090014	4.2979865	9794	4.170443	0.41059977	15.156831	1.6707612	1.5617449	8285	1.8277503	0.13593319	1.114449	1.8154451	1.7057047	8211	2.1521208	0.14063396	0.9854572	0	0	0	0	0	0	4.334676	4.294519	9760	5.136396	8.469269	224.68263	4.230568	4.170134	9649	6.090424	8.060027	209.59467	7.9463353	7.773937	10082	10.024204	14.240874	372.9231
M3_S27_subsampled_depth_14G_contig_37991	4.2439294	3.6262786	15514	21.192966	0.39633635	13.970745	4.6076612	4.177044	14901	17.17058	0.42823815	15.200881	4.8548656	4.250498	15468	22.940317	0.4555484	16.13004	4.543466	3.8821309	15314	26.552376	0.42897362	15.984792	5.5535374	5.1228805	15864	20.181034	0.5174565	19.129175	5.349459	4.621542	16117	32.726738	0.5042246	18.612879	0	0	0	0	0	0	0	0	0	0	0	0	0	0	0	0	0	0	0	0	0	0	0	0	1.718443	1.6198943	12526	2.073279	3.2526672	84.583015	2.6334877	2.5472643	14886	3.0646226	4.756864	124.56718
M3_S27_subsampled_depth_14G_contig_39825	0	0	0	0	0	0	0	0	0	0	0	0	0	0	0	0	0	0	0	0	0	0	0	0	0	0	0	0	0	0	0	0	0	0	0	0	0	0	0	0	0	0	0	0	0	0	0	0	0	0	0	0	0	0	10.171683	8.828853	15731	311.54773	25.657858	680.68176	12.044413	10.65742	15731	388.7179	29.025301	754.7798	11.7351265	10.340654	15731	299.12027	26.372522	690.6125
M3_S27_subsampled_depth_14G_contig_41362	0	0	0	0	0	0	0	0	0	0	0	0	0	0	0	0	0	0	0	0	0	0	0	0	0	0	0	0	0	0	0	0	0	0	0	0	0	0	0	0	0	0	0	0	0	0	0	0	0	0	0	0	0	0	9.753795	9.559898	28114	36.01317	28.203796	748.2232	10.360094	10.118805	28151	37.044716	30.834333	801.8223	10.328024	10.139915	28151	36.106724	30.381687	795.5996
M3_S27_subsampled_depth_14G_contig_41569	0	0	0	0	0	0	0	0	0	0	0	0	0	0	0	0	0	0	0	0	0	0	0	0	0	0	0	0	0	0	0	0	0	0	0	0	0	0	0	0	0	0	0	0	0	0	0	0	0	0	0	0	0	0	25.763298	6.812376	11303	75169.85	122.52361	3250.4497	26.748482	6.0043635	11282	89882.484	135.7588	3530.3005	28.268387	7.334391	11354	91465.695	130.76442	3424.304
M3_S27_subsampled_depth_14G_contig_41647	7.444586	3.622215	8854	371.83234	0.6934836	24.445107	7.1635528	3.4811432	8501	347.16342	0.6784517	24.082535	7.9068766	3.8083904	9600	431.14102	0.74344164	26.323746	6.425511	3.4007173	8562	250.14195	0.60797805	22.655012	7.2204833	3.6635149	9418	332.85825	0.6781473	25.069544	6.6883497	3.252364	9015	296.14175	0.6302727	23.26581	0	0	0	0	0	0	0	0	0	0	0	0	0	0	0	0	0	0	7.116013	7.0115204	10318	9.014319	13.641062	361.88593	6.5799665	6.508314	10357	7.400741	12.627395	328.36548	6.35068	6.2926855	10373	6.1230497	11.430791	299.33594
M3_S27_subsampled_depth_14G_contig_41863	2.6434078	2.5472112	9202	3.4052994	0.24588811	8.667489	2.4735126	2.3661616	9102	3.0044878	0.23212591	8.23962	1.9598734	1.8708827	8797	2.1166067	0.1842968	6.525571	2.1167226	1.9729908	8670	2.989142	0.2005535	7.473196	1.9082823	1.7651515	8463	2.8311641	0.17817655	6.586776	1.9453449	1.8711023	9072	1.8357989	0.1848984	6.8253107	0	0	0	0	0	0	0	0	0	0	0	0	0	0	0	0	0	0	6.096462	6.0300837	10169	9.056622	11.642193	308.8576	6.7923503	6.645257	10211	10.188664	12.867207	334.60156	6.6101995	6.51054	10268	8.738423	11.652422	305.13998
M3_S27_subsampled_depth_14G_contig_4250|provirus_250_24739	0	0	0	0	0	0	0	0	0	0	0	0	0	0	0	0	0	0	0	0	0	0	0	0	0	0	0	0	0	0	0	0	0	0	0	0	0	0	0	0	0	0	0	0	0	0	0	0	0	0	0	0	0	0	28.83784	27.589108	24490	131.03452	55.918636	1483.4747	31.487429	30.32174	24490	122.97247	60.596622	1575.7666	31.610723	30.507942	24490	121.88521	57.48478	1505.3438
M3_S27_subsampled_depth_14G_contig_7729|provirus_57339_105519	9014.744	9233.766	47919	15921370	842.37976	29693.656	8802.86	9020.284	48029	15065410	822.6158	29199.834	8944.126	9168.745	47973	15366540	843.2122	29856.42	9037.539	9261.926	47654	16057049	856.5093	31916	9129.125	9366.75	47958	15874896	858.5048	31736.955	9178.477	9410.08	47799	16358408	868.29565	32052.148	1685.7711	1533.5857	43480	1876290.9	134.85927	1105.644	1407.6414	1279.0481	42951	1300018.9	109.71545	768.80414	1855.6873	1708.316	42291	1992879.4	144.40791	1062.2263	88.80277	88.05799	48181	2067.875	176.4115	4680.0493	107.24407	106.121605	48181	3263.5977	212.04933	5514.175	100.588974	99.21217	48181	3489.7112	189.23735	4955.5234
M3_S27_subsampled_depth_14G_contig_9738|provirus_151976_179654	3.929529	3.7158656	25295	9.800758	0.37047115	13.059004	3.6943223	3.4917464	25191	8.208977	0.34597299	12.280768	3.7883687	3.6379707	25675	7.5508957	0.36034593	12.759109	4.4016128	4.169633	26915	9.0794735	0.42262635	15.748276	3.6234152	3.4323363	24961	7.206442	0.34432265	12.728821	4.0861273	3.9568148	26316	6.6007257	0.3873084	14.297048	0	0	0	0	0	0	0	0	0	0	0	0	0	0	0	0	0	0	5.041193	4.8076444	26404	12.121958	9.812945	260.32938	5.9013767	5.6111717	27265	15.273222	11.291703	293.63165	5.9492536	5.7214756	27409	12.585009	10.70467	280.32132
M3_S27_subsampled_depth_14G_contig_10526|provirus_20534_51544	4.920612	4.77991	30739	6.87918	0.46393248	16.3535	4.4041996	4.271395	30180	6.474919	0.4138552	14.690336	4.6953435	4.578794	30644	5.845352	0.44550794	15.77452	3.7927158	3.7035463	30070	4.45201	0.36292145	13.523489	4.025631	3.9556797	30325	4.162888	0.38049963	14.0662	3.8470562	3.7164357	29725	5.4767365	0.36548716	13.491543	0	0	0	0	0	0	0	0	0	0	0	0	0	0	0	0	0	0	8.805418	8.7184515	31011	11.899757	17.19375	456.13583	8.506529	8.316507	30946	14.119896	16.27213	423.14383	14.44062	14.33901	31011	20.469687	26.0191	681.35724
M3_S27_subsampled_depth_14G_contig_12616|provirus_3_34115	0	0	0	0	0	0	0	0	0	0	0	0	0	0	0	0	0	0	0	0	0	0	0	0	0	0	0	0	0	0	0	0	0	0	0	0	0	0	0	0	0	0	0	0	0	0	0	0	0	0	0	0	0	0	6.0892444	5.931364	33570	10.482436	12.237223	324.6433	4.4508142	4.34534	33738	5.330445	8.437363	219.40692	6.7188115	6.5618477	33916	10.537796	12.0433	315.3758
M3_S27_subsampled_depth_14G_contig_13310|provirus_1_11554	0	0	0	0	0	0	0	0	0	0	0	0	0	0	0	0	0	0	0	0	0	0	0	0	0	0	0	0	0	0	0	0	0	0	0	0	0	0	0	0	0	0	0	0	0	0	0	0	0	0	0	0	0	0	287.61618	199.72203	11554	1007171.4	771.47363	20466.555	303.33734	207.99142	11554	1207946.1	831.2415	21615.773	297.61005	203.409	11554	1196748.8	777.3117	20355.32
M3_S27_subsampled_depth_14G_contig_17686|provirus_109311_121682	0	0	0	0	0	0	0	0	0	0	0	0	0	0	0	0	0	0	0	0	0	0	0	0	0	0	0	0	0	0	0	0	0	0	0	0	0	0	0	0	0	0	0	0	0	0	0	0	0	0	0	0	0	0	12.067665	11.723272	12372	24.422634	24.626825	653.3292	9.997463	9.767818	12372	18.447012	19.91115	517.7737	13.187777	13.008636	12372	22.604532	24.448639	640.2322
M3_S27_subsampled_depth_14G_contig_29019|provirus_1_77415	3.3522682	2.7315032	70757	304.27615	0.38407487	13.538535	3.0547595	2.485037	69990	261.57083	0.3514228	12.47421	3.2192714	2.6081767	69487	268.78775	0.37181142	13.165079	2.8081279	2.3088052	69089	202.99257	0.32659596	12.169904	2.9802885	2.4585054	70030	206.27641	0.3383674	12.508661	2.8278651	2.289751	68002	230.3428	0.3298774	12.177044	0	0	0	0	0	0	0	0	0	0	0	0	0	0	0	0	0	0	7.122617	6.7641325	76986	68.3172	14.646869	388.56918	7.034712	6.588533	77047	126.40007	14.361569	373.4612	11.820669	11.379585	77415	102.80263	22.050694	577.4376
M3_S27_subsampled_depth_14G_contig_36983|provirus_209361_232948	5.228987	5.107793	23076	7.973546	0.4873454	17.17879	4.8883862	4.7790575	23438	6.649827	0.45560306	16.172228	4.8519926	4.7601914	23227	5.8520103	0.4584315	16.232117	4.9451747	4.8506827	23199	6.565625	0.47531182	17.71148	4.7657223	4.688993	23107	6.032281	0.45093802	16.670145	4.466166	4.404579	23297	4.795693	0.42240754	15.592689	2.6014166	2.3525786	20453	5.6763415	0.21456471	1.7591095	2.0258982	1.8551859	17911	3.6751838	0.15896824	1.1139315	2.7917485	2.5727627	20833	5.4909983	0.2172643	1.5981385	12.875032	12.620213	23579	21.127064	25.12124	666.4457	12.220796	12.104712	23588	14.983413	23.296062	605.7956	12.415437	12.304703	23588	16.322567	22.500807	589.22455
M3_S27_subsampled_depth_14G_contig_41129|provirus_3_12471	0	0	0	0	0	0	0	0	0	0	0	0	0	0	0	0	0	0	0	0	0	0	0	0	0	0	0	0	0	0	0	0	0	0	0	0	0	0	0	0	0	0	0	0	0	0	0	0	0	0	0	0	0	0	12.78797	12.586527	12469	20.53922	25.196129	668.43225	12.8721485	12.828568	12469	15.330705	24.450361	635.8123	13.390129	13.192984	12469	20.108704	23.913437	626.21674
