Contig	F3_S19_subsampled_depth_8G_combined_mapped Mean	F3_S19_subsampled_depth_8G_combined_mapped Trimmed Mean	F3_S19_subsampled_depth_8G_combined_mapped Covered Bases	F3_S19_subsampled_depth_8G_combined_mapped Variance	F3_S19_subsampled_depth_8G_combined_mapped RPKM	F3_S19_subsampled_depth_8G_combined_mapped TPM	F4_S20_subsampled_depth_8G_combined_mapped Mean	F4_S20_subsampled_depth_8G_combined_mapped Trimmed Mean	F4_S20_subsampled_depth_8G_combined_mapped Covered Bases	F4_S20_subsampled_depth_8G_combined_mapped Variance	F4_S20_subsampled_depth_8G_combined_mapped RPKM	F4_S20_subsampled_depth_8G_combined_mapped TPM	F5_S21_subsampled_depth_8G_combined_mapped Mean	F5_S21_subsampled_depth_8G_combined_mapped Trimmed Mean	F5_S21_subsampled_depth_8G_combined_mapped Covered Bases	F5_S21_subsampled_depth_8G_combined_mapped Variance	F5_S21_subsampled_depth_8G_combined_mapped RPKM	F5_S21_subsampled_depth_8G_combined_mapped TPM	F6_S22_subsampled_depth_8G_combined_mapped Mean	F6_S22_subsampled_depth_8G_combined_mapped Trimmed Mean	F6_S22_subsampled_depth_8G_combined_mapped Covered Bases	F6_S22_subsampled_depth_8G_combined_mapped Variance	F6_S22_subsampled_depth_8G_combined_mapped RPKM	F6_S22_subsampled_depth_8G_combined_mapped TPM	F7_S23_subsampled_depth_8G_combined_mapped Mean	F7_S23_subsampled_depth_8G_combined_mapped Trimmed Mean	F7_S23_subsampled_depth_8G_combined_mapped Covered Bases	F7_S23_subsampled_depth_8G_combined_mapped Variance	F7_S23_subsampled_depth_8G_combined_mapped RPKM	F7_S23_subsampled_depth_8G_combined_mapped TPM	F8_S24_subsampled_depth_8G_combined_mapped Mean	F8_S24_subsampled_depth_8G_combined_mapped Trimmed Mean	F8_S24_subsampled_depth_8G_combined_mapped Covered Bases	F8_S24_subsampled_depth_8G_combined_mapped Variance	F8_S24_subsampled_depth_8G_combined_mapped RPKM	F8_S24_subsampled_depth_8G_combined_mapped TPM	GP3_S28_subsampled_depth_8G_combined_mapped Mean	GP3_S28_subsampled_depth_8G_combined_mapped Trimmed Mean	GP3_S28_subsampled_depth_8G_combined_mapped Covered Bases	GP3_S28_subsampled_depth_8G_combined_mapped Variance	GP3_S28_subsampled_depth_8G_combined_mapped RPKM	GP3_S28_subsampled_depth_8G_combined_mapped TPM	GP4_S29_subsampled_depth_8G_combined_mapped Mean	GP4_S29_subsampled_depth_8G_combined_mapped Trimmed Mean	GP4_S29_subsampled_depth_8G_combined_mapped Covered Bases	GP4_S29_subsampled_depth_8G_combined_mapped Variance	GP4_S29_subsampled_depth_8G_combined_mapped RPKM	GP4_S29_subsampled_depth_8G_combined_mapped TPM	GP5_S30_subsampled_depth_8G_combined_mapped Mean	GP5_S30_subsampled_depth_8G_combined_mapped Trimmed Mean	GP5_S30_subsampled_depth_8G_combined_mapped Covered Bases	GP5_S30_subsampled_depth_8G_combined_mapped Variance	GP5_S30_subsampled_depth_8G_combined_mapped RPKM	GP5_S30_subsampled_depth_8G_combined_mapped TPM	M1_S25_subsampled_depth_8G_combined_mapped Mean	M1_S25_subsampled_depth_8G_combined_mapped Trimmed Mean	M1_S25_subsampled_depth_8G_combined_mapped Covered Bases	M1_S25_subsampled_depth_8G_combined_mapped Variance	M1_S25_subsampled_depth_8G_combined_mapped RPKM	M1_S25_subsampled_depth_8G_combined_mapped TPM	M2_S26_subsampled_depth_8G_combined_mapped Mean	M2_S26_subsampled_depth_8G_combined_mapped Trimmed Mean	M2_S26_subsampled_depth_8G_combined_mapped Covered Bases	M2_S26_subsampled_depth_8G_combined_mapped Variance	M2_S26_subsampled_depth_8G_combined_mapped RPKM	M2_S26_subsampled_depth_8G_combined_mapped TPM	M3_S27_subsampled_depth_8G_combined_mapped Mean	M3_S27_subsampled_depth_8G_combined_mapped Trimmed Mean	M3_S27_subsampled_depth_8G_combined_mapped Covered Bases	M3_S27_subsampled_depth_8G_combined_mapped Variance	M3_S27_subsampled_depth_8G_combined_mapped RPKM	M3_S27_subsampled_depth_8G_combined_mapped TPM
F3_S19_subsampled_depth_8G_contig_274	117.79484	115.70533	50306	684.109	19.842945	759.3569	121.50586	119.53042	50306	811.9763	20.458477	788.3831	119.16973	116.73251	50306	785.79956	20.245123	779.797	108.24461	106.22314	50306	698.6853	18.452814	740.331	113.07803	111.0243	50306	725.54474	19.128193	764.29	110.97707	108.66368	50306	733.8467	18.879549	751.87445	78.27835	76.44564	50093	1450.29	11.097655	87.81547	62.193558	60.78397	50128	864.0539	8.579452	59.59507	72.85061	71.46637	50225	1159.4926	10.051415	75.096504	0	0	0	0	0	0	0	0	0	0	0	0	0	0	0	0	0	0
F3_S19_subsampled_depth_8G_contig_553	4418.8877	3983.9727	14285	18257382	742.7964	28425.596	4413.4775	3980.071	14028	18310452	741.4797	28573.482	4434.2607	3997.6113	14028	18459552	751.6217	28950.8	3923.2285	3542.0562	14028	14129221	667.3464	26774.08	4135.6216	3740.3977	14028	15313826	697.9819	27888.697	4046.135	3659.2053	14031	14824831	687.4476	27377.469	2353.5852	2063.1973	14028	6719188.5	335.10593	2651.685	2065.1936	1814.683	14031	5175812.5	286.03467	1986.8691	2360.7158	2067.0146	14031	6832874.5	326.817	2441.7263	4.136682	3.6743693	11924	19.057446	16.14869	431.87222	5.7032895	5.072546	13485	33.397453	21.143217	561.7599	6.4561725	5.8141947	13452	43.755245	22.932802	601.9394
F3_S19_subsampled_depth_8G_contig_640	73.42487	59.854343	56826	6820.4575	12.288963	470.2784	73.4263	60.063908	56826	6313.8794	12.284722	473.40128	74.67993	61.15711	56826	6775.1006	12.6030445	485.4413	77.68096	64.12553	56826	6485.5684	13.160475	528.0009	80.254005	68.156204	56826	5693.047	13.4918995	539.0851	78.35498	65.806885	56826	5972.3276	13.246822	527.5522	40.30694	38.97708	56826	331.87488	5.721962	45.277737	35.942303	35.153774	56826	239.66716	4.973452	34.54688	39.253407	37.74303	56826	321.44333	5.416505	40.46797	121.979324	114.44022	56826	2209.3738	481.24612	12870.197	122.09884	114.43054	56826	1892.1122	448.9975	11929.54	159.82817	148.2982	56826	3845.5134	572.3621	15023.343
F3_S19_subsampled_depth_8G_contig_701	39.398277	36.136726	35304	543.48047	7.002534	267.97546	39.751125	36.391308	35304	573.6952	7.0567474	271.93704	43.195625	39.613937	35304	648.833	7.7343106	297.90857	49.77684	45.6823	35304	824.74347	8.966216	359.7266	47.281902	43.2475	35304	765.0677	8.432661	336.937	47.31359	43.594437	35304	711.20325	8.488709	338.0613	0	0	0	0	0	0	0	0	0	0	0	0	0	0	0	0	0	0	2.7549639	2.466972	30801	8.510206	13.099479	350.32565	1.9658076	1.7397914	27039	6.01021	8.103235	215.29724	2.8830574	2.5916877	32150	12.154986	11.447456	300.47226
F3_S19_subsampled_depth_8G_contig_1004	5.7118044	5.448703	12260	12.4186325	0.94549865	36.182655	5.7562413	5.1911855	12125	23.681122	0.95477945	36.793167	5.9180737	5.551746	12052	18.25137	1.0059882	38.74842	5.187283	4.7979536	11909	16.870546	0.8793425	35.279427	5.1485014	4.817521	12029	14.653932	0.8637487	34.512104	5.1543994	4.8258686	11851	15.082736	0.873627	34.79204	2.3061323	2.1516023	10792	3.4763303	0.33410108	2.643732	2.164418	2.0047572	9771	3.7909188	0.30019727	2.0852463	2.623495	2.5175478	10810	3.913663	0.36296073	2.711764	0	0	0	0	0	0	0	0	0	0	0	0	0	0	0	0	0	0
F3_S19_subsampled_depth_8G_contig_1778	60.61148	61.014355	21588	110.34493	10.104497	386.68243	61.65182	61.971863	21588	125.219666	10.279355	396.1227	65.48258	65.969376	21593	145.61067	11.020453	424.48328	63.229214	63.552723	21593	144.64322	10.674039	428.2448	65.94311	66.62211	21593	145.90878	11.044031	441.27747	64.8191	64.973885	21593	142.20184	10.928614	435.2302	34.30765	34.282295	21591	56.484283	4.869262	38.530346	31.330038	31.507746	21593	59.887745	4.302251	29.88452	32.509445	32.6291	21593	60.707397	4.4726696	33.41635	0	0	0	0	0	0	0	0	0	0	0	0	0	0	0	0	0	0
F3_S19_subsampled_depth_8G_contig_1968	7.3714585	7.206256	11474	12.0140505	1.2451472	47.64974	7.557716	7.4596286	11209	12.386593	1.285678	49.54458	7.303009	7.1540565	11376	14.944517	1.2619805	48.60869	6.369787	6.2236557	11245	10.754666	1.0960363	43.97321	6.3440967	6.1481915	11282	11.949956	1.0844662	43.33116	6.4778285	6.260313	11227	13.373858	1.1116575	44.271545	0	0	0	0	0	0	0	0	0	0	0	0	0	0	0	0	0	0	1.7457329	1.6330401	8681	2.482637	7.3274784	195.96233	1.7423016	1.6194526	8682	2.4334536	6.5925956	175.16049	1.9665669	1.7970674	9152	3.1666782	7.2976656	191.54887
F3_S19_subsampled_depth_8G_contig_2430	29.776154	29.480965	45297	69.0307	4.9881487	190.88818	29.174297	28.7046	45220	82.61162	4.8845854	188.23132	29.903316	29.288534	45220	88.00328	5.0565534	194.76712	29.754091	29.281643	45220	83.59039	5.0500164	202.60788	30.18245	29.739227	45222	77.5111	5.078261	202.90797	30.479345	29.892427	45223	93.20029	5.1517787	205.16864	18.845793	17.180813	45221	242.70515	2.6743393	21.161974	14.73037	13.382718	45120	146.07742	2.0376468	14.1540165	17.53009	16.238525	45220	176.63525	2.4168212	18.05664	0	0	0	0	0	0	0	0	0	0	0	0	0	0	0	0	0	0
F3_S19_subsampled_depth_8G_contig_2512	7.456933	7.3144526	22766	10.229673	1.2453055	47.65578	6.169349	6.0890646	22724	6.345407	1.035251	39.89418	6.5225506	6.4572606	22626	7.5068955	1.1048588	42.556694	6.4653344	6.3946257	22565	8.317524	1.095402	43.94776	6.4661746	6.407202	22635	8.022645	1.0871431	43.438118	6.9993367	6.942179	22637	7.7077603	1.1838969	47.148483	3.76185	3.6022794	21606	6.606736	0.53472024	4.231228	3.568403	3.4463549	21621	5.4741626	0.49373576	3.429613	4.0402813	3.921301	21583	6.6947727	0.5601218	4.184801	2.9793067	2.885783	20388	4.034593	11.889832	317.97543	2.9536169	2.8624976	21156	3.6590018	11.019379	292.77713	3.8384771	3.7438593	21782	5.312269	14.013462	367.82486
F3_S19_subsampled_depth_8G_contig_2685	22.716421	21.700808	7244	213.85689	4.024501	154.01103	43.54589	41.931717	7220	763.3404	7.6396513	294.39993	54.024834	52.08505	7285	1169.4989	9.645138	371.50925	6.303471	5.6369457	6908	31.79236	1.1037296	44.28189	7.9619975	7.5246153	6901	34.672676	1.4205368	56.759277	9.090822	8.47447	6711	51.914913	1.6251136	64.719826	73850.914	73907.53	7317	1548750700	10314.2705	81616.56	72485.94	72534.35	7317	1487462000	9843.034	68372.2	54056.992	54068.29	7317	836428100	7337.927	54823.363	0	0	0	0	0	0	0	0	0	0	0	0	0	0	0	0	0	0
F3_S19_subsampled_depth_8G_contig_2753	2101.836	2093.113	42821	141203.19	351.59015	13454.776	2101.8435	2090.5952	42821	147736.16	351.40872	13541.804	1992.3888	1981.8784	42821	120739.08	336.04355	12943.651	1881.2333	1870.5106	42821	106863.51	318.43695	12775.76	1901.8892	1890.9069	42821	104226.06	319.3465	12759.87	1933.3438	1921.7887	42821	115158.7	326.67145	13009.631	80.98102	74.5235	42821	3443.7786	11.4657345	90.72806	76.155	69.683945	42821	3110.0674	10.477205	72.77735	101.39854	93.64281	42821	4965.8306	13.957592	104.280464	3.456024	3.2189298	39518	7.301412	14.613182	390.80737	3.3651192	3.1620622	39387	6.46959	12.950386	344.0824	4.3322864	4.086838	40980	9.481357	16.075706	421.95465
F3_S19_subsampled_depth_8G_contig_2929	4.347306	4.064056	13656	8.822871	0.7213589	27.605234	4.2222786	3.8902586	13262	10.350719	0.69728804	26.87052	4.3015447	4.1614695	13361	6.592702	0.7181628	27.662025	3.4271522	3.3019903	13073	5.250223	0.5762359	23.118704	4.091667	3.7927644	13177	10.223973	0.6819412	27.247791	3.5456524	3.4326	12954	5.29058	0.595238	23.705235	0	0	0	0	0	0	0	0	0	0	0	0	0	0	0	0	0	0	0	0	0	0	0	0	0	0	0	0	0	0	0	0	0	0	0	0
F3_S19_subsampled_depth_8G_contig_3768	11.716522	11.2384205	36756	36.305847	1.9670365	75.27526	11.279107	10.918382	36709	30.640554	1.8948747	73.02047	11.1887665	10.856037	36718	29.55715	1.8981503	73.11252	11.5982895	11.113337	36720	34.40971	1.970899	79.07286	12.709884	12.263553	36572	34.843575	2.1397474	85.49619	12.789269	12.3060465	36571	41.341797	2.170771	86.45055	0	0	0	0	0	0	0	0	0	0	0	0	0	0	0	0	0	0	0	0	0	0	0	0	0	0	0	0	0	0	1.7854997	1.6719784	28791	2.2889698	6.436948	168.95683
F3_S19_subsampled_depth_8G_contig_3812	66.98665	65.75167	43134	393.43964	11.192846	428.33182	63.78883	62.56607	43134	283.31183	10.656599	410.6601	66.51949	65.29008	43134	363.30038	11.216338	432.02838	59.778637	58.816498	43134	274.49448	10.106393	405.47067	58.763027	57.58786	43134	298.53012	9.859358	393.94238	60.00461	58.917233	43134	291.46313	10.132837	403.53836	28.711706	27.520033	43134	199.35309	4.072297	32.223965	22.911478	22.06695	43134	139.41364	3.1596818	21.947943	26.409874	25.396215	43134	156.73909	3.6366882	27.170542	72.22269	71.94287	43134	126.937996	279.16718	7465.9023	78.33571	78.15225	43134	119.834724	286.8587	7621.6284	68.4195	68.18201	43134	111.20797	243.87819	6401.3057
F3_S19_subsampled_depth_8G_contig_3964	98.44956	98.1665	45076	202.79034	16.472383	630.3709	103.053024	102.45667	45076	228.8171	17.22372	663.72906	102.84163	102.12413	45076	273.82776	17.336882	667.77826	99.07773	98.4378	45076	264.35605	16.779966	673.21594	105.56135	105.07919	45076	278.70023	17.714952	707.822	100.822754	99.97334	45076	273.7722	17.047127	678.8986	60.63166	57.84815	45076	763.02765	8.602954	68.07496	52.760784	50.94141	45076	468.0847	7.276515	50.544506	60.585674	58.548054	45076	595.8849	8.36807	62.519814	68.07873	67.66795	45076	159.771	265.5353	7101.3413	72.43779	72.21821	45076	120.925545	267.22592	7100.0005	66.17028	65.92664	45076	111.21879	237.40878	6231.496
F3_S19_subsampled_depth_8G_contig_4018	39.040672	38.130077	17189	291.61932	7.0108247	268.29254	40.509125	39.434376	17189	317.70114	7.286378	280.78607	40.543106	39.18224	17189	305.88214	7.3550906	283.30182	47.21838	46.188564	17189	288.6236	8.506061	341.26508	50.552086	49.386387	17189	306.33026	9.018665	360.35153	49.622044	48.32575	17189	334.5693	8.915027	355.03928	4.395563	4.293995	16907	5.344401	0.6402327	5.0661454	4.5023184	4.408489	17043	5.379015	0.62988764	4.3753614	4.89929	4.7494297	16936	6.936917	0.69496226	5.192225	6.768003	6.5041404	16917	19.65418	31.208115	834.6138	5.2210813	5.044859	16900	9.699506	20.32367	539.9852	7.316098	7.1336637	17119	17.06735	28.276207	742.19305
F3_S19_subsampled_depth_8G_contig_4655	8.376904	8.024322	6388	26.67817	1.4486219	55.436363	18.478745	17.904123	6309	118.62498	3.214806	123.885025	30.941307	28.703913	6360	459.80453	5.574329	214.71082	3.4313135	3.3202326	5754	5.0052767	0.59263	23.776442	3.7220812	3.4795558	5913	8.981293	0.6580684	26.293913	3.9603426	3.5542827	5528	13.606232	0.69798964	27.797318	127441.34	125507.1	6454	4464507000	17686.705	139954.45	165473.95	162741.38	6454	7564293600	22326.574	155086.05	174563.5	171563.5	6454	8533113300	23545.629	175914.9	0	0	0	0	0	0	0	0	0	0	0	0	0	0	0	0	0	0
F3_S19_subsampled_depth_8G_contig_4709	14.87921	14.341421	20135	63.413128	2.4975553	95.57731	13.685058	13.347695	20134	38.53522	2.294432	88.417656	14.456672	14.125097	20135	56.803387	2.4399061	93.97974	15.765267	15.541699	20134	59.159203	2.6738427	107.275116	15.309395	14.981899	20070	51.426544	2.570716	102.71604	15.821589	15.3717375	20133	64.47353	2.6789186	106.687454	11.142079	10.907163	19898	34.341595	1.5807364	12.5083275	9.582309	9.206774	20029	32.27432	1.3139533	9.127059	11.882958	11.633815	20022	47.696724	1.6269358	12.155219	0	0	0	0	0	0	0	0	0	0	0	0	0	0	0	0	0	0
F3_S19_subsampled_depth_8G_contig_4824	3.358425	3.289509	13534	3.9674497	0.55726045	21.325447	2.8982618	2.855679	13429	2.5967157	0.4790307	18.459826	2.5644555	2.4682746	12621	3.1351771	0.4280624	16.48802	3.1739624	3.0573816	13277	4.326624	0.53163725	21.329393	2.8098617	2.6684008	12926	3.9848468	0.4667497	18.649551	2.7940404	2.7164025	12327	3.6457424	0.46631858	18.57105	3.43221	3.3133917	13191	4.697104	0.4817246	3.8118715	2.3110323	2.1756916	11904	3.4148176	0.31766114	2.2065544	3.2083008	3.0450854	12699	5.3627377	0.43815574	3.2735648	0	0	0	0	0	0	0	0	0	0	0	0	0	0	0	0	0	0
F3_S19_subsampled_depth_8G_contig_4981	40.93284	40.7378	31030	78.61272	6.8901553	263.675	38.597897	38.528282	31030	57.39522	6.5031548	250.60403	40.10641	40.03688	31030	68.9238	6.813214	262.42972	40.826912	40.723087	31030	71.55556	6.965973	279.4765	38.11276	37.97161	31030	63.02267	6.433038	257.03964	40.603043	40.494675	31030	73.00547	6.902853	274.9049	0	0	0	0	0	0	0	0	0	0	0	0	0	0	0	0	0	0	0	0	0	0	0	0	1.5706606	1.4714307	23869	1.896623	5.850745	155.45006	1.8422279	1.748057	25166	2.1639087	6.572478	172.51411
F3_S19_subsampled_depth_8G_contig_5658	27.046698	8.477415	13063	17282.379	7.691542	294.34265	26.185007	7.9114685	13012	16943.984	7.534931	290.3644	27.383102	8.284522	13027	18138.598	7.9549727	306.4079	26.183613	8.408328	13063	17368.809	7.755272	311.1432	25.714706	8.405489	13063	16137.464	7.499279	299.6427	26.88376	8.641659	12992	17817.53	7.814738	311.22064	4.8107333	3.8016863	12063	58.147263	0.8180574	6.4732637	3.4611633	2.4775014	11292	50.849655	0.59315854	4.1202283	4.596221	3.317216	11919	93.27035	0.8053022	6.0165987	369.54727	286.72864	13063	482602.2	1817.864	48616.016	385.6965	302.39423	13063	491404.66	1810.8997	48114.3	447.8688	357.06332	13063	555921.1	2003.1737	52579.23
F3_S19_subsampled_depth_8G_contig_5769	4.786051	4.636521	28016	7.035906	0.8005248	30.634754	4.6523986	4.4834585	27185	8.349428	0.77327	29.798544	4.581908	4.464852	27730	6.301648	0.77130055	29.708794	4.1966367	4.0746627	27637	5.8512206	0.7085272	28.42627	4.1694813	4.0683684	26885	6.700598	0.7006863	27.99677	4.3537617	4.218638	26990	6.9353933	0.7331892	29.199121	3.4184103	3.2724912	25675	5.837814	0.48558083	3.8423877	2.3291202	2.1685221	22261	4.3343897	0.32163465	2.2341557	2.6285007	2.4856222	23868	4.271451	0.36174166	2.7026556	0	0	0	0	0	0	0	0	0	0	0	0	0	0	0	0	0	0
F3_S19_subsampled_depth_8G_contig_6032	79.024536	66.57479	54966	5768.948	13.23114	506.334	79.37951	66.66612	54966	5656.6475	13.281301	511.8051	77.71109	65.00855	54966	5933.8096	13.117807	505.26868	68.73559	58.359474	54966	4011.9856	11.648605	467.3446	69.92763	60.243656	54966	3670.965	11.756863	469.75958	69.72486	59.484474	54966	4035.3	11.788319	469.46756	56.06673	54.513863	54966	515.516	7.9598575	62.98613	42.90665	42.08681	54966	265.84943	5.918011	41.107994	52.111866	50.999878	54966	343.56116	7.190658	53.723076	0	0	0	0	0	0	0	0	0	0	0	0	0	0	0	0	0	0
F3_S19_subsampled_depth_8G_contig_6067	10.150796	8.55343	22986	129.9696	1.7788885	68.07516	10.4246025	8.933575	22813	126.81979	1.8209522	70.17182	9.719715	8.194202	22850	119.28657	1.714454	66.03699	10.648578	9.246425	22955	115.48984	1.9178149	76.94315	9.870989	8.591401	22651	101.233215	1.7233928	68.8602	10.494348	9.019807	22783	125.04399	1.8526402	73.78109	0	0	0	0	0	0	0	0	0	0	0	0	0	0	0	0	0	0	0	0	0	0	0	0	0	0	0	0	0	0	0	0	0	0	0	0
F3_S19_subsampled_depth_8G_contig_6250	3.919042	3.6284053	26393	10.415119	0.66990966	25.636337	3.427031	3.2632952	26440	5.4034743	0.5802347	22.35979	3.4380627	3.246491	26027	6.276636	0.5926658	22.828169	3.0075798	2.800601	25607	6.0981274	0.51718056	20.749397	2.9591117	2.717449	25126	6.5024915	0.51275694	20.48782	2.713925	2.4498043	23461	6.6624646	0.46666002	18.584658	0	0	0	0	0	0	0	0	0	0	0	0	0	0	0	0	0	0	0	0	0	0	0	0	0	0	0	0	0	0	0	0	0	0	0	0
F3_S19_subsampled_depth_8G_contig_6425	8.679521	8.533289	13583	11.805339	1.4675432	56.16048	9.087173	9.032255	13583	9.755281	1.5405006	59.364376	8.958833	8.942684	13580	9.227088	1.5394387	59.295742	8.644086	8.609627	13583	10.086017	1.499935	60.177723	8.091864	8.002894	13569	11.179469	1.3735719	54.882706	8.318246	8.202961	13557	11.887173	1.4521474	57.831524	0	0	0	0	0	0	0	0	0	0	0	0	0	0	0	0	0	0	3.8585572	3.7434456	12770	6.1552463	17.9918	481.1636	3.589295	3.495079	12785	5.081829	14.175921	376.6442	5.183057	5.071293	13480	7.152239	20.216578	530.64386
F3_S19_subsampled_depth_8G_contig_6754	81.07177	80.86952	35386	480.76993	13.677067	523.39886	84.478516	84.71839	35386	471.68826	14.217412	547.8787	86.8495	86.812416	35386	538.07	14.778674	569.2415	98.21725	98.164375	35386	659.086	16.76531	672.6281	95.47474	95.65923	35386	658.6696	16.20826	647.6203	99.251274	99.483574	35386	648.452	16.910027	673.4388	10.637275	9.460649	35135	104.03795	1.5105596	11.953026	9.126149	8.169862	34398	74.84871	1.2583407	8.740751	9.749262	8.815475	34880	78.98912	1.3444909	10.045003	9.938954	9.833228	34967	23.129374	42.892735	1147.1011	7.2844534	7.186542	34576	13.802242	26.943008	715.8563	10.608213	10.548212	34975	21.178616	37.83277	993.0334
F3_S19_subsampled_depth_8G_contig_7084	20.728285	19.866907	13081	145.28128	3.6270318	138.80049	20.335009	19.212776	13061	186.10114	3.539441	136.39508	22.251932	21.18942	13073	177.22131	3.911053	150.6451	20.218006	19.551691	13086	153.03563	3.5764687	143.48865	18.962364	17.949854	13069	129.26074	3.3469536	133.7316	19.939335	18.898506	13084	138.46458	3.517253	140.074	0	0	0	0	0	0	0	0	0	0	0	0	0	0	0	0	0	0	296.99466	291.7521	13090	14048.166	1172.9498	31368.762	310.8428	306.90384	13090	17446.799	1164.3033	30934.7	379.64383	375.22952	13090	20152.002	1380.2938	36229.9
F3_S19_subsampled_depth_8G_contig_7214	10.01232	9.316506	16790	32.497055	1.7380729	66.51317	9.478546	8.949853	16790	26.417347	1.663173	64.091606	9.201202	8.786925	16790	20.030554	1.6373248	63.06613	8.494592	8.200654	16790	15.022151	1.5065459	60.44293	8.522476	8.171474	16790	18.933327	1.4966713	59.80128	8.646935	8.274973	16784	19.3595	1.537064	61.213295	4.597356	4.344952	16368	10.066127	0.67442745	5.3367286	3.8867788	3.6087072	15832	8.864276	0.5525583	3.8382087	4.654447	4.3582397	16424	9.285237	0.6647021	4.9661446	6.388882	6.1272035	16597	14.547062	25.651178	686.00214	6.976142	6.543336	16760	18.180513	26.96672	716.4864	7.7366586	7.3438168	16790	17.475569	28.501831	748.1148
F3_S19_subsampled_depth_8G_contig_7304	8.180969	8.0006485	10428	12.649545	1.3726424	52.528755	8.028118	7.8744054	10407	12.859674	1.3618668	52.480587	7.216287	7.0947905	10395	8.780207	1.2450253	47.95563	6.8871374	6.873541	10342	8.805789	1.1859382	47.580082	6.7707725	6.673584	10407	8.708764	1.163673	46.49593	6.731368	6.642348	10348	11.500176	1.1666257	46.460648	0	0	0	0	0	0	0	0	0	0	0	0	0	0	0	0	0	0	4.3125124	4.137376	9714	8.708204	17.865427	477.78375	3.5897062	3.4913533	9647	4.722466	13.875023	368.64944	4.7740808	4.611003	10395	8.286991	17.658075	463.4884
F3_S19_subsampled_depth_8G_contig_7808	180.69228	178.09282	40697	5159.851	30.192122	1155.403	181.93805	179.51201	40697	5473.725	30.369871	1170.3259	182.43076	179.63689	40697	5351.3286	30.742586	1184.136	264.06973	261.9882	40697	9729.78	44.67899	1792.531	271.81354	270.32065	40697	10169.27	45.62992	1823.1979	269.83838	268.06445	40697	10042.204	45.575634	1815.0415	106.24019	99.74735	40697	3525.72	15.049632	119.08737	89.9068	84.39676	40697	2428.5867	12.392309	86.08009	101.609146	95.39693	40697	3121.5762	14.010628	104.67663	8.936592	8.678158	40514	20.370049	35.679516	954.1943	7.4339657	7.2459373	40142	16.626844	27.509394	730.9046	10.524108	10.364015	40339	28.287205	37.827915	992.9056
F3_S19_subsampled_depth_8G_contig_7832	2.8786051	2.799862	10737	3.1529934	0.48331043	18.495491	2.2237997	2.1170266	9161	3.3254862	0.36604676	14.105883	2.8668914	2.759933	10217	3.8592772	0.47615018	18.340256	2.6736178	2.5926254	10603	2.5702486	0.44883773	18.007456	2.8140917	2.6848073	10432	3.8016973	0.46935183	18.753511	2.5500932	2.4479938	9976	3.3204622	0.4257062	16.953684	1.9078889	1.8309178	9561	1.9302796	0.2697731	2.1347086	0	0	0	0	0	0	0	0	0	0	0	0	0	0	0	0	0	0	0	0	0	0	0	0	0	0	0	0	0	0
F3_S19_subsampled_depth_8G_contig_8871	22.905804	22.705946	40704	29.238281	3.8502913	147.34428	22.112196	21.972055	40704	30.890415	3.7197235	143.34245	21.934902	21.763807	40704	31.310827	3.7252038	143.4866	22.665434	22.302904	40704	47.169212	3.8739476	155.42368	23.691153	23.435314	40704	40.51668	4.008507	160.16463	23.724812	23.444931	40704	41.55547	4.0342417	160.66289	10.482887	10.286384	39900	34.607906	1.4896203	11.787322	9.322533	9.13	39502	31.910963	1.2888668	8.952796	10.972555	10.828054	39273	37.950794	1.5161309	11.327372	0	0	0	0	0	0	0	0	0	0	0	0	0	0	0	0	0	0
F3_S19_subsampled_depth_8G_contig_9469	14197.4795	13687.646	12841	75406984	2427.7727	92906.86	14181.575	13681.818	12841	75524830	2423.1204	93376.8	14037.824	13544.072	12841	73505180	2420.6448	93237.85	12256.353	11828.99	12841	54866676	2122.179	85142.29	12978.732	12513.493	12841	61646476	2228.1003	89026.41	12673.89	12225.832	12841	58886590	2189.2527	87186.58	4999.704	4846.2744	12841	9035328	724.37	5731.9185	4384.462	4252.035	12841	6847731	617.32715	4288.1104	4998.888	4851.8535	12841	9044863	703.5803	5256.6143	16.200615	15.510199	12753	121.46739	64.51912	1725.4662	18.163187	17.582596	12783	131.23302	68.16325	1811.0482	21.069103	20.254225	12841	174.95732	76.91012	2018.7332
F3_S19_subsampled_depth_8G_contig_9510	12.489201	12.197392	33809	38.79638	2.110171	80.75279	12.242075	11.901898	33792	38.168087	2.0637674	79.52889	11.537331	11.258954	33779	34.20221	1.9674132	75.7804	11.136189	10.770754	33797	36.310707	1.9066287	76.49437	11.217594	10.914705	33794	32.658627	1.9082667	76.2471	11.356606	11.099687	33750	37.13823	1.9346637	77.047646	5.5035205	5.256676	31282	15.399736	0.7879959	6.235389	4.151817	3.9635253	31576	9.018071	0.5720394	3.973529	6.091417	5.9198217	32368	14.022988	0.83992094	6.2752447	0	0	0	0	0	0	0	0	0	0	0	0	0	0	0	0	0	0
F3_S19_subsampled_depth_8G_contig_10176	42.016243	40.30602	10617	547.39624	8.23878	315.28467	42.100697	40.31971	10617	687.7543	8.234447	317.3208	44.73402	42.846725	10617	746.6038	8.835237	340.31363	48.60982	46.72763	10617	834.4998	9.784544	392.55795	50.567593	48.132576	10617	1006.46313	10.010405	399.97763	47.46059	45.29222	10617	930.8148	9.615138	382.92114	1.8696856	1.6360259	8159	5.373041	0.32817143	2.5968118	1.9816567	1.8178537	8662	3.2979627	0.3094409	2.1494539	2.4512277	2.2768283	8734	4.809082	0.38737828	2.8941944	4.318047	4.11952	10256	9.203537	21.366528	571.4155	3.522786	3.3084598	10270	8.627108	14.923464	396.5058	4.1638484	3.7966247	10472	15.457864	17.898327	469.79474
F3_S19_subsampled_depth_8G_contig_11529	26.750032	26.578526	38883	48.162914	4.4745684	171.23431	24.933598	24.840538	38883	45.65607	4.177571	160.9859	25.889706	25.700008	38883	49.895718	4.362293	168.02582	26.211292	25.991825	38883	52.21215	4.4337635	177.88358	25.68962	25.44405	38883	47.425797	4.3230205	172.73143	26.684275	26.431513	38883	56.98407	4.506598	179.47443	13.268685	11.66725	38709	149.81686	1.8861219	14.924834	10.275553	9.347667	38515	72.19343	1.4172475	9.8445635	12.032065	10.908293	38786	94.96282	1.6610177	12.409851	3.5199442	3.3737128	35810	5.7326727	14.190744	379.50992	3.026928	2.946846	36080	3.6691341	11.31903	300.7386	3.7888622	3.684461	37707	4.8052077	13.835417	363.1515
F3_S19_subsampled_depth_8G_contig_11593	17.588833	17.460682	34882	28.724598	2.933852	112.27368	18.066349	17.880112	34951	29.822931	3.016476	116.24221	17.115772	16.89266	34951	27.930359	2.878683	110.88049	15.803713	15.581463	34947	30.621552	2.6680057	107.04099	15.585213	15.389579	34951	22.87487	2.612636	104.39101	15.643027	15.524759	34950	22.539038	2.636778	105.00918	2.3745294	2.2339964	29882	3.5571952	0.33675098	2.664701	2.1589036	2.0514672	29667	2.8081973	0.29677445	2.0614715	3.0050285	2.8686824	32477	4.4512095	0.41451705	3.0969555	0	0	0	0	0	0	0	0	0	0	0	0	0	0	0	0	0	0
F3_S19_subsampled_depth_8G_contig_11675	282.40967	282.0677	42987	4530.2305	47.232502	1807.5101	274.30267	274.31003	42987	4137.3975	45.840374	1766.494	268.01596	266.9646	42987	4367.2695	45.170086	1739.8511	268.2683	267.68564	42987	3476.8154	45.420746	1822.2905	264.75586	265.2735	42987	3333.8208	44.476486	1777.1113	274.15533	273.22968	42987	3806.6882	46.316456	1844.5441	0	0	0	0	0	0	0	0	0	0	0	0	0	0	0	0	0	0	46.38453	41.656593	42987	808.46185	179.52475	4801.1187	67.71821	62.157074	42987	1197.3678	250.09837	6644.9326	53.43033	49.013203	42987	716.6159	191.72772	5032.4604
F3_S19_subsampled_depth_8G_contig_11754	6.7521014	6.445579	39420	23.302866	1.1377878	43.541267	6.442639	6.127141	39513	21.49141	1.0809104	41.65369	6.60101	6.1847343	39565	27.104513	1.1136199	42.89419	6.0011764	5.724151	39558	19.388412	1.0198811	40.917866	7.1525135	6.895542	39679	25.249887	1.2037593	48.09762	6.35691	5.9540343	40327	21.077919	1.0738971	42.76777	2.3554885	2.1906161	34461	3.8671296	0.33460522	2.6477237	1.8486141	1.6931351	0	3.0575926	0	0	2.431831	2.2735887	35770	3.7744017	0.33862638	2.5299573	7.116413	5.6868176	39215	1086.1196	38.33314	1025.1616	6.9326763	5.3980885	39447	1224.2368	37.170845	987.60284	7.352229	5.879721	40411	1224.6923	37.70909	989.78656
F3_S19_subsampled_depth_8G_contig_11792	265.19217	263.7437	37683	1388.7242	44.30879	1695.624	254.692	253.92427	37683	1050.0948	42.512672	1638.2582	260.99838	259.61197	37683	1389.2129	43.955555	1693.0702	228.7244	227.41228	37683	1286.9607	38.665512	1551.2686	215.29372	214.24081	37683	890.59705	36.12894	1443.5748	225.32062	224.13544	37683	1172.228	38.033634	1514.6825	109.5809	106.00749	37683	1939.0813	15.524374	122.84395	85.80138	83.52648	37683	1120.752	11.831727	82.18616	102.96582	99.40638	37683	1721.6595	14.192839	106.03807	0	0	0	0	0	0	0	0	0	0	0	0	1.6211067	1.5231935	29097	1.9552584	5.7814245	151.75061
F3_S19_subsampled_depth_8G_contig_11834	12.584823	12.428865	42836	16.577658	2.1045067	80.53599	12.113081	11.9990635	42845	15.269593	2.0240421	77.998024	13.33114	13.194004	42827	19.060244	2.248674	86.613945	12.19815	12.103547	42845	15.176219	2.0669312	82.92576	12.489495	12.382465	42845	15.929896	2.1005867	83.93143	12.300176	12.188357	42845	16.263807	2.0844328	83.01215	4.8004684	4.294064	41230	16.960302	0.6793274	5.375498	3.806043	3.4395866	38940	11.948538	0.5266292	3.658102	4.5426397	4.274052	40972	10.949553	0.62467426	4.66709	0	0	0	0	0	0	0	0	0	0	0	0	0	0	0	0	0	0
F3_S19_subsampled_depth_8G_contig_12017	8.660024	8.430812	15454	13.336086	1.4529375	55.601505	8.195962	7.888776	15409	16.699295	1.3898395	53.55851	7.840107	7.575287	15454	12.8579855	1.3431962	51.736916	7.7100105	7.5760126	15403	11.185589	1.3315394	53.421646	9.420282	9.031653	15454	21.647434	1.6080642	64.25214	8.101477	7.9202847	15454	10.697343	1.3916193	55.420975	6.056521	5.9455495	15314	10.163767	0.885327	7.005571	4.7790775	4.6754756	14964	7.2685113	0.66584146	4.6251035	4.7894015	4.6091914	14705	9.361448	0.67803335	5.065745	6.7245817	6.401844	15399	15.687128	26.556839	710.2225	7.6369576	7.201394	15453	20.91426	28.443619	755.72656	7.557828	7.079498	15450	20.199621	27.22498	714.6002
F3_S19_subsampled_depth_8G_contig_12287	27.44764	24.635172	18446	2320.0444	6.1505423	235.37108	28.110243	25.28437	18446	2529.185	6.350297	244.7136	30.80493	27.707737	18446	2921.6196	6.940655	267.33862	35.043232	31.52028	18446	4081.3406	8.030093	322.16913	34.10423	30.545786	18446	3837.0671	7.6941547	307.4291	35.191845	31.395191	18446	4066.921	8.035702	320.0204	0	0	0	0	0	0	0	0	0	0	0	0	0	0	0	0	0	0	2.467042	2.1055987	14248	21.946768	15.179384	405.94968	0	0	0	0	0	0	2.4852974	2.1371143	15581	22.841652	11.984882	314.5789
F3_S19_subsampled_depth_8G_contig_12547	25.37874	21.724794	18532	448.619	4.5541043	174.27805	23.77516	19.93351	18532	459.84113	4.2691402	164.51463	25.725002	22.271338	18532	407.4929	4.653158	179.22934	21.766838	18.26626	18532	394.62927	3.9599516	158.87411	19.318735	16.870346	18532	217.19643	3.4677196	138.55687	21.06082	18.386425	18532	264.17746	3.8083096	151.66525	0	0	0	0	0	0	0	0	0	0	0	0	0	0	0	0	0	0	9.132303	2.3077853	14696	1120.687	41.21696	1102.2855	9.2096615	1.7459502	14527	1383.9749	40.492172	1075.8479	12.301001	2.9530947	16648	2172.4907	52.39634	1375.297
F3_S19_subsampled_depth_8G_contig_592|provirus_64373_89515	35.89461	35.490776	25143	205.75432	5.9926867	229.33029	34.300285	34.05388	25143	187.43526	5.7284284	220.74933	34.67003	34.56484	25143	171.99904	5.8367133	224.81725	32.991917	32.67406	25143	163.55626	5.577852	223.7847	32.85708	32.616005	25143	148.74188	5.505006	219.95917	31.437002	31.231163	25143	148.018	5.298114	210.99634	7.082263	6.7567015	24506	22.459223	1.0029801	7.9365573	6.7236824	6.4921985	24695	17.947893	0.92616695	6.4333897	7.925219	7.651745	24896	24.93779	1.0916038	8.155625	0	0	0	0	0	0	0	0	0	0	0	0	0	0	0	0	0	0
F3_S19_subsampled_depth_8G_contig_924|provirus_293_15459	28.282413	28.091589	15167	52.012753	4.793539	183.4408	30.617966	30.105793	15167	65.72982	5.1947236	200.18268	32.56489	32.37168	15167	66.47237	5.5632358	214.2835	32.73983	32.288082	15167	81.93014	5.6270065	225.75677	35.215424	34.949913	15167	67.29382	5.997251	239.62729	34.31571	33.88215	15167	89.32419	5.884922	234.36604	0	0	0	0	0	0	0	0	0	0	0	0	0	0	0	0	0	0	6.0092564	5.870829	15039	9.093746	26.517454	709.1694	5.4913764	5.4124436	15084	6.5610766	20.203867	536.8024	7.171406	7.0750904	15167	6.999388	25.728458	675.31964
F3_S19_subsampled_depth_8G_contig_1455|provirus_10192_24885	24.818275	21.7246	14694	364.30505	4.4865017	171.69102	23.91481	20.919098	14694	374.99936	4.2857833	165.156	22.159584	19.665318	14694	305.53506	4.02014	154.84683	22.575907	19.72521	14694	329.70294	4.1092544	164.86424	23.396727	20.95508	14694	315.1547	4.206584	168.07903	21.788778	19.801987	14694	218.2417	3.9196672	156.1	0	0	0	0	0	0	0	0	0	0	0	0	2.3907454	1.9701298	11829	8.813614	0.3685066	2.7531972	28.188738	25.565775	14694	368.22006	113.809875	3043.6736	41.220158	36.399006	14694	927.14594	160.95572	4276.4775	39.952694	35.348892	14694	839.60846	151.68988	3981.5508
F3_S19_subsampled_depth_8G_contig_1571|provirus_71674_103650	43.070568	43.285564	31977	83.9124	7.233822	276.8265	37.276905	37.34627	31977	72.821846	6.253868	240.99756	40.126087	40.1564	31977	82.80318	6.793392	261.66647	34.585667	34.704975	31977	53.671024	5.8841157	236.072	32.279385	32.38464	31977	54.77641	5.4645796	218.34383	33.935055	33.924976	31977	53.78791	5.7624283	229.48761	8.89333	8.6366205	31956	19.467503	1.2696432	10.046652	8.154491	8.040147	31977	13.085382	1.1320844	7.8637476	10.229742	10.065701	31948	16.746002	1.4193145	10.604033	0	0	0	0	0	0	0	0	0	0	0	0	0	0	0	0	0	0
F3_S19_subsampled_depth_8G_contig_2220|provirus_45798_76332	34.299885	34.4768	30528	110.47795	5.7251105	219.09056	35.11137	35.480637	30514	101.99026	5.8565154	225.6853	34.787197	35.08524	30514	111.36611	5.86194	225.78885	31.316603	31.540718	30523	96.750595	5.2943506	212.41061	30.757874	31.182981	30499	83.91608	5.1530266	205.89546	31.040283	31.245035	30534	95.0963	5.24773	208.9899	15.735626	15.36962	30264	71.76492	2.2354836	17.689333	13.791377	13.494935	30071	54.769367	1.9001225	13.198733	15.719072	15.323436	30085	70.26784	2.1557357	16.106014	0	0	0	0	0	0	0	0	0	0	0	0	0	0	0	0	0	0
F3_S19_subsampled_depth_8G_contig_2625|provirus_54338_83731	315.2733	316.97183	29394	4538.4478	52.866814	2023.1255	296.0164	297.86548	29393	3859.7847	49.58741	1910.8882	298.57385	300.32404	29394	3672.7065	50.461044	1943.6476	299.82687	301.95197	29394	3014.279	50.88762	2041.623	277.93018	279.48236	29389	3063.9111	46.77472	1868.9398	291.95316	293.97952	29394	3585.0112	49.456863	1969.6106	3.1885514	2.8401215	26052	9.016801	0.4546222	3.5974133	3.3476954	3.024012	26274	8.7900915	0.46535212	3.2324536	4.439509	4.0782676	27168	14.201962	0.61311483	4.5807242	1.7260635	1.5791414	22453	2.5802584	6.61767	176.97948	2.0432909	1.8960106	24323	3.0083506	7.6549716	203.38708	2.0387087	1.9443009	23692	2.6727824	7.3935547	194.06572
F3_S19_subsampled_depth_8G_contig_2756|provirus_1_21230	3.9048388	3.8447185	20483	4.0318384	0.65286416	24.984028	3.8528464	3.7414083	20888	4.184237	0.64403045	24.8182	3.8558824	3.7740881	20435	4.508286	0.65582633	25.260963	4.2279887	4.1295595	20759	5.2315707	0.71223956	28.575218	3.674905	3.598619	20726	3.7427356	0.6180279	24.694038	3.4730077	3.3445604	20018	4.297388	0.5862239	23.34627	2.058112	1.9588867	17146	2.6584663	0.29120693	2.3043127	1.710721	1.5762175	16168	2.463019	0.2403972	1.6698602	1.8833492	1.719534	16326	3.0914254	0.25894985	1.9346756	0	0	0	0	0	0	0	0	0	0	0	0	1.6319734	1.5107527	0	2.2068813	0	0
F3_S19_subsampled_depth_8G_contig_3068|provirus_30152_137958	19.59513	19.455988	107807	30.481441	3.299235	126.25629	20.10016	19.950987	107807	28.216654	3.380634	130.27528	22.002146	21.94659	107807	27.69971	3.7351942	143.87137	26.056196	25.906527	107807	34.663315	4.4376554	178.03972	25.294584	25.166492	107807	32.675003	4.281041	171.05411	25.475464	25.40651	107807	33.04366	4.3275676	172.34459	0	0	0	0	0	0	0	0	0	0	0	0	0	0	0	0	0	0	2.1037927	1.9602345	84895	3.3122559	9.906046	264.92218	0	0	0	0	0	0	2.3151212	2.211491	92157	2.8897274	8.306822	218.03711
F3_S19_subsampled_depth_8G_contig_3524|provirus_26296_80436	30.48823	30.069393	54141	309.5273	5.194551	198.78688	27.400345	26.912745	54141	244.04082	4.674547	180.13718	29.372932	28.71249	54136	333.5623	5.056022	194.74669	26.244244	25.676147	54141	229.17555	4.536874	182.02036	24.259802	23.78855	54141	209.68413	4.146927	165.69539	24.868052	24.366123	54141	214.72725	4.2890754	170.81154	5.728084	5.2660465	46843	29.50211	0.81776804	6.4709797	5.0709376	4.7002244	48194	20.561258	0.7075642	4.91492	6.1106668	5.6393924	49576	32.07123	0.8577502	6.408455	0	0	0	0	0	0	0	0	0	0	0	0	0	0	0	0	0	0
F3_S19_subsampled_depth_8G_contig_3547|provirus_71541_86886	41.35608	41.143	15346	55.349277	7.051426	269.84656	45.234337	44.902325	15346	80.302635	7.6806855	295.98093	45.847725	45.724594	15346	53.27499	7.814571	301	49.453407	49.24843	15346	100.56176	8.522341	341.91824	50.681232	50.396183	15346	82.88924	8.671843	346.4938	51.66116	51.237827	15346	103.98266	8.876169	353.4919	0	0	0	0	0	0	0	0	0	0	0	0	0	0	0	0	0	0	3.716636	3.639421	14395	5.247241	16.63896	444.98364	3.3675966	3.197105	14402	5.4926353	12.439796	330.51633	4.3431168	4.2699227	15060	5.027904	15.591871	409.25494
F3_S19_subsampled_depth_8G_contig_3582|provirus_35720_53100	48.694157	47.7054	17381	186.33372	8.362972	320.0372	47.954964	47.104584	17381	158.41562	8.260551	318.3265	51.044224	49.931396	17381	191.51782	8.862803	341.37543	53.794323	52.63273	17381	190.82578	9.414097	377.69556	58.63618	57.47463	17381	259.73138	10.123372	404.49142	55.051594	53.577408	17381	231.74173	9.567733	381.03326	0	0	0	0	0	0	0	0	0	0	0	0	0	0	0	0	0	0	8.310313	8.130118	17380	14.055702	36.065063	964.5052	6.843538	6.6038427	17326	12.119686	26.01813	691.28296	8.325866	8.069637	17325	16.304426	30.797195	808.3635
F3_S19_subsampled_depth_8G_contig_5316|provirus_28163_47752	10.639866	10.608596	19590	12.511838	1.7855219	68.32896	10.941101	10.84888	19590	12.846725	1.8264853	70.38502	10.804476	10.778521	19590	10.689947	1.831296	70.53749	10.509568	10.460219	19590	14.89604	1.7806275	71.43917	10.119136	10.046754	19590	12.802819	1.7099059	68.32133	9.65108	9.559385	19577	11.911428	1.635671	65.140274	3.2543724	3.0899634	16545	7.3242	0.4630759	3.6643066	2.9856997	2.8270462	17801	5.0034485	0.4145153	2.879328	4.3677983	4.154035	18482	10.018841	0.611896	4.57162	13.990844	13.906207	19582	23.566452	57.563396	1539.4459	14.343673	14.089163	19590	29.491486	53.779076	1428.8713	15.353549	15.063786	19590	30.484129	55.905834	1467.4136
F3_S19_subsampled_depth_8G_contig_5566|provirus_2_39110	39.685158	39.003937	39109	267.39883	6.764567	258.8687	41.199493	40.079994	39109	317.56918	7.019818	270.51392	42.88475	41.947243	39109	375.2438	7.3800597	284.26337	44.35635	43.310337	39109	355.08682	7.6883326	308.45758	46.224773	45.37248	39109	387.51785	7.9296207	316.83755	44.790833	43.94539	39109	351.82596	7.7279015	307.7624	2.2160475	2.058748	32745	3.4522955	0.31724507	2.5103505	0	0	0	0	0	0	1.974332	1.7875375	30197	3.5602014	0.27479616	2.0530663	3.50317	3.2166834	34273	9.339426	15.425741	412.53815	2.822172	2.615229	33810	5.6057806	10.648738	282.92947	3.9594958	3.7097962	36047	9.301507	14.549313	381.88977
F3_S19_subsampled_depth_8G_contig_5944|provirus_49773_61550	17.20958	16.870152	11778	26.487507	2.9655263	113.48581	18.905573	18.443817	11778	41.044155	3.2602797	125.63735	16.94995	16.417639	11778	42.197556	2.968282	114.33161	16.291882	16.006594	11778	26.682323	2.8555818	114.56661	16.516169	16.26008	11778	22.764933	2.8569145	114.15141	16.291967	15.955188	11778	26.699556	2.848056	113.423386	0	0	0	0	0	0	0	0	0	0	0	0	0	0	0	0	0	0	3.260836	2.9461112	10486	8.274867	14.608095	390.67136	2.8409872	2.6377795	10531	5.056419	11.303757	300.33276	3.7286723	3.4785974	11135	7.400443	14.088867	369.80405
F3_S19_subsampled_depth_8G_contig_6400|provirus_8952_26046	19.954145	19.83024	17095	57.10774	3.4244454	131.04784	20.07117	19.977707	17095	59.399433	3.4496443	132.9347	20.821835	20.537931	17095	62.8066	3.6204827	139.45302	22.62455	22.536882	17095	75.50703	3.8990414	156.43039	22.807318	22.676678	17095	59.98194	3.9425917	157.53105	23.715492	23.481804	17095	73.42112	4.119502	164.0584	5.2878137	5.0459642	16073	15.800363	0.77672917	6.14624	4.9409857	4.751098	15346	13.025319	0.7034549	4.8863783	5.338212	5.2058883	16368	12.001223	0.7543962	5.6362677	2.0050752	1.8922038	13128	2.8557348	8.9106865	238.30278	1.6990852	1.5595698	12996	2.383064	6.500717	172.7194	1.9805253	1.8302406	13010	3.1622744	7.6402335	200.54059
F3_S19_subsampled_depth_8G_contig_6710|provirus_52207_63756	24.544298	23.244541	11550	104.403694	4.228457	161.81616	25.684649	24.360916	11550	121.41585	4.4277644	170.62724	29.15079	27.501364	11550	166.85075	5.070458	195.30281	29.943947	28.471735	11550	138.66263	5.2366567	210.09578	30.132017	28.872026	11550	113.81229	5.2071877	208.05942	31.159298	29.336939	11550	192.75471	5.416323	215.70416	0	0	0	0	0	0	0	0	0	0	0	0	0	0	0	0	0	0	0	0	0	0	0	0	0	0	0	0	0	0	2.5027194	2.3528266	9970	4.188781	9.129988	239.64351
F3_S19_subsampled_depth_8G_contig_7445|provirus_36930_60707	37.0215	36.917946	23778	78.323616	6.245558	239.00719	36.691257	36.55323	23778	70.34482	6.165289	237.5841	40.993397	40.753693	23778	74.97029	6.9560704	267.93228	45.126503	45.00141	23778	82.35739	7.674977	307.92178	45.24932	45.133076	23778	73.337074	7.647606	305.56924	45.27281	45.014484	23778	77.873535	7.715145	307.25415	0	0	0	0	0	0	0	0	0	0	0	0	0	0	0	0	0	0	4.1048756	3.9363303	23104	6.369498	17.859194	477.61703	3.6755545	3.580598	22973	4.430473	13.604449	361.46048	5.652785	5.6038747	23609	6.311148	20.328173	533.5732
F3_S19_subsampled_depth_8G_contig_7827|provirus_1_10160	13.159341	12.895782	10073	79.80386	2.21497	84.763245	12.307592	11.890677	10100	80.41043	2.0991633	80.892845	12.183017	11.886682	9842	62.007267	2.0905995	80.52524	12.252447	11.796116	9921	85.2408	2.065511	82.86875	11.025175	10.674695	9953	57.441666	1.8786418	75.06343	12.383916	12.012097	9893	76.42898	2.1317708	84.89738	0	0	0	0	0	0	0	0	0	0	0	0	0	0	0	0	0	0	0	0	0	0	0	0	0	0	0	0	0	0	0	0	0	0	0	0
F3_S19_subsampled_depth_8G_contig_8437|provirus_47329_90805	21.01738	20.898808	43477	29.124636	3.5166125	134.57497	20.50772	20.46047	43477	23.921595	3.4390392	132.52597	19.776352	19.674599	43477	25.300074	3.3420951	128.73015	21.316545	21.237158	43477	25.616396	3.6233454	145.36945	19.176172	19.133375	43477	23.08144	3.2271874	128.94615	20.761211	20.617437	43477	26.807632	3.5158505	140.01805	0	0	0	0	0	0	0	0	0	0	0	0	0	0	0	0	0	0	0	0	0	0	0	0	2.081381	1.9550455	37174	2.7049127	7.6808295	204.0741	1.754241	1.6745224	34755	1.8677735	6.2790875	164.81331
F3_S19_subsampled_depth_8G_contig_11448|provirus_3319_18567	32.92847	29.445	15249	2309.5632	6.428629	246.01295	33.08338	29.380104	15249	2530.2249	6.463027	249.05774	39.01755	34.76146	15249	3269.2717	7.66434	295.21332	44.552288	40.14208	15249	3570.5662	8.661832	347.5147	39.595535	35.040615	15249	3478.8215	7.7952847	311.47006	43.351547	39.106026	15249	3409.4956	8.500354	338.52505	0	0	0	0	0	0	0	0	0	0	0	0	0	0	0	0	0	0	2.7460759	2.2390552	12808	31.304573	13.726426	367.09244	2.058282	1.6115077	11666	29.01634	9.704873	257.8516	2.9534407	2.4383783	13630	38.865826	12.742399	334.46213
F3_S19_subsampled_depth_8G_contig_11581|provirus_138754_189679	20.944206	19.968096	50926	212.17984	3.6945245	141.38333	18.824543	17.994398	50926	179.54799	3.3236516	128.0794	19.243088	18.306433	50926	214.44807	3.4334707	132.24973	22.099121	21.030504	50926	241.70306	3.9370422	157.95497	19.812235	18.911772	50926	186.54163	3.5037482	139.99641	21.258646	20.352955	50926	190.24138	3.7852137	150.7454	0	0	0	0	0	0	0	0	0	0	0	0	0	0	0	0	0	0	0	0	0	0	0	0	2.3739562	1.6263676	40166	50.740112	11.213387	297.9316	2.1264968	1.4984901	39749	34.980137	9.586083	251.6151
F3_S19_subsampled_depth_8G_contig_11945|provirus_17236_70027	30.159037	30.079361	52792	39.494766	5.0575824	193.54524	29.172466	29.057854	52792	35.31578	4.901314	188.8758	28.667908	28.604774	52792	36.850742	4.856511	187.06204	29.40954	29.278357	52792	38.58517	4.9971886	200.48837	28.816002	28.699163	52792	43.996048	4.862023	194.26793	29.258026	29.187956	52792	37.22475	4.9617662	197.6014	28.207172	27.173985	52792	157.54776	4.0243025	31.8442	20.189621	19.49046	52792	91.144966	2.8062959	19.493242	23.99848	23.199438	52792	109.0401	3.3295858	24.876112	0	0	0	0	0	0	0	0	0	0	0	0	0	0	0	0	0	0
F3_S19_subsampled_depth_8G_contig_12066|provirus_175_14171	25.639706	25.491135	13997	35.415535	4.3048177	164.7382	23.656965	23.509508	13997	33.42485	3.9775016	153.27606	23.782047	23.727995	13997	31.782482	4.0369945	155.49603	21.665703	21.56808	13997	26.319046	3.694489	148.22372	19.644833	19.554361	13997	21.844522	3.2926264	131.56088	20.914133	20.885502	13997	28.893887	3.5657206	142.00412	0	0	0	0	0	0	0	0	0	0	0	0	0	0	0	0	0	0	1.9999278	1.838161	11249	3.1713853	7.8685837	210.43347	2.100816	1.9813849	11204	3.0600362	7.6644077	203.63785	2.5450277	2.3939662	12030	4.0821667	9.101813	238.90396
F3_S19_subsampled_depth_8G_contig_12096|provirus_68890_79729	112.56015	111.313965	10840	454.17908	19.402569	742.5042	109.259964	107.74506	10840	439.12863	18.759602	722.91547	103.915245	102.7116	10840	349.01086	18.024174	694.25104	95.881386	94.54562	10840	314.10947	16.75541	672.2305	87.1812	86.20952	10840	231.45702	15.077523	602.4405	95.857155	95.09624	10840	307.49472	16.618277	661.8196	1.58971	1.4714197	8668	1.8842238	0.23910533	1.8920336	0	0	0	0	0	0	2.3305893	2.2000623	9308	3.116821	0.32793155	2.4500523	2.6672592	2.3656204	9078	7.9170585	12.18213	325.79272	2.482133	2.203284	8774	7.7495637	9.642803	256.20242	3.21768	2.9858658	10320	6.787581	12.4933	327.92358
F4_S20_subsampled_depth_8G_contig_735	5.959103	5.7153754	30375	12.987703	1.0428156	39.906815	6.4981527	6.27667	30385	14.0051365	1.1468189	44.193546	6.0978785	5.74516	30266	17.993494	1.0621153	40.910336	6.877276	6.510479	30081	20.454271	1.2136011	48.689922	6.6892347	6.434492	30471	16.113243	1.162099	46.433052	6.988558	6.6469436	30446	18.959854	1.2104931	48.207645	0	0	0	0	0	0	0	0	0	0	0	0	0	0	0	0	0	0	2.020367	1.8822782	23565	3.1582422	9.108914	243.60406	2.216287	2.0693762	25333	3.4764955	9.038173	240.13791	2.5991368	2.4901748	27230	3.5831902	10.047824	263.73486
F4_S20_subsampled_depth_8G_contig_780	20.945557	18.238796	3674	308.80713	3.662435	140.1554	40.72863	37.488247	3693	675.43085	7.1621733	275.99982	49.423412	47.427452	3673	843.6692	8.670795	333.97986	4.8595204	4.4804134	3583	14.273713	0.85571396	34.331425	7.918195	7.6891255	3574	21.340933	1.354695	54.12848	8.738223	8.43842	3639	23.381794	1.5360137	61.171455	62314.836	62832.355	3695	435406980	8588.233	67958.47	61315.62	61852.53	3695	425725120	8213.372	57052.176	45329.31	45736.465	3695	234911790	6071.475	45361.414	0	0	0	0	0	0	0	0	0	0	0	0	0	0	0	0	0	0
F4_S20_subsampled_depth_8G_contig_944	8.584128	8.05782	6280	25.731163	1.5032051	57.525196	20.34524	19.798527	6333	71.76182	3.6079345	139.03445	23.013414	22.414257	6337	119.70514	4.10558	158.1378	0	0	0	0	0	0	2.009536	1.854552	4916	3.3654118	0.35904557	14.346094	2.442541	2.3307595	5405	3.215054	0.4417877	17.594109	65360.71	65542.055	6337	115605840	9156.448	72454.75	95446.83	95760.43	6337	238683340	13001.516	90311.84	85714.43	86021.266	6337	197738110	11673.836	87217.97	0	0	0	0	0	0	0	0	0	0	0	0	0	0	0	0	0	0
F4_S20_subsampled_depth_8G_contig_1127	14.162273	13.98749	37895	22.647865	2.4066713	92.09936	13.987548	13.748521	37895	24.227903	2.3688314	91.28473	13.114214	12.816726	37895	25.584	2.2427068	86.384125	11.988317	11.810574	37895	17.699389	2.0637317	82.79734	12.467134	12.24724	37895	20.938255	2.1308053	85.13884	12.43007	12.255718	37892	19.826462	2.1297028	84.815	0	0	0	0	0	0	0	0	0	0	0	0	0	0	0	0	0	0	18.8785	9.3089695	35045	2436.9304	83.54704	2234.339	19.781614	9.459657	35576	2852.995	84.24607	2238.3582	20.522823	10.101881	36132	2844.9084	84.01852	2205.3145
F4_S20_subsampled_depth_8G_contig_2862	4.4450006	4.2763305	10854	6.309647	0.74627364	28.558655	3.8232787	3.685782	10545	5.247637	0.6351973	24.477812	3.2247243	3.1268404	10561	3.651533	0.5480413	21.109344	4.019553	3.9529498	10493	5.103881	0.6851911	27.490007	3.543601	3.3907135	9866	6.2236547	0.60538965	24.18906	3.3217497	3.2375166	10282	4.0981364	0.5652674	22.511662	0	0	0	0	0	0	0	0	0	0	0	0	0	0	0	0	0	0	0	0	0	0	0	0	0	0	0	0	0	0	0	0	0	0	0	0
F4_S20_subsampled_depth_8G_contig_3646	3.285185	3.1864011	10882	4.671083	0.54884005	21.003197	4.330135	4.279368	11444	5.6948566	0.72212106	27.827475	3.5753367	3.5337636	11370	4.424327	0.6019183	23.184566	4.022896	3.9798915	11637	4.2602715	0.69311213	27.807817	4.294697	4.216517	11652	5.076123	0.7229089	28.884686	4.8064814	4.706042	11675	6.687271	0.81240064	32.35373	0	0	0	0	0	0	0	0	0	0	0	0	0	0	0	0	0	0	0	0	0	0	0	0	1.8001684	1.6749907	0	2.6126442	0	0	2.0095117	1.8631687	9165	3.181238	7.2083406	189.20427
F4_S20_subsampled_depth_8G_contig_3669	121.09162	118.71804	32249	778.8378	20.240776	774.5813	119.980965	117.50285	32249	783.8006	20.044722	772.4387	117.78304	115.0325	32249	877.78876	19.85769	764.874	103.785194	100.933266	32249	809.7701	17.561178	704.5584	102.6302	100.10654	32249	760.5528	17.223616	688.19006	105.184525	102.5825	32249	677.0156	17.764158	707.4543	5.2053337	4.897096	29918	16.96553	0.7345432	5.812421	4.9137044	4.621889	29785	15.233628	0.6740342	4.6820154	7.232219	6.849849	30663	30.515203	0.9920618	7.4119287	0	0	0	0	0	0	0	0	0	0	0	0	0	0	0	0	0	0
F4_S20_subsampled_depth_8G_contig_3710	4061.9214	4176.4424	13654	1095048.3	674.05035	25794.797	3676.921	3774.5876	13767	924171.44	609.671	23494.14	4169.068	4286.115	13764	1069982.5	697.49615	26866.006	4040.5435	4152.721	13655	1011967.1	678.7593	27231.967	4229.251	4349.2236	13764	1034194.25	704.8378	28162.637	4341.8193	4466.691	13666	1131198.8	727.8979	28988.402	3902.627	3764.1326	13663	9255327	549.6704	4349.5283	3340.8745	3219.4639	13661	6818452.5	457.57178	3178.4097	3907.3823	3780.0833	13665	8752123	535.0713	3997.643	6.772711	5.881211	13653	328.60675	46.84601	1252.8253	7.31211	6.351799	13421	353.49057	46.914574	1246.4865	8.014688	7.1586847	13393	344.4325	47.980167	1259.3816
F4_S20_subsampled_depth_8G_contig_3987	3.0872817	2.8234072	1476	7.7041674	0.48849425	18.693872	11.079177	10.981302	1639	28.831528	1.8662521	71.917465	7.8622193	7.804709	1677	18.419556	1.3181659	50.772827	1.574813	1.530471	0	1.1653291	0	0	0	0	0	0	0	0	1.3036159	1.2839335	0	0.7106294	0	0	15068.257	15202.285	1754	57056016	1980.433	15671.111	15713.114	15845.923	1754	62783468	2006.6635	13938.794	11120.189	11215.864	1754	31282106	1418.9866	10601.583	0	0	0	0	0	0	0	0	0	0	0	0	0	0	0	0	0	0
F4_S20_subsampled_depth_8G_contig_4292	4.565137	4.506349	11868	4.3212585	0.7613714	29.136423	5.364431	5.2696548	11918	6.6026597	0.89660025	34.551163	4.430913	4.2807655	11653	7.3759537	0.75285536	28.998318	4.4591527	4.336228	11693	6.6913204	0.76403564	30.653282	3.811313	3.6664798	11524	5.4519114	0.6378953	25.487877	3.547907	3.4145658	11196	5.4023023	0.6041652	24.060772	2.0063877	1.8865546	9755	2.781837	0.28566614	2.2604675	1.7810557	1.6666666	9366	2.295423	0.24524687	1.7035474	2.0173979	1.9271709	9858	2.5765655	0.27618173	2.0634186	0	0	0	0	0	0	0	0	0	0	0	0	0	0	0	0	0	0
F4_S20_subsampled_depth_8G_contig_4369	4.9658437	4.8164616	10527	8.89995	0.8369622	32.029167	4.6784935	4.497319	10486	7.675957	0.78929895	30.416246	4.1026587	3.9361925	10126	8.259236	0.69449896	26.750551	4.443183	4.2650056	10521	8.137597	0.75647444	30.349922	4.888542	4.7485547	10338	10.281672	0.8254761	32.98288	4.8571296	4.695995	10001	11.899722	0.8310333	33.095745	3.985429	3.939346	10053	5.288394	0.568835	4.5011773	3.3828177	3.3227162	10102	4.4675555	0.46649128	3.240367	3.9165485	3.8759592	10304	4.3651013	0.53601205	4.004671	0	0	0	0	0	0	0	0	0	0	0	0	0	0	0	0	0	0
F4_S20_subsampled_depth_8G_contig_5071	17.088968	13.131701	13198	671.58167	3.236734	123.86446	18.134863	14.247565	13267	696.471	3.361262	129.52875	19.473127	14.7451515	13185	849.396	3.6865172	141.99641	22.184723	17.275854	13220	1012.8515	4.151475	166.55804	20.325684	15.381892	13267	956.7478	3.872057	154.71265	19.819624	14.772169	13267	879.5109	3.7753484	150.35258	6.2527256	5.7675953	12684	29.912567	0.92077565	7.2860723	5.775482	5.3428473	11934	27.078667	0.828555	5.7553535	7.3317833	6.6513085	12670	53.444805	1.0406094	7.774638	0	0	0	0	0	0	0	0	0	0	0	0	0	0	0	0	0	0
F4_S20_subsampled_depth_8G_contig_5364	49.853027	48.522774	17890	581.58405	8.323931	318.54303	47.908066	46.98072	17943	517.8956	7.994623	308.07895	46.00152	44.512917	17890	555.01715	7.749817	298.50583	46.315174	44.88051	17902	599.37756	7.8317227	314.21036	48.522408	47.17097	17899	562.8528	8.133614	324.9884	46.890095	45.664482	17902	581.78357	7.9119744	315.09293	4.6956644	4.3529887	17286	11.747701	0.661395	5.2336016	3.434011	3.2575815	16372	6.3331623	0.46949717	3.261247	4.867629	4.61238	17469	11.025049	0.66872954	4.996238	0	0	0	0	0	0	0	0	0	0	0	0	0	0	0	0	0	0
F4_S20_subsampled_depth_8G_contig_6293	4.895065	4.7755437	26529	7.9449387	0.82305247	31.496868	4.2478714	4.0749416	26018	8.733139	0.7070091	27.24514	4.506137	4.41652	25699	7.3383617	0.76088685	29.307674	4.1905937	4.0161757	25997	8.40079	0.71222305	28.574562	4.7485533	4.5721774	25424	11.122618	0.79694605	31.842926	4.5755777	4.4338017	26166	8.413853	0.7733906	30.80015	0	0	0	0	0	0	0	0	0	0	0	0	0	0	0	0	0	0	0	0	0	0	0	0	0	0	0	0	0	0	0	0	0	0	0	0
F4_S20_subsampled_depth_8G_contig_6357	10.868311	9.462025	18071	122.99537	2.1280532	81.43707	10.868479	9.606237	18071	99.85932	2.0956664	80.7581	9.523464	8.192387	18071	99.845665	1.8994656	73.16323	8.481391	7.3139687	18006	87.38382	1.7313454	69.46199	9.149601	7.999132	18071	73.92399	1.7976772	71.82836	9.391329	8.116064	18062	96.411415	1.859073	74.03723	0	0	0	0	0	0	0	0	0	0	0	0	0	0	0	0	0	0	4.042743	3.4560108	16014	22.151743	20.89164	558.715	3.7054293	3.2101805	17021	16.077005	16.196026	430.31674	4.8311477	4.2166905	17517	22.481644	20.882998	548.13605
F4_S20_subsampled_depth_8G_contig_7057	7.668222	7.4261274	6549	14.88135	1.4632334	55.99555	15.995489	15.689476	6579	45.68433	2.9585314	114.00922	13.411417	12.849145	6549	54.42172	2.5179434	96.985634	0	0	0	0	0	0	0	0	0	0	0	0	0	0	0	0	0	0	39358.293	39637.61	6485	20711496	5478.403	43350.445	46782.4	47133.86	6486	29615746	6330.7114	43974.723	22627.914	22798.398	6546	6987557	3061.181	22870.795	0	0	0	0	0	0	0	0	0	0	0	0	0	0	0	0	0	0
F4_S20_subsampled_depth_8G_contig_7239	4.599085	4.2854147	20420	12.584564	0.7649051	29.27167	4.4952593	4.157958	20797	11.120732	0.7465909	28.770456	4.5457335	4.178817	19834	14.551156	0.7616592	29.337427	4.1300063	3.814213	20076	11.185474	0.69513124	27.88882	4.1866126	3.9716997	20041	8.748174	0.69984305	27.963072	3.7563565	3.39369	19481	11.67311	0.6342183	25.257639	2.0233974	1.9314501	17244	2.576488	0.28361294	2.2442222	0	0	0	0	0	0	2.0057077	1.8703946	16766	2.9075532	0.27589977	2.061312	0	0	0	0	0	0	0	0	0	0	0	0	0	0	0	0	0	0
F4_S20_subsampled_depth_8G_contig_7997	20.970982	19.854176	23205	218.60484	3.5468655	135.73267	19.570288	18.527637	23205	190.13672	3.3085096	127.4959	20.135632	19.331068	23205	173.7855	3.4423833	132.59297	27.885057	26.830948	23205	428.17807	4.7701235	191.37834	27.945955	26.505085	23205	467.39923	4.740217	189.40105	27.51915	26.29642	23205	405.38956	4.703031	187.29732	16.301756	16.067467	22828	67.97015	2.3080754	18.263739	13.8428545	13.757892	22663	47.87783	1.9019631	13.211529	14.458035	14.431353	22670	50.588142	1.9852376	14.832179	0	0	0	0	0	0	0	0	0	0	0	0	0	0	0	0	0	0
F4_S20_subsampled_depth_8G_contig_8362	80.90525	71.84366	10050	6121.86	15.0426	575.6556	80.66535	71.48429	10050	6139.9487	15.065434	580.558	90.53354	81.987206	10050	6937.3438	16.839596	648.6238	97.12677	86.735245	10050	8698.96	18.310999	734.64124	94.819595	84.56768	10050	7940.3647	17.782084	710.50433	97.91192	87.81717	10050	8307.991	18.400686	732.8041	0	0	0	0	0	0	0	0	0	0	0	0	2.8440404	2.4116724	7833	11.132559	0.45036232	3.3647604	6.2165656	5.0815935	9230	61.87349	30.641195	819.4522	4.942121	4.2742987	8040	29.688637	20.473143	543.95685	7.537677	6.20101	9219	90.14334	29.880148	784.2928
F4_S20_subsampled_depth_8G_contig_8766	8.738525	8.650347	12140	10.109151	1.4657996	56.093735	7.909538	7.747617	12155	11.737067	1.3175246	50.77181	9.175843	9.127255	12130	10.623105	1.5509837	59.74046	10.406331	10.335863	12114	14.206421	1.7600638	70.61415	7.9977508	7.805923	12076	12.629202	1.3435948	53.68492	8.938609	8.853586	12115	11.050962	1.5033987	59.872612	4.620908	4.527996	11697	7.01714	0.6589388	5.214167	2.9634318	2.8600647	11206	3.6122086	0.4181793	2.9047794	3.6450646	3.6080518	11368	4.306783	0.4981919	3.722107	0	0	0	0	0	0	0	0	0	0	0	0	0	0	0	0	0	0
F4_S20_subsampled_depth_8G_contig_9003	6.1561027	5.9953175	36191	10.550889	1.0286788	39.365826	7.0363884	6.9290237	36056	11.702079	1.1756629	45.305077	6.533234	6.435528	36119	11.395285	1.0977553	42.2831	6.4617248	6.310899	36084	11.043758	1.0947185	43.92036	6.146627	6.017629	36127	9.481144	1.02918	41.12211	6.3417897	6.2264867	36101	10.739109	1.0696214	42.5975	2.6581826	2.3925564	30576	6.2402453	0.37591112	2.9745748	2.5188277	2.1486242	28200	8.201335	0.34803066	2.4175098	2.4904828	2.2027056	28860	6.5954065	0.34471035	2.5754118	0	0	0	0	0	0	0	0	0	0	0	0	0	0	0	0	0	0
F4_S20_subsampled_depth_8G_contig_9024	14.985451	14.8251705	25443	18.247776	2.5296633	96.80599	14.205393	14.079508	25443	20.573303	2.3920202	92.17835	15.004112	14.892071	25443	19.02916	2.5683897	98.92869	16.449057	16.247662	25443	24.2218	2.8151712	112.945305	14.738149	14.572941	25440	21.489899	2.4969792	99.769844	15.058198	14.908983	25443	18.622192	2.5668058	102.22255	0	0	0	0	0	0	0	0	0	0	0	0	0	0	0	0	0	0	0	0	0	0	0	0	1.6969517	1.5682408	20302	3.4722495	6.7679167	179.81863	0	0	0	0	0	0
F4_S20_subsampled_depth_8G_contig_10288	9.718316	9.296555	19424	37.84276	1.7103803	65.45344	10.128085	9.712203	19434	35.45328	1.7647023	68.00417	10.15977	9.687946	19434	35.670216	1.791087	68.9887	11.441817	11.000231	19408	59.167545	2.0455275	82.067024	11.5737915	10.973612	19434	46.975056	2.030633	81.13637	11.22345	10.734501	19434	48.03465	1.985371	79.067055	0	0	0	0	0	0	0	0	0	0	0	0	0	0	0	0	0	0	0	0	0	0	0	0	0	0	0	0	0	0	1.7046256	1.4980986	15260	5.687784	6.8584046	180.01904
F4_S20_subsampled_depth_8G_contig_564|provirus_270_24229	14.21911	12.586468	23960	149.23247	2.6935987	103.07962	13.278539	12.022072	23960	106.409706	2.50119	96.38528	14.997018	13.469902	23960	145.63689	2.8387024	109.34045	12.075934	10.689688	23960	111.60892	2.2923465	91.96946	12.061655	10.560943	23919	125.184906	2.3096688	92.285576	11.418648	10.109659	23960	98.90616	2.2158082	88.244125	0	0	0	0	0	0	0	0	0	0	0	0	0	0	0	0	0	0	0	0	0	0	0	0	0	0	0	0	0	0	0	0	0	0	0	0
F4_S20_subsampled_depth_8G_contig_5156|provirus_65337_79246	15.099055	15.202358	13908	24.237371	2.5254908	96.64641	16.410683	16.297884	13908	24.37301	2.7551425	106.17154	17.140043	17.202843	13884	24.496202	2.8877728	111.23064	18.737719	18.821302	13910	30.2502	3.1804879	127.60186	17.993895	18.01946	13898	29.473907	3.0351496	121.273094	20.05952	20.195736	13841	36.846172	3.3849268	134.80411	0	0	0	0	0	0	0	0	0	0	0	0	0	0	0	0	0	0	0	0	0	0	0	0	1.6747093	1.5973837	10868	1.8226615	6.0907755	161.82759	1.8489099	1.7531493	11055	2.3242157	6.541958	171.71312
F4_S20_subsampled_depth_8G_contig_6658|provirus_15056_35703	18.475704	16.216747	20648	411.86807	3.2904253	125.91912	18.50483	16.579567	20648	380.63004	3.2865279	126.64883	20.296272	17.814363	20648	541.6356	3.6644177	141.1453	22.28749	19.723686	20648	584.6449	4.012297	160.97423	21.932726	19.214417	20648	620.5384	3.9265554	156.89026	21.638794	19.191057	20648	517.4644	3.9012196	155.36528	0	0	0	0	0	0	0	0	0	0	0	0	0	0	0	0	0	0	0	0	0	0	0	0	0	0	0	0	0	0	2.5563958	2.0957723	16183	14.077637	10.006801	262.65805
F5_S21_subsampled_depth_8G_contig_276	69.629105	63.746334	22663	1825.4016	12.05041	461.1494	71.482254	65.45496	22663	1766.4065	12.341701	475.5969	74.53889	68.268715	22663	2165.2078	13.006898	500.99683	79.21175	73.099686	22663	1917.6926	13.8571415	555.95166	77.99254	72.18181	22663	1850.4622	13.552327	541.4993	79.91192	73.928734	22663	1911.0883	13.913087	554.0861	5.979923	5.3611016	21120	39.02776	0.8474415	6.705782	4.3546395	4.0669694	20667	12.681795	0.6017401	4.1798396	5.9257317	5.3869615	21755	27.939135	0.8134511	6.077485	5.9560256	5.667818	22227	14.688274	25.967033	694.449	4.982455	4.835957	22443	8.22255	18.473373	490.82428	6.4074535	6.193308	22641	10.611734	23.123375	606.9414
F5_S21_subsampled_depth_8G_contig_841	4.179855	4.092959	25250	5.2718787	0.6952276	26.605227	3.998847	3.8990135	25699	4.174325	0.6657977	25.657028	4.3017945	4.173022	25440	5.8948116	0.7232597	27.858358	4.4409513	4.325633	25508	5.645063	0.7531484	30.216467	4.0289383	3.940689	25430	4.5739117	0.67618954	27.017963	4.319165	4.2487297	25388	4.957583	0.72742116	28.969406	2.3362284	2.2296853	21890	3.208353	0.33201805	2.6272495	2.240306	2.1068363	22057	3.1316051	0.30791205	2.138835	2.0224433	1.9304411	21717	2.2124097	0.2779754	2.0768197	0	0	0	0	0	0	0	0	0	0	0	0	0	0	0	0	0	0
F5_S21_subsampled_depth_8G_contig_1058	11.363046	11.322986	39152	13.833939	1.9059728	72.938484	10.968532	10.916215	39115	14.339243	1.8390175	70.86795	11.407704	11.319066	39269	16.024504	1.9306666	74.365005	10.822388	10.765117	39255	13.252262	1.8428243	73.934494	9.930928	9.878895	39114	13.3974	1.6796353	67.11185	10.908792	10.879462	39151	14.655824	1.8555651	73.89756	4.8916893	4.779147	38221	7.7757072	0.6968266	5.5139694	4.857614	4.750376	38686	6.1271777	0.6771909	4.7039413	5.352744	5.188986	38982	8.69235	0.74366325	5.556082	0	0	0	0	0	0	0	0	0	0	0	0	0	0	0	0	0	0
F5_S21_subsampled_depth_8G_contig_1253	2.9549842	2.896364	12496	2.9910364	0.49416536	18.910892	2.8456492	2.7753854	12394	3.2968137	0.4768664	18.37641	3.3060625	3.1988103	12927	3.6506062	0.55315596	21.306337	2.4239933	2.288539	11114	3.7513673	0.41065922	16.475727	2.7254562	2.623073	12241	3.406484	0.45992503	18.376848	2.828608	2.7464812	12094	3.4616864	0.47630468	18.968746	2.8260443	2.735506	12094	3.4930758	0.40234524	3.1837473	2.4388478	2.3202915	11881	3.1359556	0.3389312	2.3543012	2.756447	2.6790383	11958	3.337405	0.37291157	2.7861078	0	0	0	0	0	0	1.5472779	1.4264411	10212	1.9505209	5.7426653	152.5785	0	0	0	0	0	0
F5_S21_subsampled_depth_8G_contig_1473	644.7848	602.0749	67542	159091.94	107.89219	4128.857	633.48834	594.47955	67547	146242.02	105.911095	4081.3652	645.4715	602.2417	67562	166401.05	108.880684	4193.841	694.41534	622.4358	67546	279013.3	117.61905	4718.9014	664.31824	595.42096	67549	254746.16	111.61687	4459.786	690.91547	622.0311	67551	264675.2	116.80814	4651.8623	276.71268	278.6388	65508	18657.623	39.266415	310.7141	233.39702	234.26865	65434	13219.858	32.20664	223.71556	268.01773	269.9092	65455	16498.78	36.985317	276.32587	14.507625	14.592431	66112	34.711456	57.923237	1549.0687	11.411603	11.40836	65880	25.161798	41.90311	1113.3352	14.636875	14.7888975	66112	32.6134	52.53666	1378.9802
F5_S21_subsampled_depth_8G_contig_2803	2.597837	2.4982436	10875	3.20126	0.4410615	16.878698	2.2982528	2.2117767	10582	2.732321	0.38483885	14.830058	3.3291183	3.2062304	11697	4.1565866	0.5595031	21.55081	3.0437603	2.8960066	10637	4.9344354	0.51123506	20.510868	2.7849417	2.7279534	11508	2.7390864	0.47154814	18.841263	3.0118968	2.8716028	11221	5.2250023	0.50818324	20.238298	3.6301165	3.502773	11706	4.6149845	0.5114883	4.0473933	2.040516	1.937419	9510	2.8785477	0.28183827	1.9577197	2.4433444	2.333056	10151	3.057194	0.33794537	2.5248692	0	0	0	0	0	0	0	0	0	0	0	0	0	0	0	0	0	0
F5_S21_subsampled_depth_8G_contig_3320	2.9555316	2.8699968	9285	3.6470509	0.48757964	18.658873	2.935506	2.830407	9589	3.6436899	0.484747	18.680096	3.234122	3.1868253	9862	3.6542919	0.54811114	21.112022	1.9825268	1.9233286	8592	2.0525124	0.3379461	13.558473	2.4369295	2.355655	9052	2.8411767	0.40353405	16.123688	2.604005	2.438434	9082	4.232923	0.43579617	17.355497	1.459409	1.36787	7800	1.4922408	0.20552477	1.6263131	0	0	0	0	0	0	0	0	0	0	0	0	5.0755863	4.9142766	9557	13.236384	20.196026	540.112	3.8582506	3.7584252	9307	6.9339595	14.689045	390.2774	4.6381664	4.5117245	9827	9.020644	17.243908	452.61743
F5_S21_subsampled_depth_8G_contig_3408	5.3151536	5.277673	10632	4.5733137	0.8933208	34.185905	5.114833	5.069392	10690	5.1785645	0.8668233	33.4037	5.9290433	5.792348	10748	6.192379	0.99047756	38.150993	3.9680128	3.8777778	10523	4.0941925	0.6903776	27.69811	4.394414	4.369497	10501	4.6216235	0.74562824	29.792463	4.1226645	4.0298743	10579	5.1230097	0.7151283	28.47986	0	0	0	0	0	0	0	0	0	0	0	0	0	0	0	0	0	0	0	0	0	0	0	0	0	0	0	0	0	0	0	0	0	0	0	0
F5_S21_subsampled_depth_8G_contig_3523	4.355131	4.096606	13727	9.095844	0.73042554	27.952166	4.7656107	4.5669136	14020	8.824167	0.79458827	30.620064	5.494697	5.2915335	14213	12.260947	0.9236123	35.575493	4.6071506	4.42263	13787	8.261013	0.7762922	31.145031	4.4002247	4.2661724	13823	7.390105	0.73802286	29.48859	4.4911847	4.300195	13398	10.091888	0.7624506	30.364454	0	0	0	0	0	0	0	0	0	0	0	0	0	0	0	0	0	0	0	0	0	0	0	0	0	0	0	0	0	0	0	0	0	0	0	0
F5_S21_subsampled_depth_8G_contig_3689	31.142075	30.855312	34653	45.99687	5.2294807	200.1237	30.35594	30.035488	34653	52.50884	5.1089635	196.87776	32.101498	31.776962	34653	59.602283	5.4417477	209.60406	31.464365	31.333172	34653	48.64854	5.357616	214.94868	30.415703	30.04283	34653	58.662224	5.130864	205.00983	30.561169	30.26284	34653	54.554173	5.1947837	206.88136	17.660494	17.5109	34061	74.02235	2.503823	19.812681	14.652783	14.500854	34314	51.16615	2.017175	14.011816	16.18036	16.151258	34082	47.85888	2.234143	16.691795	47.486942	47.324863	34651	90.666046	184.98793	4947.222	47.40208	47.296043	34559	52.35685	174.03154	4623.893	44.24479	43.984318	34556	71.91583	158.08495	4149.407
F5_S21_subsampled_depth_8G_contig_4018	4.9543123	4.9300013	21036	5.8038106	0.83036405	31.776672	4.974799	4.927253	21187	5.62927	0.833189	32.107582	4.958372	4.8912683	21412	4.695332	0.8395308	32.336853	4.610603	4.519133	20893	6.287902	0.7822907	31.385683	4.7237725	4.6318574	20948	5.852431	0.79317355	31.692205	4.564215	4.4880743	21071	5.2283874	0.7725646	30.767242	3.026274	2.8827128	19293	5.197378	0.4243506	3.3578749	2.6594644	2.5124443	18686	4.4102354	0.3667499	2.5475397	2.5580082	2.441823	18251	4.163201	0.35725778	2.669157	0	0	0	0	0	0	0	0	0	0	0	0	3.229046	1.6559162	17799	961.79407	23.169765	608.15906
F5_S21_subsampled_depth_8G_contig_4148	37.785225	34.005444	22179	1397.0674	6.540082	250.27824	35.902843	32.485	22170	1115.8402	6.2169876	239.57634	33.51654	29.994505	22187	1123.3906	5.8848896	226.67278	39.975	35.430904	22186	1660.4213	6.9749312	279.83575	38.19939	32.732243	22183	1828.4983	6.5962286	263.56012	39.93239	34.20373	22080	2199.7754	6.9331493	276.11145	0	0	0	0	0	0	0	0	0	0	0	0	0	0	0	0	0	0	3.9023914	3.7895136	21319	5.1772113	15.064916	402.88834	4.958615	4.881976	21881	5.631614	18.324192	486.86047	5.2670054	5.1336527	22087	6.62502	18.890745	495.8436
F5_S21_subsampled_depth_8G_contig_4216	8.334574	8.009	13853	19.981829	1.4115512	54.017765	7.6822095	7.5462136	13800	12.337376	1.288628	49.65825	7.5142293	7.285552	13655	18.672932	1.2819182	49.376656	7.4395795	7.107751	13762	18.14245	1.2718159	51.02553	8.165426	7.849765	13767	17.423046	1.3813745	55.19449	7.403532	7.205286	13819	11.020101	1.2547296	49.969368	2.709136	2.5636451	11272	4.9799767	0.38337478	3.0336335	2.0507152	1.9610832	10956	2.6756003	0.28188312	1.9580315	3.5172212	3.442922	12331	4.841709	0.4833412	3.6111557	0	0	0	0	0	0	0	0	0	0	0	0	0	0	0	0	0	0
F5_S21_subsampled_depth_8G_contig_5057	9400.33	9407.319	40442	1842297.1	1570.1318	60086.348	9442.651	9456.881	40441	1818686.8	1576.1736	60739.05	8983.457	8997.998	40610	1591822.3	1512.8978	58273.465	8080.5254	8093.044	40420	1251778.3	1365.9552	54802.43	8049.066	8067.5835	40425	1229852.5	1349.4312	53918.137	8279.156	8288.391	40399	1391276.5	1396.7804	55626.543	263.97086	258.64246	40371	13631.059	37.337173	295.4479	236.58122	232.80667	40371	10462.585	32.538445	226.02023	344.61877	340.3879	40372	20071.781	47.40097	354.14383	23.691225	23.596418	40370	47.147335	92.65514	2477.9214	28.767004	28.681387	40300	58.281864	105.409904	2800.6655	29.555931	29.494673	40335	62.35676	105.33048	2764.71
F5_S21_subsampled_depth_8G_contig_5265	4325.242	4419.5093	17904	1016541.44	718.9279	27512.186	4439.485	4534.9814	18061	1064036.4	737.29584	28412.26	3640.0093	3718.7253	18067	622950.5	610.0843	23499.086	5892.3174	6039.5845	18045	2236674	991.1869	39766.633	5371.0537	5489.739	18055	1754178.1	896.24316	35810.47	5571.8115	5699.305	17944	1746262.3	935.4207	37252.96	213.64342	213.35419	18058	7508.301	30.140827	238.50354	184.06084	183.77293	18055	6165.6836	25.20509	175.081	238.36424	237.62491	18061	9443.004	32.65337	243.96094	6.589552	6.493768	17562	10.172336	25.415195	679.691	6.9655075	6.817449	17595	13.349559	25.36518	673.93445	8.644918	8.654244	17672	10.600971	30.694433	805.6664
F5_S21_subsampled_depth_8G_contig_6377	23.783752	23.171946	28562	120.39469	4.160977	159.23376	24.409018	23.917526	28562	105.29244	4.2439866	163.54523	26.254822	25.632763	28562	158.91644	4.6389956	178.68388	26.665668	25.92574	28562	162.43346	4.7280354	189.68993	27.110199	26.451118	28562	136.73366	4.746013	189.63257	27.418169	26.700766	28562	172.98372	4.839448	192.73021	7.1518373	6.6889176	28349	24.786839	1.0272207	8.128371	6.9798675	6.752581	27796	19.697388	0.9686667	6.728606	6.456638	6.157047	27854	19.060913	0.90087545	6.730654	0	0	0	0	0	0	1.620055	1.4760284	21787	2.5049274	6.163684	163.76466	1.9930663	1.8025184	24172	5.0049496	7.552702	198.24316
F5_S21_subsampled_depth_8G_contig_6619	6.5319896	6.304507	38615	16.067244	1.089996	41.712364	6.7014794	6.427976	38545	19.275614	1.1172646	43.05464	6.962806	6.6936793	39005	18.035301	1.1731902	45.1887	6.1042857	5.8759923	38920	13.945808	1.034212	41.4928	6.2106376	6.0200963	38282	15.6869755	1.0401425	41.560123	6.09375	5.89144	38079	15.9978695	1.0290349	40.98113	3.529847	3.313804	35874	7.4718003	0.49886835	3.9475317	2.8781633	2.6932256	33747	5.948573	0.39329597	2.731933	3.2045407	3.0198696	33922	6.8237457	0.4406576	3.2922559	0	0	0	0	0	0	0	0	0	0	0	0	0	0	0	0	0	0
F5_S21_subsampled_depth_8G_contig_7673	7.0059896	6.8225026	12979	11.724348	1.187755	45.45343	7.451229	7.3031454	13006	11.017303	1.2603576	48.568836	7.1256223	6.983149	13006	9.593009	1.2053126	46.42597	8.096297	7.9974074	13006	10.409709	1.3763051	55.217655	7.571251	7.474421	12985	9.530514	1.286782	51.41494	8.107965	7.9517803	12970	14.296392	1.3854606	55.1757	2.9507623	2.852143	11689	4.0741997	0.42307243	3.3477612	2.290059	2.168424	11398	2.9507093	0.31614894	2.1960514	1.9919103	1.9171275	10709	2.2602224	0.27808547	2.0776415	4.15168	4.0116663	12489	7.194105	16.177929	432.65427	2.9303827	2.8554268	11802	3.6639981	10.786373	286.58606	4.7387214	4.6436224	12834	5.8734636	17.12125	449.39804
F5_S21_subsampled_depth_8G_contig_8250	5.333681	5.1917024	55036	9.836182	0.894037	34.213337	5.393579	5.213173	55773	9.576396	0.9004132	34.698105	5.8640275	5.7186832	56191	8.993622	0.98873067	38.083706	6.1885157	5.9286737	56147	14.024235	1.0502957	42.1381	5.8346624	5.6992164	56103	9.077044	0.9806879	39.184544	5.941711	5.795922	56163	9.474433	1.0047919	40.015656	5.5870976	5.191781	55814	16.095217	0.7960403	6.2990427	4.571451	4.3372226	54557	9.363424	0.6332126	4.3984556	4.648498	4.4008093	54051	10.630167	0.64101356	4.789162	0	0	0	0	0	0	0	0	0	0	0	0	0	0	0	0	0	0
F5_S21_subsampled_depth_8G_contig_8532	5.376093	5.1276436	15961	11.764795	0.9009597	34.478252	5.2883005	5.207481	15830	7.775385	0.88011837	33.91605	5.515283	5.4491286	16009	8.485644	0.9255189	35.64892	4.93986	4.7580767	16099	7.5309806	0.8458384	33.935204	4.900366	4.789695	15839	7.246086	0.83083886	33.197155	4.7220535	4.5383344	16033	7.386345	0.7957831	31.691904	2.5545292	2.4230213	12788	4.6043086	0.36411214	2.8812096	2.3177507	2.152993	13097	4.2269673	0.31985652	2.2218044	2.6569533	2.5364056	14446	3.870097	0.37452286	2.7981489	0	0	0	0	0	0	0	0	0	0	0	0	0	0	0	0	0	0
F5_S21_subsampled_depth_8G_contig_8633	171.5394	172.51558	13350	2058.5208	28.56252	1093.0406	165.85538	167.08325	13350	1855.543	27.60186	1063.6587	163.24484	164.20143	13350	1210.0396	27.420837	1056.1898	219.16447	221.91658	13350	3851.8215	36.915146	1481.0435	216.65811	217.40681	13350	3439.2957	36.209293	1446.7854	213.9547	215.24141	13350	3384.5474	35.928787	1430.8574	197.31818	198.98897	13347	7008.48	27.820732	220.14468	157.52644	159.26776	13346	4325.3784	21.61899	150.17102	230.36266	233.14882	13346	8901.645	31.544355	235.6752	0	0	0	0	0	0	1.7140151	1.5890572	10189	2.3454356	6.5111065	172.99553	0	0	0	0	0	0
F5_S21_subsampled_depth_8G_contig_10112	2.8196306	2.6910262	12587	4.1637845	0.46771365	17.898634	3.3691416	3.2260764	13254	4.878792	0.5593561	21.555208	3.6256428	3.5373843	13460	4.1551237	0.6080999	23.42265	3.3098876	3.190181	13482	3.756324	0.55730295	22.359108	3.4725823	3.3793159	13090	4.5526557	0.5778985	23.090631	3.2664251	3.181006	13138	3.8458474	0.5453132	21.717	2.9917421	2.8745272	12627	4.3375154	0.4201825	3.324894	2.599348	2.4652717	11806	3.9605181	0.3538755	2.458108	2.7892792	2.6173842	12164	5.2532606	0.38505924	2.8768687	0	0	0	0	0	0	0	0	0	0	0	0	0	0	0	0	0	0
F5_S21_subsampled_depth_8G_contig_10676	4.841131	4.6786237	13442	8.261035	0.82657534	31.631691	4.2782393	4.0786233	13247	8.909823	0.73151374	28.189457	4.700627	4.5271254	13195	9.093666	0.8113774	31.25244	4.1778893	3.954413	13039	9.746575	0.7168807	28.761404	3.983603	3.7861538	13096	7.8173103	0.6779452	27.088112	4.075718	3.9022672	13276	7.1132083	0.7026909	27.984547	0	0	0	0	0	0	0	0	0	0	0	0	0	0	0	0	0	0	0	0	0	0	0	0	0	0	0	0	0	0	0	0	0	0	0	0
F5_S21_subsampled_depth_8G_contig_10740	3.846132	3.726843	17111	5.325141	0.6434064	24.622105	4.148877	3.995022	17014	7.1481023	0.69386023	26.738436	4.1692944	4.0676746	17421	5.1682634	0.7029797	27.077213	3.4216764	3.2635791	16649	5.898919	0.57932484	23.242634	3.7224364	3.58431	17211	5.3159547	0.6298163	25.165073	3.7496598	3.6459358	16554	5.7348413	0.6354875	25.308176	3.5574524	3.4323251	16476	5.9927287	0.51613325	4.084147	2.072822	1.9137996	13996	3.5656798	0.28817314	2.0017238	2.775692	2.709893	15863	3.2860224	0.38470814	2.8742442	0	0	0	0	0	0	0	0	0	0	0	0	0	0	0	0	0	0
F5_S21_subsampled_depth_8G_contig_11082	4.6163907	4.488081	15340	6.2737093	0.77671295	29.72353	4.2288513	4.16193	15078	5.479323	0.70698875	27.244362	4.3886347	4.3088984	15407	5.1407056	0.7376884	28.414125	4.76026	4.6276755	15578	6.2028933	0.80055237	32.118332	4.7787514	4.696972	15454	5.1275935	0.8001579	31.971275	5.3761353	5.3099003	15403	6.881838	0.9078618	36.15544	2.4426262	2.1061637	12910	6.887704	0.34434655	2.7248037	0	0	0	0	0	0	2.2383866	1.9370034	11897	6.0158486	0.30860516	2.3056624	0	0	0	0	0	0	0	0	0	0	0	0	0	0	0	0	0	0
F5_S21_subsampled_depth_8G_contig_11303	6.5479302	6.232462	31003	18.267353	1.0949461	41.90179	6.3882265	6.1803074	31002	13.878293	1.0660843	41.08236	7.266503	6.871067	31468	22.789103	1.2264975	47.241966	7.178009	6.8531394	31327	20.871971	1.2155435	48.767857	7.6862044	7.3109765	31142	25.660244	1.2934062	51.679615	7.4006953	7.033801	30984	22.072783	1.2504168	49.79763	2.6745965	2.3580287	24503	8.396006	0.38029182	3.009239	2.564513	2.2710814	24097	7.591447	0.3521566	2.4461696	0	0	0	0	0	0	0	0	0	0	0	0	0	0	0	0	0	0	0	0	0	0	0	0
F5_S21_subsampled_depth_8G_contig_12386	8.94152	8.76452	42134	21.68692	1.4958962	57.245483	9.370077	9.259149	42047	22.576195	1.5695912	60.485428	9.197787	8.944605	42301	24.005978	1.5525609	59.801167	9.173428	9.053525	41781	23.944729	1.5521382	62.272156	8.944789	8.827366	41947	22.268654	1.503047	60.05607	8.867329	8.717945	42073	22.20009	1.500546	59.75898	3.9745984	3.465589	37884	17.030704	0.56584036	4.47748	3.4571822	3.089595	37613	11.0137	0.48104465	3.3414583	3.8643665	3.6018376	39062	9.444507	0.53874	4.025052	0	0	0	0	0	0	0	0	0	0	0	0	0	0	0	0	0	0
F5_S21_subsampled_depth_8G_contig_824|provirus_205_37516	20.070772	19.974974	37300	29.04685	3.3992925	130.08531	21.31777	21.066496	37306	33.38169	3.6050549	138.92351	21.142807	20.964182	37301	29.66742	3.6083083	138.98407	21.16307	20.84596	37300	37.14163	3.6404538	146.05577	20.821888	20.61206	37309	31.751999	3.5469816	141.72394	21.435204	21.216228	37292	36.03622	3.6840906	146.7182	14.992143	14.45865	37295	59.204704	2.1380613	16.918427	11.753566	11.366322	37307	44.27969	1.6364071	11.366902	15.909612	15.484243	37181	51.667957	2.203989	16.466524	0	0	0	0	0	0	0	0	0	0	0	0	0	0	0	0	0	0
F5_S21_subsampled_depth_8G_contig_1315|provirus_26296_63725	6.2276554	5.8116355	35597	28.703476	1.085987	41.558937	6.018267	5.4967217	35223	30.491768	1.054158	40.62279	6.416229	6.1396637	35899	21.70923	1.1322296	43.610954	5.3065987	4.8857894	35098	22.357668	0.939433	37.690273	5.122586	4.783798	35210	17.904015	0.89627624	35.8118	4.963439	4.5986824	33844	18.686745	0.883271	35.17612	0	0	0	0	0	0	0	0	0	0	0	0	0	0	0	0	0	0	0	0	0	0	0	0	0	0	0	0	0	0	0	0	0	0	0	0
F5_S21_subsampled_depth_8G_contig_1459|provirus_3079_16138	7.050813	7.000086	12827	11.321762	1.1924919	45.63468	6.4982185	6.389587	12908	11.616198	1.09512	42.20128	6.6804028	6.552324	12985	12.86415	1.132239	43.61133	6.223935	6.188296	12771	9.466542	1.0601761	42.5345	6.074903	6.0828743	12544	7.4435325	1.0259434	40.992813	5.590085	5.4951806	12644	8.728387	0.9471042	37.718243	0	0	0	0	0	0	0	0	0	0	0	0	0	0	0	0	0	0	3.3648334	3.2653184	11934	4.9191756	15.062142	402.81418	2.2520528	2.0916524	10715	3.6631668	8.340671	221.6055	3.3223083	3.1989672	11930	5.4239583	12.091071	317.3659
F5_S21_subsampled_depth_8G_contig_1840|provirus_105798_121374	30.342127	30.344112	15577	44.154186	5.1106477	195.57605	28.67155	28.640764	15577	40.802734	4.8413844	186.5664	29.92779	29.91905	15577	38.852036	5.1150575	197.02069	24.331692	24.277853	15577	32.18796	4.1480517	166.42072	23.019447	22.90659	15577	27.8627	3.9113255	156.28174	24.435535	24.147137	15577	43.632618	4.177838	166.38167	0	0	0	0	0	0	0	0	0	0	0	0	0	0	0	0	0	0	1.8173981	1.6658984	12699	2.9448082	7.703636	206.02196	2.416024	2.2860641	13558	3.5996344	9.677111	257.11395	3.0873792	2.9482896	13897	5.4147673	12.164811	319.30154
F5_S21_subsampled_depth_8G_contig_3020|provirus_24057_56143	63.097443	62.840843	32087	1051.5917	10.832775	414.55246	66.13157	66.00977	32087	1169.5769	11.346599	437.24982	72.03801	71.62582	32087	1479.4019	12.499748	481.46243	77.150856	76.96664	32087	1623.0486	13.444395	539.3921	76.53092	76.38671	32087	1498.2655	13.221461	528.27924	76.54363	76.31818	32087	1560.3562	13.27557	528.697	0	0	0	0	0	0	0	0	0	0	0	0	0	0	0	0	0	0	6.8042397	5.9491043	29060	326.95923	36.06619	964.5356	5.6337166	4.7691426	29536	330.9361	27.655674	734.7915	7.4423084	6.6694384	30114	304.68762	32.880882	863.0561
F5_S21_subsampled_depth_8G_contig_6693|provirus_85_77200	14.116896	13.8356	77116	35.341637	2.3799944	91.07847	13.90909	13.618666	76974	49.854816	2.3509562	90.59595	14.960593	14.675285	77116	37.510403	2.5464616	98.084045	16.589935	16.332943	77036	49.540466	2.8320718	113.623344	16.386703	16.11975	77116	48.977924	2.7819495	111.1562	17.328001	17.044708	76978	62.83625	2.9604154	117.898026	0	0	0	0	0	0	0	0	0	0	0	0	0	0	0	0	0	0	0	0	0	0	0	0	0	0	0	0	0	0	1.6575111	1.5129638	58057	2.480426	5.920937	155.41257
F6_S22_subsampled_depth_8G_contig_69	3.8730657	3.7990255	23033	5.192791	0.65073806	24.902674	4.408316	4.3163095	23522	5.5540285	0.7413205	28.567343	3.466115	3.39179	22853	4.4909906	0.5913045	22.775742	4.505751	4.3627377	23995	6.697575	0.7622409	30.58128	5.028713	4.946906	23846	6.0978136	0.8513558	34.016926	4.218908	4.1219544	23649	5.4603314	0.7231346	28.798704	0	0	0	0	0	0	0	0	0	0	0	0	0	0	0	0	0	0	0	0	0	0	0	0	0	0	0	0	0	0	1.8285065	1.7049278	19803	2.28591	6.647056	174.47162
F6_S22_subsampled_depth_8G_contig_855	222.08582	219.99438	20542	2166.9258	37.334656	1428.7358	224.00128	221.91643	20542	2600.8494	37.634007	1450.2555	223.41682	221.20966	20542	2827.4348	37.86356	1458.4198	203.59348	201.72388	20542	2195.6362	34.633663	1389.5101	207.01726	205.34308	20542	2195.0542	34.926933	1395.5472	201.51471	199.17937	20542	2576.6223	34.255135	1364.2047	93.06571	91.746925	20542	971.1616	13.212253	104.548225	74.401726	73.23602	20542	657.87866	10.280946	71.41403	93.73848	92.52092	20542	865.09424	12.954547	96.78642	0	0	0	0	0	0	0	0	0	0	0	0	1.6270596	1.4740111	15557	2.4902549	6.097602	160.04965
F6_S22_subsampled_depth_8G_contig_968	0	0	0	0	0	0	0	0	0	0	0	0	0	0	0	0	0	0	2.655114	2.593809	2713	2.9656496	0.44517955	17.860712	1.8576282	1.7904869	2580	1.667351	0.33511564	13.389947	0	0	0	0	0	0	0	0	0	0	0	0	0	0	0	0	0	0	0	0	0	0	0	0	0	0	0	0	0	0	0	0	0	0	0	0	0	0	0	0	0	0
F6_S22_subsampled_depth_8G_contig_1180	2.7051163	2.5877435	16407	4.399107	0.44894412	17.180346	3.2573164	3.1835005	18159	4.264385	0.54322106	20.933449	3.1499066	3.1037703	18423	2.9390235	0.5271927	20.306292	3.7740765	3.6240056	17853	6.5607553	0.6341246	25.441225	3.3002284	3.14205	18124	5.5647798	0.55320454	22.10395	3.4638855	3.2283523	18526	6.344396	0.58182675	23.171148	2.5071087	2.4000347	16514	3.4579952	0.35113153	2.7784927	2.121731	2.013317	16193	2.620851	0.29362807	2.039616	2.1588314	2.0348783	16099	3.1181993	0.29476088	2.202228	0	0	0	0	0	0	0	0	0	0	0	0	0	0	0	0	0	0
F6_S22_subsampled_depth_8G_contig_1318	7.9135594	7.565472	16689	23.564857	1.3265027	50.763046	7.665088	7.215865	16204	29.644495	1.2835362	49.462055	6.9591174	6.7136006	16588	15.871119	1.1804003	45.466396	9.074212	8.81091	16832	18.156113	1.5361146	61.629246	8.756384	8.487478	16823	18.338102	1.4779173	59.051952	8.619949	8.455441	16712	19.172503	1.4606496	58.170097	0	0	0	0	0	0	0	0	0	0	0	0	0	0	0	0	0	0	0	0	0	0	0	0	0	0	0	0	0	0	0	0	0	0	0	0
F6_S22_subsampled_depth_8G_contig_1504	42.55575	41.483322	23567	230.4075	7.347266	281.16766	44.057224	42.854866	23567	225.6581	7.6083984	293.19543	47.03489	46.119087	23567	197.27324	8.161122	314.34827	51.765385	50.787445	23567	279.80997	9.052881	363.2036	54.49763	53.18404	23567	320.2347	9.451737	377.6554	53.107273	52.027424	23567	289.6451	9.277781	369.48587	3.3261733	3.0909996	18385	8.935372	0.4822899	3.8163452	3.2931204	3.0911894	18944	7.875214	0.46029627	3.1973362	3.9394884	3.7370594	19800	9.223576	0.55336165	4.1342916	7.2354274	6.995398	23365	17.942053	32.178608	860.56824	5.46825	5.305926	23285	8.948013	20.566036	546.4249	7.036768	6.836267	23431	12.894234	25.802391	677.2603
F6_S22_subsampled_depth_8G_contig_1932	4.438639	4.055335	10510	10.685127	0.7378962	28.23808	4.534674	4.27678	10290	9.6439905	0.7582946	29.221462	4.8522835	4.483817	10422	12.206352	0.80986905	31.194344	3.9863749	3.7800167	10096	6.9797025	0.67102355	26.921614	3.9748168	3.5819588	10603	9.582864	0.6723118	26.863012	3.8241873	3.4590728	10405	9.633499	0.641463	25.546158	2.5501785	2.1992066	8929	7.4481444	0.36025324	2.8506746	0	0	0	0	0	0	2.24751	2.0001044	8973	4.313134	0.3102395	2.3178718	0	0	0	0	0	0	0	0	0	0	0	0	0	0	0	0	0	0
F6_S22_subsampled_depth_8G_contig_2728	18.467293	18.501259	50019	42.185837	3.0890615	118.213264	17.94814	17.97287	50033	38.302334	3.0040114	115.76187	18.062286	18.105179	50033	39.6513	3.0468636	117.35844	16.335686	16.274752	50033	36.91624	2.7724502	111.23127	15.740373	15.753648	49995	40.14115	2.6502066	105.89214	15.612333	15.609355	50033	30.72868	2.6431222	105.26185	8.416374	8.245907	48891	23.584896	1.1944607	9.451736	7.7210875	7.4424324	48024	24.554398	1.0675455	7.4154425	9.033318	8.859651	48312	27.761051	1.2487216	9.329486	0	0	0	0	0	0	0	0	0	0	0	0	0	0	0	0	0	0
F6_S22_subsampled_depth_8G_contig_3683	2.806866	2.7396677	20861	2.9503863	0.46837488	17.923933	2.5167894	2.427661	20797	2.7573628	0.42273957	16.290583	2.8156908	2.7448645	21253	2.9698677	0.47444454	18.274557	2.2268896	2.1395793	20018	2.5437002	0.38114774	15.29174	2.2543352	2.1346767	19416	3.1653876	0.380104	15.187506	2.547765	2.442026	19456	3.5068417	0.43398216	17.28325	0	0	0	0	0	0	0	0	0	0	0	0	0	0	0	0	0	0	0	0	0	0	0	0	0	0	0	0	0	0	0	0	0	0	0	0
F6_S22_subsampled_depth_8G_contig_4243	61.497395	60.339462	12019	247.34596	10.283851	393.54605	59.397346	58.57336	12019	198.99806	9.897384	381.40317	59.168766	58.072056	12019	227.30287	9.957194	383.5289	57.401882	56.696472	12054	217.33865	9.694827	388.9585	58.52125	57.757885	12019	180.06334	9.809051	391.9323	58.893314	57.325367	12022	266.38394	9.944762	396.0483	0	0	0	0	0	0	0	0	0	0	0	0	2.6230679	2.3958373	9382	6.417349	0.35834318	2.677264	0	0	0	0	0	0	0	0	0	0	0	0	0	0	0	0	0	0
F6_S22_subsampled_depth_8G_contig_4271	38.479485	38.03145	15071	159.79938	6.526153	249.74512	37.107433	36.90395	15070	136.72124	6.3099566	243.15889	35.428734	34.98298	15066	193.25198	6.045205	232.84778	32.147995	31.774677	15164	130.44875	5.5541315	222.83295	34.081657	33.58221	15072	146.91653	5.7983785	231.68112	35.005993	34.46929	15071	132.51915	5.988468	238.48965	0	0	0	0	0	0	0	0	0	0	0	0	0	0	0	0	0	0	25.850672	23.448498	15065	283.24524	105.765594	2828.5408	44.71493	39.971436	15067	770.56616	173.88922	4620.111	41.343414	37.27453	15072	622.446	155.98979	4094.4136
F6_S22_subsampled_depth_8G_contig_6572	2.0912642	2.0317228	14151	2.0349102	0.3493084	13.367466	2.0401487	1.9667367	12973	2.3103323	0.33959106	13.086407	2.264843	2.1217086	13247	3.4177833	0.38072857	14.664818	2.7309341	2.644538	14635	3.2096035	0.4617058	18.523735	2.278394	2.1629553	13533	3.0501945	0.3804116	15.199793	2.3196142	2.2290616	13538	2.85397	0.38932896	15.504964	0	0	0	0	0	0	0	0	0	0	0	0	0	0	0	0	0	0	0	0	0	0	0	0	0	0	0	0	0	0	0	0	0	0	0	0
F6_S22_subsampled_depth_8G_contig_6893	4.7109265	4.2881722	3679	17.07607	0.97053933	37.140953	5.1861687	4.8138247	3713	14.84718	1.023253	39.431847	6.608852	6.165899	3765	18.623941	1.3024187	50.16628	4.628216	4.079877	3765	19.706232	0.9346209	37.497208	3.2343016	2.9149	3412	9.78211	0.69832736	27.902521	4.4284925	3.9572964	3636	16.538258	0.865266	34.459057	0	0	0	0	0	0	0	0	0	0	0	0	0	0	0	0	0	0	0	0	0	0	0	0	0	0	0	0	0	0	0	0	0	0	0	0
F6_S22_subsampled_depth_8G_contig_7904	5.383604	4.694054	16263	29.607994	0.9726314	37.221016	5.7815914	4.9489746	15703	41.6204	1.0519282	40.536842	7.061856	6.254098	16097	40.21262	1.2789893	49.263817	6.4318166	5.526987	16176	46.225857	1.182223	47.431026	6.6451015	5.9316235	16248	35.67025	1.1906669	47.574543	6.6058397	5.802894	16185	36.109417	1.2002393	47.799294	0	0	0	0	0	0	0	0	0	0	0	0	0	0	0	0	0	0	0	0	0	0	0	0	0	0	0	0	0	0	0	0	0	0	0	0
F6_S22_subsampled_depth_8G_contig_8021	4.4493833	4.353817	22108	5.203709	0.7403376	28.331491	4.3120084	4.2729077	22034	4.332258	0.71738666	27.64504	3.8857665	3.8026407	21806	4.8445206	0.6539552	25.18889	5.937277	5.8501935	22246	7.550278	1.0003117	40.132717	6.5906005	6.5251164	22497	7.1226487	1.1039453	44.10946	6.5102754	6.411496	22428	7.709319	1.0978239	43.720642	0	0	0	0	0	0	0	0	0	0	0	0	0	0	0	0	0	0	0	0	0	0	0	0	0	0	0	0	0	0	0	0	0	0	0	0
F6_S22_subsampled_depth_8G_contig_8425	7.5978427	7.162248	10599	26.350042	1.377896	52.72982	7.34727	6.838282	10477	33.252758	1.3293815	51.228706	8.215063	7.764051	10626	22.082912	1.4513668	55.903397	8.121421	7.840509	10626	16.058765	1.4206048	56.994957	8.464395	8.095758	10566	27.639307	1.5107571	60.36413	8.119798	7.6563096	10626	24.5341	1.4562583	57.995228	0	0	0	0	0	0	0	0	0	0	0	0	0	0	0	0	0	0	25.32732	24.093107	10626	180.22614	103.90602	2778.8096	28.201794	26.997879	10626	196.86621	109.91556	2920.3774	25.889652	24.89035	10626	144.321	98.735245	2591.5981
F6_S22_subsampled_depth_8G_contig_9006	0	0	0	0	0	0	0	0	0	0	0	0	1.213073	1.1845574	1002	0.728563	0.19131993	7.369217	1.9567063	1.9020716	1110	2.058447	0.30721563	12.325566	0	0	0	0	0	0	0	0	0	0	0	0	0	0	0	0	0	0	1.6731749	1.6949153	1174	0.55834526	0.23338644	1.6211627	0	0	0	0	0	0	0	0	0	0	0	0	0	0	0	0	0	0	0	0	0	0	0	0
F6_S22_subsampled_depth_8G_contig_9030	21454.56	21289.975	32549	195857970	3587.7185	137296.11	21364.41	21197.082	32549	193895330	3570.3486	137586.11	21235.959	21067.902	32549	192054460	3580.9521	137930.31	18716.744	18557.19	32549	150508590	3168.3096	127113.3	19657.387	19498.219	32549	165348110	3300.571	131878.25	19258.063	19100.443	32549	158911120	3253.6248	129575.03	10390.193	10125.929	32549	54427004	1473.3037	11658.211	9050.082	8819.828	32549	41144000	1247.6001	8666.146	10408.843	10135.2	32549	54966828	1434.8203	10719.878	24.508194	23.927094	31923	294.6243	95.737274	2560.3486	27.420815	26.74411	31913	391.43866	100.36482	2666.6218	30.826784	30.25812	32204	429.19113	109.85625	2883.5022
F6_S22_subsampled_depth_8G_contig_9614	7.6440606	7.3972316	18600	15.172488	1.2850103	49.175243	6.919181	6.7217574	18465	13.996716	1.1527269	44.421215	7.0658145	6.897081	18509	13.762784	1.1958939	46.063187	8.298034	8.224256	18611	11.941508	1.4057207	56.397816	7.397974	7.1117063	18547	17.506779	1.2442755	49.716488	7.207952	7.1098404	18513	9.64522	1.2157288	48.416176	0	0	0	0	0	0	0	0	0	0	0	0	0	0	0	0	0	0	1.6354477	1.4851038	14082	2.504906	6.4772167	173.22334	1.904068	1.8026482	14701	2.4388463	7.0353584	186.92438	2.1997726	2.095155	15233	2.8698397	7.909498	207.6081
F6_S22_subsampled_depth_8G_contig_9810	20.494667	20.413744	27962	87.50151	3.4403274	131.65562	20.466373	20.4485	28217	69.171196	3.4295151	132.15895	20.484467	20.489573	28222	82.74864	3.475737	133.87769	18.770298	18.816233	28282	60.92368	3.1916447	128.04948	19.136251	18.846563	28181	77.49298	3.2242358	128.82816	18.11869	18.002132	28176	71.43482	3.0776603	122.567184	2.5739727	2.3112955	21885	6.8577394	0.36432612	2.8829026	2.099033	1.9436018	23020	3.4148836	0.2893127	2.0096385	3.0811532	2.9009085	24167	6.1220617	0.42530146	3.1775262	2.5835702	2.277962	21684	7.2601233	11.02396	294.81912	2.2889593	2.0437994	22867	5.0851393	8.675684	230.50665	2.9022465	2.505845	22442	10.534115	10.598974	278.2014
F6_S22_subsampled_depth_8G_contig_10400	4.7199044	4.64787	10187	5.0464015	0.7916793	30.296278	4.894418	4.7996025	10084	6.438737	0.82553494	31.812605	5.6524634	5.558376	10144	6.6898746	0.9672572	37.2566	6.8560786	6.6608915	10218	8.706315	1.1529155	46.255207	6.4062376	6.348047	10102	8.215602	1.0985197	43.892685	6.161204	6.001324	10218	7.325457	1.0710437	42.654125	0	0	0	0	0	0	0	0	0	0	0	0	0	0	0	0	0	0	0	0	0	0	0	0	0	0	0	0	0	0	0	0	0	0	0	0
F6_S22_subsampled_depth_8G_contig_10974	11.111918	10.967727	2361	16.19773	1.9120455	73.17084	25.667236	25.493593	2415	88.31955	4.4173746	170.22694	28.725758	28.555767	2376	109.63157	4.8856244	188.18341	2.860316	2.7498813	2278	4.140737	0.5118205	20.534355	6.175993	6.0123396	2232	13.803202	1.0554808	42.172997	6.0166597	5.7973423	2216	16.27707	1.0012834	39.875923	47182.02	46911.582	2433	469023100	6312.1816	49948.12	46230.855	45956.51	2433	455049280	6012.607	41765.11	34460.89	34262.152	2434	251178660	4481.3804	33481.45	0	0	0	0	0	0	0	0	0	0	0	0	0	0	0	0	0	0
F6_S22_subsampled_depth_8G_contig_11317	5.20937	5.08605	20150	8.054379	0.873629	33.432354	5.0916147	4.9989223	20206	7.4919944	0.8510951	32.797596	5.437606	5.3010397	20607	8.097803	0.92116547	35.481266	5.258742	5.1736083	20547	6.7008743	0.88888246	35.662148	5.0965614	4.9537153	20370	7.6692576	0.85206586	34.045322	5.830108	5.6905007	20510	9.477926	0.98524696	39.237267	2.3575344	2.1885338	17691	3.952869	0.33858764	2.679236	1.9571754	1.7837707	15665	3.7830625	0.27060494	1.8796905	2.8202143	2.6088152	16402	6.597659	0.39008072	2.9143858	0	0	0	0	0	0	0	0	0	0	0	0	1.9462147	1.7775203	16990	3.0955162	7.036116	184.68358
F6_S22_subsampled_depth_8G_contig_11770	4.846328	4.7849374	5102	7.829083	0.86771137	33.20589	14.871186	14.522594	5273	54.598206	2.6194627	100.943016	23.1113	23.037657	5355	106.393906	4.174054	160.77524	3.2124293	3.0803347	4997	5.0292673	0.5604153	22.483984	3.339548	3.242678	4744	5.16195	0.5695124	22.75555	3.1079097	2.8864017	4748	7.019997	0.56402373	22.462145	104839.08	106173.25	5460	1234693600	14496.339	114709.125	137816.5	139515.39	5460	2082463600	18527.912	128699.586	143765.13	145423.94	5460	2320230000	19322.264	144361.14	0	0	0	0	0	0	0	0	0	0	0	0	0	0	0	0	0	0
F6_S22_subsampled_depth_8G_contig_2233|provirus_3_19407	14.563074	14.526398	19405	21.83915	2.444084	93.53107	14.809556	14.828977	19399	27.123117	2.4771302	95.45815	16.282627	16.156078	19390	28.802015	2.7521832	106.007935	17.80696	17.695229	19389	26.945232	3.0222862	121.25482	17.719086	17.745947	19399	26.279696	2.9925272	119.57	17.658945	17.634874	19405	26.769268	3.01005	119.87473	0	0	0	0	0	0	0	0	0	0	0	0	0	0	0	0	0	0	0	0	0	0	0	0	0	0	0	0	0	0	0	0	0	0	0	0
F6_S22_subsampled_depth_8G_contig_3261|provirus_255_52730	31.467989	29.304943	52473	738.34015	5.3123055	203.29323	32.95528	30.736506	52458	879.26355	5.559898	214.25488	36.21366	33.88812	52475	1022.2244	6.1649323	237.45953	39.781296	37.02871	52474	1239.2623	6.817393	273.5153	38.86221	36.213955	52451	1118.7596	6.5943203	263.48395	39.587357	36.99314	52470	1170.9956	6.754144	268.98248	0	0	0	0	0	0	0	0	0	0	0	0	0	0	0	0	0	0	0	0	0	0	0	0	0	0	0	0	0	0	3.6401024	3.1895359	39711	19.773615	13.087355	343.51633
F6_S22_subsampled_depth_8G_contig_4749|provirus_229_26394	9.212908	9.129783	26166	10.899164	1.5660057	59.92848	9.6388	9.591561	26166	11.579738	1.6263198	62.67144	10.705912	10.60275	26166	13.12193	1.8458784	71.09913	10.639645	10.586821	26166	12.138093	1.8232988	73.15116	10.592943	10.485437	26157	13.900798	1.8067374	72.19034	11.297702	11.113726	26166	16.068624	1.9385393	77.201965	0	0	0	0	0	0	0	0	0	0	0	0	0	0	0	0	0	0	0	0	0	0	0	0	0	0	0	0	0	0	0	0	0	0	0	0
F6_S22_subsampled_depth_8G_contig_4761|provirus_1_97666	13091.441	13031.392	97639	9397247	2191.3638	83859.87	13572.02	13495.825	97639	10515546	2270.273	87486.71	13601.026	13490.102	97552	11181327	2295.84	88430.65	14068.071	13904.892	97666	13769051	2383.858	95640.914	14715.406	14590.721	97639	13694124	2473.673	98838.55	13966.027	13821.104	97641	13062236	2362.0322	94067.484	6944.097	6942.01	96467	4412186	986.88477	7809.1963	6098.9883	6091.827	96507	3329961.3	842.707	5853.656	6732.7417	6727.1304	97108	3900898.5	929.9842	6948.1274	25.78658	25.658308	96713	71.596695	100.77359	2695.0374	27.016356	26.782251	96719	75.00721	98.97086	2629.5847	27.226301	27.129082	96895	67.33602	96.99339	2545.8784
F6_S22_subsampled_depth_8G_contig_5496|provirus_26296_55825	15.110483	14.857462	29530	40.095478	2.562725	98.071236	14.4613	14.242152	29527	33.763744	2.447231	94.305916	15.949932	15.846797	29523	38.02808	2.7386181	105.48554	13.370115	13.148287	29517	32.05846	2.2899787	91.87443	12.197889	12.108274	29525	21.651367	2.09489	83.70385	12.8242	12.69556	29522	24.871677	2.1969037	87.491295	0	0	0	0	0	0	0	0	0	0	0	0	2.1939754	2.0409954	23803	3.5397913	0.30794504	2.300729	0	0	0	0	0	0	0	0	0	0	0	0	0	0	0	0	0	0
F6_S22_subsampled_depth_8G_contig_10736|provirus_201_22580	5.968781	5.7389545	22187	10.957952	1.0010408	38.308163	5.1586146	4.993303	21967	8.617155	0.8618372	33.21156	5.6838956	5.513145	22308	8.620799	0.95930105	36.950134	5.8307242	5.6507397	21894	10.636559	0.99580145	39.951748	6.65722	6.466813	22182	10.9617195	1.1284859	45.090034	6.391138	6.158137	22314	10.872376	1.0837709	43.160995	0	0	0	0	0	0	0	0	0	0	0	0	0	0	0	0	0	0	5.839766	5.6884747	22259	8.977698	23.112526	618.1095	6.8723345	6.6633844	22303	11.030259	25.270393	671.4162	5.697931	5.5765696	22224	7.6125164	20.4021	535.5133
F6_S22_subsampled_depth_8G_contig_11683|provirus_8039_23242	21.557592	20.711586	15204	65.09516	3.6879263	141.13089	21.876444	20.855055	15204	79.23724	3.7544837	144.68192	20.981798	20.069372	15204	66.20401	3.5978615	138.58159	19.11173	18.127232	15204	71.21358	3.3123071	132.89046	18.889332	18.324797	15204	46.575947	3.2440696	129.6207	20.07865	19.332693	15204	62.195377	3.4584153	137.73071	0	0	0	0	0	0	0	0	0	0	0	0	0	0	0	0	0	0	4.253554	4.0943913	14583	7.359675	18.560293	496.36682	4.006045	3.7843542	14673	7.246958	15.016517	398.97815	4.7830477	4.6286345	14625	8.78665	17.533047	460.2066
F7_S23_subsampled_depth_8G_contig_463	12.471044	12.312509	32180	33.729427	2.1132214	80.86947	12.121286	12.081993	32180	25.963726	2.0536308	79.13819	11.58144	11.478332	32193	29.91099	1.9735271	76.01586	9.9038315	9.748891	32089	18.63793	1.6963363	68.05737	10.272279	10.125364	32055	23.870073	1.7501365	69.92879	10.360646	10.254299	32188	22.784777	1.7690325	70.45144	0	0	0	0	0	0	0	0	0	0	0	0	0	0	0	0	0	0	3.90923	3.7520108	28135	8.011263	15.690526	419.61932	4.1310225	3.9686244	29855	8.212715	15.275224	405.85175	3.6108336	3.4681737	29132	6.719016	13.017236	341.67587
F7_S23_subsampled_depth_8G_contig_650	17.370232	16.920732	12631	93.06839	3.2105663	122.863045	15.901784	15.536213	12653	91.56705	2.9870584	115.10861	16.090778	15.558606	12628	103.614944	3.0340955	116.86657	15.428457	15.083178	12652	86.97327	2.936212	117.801476	15.586259	15.190971	12607	91.58957	2.941068	117.51389	15.021115	14.531058	12614	95.89318	2.8542602	113.67038	0	0	0	0	0	0	0	0	0	0	0	0	0	0	0	0	0	0	345.7802	346.07404	12653	14503.008	1383.9971	37012.902	374.09415	377.4231	12652	18729.691	1423.6089	37824.27	436.21194	439.97537	12653	23548.98	1605.9851	42153.83
F7_S23_subsampled_depth_8G_contig_965	5778.6533	5650.8374	16721	3112842.3	975.7232	37339.324	5516.306	5392.717	16721	2851284.8	930.58057	35860.633	5370.7036	5252.491	16721	2741122.3	914.07874	35208.28	4921.1597	4822.0605	16721	2209315.8	840.82916	33734.246	4623.014	4525.343	16721	1996823	783.7667	31316.336	4813.3345	4711.2217	16721	2147192	821.04974	32698.154	5667.584	5678.9194	16721	4181926.5	811.1051	6418.2534	4283.4033	4289.0034	16721	2406258.8	596.21155	4141.437	5813.8276	5815.599	16721	4171532.5	809.2561	6046.141	120.85565	118.25752	16721	1554.7423	476.3412	12739.023	148.61034	144.89307	16721	2546.751	556.3657	14782.24	133.93616	131.39001	16721	1900.0941	486.8507	12778.837
F7_S23_subsampled_depth_8G_contig_1277	4.2070003	4.032302	10472	6.833218	0.7084587	27.111553	4.836658	4.7556973	10645	6.58026	0.81768566	31.510145	5.1760445	5.0073175	10375	10.789086	0.8698542	33.50484	4.9321604	4.7268453	10576	9.007253	0.83986896	33.695724	5.3810687	5.1611958	10627	10.477337	0.90070754	35.98884	4.115544	4.020489	10452	5.1374903	0.70133084	27.93037	2.0647347	1.9263015	8800	3.0668542	0.3035577	2.4020455	1.5187241	1.4210746	8114	1.7637408	0.21471493	1.491464	1.614697	1.4935187	8275	2.0245774	0.22435293	1.6761929	0	0	0	0	0	0	0	0	0	0	0	0	0	0	0	0	0	0
F7_S23_subsampled_depth_8G_contig_1550	15.917743	13.07331	23686	1438.3378	3.7855093	144.86528	15.269545	12.450009	23686	1762.7194	3.730338	143.75136	17.414217	14.1197605	23686	2117.0706	4.314283	166.17664	19.402405	15.768787	23686	2843.5146	4.8336587	193.92752	19.505438	15.743061	23686	2883.1853	4.8627586	194.2974	19.555702	16.197367	23686	2546.6658	4.7977147	191.06813	0	0	0	0	0	0	0	0	0	0	0	0	0	0	0	0	0	0	0	0	0	0	0	0	0	0	0	0	0	0	0	0	0	0	0	0
F7_S23_subsampled_depth_8G_contig_2553	9.564814	9.517391	12416	9.141704	1.6318659	62.448845	9.052911	8.969747	12416	12.714447	1.5433325	59.473515	10.737323	10.702084	12416	13.069522	1.8437473	71.01707	10.050954	9.931793	12416	13.947753	1.7312797	69.45934	8.819909	8.67491	12416	12.830101	1.4945316	59.715797	9.645932	9.552174	12416	15.062474	1.658332	66.04278	0	0	0	0	0	0	0	0	0	0	0	0	0	0	0	0	0	0	23.616827	23.355345	12416	54.136078	95.72234	2559.9497	31.20675	30.831612	12415	55.358173	118.66096	3152.737	28.513697	28.174456	12416	44.90224	106.315674	2790.5688
F7_S23_subsampled_depth_8G_contig_3207	11.510088	11.013627	15068	49.796772	1.918179	73.40553	11.731417	11.236354	15069	55.403053	1.9667473	75.790085	12.719151	12.336659	15069	45.140175	2.134556	82.21837	10.414237	9.995309	14905	39.123745	1.7632126	70.74046	10.188953	9.757092	15069	38.170147	1.6994789	67.90469	9.912192	9.733115	14963	31.137217	1.6754518	66.72454	0	0	0	0	0	0	0	0	0	0	0	0	0	0	0	0	0	0	3.451639	3.358329	14162	4.5743976	13.635854	364.67017	2.9896107	2.8645468	14217	3.5535185	11.171616	296.82187	2.5570748	2.4882717	13940	2.511004	9.306851	244.28593
F7_S23_subsampled_depth_8G_contig_3798	149.25554	148.7495	41435	929.58124	25.06067	959.0308	140.87245	140.22063	41435	928.8092	23.622513	910.31146	141.18634	139.8359	41435	1052.329	23.91725	921.23914	140.53525	139.00606	41435	1240.131	23.890867	958.5069	131.31166	129.63336	41435	1108.598	22.14106	884.67255	133.99692	132.59991	41435	1104.772	22.736053	905.45935	70.796486	68.228004	41293	1726.2351	10.039315	79.44081	54.17062	52.171597	41082	986.9786	7.4546494	51.781883	64.81681	62.513847	41342	1304.8293	8.934803	66.754005	0	0	0	0	0	0	0	0	0	0	0	0	0	0	0	0	0	0
F7_S23_subsampled_depth_8G_contig_4642	71.37532	71.936745	16596	452.6663	11.869608	454.23035	64.485916	64.95623	16593	397.5997	10.7042465	412.49625	70.55318	71.45549	16594	361.35034	11.82637	455.52548	84.17931	84.80537	16594	613.28625	14.163669	568.2495	77.15613	77.596375	16624	457.9649	12.8715515	514.2983	84.34054	85.37557	16595	579.10425	14.167675	564.22516	29.210999	28.946655	16569	192.97098	4.1278667	32.663692	22.845028	22.489952	16357	163.65556	3.1247275	21.705154	33.668022	33.551525	16550	271.99637	4.6073785	34.422794	0	0	0	0	0	0	0	0	0	0	0	0	0	0	0	0	0	0
F7_S23_subsampled_depth_8G_contig_4855	2.8081963	2.5654016	16724	5.951768	0.47264475	18.087336	3.424804	3.1972191	17347	7.307044	0.57556695	22.179905	2.8241487	2.6717985	17046	4.5942025	0.47652203	18.354568	3.0993662	2.9421768	16827	5.315581	0.531227	21.312943	2.8867226	2.8112543	16679	3.708551	0.4889668	19.537256	2.7850468	2.629013	16838	4.299068	0.4732734	18.848019	0	0	0	0	0	0	0	0	0	0	0	0	0	0	0	0	0	0	0	0	0	0	0	0	0	0	0	0	0	0	0	0	0	0	0	0
F7_S23_subsampled_depth_8G_contig_4962	14.270083	14.175531	39466	33.079636	2.3822362	91.16424	13.474032	13.146848	39446	37.020588	2.250646	86.73033	13.957223	13.63776	39554	37.34461	2.3535144	90.65212	14.424933	14.201622	39530	33.356915	2.4410312	97.934685	13.957173	13.73025	39791	32.20127	2.3462207	93.74601	14.644964	14.374895	39624	38.886444	2.4771583	98.65236	7.0322647	6.522133	37835	34.89697	0.9988509	7.903882	5.902278	5.5228577	37921	22.63272	0.811873	5.6394777	6.55492	6.113313	38220	28.930733	0.90298104	6.7463856	10.372296	9.692814	39809	56.336517	40.662945	1087.4691	9.873627	9.171267	39958	46.81181	37.100014	985.7209	9.419163	8.657189	40008	54.171413	34.559185	907.10803
F7_S23_subsampled_depth_8G_contig_5818	5.627822	5.5468383	10513	5.9938374	0.9633533	36.865944	6.4065213	6.329153	10516	6.789282	1.0703197	41.24559	5.8391857	5.756592	10396	6.563522	1.0050809	38.713478	6.131198	6.0188637	10495	7.787126	1.071749	42.998795	6.398997	6.354019	10516	6.444356	1.0746021	42.937	5.9764614	5.91597	10504	7.0180655	1.0213311	40.674313	0	0	0	0	0	0	0	0	0	0	0	0	0	0	0	0	0	0	361.21878	358.52487	10516	1691.5442	1417.5867	37911.203	350.92322	351.18704	10516	595.3085	1297.4708	34472.863	374.1853	374.336	10516	904.2439	1345.6469	35320.484
F7_S23_subsampled_depth_8G_contig_6024	4.467483	4.3725567	11484	6.1556315	0.7488926	28.658894	4.8403482	4.766002	11558	6.854953	0.81474954	31.396997	5.009315	4.899387	11644	6.7196555	0.86537075	33.33217	4.6654305	4.5961094	11242	6.938601	0.79249805	31.795193	4.876143	4.8034687	11707	4.2943263	0.81800944	32.684536	4.5354495	4.420563	11336	6.2275457	0.7628362	30.379807	0	0	0	0	0	0	0	0	0	0	0	0	0	0	0	0	0	0	0	0	0	0	0	0	0	0	0	0	0	0	1.9095222	1.8111346	9366	2.4181912	6.88251	180.65193
F7_S23_subsampled_depth_8G_contig_7155	4.2219486	4.1364784	19389	6.872532	0.7081727	27.100592	4.2360525	3.994311	20133	9.49915	0.7088039	27.314291	4.328648	4.1422744	20229	8.099116	0.73835015	28.43961	5.108873	5.0038643	20030	9.222714	0.8706284	34.929813	5.419746	5.309344	20519	8.216616	0.9068256	36.233315	5.102932	4.98186	20333	8.917671	0.86777216	34.558876	3.3019369	3.0522192	18321	8.177451	0.47883737	3.789027	2.9488964	2.7394407	17980	6.141529	0.41517183	2.88389	2.4053519	2.255407	17328	4.13517	0.3290437	2.4583611	0	0	0	0	0	0	0	0	0	0	0	0	0	0	0	0	0	0
F7_S23_subsampled_depth_8G_contig_7215	60.720375	60.24584	21381	162.43192	10.170031	389.19043	57.50857	56.87577	21382	163.42632	9.636532	371.35107	59.956764	59.495815	21381	158.39442	10.146517	390.82135	69.44419	68.90649	21381	245.17432	11.801378	473.47397	68.83638	67.990425	21382	225.16962	11.617674	464.19794	68.50867	67.55756	21381	207.74265	11.626848	463.0371	8.431565	7.981476	20888	32.683464	1.1982783	9.481945	7.1884418	6.8681316	20874	22.329472	0.99823874	6.934024	10.02515	9.577498	20899	42.541214	1.3860689	10.355646	0	0	0	0	0	0	0	0	0	0	0	0	0	0	0	0	0	0
F7_S23_subsampled_depth_8G_contig_7707	175.96053	152.84312	35846	38364.1	29.405203	1125.2886	163.13628	141.03006	35909	33728.3	27.25546	1050.3102	172.14449	148.07767	35973	38829.035	29.001585	1117.0768	199.2904	165.7412	35973	68034.31	33.72492	1353.0514	195.10904	162.0285	35973	64935.598	32.758987	1308.9247	198.0384	164.13219	35973	69443.34	33.442226	1331.831	69.38115	64.423775	35859	3296.975	9.813744	77.65587	55.54817	51.744114	35820	1987.0243	7.6410904	53.076984	68.06359	62.868893	35912	3069.48	9.371043	70.01327	13.944282	3.9802115	33925	2676.7512	61.18721	1636.3595	14.776596	3.8649235	34138	3150.6658	62.73328	1666.7777	15.886916	4.375888	34902	3482.0051	64.87775	1702.9083
F7_S23_subsampled_depth_8G_contig_7821	2.0906188	1.9891312	12408	2.5091789	0.3490898	13.359092	2.621561	2.5520418	13461	2.85725	0.43346733	16.703995	1.9371645	1.8487433	12964	1.934163	0.32632586	12.569337	3.4342096	3.3951995	13983	3.6322372	0.57613	23.11445	3.62061	3.5366442	14596	4.0706596	0.60350233	24.113653	3.8715441	3.7516794	14157	5.8682127	0.65206283	25.96828	0	0	0	0	0	0	0	0	0	0	0	0	0	0	0	0	0	0	7.05054	6.9118423	14588	10.339563	26.750502	715.4018	8.346919	8.267265	14736	10.840443	30.261616	804.0296	8.951362	8.83478	14800	13.003065	31.639866	830.4819
F7_S23_subsampled_depth_8G_contig_8758	2.9539742	2.8911438	16869	3.095301	0.49136412	18.803692	3.1262918	2.9946628	16523	4.4728775	0.5188599	19.994658	3.0916605	2.9953454	17009	3.4700365	0.5179129	19.948849	3.2544267	3.181903	17183	3.585303	0.5480292	21.987057	3.7921019	3.7426922	17340	3.833326	0.6343655	25.346825	3.4634418	3.3795693	17025	4.3944716	0.5808346	23.131628	0	0	0	0	0	0	0	0	0	0	0	0	0	0	0	0	0	0	0	0	0	0	0	0	0	0	0	0	0	0	0	0	0	0	0	0
F7_S23_subsampled_depth_8G_contig_9999	9.865194	9.625437	41418	32.919582	1.6559635	63.37102	9.251041	8.988729	41282	24.283901	1.5464948	59.595352	9.345148	8.928983	41346	35.550632	1.5800643	60.860546	8.8368435	8.427907	41348	32.68018	1.5045666	60.363552	9.202523	8.9503145	41205	28.669079	1.5508531	61.966175	8.776559	8.450019	41452	26.013577	1.485163	59.14636	4.3528714	4.0786033	37896	12.208989	0.62012273	4.907014	4.1423593	3.9400926	38783	9.431347	0.5757023	3.9989731	4.6480484	4.4535966	39326	10.7160425	0.63915414	4.7752705	2.7266366	1.9415721	34095	348.6009	15.689884	419.60233	3.0056896	2.1053963	33390	508.36667	17.31901	460.1535	3.636016	2.7467315	37341	474.6762	18.930124	496.8772
F7_S23_subsampled_depth_8G_contig_10825	0	0	0	0	0	0	0	0	0	0	0	0	0	0	0	0	0	0	1.7957327	1.7207767	2360	1.7273296	0.28812313	11.559556	2.109129	1.943301	2380	3.6717818	0.33606908	13.428041	1.9706191	1.8609709	2361	2.8409839	0.32141498	12.80029	0	0	0	0	0	0	0	0	0	0	0	0	0	0	0	0	0	0	0	0	0	0	0	0	0	0	0	0	0	0	0	0	0	0	0	0
F7_S23_subsampled_depth_8G_contig_11191	11.952832	11.771439	12776	17.584614	2.0897157	79.97001	13.046141	12.898183	12788	21.627449	2.286593	88.11563	12.985779	12.824278	12759	17.171875	2.3052444	88.79292	11.13131	10.984903	12761	17.597178	1.9810574	79.480446	11.691396	11.562977	12807	14.893855	2.048994	81.87003	13.148297	13.031598	12767	20.393549	2.3211334	92.43875	2.4769692	2.331607	10968	3.8499951	0.3699271	2.927224	1.896816	1.7870623	10195	2.4582207	0.2662067	1.8491391	2.3342814	2.1991575	11059	3.6065626	0.33888778	2.53191	3.8816466	3.674186	11976	9.446485	18.482971	494.29922	2.8199415	2.546476	11311	8.123787	11.984937	318.43124	4.218061	4.0086017	12475	10.08424	17.345491	455.28378
F7_S23_subsampled_depth_8G_contig_11241	5.379854	4.929187	33953	18.537212	0.9151204	35.020138	5.739417	5.415938	34089	14.893754	0.9750415	37.573956	5.4940233	5.0519276	33701	17.812235	0.94032776	36.219322	7.917405	7.469647	34430	24.46465	1.3559935	54.402763	8.09277	7.6033688	34423	27.344727	1.3744829	54.919094	8.737201	8.299028	34450	26.996155	1.4960306	59.579163	0	0	0	0	0	0	0	0	0	0	0	0	0	0	0	0	0	0	0	0	0	0	0	0	0	0	0	0	0	0	0	0	0	0	0	0
F7_S23_subsampled_depth_8G_contig_11569	33.79921	33.33501	40833	90.63502	5.6461205	216.06775	33.289497	32.991043	40821	81.43054	5.552407	213.96616	31.662413	31.420942	40822	68.51928	5.338327	205.62054	30.06269	29.894989	40812	77.5109	5.0762525	203.66037	30.01416	29.666893	40969	65.850555	5.034685	201.16695	30.297483	29.931572	40822	75.85996	5.112065	203.58716	20.09792	18.87131	40804	139.53621	2.8427744	22.494795	15.130797	14.333379	40786	82.685555	2.084959	14.482652	19.95747	19.071423	40821	116.49689	2.744779	20.506878	0	0	0	0	0	0	0	0	0	0	0	0	0	0	0	0	0	0
F7_S23_subsampled_depth_8G_contig_11880	5.5043454	5.2818313	40439	12.321129	0.9206859	35.233128	5.135711	4.919574	39074	12.3733425	0.859914	33.137432	5.766027	5.420577	39651	19.504887	0.97273475	37.46757	4.8877497	4.654831	38675	13.985397	0.8286273	33.244705	4.710854	4.461726	39725	11.546236	0.79202336	31.646236	4.7078757	4.4934897	38763	11.3330345	0.793641	31.606604	3.618378	3.4701893	38577	5.8010426	0.51572794	4.0809426	2.8741517	2.7666955	38225	3.664321	0.39604092	2.7510002	3.6638591	3.4920795	38379	6.52559	0.5072319	3.7896485	2.5350814	2.37007	34419	4.601062	9.929403	265.54697	2.781285	2.5815928	35175	5.5124516	10.384178	275.9001	2.3710268	2.2181685	34437	3.7791348	8.476144	222.48152
F7_S23_subsampled_depth_8G_contig_1850|provirus_413_78206	8666.546	8491.257	77794	41767750	1463.6028	56009.68	8617.139	8446.72	77794	40882236	1454.7561	56060.125	8647.037	8455.667	77794	42595890	1474.5015	56794.53	9744.632	9647.409	77794	38647852	1671.063	67043.41	9522.985	9455.713	77794	35867930	1620.3671	64743.69	9775.506	9682.53	77794	39769640	1674.5098	66687.04	7867.5967	7151.368	76295	44178416	1116.9955	8838.756	6624.423	6000.952	75787	31683314	914.52014	6352.4897	7146.697	6460.6113	76034	37581180	986.3883	7369.537	38.471165	37.990253	77793	340.11987	154.4361	4130.1587	36.818813	36.6346	77783	244.98456	135.7229	3606.0593	43.831795	43.902218	77697	326.4585	157.22661	4126.8765
F7_S23_subsampled_depth_8G_contig_6759|provirus_3_18368	11.505325	10.886924	18363	38.46816	2.0993605	80.339066	12.607543	11.841851	18366	50.49263	2.2745128	87.650055	13.267897	12.361247	18366	58.232693	2.4541285	94.527596	15.453009	14.630215	18366	57.41168	2.8447804	114.13323	14.587396	13.441632	18366	75.44544	2.7130814	108.404434	14.803854	13.952793	18366	60.667377	2.7244172	108.49938	0	0	0	0	0	0	0	0	0	0	0	0	0	0	0	0	0	0	0	0	0	0	0	0	0	0	0	0	0	0	1.9905028	1.8024518	15067	3.2422373	7.810991	205.02254
F7_S23_subsampled_depth_8G_contig_10681|provirus_13187_34423	20.94001	20.229675	21217	61.2495	3.5254912	134.91472	19.999811	19.338638	21237	50.392975	3.361371	129.53307	21.839096	21.00411	21188	66.82372	3.7374566	143.95851	21.87746	21.312609	21141	52.199802	3.7245173	149.42844	21.67008	20.933136	21228	59.8964	3.6557577	146.07011	22.363209	21.932926	21222	44.77364	3.8157907	151.96323	10.297625	9.969914	21068	27.319263	1.4805644	11.715665	8.407692	7.987618	21116	23.296785	1.1743472	8.157313	11.581591	11.014858	21194	38.383263	1.6115774	12.040469	0	0	0	0	0	0	0	0	0	0	0	0	0	0	0	0	0	0
F8_S24_subsampled_depth_8G_contig_185	3.1569877	3.0727909	13197	3.8232176	0.52426857	20.062885	2.7164211	2.6032264	12922	3.337716	0.44900733	17.302843	2.865327	2.7902098	13153	3.098592	0.4800273	18.489584	2.9439995	2.9245868	12698	3.0882733	0.49438846	19.834972	3.0047204	2.9121106	13246	3.7798216	0.50089324	20.01379	2.9746103	2.9332485	12717	3.4827254	0.49886245	19.867117	3.3013875	3.175302	13518	4.045201	0.4645298	3.675811	2.5494206	2.4775112	13034	2.4917638	0.34505698	2.3968532	2.7624087	2.679593	13000	3.0690737	0.37731153	2.8189821	0	0	0	0	0	0	0	0	0	0	0	0	0	0	0	0	0	0
F8_S24_subsampled_depth_8G_contig_461	6.714939	6.315478	48403	21.577322	1.1282678	43.176968	6.323859	6.0433593	47979	15.582156	1.0650622	41.042965	6.308295	5.946889	48245	19.381699	1.0699992	41.213978	7.8314776	7.4968214	48507	22.03804	1.3292893	53.33139	7.251697	6.857846	48385	21.893175	1.2217889	48.818066	7.53239	7.1700883	48461	21.496923	1.276842	50.85002	0	0	0	0	0	0	0	0	0	0	0	0	0	0	0	0	0	0	2.297939	2.1187541	39010	4.3385334	9.2192	246.55342	2.4692914	2.2288046	40012	5.321123	9.16631	243.54228	2.6707885	2.4541001	41326	5.531516	9.597176	251.90634
F8_S24_subsampled_depth_8G_contig_761	10.048327	9.922044	23533	24.142658	1.6851728	64.488785	9.851301	9.693823	23466	22.040274	1.6549363	63.77425	10.316754	10.083036	23428	29.8886	1.7486185	67.352936	12.621544	12.465793	23510	31.82963	2.152244	86.34855	12.502799	12.4065895	23553	27.159325	2.102708	84.016235	12.860744	12.819447	23553	32.75281	2.1838598	86.971855	2.4016151	2.3073635	19773	3.2572522	0.33915666	2.6837366	2.0449514	1.9072782	19029	3.0116534	0.28248283	1.9621983	2.6220143	2.4404407	19549	5.050694	0.36152223	2.701017	0	0	0	0	0	0	0	0	0	0	0	0	0	0	0	0	0	0
F8_S24_subsampled_depth_8G_contig_955	4.527078	4.324079	10020	10.308606	0.7558959	28.926891	4.5228	4.192287	10044	12.313293	0.7625199	29.384274	4.720078	4.602463	10175	7.2595387	0.7913146	30.479664	4.3973746	4.293616	10210	5.627668	0.7526267	30.19555	3.6647544	3.5877714	9923	4.3465652	0.62263197	24.87801	4.37122	4.2765474	9938	6.9125524	0.7341397	29.23699	0	0	0	0	0	0	0	0	0	0	0	0	0	0	0	0	0	0	2.1747205	2.0628715	8657	2.746113	8.191579	219.07133	1.9943607	1.8783623	8791	2.5157206	7.2755466	193.30618	2.1298978	1.9856325	7881	3.9241984	7.7458744	203.3134
F8_S24_subsampled_depth_8G_contig_3281	3.3227906	3.21775	13143	4.770975	0.5504847	21.066145	3.105144	3.004638	13157	4.2787824	0.51477796	19.837355	3.3783343	3.2582345	13643	4.406457	0.56567365	21.788485	3.1093187	2.9113278	12813	5.533407	0.5212965	20.914532	3.4235477	3.3298483	13589	3.79229	0.5681675	22.701815	4.1802163	3.9633677	14071	6.6013293	0.6985079	27.817951	0	0	0	0	0	0	0	0	0	0	0	0	0	0	0	0	0	0	0	0	0	0	0	0	0	0	0	0	0	0	0	0	0	0	0	0
F8_S24_subsampled_depth_8G_contig_3672	0	0	0	0	0	0	0	0	0	0	0	0	0	0	0	0	0	0	0	0	0	0	0	0	1.8545619	1.7698095	1890	2.0909033	0.29943416	11.964249	2.6707318	2.665998	2188	2.1061745	0.44140887	17.57903	0	0	0	0	0	0	0	0	0	0	0	0	0	0	0	0	0	0	0	0	0	0	0	0	0	0	0	0	0	0	0	0	0	0	0	0
F8_S24_subsampled_depth_8G_contig_3835	5.5149984	5.312162	37356	11.434133	0.92159915	35.268085	5.6401706	5.4028335	36771	14.444151	0.94075215	36.2526	6.0636706	5.809076	37190	15.819161	1.0228785	39.399025	6.0640407	5.7990537	37088	17.067694	1.0265667	41.18608	6.531584	6.292323	37531	14.727171	1.0943866	43.727524	6.3523965	6.050288	37354	17.53166	1.0722488	42.702114	3.7315893	3.489625	34284	9.736884	0.5328906	4.21675	3.0974765	2.9006877	33223	6.4650903	0.42736065	2.9685555	3.4621997	3.2467964	34180	7.67492	0.47810245	3.5720162	0	0	0	0	0	0	0	0	0	0	0	0	0	0	0	0	0	0
F8_S24_subsampled_depth_8G_contig_4670	16.881805	16.026936	39915	67.16962	2.8783495	110.14968	18.125587	17.05622	39915	83.99248	3.086078	118.9244	20.052156	18.86479	39915	107.72996	3.4519281	132.96057	21.727901	20.561653	39915	117.98448	3.759514	150.83255	21.68261	20.463186	39915	114.97583	3.7134237	148.37436	21.47645	20.058733	39915	134.54614	3.6988895	147.30762	0	0	0	0	0	0	0	0	0	0	0	0	0	0	0	0	0	0	0	0	0	0	0	0	0	0	0	0	0	0	0	0	0	0	0	0
F8_S24_subsampled_depth_8G_contig_4789	4.4106617	4.3433337	12611	5.790329	0.73857015	28.26386	4.901634	4.8447175	12898	5.053443	0.81544614	31.42384	4.2870817	4.2144217	12336	5.2344904	0.72508484	27.928663	4.207315	4.123206	12607	5.305605	0.71789205	28.801973	4.709494	4.5859413	12750	6.848979	0.78953874	31.546976	4.624047	4.546343	12946	4.183577	0.7791918	31.031185	2.1922958	2.1296904	10875	2.4596338	0.315408	2.4958153	1.7867705	1.6680789	10210	2.1459842	0.2511286	1.7444032	1.7023346	1.6030607	9908	2.0616724	0.23846899	1.7816573	0	0	0	0	0	0	0	0	0	0	0	0	0	0	0	0	0	0
F8_S24_subsampled_depth_8G_contig_4822	3.7882771	3.6649313	13960	4.9247427	0.6279643	24.031168	3.7450514	3.6513326	13914	4.501519	0.62222445	23.977896	4.5058403	4.391017	14190	5.285937	0.7509456	28.924767	3.3043296	3.2193644	13294	3.9498374	0.55420876	22.23497	3.2839057	3.2004042	13477	4.2792826	0.5459686	21.814827	3.7184024	3.604709	14039	4.2761807	0.62187296	24.76597	0	0	0	0	0	0	0	0	0	0	0	0	0	0	0	0	0	0	0	0	0	0	0	0	0	0	0	0	0	0	0	0	0	0	0	0
F8_S24_subsampled_depth_8G_contig_5328	3.1854951	3.1210399	11872	4.1210327	0.53080213	20.312937	3.1381528	3.091942	12135	3.3356583	0.5226557	20.14093	2.653572	2.5156682	12013	3.5563056	0.4475855	17.23999	3.1312568	3.0641358	12114	4.144878	0.5273209	21.156221	2.8751743	2.8168905	11725	3.3238206	0.4782749	19.110046	2.8589804	2.7940772	11999	3.2534168	0.48344404	19.253078	0	0	0	0	0	0	0	0	0	0	0	0	0	0	0	0	0	0	11.465287	11.3651	12961	17.472055	43.815308	1171.7739	14.440493	14.434401	12942	20.455385	52.461197	1393.8567	13.308616	13.272469	12975	20.530472	47.149128	1237.5685
F8_S24_subsampled_depth_8G_contig_5511	5.580017	5.4517465	17362	8.075495	0.9413549	36.0241	5.5057545	5.395636	17109	8.539148	0.929153	35.80562	5.365073	5.2380557	17199	8.427868	0.90147907	34.72296	6.095162	6.031745	17559	6.8862696	1.0408008	41.75718	5.9100485	5.8082576	17480	7.0063953	1.0003244	39.969162	6.769539	6.7002354	17615	7.2578664	1.1399847	45.39967	1.6948183	1.5831796	13695	2.1222734	0.24483421	1.9373674	0	0	0	0	0	0	1.9304323	1.813156	13645	2.8043103	0.26633435	1.9898468	0	0	0	0	0	0	0	0	0	0	0	0	0	0	0	0	0	0
F8_S24_subsampled_depth_8G_contig_5684	4.2625117	4.1185794	22183	7.4425135	0.71775115	27.467157	3.5055945	3.3983328	21926	4.7219405	0.58697027	22.61935	3.7977276	3.6631494	22114	6.2318873	0.6481004	24.963379	3.7563536	3.6476343	22134	5.1645584	0.6416475	25.74303	3.7726169	3.6925893	22006	4.720425	0.63398063	25.331453	3.7614276	3.6502361	22920	3.998726	0.63495874	25.287115	2.406193	2.0962706	18404	6.334978	0.33870587	2.680171	0	0	0	0	0	0	2.4838233	2.3749638	19644	3.4101777	0.3428523	2.5615282	6.2709255	4.120025	21939	1910.9817	42.68705	1141.6007	6.7222657	4.3628216	22521	2258.0146	45.158165	1199.8196	7.367508	4.8582926	22140	2373.7527	46.79832	1228.3605
F8_S24_subsampled_depth_8G_contig_6801	6.038485	5.3627486	14639	26.387007	1.1248579	43.04647	6.1227436	5.3993793	14650	27.511635	1.1595963	44.68593	7.0948844	6.33626	14793	30.996513	1.3430862	51.732674	7.9860363	7.254295	14827	30.389109	1.4803149	59.390533	7.9310675	7.1344132	14831	34.121952	1.4761763	58.982388	8.303863	7.433437	14831	36.990974	1.5170033	60.414406	0	0	0	0	0	0	0	0	0	0	0	0	0	0	0	0	0	0	0	0	0	0	0	0	0	0	0	0	0	0	0	0	0	0	0	0
F8_S24_subsampled_depth_8G_contig_7741	4.836396	4.782983	11203	5.849436	0.81313795	31.117449	5.5803604	5.4872875	10997	7.6854954	0.9266257	35.708225	5.419189	5.357558	11033	5.8557105	0.9146623	35.23074	5.4912615	5.387287	11225	5.2352605	0.93155974	37.374393	6.8074775	6.7086086	11231	7.1631284	1.14831	45.88211	5.81991	5.718919	11250	5.359492	0.9841048	39.19179	2.011171	1.886987	8608	3.0635748	0.29082176	2.3012645	2.2306306	2.0832832	9083	3.4089184	0.317743	2.2071226	2.1991892	2.0497499	9464	3.259086	0.30312058	2.2646837	3.2409909	3.1114113	10899	4.1218443	13.150635	351.6938	2.783153	2.7452452	10709	2.1256912	10.171612	270.25244	4.458739	4.3915915	11017	5.077223	16.225115	425.87613
F8_S24_subsampled_depth_8G_contig_8486	3.061358	2.9862142	14043	3.3433409	0.513603	19.65473	3.0374284	2.966293	13902	3.7986264	0.50638777	19.514036	2.9319608	2.8596425	13893	3.1977973	0.49552608	19.086569	3.9725251	3.8226027	14310	6.053313	0.6745558	27.063322	3.5239978	3.426072	14128	4.6177506	0.59883654	23.92723	4.1791654	4.097864	14479	4.5767465	0.7076399	28.181635	1.7542951	1.6597486	12578	1.8103553	0.25520498	2.019429	1.7152987	1.5505227	11783	2.6198328	0.23565654	1.6369314	0	0	0	0	0	0	0	0	0	0	0	0	0	0	0	0	0	0	0	0	0	0	0	0
F8_S24_subsampled_depth_8G_contig_9133	158.51385	19.80047	39814	17832798	37.178917	1422.7761	200.06409	19.250658	39810	30397044	45.537373	1754.8176	154.33713	19.570309	39809	16751433	33.77156	1300.8055	162.64787	40.360252	39809	13830538	36.297775	1456.2747	217.01137	39.89693	39809	29139990	45.588196	1821.5313	117.22867	39.922245	39832	5461715	25.367285	1010.24774	0	0	0	0	0	0	0	0	0	0	0	0	0	0	0	0	0	0	0	0	0	0	0	0	0	0	0	0	0	0	0	0	0	0	0	0
F8_S24_subsampled_depth_8G_contig_9864	7.2545834	7.231095	11094	7.9278274	1.2433298	47.580173	6.4334726	6.273543	11048	9.3745775	1.095765	42.22612	6.7851696	6.663541	11034	10.607652	1.171629	45.128536	5.998911	5.8943334	11081	7.128438	1.0274447	41.22129	5.977401	5.8255696	10928	10.7593155	1.0118657	40.43032	6.0699763	5.921557	11168	6.544709	1.0414668	41.476227	0	0	0	0	0	0	0	0	0	0	0	0	0	0	0	0	0	0	0	0	0	0	0	0	0	0	0	0	0	0	0	0	0	0	0	0
F8_S24_subsampled_depth_8G_contig_10031	8.90069	8.63761	33319	24.730251	1.5159744	58.013813	9.093985	8.915378	33342	20.541014	1.5341319	59.11895	9.033262	8.802327	33574	22.847252	1.5449665	59.50869	7.2690406	7.0463443	33436	16.430517	1.252967	50.269295	7.4370465	7.254793	32841	18.330246	1.2647136	50.53313	7.4792933	7.3207393	33001	17.878567	1.2785047	50.91621	2.7691004	2.631826	29112	4.3919244	0.3926586	3.1070967	2.1290312	1.9552757	26195	3.8706195	0.29314992	2.0362928	2.7202785	2.5649543	28011	4.81295	0.37769482	2.8218465	0	0	0	0	0	0	0	0	0	0	0	0	0	0	0	0	0	0
F8_S24_subsampled_depth_8G_contig_10557	9.609685	8.960074	30463	36.76322	1.6476433	63.052605	9.460772	8.749372	30617	40.641056	1.6167281	62.301857	9.879578	8.800408	30630	57.564877	1.7059214	65.7083	10.174748	9.1071	30489	60.905327	1.7711381	71.05846	10.097669	9.259845	30539	46.855804	1.7394929	69.50353	9.780925	9.059196	30560	41.13791	1.7071949	67.98874	7.3339233	7.0151176	30241	19.598164	1.0459317	8.27643	6.878889	6.6357145	30215	16.19366	0.9545552	6.6305842	7.5788007	7.4252305	30345	15.795471	1.0464803	7.8184996	0	0	0	0	0	0	0	0	0	0	0	0	0	0	0	0	0	0
F8_S24_subsampled_depth_8G_contig_10893	60.49962	59.40651	35654	610.92633	10.106374	386.75433	60.418957	58.91973	35652	659.854	10.084024	388.59552	60.58051	59.401535	35654	677.8247	10.206383	393.12723	53.77896	52.76977	35653	531.508	9.092497	364.79297	55.4992	54.40435	35651	530.3768	9.31394	372.14966	55.301197	54.353405	35639	575.9182	9.334528	371.746	3.8443317	3.7622283	34288	4.943686	0.5475878	4.333048	3.5185184	3.381255	32407	5.7625637	0.48447153	3.365261	4.535305	4.439055	34646	6.2505054	0.6231205	4.655479	0	0	0	0	0	0	0	0	0	0	0	0	0	0	0	0	0	0
F8_S24_subsampled_depth_8G_contig_11057	3.4341037	3.296077	25811	5.043874	0.5727609	21.918617	3.5288606	3.4096828	25847	5.39512	0.58793616	22.656569	3.1187494	3.023758	25170	4.281313	0.52454114	20.204165	3.135871	3.0412295	25161	4.084787	0.53015935	21.27012	3.2564206	3.134751	25143	4.708239	0.54410017	21.740166	3.4268289	3.3139977	25328	5.4216833	0.5775227	22.999733	0	0	0	0	0	0	0	0	0	0	0	0	0	0	0	0	0	0	0	0	0	0	0	0	0	0	0	0	0	0	0	0	0	0	0	0
F8_S24_subsampled_depth_8G_contig_11432	202.17856	179.25237	43684	25995.8	33.86301	1295.8818	204.23454	182.86322	43474	24733.363	34.189346	1317.5128	197.35182	174.1938	43560	27736.188	33.327763	1283.7113	249.79086	226.61238	43527	28431.465	42.37403	1700.0557	247.78311	224.6023	43513	28212.486	41.685795	1665.606	254.1948	229.25627	43687	31061.586	43.050022	1714.4591	7.9699335	7.769325	43154	19.486397	1.1291944	8.935285	7.541861	7.3081536	42913	18.278711	1.038161	7.2113304	10.9525	10.782646	43297	24.288267	1.5095885	11.278487	2.4653742	2.3421717	35789	3.7698472	11.200431	299.5384	1.5612009	1.4713539	32886	1.7770852	5.805341	154.24373	2.041597	1.9313003	35511	2.698403	7.4129157	194.57387
F8_S24_subsampled_depth_8G_contig_11963	19.457382	18.85478	53039	50.64884	3.249724	124.36159	20.706781	20.075727	53063	63.02453	3.4610527	133.37433	20.25777	19.734396	53063	51.763237	3.4142551	131.50957	20.665854	19.87042	53040	73.99652	3.497672	140.32738	20.307919	19.746153	53046	58.28332	3.4096425	136.23636	21.361713	20.50402	53073	77.90658	3.6095488	143.74971	4.724978	3.9829733	45741	28.515024	0.6705017	5.3056617	4.4256372	3.812895	45894	23.685614	0.6131819	4.2593174	5.250798	4.515526	47143	31.538153	0.72508687	5.417297	15.992537	15.83158	53051	22.725407	62.16278	1662.4495	18.501728	18.429909	53073	25.317505	68.01041	1806.987	17.418873	17.284668	53073	22.40947	62.249836	1633.9315
F8_S24_subsampled_depth_8G_contig_12051	19.07744	16.255962	34657	494.70407	3.1839626	121.84496	18.560217	15.988412	34656	439.6903	3.099295	119.43369	17.63557	15.132231	34633	414.06152	2.9689596	114.35767	18.594519	15.461776	34656	608.3287	3.1466317	126.24352	17.666107	14.884315	34665	487.4646	2.9614708	118.3291	18.564098	15.311263	34660	591.26154	3.132644	124.75692	0	0	0	0	0	0	0	0	0	0	0	0	0	0	0	0	0	0	37.76632	37.651848	34667	79.2465	144.92429	3875.781	56.845787	56.70026	34667	94.23206	208.3187	5534.878	45.12785	45.075096	34667	62.598793	160.86221	4222.306
F8_S24_subsampled_depth_8G_contig_539|provirus_13280_31065	7.643513	7.569926	17703	9.62006	1.2964416	49.612663	8.161318	8.063941	17786	8.419283	1.3760827	53.02841	7.50051	7.4048758	17744	9.992462	1.2699357	48.915092	7.258335	7.1193147	17731	11.141764	1.2358061	49.580784	6.720175	6.5835958	17786	8.724586	1.130003	45.15062	7.2396235	7.1145897	17786	7.5947475	1.2320534	49.066284	0	0	0	0	0	0	0	0	0	0	0	0	0	0	0	0	0	0	3.7125766	3.6235983	16585	5.5689282	17.190613	459.7368	2.0285778	1.9563437	14872	2.1308532	7.671007	203.81328	3.3065321	3.2145016	16895	4.1587124	11.978176	314.4025
F8_S24_subsampled_depth_8G_contig_5059|provirus_6404_48390	5.7728086	5.6204224	41482	9.230224	0.96752083	37.025448	5.2420583	5.058133	40485	10.921446	0.8773765	33.810387	5.616201	5.4590096	41237	9.966593	0.9488324	36.546936	5.0962543	4.9574294	41249	8.790309	0.86237246	34.598576	5.3871455	5.2283893	40839	10.42634	0.9061757	36.207336	5.384229	5.2467403	41673	8.727089	0.9092453	36.21055	0	0	0	0	0	0	0	0	0	0	0	0	0	0	0	0	0	0	2.7789278	2.5797372	33937	6.137162	12.345587	330.16412	0	0	0	0	0	0	2.7668571	2.6511753	37625	3.8373635	10.046096	263.6896
GP3_S28_subsampled_depth_8G_contig_21	0	0	0	0	0	0	0	0	0	0	0	0	0	0	0	0	0	0	0	0	0	0	0	0	0	0	0	0	0	0	0	0	0	0	0	0	17.598774	17.573599	2271	22.156397	2.3668032	18.728455	5.714286	5.65846	2143	9.598518	0.7642661	5.3087893	8.206978	8.276585	2126	12.088745	1.0647625	7.955093	0	0	0	0	0	0	0	0	0	0	0	0	0	0	0	0	0	0
GP3_S28_subsampled_depth_8G_contig_62	0	0	0	0	0	0	0	0	0	0	0	0	0	0	0	0	0	0	0	0	0	0	0	0	0	0	0	0	0	0	0	0	0	0	0	0	13.756378	13.445967	3685	22.86968	1.9376078	15.332234	11.601907	11.49455	3672	24.535807	1.5676134	10.889044	8.462294	8.175335	3688	15.885214	1.1454039	8.557576	0	0	0	0	0	0	0	0	0	0	0	0	0	0	0	0	0	0
GP3_S28_subsampled_depth_8G_contig_161	142.01967	141.7598	12660	429.67865	24.068014	921.0432	144.11766	144.40459	12658	339.7167	24.458117	942.5121	157.05403	157.58449	12660	418.031	26.878225	1035.2896	172.77524	173.14119	12661	480.74435	29.619482	1188.3398	174.31676	174.75703	12661	577.13574	29.769478	1189.4755	173.16577	173.02744	12657	563.20514	29.64625	1180.6567	7.684278	7.5198474	12646	11.884163	1.0923749	8.6439295	6.9505234	6.864044	12585	11.864139	0.9661312	6.7109895	7.070178	6.9562206	12512	11.528407	0.969622	7.2442718	17.217009	17.096794	12660	32.180317	76.25588	2039.348	13.230837	13.2818575	12644	18.085003	48.970543	1301.112	19.847254	19.736969	12661	24.135992	72.12685	1893.1825
GP3_S28_subsampled_depth_8G_contig_204	207.7253	206.18472	60136	990.64294	34.724316	1328.8427	205.28114	203.5123	60134	1011.7007	34.283096	1321.1252	202.14542	199.87303	60134	1159.5051	34.084797	1312.8702	212.36981	207.28204	60135	2767.654	35.95021	1442.3302	213.84482	208.57059	60135	2905.6018	35.89551	1434.2483	216.05489	210.78908	60135	3001.562	36.50645	1453.8629	70.25546	71.032936	60304	479.19937	9.954235	78.767586	62.30884	62.536922	60072	399.86328	8.578643	59.589447	73.4717	74.32612	60100	491.49707	10.121857	75.62273	2.6682017	2.5669744	52628	3.5464342	10.740063	287.2266	3.1464407	3.051459	56575	4.016243	11.540467	306.62186	3.2351964	3.1543036	57101	3.8223271	11.592657	304.2836
GP3_S28_subsampled_depth_8G_contig_251	4.30844	4.2545633	38692	4.616484	0.72082675	27.584866	4.1686764	4.036701	38859	6.2218184	0.6962951	26.832262	4.411329	4.3324866	38631	5.5569706	0.74327123	28.629173	4.671314	4.5676527	39060	6.461055	0.7893427	31.66861	4.4885206	4.4003906	38952	6.090614	0.75222385	30.05601	4.6965585	4.575188	38994	6.8254037	0.7916811	31.528572	4.358754	4.2635503	38250	6.3428435	0.61566126	4.8717117	3.9990203	3.871616	37951	6.5644183	0.5506892	3.8252292	3.924014	3.8149874	38725	5.246832	0.5384052	4.02255	0	0	0	0	0	0	0	0	0	0	0	0	0	0	0	0	0	0
GP3_S28_subsampled_depth_8G_contig_395	0	0	0	0	0	0	0	0	0	0	0	0	0	0	2492	0	0.35968146	13.854122	0	0	0	0	0	0	0	0	0	0	0	0	2.162776	2.0588648	2528	3.0407093	0.390964	15.570073	4617.3677	4585.452	3320	4862688.5	639.83575	5063.0044	3322.0466	3297.1213	3320	2570236.8	447.5045	3108.4795	3699.1238	3668.9531	3320	3272647.3	498.16315	3721.8923	0	0	0	0	0	0	0	0	0	0	0	0	0	0	0	0	0	0
GP3_S28_subsampled_depth_8G_contig_450	0	0	0	0	0	0	0	0	0	0	0	0	0	0	0	0	0	0	0	0	0	0	0	0	0	0	0	0	0	0	0	0	0	0	0	0	4.7892017	4.6751757	1891	4.423929	0.64038634	5.067359	0	0	0	0	0	0	2.0614588	2.0306318	1789	1.155416	0.28416187	2.1230388	0	0	0	0	0	0	0	0	0	0	0	0	0	0	0	0	0	0
GP3_S28_subsampled_depth_8G_contig_476	0	0	0	0	0	0	0	0	0	0	0	0	0	0	0	0	0	0	0	0	0	0	0	0	0	0	0	0	0	0	0	0	0	0	0	0	4.363133	4.235501	1414	4.381887	0.5709432	4.5178595	0	0	0	0	0	0	2.0933545	2.0799649	1127	2.1385467	0.27770787	2.07482	0	0	0	0	0	0	0	0	0	0	0	0	0	0	0	0	0	0
GP3_S28_subsampled_depth_8G_contig_924	0	0	0	0	0	0	10.067086	10.10814	1007	27.840193	1.7334092	66.7982	15.007338	15.195349	921	51.692486	2.531523	97.5087	0	0	0	0	0	0	0	0	0	0	0	0	0	0	0	0	0	0	41479.07	42407.652	1104	380504060	5483.0444	43387.176	52633.008	53750.48	1104	610734460	6779.033	47088.902	55441.715	56553.836	1104	682416960	7143.833	53373.246	0	0	0	0	0	0	0	0	0	0	0	0	0	0	0	0	0	0
GP3_S28_subsampled_depth_8G_contig_947	0	0	0	0	0	0	0	0	0	0	0	0	0	0	0	0	0	0	0	0	0	0	0	0	0	0	0	0	0	0	0	0	0	0	0	0	822.3208	821.9635	4838	16553.156	120.1415	950.6764	712.52924	710.50116	4838	11018.129	101.49727	705.0259	550.1105	548.02606	4838	8433.618	78.04709	583.10815	0	0	0	0	0	0	0	0	0	0	0	0	0	0	0	0	0	0
GP3_S28_subsampled_depth_8G_contig_958	54.586323	52.293953	43997	817.1723	9.180395	351.31848	51.535744	49.376297	44001	701.31714	8.665924	333.94803	54.228764	51.924828	44002	755.6864	9.204894	354.55203	47.55269	45.737972	43991	549.14716	8.098824	324.92673	47.208195	45.321976	43990	557.35583	7.9738235	318.60376	46.83926	45.08855	44000	510.1817	7.959254	316.97598	30.322304	28.118574	44003	530.47925	4.3192196	34.177887	24.262331	22.476526	43853	352.60056	3.3682241	23.396551	28.89214	26.728445	43838	502.40063	4.014352	29.992157	0	0	0	0	0	0	0	0	0	0	0	0	0	0	0	0	0	0
GP3_S28_subsampled_depth_8G_contig_1011	4.5517187	4.4328036	24983	7.238499	0.77097994	29.50412	5.1095223	4.9825172	25497	7.796624	0.8586422	33.08842	4.5493546	4.4277225	25269	6.7738886	0.77436763	29.82692	4.3493004	4.2659	25378	5.5023155	0.7457197	29.918425	4.3383327	4.2430778	24940	6.174651	0.7412895	29.619114	4.089447	3.9281747	24754	7.0674195	0.6903825	27.49436	13.477503	12.898678	25953	72.30447	1.9081539	15.09918	11.249583	10.72665	25777	60.407593	1.5469192	10.745292	15.300353	14.659605	25860	95.30372	2.1142726	15.796227	3.1828082	3.0568833	23575	4.8601923	13.02666	348.3783	3.6691856	3.5340827	24799	5.234019	13.651402	362.7081	3.742627	3.6722646	24837	4.579714	13.406386	351.8902
GP3_S28_subsampled_depth_8G_contig_1149	3.219311	3.075181	18632	5.378462	0.53602326	20.512728	3.106896	3.032978	18650	3.6726418	0.51694715	19.920961	3.7509074	3.6596696	19351	5.080451	0.636969	24.534628	3.3494754	3.263216	19192	4.0645657	0.56627864	22.719229	3.6638494	3.5473125	19443	5.151466	0.61383563	24.526533	3.3647392	3.2630503	18772	4.506279	0.5664707	22.55959	3.5822601	3.4751146	19187	5.1594152	0.5053613	3.9989123	2.5151396	2.3703806	17597	3.707321	0.3477227	2.4153688	2.8687415	2.7122576	17867	4.6350183	0.39166206	2.9261997	1.924775	1.8164393	15589	2.8398561	7.842052	209.72385	2.4130166	2.3297243	18255	2.836022	9.013912	239.49318	1.6346145	1.5145556	15559	2.173219	5.9173903	155.31935
GP3_S28_subsampled_depth_8G_contig_1260	96.85637	94.70915	48518	2197.4866	16.22094	620.74854	94.17695	91.840225	48528	2055.071	15.763663	607.4649	100.28084	97.952995	48537	2286.3962	16.947613	652.7843	125.029655	123.17215	48537	3146.8818	21.20784	850.8632	116.37696	114.468666	48537	2737.5364	19.595652	782.9677	123.23808	121.88595	48537	2826.7283	20.853376	830.4819	27.520243	26.953821	48537	268.39316	3.904805	30.89862	23.994875	23.458426	48409	212.1825	3.314119	23.020712	26.872444	26.263083	48393	268.85678	3.7087646	27.70905	0	0	0	0	0	0	0	0	0	0	0	0	1.9322546	1.7915452	40697	2.9318798	7.080241	185.84189
GP3_S28_subsampled_depth_8G_contig_1494	0	0	0	0	0	0	0	0	0	0	0	0	0	0	0	0	0	0	0	0	0	0	0	0	0	0	0	0	0	0	0	0	0	0	0	0	7.1036563	7.0255313	6112	7.6876283	0.99065006	7.838986	3.8264005	3.6744316	5974	5.0731974	0.5442832	3.7807288	3.4718215	3.3542676	5751	4.8565283	0.48354477	3.6126783	0	0	0	0	0	0	0	0	0	0	0	0	0	0	0	0	0	0
GP3_S28_subsampled_depth_8G_contig_1697	14.0395565	14.040472	10612	39.39821	2.3451695	89.74582	14.920508	14.870679	10563	57.87679	2.475143	95.38153	14.852969	14.817138	10604	57.340126	2.5022328	96.3804	15.523715	15.493255	10494	61.066288	2.611419	104.770706	13.851736	13.689186	10576	54.70878	2.3148053	92.49087	16.11184	16.023504	10632	67.34817	2.708869	107.88022	3.9187062	3.694456	9841	8.479398	0.5523884	4.371032	2.924872	2.781935	9784	4.559577	0.39809865	2.7652938	3.1641054	3.0772555	9519	4.2051134	0.42718634	3.191609	0	0	0	0	0	0	0	0	0	0	0	0	0	0	0	0	0	0
GP3_S28_subsampled_depth_8G_contig_1926	121.94375	119.91722	11208	647.9591	21.126377	808.47144	125.48608	122.53556	11208	790.074	21.744974	837.95905	115.80865	112.87492	11208	732.65643	20.322655	782.7837	110.29074	108.77426	11208	531.4333	19.301626	774.3855	119.0095	117.14275	11208	580.3046	20.622976	824.01587	109.66703	108.190475	11208	457.65616	19.231302	765.8832	83.02044	82.28169	11208	1713.7722	12.228062	96.76031	62.633118	62.129093	11208	1047.0989	8.863775	61.570026	84.279526	83.503815	11208	1686.5414	12.011677	89.74206	0	0	0	0	0	0	0	0	0	0	0	0	0	0	0	0	0	0
GP3_S28_subsampled_depth_8G_contig_2139	0	0	0	0	0	0	0	0	0	0	0	0	0	0	0	0	0	0	0	0	0	0	0	0	0	0	0	0	0	0	0	0	0	0	0	0	2636.1348	2622.4272	5392	123676.48	368.63318	2916.9844	2926.8623	2914.6377	5392	145130.75	397.94434	2764.2222	3762.5764	3744.7869	5392	250205.55	511.20935	3819.3643	0	0	0	0	0	0	0	0	0	0	0	0	0	0	0	0	0	0
GP3_S28_subsampled_depth_8G_contig_2143	0	0	0	0	0	0	0	0	0	0	0	0	0	0	0	0	0	0	0	0	0	0	0	0	0	0	0	0	0	0	0	0	0	0	0	0	6.150474	6.125263	4895	5.6160545	0.85501206	6.765689	2.4988408	2.298759	4241	4.1990395	0.3419123	2.3750098	0	0	0	0	0	0	0	0	0	0	0	0	0	0	0	0	0	0	0	0	0	0	0	0
GP3_S28_subsampled_depth_8G_contig_2246	81.49472	78.70466	50441	835.8538	13.677675	523.42206	85.13309	82.047745	50441	973.7392	14.267079	549.79285	86.973694	84.230965	50441	891.8179	14.742381	567.84375	102.55278	99.46192	50441	1192.7744	17.41716	698.78015	102.21417	99.11612	50441	1110.9564	17.241121	688.8897	105.666306	102.762344	50441	1150.8639	17.924328	713.83295	23.510708	23.263306	50441	48.38568	3.3425407	26.44944	20.674574	20.268652	50441	52.62259	2.8596733	19.86401	23.134697	22.802576	50441	55.51044	3.189767	23.831493	4.485057	4.334313	48783	7.7567606	20.650658	552.27057	3.3194807	3.2432892	47702	4.0657372	12.379159	328.90518	4.5850153	4.472947	49681	5.909152	16.491238	432.86124
GP3_S28_subsampled_depth_8G_contig_2271	0	0	0	0	0	0	0	0	0	0	0	0	0	0	0	0	0	0	0	0	0	0	0	0	0	0	0	0	0	0	0	0	0	0	0	0	681.68585	675.64374	6453	19419.303	95.64738	756.85535	629.90796	626.2267	6453	15560.714	85.92555	596.8608	607.27716	603.0985	6453	14665.417	82.98633	620.0102	0	0	0	0	0	0	0	0	0	0	0	0	0	0	0	0	0	0
GP3_S28_subsampled_depth_8G_contig_2272	0	0	0	0	0	0	0	0	0	0	0	0	0	0	0	0	0	0	0	0	0	0	0	0	0	0	0	0	0	0	0	0	0	0	0	0	38.781864	38.2764	5399	56.96975	5.406698	42.783066	71.9718	71.812485	5399	155.02477	9.762916	67.81571	47.20823	46.92656	5399	76.95379	6.362118	47.532867	0	0	0	0	0	0	0	0	0	0	0	0	0	0	0	0	0	0
GP4_S29_subsampled_depth_8G_contig_34	2.617237	2.544304	1442	3.376545	0.45209333	17.300865	8.5545	8.298875	1684	21.03222	1.4134632	54.468903	14.998099	14.101266	1721	110.8516	2.5730758	99.109146	1.4949303	1.4085795	1348	1.5830435	0.2508572	10.06444	1.6958175	1.5639944	1318	2.3817325	0.27797174	11.106691	1.8485425	1.8108298	0	1.9573885	0	0	54067.93	54809.152	1728	151499200	7180.9165	56822.406	75680.39	76622.14	1728	317600000	9769.084	67858.54	74726.71	75692.6	1728	299813440	9641.517	72034.03	0	0	0	0	0	0	0	0	0	0	0	0	0	0	0	0	0	0
GP4_S29_subsampled_depth_8G_contig_206	78.565796	74.43145	36520	4108.5664	13.457317	514.9893	83.52676	78.79862	36520	4933.427	14.317188	551.7236	88.01488	82.84377	36520	5489.073	15.2144575	586.02686	84.69934	79.58902	36520	5738.884	14.712835	590.2822	90.880806	85.51876	36520	5983.332	15.632975	624.6341	86.50597	81.50803	36520	5486.46	14.998799	597.3246	44.688698	43.38046	36520	490.7793	6.351423	50.25865	38.03008	37.01173	36520	313.45334	5.273119	36.62841	43.155952	41.699455	36520	468.49692	5.976091	44.64878	0	0	0	0	0	0	0	0	0	0	0	0	0	0	0	0	0	0
GP4_S29_subsampled_depth_8G_contig_302	0	0	0	0	0	0	0	0	0	0	0	0	0	0	0	0	0	0	0	0	0	0	0	0	0	0	0	0	0	0	0	0	0	0	0	0	0	0	0	0	0	0	4.1372547	4.0485764	1462	2.593977	0.51796186	3.5978937	0	0	0	0	0	0	0	0	0	0	0	0	0	0	0	0	0	0	0	0	0	0	0	0
GP4_S29_subsampled_depth_8G_contig_312	7.2827883	6.7927575	59842	30.264757	1.2211251	46.730423	7.2648187	6.8288054	59693	28.983667	1.217658	46.92339	7.211796	6.7200603	60123	29.585436	1.2170008	46.876156	7.601533	7.1547847	60300	29.883844	1.2910993	51.79917	7.2589765	6.7409563	60024	31.381834	1.2212886	48.79805	7.5769987	7.1668367	60051	29.297197	1.2828405	51.08888	7.8077984	7.096364	59649	50.254745	1.1139712	8.814828	7.088782	6.537616	59913	35.62717	0.97687256	6.785604	7.236478	6.7027936	60035	35.773895	0.9990927	7.464456	0	0	0	0	0	0	0	0	0	0	0	0	0	0	0	0	0	0
GP4_S29_subsampled_depth_8G_contig_448	25.785385	25.106703	3535	286.90652	4.450241	170.3034	45.59432	43.144276	3696	1058.7814	7.92402	305.3583	67.05494	65.6865	3490	1874.9622	11.662902	449.22922	7.4048715	6.792606	3384	41.824665	1.2931819	51.882774	9.62138	9.003306	3512	60.14707	1.6700449	66.728676	10.937483	10.393748	3389	71.731606	1.8997227	75.65612	61808.926	62030.934	3845	940428500	8519.461	67414.27	60723.785	61002.24	3845	898371000	8135.046	56508.11	44961.5	45187.62	3845	488726980	6021.858	44990.707	0	0	0	0	0	0	0	0	0	0	0	0	0	0	0	0	0	0
GP4_S29_subsampled_depth_8G_contig_489	127.89813	126.59465	11066	448.68695	21.91214	838.54144	130.03133	128.99115	11066	394.9358	22.240177	857.042	123.05982	121.14227	11066	525.7959	21.318151	821.1279	120.82585	119.74476	11066	410.22958	21.026335	843.5814	122.94824	122.1668	11066	428.1497	21.122921	843.9914	116.928635	115.65428	11066	417.25882	20.248556	806.3951	83.38448	82.87492	11066	230.28905	12.146912	96.11816	69.50577	69.47659	11066	161.24342	9.799087	68.06698	95.712166	95.03999	11066	351.31085	13.475028	100.67507	0	0	0	0	0	0	0	0	0	0	0	0	0	0	0	0	0	0
GP4_S29_subsampled_depth_8G_contig_499	926.98364	797.9241	125495	755321.56	155.17323	5938.224	951.996	824.90076	125495	750938.5	159.22469	6135.845	907.63916	775.3902	125495	778332.8	153.19933	5900.897	1277.1597	1153.0472	125495	734952.3	216.4127	8682.525	1313.4873	1197.8151	125551	685721.44	220.8132	8822.856	1277.7505	1154.3701	125578	739803.5	216.10518	8606.352	718.21857	629.6528	125625	430496.88	101.99033	807.04675	599.22	528.06775	125625	281612.06	82.74136	574.74255	636.7931	553.61017	125624	366902.2	87.9285	656.9342	2.1198406	1.9391122	97149	4.0234065	8.435597	225.59729	2.1051843	1.9236246	100125	3.6865153	7.720674	205.13264	2.2456985	2.0659618	104770	3.850219	7.989344	209.70384
GP4_S29_subsampled_depth_8G_contig_530	6553.365	6317.3545	16195	21520676	1089.0217	41675.063	6536.396	6297.754	16166	21381670	1085.4861	41830.03	6492.3413	6270.8354	16054	20932188	1087.8535	41901.7	5708.309	5522.1694	16129	15712860	960.15735	38521.727	6054.273	5865.173	16066	17319874	1010.14136	40361.406	5871.5425	5676.191	16148	16685913	985.76605	39257.95	3230.8833	3123.3586	16205	5209163	455.71487	3606.061	2833.028	2740.6387	16205	3972610.8	388.6803	2699.8723	3264.1545	3150.9248	16145	5391482	447.4202	3342.7815	7.100529	6.6901255	15146	32.545643	27.794462	743.32074	8.203425	7.8864436	15439	39.276917	29.909273	794.66766	8.629212	8.318871	14845	42.016544	30.68687	805.4678
GP4_S29_subsampled_depth_8G_contig_613	76.62394	64.582306	21753	10035.926	12.981929	496.7971	72.94912	61.902958	21756	8740.094	12.340419	475.54745	73.09695	62.227203	21727	9141.224	12.457615	479.83975	72.6731	61.184536	21754	9171.351	12.453384	499.63245	66.38355	56.660557	21761	7170.543	11.287602	451.0096	67.72306	57.425396	21761	7942.302	11.600698	461.9957	11.321303	10.771411	20906	65.81723	1.6087384	12.729901	10.480453	10.019049	21374	48.5929	1.442296	10.01855	12.184936	11.549703	21349	74.21026	1.6788042	12.542743	0	0	0	0	0	0	0	0	0	0	0	0	0	0	0	0	0	0
GP4_S29_subsampled_depth_8G_contig_685	0	0	0	0	0	0	0	0	0	0	0	0	0	0	0	0	0	0	3.0032454	3.0009012	2292	3.0559962	0.4875506	19.560635	2.9906695	3.0072105	2471	1.8728836	0.4833804	19.314043	2.4673429	2.417305	2271	2.537184	0.39904037	15.891708	0	0	0	0	0	0	1.7359027	1.6453358	2023	1.9192667	0.22914413	1.5916939	0	0	0	0	0	0	0	0	0	0	0	0	0	0	0	0	0	0	0	0	0	0	0	0
GP4_S29_subsampled_depth_8G_contig_728	7.8959556	7.4394927	3033	46.135006	1.3712988	52.477333	15.476843	15.011956	3168	101.80649	2.615092	100.77459	19.59752	19.214493	3209	182.56554	3.4129193	131.45802	0	0	0	0	0	0	4.3118067	4.109058	2999	11.429009	0.75465065	30.152964	3.268754	3.1268115	2765	7.859233	0.56979823	22.692118	27251.873	27387.857	3216	226254480	3715.104	29397.52	26941.64	27081.354	3216	215734720	3572.688	24816.793	19742.316	19824.313	3216	118809390	2616.4841	19548.365	0	0	0	0	0	0	0	0	0	0	0	0	0	0	0	0	0	0
GP4_S29_subsampled_depth_8G_contig_949	0	0	0	0	0	0	0	0	0	0	0	0	0	0	0	0	0	0	0	0	0	0	0	0	0	0	0	0	0	0	0	0	0	0	0	0	0	0	0	0	0	0	3.4107623	3.3422885	1265	3.5151446	0.44101733	3.0634184	0	0	0	0	0	0	0	0	0	0	0	0	0	0	0	0	0	0	0	0	0	0	0	0
GP4_S29_subsampled_depth_8G_contig_1307	167.79321	163.46957	11485	6152.888	28.834175	1103.4363	172.05902	167.89395	11485	6274.929	29.48598	1136.2644	176.44077	172.37704	11485	6610.674	30.5352	1176.148	187.09889	183.5813	11485	7500.882	32.550224	1305.9222	181.6891	177.55112	11485	7079.0493	31.373722	1253.5747	189.17926	185.12192	11485	7783.7334	32.88574	1309.6683	12.091487	11.728806	11485	38.226585	1.7406737	13.773905	10.067931	9.718612	11485	32.448006	1.4284726	9.922533	11.005734	10.594433	11485	39.450027	1.5673686	11.71018	7.271372	6.865628	10933	37.035755	31.67908	847.209	6.718306	6.2117023	10509	42.594986	25.962545	689.80615	9.063785	8.507988	11206	61.49787	33.46412	878.3645
GP4_S29_subsampled_depth_8G_contig_1416	38.229767	34.512268	32709	2973.0388	8.300797	317.6578	37.38272	33.509846	32709	2952.3306	8.104667	312.31958	37.614822	33.51073	32709	3095.83	8.295099	319.5087	38.356277	34.05726	32709	3569.5017	8.5744705	344.00955	37.401302	33.20706	32709	3207.2922	8.253802	329.79062	37.515404	33.25815	32709	3283.8572	8.37006	333.33615	42.697903	37.918613	32709	4058.2104	7.362291	58.257595	33.72321	30.051765	32709	2317.366	5.6499805	39.246212	42.170673	38.003105	32709	3528.4172	6.9965196	52.272644	0	0	0	0	0	0	0	0	0	0	0	0	0	0	0	0	0	0
GP4_S29_subsampled_depth_8G_contig_1587	0	0	0	0	0	0	0	0	0	0	0	0	0	0	0	0	0	0	1.7032641	1.6268533	1409	1.1516746	0.27235135	10.926795	0	0	0	0	0	0	0	0	0	0	0	0	1.4221069	1.4052719	1191	0.9538391	0.21273461	1.6833633	4.517804	4.45799	1498	3.1570692	0.62070197	4.3115554	0	0	0	0	0	0	0	0	0	0	0	0	0	0	0	0	0	0	0	0	0	0	0	0
GP4_S29_subsampled_depth_8G_contig_1605	0	0	0	0	0	0	0	0	0	0	0	0	0	0	0	0	0	0	0	0	0	0	0	0	0	0	0	0	0	0	0	0	0	0	0	0	114.850685	114.51975	5548	281.38077	16.734152	132.41695	75.40108	74.79136	5548	187.76404	10.726016	74.50563	75.044464	75.1142	5548	153.5429	10.549718	78.819435	1.8958874	1.712963	4288	3.143504	7.9011264	211.30363	0	0	0	0	0	0	1.971471	1.8792181	4766	2.1266644	7.2362022	189.93556
GP4_S29_subsampled_depth_8G_contig_1639	0	0	0	0	0	0	0	0	0	0	0	0	0	0	0	0	0	0	0	0	0	0	0	0	0	0	0	0	0	0	0	0	0	0	0	0	6.2201667	6.13926	2266	11.218512	0.86377126	6.8349967	8.562442	8.428058	2312	8.154591	1.1350064	7.8840446	7.888067	7.8751283	2307	6.5797844	1.0548196	7.880805	0	0	0	0	0	0	0	0	0	0	0	0	0	0	0	0	0	0
GP4_S29_subsampled_depth_8G_contig_1794	0	0	0	0	0	0	0	0	0	0	0	0	0	0	0	0	0	0	0	0	0	0	0	0	0	0	0	0	0	0	0	0	0	0	0	0	4.1209183	3.9914966	2092	5.331467	0.5638509	4.4617386	6.675	6.5997734	2110	4.734036	0.8715453	6.053976	4.3709183	4.2766438	2059	4.9460664	0.63667077	4.7567167	0	0	0	0	0	0	0	0	0	0	0	0	0	0	0	0	0	0
GP4_S29_subsampled_depth_8G_contig_1963	488.00513	479.4393	94312	7614.5435	81.64502	3124.4204	505.40533	496.68384	94312	7997.2183	84.48981	3255.8792	517.8413	507.9532	94312	9162.925	87.35735	3364.8105	548.173	536.6579	94312	11331.359	92.85879	3725.5146	533.5014	523.66583	94312	10491.777	89.642395	3581.7693	536.19794	526.3484	94312	10140.151	90.64958	3610.104	235.02759	234.29019	94312	4711.375	33.37466	264.09274	205.55412	204.28113	94312	3845.791	28.37454	197.09682	233.61995	232.2867	94312	4565.7534	32.25422	240.97871	2.8557274	2.72912	84270	4.3212056	11.282822	301.7421	2.9782395	2.8629434	87217	3.9819286	10.931547	290.44333	2.5961215	2.4726005	83998	3.5976944	9.228679	242.23401
GP5_S30_subsampled_depth_8G_contig_361	0	0	0	0	0	0	0	0	0	0	0	0	0	0	0	0	0	0	0	0	0	0	0	0	0	0	0	0	0	0	0	0	0	0	0	0	0	0	0	0	0	0	0	0	0	0	0	0	4.60835	4.5071745	2162	5.669507	0.61179835	4.570888	0	0	0	0	0	0	0	0	0	0	0	0	0	0	0	0	0	0
GP5_S30_subsampled_depth_8G_contig_401	153.6918	153.74324	98075	4541.7754	25.756062	985.64197	163.04916	163.19206	98079	5011.7813	27.30682	1052.2888	168.66763	168.1872	98079	5635.775	28.499296	1097.7295	165.3927	165.46884	98064	5242.5835	28.06467	1125.9606	171.48224	171.64586	98073	5571.4375	28.861334	1153.1892	166.54985	166.26797	98078	5355.267	28.209677	1123.4453	106.622856	101.17524	98079	5041.02	15.156131	119.930084	90.712814	86.56629	98059	3462.934	12.534552	87.06821	101.84235	97.71002	98075	4182.671	14.074904	105.1569	0	0	0	0	0	0	0	0	0	0	0	0	0	0	0	0	0	0
GP5_S30_subsampled_depth_8G_contig_404	121.06784	116.98706	24959	1701.3296	20.442953	782.318	125.103836	120.26387	24959	1941.527	21.106285	813.3466	132.52936	127.11541	24959	2173.8147	22.553942	868.72754	137.53871	132.52496	24959	2117.0613	23.512844	943.3407	130.78717	125.5591	24959	2066.1133	22.186407	886.4845	134.89427	129.65811	24959	2103.2358	23.016935	916.6452	27.950905	25.830982	24959	544.5391	3.9563768	31.306704	23.891653	22.420708	24929	312.87613	3.2923865	22.869747	26.938128	25.257513	24959	356.58307	3.7154627	27.759092	5.591439	5.247033	24086	17.397404	24.50036	655.22485	3.622516	3.2424202	21858	13.09956	13.48973	358.41232	6.0031843	5.6163735	24429	19.994467	21.553848	565.74457
GP5_S30_subsampled_depth_8G_contig_626	0	0	0	0	0	0	0	0	0	0	0	0	0	0	0	0	0	0	0	0	0	0	0	0	0	0	0	0	0	0	0	0	0	0	0	0	7.2050877	7.168579	2666	6.3865495	1.0200197	8.071387	4.231717	4.1681376	2666	4.7578173	0.5812775	4.0377007	7.0655804	6.997352	2666	9.538838	0.95351815	7.1239586	0	0	0	0	0	0	0	0	0	0	0	0	0	0	0	0	0	0
GP5_S30_subsampled_depth_8G_contig_669	7.575009	7.5421386	16513	8.981296	1.2594216	48.195972	7.851863	7.6821737	16447	10.786999	1.3023119	50.185566	8.044726	7.9126887	16488	11.9257145	1.3492082	51.968494	7.4538174	7.378169	16347	11.316403	1.254396	50.32662	8.106202	7.956041	16531	11.468236	1.3546542	54.126827	7.2145286	7.0538025	16502	14.538	1.2107128	48.216427	4.7782497	4.595874	15698	9.671406	0.6720544	5.3179507	4.532164	4.338929	15241	10.990376	0.6200732	4.3071866	5.5719748	5.4198356	16124	10.983805	0.7693689	5.7481346	0	0	0	0	0	0	0	0	0	0	0	0	0	0	0	0	0	0
GP5_S30_subsampled_depth_8G_contig_682	0	0	0	0	0	0	2.8385558	2.7473526	0	5.561512	0	0	7.3583107	7.01059	1228	35.185776	1.1934202	45.96787	0	0	0	0	0	0	0	0	0	0	0	0	0	0	0	0	0	0	21954.477	21722.225	1618	194560750	2907.125	23004.002	30875.705	30555.863	1618	378315330	3975.1135	27612.148	30435.684	30140.479	1618	365061900	3911.6785	29225.06	0	0	0	0	0	0	0	0	0	0	0	0	0	0	0	0	0	0
GP5_S30_subsampled_depth_8G_contig_813	8384.602	8336.539	24926	12215239	1405.2793	53777.723	8065.1475	8012.3115	24926	11556545	1350.8855	52057.4	7770.9316	7728.04	24926	10442772	1313.2446	50583.27	7093.8535	7057.6846	24926	8688944	1203.5344	48286.066	6661.702	6629.9106	24926	7619269.5	1121.1028	44795	6951.412	6915.4575	24926	8293900	1177.1537	46879.93	4598.296	4515.3247	24926	2548859.8	652.7365	5165.0864	3503.5808	3442.327	24926	1510897.1	483.5439	3358.8184	4943.5313	4864.591	24926	2843844.5	682.1962	5096.8486	166.56612	165.47116	24926	3998.8013	642.9307	17194.205	201.06999	199.74677	24926	5690.8877	737.68646	19599.799	181.68874	180.90533	24926	4613.8354	648.5452	17022.986
GP5_S30_subsampled_depth_8G_contig_876	637.35156	629.52704	45591	21032.338	106.59452	4079.198	645.72864	636.4728	45591	20592.361	107.98021	4161.099	620.3014	610.07916	45591	21833.96	104.6162	4029.5828	650.4902	640.876	45591	23559.076	110.126076	4418.2827	632.1398	623.25055	45591	20354.568	106.1881	4242.872	660.37537	650.42444	45591	23168.855	111.59448	4444.23	25.140688	24.602905	45591	122.851494	3.5643823	28.204866	23.55395	22.993692	45591	114.12395	3.2463717	22.550125	38.78339	37.95085	45591	271.5772	5.346003	39.941235	4.9836493	4.856811	44487	7.5316653	20.93652	559.9157	4.057371	3.952686	44315	5.0986233	14.987233	398.20004	6.670716	6.605081	45196	8.434548	23.810843	624.98627
GP5_S30_subsampled_depth_8G_contig_907	70.74797	68.79723	13684	2829.568	11.739197	449.23972	66.94842	64.474075	13707	2696.0522	11.087323	427.25842	65.88263	63.470737	13719	2644.2603	11.02351	424.6011	63.677338	61.748066	13698	2361.9187	10.699225	429.2552	62.55403	60.661945	13677	2152.0996	10.422671	416.45032	63.992382	61.561253	13709	2531.5176	10.708634	426.46948	7.6302295	7.3038664	12480	37.98203	1.0746487	8.503671	7.790461	7.2734227	12408	44.147038	1.0661414	7.4056897	9.378929	8.924949	13306	48.22877	1.2790699	9.556231	0	0	0	0	0	0	0	0	0	0	0	0	0	0	0	0	0	0
GP5_S30_subsampled_depth_8G_contig_912	0	0	0	0	0	0	0	0	0	0	0	0	0	0	0	0	0	0	0	0	0	0	0	0	0	0	0	0	0	0	0	0	0	0	0	0	1795.1421	1848.504	3147	442027.34	246.34325	1949.3075	1290.4343	1328.3019	3108	231871.25	171.99478	1194.7192	1440.4769	1481.4419	3139	294375.75	192.1246	1435.4073	0	0	0	0	0	0	0	0	0	0	0	0	0	0	0	0	0	0
GP5_S30_subsampled_depth_8G_contig_1495	0	0	0	0	0	0	1.930506	1.8553767	4130	2.1562364	0.35363796	13.627709	2.026244	1.7984605	0	4.4556317	0	0	0	0	0	0	0	0	0	0	0	0	0	0	0	0	0	0	0	0	3442.8318	3502.8315	4913	379371.16	481.15622	3807.376	2474.611	2512.54	4913	192499.75	336.08807	2334.5535	2726.7852	2771.2026	4913	266488.6	370.228	2766.06	0	0	0	0	0	0	0	0	0	0	0	0	0	0	0	0	0	0
GP5_S30_subsampled_depth_8G_contig_1737	17.880186	17.839056	10761	69.92097	2.9594796	113.25443	17.87276	17.84813	10758	51.825367	2.9639852	114.219475	19.194895	19.118465	10763	80.903725	3.2023644	123.347916	20.625244	20.50933	10807	84.468956	3.4589808	138.77509	20.33986	19.978968	10809	106.7228	3.3993125	135.82356	19.126032	19.211155	10737	61.525593	3.1938953	127.1963	3.5380974	3.3437467	10226	6.8938284	0.4978256	3.9392807	2.7126682	2.597072	9229	4.144832	0.36691263	2.5486672	3.3602784	3.2327044	10325	4.4538145	0.45591053	3.406216	0	0	0	0	0	0	0	0	0	0	0	0	0	0	0	0	0	0
GP5_S30_subsampled_depth_8G_contig_2003	3.9326816	3.9110646	2436	5.6271443	0.68182355	26.092278	14.092516	14.098121	2701	38.746895	2.4113324	92.92249	19.314404	19.23883	2781	96.205864	3.4280388	132.04039	3.4832644	3.3498957	2336	6.099325	0.59911966	24.036806	2.8691237	2.890188	2418	2.5344074	0.5129959	20.497375	3.1391501	3.0751567	2403	4.758659	0.57081246	22.732492	86120.39	87924.984	2809	1102569300	11666.901	92319.87	113965.945	116502.99	2809	1875317000	15011.479	104273.56	116627.49	119105.63	2809	2039937200	15354.291	114715.47	0	0	0	0	0	0	0	0	0	0	0	0	0	0	0	0	0	0
GP5_S30_subsampled_depth_8G_contig_2147	6.2668366	5.949371	11315	15.625228	1.063582	40.701515	6.335587	6.0614576	11410	13.286036	1.0605341	40.86849	5.447713	5.305531	11400	8.987015	0.9335895	35.959812	6.407235	6.2017365	11439	10.829404	1.100481	44.151546	5.6094475	5.4094234	11362	9.772815	0.9683779	38.6927	6.354026	6.139596	11343	12.539565	1.0873852	43.30493	4.0193167	3.9160082	10820	6.117997	0.56523484	4.4726877	3.6968126	3.5784802	11137	4.629794	0.5067581	3.5200698	4.0301166	3.9329822	11407	5.071889	0.55165374	4.121533	0	0	0	0	0	0	0	0	0	0	0	0	0	0	0	0	0	0
GP5_S30_subsampled_depth_8G_contig_2230	2.7241397	2.5768588	17123	4.532185	0.45422232	17.382332	3.409401	3.2693121	18844	5.5243998	0.56794274	21.886114	3.370322	3.2969568	19085	3.9285755	0.568008	21.878393	2.9794822	2.8944933	18522	3.557749	0.5040362	20.222034	2.8656065	2.7264519	18174	4.145535	0.4808437	19.21269	2.8277316	2.676569	17955	4.2007947	0.47901183	19.076561	3.3539681	3.2568834	18571	4.6238103	0.4738998	3.7499547	2.5170562	2.3815627	17672	3.745031	0.34464902	2.3940184	3.1892745	3.115985	18769	3.757029	0.44454688	3.3213127	0	0	0	0	0	0	1.7426006	1.6006577	15084	2.5391202	6.437195	171.0316	0	0	0	0	0	0
GP5_S30_subsampled_depth_8G_contig_2305	87.53915	81.56157	13612	1552.2327	15.134773	579.1829	81.228645	74.92002	13612	1699.8921	14.056948	541.6951	83.30159	78.54053	13612	1137.0011	14.465653	557.1847	76.19833	70.99488	13612	1144.3853	13.273962	532.5543	69.071754	64.38552	13612	929.0939	11.960648	477.90204	73.53447	68.92869	13612	930.7937	12.772239	508.652	13.035433	12.746368	13612	32.52834	1.8682325	14.783276	10.834868	10.566111	13612	26.290163	1.5209965	10.565231	14.095751	13.660284	13612	59.11266	1.9814019	14.80352	2.5730946	2.2548697	10678	8.068314	11.150474	298.2025	0	0	0	0	0	0	2.1745656	1.9696269	11116	4.056888	8.140186	213.66335
M1_S25_subsampled_depth_8G_contig_1036	18.892664	17.772491	19905	292.4947	3.4602215	132.41695	20.260351	18.863504	19411	353.8314	3.6840508	141.9677	18.040508	16.96539	20700	277.28638	3.338664	128.59787	16.856472	15.636804	21399	247.50717	3.1309304	125.61363	17.045763	16.26473	19767	218.07452	3.1545985	126.04575	18.265522	17.215876	21077	275.56134	3.3984358	135.34206	0	0	0	0	0	0	0	0	0	0	0	0	0	0	0	0	0	0	39.149467	31.527418	23553	2416.7344	183.0432	4895.2124	49.630005	40.428715	23553	3239.7227	221.50246	5885.1616	48.719097	39.42235	23553	3244.9294	213.51898	5604.438
M1_S25_subsampled_depth_8G_contig_1744	0	0	0	0	0	0	0	0	0	0	0	0	0	0	0	0	0	0	0	0	0	0	0	0	0	0	0	0	0	0	0	0	0	0	0	0	0	0	0	0	0	0	0	0	0	0	0	0	0	0	0	0	0	0	16.938396	16.784431	34694	25.734795	66.83851	1787.4941	20.51986	20.449663	34694	25.63599	75.79709	2013.874	15.670276	15.502863	34694	20.330442	56.515617	1483.4196
M1_S25_subsampled_depth_8G_contig_2823	4.6373277	4.451332	23962	7.313331	0.7852805	30.051395	4.86377	4.6936812	23998	7.532058	0.81470037	31.395113	4.857557	4.7814903	23785	5.973537	0.8230986	31.703934	4.62544	4.507663	23826	6.209255	0.7882794	31.625933	4.6489253	4.575682	23807	5.948566	0.7940249	31.726223	4.3649507	4.2561555	23695	5.9926023	0.743844	29.623438	0	0	0	0	0	0	0	0	0	0	0	0	0	0	0	0	0	0	28.280785	28.17663	24293	46.508305	109.71042	2934.0396	35.109432	34.962814	24293	64.027214	129.08408	3429.6707	36.585926	36.441574	24293	49.499794	130.55489	3426.8
M1_S25_subsampled_depth_8G_contig_2855	0	0	0	0	0	0	0	0	0	0	0	0	0	0	0	0	0	0	0	0	0	0	0	0	0	0	0	0	0	0	0	0	0	0	0	0	0	0	0	0	0	0	0	0	0	0	0	0	0	0	0	0	0	0	37.39458	35.554512	22366	831.89	168.57715	4508.342	40.132923	38.413483	22366	828.94385	169.18149	4495.031	37.10542	35.182087	22366	836.62756	155.73221	4087.6526
M1_S25_subsampled_depth_8G_contig_2922	4.4576855	4.3589544	19409	6.2076216	0.76912594	29.433186	4.0512524	3.978961	18829	5.5953627	0.69152385	26.648397	4.9460716	4.802794	19759	7.5294857	0.8594727	33.104992	5.2711573	5.0871296	19780	7.4781537	0.91752064	36.811134	6.3082204	6.1651707	19708	10.750322	1.1022497	44.041702	5.233993	4.9990463	19715	10.12643	0.9094194	36.217457	0	0	0	0	0	0	0	0	0	0	0	0	0	0	0	0	0	0	5.3539186	5.2168427	19726	8.031732	21.336664	570.6167	6.06226	5.9448495	19689	9.987184	22.525326	598.4815	5.093163	4.977951	19835	6.6340013	18.509941	485.8482
M1_S25_subsampled_depth_8G_contig_4547	1.5482671	1.4496492	10826	1.8355639	0.26068333	9.975924	0	0	0	0	0	0	1.6404518	1.5456742	11378	1.8472123	0.27340525	10.530959	2.2937422	2.203897	12814	2.6106155	0.387688	15.554132	2.3767364	2.3180046	12782	2.5244455	0.40192324	16.059326	2.0389364	1.9293842	12097	2.5712054	0.34455308	13.721762	0	0	0	0	0	0	0	0	0	0	0	0	0	0	0	0	0	0	8.8069315	8.727825	14404	13.824787	35.60641	952.2398	8.218676	8.183398	14404	7.689004	30.211504	802.698	9.244212	9.153001	14398	14.343428	33.408924	876.9161
M1_S25_subsampled_depth_8G_contig_4796	0	0	0	0	0	0	0	0	0	0	0	0	0	0	0	0	0	0	0	0	0	0	0	0	0	0	0	0	0	0	0	0	0	0	0	0	0	0	0	0	0	0	0	0	0	0	0	0	0	0	0	0	0	0	187.89691	170.45647	14622	18261.941	802.803	21469.752	205.37057	184.52357	14622	23462.414	828.90814	22023.496	193.75505	172.48802	14622	23580.5	766.76013	20125.887
M1_S25_subsampled_depth_8G_contig_4967	0	0	0	0	0	0	0	0	0	0	0	0	0	0	0	0	0	0	0	0	0	0	0	0	0	0	0	0	0	0	0	0	0	0	0	0	0	0	0	0	0	0	0	0	0	0	0	0	0	0	0	0	0	0	26.54161	23.478231	86714	796.6504	110.480865	2954.6428	26.353773	23.141346	86709	860.45483	104.16217	2767.5142	25.220554	21.91608	86714	828.7136	97.31127	2554.2224
M1_S25_subsampled_depth_8G_contig_5981	0	0	0	0	0	0	0	0	0	0	0	0	0	0	0	0	0	0	0	0	0	0	0	0	0	0	0	0	0	0	0	0	0	0	0	0	0	0	0	0	0	0	0	0	0	0	0	0	0	0	0	0	0	0	74.28996	71.7845	38307	1182.9066	298.51007	7983.198	76.00398	73.01747	38307	1343.4977	290.01685	7705.537	68.93758	66.382935	38307	1169.3151	257.64496	6762.6543
M1_S25_subsampled_depth_8G_contig_6455	0	0	0	0	0	0	0	0	0	0	0	0	0	0	0	0	0	0	0	0	0	0	0	0	0	0	0	0	0	0	0	0	0	0	0	0	0	0	0	0	0	0	0	0	0	0	0	0	0	0	0	0	0	0	3.645623	3.41303	3697	18.218754	28.621689	765.444	4.551627	4.2038655	3632	19.655767	29.921852	795.0019	4.4262066	4.1913967	3594	16.212067	27.6723	726.3414
M1_S25_subsampled_depth_8G_contig_7105	0	0	0	0	0	0	0	0	0	0	0	0	0	0	0	0	0	0	0	0	0	0	0	0	0	0	0	0	0	0	0	0	0	0	0	0	0	0	0	0	0	0	0	0	0	0	0	0	0	0	0	0	0	0	10.413265	8.934467	11322	271.78848	61.94729	1656.686	10.47807	8.608592	11322	414.6955	62.24507	1653.8068	10.991318	9.545645	11299	287.35602	58.57794	1537.5519
M1_S25_subsampled_depth_8G_contig_8307	0	0	0	0	0	0	0	0	0	0	0	0	0	0	0	0	0	0	0	0	0	0	0	0	0	0	0	0	0	0	0	0	0	0	0	0	0	0	0	0	0	0	0	0	0	0	0	0	0	0	0	0	0	0	5.7085176	5.5164843	13868	11.617536	22.702045	607.13184	3.8596091	3.644159	12657	9.098075	14.134218	375.53607	5.9619775	5.809082	13938	11.010538	21.535366	565.25946
M1_S25_subsampled_depth_8G_contig_9098	0	0	0	0	0	0	0	0	0	0	0	0	0	0	0	0	0	0	0	0	0	0	0	0	0	0	0	0	0	0	0	0	0	0	0	0	0	0	0	0	0	0	0	0	0	0	0	0	0	0	0	0	0	0	19.882246	19.204159	21092	92.15794	83.98919	2246.1633	15.344571	14.804966	21092	54.02414	60.460907	1606.403	20.282877	19.59253	21092	85.64388	77.35406	2030.3864
M1_S25_subsampled_depth_8G_contig_9352	45.322277	45.099113	17458	189.01184	7.8713846	301.22482	43.00936	42.7024	17458	193.14151	7.4697833	287.85373	44.434944	43.816345	17457	234.68608	7.8209853	301.24698	38.887913	38.663948	17458	150.98364	6.828236	273.9502	35.97296	35.389202	17458	149.39043	6.287617	251.2293	37.363358	36.882526	17458	144.89293	6.5675745	261.5525	0	0	0	0	0	0	0	0	0	0	0	0	2.0376704	1.8001027	13105	4.5692167	0.29950914	2.2377017	41.143517	36.902042	17458	1005.37054	165.62584	4429.412	43.281372	39.230774	17444	921.95514	161.061	4279.274	45.289692	39.372833	17400	1646.4221	164.13026	4308.085
M1_S25_subsampled_depth_8G_contig_9900	0	0	0	0	0	0	0	0	0	0	0	0	0	0	0	0	0	0	0	0	0	0	0	0	0	0	0	0	0	0	0	0	0	0	0	0	0	0	0	0	0	0	0	0	0	0	0	0	0	0	0	0	0	0	4.927229	4.823386	22879	6.849586	19.317682	516.62195	3.8417702	3.7543843	22701	4.4408116	14.03521	372.9053	4.8469744	4.768672	22726	5.8927126	17.178745	450.90704
M1_S25_subsampled_depth_8G_contig_10088	18665.613	18510.633	17603	70128180	3111.6638	119078.24	18627.77	18467.584	17603	69888760	3102.9922	119576.17	18529.44	18374.78	17603	68391140	3113.981	119943.65	16158.103	16018.86	17603	51743428	2726.409	109384.1	17045.043	16900.729	17603	58422990	2852.8308	113988.24	16640.268	16504.25	17603	55114380	2802.4368	111606.53	8292.804	8186.0576	17603	11650838	1172.737	9279.839	7262.6523	7162.138	17603	9166328	998.61993	6936.6665	8353.618	8229.219	17603	12142974	1148.4136	8580.066	22.705725	22.105417	17599	166.13379	88.93219	2378.3564	23.74738	23.196638	17582	162.83606	86.75845	2305.1096	27.14771	26.561907	17570	220.10825	96.18302	2524.6082
M1_S25_subsampled_depth_8G_contig_10839	0	0	0	0	0	0	0	0	0	0	0	0	0	0	0	0	0	0	0	0	0	0	0	0	0	0	0	0	0	0	0	0	0	0	0	0	0	0	0	0	0	0	0	0	0	0	0	0	0	0	0	0	0	0	65.048615	50.110714	21565	7576.3145	271.77365	7268.1743	72.84987	54.0331	21565	11150.868	293.02072	7785.3486	70.851974	51.64768	21565	11544.288	276.86438	7267.1245
M1_S25_subsampled_depth_8G_contig_11067	4.063277	3.833023	24197	8.6944065	0.6950531	26.59853	4.431989	4.202173	24099	10.981435	0.7608149	29.318577	4.3586597	4.163903	24008	9.670026	0.75094944	28.924906	4.4965906	4.272263	24765	9.457604	0.782302	31.386131	4.5054746	4.2723927	23859	11.473172	0.76973486	30.755684	4.2378726	4.051214	24765	8.684803	0.7413962	29.52596	0	0	0	0	0	0	0	0	0	0	0	0	0	0	0	0	0	0	212.23643	205.64708	25815	4895.272	824.3026	22044.725	236.52773	230.09619	25815	6655.4463	867.726	23054.857	244.16937	236.72237	25815	6531.2866	872.6521	22905.338
M1_S25_subsampled_depth_8G_contig_11297	0	0	0	0	0	0	0	0	0	0	0	0	0	0	0	0	0	0	0	0	0	0	0	0	0	0	0	0	0	0	0	0	0	0	0	0	0	0	0	0	0	0	0	0	0	0	0	0	0	0	0	0	0	0	36.984768	36.035755	31006	318.52826	157.2469	4205.3315	27.920696	26.763466	31006	393.9609	117.58453	3124.1372	35.246693	34.07958	31006	377.60843	140.33865	3683.6038
M1_S25_subsampled_depth_8G_contig_14438	0	0	0	0	0	0	0	0	0	0	0	0	0	0	0	0	0	0	0	0	0	0	0	0	0	0	0	0	0	0	0	0	0	0	0	0	0	0	0	0	0	0	0	0	0	0	0	0	0	0	0	0	0	0	14.373819	14.329571	12747	27.051027	56.569633	1512.8693	14.75129	14.651821	12747	19.836754	55.114	1464.3396	14.436374	14.3652	12747	24.863787	52.491375	1377.7913
M1_S25_subsampled_depth_8G_contig_17554	0	0	0	0	0	0	0	0	0	0	0	0	0	0	0	0	0	0	0	0	0	0	0	0	0	0	0	0	0	0	0	0	0	0	0	0	0	0	0	0	0	0	0	0	0	0	0	0	0	0	0	0	0	0	140.17241	124.72141	11130	20687.135	643.5008	17209.453	145.89035	129.76453	11130	21690.104	646.1883	17168.758	159.14854	140.86015	11130	26946.186	685.4836	17992.55
M1_S25_subsampled_depth_8G_contig_19643	0	0	0	0	0	0	0	0	0	0	0	0	0	0	0	0	0	0	0	0	0	0	0	0	0	0	0	0	0	0	0	0	0	0	0	0	0	0	0	0	0	0	0	0	0	0	0	0	0	0	0	0	0	0	35.843132	35.49241	54304	80.061455	142.40427	3808.3855	40.33338	39.96707	54304	86.56935	151.75044	4031.901	37.144146	36.835167	54304	83.56505	135.93095	3567.9106
M1_S25_subsampled_depth_8G_contig_19871	0	0	0	0	0	0	0	0	0	0	0	0	0	0	0	0	0	0	0	0	0	0	0	0	0	0	0	0	0	0	0	0	0	0	0	0	0	0	0	0	0	0	0	0	0	0	0	0	0	0	0	0	0	0	10.744647	10.328194	10238	34.654327	44.636116	1193.725	9.093973	8.636785	10171	29.589062	35.51938	943.7245	10.647006	10.148348	10187	43.943295	40.25887	1056.7131
M1_S25_subsampled_depth_8G_contig_20679	0	0	0	0	0	0	0	0	0	0	0	0	0	0	0	0	0	0	0	0	0	0	0	0	0	0	0	0	0	0	0	0	0	0	0	0	0	0	0	0	0	0	0	0	0	0	0	0	0	0	0	0	0	0	11.934682	9.308861	14633	271.31253	57.591507	1540.1979	11.297729	8.13832	14469	389.8547	54.28912	1442.423	11.30919	8.24135	14471	359.54755	52.12756	1368.2417
M1_S25_subsampled_depth_8G_contig_20821	0	0	0	0	0	0	0	0	0	0	0	0	0	0	0	0	0	0	1.5899861	1.5015519	14116	1.8511134	0.27450317	11.013125	0	0	0	0	0	0	2.018642	1.8856989	14938	2.9041278	0.34723157	13.828434	0	0	0	0	0	0	0	0	0	0	0	0	0	0	0	0	0	0	268.765	268.14456	18764	893.85614	1053.3976	28171.521	261.18942	261.52298	18764	509.21484	956.9232	25424.764	362.7044	362.72156	18764	758.83997	1291.6586	33903.402
M1_S25_subsampled_depth_8G_contig_21564	0	0	0	0	0	0	0	0	0	0	0	0	0	0	0	0	0	0	0	0	0	0	0	0	0	0	0	0	0	0	0	0	0	0	0	0	0	0	0	0	0	0	0	0	0	0	0	0	0	0	0	0	0	0	18.137005	17.788101	12551	38.279697	76.051056	2033.87	19.381098	18.70146	12551	53.298145	76.92682	2043.8905	17.221031	16.861662	12551	34.044285	66.4896	1745.2162
M1_S25_subsampled_depth_8G_contig_21957	8.625938	8.504547	12001	11.644288	1.4846091	56.81354	7.7312465	7.574107	12001	12.3796625	1.315548	50.695652	9.092819	8.964658	12001	14.132822	1.5687692	60.42547	10.183107	9.948064	12001	19.463348	1.7720256	71.09405	11.284449	11.032906	12001	18.908709	1.9612051	78.36232	10.841617	10.681823	12001	12.864109	1.8747333	74.660904	0	0	0	0	0	0	0	0	0	0	0	0	0	0	0	0	0	0	12.26732	12.09759	12001	23.081276	48.899845	1307.7524	12.380221	12.035999	12001	20.547405	46.57526	1237.471	11.084128	10.865754	12001	13.890216	40.366127	1059.5286
M1_S25_subsampled_depth_8G_contig_22664	0	0	0	0	0	0	0	0	0	0	0	0	0	0	0	0	0	0	0	0	0	0	0	0	0	0	0	0	0	0	0	0	0	0	0	0	0	0	0	0	0	0	0	0	0	0	0	0	0	0	0	0	0	0	8.892816	8.614027	15516	15.696611	35.20877	941.6051	8.077899	7.9750543	15458	10.042418	30.599195	812.9985	8.344917	8.193998	15492	11.905496	30.807585	808.6361
M1_S25_subsampled_depth_8G_contig_23329	0	0	0	0	0	0	0	0	0	0	0	0	0	0	0	0	0	0	0	0	0	0	0	0	0	0	0	0	0	0	0	0	0	0	0	0	0	0	0	0	0	0	0	0	0	0	0	0	0	0	0	0	0	0	28.430998	26.10957	26830	267.15186	120.31058	3217.5232	32.694828	30.421373	26830	304.26254	131.64166	3497.625	29.745876	27.319008	26830	311.40668	117.91057	3094.9111
M1_S25_subsampled_depth_8G_contig_23567	0	0	0	0	0	0	0	0	0	0	0	0	0	0	0	0	0	0	0	0	0	0	0	0	0	0	0	0	0	0	0	0	0	0	0	0	0	0	0	0	0	0	0	0	0	0	0	0	0	0	0	0	0	0	38.19202	34.44554	11727	1095.1128	161.34114	4314.824	44.798653	40.61587	11727	1358.274	178.8788	4752.6816	48.491493	43.15661	11727	1879.8258	188.69894	4952.963
M1_S25_subsampled_depth_8G_contig_23645	0	0	0	0	0	0	0	0	0	0	0	0	0	0	0	0	0	0	0	0	0	0	0	0	0	0	0	0	0	0	0	0	0	0	0	0	0	0	0	0	0	0	0	0	0	0	0	0	0	0	0	0	0	0	7.153896	7.045422	3256	9.126711	26.925951	720.094	7.2755957	7.189914	3245	10.319515	27.372194	727.25946	7.8425627	7.786123	3256	6.005158	28.441181	746.5229
M1_S25_subsampled_depth_8G_contig_25043	5835.9	5914.0776	43547	941512.94	977.60187	37411.207	5638.3096	5710.2197	43547	889891.75	943.77966	36369.27	5746.11	5822.3184	43547	900372.44	970.5868	37384.84	5305.4136	5376.62	43547	752262.56	899.6759	36095.2	4993.1406	5062.376	43547	659898.1	839.84235	33556.906	5174.2627	5244.418	43547	732895.94	875.75665	34876.848	2787.9207	2682.982	43547	1775190.4	398.7484	3155.285	2372.3892	2279.1096	43547	1332762.6	329.97284	2292.0754	2728.001	2627.734	43547	1551991.8	379.20084	2833.098	10.727816	10.672009	43547	14.437575	41.42257	1107.7839	12.262461	12.193451	43547	13.515589	45.02549	1196.2949	12.595433	12.480197	43547	15.9629	44.98925	1180.8759
M1_S25_subsampled_depth_8G_contig_26028	0	0	0	0	0	0	0	0	0	0	0	0	0	0	0	0	0	0	0	0	0	0	0	0	0	0	0	0	0	0	0	0	0	0	0	0	0	0	0	0	0	0	0	0	0	0	0	0	0	0	0	0	0	0	6.740417	6.6436124	4037	7.9966745	26.060211	696.9407	7.956007	7.833667	4037	10.523799	28.89057	767.60187	6.806535	6.8002286	4037	6.407235	24.92786	654.30566
M1_S25_subsampled_depth_8G_contig_27673	0	0	0	0	0	0	0	0	0	0	0	0	0	0	0	0	0	0	0	0	0	0	0	0	0	0	0	0	0	0	0	0	0	0	0	0	0	0	0	0	0	0	0	0	0	0	0	0	0	0	0	0	0	0	17.971127	14.050829	11406	511.65952	88.77773	2374.2263	20.5191	16.766186	11406	455.99716	94.102875	2500.2454	17.250267	13.776254	11406	372.33017	77.95109	2046.0573
M1_S25_subsampled_depth_8G_contig_29581	0	0	0	0	0	0	0	0	0	0	0	0	0	0	0	0	0	0	0	0	0	0	0	0	0	0	0	0	0	0	0	0	0	0	0	0	0	0	0	0	0	0	0	0	0	0	0	0	0	0	0	0	0	0	20.870724	17.064949	11405	527.04486	90.08272	2409.1255	23.297646	19.214293	11405	581.9706	95.84767	2546.6033	22.756287	18.724312	11405	590.6355	91.52194	2402.2644
M1_S25_subsampled_depth_8G_contig_30216	0	0	0	0	0	0	0	0	0	0	0	0	0	0	0	0	0	0	0	0	0	0	0	0	0	0	0	0	0	0	0	0	0	0	0	0	0	0	0	0	0	0	0	0	0	0	0	0	0	0	0	0	0	0	4.9256945	4.7479134	10792	9.411115	19.717928	527.3261	3.3115213	3.2258422	10599	4.388101	11.986423	318.47073	4.4870124	4.4239316	10779	5.2560077	15.773231	414.01514
M1_S25_subsampled_depth_8G_contig_31163	0	0	0	0	0	0	0	0	0	0	0	0	0	0	0	0	0	0	0	0	0	0	0	0	0	0	0	0	0	0	0	0	0	0	0	0	0	0	0	0	0	0	0	0	0	0	0	0	0	0	0	0	0	0	23.705921	21.603628	38116	1345.489	100.24156	2680.8093	23.420877	21.59722	38116	1113.2451	93.644554	2488.068	22.935917	20.973017	38116	1206.8317	90.32847	2370.9375
M1_S25_subsampled_depth_8G_contig_478|provirus_9696_22059	0	0	0	0	0	0	0	0	0	0	0	0	0	0	0	0	0	0	0	0	0	0	0	0	0	0	0	0	0	0	0	0	0	0	0	0	0	0	0	0	0	0	0	0	0	0	0	0	0	0	0	0	0	0	39.055756	39.000546	12364	56.279785	151.1674	4042.7432	37.63206	37.330727	12364	53.625195	138.56023	3681.4458	38.303093	38.305893	12364	42.517155	137.5448	3610.2693
M1_S25_subsampled_depth_8G_contig_619|provirus_113389_153648	1.6866617	1.5652077	30876	2.183449	0.28292724	10.827162	1.5591873	1.4491136	30452	1.8802512	0.2614322	10.074485	0	0	0	0	0	0	1.6551982	1.5457618	31270	2.0046225	0.2812099	11.282199	1.909449	1.7906371	31740	2.6918426	0.31962058	12.770832	1.9878584	1.8790581	32811	2.466705	0.33757648	13.443917	0	0	0	0	0	0	0	0	0	0	0	0	0	0	0	0	0	0	45.45191	45.178337	40260	78.591934	175.52962	4694.273	45.208603	44.936012	40260	82.92019	166.15105	4414.515	43.68312	43.561108	40260	63.056522	156.18492	4099.536
M1_S25_subsampled_depth_8G_contig_967|provirus_11758_45076	3.5765927	3.4565036	31690	5.3122787	0.60129184	23.010439	3.3620248	3.2804744	31449	4.025531	0.5637719	21.725388	3.617655	3.4997823	31952	4.8964996	0.61461246	23.673517	3.4729416	3.4188523	31765	4.054389	0.5938696	23.826174	3.4221714	3.2773926	31520	5.2561307	0.58347887	23.313606	3.8005366	3.689512	32332	5.024794	0.6492794	25.857445	0	0	0	0	0	0	0	0	0	0	0	0	0	0	0	0	0	0	339.00507	339.37427	33319	1324.2711	1321.418	35339.316	318.1529	317.6064	33319	619.4187	1170.0393	31087.102	329.53018	329.26617	33319	557.3328	1179.6409	30963.166
M1_S25_subsampled_depth_8G_contig_1217|provirus_342_25683	4.004049	3.737232	19881	13.350148	0.6811768	26.067507	3.9023898	3.6765018	20081	11.990749	0.6667118	25.692263	3.8245475	3.5391638	19263	13.224585	0.6546823	25.216915	4.0116305	3.717959	19836	13.960208	0.6882348	27.612131	4.071253	3.8258357	21817	12.337069	0.6963143	27.822063	4.0672436	3.8533564	20052	12.8973875	0.69698477	27.75729	0	0	0	0	0	0	0	0	0	0	0	0	0	0	0	0	0	0	7.9224358	7.7540793	25213	16.118317	31.524782	843.0827	6.4052477	6.3209405	24701	11.343012	23.467337	623.51044	10.700937	10.53321	25183	25.454607	38.54854	1011.82086
M1_S25_subsampled_depth_8G_contig_1489|provirus_3_11988	0	0	0	0	0	0	0	0	0	0	0	0	0	0	0	0	0	0	0	0	0	0	0	0	0	0	0	0	0	0	0	0	0	0	0	0	0	0	0	0	0	0	0	0	0	0	0	0	0	0	0	0	0	0	234.43385	234.2904	11986	489.9853	915.40234	24481.047	244.1056	244.53154	11986	485.46716	903.24945	23998.695	239.84631	240.47278	11986	413.78284	863.08514	22654.227
M1_S25_subsampled_depth_8G_contig_1492|provirus_35704_82862	9.4527855	9.368669	47089	17.875755	1.5870916	60.735367	9.522134	9.421021	46977	17.756031	1.603954	61.809586	9.603437	9.454111	47107	18.92481	1.6318978	62.857056	10.181348	10.106053	47093	17.207731	1.7340266	69.56952	8.93748	8.833345	47097	18.447184	1.507981	60.25318	10.047012	9.994139	47087	18.22877	1.7097211	68.08932	0	0	0	0	0	0	0	0	0	0	0	0	0	0	0	0	0	0	111.99081	111.74261	47159	291.71597	433.7975	11601.259	140.49493	140.34735	47159	394.21442	516.80646	13731.176	125.39261	125.12156	47159	318.79306	448.91885	11783.205
M1_S25_subsampled_depth_8G_contig_1568|provirus_1_15546	0	0	0	0	0	0	0	0	0	0	0	0	0	0	0	0	0	0	0	0	0	0	0	0	0	0	0	0	0	0	0	0	0	0	0	0	0	0	0	0	0	0	0	0	0	0	0	0	0	0	0	0	0	0	34.408676	34.5547	15546	98.72491	132.52708	3544.2358	52.283062	52.15998	15546	102.9368	192.79573	5122.444	41.60665	41.46724	15546	87.76109	149.33331	3919.695
M1_S25_subsampled_depth_8G_contig_1963|provirus_66386_101056	0	0	0	0	0	0	0	0	0	0	0	0	0	0	0	0	0	0	0	0	0	0	0	0	0	0	0	0	0	0	0	0	0	0	0	0	0	0	0	0	0	0	0	0	0	0	0	0	0	0	0	0	0	0	21.60285	21.531399	34671	28.883516	83.99866	2246.417	25.890415	25.791239	34671	42.19548	95.459785	2536.2979	23.644623	23.3985	34671	37.34254	85.17704	2235.7234
M1_S25_subsampled_depth_8G_contig_2068|provirus_2_34931	0	0	0	0	0	0	0	0	0	0	0	0	0	0	0	0	0	0	0	0	0	0	0	0	0	0	0	0	0	0	0	0	0	0	0	0	0	0	0	0	0	0	0	0	0	0	0	0	0	0	0	0	0	0	25.53916	25.42681	34930	46.962738	99.61176	2663.9656	26.5569	26.434126	34930	38.46597	97.87047	2600.3486	28.446089	28.383299	34930	33.768826	102.3066	2685.3396
M1_S25_subsampled_depth_8G_contig_2306|provirus_186217_231038	79.82278	80.13391	44822	2111.8474	13.387971	512.33575	81.436295	81.58508	44822	2245.5496	13.651785	526.082	78.58462	78.8444	44822	2083.187	13.2994	512.26337	80.69728	80.65766	44822	2230.2083	13.696086	549.48987	82.624214	82.59339	44822	2267.6511	13.911714	555.8592	79.09868	79.21096	44822	2049.616	13.410857	534.085	45.46969	43.20308	36837	1320.1564	6.4993253	51.428967	37.65654	35.653408	38440	928.5947	5.25436	36.498104	46.88964	44.49617	38480	1392.8906	6.524069	48.74284	33.514057	33.413895	44822	55.601173	131.07504	3505.4038	32.908535	32.80237	44822	46.949295	120.88708	3211.882	37.140087	36.96065	44822	45.947014	132.8482	3486.994
M1_S25_subsampled_depth_8G_contig_2662|provirus_3_24166	0	0	0	0	0	0	0	0	0	0	0	0	0	0	0	0	0	0	0	0	0	0	0	0	0	0	0	0	0	0	0	0	0	0	0	0	0	0	0	0	0	0	0	0	0	0	0	0	0	0	0	0	0	0	22.093363	19.96368	24164	359.38495	90.27319	2414.2197	20.567253	18.62589	24164	282.38968	78.88845	2096.01	22.7835	20.83298	24164	303.29227	84.90943	2228.6995
M1_S25_subsampled_depth_8G_contig_3339|provirus_12489_22952	0	0	0	0	0	0	0	0	0	0	0	0	0	0	0	0	0	0	0	0	0	0	0	0	0	0	0	0	0	0	0	0	0	0	0	0	0	0	0	0	0	0	0	0	0	0	0	0	0	0	0	0	0	0	34.86087	34.6313	10464	62.8387	135.41484	3621.4644	53.998642	53.997845	10464	68.04557	199.94363	5312.3574	38.436493	38.38949	10464	74.4888	139.2951	3656.212
M1_S25_subsampled_depth_8G_contig_3536|provirus_46937_83087	0	0	0	0	0	0	0	0	0	0	0	0	0	0	0	0	0	0	0	0	0	0	0	0	0	0	0	0	0	0	0	0	0	0	0	0	0	0	0	0	0	0	0	0	0	0	0	0	0	0	0	0	0	0	12.669815	12.557513	36151	19.166721	49.518135	1324.2876	13.650288	13.562853	36151	17.270527	50.113003	1331.4666	11.883864	11.768433	36151	16.676874	42.77728	1122.8165
M1_S25_subsampled_depth_8G_contig_4181|provirus_569_10783	0	0	0	0	0	0	0	0	0	0	0	0	0	0	0	0	0	0	0	0	0	0	0	0	0	0	0	0	0	0	0	0	0	0	0	0	0	0	0	0	0	0	0	0	0	0	0	0	0	0	0	0	0	0	115.79623	115.59179	10215	253.24742	456.32425	12203.703	120.41043	120.25742	10215	165.47714	444.48022	11809.519	110.513664	110.507454	10215	130.51471	397.5213	10434.126
M1_S25_subsampled_depth_8G_contig_4326|provirus_32187_61418	0	0	0	0	0	0	0	0	0	0	0	0	0	0	0	0	0	0	0	0	0	0	0	0	0	0	0	0	0	0	0	0	0	0	0	0	0	0	0	0	0	0	0	0	0	0	0	0	0	0	0	0	0	0	20.199574	20.13796	29232	35.253242	78.558754	2100.935	19.565092	19.427982	29232	26.165245	71.87372	1909.6329	21.06743	20.930809	29232	27.442059	75.498924	1981.6926
M1_S25_subsampled_depth_8G_contig_5455|provirus_24147_41886	2.1360433	1.6484336	14292	16.666065	0.49577194	18.972383	2.499261	2.1027665	15875	12.230115	0.54646665	21.058514	2.0694714	1.674962	13511	9.285069	0.4711949	18.149384	2.2657192	1.8943911	14877	9.243506	0.49014223	19.66461	0	0	0	0	0	0	2.3417852	1.8306594	14355	16.57213	0.5437387	21.654293	0	0	0	0	0	0	0	0	0	0	0	0	0	0	0	0	0	0	28.407618	23.236294	17740	1508.0603	142.6073	3813.8152	40.064754	33.171867	17740	2769.2554	189.63646	5038.504	36.742184	30.186647	17740	2297.9834	171.08636	4490.6665
M1_S25_subsampled_depth_8G_contig_6576|provirus_78064_115505	0	0	0	0	0	0	0	0	0	0	0	0	0	0	0	0	0	0	0	0	0	0	0	0	0	0	0	0	0	0	0	0	0	0	0	0	0	0	0	0	0	0	0	0	0	0	0	0	0	0	0	0	0	0	26.127079	25.999672	37442	48.21319	100.21671	2680.1445	33.58353	33.435825	37442	45.644554	123.68838	3286.3115	27.723185	27.644142	37442	38.00153	99.30284	2606.497
M1_S25_subsampled_depth_8G_contig_7310|provirus_1_21062	0	0	0	0	0	0	0	0	0	0	0	0	0	0	0	0	0	0	0	0	0	0	0	0	0	0	0	0	0	0	0	0	0	0	0	0	0	0	0	0	0	0	0	0	0	0	0	0	0	0	0	0	0	0	17.015303	16.144938	21062	71.785995	67.744934	1811.7358	19.028309	18.254702	21062	62.56187	71.6743	1904.3352	18.136572	17.341887	21062	62.06121	66.40881	1743.0955
M1_S25_subsampled_depth_8G_contig_8887|provirus_73183_126311	5.8735723	5.2923474	51022	40.761013	1.0283425	39.35299	5.578569	5.0666485	51125	31.34463	0.966841	37.257954	5.622832	5.110878	50697	35.971977	0.9927822	38.23976	5.733838	5.1515217	51610	41.241	1.0193992	40.898514	5.0770493	4.4577103	50555	36.679176	0.8955271	35.781857	5.622511	5.0399513	52112	35.79787	0.9925737	39.52906	0	0	0	0	0	0	0	0	0	0	0	0	0	0	0	0	0	0	31.6032	22.089067	53126	2980.0415	132.52779	3544.2544	38.629345	27.423904	53129	4207.737	154.1332	4095.2083	37.225975	24.458235	53129	5337.252	146.79587	3853.0918
M1_S25_subsampled_depth_8G_contig_10671|provirus_66_15637	0	0	0	0	0	0	0	0	0	0	0	0	0	0	0	0	0	0	0	0	0	0	0	0	0	0	0	0	0	0	0	0	0	0	0	0	0	0	0	0	0	0	0	0	0	0	0	0	0	0	0	0	0	0	25.74893	25.220821	15572	66.110886	106.68915	2853.24	25.564064	25.062897	15572	53.713768	98.921936	2628.2844	24.252497	23.541426	15572	73.79684	91.437256	2400.0408
M1_S25_subsampled_depth_8G_contig_10741|provirus_3613_42685	20.528505	19.903828	38796	97.0985	3.4376414	131.55286	19.787529	19.359797	38456	79.41542	3.311112	127.59626	20.653881	20.05872	38764	95.02086	3.4846992	134.22287	26.764767	26.410921	38429	101.99111	4.5381546	182.07175	27.429361	27.193428	38306	88.84713	4.605449	184.0162	28.060633	27.600183	38773	108.23041	4.7517457	189.23747	6.5610824	5.9821587	37777	28.353207	0.94065005	7.443337	6.032988	5.6231623	37936	19.38106	0.8455789	5.873605	6.921563	6.518398	38519	20.660076	0.96690416	7.223968	132.63191	131.4478	39073	506.1261	524.103	14016.342	134.4314	133.53758	39073	386.39822	496.37585	13188.348	194.7304	193.46753	39073	589.4723	698.88715	18344.365
M1_S25_subsampled_depth_8G_contig_12814|provirus_82121_117752	0	0	0	0	0	0	0	0	0	0	0	0	0	0	0	0	0	0	0	0	0	0	0	0	0	0	0	0	0	0	0	0	0	0	0	0	0	0	0	0	0	0	0	0	0	0	0	0	0	0	0	0	0	0	38.075447	37.03554	35632	149.33531	146.93524	3929.5615	40.034664	39.282772	35632	110.21158	147.10944	3908.5918	37.57804	36.87825	35632	96.201546	134.4825	3529.8914
M1_S25_subsampled_depth_8G_contig_14093|provirus_111307_147878	5.4664216	4.7504272	34750	29.744553	0.93506384	35.78336	5.3642855	4.541977	33604	33.981625	0.92259824	35.553005	5.622673	4.6055827	34117	43.9538	0.9663551	37.221867	8.050766	7.282825	35991	45.3626	1.3958435	56.00153	7.94086	6.9955153	35911	48.006996	1.3576366	54.245995	8.379029	7.6144905	35991	43.208714	1.4461105	57.591118	0	0	0	0	0	0	0	0	0	0	0	0	0	0	0	0	0	0	12.329993	12.21025	36572	29.926004	47.614655	1273.3818	13.908709	13.731635	36572	38.789368	51.16075	1359.3041	13.436714	13.304667	36572	32.41943	48.139442	1263.5621
M1_S25_subsampled_depth_8G_contig_16416|provirus_6128_17964	54.77599	54.422092	10850	2001.8737	9.075777	347.3151	54.302303	53.819946	9457	2015.2822	8.998192	346.75214	52.61453	52.349464	10521	1821.2283	8.791776	338.63968	77.89227	77.710045	10982	3974.2974	13.077959	524.69055	82.01498	82.040215	10934	4441.1426	13.664488	545.9809	81.61401	81.2948	10851	4447.1763	13.668323	544.3385	0	0	0	0	0	0	24.27937	23.764046	9097	431.42722	3.3148642	23.025894	27.24292	26.533892	0	557.91693	0	0	7.912809	7.7564406	11800	15.373283	31.848007	851.7266	7.152306	6.929746	11732	16.867437	26.166504	695.22534	9.961752	9.801883	11827	19.307537	35.40838	929.39777
M1_S25_subsampled_depth_8G_contig_17773|provirus_11713_44919	2.140152	2.048701	28624	2.4413624	0.36123303	13.823792	2.1951478	2.0615065	28485	2.9715056	0.37686282	14.522706	2.2946427	2.1839142	28512	2.9529335	0.39250574	15.118459	2.197719	2.1004605	28557	2.7026775	0.38009918	15.249652	2.0778956	1.9607434	27560	2.835383	0.3524862	14.084	2.135342	2.0173428	27549	3.042246	0.36942142	14.712137	0	0	0	0	0	0	0	0	0	0	0	0	0	0	0	0	0	0	24.465801	24.267939	33207	42.949238	95.47381	2553.3018	30.473667	30.30844	33207	40.89282	113.1209	3005.541	30.092386	29.816858	33207	50.173977	108.45318	2846.6748
M1_S25_subsampled_depth_8G_contig_18731|provirus_108393_166623	2.2762177	2.1762288	51383	2.6249247	0.381702	14.607102	2.28536	2.1725173	51042	2.8809304	0.3818238	14.713863	2.1027186	2.0090103	50278	2.354497	0.35603625	13.713731	2.1320913	2.0207946	47722	2.9514565	0.36257467	14.546575	2.0148413	1.8991257	47894	2.638967	0.33993685	13.582583	2.2608943	2.1664531	50490	2.680986	0.3828728	15.247849	0	0	0	0	0	0	0	0	0	0	0	0	0	0	0	0	0	0	32.57098	32.40734	58231	56.85613	126.750244	3389.743	40.75512	40.27431	58231	77.18716	151.01157	4012.2695	35.714745	35.303734	58231	77.30991	128.7128	3378.4487
M1_S25_subsampled_depth_8G_contig_24130|provirus_63222_110829	0	0	0	0	0	0	0	0	0	0	0	0	0	0	0	0	0	0	0	0	0	0	0	0	0	0	0	0	0	0	0	0	0	0	0	0	0	0	0	0	0	0	0	0	0	0	0	0	0	0	0	0	0	0	39.62788	39.55029	47608	57.052616	153.53639	4106.0977	48.353577	48.250786	47608	68.98304	177.40425	4713.504	46.183403	46.132813	47608	56.680614	164.9326	4329.145
M1_S25_subsampled_depth_8G_contig_25429|provirus_20734_39786	5.3403163	5.2493978	18910	6.824979	0.89676046	34.317547	4.255515	4.164815	18705	5.0089855	0.71893907	27.704874	4.888166	4.8142595	18770	6.282171	0.8281071	31.896845	4.5112414	4.3863516	18661	5.991818	0.77220714	30.981123	4.5516586	4.482807	18811	4.7323728	0.76560223	30.590555	4.892927	4.7608886	18559	7.5738697	0.8295315	33.035927	0	0	0	0	0	0	0	0	0	0	0	0	0	0	0	0	0	0	21.768978	21.684652	19053	34.16379	83.45829	2231.9656	26.902025	26.901253	19053	31.968918	98.9243	2628.3472	23.684124	23.619997	19053	27.734472	84.901825	2228.4995
M1_S25_subsampled_depth_8G_contig_25748|provirus_291_45867	0	0	0	0	0	0	0	0	0	0	0	0	0	0	0	0	0	0	0	0	0	0	0	0	0	0	0	0	0	0	0	0	0	0	0	0	0	0	0	0	0	0	0	0	0	0	0	0	0	0	0	0	0	0	15.092214	14.922465	45577	24.53257	60.580673	1620.1382	11.644793	11.548612	45577	13.433463	43.00798	1142.691	14.818962	14.693628	45577	18.263527	53.121067	1394.3195
M1_S25_subsampled_depth_8G_contig_27189|provirus_32361_87789	0	0	0	0	0	0	0	0	0	0	0	0	0	0	0	0	0	0	0	0	0	0	0	0	0	0	0	0	0	0	0	0	0	0	0	0	0	0	0	0	0	0	0	0	0	0	0	0	0	0	0	0	0	0	26.84325	26.565796	55429	44.408264	104.93453	2806.3147	28.828688	28.770205	55429	34.005356	106.08119	2818.501	26.253044	26.125921	55429	34.934494	94.340675	2476.25
M1_S25_subsampled_depth_8G_contig_28783|provirus_139286_152070	10.4040365	10.233888	12785	14.001617	1.7385132	66.53004	10.206173	10.15994	12785	14.074551	1.7174033	66.18142	9.946498	9.824673	12785	14.371369	1.6852076	64.91045	8.994381	8.8630085	12785	11.186367	1.5217565	61.0532	7.850495	7.7592545	12785	9.3661995	1.318912	52.698704	9.494024	9.412468	12769	12.106716	1.5965345	63.581684	0	0	0	0	0	0	0	0	0	0	0	0	0	0	0	0	0	0	22.098616	22.056625	12785	29.29755	85.03083	2274.0203	34.142857	33.994987	12785	44.85383	125.907776	3345.2803	29.103363	28.983469	12785	35.35802	104.33578	2738.6008
M1_S25_subsampled_depth_8G_contig_29802|provirus_50_34921	1.9607166	1.812032	28043	2.9911702	0.3295324	12.610664	1.8258741	1.696096	28270	2.3653476	0.31193453	12.020633	1.7099533	1.581504	27063	2.349873	0.29507774	11.365743	2.3153045	2.18368	30278	3.3052633	0.39704922	15.929702	2.0528195	1.87856	27043	3.7313766	0.34870562	13.932959	2.1864812	2.032672	28959	3.3565142	0.37075886	14.765395	0	0	0	0	0	0	0	0	0	0	0	0	0	0	0	0	0	0	26.0252	25.832832	34872	53.511562	102.18152	2732.6904	30.111803	29.728512	34872	68.40321	112.12138	2978.985	30.859167	30.568577	34872	70.29322	111.74818	2933.1611
M1_S25_subsampled_depth_8G_contig_29824|provirus_2_13023	0	0	0	0	0	0	0	0	0	0	0	0	0	0	0	0	0	0	0	0	0	0	0	0	0	0	0	0	0	0	0	0	0	0	0	0	0	0	0	0	0	0	0	0	0	0	0	0	0	0	0	0	0	0	16.3642	14.665717	13022	212.84442	69.51328	1859.0278	17.838331	16.03582	13022	246.3868	72.539	1927.3094	18.994095	17.533144	13022	172.50124	73.12808	1919.4633
M1_S25_subsampled_depth_8G_contig_31563|provirus_139863_178318	0	0	0	0	0	0	0	0	0	0	0	0	0	0	0	0	0	0	0	0	0	0	0	0	0	0	0	0	0	0	0	0	0	0	0	0	0	0	0	0	0	0	0	0	0	0	0	0	0	0	0	0	0	0	41.11659	40.770824	38456	93.49949	161.06586	4307.4624	40.82791	40.336468	38456	85.8396	151.37062	4021.8086	43.1529	42.87397	38456	75.05631	155.34097	4077.3833
M2_S26_subsampled_depth_8G_contig_2313	3.2686691	3.168186	13674	4.3421082	0.5462548	20.904282	2.6182034	2.5447311	12632	3.17075	0.43838096	16.893354	2.8567655	2.7823703	13701	3.2962198	0.48080122	18.51939	3.1221666	3.0038629	13518	4.3392224	0.5386843	21.612122	2.9627311	2.8870518	13350	3.5573342	0.50624216	20.227512	2.553261	2.4660075	13550	2.70153	0.43434113	17.297565	0	0	0	0	0	0	0	0	0	0	0	0	0	0	0	0	0	0	7.190933	7.105377	14326	10.836498	28.204063	754.275	7.2913365	7.2008653	14496	8.23568	27.03036	718.1771	6.548046	6.3872066	14464	9.542613	23.905907	627.48145
M2_S26_subsampled_depth_8G_contig_2829	0	0	0	0	0	0	0	0	0	0	0	0	0	0	0	0	0	0	0	0	0	0	0	0	0	0	0	0	0	0	0	0	0	0	0	0	0	0	0	0	0	0	0	0	0	0	0	0	0	0	0	0	0	0	170.86813	152.93085	31623	10965.523	673.3239	18007.031	180.73924	160.96829	31623	12544.602	672.6052	17870.639	170.10501	150.3361	31623	12909.813	617.2133	16200.587
M2_S26_subsampled_depth_8G_contig_5450	5.0045476	4.7331743	10176	15.442612	0.88385546	33.823704	5.1423545	4.8597713	9871	18.088633	0.90233487	34.77217	4.9483438	4.6464252	9722	18.386072	0.8760391	33.74306	4.591385	4.2348905	9733	17.413042	0.8057513	32.326923	4.6472454	4.3551	9617	16.651234	0.8202766	32.775146	4.6820836	4.4100094	9141	16.73021	0.845204	33.660107	0	0	0	0	0	0	0	0	0	0	0	0	0	0	0	0	0	0	33.79355	33.780552	11804	123.976746	130.8119	3498.3657	44.252533	44.561867	11804	177.75818	161.11989	4280.8394	41.067875	41.124214	11804	200.95529	146.06543	3833.9197
M2_S26_subsampled_depth_8G_contig_5664	0	0	0	0	0	0	0	0	0	0	0	0	0	0	0	0	0	0	0	0	0	0	0	0	0	0	0	0	0	0	0	0	0	0	0	0	0	0	0	0	0	0	0	0	0	0	0	0	0	0	0	0	0	0	256.59586	225.03769	14976	29603.266	1038.077	27761.795	295.3533	260.11832	14976	36005.504	1143.2382	30375.016	286.16922	250.65437	14976	36499.902	1077.2561	28275.775
M2_S26_subsampled_depth_8G_contig_6436	651.91846	655.9023	45224	175076.64	108.838264	4165.0615	640.8631	644.26044	45478	168960.83	106.90207	4119.553	632.64404	636.3217	45069	162978.73	106.48976	4101.7495	634.98535	638.81805	45321	167049.38	107.28224	4304.188	651.21326	655.8907	45068	173317	109.152115	4361.304	646.5835	651.04517	45359	173638.63	109.03128	4342.151	219.0805	215.99623	44624	20594.402	31.011381	245.39226	189.2479	185.91478	44383	15673.849	26.057238	181.00027	223.12146	219.76962	44187	21730.818	30.72376	229.54451	6.98817	6.844254	44914	14.309552	27.380344	732.2455	8.541536	8.425535	45561	15.049299	31.360857	833.2351	8.014667	7.8992476	45342	15.29488	28.730507	754.1171
M2_S26_subsampled_depth_8G_contig_9100	54.01776	53.574753	16754	137.49097	9.0643215	346.87665	54.58053	53.964947	16751	150.42787	9.135073	352.02698	56.736046	56.22657	16752	160.67172	9.569235	368.5856	61.184055	60.33775	16758	228.32538	10.379704	416.43604	60.78319	60.26684	16747	156.10043	10.236618	409.01636	60.458607	59.621178	16754	206.2724	10.264528	408.78296	7.212054	6.728477	15928	35.49525	1.0255554	8.115189	5.888735	5.5769615	16128	19.25231	0.8075616	5.609531	7.604251	7.305907	16138	26.579702	1.043293	7.7946906	5.4118853	5.2438293	16496	8.674571	22.854124	611.1988	4.915347	4.7518897	16242	8.094713	18.054838	479.7041	6.112469	6.0291657	16431	9.64426	21.815166	572.60364
M2_S26_subsampled_depth_8G_contig_9746	0	0	0	0	0	0	0	0	0	0	0	0	0	0	0	0	0	0	0	0	0	0	0	0	0	0	0	0	0	0	0	0	0	0	0	0	0	0	0	0	0	0	0	0	0	0	0	0	0	0	0	0	0	0	6.6296005	6.4408116	14062	10.40379	25.425243	679.95966	6.9171557	6.821798	14116	5.9720106	25.29368	672.03467	7.0935845	6.90175	14092	10.851603	25.179224	660.9032
M2_S26_subsampled_depth_8G_contig_10314	0	0	0	0	0	0	0	0	0	0	0	0	0	0	0	0	0	0	0	0	0	0	0	0	0	0	0	0	0	0	0	0	0	0	0	0	0	0	0	0	0	0	0	0	0	0	0	0	0	0	0	0	0	0	91.89574	85.309326	22843	1908.8137	373.36316	9985.033	99.78658	93.133026	22843	1930.7372	383.63156	10192.818	90.90186	83.098015	22843	2238.9753	342.52402	8990.559
M2_S26_subsampled_depth_8G_contig_11304	0	0	0	0	0	0	0	0	0	0	0	0	0	0	0	0	0	0	0	0	0	0	0	0	0	0	0	0	0	0	0	0	0	0	0	0	0	0	0	0	0	0	0	0	0	0	0	0	0	0	0	0	0	0	19.152952	17.631172	14684	111.28226	76.42247	2043.8027	22.67662	21.399557	14684	89.21145	84.597694	2247.6997	17.033852	15.978673	14684	69.39388	62.335823	1636.1879
M2_S26_subsampled_depth_8G_contig_15121	27.086168	26.137672	32512	141.23495	4.515698	172.80838	26.484568	25.46253	32614	136.78781	4.4158926	170.1698	26.183844	25.142374	32514	136.38188	4.402626	169.57928	26.84699	25.29009	32663	257.019	4.532845	181.85883	25.165947	23.914711	32512	200.33525	4.2091255	168.1807	26.069885	24.3814	32522	256.27673	4.394005	174.99034	11.143575	11.137335	31621	28.478306	1.5790274	12.494808	9.11609	9.002807	31770	22.54884	1.2533718	8.7062435	10.017349	9.934528	32096	23.80288	1.3764014	10.28342	12.043678	11.852079	33004	20.977331	47.549057	1271.6276	12.026115	11.791512	33004	18.614183	44.58987	1184.7211	11.10157	10.982009	32983	16.640072	40.10915	1052.7837
M2_S26_subsampled_depth_8G_contig_17044	0	0	0	0	0	0	0	0	0	0	0	0	0	0	0	0	0	0	0	0	0	0	0	0	0	0	0	0	0	0	0	0	0	0	0	0	0	0	0	0	0	0	0	0	0	0	0	0	0	0	0	0	0	0	4.066828	3.9723558	11238	6.422417	16.123922	431.20987	3.23502	3.086261	11716	4.568482	11.847656	314.78384	4.594707	4.467918	11834	6.769223	16.323452	428.45724
M2_S26_subsampled_depth_8G_contig_17919	0	0	0	0	0	0	0	0	0	0	0	0	0	0	0	0	0	0	0	0	0	0	0	0	0	0	0	0	0	0	0	0	0	0	0	0	0	0	0	0	0	0	0	0	0	0	0	0	0	0	0	0	0	0	5.1622214	5.050402	10633	9.671207	20.459316	547.1534	5.714783	5.6623564	10572	10.142658	20.740568	551.06213	4.5111356	4.3636084	10580	7.698294	16.211992	425.53186
M2_S26_subsampled_depth_8G_contig_28618	0	0	0	0	0	0	0	0	0	0	0	0	0	0	0	0	0	0	0	0	0	0	0	0	0	0	0	0	0	0	0	0	0	0	0	0	0	0	0	0	0	0	0	0	0	0	0	0	0	0	0	0	0	0	3.8656287	3.6877003	3411	6.798207	15.599264	417.17877	4.3301616	4.2251763	3618	4.759436	16.11819	428.2489	4.690023	4.609225	3618	3.8245668	17.458197	458.24197
M2_S26_subsampled_depth_8G_contig_29481	0	0	0	0	0	0	0	0	0	0	0	0	0	0	0	0	0	0	0	0	0	0	0	0	0	0	0	0	0	0	0	0	0	0	0	0	0	0	0	0	0	0	0	0	0	0	0	0	0	0	0	0	0	0	5.495284	5.272736	10912	13.173734	21.36343	571.3327	5.1514506	5.0180902	11028	9.28328	18.744041	498.01572	5.034526	4.9861608	11088	6.633496	17.86167	468.83246
M2_S26_subsampled_depth_8G_contig_30736	0	0	0	0	0	0	0	0	0	0	0	0	0	0	0	0	0	0	0	0	0	0	0	0	0	0	0	0	0	0	0	0	0	0	0	0	0	0	0	0	0	0	0	0	0	0	0	0	0	0	0	0	0	0	6.2978144	6.1233034	12517	10.495564	25.14778	672.5393	5.0036964	4.8699107	12465	8.402302	18.259615	485.14465	7.941498	7.7626786	12477	18.738844	28.56219	749.6992
M2_S26_subsampled_depth_8G_contig_32544	3677.5417	3714.3704	13041	574760	612.15454	23426.148	3486.7224	3517.638	13041	555165.3	580.10846	22354.922	3784.4058	3825.048	13041	500404.1	635.3614	24472.707	3435.0835	3471.031	13041	408644.16	578.5889	23213.113	3414.9038	3450.4634	13041	425103.16	570.8059	22807.232	3449.607	3486.7324	13041	395076.2	580.1737	23105.31	1167.4791	1175.1198	13041	254709.39	164.5603	1302.1615	952.2975	960.374	13041	159005.98	130.59935	907.17633	1391.3291	1399.5684	13041	326516.5	190.73325	1425.0127	10.956946	10.809445	13041	18.825378	42.689224	1141.6584	10.905593	10.834698	13041	14.402337	39.907932	1060.3251	9.559382	9.535465	12814	11.871625	33.863277	888.84216
M2_S26_subsampled_depth_8G_contig_2868|provirus_7270_55450	5152.563	5278.8726	46954	5195303.5	860.2432	32920.09	5035.6807	5160.545	47135	4934646.5	840.1485	32375.76	5111.0176	5240.742	47349	5027707	860.41797	33141.387	5160.6133	5288.262	46573	5241332.5	872.0886	34988.383	5215.9893	5349.8984	47801	5203774	874.3689	34936.453	5249.7476	5380.8794	47023	5357649	885.4869	35264.36	963.4564	875.6468	43016	613545.25	136.21625	1077.8756	805.59796	732.96277	42278	424132.44	110.72294	769.1099	1058.7947	974.28986	42328	652758.6	145.52223	1087.2306	50.443733	49.87867	48181	681.50507	202.26166	5409.182	61.059856	60.16031	48181	1119.7322	234.31586	6225.6035	57.072517	56.280598	48181	1124.1975	213.85443	5613.2427
M2_S26_subsampled_depth_8G_contig_3687|provirus_27377_41995	5.01244	4.972049	14570	5.0402093	0.8429491	32.258278	4.9800954	4.936881	14393	5.3205867	0.84226304	32.457253	4.7261734	4.6497736	14485	5.1467443	0.7959872	30.659657	5.081139	4.9986176	14530	6.463281	0.8703706	34.919456	4.332573	4.2237577	14539	4.988364	0.73149854	29.227901	4.354689	4.298165	13861	5.459201	0.736423	29.327917	0	0	0	0	0	0	0	0	0	0	0	0	0	0	0	0	0	0	71.12717	71.1353	14619	103.91492	279.16275	7465.7847	76.04575	75.93412	14619	118.584465	279.72125	7431.992	79.98175	79.72456	14619	126.36474	285.49323	7493.615
M2_S26_subsampled_depth_8G_contig_4499|provirus_1_25953	10.0295315	10.019549	25195	19.379951	1.701205	65.102325	9.906213	9.939026	24945	17.74037	1.6736248	64.49438	9.353176	9.380097	24908	15.612297	1.5986629	61.576954	9.079526	9.093141	24913	15.33357	1.5503895	62.201996	8.477037	8.450631	24914	14.767581	1.4397186	57.52569	8.997791	8.9395	24945	16.634016	1.5484573	61.667046	2.5968685	2.3753176	21330	5.830425	0.3683695	2.9148972	2.3369763	2.1475263	20644	4.5796833	0.32880992	2.283996	2.6977096	2.4855962	21510	5.6057725	0.37268534	2.7844186	22.478588	22.147612	25953	135.62247	92.58007	2475.9136	24.111305	23.811565	25953	172.61209	93.03728	2471.9333	24.659924	24.37157	25895	205.51268	92.91657	2438.8708
M2_S26_subsampled_depth_8G_contig_7575|provirus_280_72735	18.146875	17.98975	64309	99.973145	3.0391197	116.30209	18.071695	17.886072	64214	98.10497	3.0286534	116.71153	18.149546	18.032085	64815	98.41419	3.070012	118.25002	23.875902	23.716717	64036	169.03241	4.0573144	162.78029	24.36376	24.386887	64607	157.91261	4.1035585	163.96268	23.826916	23.493162	64140	179.48253	4.040208	160.90056	6.9010315	6.5147367	62725	27.294043	0.9878372	7.8167324	5.9198685	5.6349344	62600	18.708492	0.8247196	5.7287126	6.695184	6.339311	63083	24.179985	0.92816937	6.934566	127.82577	127.69869	72456	427.0014	496.44296	13276.614	130.32802	130.16731	72456	309.82178	478.87326	12723.318	117.28947	117.20515	72456	267.20056	419.5941	11013.488
M2_S26_subsampled_depth_8G_contig_8598|provirus_45360_64264	4.953239	4.8650556	18757	5.192384	0.8344644	31.93358	5.0099707	4.929862	18544	6.424611	0.8444406	32.541157	5.0233006	4.937622	18702	5.8188553	0.8520613	32.819504	5.3321247	5.2533617	18905	5.2366543	0.9158292	36.74327	4.761877	4.716308	18707	4.8258805	0.81572527	32.59327	5.208158	5.1535454	18514	6.5834155	0.8871834	35.331917	0	0	0	0	0	0	0	0	0	0	0	0	0	0	0	0	0	0	72.63764	72.52598	18905	126.435	286.68106	7666.8486	71.968704	71.83022	18905	96.53967	264.9321	7039.056	79.3551	79.323265	18905	85.30234	285.32544	7489.2104
M2_S26_subsampled_depth_8G_contig_9009|provirus_3_30345	7.274269	6.940791	29176	24.843792	1.2374792	47.35627	7.5252542	7.1895494	29726	23.736984	1.274645	49.119423	7.197165	6.89126	28966	23.254484	1.2300466	47.378674	6.9878116	6.512309	28904	28.122736	1.1991868	48.111656	7.0191436	6.6701746	29622	21.24897	1.1964283	47.804718	7.3314342	6.809678	29595	30.933107	1.259842	50.172977	0	0	0	0	0	0	0	0	0	0	0	0	0	0	0	0	0	0	34.140232	33.95231	30343	50.159412	133.57727	3572.3215	37.61491	37.380093	30343	60.753643	139.15501	3697.2485	35.17451	34.997276	30343	51.311077	126.998795	3333.4587
M2_S26_subsampled_depth_8G_contig_9186|provirus_12665_51897	0	0	0	0	0	0	0	0	0	0	0	0	0	0	0	0	0	0	0	0	0	0	0	0	0	0	0	0	0	0	0	0	0	0	0	0	0	0	0	0	0	0	0	0	0	0	0	0	0	0	0	0	0	0	11.780288	11.577398	39118	29.804308	46.00527	1230.3412	13.3925495	13.321621	39233	25.528107	49.303345	1309.9543	11.712611	11.560227	39153	27.443989	41.927307	1100.5062
M2_S26_subsampled_depth_8G_contig_13570|provirus_9972_58967	0	0	0	0	0	0	0	0	0	0	0	0	0	0	0	0	0	0	0	0	0	0	0	0	1.6167343	1.5003412	36971	2.0781631	0.2750156	10.988575	0	0	0	0	0	0	0	0	0	0	0	0	0	0	0	0	0	0	0	0	0	0	0	0	606.90936	603.5814	48996	4761.183	2364.4111	63232.586	611.1531	608.316	48996	2181.5266	2245.7947	59669.15	627.1374	622.0081	48996	2514.1616	2243.4248	58885.33
M2_S26_subsampled_depth_8G_contig_17096|provirus_117_60220	0	0	0	0	0	0	0	0	0	0	0	0	0	0	0	0	0	0	0	0	0	0	0	0	0	0	0	0	0	0	0	0	0	0	0	0	0	0	0	0	0	0	0	0	0	0	0	0	0	0	0	0	0	0	20.310255	20.241327	60104	30.83849	79.095474	2115.2886	20.496748	20.436563	60104	23.17392	75.139084	1996.3915	19.356857	19.30873	60104	26.461061	69.12835	1814.4781
M2_S26_subsampled_depth_8G_contig_25146|provirus_25104_105361	8010.0273	8187.8774	80258	24832620	1341.541	51338.57	7887.034	8069.5	80258	23976638	1320.0051	50867.402	7654.112	7821.8257	80258	22592352	1292.6163	49788.707	7585.1343	7750.0503	80258	22119976	1286.0116	51595.066	7214.6387	7371.329	80258	19960750	1213.5608	48489.273	7363.3853	7524.3193	80258	20782672	1246.1227	49626.617	9175.826	9073.475	79149	40735908	1304.4807	10322.32	7043.9824	6960.7627	79009	24024098	973.6737	6763.3833	8347.237	8254.116	79978	33412330	1153.543	8618.389	16.32541	16.213654	80258	29.169886	66.128944	1768.5184	15.7846155	15.725651	80258	23.933514	58.08017	1543.1487	14.976344	14.850509	80258	21.765839	53.55662	1405.7524
M2_S26_subsampled_depth_8G_contig_30160|provirus_44396_64570	0	0	0	0	0	0	0	0	0	0	0	0	0	0	0	0	0	0	0	0	0	0	0	0	0	0	0	0	0	0	0	0	0	0	0	0	0	0	0	0	0	0	0	0	0	0	0	0	0	0	0	0	0	0	20.975481	20.88093	20173	33.54879	82.15751	2197.1787	24.337978	24.170116	20175	34.42152	90.259605	2398.1328	26.76035	26.62032	20175	33.959698	96.31169	2527.9858
M3_S27_subsampled_depth_8G_contig_576	0	0	0	0	0	0	0	0	0	0	0	0	0	0	0	0	0	0	0	0	0	0	0	0	0	0	0	0	0	0	0	0	0	0	0	0	0	0	0	0	0	0	0	0	0	0	0	0	0	0	0	0	0	0	18.462427	17.607145	15387	86.469	78.236885	2092.327	15.323554	14.765877	15387	48.842133	60.35281	1603.5308	19.83481	19.086475	15387	87.130035	75.97743	1994.2527
M3_S27_subsampled_depth_8G_contig_1222	0	0	0	0	0	0	0	0	0	0	0	0	0	0	0	0	0	0	0	0	0	0	0	0	0	0	0	0	0	0	0	0	0	0	0	0	0	0	0	0	0	0	0	0	0	0	0	0	0	0	0	0	0	0	20.058525	15.718389	43328	3767.0405	96.49201	2580.532	21.106674	16.678915	43328	4198.154	96.32149	2559.1929	18.903631	14.526607	43328	3860.1477	85.07155	2232.9543
M3_S27_subsampled_depth_8G_contig_2292	0	0	0	0	0	0	0	0	0	0	0	0	0	0	0	0	0	0	0	0	0	0	0	0	0	0	0	0	0	0	0	0	0	0	0	0	0	0	0	0	0	0	0	0	0	0	0	0	0	0	0	0	0	0	8.598931	8.271932	10814	24.343208	35.468853	948.56085	9.661197	9.284434	10811	33.722298	38.307835	1017.8116	8.904914	8.581267	10814	26.80424	34.402054	902.9841
M3_S27_subsampled_depth_8G_contig_2659	0	0	0	0	0	0	0	0	0	0	0	0	0	0	0	0	0	0	0	0	0	0	0	0	0	0	0	0	0	0	0	0	0	0	0	0	0	0	0	0	0	0	0	0	0	0	0	0	0	0	0	0	0	0	6.5504136	6.346283	53880	14.779608	26.009989	695.5977	5.219146	5.006193	53605	10.68196	19.123224	508.09036	7.080878	6.863895	54118	13.960472	25.213423	661.80096
M3_S27_subsampled_depth_8G_contig_2892	4.004433	3.487019	9246	19.827618	0.78974146	30.222115	3.755334	3.308979	9462	16.248003	0.7661598	29.524553	4.116191	3.6803489	10087	16.066675	0.8216805	31.649313	4.027616	3.6761415	9570	13.481873	0.7781844	31.220922	3.496167	3.1264238	9239	12.608588	0.7070424	28.250711	3.5522306	3.2060544	8858	13.498173	0.7164394	28.532084	0	0	0	0	0	0	0	0	0	0	0	0	0	0	0	0	0	0	46.94966	43.936787	10977	869.7056	192.78094	5155.6357	51.87956	48.680347	10977	935.8411	203.4297	5404.982	52.061142	48.299538	10977	1022.63257	198.66588	5214.5728
M3_S27_subsampled_depth_8G_contig_4344	0	0	0	0	0	0	0	0	0	0	0	0	0	0	0	0	0	0	0	0	0	0	0	0	0	0	0	0	0	0	0	0	0	0	0	0	0	0	0	0	0	0	0	0	0	0	0	0	0	0	0	0	0	0	6.9455185	6.7951446	10007	10.2581835	28.538704	763.22437	7.7383685	7.652607	10080	9.5621195	28.81724	765.6535	7.890836	7.694115	10080	12.378856	28.198105	740.1425
M3_S27_subsampled_depth_8G_contig_6658	0	0	0	0	0	0	0	0	0	0	0	0	0	0	0	0	0	0	0	0	0	0	0	0	0	0	0	0	0	0	0	0	0	0	0	0	0	0	0	0	0	0	0	0	0	0	0	0	0	0	0	0	0	0	29.652313	29.623875	19285	48.566216	115.47009	3088.0728	24.056284	23.985136	19285	24.656868	88.576996	2353.427	30.171623	30.011961	19285	39.372215	108.58383	2850.104
M3_S27_subsampled_depth_8G_contig_9570	0	0	0	0	0	0	0	0	0	0	0	0	0	0	0	0	0	0	0	0	0	0	0	0	0	0	0	0	0	0	0	0	0	0	0	0	0	0	0	0	0	0	0	0	0	0	0	0	0	0	0	0	0	0	7.8860383	7.738207	12233	9.62755	31.80247	850.5091	7.652239	7.496	12233	11.831707	28.602444	759.9466	9.031614	8.894528	12233	11.423931	32.99319	866.0036
M3_S27_subsampled_depth_8G_contig_10658	0	0	0	0	0	0	0	0	0	0	0	0	0	0	0	0	0	0	0	0	0	0	0	0	0	0	0	0	0	0	0	0	0	0	0	0	0	0	0	0	0	0	0	0	0	0	0	0	0	0	0	0	0	0	4.6765943	4.5291467	13813	6.66669	18.26477	488.46356	4.12558	4.0342994	13188	5.8460307	15.064965	400.26517	5.764855	5.6525764	13731	8.151458	20.337032	533.8057
M3_S27_subsampled_depth_8G_contig_10779	0	0	0	0	0	0	0	0	0	0	0	0	0	0	0	0	0	0	0	0	0	0	0	0	0	0	0	0	0	0	0	0	0	0	0	0	0	0	0	0	0	0	0	0	0	0	0	0	0	0	0	0	0	0	6.289284	6.2531333	10344	7.6876764	24.997213	668.5126	7.0972385	6.9785004	10369	10.389259	26.046844	692.04614	6.380397	6.2482715	10434	7.075938	22.572922	592.49304
M3_S27_subsampled_depth_8G_contig_12336	4.8111954	4.655764	12701	9.934754	0.8116305	31.059753	4.1601286	3.9270241	11848	10.46365	0.69865257	26.923101	4.386021	4.2087336	12696	8.156115	0.74529576	28.707146	4.4660854	4.2871466	12240	9.592245	0.7595498	30.473299	4.1758046	4.022513	12419	7.8757133	0.7033593	28.103561	4.235375	3.9951575	12427	9.593722	0.71771526	28.582876	0	0	0	0	0	0	0	0	0	0	0	0	0	0	0	0	0	0	5.3278275	5.235579	13145	6.986662	20.878756	558.3709	5.894624	5.798148	13108	7.5254498	21.669823	575.7517	6.213734	6.0921755	13227	5.585928	21.974773	576.7931
M3_S27_subsampled_depth_8G_contig_13294	0	0	0	0	0	0	0	0	0	0	0	0	0	0	0	0	0	0	0	0	0	0	0	0	0	0	0	0	0	0	0	0	0	0	0	0	0	0	0	0	0	0	0	0	0	0	0	0	0	0	0	0	0	0	11.338511	8.101003	13668	806.96344	58.610832	1567.4579	10.756251	7.611193	13667	773.55554	54.62027	1451.2212	12.524412	8.862755	13668	1037.8073	61.643272	1618.0096
M3_S27_subsampled_depth_8G_contig_13322	1.7657362	1.6659558	10234	2.0542989	0.30074164	11.50889	1.6152923	1.5125744	9898	1.8881425	0.2746263	10.58293	0	0	0	0	0	0	0	0	0	0	0	0	1.6530433	1.5474095	10119	1.9376822	0.28571513	11.416094	1.7039111	1.6051719	9960	2.051982	0.29166153	11.615361	0	0	0	0	0	0	0	0	0	0	0	0	0	0	0	0	0	0	3.5431497	3.3617702	12158	7.7975097	15.806468	422.7199	4.8651524	4.707189	12466	9.176825	19.044062	505.9869	7.1054945	6.934951	12653	10.100771	26.186838	687.35114
M3_S27_subsampled_depth_8G_contig_15311	3.902804	3.7010775	11888	10.026261	0.6724894	25.735054	4.589416	4.4060802	12796	9.583775	0.7861161	30.29359	4.3584905	4.032991	12135	12.608131	0.762993	29.388784	4.373149	4.152677	12700	10.070793	0.7524762	30.189505	4.6098623	4.321223	12270	13.9619	0.8024158	32.0615	4.1737204	4.027228	12748	8.803303	0.72268474	28.780777	0	0	0	0	0	0	0	0	0	0	0	0	0	0	0	0	0	0	180.60693	180.05203	13453	602.0562	705.40594	18865.016	198.38744	198.28589	13453	835.6145	733.557	19490.082	206.52664	206.32741	13452	686.7755	741.07654	19451.746
M3_S27_subsampled_depth_8G_contig_16914	0	0	0	0	0	0	0	0	0	0	0	0	0	0	0	0	0	0	0	0	0	0	0	0	0	0	0	0	0	0	0	0	0	0	0	0	0	0	0	0	0	0	0	0	0	0	0	0	0	0	0	0	0	0	34.876698	18.669855	42777	58551.414	217.77077	5823.9487	38.669155	20.714636	42777	70465.29	233.44962	6202.5894	34.685715	17.408628	42777	64788.74	209.97499	5511.4146
M3_S27_subsampled_depth_8G_contig_17261	0	0	0	0	0	0	0	0	0	0	0	0	0	0	0	0	0	0	0	0	0	0	0	0	0	0	0	0	0	0	0	0	0	0	0	0	0	0	0	0	0	0	0	0	0	0	0	0	0	0	0	0	0	0	49.693493	45.581676	16303	678.4412	198.43317	5306.7954	53.53241	48.368458	16303	863.946	202.33595	5375.9214	45.035103	40.59564	16303	634.7248	167.58264	4398.703
M3_S27_subsampled_depth_8G_contig_18072	0	0	0	0	0	0	0	0	0	0	0	0	0	0	0	0	0	0	0	0	0	0	0	0	0	0	0	0	0	0	0	0	0	0	0	0	0	0	0	0	0	0	0	0	0	0	0	0	0	0	0	0	0	0	124.073746	123.88115	15893	375.65317	485.2984	12978.57	129.12088	128.98991	15893	230.86037	476.62357	12663.542	119.95376	119.770134	15893	209.91386	431.68448	11330.836
M3_S27_subsampled_depth_8G_contig_18901	3.2106967	3.1296315	10760	3.1596668	0.54089	20.698961	2.4933033	2.400679	10693	2.527935	0.4243201	16.351505	2.3434606	2.2636573	10358	2.301927	0.4033618	15.536611	2.1190112	2.0549285	10156	2.0246696	0.35958534	14.426643	2.1098428	2.004694	9682	2.544388	0.36099407	14.423961	2.5937078	2.4963548	10088	3.134265	0.4401723	17.529793	0	0	0	0	0	0	0	0	0	0	0	0	0	0	0	0	0	0	5.1291685	5.0590234	11008	6.901598	20.459782	547.16595	5.086652	4.9997005	11157	5.770988	18.541552	492.6356	8.649978	8.604414	11275	8.633675	30.621685	803.75665
M3_S27_subsampled_depth_8G_contig_18929	0	0	0	0	0	0	0	0	0	0	0	0	0	0	0	0	0	0	0	0	0	0	0	0	0	0	0	0	0	0	0	0	0	0	0	0	0	0	0	0	0	0	0	0	0	0	0	0	0	0	0	0	0	0	232.77533	229.48534	38389	1763.8094	910.95953	24362.232	246.35121	242.49982	38389	1653.0116	908.7341	24144.41	245.697	242.11707	38389	1371.2198	881.8994	23148.06
M3_S27_subsampled_depth_8G_contig_19475	4.909765	4.65859	15770	11.531218	0.85970086	32.89935	5.300539	5.12517	16020	10.603784	0.9170831	35.340508	5.3401127	5.142595	15489	12.666525	0.9484934	36.533867	4.7019114	4.452423	15603	11.681033	0.838922	33.657734	4.6519237	4.39171	15424	11.666988	0.8271428	33.049473	5.3440332	5.127416	15843	11.78496	0.9454902	37.653984	0	0	0	0	0	0	0	0	0	0	0	0	0	0	0	0	0	0	8.126684	7.230942	16190	48.012867	33.1613	886.849	8.957486	7.5946774	16374	82.61547	34.563705	918.33307	13.136547	12.1858835	16474	70.018654	48.641693	1276.7454
M3_S27_subsampled_depth_8G_contig_19525	2.6092741	2.3871553	11408	5.209288	0.49808067	19.06072	3.054851	2.7374017	12158	7.5982203	0.58094394	22.387125	2.839337	2.6975539	12391	3.9011226	0.5217062	20.09496	2.584455	2.4346097	11943	3.5245547	0.49613324	19.90497	2.9540186	2.794537	12178	4.767649	0.55021656	21.98456	2.6348712	2.4060853	11448	5.3348465	0.49715844	19.799252	0	0	0	0	0	0	0	0	0	0	0	0	0	0	0	0	0	0	7.305376	5.9598927	12895	169.73393	34.681007	927.49097	6.9962654	5.3397875	12963	263.44022	33.04353	877.9428	10.735937	9.331922	13003	205.84825	45.48882	1193.989
M3_S27_subsampled_depth_8G_contig_19572	7.732119	7.422739	27507	28.205502	1.317471	50.417458	6.9476547	6.7181873	26271	25.078808	1.1927344	45.962917	8.007835	7.683085	26388	37.390484	1.3752974	52.97342	7.7909408	7.3714967	26663	35.90065	1.3494025	54.138287	7.597982	7.2439275	27066	30.7827	1.3054712	52.161694	8.090951	7.7899423	27177	34.488434	1.3975898	55.65875	0	0	0	0	0	0	0	0	0	0	0	0	0	0	0	0	0	0	274.43863	278.51385	28057	20747.12	1060.4929	28361.277	320.19818	324.65173	28078	28192.756	1171.2289	31118.713	323.03708	327.88297	28090	28054.322	1150.2012	30190.436
M3_S27_subsampled_depth_8G_contig_20510	0	0	0	0	0	0	0	0	0	0	0	0	0	0	0	0	0	0	0	0	0	0	0	0	0	0	0	0	0	0	0	0	0	0	0	0	0	0	0	0	0	0	0	0	0	0	0	0	0	0	0	0	0	0	9.890415	9.809518	18680	12.849737	39.387714	1053.3646	7.288185	7.158994	18686	9.962793	26.726732	710.11005	9.196703	9.055253	18711	11.942073	32.584618	855.27954
M3_S27_subsampled_depth_8G_contig_22849	3.4767807	2.3646607	11347	65.19878	0.6232503	23.850773	3.2495775	2.0576768	10674	79.571396	0.5927073	22.84043	3.9655533	2.9381204	11894	66.32222	0.7192838	27.705217	3.119839	2.3707414	11611	31.488132	0.5677687	22.779	3.305835	2.5880353	11443	32.158226	0.60714126	24.25906	3.7398794	2.8422606	11866	50.04035	0.67599446	26.921358	0	0	0	0	0	0	0	0	0	0	0	0	0	0	0	0	0	0	7.5627365	5.720826	12381	206.385	41.656746	1114.0469	8.415131	5.732362	12568	341.57977	44.405525	1179.8232	9.915895	7.0059915	12575	428.19342	49.42084	1297.1969
M3_S27_subsampled_depth_8G_contig_23529	0	0	0	0	0	0	0	0	0	0	0	0	0	0	0	0	0	0	0	0	0	0	0	0	0	0	0	0	0	0	0	0	0	0	0	0	0	0	0	0	0	0	0	0	0	0	0	0	0	0	0	0	0	0	4.3387933	4.2518563	10197	5.8346534	17.649332	472.00467	3.618846	3.515218	10184	4.993195	13.328548	354.12997	5.1826224	5.1025	10700	6.8674183	18.28509	479.94638
M3_S27_subsampled_depth_8G_contig_24443	0	0	0	0	0	0	0	0	0	0	0	0	0	0	0	0	0	0	0	0	0	0	0	0	0	0	0	0	0	0	0	0	0	0	0	0	0	0	0	0	0	0	0	0	0	0	0	0	0	0	0	0	0	0	20.020983	17.573109	11016	479.3976	82.867935	2216.1775	18.11559	15.7947855	11016	429.26028	71.8148	1908.0674	19.528622	17.044785	11016	472.15536	74.15092	1946.3103
M3_S27_subsampled_depth_8G_contig_25676	0	0	0	0	0	0	0	0	0	0	0	0	0	0	0	0	0	0	0	0	0	0	0	0	0	0	0	0	0	0	0	0	0	0	0	0	0	0	0	0	0	0	0	0	0	0	0	0	0	0	0	0	0	0	6.0899496	5.9309134	14601	14.022296	23.522348	629.0695	6.090017	5.9581747	14609	10.207376	22.555124	599.2734	6.189042	5.9998507	15013	10.662523	22.337729	586.3198
M3_S27_subsampled_depth_8G_contig_26081	33.38172	30.814348	51846	808.7432	5.626389	215.31264	32.754963	30.169825	51902	784.98553	5.509401	212.30894	34.398502	31.593943	51920	898.23444	5.8364806	224.80823	44.554306	40.902805	51809	1519.3264	7.5848255	304.30478	44.752804	40.901234	52668	1512.18	7.5569615	301.94733	44.654526	41.151684	51318	1473.015	7.5825353	301.97296	0	0	0	0	0	0	0	0	0	0	0	0	0	0	0	0	0	0	144.13835	145.2175	55329	4107.1895	566.502	15150.235	138.0897	137.99977	55329	3818.142	516.8376	13732.001	130.52368	130.44426	55329	3077.7634	476.40643	12504.697
M3_S27_subsampled_depth_8G_contig_26422	0	0	0	0	0	0	0	0	0	0	0	0	0	0	0	0	0	0	0	0	0	0	0	0	0	0	0	0	0	0	0	0	0	0	0	0	0	0	0	0	0	0	0	0	0	0	0	0	0	0	0	0	0	0	3.369471	3.1704059	4080	6.073846	13.603228	363.79758	3.9194713	3.8621795	4196	4.579472	14.934393	396.79608	4.2384615	4.181624	4266	3.3588471	15.027753	394.4478
M3_S27_subsampled_depth_8G_contig_26544	0	0	0	0	0	0	0	0	0	0	0	0	0	0	0	0	0	0	0	0	0	0	0	0	0	0	0	0	0	0	0	0	0	0	0	0	0	0	0	0	0	0	0	0	0	0	0	0	0	0	0	0	0	0	5.0089345	4.840441	3097	9.060827	21.592964	577.4712	3.925215	3.8867648	3030	4.7914934	14.568844	387.08365	7.275976	7.203309	3172	5.312756	25.481777	668.84485
M3_S27_subsampled_depth_8G_contig_31838	305.68906	309.31918	11801	47634.863	50.62507	1937.338	298.2246	301.2866	11814	45470.715	49.38614	1903.1324	304.55783	307.34964	11808	47275.566	50.821026	1957.5127	303.1453	306.16116	11760	48145.69	50.829456	2039.2887	307.83377	310.6614	11813	48623.74	51.171417	2044.6149	308.4841	311.94437	11806	49242.918	51.593452	2054.7	136.33073	134.87238	11622	9828.956	19.144861	151.4928	114.400856	113.05905	11769	7126.6006	15.620589	108.50456	136.34856	134.49385	11682	10463.833	18.620697	139.1196	2.7423918	2.6130106	10572	4.070206	10.666688	285.2644	3.9042435	3.8401752	11116	5.020236	14.201856	377.33304	4.3809686	4.3090773	11415	6.291921	15.449221	405.5105
M3_S27_subsampled_depth_8G_contig_32770	34.19131	33.270718	10712	143.51472	5.8026667	222.05843	34.591915	34.002	10713	119.95787	5.8661003	226.05473	37.717815	36.875893	10692	146.49228	6.431264	247.71796	39.72965	38.317524	10714	201.48405	6.837626	274.32718	44.10394	43.167755	10699	252.20543	7.524777	300.66147	41.94131	40.51367	10692	242.54747	7.171601	285.60764	2.9420674	2.8208876	9150	5.0353637	0.42632964	3.3735352	2.6719046	2.4854858	8836	4.976126	0.3779957	2.625654	3.0815032	2.8778923	9527	5.7681365	0.43209612	3.2282915	6.146346	6.0599494	10552	9.90436	26.13393	698.9121	4.6187053	4.5417542	10417	5.548817	16.996336	451.5805	7.1336613	7.0847707	10582	8.023597	25.23049	662.2489
M3_S27_subsampled_depth_8G_contig_34835	0	0	0	0	0	0	0	0	0	0	0	0	0	0	0	0	0	0	0	0	0	0	0	0	0	0	0	0	0	0	0	0	0	0	0	0	0	0	0	0	0	0	0	0	0	0	0	0	0	0	0	0	0	0	14.882968	7.525246	10772	4118.1978	115.48916	3088.5823	13.469155	6.1771903	10854	4108.326	108.45978	2881.699	17.34503	9.076412	10865	5021.625	126.17281	3311.7783
M3_S27_subsampled_depth_8G_contig_1999|provirus_229_43847	230.13725	232.14056	43619	7777.858	38.87515	1487.6881	232.11632	233.6127	43619	7917.198	39.166203	1509.2997	236.99493	239.23457	43619	8101.916	40.38756	1555.6388	249.0387	251.6828	43619	8488.831	42.610203	1709.531	247.82593	250.91742	43619	8160.4917	42.061443	1680.6147	253.776	256.58917	43619	8933.139	43.336525	1725.8695	34.764084	29.12338	42105	1854.2043	4.9305143	39.015026	30.183578	25.208344	42510	1387.893	4.1638546	28.923193	36.532887	31.509418	42504	1672.2787	5.0352263	37.619347	17.300215	17.220383	43576	46.132095	74.55563	1993.8771	14.311693	14.287759	43565	32.51468	52.947533	1406.7777	18.158895	18.214018	43619	40.2483	65.26173	1712.9874
M3_S27_subsampled_depth_8G_contig_2099|provirus_56730_112406	5.5418625	5.182191	54667	14.094235	0.9867129	37.759884	5.7128425	5.32008	54785	14.928903	1.0076181	38.829323	5.1703134	4.858029	54666	11.842207	0.91403615	35.206623	5.4015164	5.0894446	54966	12.170319	0.9631298	38.640965	4.8608427	4.5403104	54729	10.56103	0.85772264	34.27133	5.009815	4.686343	54628	12.0453415	0.8927526	35.55372	0	0	0	0	0	0	0	0	0	0	0	0	0	0	0	0	0	0	23.79871	22.656588	55677	104.51302	96.71205	2586.418	29.85969	28.727964	55677	133.55751	115.33164	3064.2793	26.572496	25.414688	55677	122.67183	100.35232	2634.0435
M3_S27_subsampled_depth_8G_contig_7726|provirus_10917_28038	0	0	0	0	0	0	34.667572	32.784367	13403	1674.3386	5.7560277	221.81291	0	0	0	0	0	0	53.163857	50.65953	14042	3859.0522	8.948889	359.03137	53.611008	50.947563	13264	4082.0793	8.943219	357.3369	52.61419	49.586475	14934	3858.666	8.828025	351.5744	0	0	0	0	0	0	0	0	0	0	0	0	0	0	0	0	0	0	8.434422	8.203849	17101	18.23275	33.826416	904.6364	7.0739455	6.937091	16937	14.857945	26.154648	694.91046	10.374264	10.202278	17122	24.993496	37.26556	978.14514
M3_S27_subsampled_depth_8G_contig_13708|provirus_13164_56997	0	0	0	0	0	0	0	0	0	0	0	0	0	0	0	0	0	0	0	0	0	0	0	0	0	0	0	0	0	0	0	0	0	0	0	0	0	0	0	0	0	0	0	0	0	0	0	0	0	0	0	0	0	0	16.9905	16.899889	43834	22.385435	65.264656	1745.4043	21.27985	21.081316	43834	32.06062	78.39166	2082.8108	18.101524	17.958744	43834	24.641142	65.01489	1706.5085
M3_S27_subsampled_depth_8G_contig_15399|provirus_3_59553	0	0	0	0	0	0	0	0	0	0	0	0	0	0	0	0	0	0	0	0	0	0	0	0	0	0	0	0	0	0	0	0	0	0	0	0	0	0	0	0	0	0	0	0	0	0	0	0	0	0	0	0	0	0	7.468275	7.358542	58932	14.177585	29.756813	795.8007	5.83571	5.705879	58614	10.073093	21.37732	567.9802	8.044326	7.938142	59384	13.784415	28.790804	755.69995
M3_S27_subsampled_depth_8G_contig_20839|provirus_12061_23615	0	0	0	0	0	0	0	0	0	0	0	0	0	0	0	0	0	0	0	0	0	0	0	0	0	0	0	0	0	0	0	0	0	0	0	0	0	0	0	0	0	0	0	0	0	0	0	0	0	0	0	0	0	0	158.08058	115.47988	11555	232132.78	755.1704	20195.889	163.71259	117.9054	11555	283024.47	756.01807	20086.857	162.83104	117.06167	11555	277282.6	736.33685	19327.338
M3_S27_subsampled_depth_8G_contig_26059|provirus_1_27735	0	0	0	0	0	0	0	0	0	0	0	0	0	0	0	0	0	0	0	0	0	0	0	0	0	0	0	0	0	0	0	0	0	0	0	0	0	0	0	0	0	0	0	0	0	0	0	0	0	0	0	0	0	0	9.046946	8.954203	27697	14.3811	34.85025	932.017	8.751785	8.725944	27370	12.82372	31.975391	849.56305	8.969077	8.912071	27735	12.273365	31.980135	839.41315
M3_S27_subsampled_depth_8G_contig_29480|provirus_2_13068	0	0	0	0	0	0	0	0	0	0	0	0	0	0	0	0	0	0	0	0	0	0	0	0	0	0	0	0	0	0	0	0	0	0	0	0	0	0	0	0	0	0	0	0	0	0	0	0	0	0	0	0	0	0	7.827669	7.719274	12962	10.141094	30.65328	819.77545	8.538825	8.422465	13052	10.448881	31.408121	834.49115	7.966943	7.8507786	12965	10.33051	28.388556	745.14166
