Contig	F3_S19_subsampled_depth_12G_combined_mapped Mean	F3_S19_subsampled_depth_12G_combined_mapped Trimmed Mean	F3_S19_subsampled_depth_12G_combined_mapped Covered Bases	F3_S19_subsampled_depth_12G_combined_mapped Variance	F3_S19_subsampled_depth_12G_combined_mapped RPKM	F3_S19_subsampled_depth_12G_combined_mapped TPM	F4_S20_subsampled_depth_12G_combined_mapped Mean	F4_S20_subsampled_depth_12G_combined_mapped Trimmed Mean	F4_S20_subsampled_depth_12G_combined_mapped Covered Bases	F4_S20_subsampled_depth_12G_combined_mapped Variance	F4_S20_subsampled_depth_12G_combined_mapped RPKM	F4_S20_subsampled_depth_12G_combined_mapped TPM	F5_S21_subsampled_depth_12G_combined_mapped Mean	F5_S21_subsampled_depth_12G_combined_mapped Trimmed Mean	F5_S21_subsampled_depth_12G_combined_mapped Covered Bases	F5_S21_subsampled_depth_12G_combined_mapped Variance	F5_S21_subsampled_depth_12G_combined_mapped RPKM	F5_S21_subsampled_depth_12G_combined_mapped TPM	F6_S22_subsampled_depth_12G_combined_mapped Mean	F6_S22_subsampled_depth_12G_combined_mapped Trimmed Mean	F6_S22_subsampled_depth_12G_combined_mapped Covered Bases	F6_S22_subsampled_depth_12G_combined_mapped Variance	F6_S22_subsampled_depth_12G_combined_mapped RPKM	F6_S22_subsampled_depth_12G_combined_mapped TPM	F7_S23_subsampled_depth_12G_combined_mapped Mean	F7_S23_subsampled_depth_12G_combined_mapped Trimmed Mean	F7_S23_subsampled_depth_12G_combined_mapped Covered Bases	F7_S23_subsampled_depth_12G_combined_mapped Variance	F7_S23_subsampled_depth_12G_combined_mapped RPKM	F7_S23_subsampled_depth_12G_combined_mapped TPM	F8_S24_subsampled_depth_12G_combined_mapped Mean	F8_S24_subsampled_depth_12G_combined_mapped Trimmed Mean	F8_S24_subsampled_depth_12G_combined_mapped Covered Bases	F8_S24_subsampled_depth_12G_combined_mapped Variance	F8_S24_subsampled_depth_12G_combined_mapped RPKM	F8_S24_subsampled_depth_12G_combined_mapped TPM	GP3_S28_subsampled_depth_12G_combined_mapped Mean	GP3_S28_subsampled_depth_12G_combined_mapped Trimmed Mean	GP3_S28_subsampled_depth_12G_combined_mapped Covered Bases	GP3_S28_subsampled_depth_12G_combined_mapped Variance	GP3_S28_subsampled_depth_12G_combined_mapped RPKM	GP3_S28_subsampled_depth_12G_combined_mapped TPM	GP4_S29_subsampled_depth_12G_combined_mapped Mean	GP4_S29_subsampled_depth_12G_combined_mapped Trimmed Mean	GP4_S29_subsampled_depth_12G_combined_mapped Covered Bases	GP4_S29_subsampled_depth_12G_combined_mapped Variance	GP4_S29_subsampled_depth_12G_combined_mapped RPKM	GP4_S29_subsampled_depth_12G_combined_mapped TPM	GP5_S30_subsampled_depth_12G_combined_mapped Mean	GP5_S30_subsampled_depth_12G_combined_mapped Trimmed Mean	GP5_S30_subsampled_depth_12G_combined_mapped Covered Bases	GP5_S30_subsampled_depth_12G_combined_mapped Variance	GP5_S30_subsampled_depth_12G_combined_mapped RPKM	GP5_S30_subsampled_depth_12G_combined_mapped TPM	M1_S25_subsampled_depth_12G_combined_mapped Mean	M1_S25_subsampled_depth_12G_combined_mapped Trimmed Mean	M1_S25_subsampled_depth_12G_combined_mapped Covered Bases	M1_S25_subsampled_depth_12G_combined_mapped Variance	M1_S25_subsampled_depth_12G_combined_mapped RPKM	M1_S25_subsampled_depth_12G_combined_mapped TPM	M2_S26_subsampled_depth_12G_combined_mapped Mean	M2_S26_subsampled_depth_12G_combined_mapped Trimmed Mean	M2_S26_subsampled_depth_12G_combined_mapped Covered Bases	M2_S26_subsampled_depth_12G_combined_mapped Variance	M2_S26_subsampled_depth_12G_combined_mapped RPKM	M2_S26_subsampled_depth_12G_combined_mapped TPM	M3_S27_subsampled_depth_12G_combined_mapped Mean	M3_S27_subsampled_depth_12G_combined_mapped Trimmed Mean	M3_S27_subsampled_depth_12G_combined_mapped Covered Bases	M3_S27_subsampled_depth_12G_combined_mapped Variance	M3_S27_subsampled_depth_12G_combined_mapped RPKM	M3_S27_subsampled_depth_12G_combined_mapped TPM
F3_S19_subsampled_depth_12G_contig_178	8895.336	8874.45	43261	716647	1002.75555	34574.52	8612.182	8591.141	43261	692291.8	972.5003	33701.367	8766.788	8745.378	43261	643347.4	996.3617	34611.086	8098.463	8081.0435	43261	524464.3	923.6404	33570.21	7610.2764	7597.3975	43261	465683.38	860.1254	31191.992	7891.7427	7877.5684	43261	520312.66	896.8699	32387.904	4328.1533	4122.929	43261	4067621.5	397.8429	3238.8828	3681.8296	3503.3406	43261	3046004.5	331.79572	2414.3003	4230.3306	4033.2808	43261	3538477.3	382.239	2990.7844	15.745958	15.64988	43261	23.859152	35.726837	942.0151	18.216766	18.098528	43250	22.622965	40.0144	1045.8967	18.754147	18.635885	43258	23.356705	39.593575	1028.7501
F3_S19_subsampled_depth_12G_contig_456	42.089474	37.777325	18446	5431.1177	6.3193746	217.88892	42.803234	38.41924	18446	5854.8423	6.5398827	226.63539	46.054382	41.29876	18446	6598.074	7.016829	243.74675	52.734314	47.646282	18446	8130.769	8.044701	292.389	51.449936	46.10493	18446	8915.408	7.8375063	284.223	52.650196	47.13602	18446	8999.485	8.0510235	290.73984	0	0	0	0	0	0	0	0	0	0	0	0	0	0	0	0	0	0	3.7263882	3.1997814	16500	54.557983	13.3554535	352.14536	2.4035854	2.0546515	16155	19.912432	7.1333594	186.45168	3.743496	3.3173428	16789	43.09086	10.357695	269.12128
F3_S19_subsampled_depth_12G_contig_874	176.36797	175.08182	10700	787.0058	20.630219	711.3199	180.85564	178.40417	10700	988.3614	21.288416	737.7363	167.73839	165.39732	10700	725.07404	19.917412	691.88055	159.7491	157.7719	10700	690.29443	18.914312	687.4511	175.80275	173.84563	10700	779.8889	20.584364	746.48096	160.25858	158.4085	10700	645.0185	18.98447	685.5702	126.933365	125.81992	10700	3962.1514	12.088056	98.41021	94.98891	93.82793	10700	2282.0237	8.796403	64.0067	129.33432	128.63722	10700	3918.4485	12.063377	94.38842	0	0	0	0	0	0	0	0	0	0	0	0	0	0	0	0	0	0
F3_S19_subsampled_depth_12G_contig_1195	7.329647	7.1141224	13232	16.899733	0.84018785	28.969267	6.936752	6.7566066	12661	17.519747	0.7930766	27.483559	6.7229967	6.608736	12666	16.850542	0.773815	26.880362	8.208226	7.9631376	12810	28.039135	0.9397814	34.15687	7.2118616	7.0754924	12012	20.378489	0.82249755	29.82743	8.513331	8.331173	13094	26.737984	0.9775586	35.301773	0	0	0	0	0	0	1.8918346	1.7773103	0	2.6265843	0	0	2.1730042	2.0464568	10645	3.2896643	0.19490984	1.5250489	288.5625	291.58517	13304	21466.271	661.2208	17434.514	298.737	303.91223	13304	20616.31	667.10895	17436.89	278.62952	284.02173	13280	17683.732	598.3292	15546.238
F3_S19_subsampled_depth_12G_contig_1222	5.454785	5.2201834	31636	14.404375	0.62269175	21.470108	4.855545	4.6213613	32048	9.870895	0.5525403	19.147938	5.488769	5.252562	31700	14.708204	0.62980264	21.877748	5.7145834	5.452862	32328	14.800368	0.66274846	24.087955	6.095333	5.878724	32077	14.859107	0.6964683	25.257061	5.9591823	5.6826463	32040	17.536455	0.6839512	24.69896	5.343088	4.9756904	30706	18.525213	0.49459377	4.0265417	3.9528391	3.7343638	30379	9.409427	0.3610446	2.627129	4.6048784	4.4491167	30823	10.910742	0.4196587	3.28357	0	0	0	0	0	0	0	0	0	0	0	0	0	0	0	0	0	0
F3_S19_subsampled_depth_12G_contig_1756	51.54624	49.705654	23462	582.63104	6.108638	210.6228	55.590897	54.187256	23462	566.68884	6.584952	228.19714	58.28054	56.97598	23462	585.74286	6.9378467	241.00331	64.707146	63.344772	23462	766.8512	7.740979	281.35004	66.825325	65.02431	23462	830.06067	7.9318843	287.64548	66.5275	64.807076	23462	831.7985	7.9403267	286.74243	3.5063057	3.2387285	19223	9.490071	0.33585507	2.7342322	3.542982	3.3226576	19774	9.065718	0.32653025	2.375986	4.495925	4.2584596	19804	12.873391	0.41422185	3.2410285	9.201184	8.878181	23373	30.729029	24.285892	640.35004	7.2946553	7.008388	23427	18.440178	16.754446	437.92776	8.664207	8.369888	23435	26.566229	19.276077	500.8456
F3_S19_subsampled_depth_12G_contig_2047	3155.9192	3140.4927	42821	313612.97	356.11832	12278.785	3152.457	3136.1887	42821	325354	356.36197	12349.493	2992.4941	2979.3276	42821	268138.34	340.4302	11825.68	2820.6245	2803.7715	42821	240448.06	321.90707	11699.883	2855.8853	2839.3367	42821	224712.97	322.99625	11713.286	2894.1191	2875.1296	42821	255698.97	329.15158	11886.374	121.67151	111.868454	42821	7662.3276	11.176515	90.98922	114.25146	104.78123	42821	6925.283	10.283312	74.82621	153.77293	141.7035	42821	11693.712	13.879753	108.600525	5.12348	4.807213	41698	12.291174	12.616378	332.65814	5.321061	5.0744176	42049	11.10423	12.237303	319.8587	6.2137985	5.9215207	42233	15.188391	13.674403	355.29858
F3_S19_subsampled_depth_12G_contig_2412	61.6739	61.53127	31030	133.89423	7.034443	242.54422	58.36726	58.290768	31030	110.94867	6.6846576	231.65239	59.603626	59.54314	31030	121.66314	6.856477	238.17668	61.489574	61.344955	31030	133.46365	7.1021595	258.13184	57.498833	57.438797	31030	106.392044	6.5800786	238.62297	60.883194	60.822323	31030	127.8487	6.999023	252.74977	0	0	0	0	0	0	0	0	0	0	0	0	0	0	0	0	0	0	2.2097797	2.052713	25124	3.6763186	5.0720067	133.7344	2.5364313	2.4441206	27984	3.1104314	5.646864	147.59772	2.6234133	2.5172353	28063	3.3005495	5.594669	145.36487
F3_S19_subsampled_depth_12G_contig_2425	117.91753	99.64772	54966	12572.964	13.313991	459.0599	118.23502	99.64914	54966	12133.451	13.36775	463.25064	116.09341	97.06851	54966	12885.206	13.214033	459.02203	103.629616	88.19519	54966	8569.128	11.839593	430.31635	105.60285	90.56374	54966	8630.28	11.953688	433.49414	103.41753	87.89835	54966	8747.798	11.765611	424.88162	83.44299	81.21775	54966	1110.0276	7.692225	62.62323	64.213165	62.89912	54966	553.11957	5.7921777	42.146576	78.1597	76.50821	54966	820.29724	7.0787635	55.38695	0	0	0	0	0	0	0	0	0	0	0	0	0	0	0	0	0	0
F3_S19_subsampled_depth_12G_contig_2731	29.246717	27.893143	13323	369.5026	3.572192	123.16748	30.246641	29.058784	13323	440.59744	3.686505	127.75345	33.832764	32.32521	13323	614.19556	4.1874385	145.46097	35.71829	34.28304	13323	600.7336	4.4059443	160.13638	35.712517	34.170025	13323	663.2896	4.383423	158.96248	35.756546	34.156868	13323	584.2401	4.3905897	158.55368	0	0	0	0	0	0	0	0	0	0	0	0	2.045244	1.9140592	10455	3.0480592	0.1953341	1.5283685	0	0	0	0	0	0	0	0	0	0	0	0	3.2256129	2.8583117	10415	13.27266	7.7895894	202.39487
F3_S19_subsampled_depth_12G_contig_2967	24.186325	22.803276	38870	125.66496	2.822966	97.334496	25.121386	23.647837	38869	141.77321	2.9137342	100.97353	28.68586	26.757746	38872	205.24239	3.3697407	117.056305	31.015234	29.09152	38875	228.52429	3.6625748	133.11827	31.228077	29.457253	38874	215.2194	3.6423697	132.08864	30.606667	28.849897	38877	197.74881	3.5907724	129.67052	0	0	0	0	0	0	0	0	0	0	0	0	0	0	0	0	0	0	2.160246	1.8664218	29167	5.7028823	6.0805016	160.32555	0	0	0	0	0	0	2.2293172	1.9233991	30217	5.919086	4.8326645	125.565956
F3_S19_subsampled_depth_12G_contig_3125	40.68471	40.39947	38883	95.48683	4.590829	158.28944	38.378178	38.206852	38883	88.48653	4.3446445	150.56079	38.365734	37.97097	38883	101.91733	4.3599176	151.4525	38.874886	38.63237	38883	91.73996	4.43882	161.33139	38.33514	38.021744	38883	83.11138	4.337265	157.2886	40.13712	39.697857	38883	105.92859	4.5643206	164.82747	20.288101	17.998968	38880	326.3906	1.8742037	15.258105	15.485116	13.975302	38850	162.46724	1.4021329	10.202576	18.349598	16.741201	38848	201.58891	1.6648818	13.026664	5.303514	5.090445	37964	10.154804	12.622026	332.80695	4.632639	4.53174	38226	5.8919706	10.373213	271.13507	5.73844	5.615645	38608	8.262241	12.488218	324.4783
F3_S19_subsampled_depth_12G_contig_3189	4.4321156	4.312717	10184	5.9797134	0.4974168	17.150682	3.2179136	3.0782335	9757	4.728224	0.35890806	12.437718	2.9929674	2.8951824	9606	3.717641	0.3397828	11.803195	3.4090643	3.3455946	9604	4.034076	0.3855443	14.012818	3.5956242	3.493381	9758	4.7959256	0.40648168	14.740844	3.8141239	3.6597223	9581	7.2915177	0.43037075	15.541618	0	0	0	0	0	0	0	0	0	0	0	0	0	0	0	0	0	0	17.515335	16.773329	10363	62.37854	39.484303	1041.0891	19.595625	18.770508	10377	66.001144	43.537895	1137.9929	18.28404	17.588541	10378	51.578003	38.73969	1006.56354
F3_S19_subsampled_depth_12G_contig_3214	42.915314	42.533287	17187	269.63693	4.8888497	168.5651	44.59581	44.418465	17189	332.60736	5.083838	176.17706	44.515583	43.60305	17189	374.89084	5.1047	177.3243	53.057926	52.4763	17188	464.29028	6.105996	221.92569	55.721462	54.956642	17188	516.45966	6.360237	230.6507	56.334877	55.563213	17187	574.10986	6.4364867	232.43533	5.098715	4.9434047	16726	8.414014	0.47204736	3.8429885	5.090557	4.961922	16722	8.276868	0.45669988	3.323163	5.6384764	5.447154	16916	11.650022	0.5141334	4.0227766	7.3197956	7.0283628	16736	21.984297	18.461706	486.7827	5.9178357	5.7082872	16323	16.85931	13.213545	345.37573	8.322672	8.158375	17189	16.739754	17.706667	460.06793
F3_S19_subsampled_depth_12G_contig_3699	155.69402	148.03008	45035	3627.1006	17.588299	606.43604	151.07541	143.40794	45035	3255.5203	17.100729	592.6145	161.24521	153.01929	45035	3990.7087	18.368141	638.0628	199.76402	191.0183	45035	4973.258	22.83519	829.9574	187.398	179.86566	45035	4069.7463	21.253527	770.74805	198.36362	190.45145	45035	4428.08	22.601568	816.1913	43.525074	42.629528	45035	547.9705	4.011186	32.6555	38.06989	37.320988	45035	410.02548	3.4445696	25.064285	42.679382	41.635593	45035	530.0608	3.8648047	30.2397	2.7917566	2.656608	39097	4.3968134	7.0678773	186.35977	2.0701795	1.9766567	37728	2.4687402	4.588208	119.92653	2.9625487	2.8480086	42329	3.8245268	6.2931795	163.51404
F3_S19_subsampled_depth_12G_contig_3842	33.705334	33.43714	40779	53.470364	3.8251011	131.88762	33.343918	33.142643	40779	48.02358	3.7923772	131.42244	32.778187	32.492027	40779	60.523975	3.754678	130.42805	34.183685	33.611015	40779	89.83238	3.9369566	143.09087	35.36843	35.019417	40779	71.0763	4.032059	146.2205	35.241676	34.83674	40779	68.885765	4.0303483	145.54465	16.319033	16.08576	40480	73.718445	1.5022819	12.230243	14.16279	13.962152	39954	61.553585	1.2789576	9.306293	16.249304	16.105314	40142	76.37974	1.4734656	11.52896	0	0	0	0	0	0	0	0	0	0	0	0	0	0	0	0	0	0
F3_S19_subsampled_depth_12G_contig_4309	399.30103	396.95773	37683	2888.9832	44.998093	1551.5126	383.06036	381.77103	37683	2193.3079	43.23746	1498.3663	389.7981	387.5657	37683	2936.6028	44.261875	1537.5453	343.31815	341.25903	37683	2746.7344	39.1251	1422.0226	325.7431	323.92383	37683	1918.3766	36.807034	1334.7874	338.7752	337.0082	37683	2485.3628	38.481464	1389.6487	163.24461	157.83983	37683	4441.842	14.990001	122.03521	129.19101	125.72488	37683	2562.1536	11.647771	84.75459	155.3096	149.83829	37683	4038.6545	14.04174	109.86789	2.1266353	1.9854949	29729	3.3893507	5.0033183	131.92322	1.8222364	1.7193393	30359	2.097516	4.0357623	105.486755	2.3376496	2.22933	32687	3.0146	4.935384	128.23486
F3_S19_subsampled_depth_12G_contig_4643	5.918606	5.687446	22708	12.861273	0.6641139	22.898335	5.8542113	5.653153	23240	10.526979	0.6622686	22.950499	6.254958	6.1069827	22741	11.065765	0.7155123	24.855078	5.63467	5.583802	22833	7.7079406	0.64374393	23.39722	6.1714606	6.064581	23115	9.531069	0.6993842	25.362782	5.3315015	5.173805	23161	9.127984	0.6078911	21.952255	0	0	0	0	0	0	0	0	0	0	0	0	0	0	0	0	0	0	2.641367	2.4505389	19338	5.237968	6.0144835	158.58484	2.830557	2.6406562	21190	5.002971	6.3882184	166.9752	2.7753499	2.6258705	20817	4.4734216	6.0241685	156.52441
F3_S19_subsampled_depth_12G_contig_4867	6.8880486	6.666188	25660	13.863601	0.78502846	27.0674	6.3336205	6.152718	25596	10.749356	0.7199839	24.950573	6.4707193	6.288462	25450	10.787542	0.7373103	25.61229	6.8850718	6.660182	25497	15.28928	0.7865206	28.586502	5.917858	5.632676	25075	15.009431	0.67299086	24.405668	6.589682	6.4469686	25520	10.827675	0.7537625	27.220001	3.256336	3.123863	23560	4.958576	0.30203077	2.4588654	3.9112773	3.6968272	24115	8.2171755	0.3556919	2.5881808	3.62713	3.4753015	23737	6.496774	0.33201018	2.5977755	3.2070978	3.0009575	22939	6.6735373	7.3922195	194.91188	2.8274512	2.6041694	22630	5.7877984	6.347198	165.903	3.7548277	3.601297	24049	6.260283	8.157079	211.94339
F3_S19_subsampled_depth_12G_contig_5187	5.726235	5.567912	19198	11.97144	0.65023994	22.419964	5.7274284	5.434913	19049	14.066379	0.6433882	22.296207	4.881642	4.7103653	18252	10.362982	0.5557925	19.306822	4.8429847	4.581287	19164	9.380566	0.55225664	20.072071	4.9250727	4.7619624	18802	8.7680855	0.55842745	20.251078	4.6047115	4.3819323	18661	11.067235	0.5247557	18.950068	4.9461393	4.588666	18801	13.251315	0.45394886	3.6956496	4.274284	4.0708523	18246	8.814702	0.38471276	2.79935	7.011675	6.7265654	19136	16.48759	0.63088953	4.9363213	3.926837	3.7266805	18149	8.0335655	8.880672	234.15805	4.315743	4.125735	17764	10.080417	9.447399	246.93605	4.1117682	4.0261154	18683	5.999546	8.676996	225.45212
F3_S19_subsampled_depth_12G_contig_5563	5.391691	5.308975	12425	7.064789	0.6030897	20.794247	5.2371116	5.0810165	12138	10.868067	0.5880149	20.377274	5.9139724	5.7553616	12732	8.672372	0.6778932	23.5483	5.3657956	5.2652016	12732	6.330516	0.6152899	22.363054	4.693145	4.555644	12589	6.7846856	0.5332843	19.339275	5.9346256	5.820404	12672	8.730793	0.67903197	24.521317	0	0	0	0	0	0	0	0	0	0	0	0	0	0	0	0	0	0	21.200493	20.811491	12710	75.21576	48.107025	1268.4459	28.03646	27.440208	12670	151.66794	62.130096	1623.9567	23.093813	22.638073	12739	84.921074	48.805405	1268.0988
F3_S19_subsampled_depth_12G_contig_5840	22.625654	19.389662	23492	2983.8481	3.719687	128.25298	22.789265	19.409653	23492	3666.314	3.7814214	131.04272	24.924942	21.173458	23492	4448.705	4.2259526	146.79897	28.440065	24.147135	23492	5810.897	4.802849	174.56215	27.674492	23.291508	23492	5823.7026	4.6740527	169.502	28.54314	24.32735	23492	5465.721	4.7693405	172.23122	0	0	0	0	0	0	0	0	0	0	0	0	0	0	0	0	0	0	2.4826493	2.0612624	18928	28.511482	8.695662	229.27979	0	0	0	0	0	0	0	0	0	0	0	0
F3_S19_subsampled_depth_12G_contig_5954	9.272076	8.92608	24840	32.89792	1.0424385	35.942772	8.431377	8.084698	24716	28.805012	0.9487497	32.878304	8.247203	7.9671316	24471	31.313168	0.934311	32.455585	8.985672	8.777748	24580	31.343405	1.026003	37.290653	8.623802	8.200251	24710	36.795677	0.9740623	35.323864	8.651654	8.439987	24636	27.280901	0.98268163	35.486748	0	0	0	0	0	0	0	0	0	0	0	0	0	0	0	0	0	0	2.2752557	2.1202934	20356	3.8223596	5.268401	138.91278	2.1976979	2.0428405	19116	3.8354964	4.8276477	126.18503	2.421597	2.2862892	21870	3.4208398	5.104161	132.62004
F3_S19_subsampled_depth_12G_contig_6143	4.3844013	4.1805024	12056	8.235672	0.49935284	17.217447	4.2569227	4.0943017	11934	7.317681	0.48361555	16.759378	4.534491	4.2860913	11744	11.232034	0.52140605	18.112331	4.710552	4.5320406	11383	10.577991	0.54393774	19.769705	3.782402	3.6786819	11776	5.422537	0.44233203	16.040928	4.276094	4.115966	11549	8.579561	0.49352175	17.82214	0	0	0	0	0	0	0	0	0	0	0	0	0	0	0	0	0	0	60.950516	60.500275	12296	599.2865	141.46407	3730.0066	65.04326	64.788	12302	699.6159	144.32657	3772.4075	71.39972	70.76397	12306	857.32635	152.0335	3950.2476
F3_S19_subsampled_depth_12G_contig_6181	36.632412	32.900627	18532	545.9235	4.3960633	151.57416	34.36329	30.224915	18532	638.0398	4.13575	143.32167	37.315037	33.689495	18532	541.46606	4.5091696	156.63715	31.288162	27.80168	18532	461.9821	3.800091	138.11638	27.233053	24.30162	18532	336.34415	3.2762744	118.81239	29.872158	27.017529	18532	345.1371	3.611231	130.40941	0	0	0	0	0	0	0	0	0	0	0	0	0	0	0	0	0	0	6.117343	3.3263419	17176	385.4814	16.707838	440.53824	5.7646065	2.7915256	16693	513.10236	15.395782	402.41507	7.478838	4.025508	17832	734.0673	19.146454	497.47742
F3_S19_subsampled_depth_12G_contig_6443	6.036048	5.8175616	11285	12.303401	0.679293	23.42169	5.317935	5.037971	11287	10.823246	0.60561	20.987019	6.3967957	6.2457232	11358	10.716494	0.7359392	25.564655	5.556742	5.3687334	11007	11.679594	0.6416618	23.321545	6.3010235	6.1496096	11173	13.558122	0.72232944	26.194899	5.859101	5.584891	10837	18.049133	0.6785435	24.503666	0	0	0	0	0	0	0	0	0	0	0	0	0	0	0	0	0	0	0	0	0	0	0	0	0	0	0	0	0	0	0	0	0	0	0	0
F3_S19_subsampled_depth_12G_contig_7401	12.86969	12.427498	46593	29.933487	1.5029875	51.822247	11.877592	11.629704	46593	23.676737	1.3840773	47.964325	13.293651	12.94318	46593	28.42959	1.562176	54.266018	10.347136	10.011603	46593	22.200024	1.225545	44.54309	10.448679	10.1443815	46575	21.432808	1.2205261	44.26171	10.417156	10.035072	46593	23.985401	1.2282592	44.35509	2.0924144	1.9525586	37614	3.2531192	0.19898269	1.6199403	2.00239	1.8523409	37126	3.1118112	0.18472436	1.3441398	2.2151024	2.0380392	35552	4.239764	0.20916407	1.6365787	0	0	0	0	0	0	0	0	0	0	0	0	0	0	0	0	0	0
F3_S19_subsampled_depth_12G_contig_7538	5.9896903	5.9358873	18037	6.89313	0.66994846	23.099508	6.1094728	6.0269756	18106	6.482196	0.6869269	23.805008	5.291669	5.189444	17996	6.606498	0.59811306	20.776922	6.446982	6.3735294	18136	6.6097317	0.7323109	26.616241	6.3841805	6.3213034	18091	8.150343	0.71789354	26.034018	5.766532	5.6891665	18114	6.613782	0.6534872	23.598837	5.221329	4.96354	17599	13.985103	0.47330853	3.8532567	3.9766088	3.685102	16300	10.87473	0.35503954	2.5834336	4.3915524	4.207674	17341	10.167852	0.39565513	3.0957568	6.0554295	5.7180514	17615	20.264332	14.019401	369.6517	6.30536	5.929174	17846	22.035074	14.303141	373.85535	5.867025	5.583667	17233	21.176718	12.701166	330.01117
F3_S19_subsampled_depth_12G_contig_8171	11.0254965	10.952545	10727	23.553455	1.2709702	43.822456	12.1717005	11.997282	10606	30.003164	1.3977703	48.43881	11.126352	10.914916	10698	26.217855	1.2987026	45.113647	9.819079	9.6633215	10568	19.228746	1.1370025	41.324966	10.124941	9.89746	10716	20.966892	1.1704719	42.446526	10.116097	9.696352	10577	34.67	1.1695898	42.236427	0	0	0	0	0	0	0	0	0	0	0	0	0	0	0	0	0	0	2.7890677	2.658409	9728	4.103038	6.972731	183.85114	3.0225797	2.9456465	10105	3.6157863	6.778398	177.17369	2.5169818	2.4093237	8978	3.4138303	5.6826077	147.6498
F3_S19_subsampled_depth_12G_contig_8181	4.07009	3.8796344	25561	6.601159	0.4590199	15.826777	3.5306644	3.4426951	24394	4.642654	0.3991396	13.831917	3.7834451	3.6331894	24857	6.287146	0.43092072	14.969095	4.022094	3.884586	25144	6.690076	0.4570362	16.611221	3.8095002	3.6634924	25058	6.081304	0.42820576	15.528654	3.9149399	3.7865245	25237	5.51663	0.44311664	16.001904	4.5614047	4.391527	25593	7.801836	0.4210732	3.4280043	3.6858144	3.5368207	25070	5.8866553	0.33111045	2.4093134	3.8239372	3.6241324	25487	6.6298523	0.34448043	2.6953456	0	0	0	0	0	0	0	0	0	0	0	0	0	0	0	0	0	0
F3_S19_subsampled_depth_12G_contig_8812	28.129093	24.216467	34682	974.9357	3.176173	109.51285	27.354357	23.49947	34618	998.2978	3.097794	107.35207	27.568731	23.729836	34646	970.3367	3.1380506	109.007904	27.893059	23.407934	34676	1286.0782	3.1892035	115.91332	26.904844	22.332712	34657	1277.653	3.0515156	110.66161	27.942432	23.0629	34644	1386.0433	3.1850033	115.01731	0	0	0	0	0	0	0	0	0	0	0	0	0	0	0	0	0	0	55.926243	55.89093	34606	145.67242	126.12294	3325.5032	86.74627	86.85557	34531	188.23723	191.30324	5000.2837	67.03577	67.02252	34533	124.93085	141.87175	3686.2183
F3_S19_subsampled_depth_12G_contig_9139	3.7110507	3.6462433	9937	3.3108628	0.41625246	14.352184	3.583736	3.4996645	9172	4.7370243	0.40341306	13.980022	4.303241	4.1292486	9771	6.3389373	0.48246464	16.759605	5.029992	4.953712	9868	6.8983455	0.5658085	20.564611	4.738728	4.6967797	9974	5.2821054	0.53513277	19.406303	4.479469	4.3545394	9766	6.415079	0.504396	18.214825	0	0	0	0	0	0	0	0	0	0	0	0	0	0	0	0	0	0	3.2535226	3.1124775	9240	5.1837316	7.388129	194.8041	4.1460347	3.9408543	9261	8.671274	9.14531	239.04025	3.9634662	3.8597944	9424	5.949849	8.370117	217.4787
F3_S19_subsampled_depth_12G_contig_9169	4.4226737	4.269339	13313	8.305063	0.49602175	17.102596	4.2642612	4.085549	13349	7.8527207	0.48463622	16.794754	4.299111	4.0636997	13375	9.741401	0.49021643	17.028872	3.914612	3.6817415	13188	7.9745593	0.4512094	16.399448	4.039766	3.902161	13070	6.633559	0.4579002	16.605503	4.4139977	4.174472	13151	11.37147	0.50109404	18.095583	0	0	0	0	0	0	0	0	0	0	0	0	0	0	0	0	0	0	268.90356	256.27527	13960	21588.463	619.5265	16335.156	265.45462	256.27866	13962	18189.633	586.7989	15337.748	274.50504	264.9592	13962	17592.666	582.1024	15124.618
F3_S19_subsampled_depth_12G_contig_9620	7.824518	7.154334	34217	40.269512	0.88961023	30.673346	7.9202833	7.319862	33882	40.32049	0.9049284	31.359713	7.3854036	6.7706623	33123	38.414238	0.8438248	29.312342	11.183536	10.466777	34251	59.617836	1.2905774	46.906746	11.219909	10.494696	34245	59.266014	1.2783654	46.35925	11.729456	11.016986	34292	62.767162	1.347512	48.66156	0	0	0	0	0	0	0	0	0	0	0	0	0	0	0	0	0	0	0	0	0	0	0	0	0	0	0	0	0	0	0	0	0	0	0	0
F3_S19_subsampled_depth_12G_contig_9775	100.442955	98.52743	43134	822.57355	11.319287	390.28354	95.48148	93.55087	43134	630.0169	10.786757	373.8081	98.71803	96.84609	43134	787.744	11.223449	389.8741	90.478714	89.04578	43134	599.4202	10.31682	374.97046	88.02896	86.41501	43134	548.0057	9.945649	360.67368	91.46501	89.997856	43134	654.3184	10.394044	375.35132	43.223362	41.4026	43134	441.892	3.9746242	32.35786	34.501163	33.203846	43134	297.31717	3.1102204	22.63141	39.920204	38.450035	43134	320.5318	3.6058848	28.213825	109.29281	109.0349	43134	230.28117	248.06902	6540.877	116.1219	115.984	43134	186.34177	255.5861	6680.509	102.80572	102.47687	43134	184.70111	217.38676	5648.305
F3_S19_subsampled_depth_12G_contig_9900	148.56313	148.00003	45076	384.94772	16.764975	578.0481	153.75705	152.81078	45076	462.11884	17.368437	601.8918	153.93416	153.06734	45076	504.84247	17.503767	608.03644	148.57532	147.55867	45076	493.51318	16.956375	616.28864	156.47438	155.54665	45076	506.01776	17.688868	641.4774	149.44984	148.23131	45076	542.2157	16.993423	613.6693	90.777275	86.3042	45076	1701.7401	8.353086	68.003395	79.36302	76.79327	45076	978.8987	7.1658373	52.142	90.04389	86.60306	45076	1305.3093	8.151076	63.777107	101.957085	101.31243	45076	297.78662	233.34843	6152.7354	108.760185	108.23913	45076	208.0308	240.91486	6297.031	99.59823	99.12061	45076	182.18489	211.88654	5505.3945
F3_S19_subsampled_depth_12G_contig_10707	3.6896994	3.6076758	1685	3.2346375	0.38697776	13.342808	2.724888	2.753376	1332	2.7411666	0.30808842	10.676598	4.214971	4.199005	1481	5.9115043	0.4701177	16.3307	2.8918746	2.8692253	1661	1.8340122	0.32110196	11.670624	2.3103006	2.3283582	1497	1.8991703	0.2783056	10.092602	2.547025	2.4307036	1394	5.0674095	0.31998295	11.55528	0	0	0	0	0	0	0	0	0	0	0	0	0	0	0	0	0	0	26.817019	26.734898	1706	83.648964	63.375996	1671.0448	30.445297	30.668798	1713	114.80802	67.35678	1760.5715	29.53167	30.11656	1693	54.237675	60.76945	1578.9572
F3_S19_subsampled_depth_12G_contig_11103	44.613224	44.148968	45290	136.38335	5.041756	173.83733	43.581367	42.72392	45241	164.1409	4.934398	170.99834	44.75213	43.7859	45241	178.42105	5.102455	177.24635	44.5385	43.81871	45241	167.65736	5.1020436	185.43646	44.827736	44.18663	45242	157.24841	5.0797057	184.21286	45.70082	44.79481	45247	189.51772	5.203399	187.90598	27.939056	25.597647	45241	502.9021	2.572683	20.944492	22.353035	20.362501	45247	324.39685	2.0247946	14.733353	25.907465	24.02048	45241	375.12784	2.3445532	18.34468	0	0	0	0	0	0	0	0	0	0	0	0	0	0	0	0	0	0
F3_S19_subsampled_depth_12G_contig_11112	62.92634	60.37342	10617	1259.4209	8.326526	287.0946	63.15353	60.470863	10617	1544.7556	8.432811	292.23373	67.92682	65.320244	10617	1627.8911	9.063405	314.8397	71.41875	68.46025	10617	1789.1045	9.69299	352.297	73.90016	70.34752	10617	2237.1675	9.889934	358.65323	72.43757	69.15742	10617	1890.3562	9.78828	353.4759	3.089424	2.821675	9662	9.427699	0.33606157	2.7359145	3.0516863	2.8487422	9986	5.582365	0.31052276	2.2595081	3.744817	3.5271204	9359	9.86159	0.38682956	3.0267038	6.4150186	6.138096	10423	19.87265	18.544886	488.97577	5.231776	5.0071115	10544	16.602879	13.327699	348.35934	6.363237	5.9848213	10601	27.148956	16.2617	422.52365
F3_S19_subsampled_depth_12G_contig_11270	7.4184594	7.287404	40243	14.274796	0.83894104	28.926285	7.0835085	6.8751683	40372	13.243114	0.8024856	27.809622	7.338714	7.1609497	40492	12.898465	0.84063303	29.201462	6.517962	6.349572	39859	13.702271	0.7466468	27.137293	6.856404	6.683162	40031	13.8312235	0.77947956	28.26742	6.2105174	6.002586	40368	12.296583	0.7081312	25.57214	0	0	0	0	0	0	0	0	0	0	0	0	0	0	0	0	0	0	0	0	0	0	0	0	0	0	0	0	0	0	0	0	0	0	0	0
F3_S19_subsampled_depth_12G_contig_11330	13987.249	14095.147	40897	5655146	1576.4373	54354.797	14047.266	14158.325	40629	5646332	1585.9666	54960.65	13362.912	13473.932	40734	4971484.5	1518.2535	52740.285	12019.937	12120.039	40632	3977336.8	1370.2734	49803.332	11973.542	12080.634	40715	3870320	1352.4962	49047.547	12324.051	12419.6	40788	4295697.5	1399.9443	50555.02	392.34155	386.31906	40489	31366.78	35.995876	293.04642	353.28857	348.83652	40518	24305.637	31.783562	231.27206	514.4383	509.40366	40611	47589.008	46.41166	363.14246	35.81962	35.92537	40340	86.99298	82.008286	2162.3257	42.83064	42.934967	40452	114.21116	94.21804	2462.671	42.546444	42.68639	40330	113.247925	89.95716	2337.3337
F3_S19_subsampled_depth_12G_contig_12028	31.11247	29.373331	23205	485.07086	3.55254	122.48983	29.435957	27.814707	23205	407.38397	3.366724	116.67169	30.437042	29.130693	23205	425.3909	3.5058653	121.784904	41.34765	39.837116	23205	945.8447	4.771879	173.4366	41.16504	39.28129	23205	1010.6911	4.7076483	170.72035	41.316677	39.54243	23205	875.60474	4.7515593	171.58904	24.129082	23.874897	22933	135.8589	2.2090168	17.983843	20.633354	20.635536	22707	92.68201	1.8545277	13.494412	22.459423	22.405716	22932	120.5566	2.021617	15.817904	0	0	0	0	0	0	0	0	0	0	0	0	0	0	0	0	0	0
F3_S19_subsampled_depth_12G_contig_13116	26.422804	26.145046	34951	57.201782	2.9752858	102.586426	27.304705	26.993263	34951	60.258076	3.0798857	106.731415	25.540443	25.314709	34951	48.99721	2.898774	100.696106	23.608631	23.304588	34936	48.82158	2.689176	97.73959	23.57504	23.395996	34940	44.098907	2.6573968	96.369095	23.311485	23.000446	34951	49.054253	2.6469684	95.5877	3.634436	3.4682162	32620	6.3478537	0.33345073	2.7146595	3.228614	3.1358194	32356	4.5671597	0.29071245	2.1153588	4.405908	4.2373486	33663	8.056038	0.3975055	3.110233	0	0	0	0	0	0	0	0	0	0	0	0	0	0	0	0	0	0
F3_S19_subsampled_depth_12G_contig_13173	30.518501	29.977022	65523	108.0428	3.4418385	118.67288	31.13963	30.572939	65523	118.57202	3.5185204	121.93202	30.656311	30.031342	65523	110.56547	3.4873693	121.14236	40.69746	39.98307	65523	191.91434	4.650678	169.03145	41.916325	41.346943	65523	166.18027	4.742574	171.98697	41.08912	40.260532	65523	205.7162	4.675514	168.84294	12.530066	11.822747	65523	59.08331	1.1553001	9.405429	10.980909	10.438975	65457	40.079277	0.9910497	7.2113442	12.260902	11.536907	65438	53.181515	1.1112739	8.695033	191.89297	191.27098	65523	676.1099	436.0215	11496.649	196.11955	195.71059	65523	427.68744	432.49524	11304.56	176.14786	175.93814	65523	346.6722	373.0599	9693.122
F3_S19_subsampled_depth_12G_contig_13236	14.640002	14.450671	40953	24.138842	1.6568515	57.12747	13.697032	13.34281	40953	28.510036	1.5476699	53.63349	14.180379	13.936307	40953	28.927614	1.6158187	56.129475	13.422101	13.26256	40912	25.708323	1.5345137	55.77272	15.066025	14.918934	40953	26.505747	1.7054193	61.84615	13.641375	13.331372	40919	26.708618	1.5534253	56.09753	6.187854	5.651608	40044	23.646025	0.5701707	4.6418242	4.683234	4.2528663	38929	16.127512	0.42395797	3.0849168	5.935593	5.531057	39846	18.608862	0.5401487	4.2263284	17.029188	12.887373	40927	9567.133	56.688885	1494.7249	16.431635	12.335593	40908	11055.523	56.372795	1473.4717	17.521776	13.219209	40953	11707.739	57.19255	1486.0199
F3_S19_subsampled_depth_12G_contig_13296	12.364024	12.186074	37936	17.77372	1.3947823	48.09138	12.851506	12.765496	37935	17.255882	1.452654	50.340775	13.498147	13.437926	37930	19.736721	1.5370094	53.3918	13.251628	13.127999	37936	20.23209	1.5147299	55.053703	13.707061	13.6188545	37936	17.218115	1.5515618	56.266575	13.845816	13.630234	37936	22.311222	1.5726646	56.792305	8.133171	7.886674	37786	18.70583	0.75459677	6.1432576	6.846716	6.672665	37791	11.835441	0.6183062	4.499083	7.68311	7.4988236	37691	14.308151	0.6963686	5.4486537	0	0	0	0	0	0	0	0	0	0	0	0	0	0	0	0	0	0
F3_S19_subsampled_depth_12G_contig_13409	110.33038	90.412766	56826	14774.543	12.455861	429.47202	109.851875	89.91263	56826	14150.356	12.425099	430.5838	112.149994	91.62705	56826	15517.819	12.761919	443.31668	116.3162	95.68616	56826	14986.161	13.285425	482.86606	120.35271	102.10937	56826	12489.999	13.635511	494.4845	116.81527	97.82717	56826	13482.325	13.295192	480.11807	60.806637	58.844852	56826	717.60925	5.598032	45.57419	52.759228	51.48059	56826	479.22534	4.777765	34.765244	58.473568	56.466164	56826	672.2271	5.292844	41.413223	183.7018	172.50253	56826	4644.999	424.4754	11192.213	184.03893	172.0862	56826	4266.3145	406.62457	10628.354	241.58763	223.8814	56826	8722.106	512.8353	13324.873
F3_S19_subsampled_depth_12G_contig_13448	422.75455	422.09625	42987	9985.267	47.70595	1644.878	411.43982	411.27298	42987	9308.668	46.495335	1611.266	401.44885	400.3588	42987	9412.297	45.651577	1585.8204	401.67657	400.8182	42987	7969.6465	45.852497	1666.5338	397.8022	398.59274	42987	7338.264	44.99996	1631.8993	410.07596	409.10187	42987	8379.571	46.6323	1683.9928	0	0	0	0	0	0	0	0	0	0	0	0	0	0	0	0	0	0	70.09249	63.10551	42987	1712.7482	158.76942	4186.299	102.51115	93.8223	42987	2745.087	227.19632	5938.4565	80.01546	73.21159	42987	1611.3019	170.32533	4425.521
F3_S19_subsampled_depth_12G_contig_13531	19.308561	19.165613	42845	24.655245	2.178759	75.12258	18.635273	18.385431	42845	28.884996	2.103957	72.911224	20.216208	20.089859	42845	32.655106	2.299102	79.86498	18.453894	18.409971	42845	22.883427	2.1070502	76.58189	18.3833	18.312826	42845	26.287113	2.0807538	75.457466	18.339806	18.248003	42845	24.36942	2.0893128	75.44955	7.0485067	6.460952	42352	29.768879	0.64788187	5.274478	5.897599	5.3740077	41064	24.690876	0.5316953	3.868866	6.7108793	6.3364043	42486	20.023027	0.6067745	4.7476344	0	0	0	0	0	0	0	0	0	0	0	0	0	0	0	0	0	0
F3_S19_subsampled_depth_12G_contig_13545	13.841391	13.784352	12148	15.576821	1.5558897	53.64633	12.545841	12.436574	12148	14.113382	1.4126245	48.953594	13.994332	13.897685	12148	16.7905	1.5797173	54.875378	14.891066	14.880926	12148	20.573019	1.6880528	61.35321	12.28113	11.939352	12146	24.237116	1.3889612	50.369926	13.445991	13.217871	12138	19.461407	1.5242461	55.043835	5.9819136	5.880926	12081	9.160048	0.5465919	4.4498663	4.1931157	4.042778	11699	6.468079	0.38150018	2.7759738	5.3818135	5.2808332	11911	8.292066	0.48424348	3.7889078	0	0	0	0	0	0	0	0	0	0	0	0	0	0	0	0	0	0
F3_S19_subsampled_depth_12G_contig_421|provirus_30152_137958	29.23638	29.051758	107807	49.86572	3.320241	114.48032	30.14928	30.043234	107807	41.893623	3.4278662	118.79053	33.695644	33.57487	107807	48.194324	3.8579848	134.01654	38.9867	38.84169	107807	52.026714	4.4792104	162.79938	37.82017	37.678555	107807	55.300884	4.3079524	156.22556	38.483265	38.367744	107807	57.419262	4.4006815	158.91806	0	0	0	0	0	0	0	0	0	0	0	0	0	0	0	0	0	0	3.1073132	2.9644659	96457	5.151809	8.550675	225.45706	1.9700624	1.8679059	89374	2.4086585	4.415997	115.42531	3.3233788	3.2247324	101862	4.334453	7.0977235	184.41833
F3_S19_subsampled_depth_12G_contig_562|provirus_73247_93598	13.418077	13.3439665	20352	18.953653	1.5300204	52.754368	15.158994	15.082279	20352	19.005062	1.73322	60.063625	16.357737	16.326807	20352	23.8295	1.8875333	65.56815	16.45941	16.416126	20352	21.27495	1.8901805	68.69963	16.407187	16.317621	20352	25.674892	1.8697848	67.80678	17.510841	17.39484	20352	24.002983	2.0047898	72.397316	0	0	0	0	0	0	0	0	0	0	0	0	0	0	0	0	0	0	2.4876745	2.3518865	17173	4.0681863	6.6441665	175.18771	2.1354322	2.0481246	16937	2.7386496	4.727147	123.55819	2.2475994	2.1397536	16744	3.1322958	4.787404	124.38993
F3_S19_subsampled_depth_12G_contig_897|provirus_293_15459	43.935074	43.7515	15167	80.38625	5.020617	173.10841	44.682426	44.024265	15167	97.200485	5.1274033	177.68672	48.814877	48.33395	15167	132.9733	5.6236887	195.35272	50.385098	49.938816	15167	126.55488	5.832039	211.96867	52.940334	52.36347	15167	145.99913	6.088934	220.81186	50.862225	50.05164	15167	142.23096	5.877218	212.2389	0	0	0	0	0	0	0	0	0	0	0	0	0	0	0	0	0	0	9.416794	9.201228	15167	17.146927	24.163033	637.1106	7.9298797	7.8473034	15162	8.932551	17.61266	460.3598	10.433043	10.338685	15167	11.194651	22.222538	577.40234
F3_S19_subsampled_depth_12G_contig_1220|provirus_5248_27037	23.405313	23.18972	21790	36.436897	2.6615252	91.76813	21.975555	21.741323	21790	33.793983	2.5024807	86.72181	23.11622	22.968988	21790	32.746937	2.6444523	91.86155	24.014048	23.886526	21790	31.140718	2.7609663	100.34888	22.4378	22.335337	21790	31.57253	2.5559042	92.688484	23.475277	23.28091	21790	39.9979	2.6860986	97.0008	0	0	0	0	0	0	0	0	0	0	0	0	0	0	0	0	0	0	2.6169593	2.379082	18371	6.5885653	6.353098	167.5132	2.6353974	2.4145615	18629	7.837852	6.2207084	162.5969	2.4242606	2.1752412	18537	8.353246	5.694929	147.96992
F3_S19_subsampled_depth_12G_contig_1256|provirus_36829_60606	54.84899	54.679913	23778	128.1258	6.236187	215.02065	55.703697	55.58953	23778	113.3631	6.327756	219.28433	61.293636	60.99624	23778	138.96356	7.0149846	243.68283	67.919334	67.77715	23778	156.47234	7.78919	283.1022	67.454796	67.2994	23778	147.98358	7.680398	278.5255	67.27971	66.8989	23778	145.83376	7.7101774	278.43124	0	0	0	0	0	0	0	0	0	0	0	0	0	0	0	0	0	0	6.32635	6.1737986	23531	11.446081	16.385172	432.03046	5.180929	5.096868	23559	6.572547	11.49856	300.54935	8.577324	8.493229	23775	11.881905	18.232414	473.72827
F3_S19_subsampled_depth_12G_contig_1350|provirus_35720_53100	72.764435	71.45902	17381	333.3855	8.422839	290.41534	73.00465	71.54304	17381	330.75473	8.485249	294.05087	76.00064	74.229935	17381	415.36414	8.913655	309.63797	80.407234	78.29441	17381	460.2426	9.473179	344.30792	87.38918	85.5716	17381	494.31516	10.170154	368.81525	83.62498	81.24463	17381	500.07626	9.787065	353.43192	2.3657362	2.2400541	15038	3.3068562	0.22113135	1.8002537	2.0183392	1.854794	13742	3.3041325	0.18190579	1.3236315	2.5324125	2.3727512	15127	4.19731	0.23005208	1.8000151	11.961175	11.663163	17381	20.754091	30.54665	805.4286	10.275202	9.813979	17381	24.491983	23.415129	612.02466	12.979571	12.704494	17381	26.98507	28.357342	736.8015
F3_S19_subsampled_depth_12G_contig_1475|provirus_316_42912	30.304214	30.450697	42597	63.912926	3.421637	117.97642	29.085142	29.220873	42597	52.16063	3.2908106	114.04086	29.648197	29.85051	42597	53.774254	3.370383	117.07852	26.43638	26.510588	42597	50.018612	3.026847	110.01237	26.64862	26.71709	42597	49.09122	3.0217884	109.58357	25.806417	25.794727	42597	43.60868	2.943917	106.31126	14.409004	14.159987	42518	37.521416	1.3330605	10.852592	12.994299	12.72989	42434	37.2643	1.1783795	8.574438	15.287111	15.098971	42586	42.51986	1.3876692	10.857656	0	0	0	0	0	0	0	0	0	0	0	0	0	0	0	0	0	0
F3_S19_subsampled_depth_12G_contig_3162|provirus_201_22580	14.567296	14.494902	22380	19.998144	1.6571945	57.139236	13.326856	13.253649	22380	19.13262	1.5115024	52.38013	14.768826	14.668033	22380	21.440775	1.6896952	58.69576	15.0754385	14.969012	22380	19.903662	1.7311877	62.920933	17.807333	17.752548	22380	22.395329	2.035857	73.82923	16.208141	16.151789	22380	22.024912	1.8606259	67.1912	0	0	0	0	0	0	0	0	0	0	0	0	0	0	0	0	0	0	15.631039	15.591813	22356	27.408947	35.93683	947.5519	18.008368	17.94937	22380	19.91077	39.73795	1038.6703	15.757625	15.684377	22380	20.39183	33.495667	870.30975
F3_S19_subsampled_depth_12G_contig_3795|provirus_45798_76332	50.84989	51.523895	30529	190.03331	5.728467	197.51472	50.783348	51.57904	30528	181.3715	5.7281275	198.50461	52.68116	53.66815	30528	207.58847	5.9822717	207.80896	46.412804	47.057995	30527	152.1277	5.291518	192.32315	45.511173	46.31517	30535	148.15152	5.1382904	186.33737	46.431366	47.23842	30535	157.7583	5.2803693	190.68549	24.093533	23.385052	30515	159.30457	2.2138033	18.022816	19.735823	19.225035	30179	109.37405	1.7801538	12.953226	23.187527	22.751709	30439	137.78735	2.0867538	16.327555	0	0	0	0	0	0	0	0	0	0	0	0	0	0	0	0	0	0
F3_S19_subsampled_depth_12G_contig_3947|provirus_7803_28318	164.69685	160.47578	20516	4757.8384	18.82987	649.2448	168.95335	164.62515	20516	4792.816	19.320452	669.5376	173.19748	168.497	20516	5272.313	19.96133	693.40607	186.6605	182.04239	20516	5424.818	21.580074	784.3395	185.2046	181.94926	20516	4939.642	21.259684	770.9712	187.83365	183.91692	20516	4884.581	21.64263	781.5618	18.173475	16.664484	19751	305.33298	1.6719664	13.611669	14.412403	13.491981	19079	152.33386	1.2954394	9.426217	18.418835	17.380905	19942	214.81412	1.6655551	13.031932	15.339585	15.112002	20516	38.71247	38.32518	1010.5263	12.711971	12.57054	20494	31.16084	28.297306	739.6348	16.310959	16.202456	20516	31.636606	34.837303	905.1688
F3_S19_subsampled_depth_12G_contig_4414|provirus_52207_63756	33.067543	32.805164	11550	66.32512	3.7129068	128.01921	34.26737	34.08002	11550	77.95798	3.850013	133.41974	38.580265	38.22388	11505	92.95587	4.358489	151.40283	42.60377	42.434795	11550	90.22625	4.844169	176.06403	41.88886	41.858383	11550	91.64137	4.71578	171.0153	44.659824	44.51881	11538	115.15063	5.057159	182.62492	0	0	0	0	0	0	0	0	0	0	0	0	0	0	0	0	0	0	2.9971054	2.875926	10729	4.078507	7.9533396	209.70705	1.9880701	1.8861599	8903	2.6772857	4.3508577	113.722755	3.3573685	3.2599416	10376	4.7095428	7.006918	182.05907
F3_S19_subsampled_depth_12G_contig_4623|provirus_68889_79728	168.49242	166.45926	10840	929.675	19.609564	676.12805	160.66417	158.49522	10840	852.9406	18.67969	647.3325	156.36876	154.77208	10840	698.10425	18.264458	634.46094	144.09888	142.53949	10840	598.66144	16.954306	616.21344	130.61992	129.3571	10840	461.2005	15.209043	551.5479	141.40393	139.96414	10840	589.66565	16.530201	596.94135	2.3223574	2.215236	9304	3.1386614	0.22239737	1.8105619	2.292984	2.0685928	8545	4.7494035	0.21688293	1.5781418	3.1132834	2.969653	9970	4.879578	0.29509482	2.3089342	3.6393826	3.2482853	10135	15.337901	9.807632	258.5995	3.6410663	3.3512783	10210	11.057326	8.47869	221.61606	4.7913003	4.4120765	10750	15.698326	11.096314	288.3128
F3_S19_subsampled_depth_12G_contig_5231|provirus_105707_121283	46.079407	45.944687	15577	89.69007	5.239829	180.66675	43.845013	43.75405	15577	65.95475	5.0077457	173.54016	44.62099	44.762333	15577	58.944313	5.130277	178.21283	36.677254	36.719265	15577	69.274994	4.216417	153.24802	33.89966	33.784298	15577	54.87307	3.874839	140.51901	36.308292	36.053223	15577	64.49653	4.1819296	151.01851	0	0	0	0	0	0	0	0	0	0	0	0	0	0	0	0	0	0	2.7882285	2.5985596	14572	5.775259	7.155025	188.65761	3.5799572	3.4729564	14768	5.450287	8.57454	224.12129	4.6443896	4.522074	14937	8.205311	10.615067	275.80853
F3_S19_subsampled_depth_12G_contig_6090|provirus_15114_26372	18.594652	18.29973	11259	34.377182	2.1437163	73.91434	19.233955	19.143715	11259	30.07049	2.2061067	76.451195	19.447386	19.212622	11259	27.737532	2.262962	78.60955	17.94311	17.834383	11259	22.667818	2.0885103	75.90799	17.41507	17.374138	11246	16.749662	2.0173314	73.15744	19.277613	19.264027	11259	29.764471	2.230326	80.54189	3.8563328	3.7174718	10863	6.311012	0.36094674	2.938507	3.1897562	3.0869086	10415	4.39341	0.29041627	2.1132054	3.7026734	3.5775578	10973	5.3767486	0.347918	2.7222426	5.5545955	5.4622464	10908	8.6235285	13.9785385	368.57437	3.8935997	3.751275	10666	7.331134	8.691708	227.18375	5.68476	5.608361	11165	8.175912	12.233726	317.8657
F3_S19_subsampled_depth_12G_contig_6100|provirus_47329_90805	31.66522	31.529478	43477	48.103447	3.5744393	123.24491	30.737877	30.719425	43477	35.889305	3.4834232	120.71576	29.66762	29.579357	43477	42.63269	3.3809848	117.44689	31.804026	31.703962	43477	41.46863	3.6436207	132.42944	29.32834	29.255957	43477	36.76901	3.3232627	120.516304	30.851917	30.760328	43477	44.319576	3.5182452	127.05142	0	0	0	0	0	0	0	0	0	0	0	0	0	0	0	0	0	0	2.1106932	2.0103347	36335	2.650628	4.7576423	125.44556	3.16387	3.054212	41688	3.8627274	6.9958663	182.85793	2.7298913	2.6368253	38928	3.430917	5.781419	150.21715
F3_S19_subsampled_depth_12G_contig_6168|provirus_49773_61550	27.12874	26.477737	11778	60.657455	3.1489227	108.57329	27.21474	26.531721	11778	76.15903	3.174182	109.99925	24.24527	23.548157	11778	76.05285	2.861534	99.40249	24.643877	24.155457	11778	47.916767	2.8998575	105.39685	24.869022	24.579208	11778	38.474026	2.888319	104.74333	24.519522	23.957386	11778	59.380966	2.8912058	104.40764	0	0	0	0	0	0	0	0	0	0	0	0	0	0	0	0	0	0	4.745958	4.345309	11250	13.610524	12.435372	327.88547	4.2003784	3.97554	11209	9.363475	10.049043	262.6618	5.7094083	5.2040896	11757	15.216401	12.880276	334.66507
F3_S19_subsampled_depth_12G_contig_6779|provirus_2_39110	61.320313	59.69357	39109	480.73053	7.0554976	243.27	63.008675	61.05721	39109	588.0608	7.263075	251.69717	66.14849	64.14	39109	640.92303	7.674483	266.59213	69.14492	66.96903	39109	642.2449	8.069933	293.30615	71.44962	69.83627	39109	636.63135	8.251303	299.2292	71.09518	69.238846	39109	576.0606	8.235837	297.4138	3.8848789	3.4813347	36197	13.177388	0.35823262	2.9164097	2.7395468	2.4517324	32524	7.532219	0.24805796	1.8049848	3.5818937	3.2779696	34647	10.1036625	0.32509103	2.5436358	5.393953	5.015799	37518	17.439695	14.027383	369.8622	4.1529555	3.8692713	37056	10.183314	9.391837	245.48376	5.9878078	5.628547	38386	15.9393	13.081488	339.89313
F3_S19_subsampled_depth_12G_contig_6849|provirus_201_14197	38.61024	38.470512	13997	59.732883	4.366802	150.56523	35.47115	35.311	13997	54.045105	4.0344243	139.81029	36.1726	36.271843	13997	53.991478	4.1522837	144.23982	31.487038	31.258366	13997	34.21156	3.6153734	131.40276	28.092005	28.043247	13997	35.536095	3.1809583	115.35576	31.244818	31.193853	13997	46.716164	3.5709562	128.955	0	0	0	0	0	0	0	0	0	0	0	0	0	0	0	0	0	0	2.8180833	2.683784	12035	4.576827	6.5858593	173.65042	3.29176	3.181096	12790	4.572533	7.227693	188.9174	4.058641	3.9318783	13650	5.726303	8.638907	224.46246
F3_S19_subsampled_depth_12G_contig_9372|provirus_26296_56056	25.757927	24.74819	29751	102.4076	2.9584284	102.00519	24.28432	23.217102	29756	101.490746	2.801261	97.07586	24.778393	23.856104	29760	79.1554	2.8705878	99.71696	21.669447	20.605305	29759	82.17815	2.5193496	91.56714	19.986998	19.225996	29759	65.865585	2.3004236	83.42365	21.034954	20.320175	29752	59.936	2.4294167	87.731514	3.0368106	2.7156205	26123	7.9298844	0.28328583	2.3062606	3.0856776	2.7340438	25640	8.234503	0.27784932	2.0217607	3.3467631	3.046865	27440	7.497988	0.30514494	2.3875701	0	0	0	0	0	0	0	0	0	0	0	0	0	0	0	0	0	0
F3_S19_subsampled_depth_12G_contig_10978|provirus_160391_185533	54.232185	53.222538	25141	638.20087	6.1403203	211.71532	51.168205	49.967903	25142	618.1325	5.8122416	201.41939	51.450928	50.649254	25142	497.0757	5.879754	204.24777	50.46425	48.879528	25143	597.371	5.774784	209.88771	49.03961	47.784885	25143	566.5887	5.570483	202.01053	47.662586	46.51856	25143	519.95984	5.4378695	196.37317	12.8336735	11.437875	24715	148.59825	1.1894978	9.683835	11.25119	10.242054	24792	96.02501	1.0188885	7.413908	13.617253	12.432807	24924	150.09941	1.2377521	9.684639	0	0	0	0	0	0	0	0	0	0	0	0	1.4971392	1.385419	19100	1.8009781	3.168294	82.321
F3_S19_subsampled_depth_12G_contig_11780|provirus_3_29682	13.740772	12.541764	29624	93.515205	1.5891975	54.79474	13.342804	11.952592	29666	95.36378	1.5435504	53.490723	13.762411	12.325006	29667	112.76789	1.606051	55.79017	14.256824	12.528256	29621	136.0185	1.6719881	60.769318	14.333694	12.814546	29670	116.8809	1.6670666	60.45527	14.5527935	13.123147	29672	106.466255	1.7077143	61.66922	10.700102	10.359621	29446	37.4558	0.99142134	8.071272	10.374094	10.0632105	29436	36.028522	0.94189394	6.853658	11.33786	11.131537	29525	36.46755	1.0311904	8.068424	0	0	0	0	0	0	0	0	0	0	0	0	0	0	0	0	0	0
F3_S19_subsampled_depth_12G_contig_13586|provirus_71541_86886	62.238747	61.98633	15346	108.86798	7.141815	246.24629	66.909256	66.47324	15346	140.34926	7.6901426	266.4968	69.365425	69.081955	15346	105.7644	7.9843154	277.355	74.3699	73.74894	15346	172.96355	8.6392975	314.0001	75.843575	75.43215	15346	162.31972	8.746163	317.17496	76.46486	75.95453	15346	165.51695	8.85252	319.68362	0	0	0	0	0	0	0	0	0	0	0	0	0	0	0	0	0	0	6.0682416	5.9923964	15043	8.98534	15.948699	420.5219	4.861082	4.6886973	15222	7.4944224	10.793338	282.11633	6.52527	6.429595	15327	8.584884	13.939061	362.1751
F3_S19_subsampled_depth_12G_contig_14010|provirus_4785_23005	7.6909413	7.521426	18221	11.542166	0.8805998	30.362658	7.8510876	7.7317553	18221	9.906824	0.90442836	31.34237	6.896907	6.652813	18217	12.800052	0.80024594	27.798512	7.118975	6.95352	18221	9.380973	0.8282713	30.103973	7.1025953	6.936059	18149	11.584605	0.8148272	29.549286	6.740247	6.6702123	18215	8.882827	0.7840216	28.31272	0	0	0	0	0	0	0	0	0	0	0	0	0	0	0	0	0	0	4.816889	4.6960344	17511	7.6699	12.198301	321.63467	4.2225113	4.050169	17554	7.0856824	9.507631	248.51039	6.5364394	6.444636	18016	12.006295	14.108525	366.57816
F4_S20_subsampled_depth_12G_contig_74	5.227217	5.0880437	18171	6.8853254	0.5947268	20.505901	4.997014	4.93174	18125	5.6227307	0.57140034	19.80152	4.6948686	4.5910544	18020	5.600967	0.54032123	18.769382	4.6995134	4.6177807	17793	5.755967	0.5420461	19.70097	4.675127	4.6260138	17585	6.116152	0.53691703	19.471	4.968591	4.881482	18028	5.676279	0.5711574	20.625736	0	0	0	0	0	0	0	0	0	0	0	0	0	0	0	0	0	0	2.7349038	2.545343	15800	5.054423	6.4294887	169.52739	2.6833112	2.5252519	16348	4.4532056	6.1646757	161.13228	2.6741319	2.4110346	15986	6.0217147	6.0571194	157.3806
F4_S20_subsampled_depth_12G_contig_266	11.126412	11.043241	39112	15.445817	1.2541555	43.242653	12.172965	12.075807	39173	17.489046	1.3747761	47.641968	11.870129	11.786245	39027	17.24029	1.3469186	46.78853	11.304732	11.186456	39048	18.263887	1.2911154	46.9263	11.3349905	11.244385	39125	16.892666	1.2784637	46.36279	11.423766	11.345157	38924	15.932027	1.2997314	46.9361	4.3084216	3.9693131	37320	11.442152	0.3958984	3.2230525	3.9939535	3.57713	35565	13.896606	0.36209223	2.6347516	4.0998435	3.6451366	36758	14.319701	0.3725796	2.9152057	0	0	0	0	0	0	0	0	0	0	0	0	0	0	0	0	0	0
F4_S20_subsampled_depth_12G_contig_468	272.72742	269.03522	40738	12091.517	30.70671	1058.7523	270.69104	267.02142	40738	12252.389	30.529612	1057.9838	271.9585	268.35794	40738	12384.396	30.871838	1072.4095	393.3969	391.39758	40738	22388.656	44.81761	1628.9202	404.685	403.0775	40738	23163.928	45.68624	1656.7872	404.9493	402.79233	40738	23585.857	45.976654	1660.316	160.1746	150.52809	40738	8282.047	14.70891	119.74688	135.19588	126.75278	40738	5912.408	12.175591	88.59534	153.63379	144.36717	40738	7582.364	13.874764	108.561485	13.520498	13.222667	40443	40.43265	31.616236	833.6301	10.702153	10.483247	40045	28.026018	23.762089	621.0932	15.757761	15.664002	40228	48.84155	33.47607	869.8003
F4_S20_subsampled_depth_12G_contig_608	12627.069	12513.864	20431	11506073	1427.381	49215.41	12121.824	12010.86	20431	10463430	1372.5828	47565.973	11707.149	11598.126	20431	9943821	1334.0996	46343.254	10719.764	10625.288	20431	8318741.5	1225.79	44552	10046.095	9952.785	20431	7373692	1138.5537	41289.043	10493.063	10389.286	20431	8211208.5	1195.7402	43180.76	9544.07	9115.176	20431	48285670	879.89026	7163.2827	7216.0073	6888.071	20431	27619746	652.22845	4745.9175	9989.64	9544.96	20431	50382556	905.441	7084.515	257.01227	257.7326	20431	5358.498	581.797	15340.338	311.94785	313.2864	20420	7943.0625	688.04504	17984.12	284.9434	285.81363	20431	7050.935	603.2572	15674.282
F4_S20_subsampled_depth_12G_contig_630	30.071327	29.158546	55446	439.75076	3.5727575	123.18698	27.291819	26.463186	55472	360.18048	3.2417872	112.34201	27.854633	26.973349	55350	486.59064	3.3498228	116.364334	31.138987	30.210464	55464	480.83405	3.7298794	135.5645	28.596634	27.81211	55336	416.16333	3.398085	123.22975	30.272785	29.546656	55472	428.92407	3.6118927	130.43329	0	0	0	0	0	0	0	0	0	0	0	0	1.8612667	1.6982125	42010	3.1309307	0.17079778	1.3363864	7.313528	3.3542078	46734	407.86026	18.673313	492.36224	9.207548	4.0138583	49140	646.25824	23.046955	602.4011	8.707946	3.8673027	49285	565.6161	20.836988	541.4023
F4_S20_subsampled_depth_12G_contig_896	4.3677793	4.236273	11623	8.216007	0.49458548	17.05307	5.536328	5.234545	11897	16.617247	0.62472224	21.649338	5.0400915	4.674818	12128	13.008783	0.5747438	19.965141	5.1030927	4.938091	11802	10.469036	0.582136	21.158037	5.454017	4.921909	11959	21.139322	0.61791354	22.408293	5.453772	5.289091	12050	10.838178	0.6202579	22.398848	0	0	0	0	0	0	2.5356734	2.3453636	9690	6.042382	0.23043475	1.6767509	3.2947962	2.9536364	9757	11.812852	0.30456764	2.3830526	2.7188675	2.572909	10048	5.014649	6.464351	170.44655	2.5985928	2.425	11081	4.2830124	5.7720103	150.86882	4.1068563	3.9294546	11918	7.608743	8.670529	225.28426
F4_S20_subsampled_depth_12G_contig_1722	7.641469	7.3959756	19852	11.614777	0.8883314	30.629234	7.6733804	7.476354	19861	10.661149	0.8786052	30.447504	7.8098526	7.5360465	19834	14.0985985	0.91706115	31.85638	8.2152605	7.9264417	19861	14.748636	0.96326184	35.010284	7.97646	7.652951	19861	17.011824	0.935287	33.91767	7.8951855	7.7491684	19772	12.4581175	0.9262694	33.449577	0	0	0	0	0	0	0	0	0	0	0	0	0	0	0	0	0	0	112.812035	110.11459	19861	1026.6804	269.1025	7095.4688	112.09391	108.700356	19861	1165.0143	257.5815	6732.667	121.91081	118.59805	19861	1089.1536	268.2187	6969.058
F4_S20_subsampled_depth_12G_contig_1856	13.711402	12.959483	39732	117.77004	1.5460597	53.307392	12.924721	12.00314	39608	111.07923	1.4577887	50.518723	13.435295	12.246916	39754	142.94951	1.5283705	53.091717	14.045829	13.074108	39715	122.297455	1.6036892	58.286938	13.263211	12.402086	39358	119.987495	1.5011908	54.439873	13.669712	12.686659	39733	132.81416	1.5550365	56.155712	4.649548	4.4835687	37294	10.194076	0.42772707	3.4821732	4.0977387	3.868719	37392	9.795444	0.37026343	2.6942096	4.1482863	4.014244	37898	7.4813046	0.37518463	2.9355884	7.994423	7.5098977	38817	35.645267	18.33033	483.3187	7.8484077	7.3258185	39203	36.092525	17.803755	465.35437	7.0957956	6.642104	39178	29.531265	15.399443	400.11975
F4_S20_subsampled_depth_12G_contig_2007	19.31467	19.243876	36667	53.450104	2.2026541	75.94644	18.81064	18.794863	36722	52.217457	2.148257	74.44647	18.400688	18.357327	36676	47.793312	2.117365	73.55192	15.749214	15.659188	36595	33.96841	1.8168023	66.0327	16.976692	16.877562	36624	41.72109	1.9441727	70.5044	16.45053	16.358997	36659	41.59605	1.8906461	68.275276	0	0	0	0	0	0	0	0	0	0	0	0	1.9752165	1.8242509	28534	3.1473527	0.18037064	1.4112886	5.9647784	5.8105893	34636	13.5045805	14.05496	370.58954	6.093669	5.9489965	34902	14.941493	13.576274	354.85648	6.0255485	5.9130816	35937	11.866737	12.929113	335.93387
F4_S20_subsampled_depth_12G_contig_2036	47.06232	43.64949	4285	975.10364	5.5429277	191.11751	82.56377	75.278046	4287	3214.979	9.845561	341.19153	108.9087	103.60065	4285	4358.5747	12.968541	450.49417	10.522464	9.873591	4137	50.753067	1.2501082	45.435883	16.780193	16.069242	4288	86.62139	1.9883904	72.1079	17.113285	16.477188	4159	118.88038	2.0283394	73.2477	120298.59	121453.266	4290	1902981800	10800.058	87924.46	118166.63	119228.22	4290	1846614500	10399.326	75670.34	87606.76	88366.83	4290	1029238500	7729.8877	60481.6	0	0	0	0	0	0	0	0	0	0	0	0	0	0	0	0	0	0
F4_S20_subsampled_depth_12G_contig_2081	49.994633	49.094433	40852	162.39503	5.632816	194.2168	49.415424	48.9002	40942	156.12698	5.57735	193.27945	47.707664	47.354797	40838	122.77002	5.4271283	188.52469	46.058712	45.73397	40852	123.91831	5.2488084	190.7708	45.49203	44.829685	40838	139.34642	5.143	186.50822	44.928345	44.433758	40854	140.54964	5.105841	184.383	30.365513	28.755188	40838	295.49243	2.7870164	22.689413	22.845974	21.647219	40841	169.6206	2.0596364	14.986878	29.845165	28.551697	40862	228.91745	2.6961718	21.09588	0	0	0	0	0	0	1.5774907	1.4474314	31128	2.0865643	3.4803383	90.96909	1.8086879	1.7057798	33637	2.0252752	3.8061094	98.89322
F4_S20_subsampled_depth_12G_contig_2998	37.41356	36.386784	15785	210.68704	4.2584567	146.82948	34.484604	33.533787	15801	160.0168	3.9291148	136.16089	34.962242	34.03982	15800	169.18669	4.0130367	139.40276	31.548876	30.649916	15802	158.10083	3.6386006	132.24695	34.036354	32.96309	15802	164.59744	3.863843	140.12024	30.993292	29.983887	15794	125.41608	3.571721	128.98254	2.7126884	2.6204572	14116	3.4210567	0.25281733	2.0582142	2.3933682	2.2688103	13764	3.3874538	0.22402406	1.6301033	2.6628547	2.535988	13827	3.9847858	0.23931558	1.8724962	0	0	0	0	0	0	0	0	0	0	0	0	0	0	0	0	0	0
F4_S20_subsampled_depth_12G_contig_3300	20.059677	19.950085	39059	32.067646	2.300302	79.31333	19.31936	19.20566	39059	34.164646	2.2215934	76.98786	17.964506	17.788229	39059	29.782513	2.0802069	72.26108	16.89257	16.6818	39059	27.11486	1.9662665	71.465	17.653679	17.450441	39059	26.357935	2.041818	74.04542	17.415508	17.282305	39059	27.99738	2.0164247	72.81741	0	0	0	0	0	0	0	0	0	0	0	0	2.1684957	2.003027	30452	3.923495	0.20127311	1.5748372	33.540157	19.982353	37480	5498.001	85.00391	2241.3113	35.543705	20.73343	38206	6550.1797	89.09544	2328.7766	36.381298	21.656872	38759	6344.103	86.34921	2243.5898
F4_S20_subsampled_depth_12G_contig_3561	31.358858	29.320038	39895	324.1632	27.00792	931.21967	30.93243	28.805239	39901	351.62375	33.660473	1166.4817	32.044727	29.781956	39889	389.56137	25.757906	894.7645	61.845715	59.935127	39889	442.76407	27.668839	1005.6391	61.191265	59.03849	39890	468.28036	35.31148	1280.5522	62.51347	60.2541	39891	517.2585	20.267624	731.9076	0	0	0	0	0	0	0	0	0	0	0	0	0	0	0	0	0	0	2.6281352	2.4427984	32151	5.090141	308.68326	8139.1	0	0	0	0	0	0	2.227013	2.119518	33470	2.9513319	256.92184	6675.5347
F4_S20_subsampled_depth_12G_contig_4311	3.552969	3.0959952	33362	12.282234	0.39973387	13.78263	3.3988698	3.0748158	32843	9.675549	0.3822595	13.246955	3.5699224	3.1723728	33213	11.5820875	0.40535516	14.081018	3.4374437	3.1530364	31450	9.19062	0.39124948	14.220178	3.2244713	3.0010934	31948	6.6996884	0.36418957	13.207145	3.0872414	2.7135136	31590	9.2654505	0.3515208	12.694175	2.4366283	2.2455955	30297	4.2383995	0.22369784	1.8211479	1.6886246	1.5621017	27705	2.274314	0.15093544	1.0982766	1.9662056	1.8132888	28435	3.005465	0.17797728	1.3925618	0	0	0	0	0	0	0	0	0	0	0	0	0	0	0	0	0	0
F4_S20_subsampled_depth_12G_contig_4921	14143.494	14604.736	65597	23381918	1600.0146	55167.734	13903.328	14363.5	65597	22355388	1575.6027	54601.477	13499.965	13935.963	65597	21596458	1539.8124	53489.17	13371.882	13799.422	65597	21237694	1530.528	55627.867	12725.514	13135.064	65597	19063748	1443.6116	52351.797	12977.503	13395.601	65597	19952104	1480.1377	53450.977	16164.207	16198.218	65597	48531510	1489.6506	12127.409	12425.667	12445.332	65597	28901322	1122.9178	8170.874	14714.17	14740.401	65597	39797820	1333.2898	10432.165	20.92973	21.020983	64504	85.50616	48.621773	1282.0181	21.969105	22.188139	65196	79.79412	48.57034	1269.5315	18.220438	18.28642	65307	61.64172	38.76859	1007.3145
F4_S20_subsampled_depth_12G_contig_5587	5.465359	5.3494554	12630	6.754323	0.6200055	21.377493	7.4884	7.3796616	12693	12.420512	0.84364045	29.235819	6.044487	5.845336	12268	15.359208	0.6951989	24.149462	5.8399906	5.732394	12492	10.075417	0.6716882	24.412886	5.58718	5.480999	12439	9.874056	0.6304561	22.86316	5.5984216	5.531668	12256	9.215294	0.64505655	23.294382	0	0	0	0	0	0	0	0	0	0	0	0	0	0	0	0	0	0	0	0	0	0	0	0	0	0	0	0	0	0	0	0	0	0	0	0
F4_S20_subsampled_depth_12G_contig_6110	6533.9873	6661.938	17854	2070031.8	732.5436	25257.744	6689.214	6815.8193	17957	2140553.3	751.2179	26032.969	5490.0664	5596.3965	17857	1230268	620.57745	21557.287	8888.558	9090.918	17842	4624769.5	1007.90076	36632.695	8116.369	8275.121	17928	3636703.5	912.22516	33081.36	8388.881	8558.246	17854	3541217.8	947.91174	34231.14	321.07007	321.41663	17910	15771.314	29.348719	238.93108	277.15298	276.56216	17870	13510.288	24.825222	180.63986	355.44232	354.57245	17906	20268.44	31.944756	249.94789	10.2343235	10.184994	17651	17.985964	23.012575	606.77625	10.533093	10.411215	17732	18.227142	23.061388	602.7787	12.741874	12.790931	17663	19.422932	26.82018	696.86224
F4_S20_subsampled_depth_12G_contig_6215	17.226587	17.258703	11569	29.754692	1.9432548	67.002495	18.579645	18.61311	11551	35.61361	2.101828	72.83748	16.178493	16.082518	11605	28.848114	1.8378729	63.84308	20.160076	20.28052	11590	47.304493	2.3043048	83.751205	20.169678	20.284107	11587	39.742317	2.2810333	82.720474	20.420528	20.60671	11593	33.670567	2.3272653	84.0426	0	0	0	0	0	0	0	0	0	0	0	0	1.6486864	1.5557064	9068	1.8296928	0.1494751	1.1695498	6.6571527	6.5102296	11245	14.626683	15.911582	419.5431	6.977219	6.9011927	11461	12.074988	15.779855	412.45377	8.399494	8.287016	11140	19.089779	18.183208	472.44965
F4_S20_subsampled_depth_12G_contig_6344	5.3125176	5.1923914	17876	6.696818	0.597865	20.614094	4.581802	4.55117	17642	4.626407	0.5158328	17.875843	4.721667	4.639732	17740	5.3016458	0.53434914	18.561932	4.6177177	4.5541487	17908	4.770174	0.5246293	19.067938	5.3398314	5.316825	17694	6.259772	0.6017173	21.820967	5.1381893	4.978837	17844	6.9949794	0.58162796	21.003838	2.8759425	2.697139	16073	5.282397	0.26173732	2.130832	2.7770207	2.6533234	16111	3.8931885	0.24922998	1.8135135	3.105569	2.967976	16613	4.5585113	0.28005177	2.1912315	2.235212	2.1088562	14035	3.5686808	5.1773686	136.5126	2.179132	2.0461738	15464	3.0024872	4.9628725	129.7195	2.5251076	2.407373	15944	3.5515847	5.5377073	143.88495
F4_S20_subsampled_depth_12G_contig_7476	15.266419	15.105334	42712	27.820957	1.7263023	59.522083	15.858452	15.722362	42722	29.788847	1.7956043	62.225494	15.857723	15.611467	42722	33.071045	1.8059947	62.735664	15.120737	14.945688	42610	29.801014	1.7272675	62.77846	15.438105	15.265659	42599	28.077423	1.7463932	63.331985	14.921122	14.809636	42722	27.452515	1.6999981	61.39061	6.8599315	6.2872167	41351	29.734085	0.6368489	5.184659	5.969017	5.5392265	41823	20.539948	0.5452443	3.9674518	6.165179	5.811332	41826	18.289412	0.56505567	4.4212117	0	0	0	0	0	0	0	0	0	0	0	0	0	0	0	0	0	0
F4_S20_subsampled_depth_12G_contig_7517	4.4410105	4.2450094	25306	7.634743	0.5084621	17.531532	4.3406086	4.140129	25281	7.4372625	0.49673927	17.214178	4.795066	4.5507298	25732	8.506487	0.55505353	19.281155	4.523093	4.378903	24901	7.472114	0.5228564	19.003494	5.0084577	4.892132	25594	6.527798	0.5726687	20.76753	4.9977	4.860434	25375	7.37367	0.5754608	20.781122	0	0	0	0	0	0	0	0	0	0	0	0	1.5687727	1.4786732	19623	1.7257913	0.14075899	1.1013519	2.965	2.8219807	22771	5.000802	6.932393	182.78749	2.0936975	1.9120946	20277	3.6932783	4.675936	122.21959	3.2271116	3.1134975	23815	4.447834	6.8745317	178.61914
F4_S20_subsampled_depth_12G_contig_7968	3.89824	3.8390074	10870	4.727403	0.4375561	15.086715	3.616278	3.5206947	10735	4.547972	0.40373403	13.991145	3.9592602	3.8892307	10611	6.102879	0.44410485	15.427086	5.453766	5.3552356	11248	5.855818	0.61524546	22.361433	5.7500224	5.698958	11222	6.133717	0.64845085	23.515738	6.551684	6.5088835	11207	7.670688	0.7384398	26.666649	0	0	0	0	0	0	0	0	0	0	0	0	0	0	0	0	0	0	0	0	0	0	0	0	0	0	0	0	0	0	0	0	0	0	0	0
F4_S20_subsampled_depth_12G_contig_8610	34.38684	33.104263	13812	269.61957	4.118869	142.01659	32.71622	31.381506	13812	298.2535	3.9282262	136.13013	34.738766	33.37866	13812	303.51254	4.181848	145.26688	33.19375	32.029846	13812	281.26096	4.012257	145.82765	30.967134	29.602879	13812	259.48618	3.7129545	134.64839	32.39943	30.958685	13812	273.78192	3.9176648	141.47534	2.5552628	2.209743	10569	8.310795	0.2423654	1.9731233	2.3551457	2.0643299	10905	5.882793	0.22597522	1.6443007	2.9593763	2.6485848	11754	8.442314	0.2796837	2.1883516	518.88763	513.8007	13812	35847.188	1216.0065	32062.635	546.60187	544.531	13812	40413.586	1247.942	32618.701	655.54065	653.3568	13812	45535.87	1430.7023	37173.574
F4_S20_subsampled_depth_12G_contig_9478	4.4865346	4.411923	28311	5.793587	0.50564045	17.434229	4.9355226	4.8533125	29285	5.5117826	0.55616677	19.2736	4.4332867	4.31355	28828	5.776211	0.5033165	17.483946	4.508004	4.4024043	28790	6.0135984	0.51659775	18.776026	3.9030616	3.7938488	28322	5.173699	0.44405976	16.103588	4.1744547	4.079639	28483	5.2517524	0.47233397	17.05699	0	0	0	0	0	0	0	0	0	0	0	0	0	0	0	0	0	0	17.509233	17.471956	29365	30.657154	39.26693	1035.3573	22.104141	22.131556	29384	32.84684	48.389313	1264.7996	19.032051	18.925253	29359	32.120323	40.05009	1040.6117
F4_S20_subsampled_depth_12G_contig_9947	9.061397	8.442196	97490	50.258934	1.0251203	35.345634	9.4153185	8.742198	97987	56.562767	1.066371	36.9544	9.43346	8.765916	97935	53.635647	1.0735999	37.29414	9.77111	9.096734	98118	59.0138	1.1175429	40.617718	9.601437	8.820025	97744	62.31439	1.0885243	39.474773	9.887966	9.241239	98341	59.32779	1.127221	40.7064	9.794997	8.754375	95346	85.38671	0.9046239	7.364643	8.489423	7.6630096	95943	62.501587	0.76664877	5.5784926	8.87125	8.081432	95558	63.143425	0.8026571	6.2802978	0	0	0	0	0	0	0	0	0	0	0	0	0	0	0	0	0	0
F4_S20_subsampled_depth_12G_contig_10782	7.4152617	7.3829603	10486	10.929099	0.83945036	28.943834	7.0847864	7.036712	10529	7.49464	0.797133	27.624142	7.8469987	7.7584286	10529	10.234248	0.89829314	31.204432	9.41083	9.290484	10529	14.435369	1.0758423	39.10208	10.326236	10.177352	10529	18.00553	1.1659217	42.281525	7.8541284	7.752435	10529	10.225007	0.889886	32.135704	0	0	0	0	0	0	0	0	0	0	0	0	0	0	0	0	0	0	13.263513	13.218774	10529	24.095804	30.81057	812.3873	17.747374	17.579792	10529	20.817078	39.46948	1031.6532	14.441854	14.440865	10529	23.350899	30.926378	803.552
F4_S20_subsampled_depth_12G_contig_11077	4.626407	4.53575	20110	7.781768	0.52823347	18.213226	5.2681546	5.157881	21078	6.137266	0.598121	20.727484	4.8136783	4.644135	20723	7.7685018	0.55188495	19.171087	4.157112	3.9932458	20446	6.6432166	0.4766388	17.323698	4.457516	4.345417	20468	7.015472	0.5090638	18.460934	4.6342435	4.520289	20923	6.283763	0.5331383	19.252785	2.1048207	1.9034352	15922	4.301304	0.19489641	1.5866742	0	0	0	0	0	0	0	0	0	0	0	0	0	0	0	0	0	0	0	0	0	0	0	0	0	0	0	0	0	0
F4_S20_subsampled_depth_12G_contig_11126	5.2751412	5.025433	3033	14.425267	0.62873185	21.678364	4.7653503	4.429045	3080	12.866236	0.54899955	19.025217	3.073017	2.9126427	2739	4.720431	0.36294577	12.607815	3.5874543	3.3792849	2731	9.80153	0.41301396	15.011225	4.0079656	3.764836	2837	10.526497	0.4737015	17.178526	3.921009	3.8621452	2854	7.024304	0.48197556	17.405172	0	0	0	0	0	0	0	0	0	0	0	0	0	0	0	0	0	0	4.768669	4.448212	3034	13.3392315	11.576337	305.23514	5.7630267	5.577958	2733	17.787785	13.169965	344.2365	11.246266	11.204202	3138	27.995113	24.583046	638.735
F4_S20_subsampled_depth_12G_contig_12167	5.400593	5.2026606	34090	11.248676	0.60833704	20.975174	4.853747	4.67867	34660	8.8291025	0.5469755	18.955076	5.3729157	5.146635	33656	13.8642645	0.61032367	21.201101	3.9989455	3.8674583	33537	6.7583075	0.455667	16.561459	4.2951856	4.154394	33242	7.938517	0.48518273	17.594894	4.338426	4.178844	33613	8.021631	0.49297228	17.802298	0	0	0	0	0	0	0	0	0	0	0	0	0	0	0	0	0	0	0	0	0	0	0	0	0	0	0	0	0	0	0	0	0	0	0	0
F4_S20_subsampled_depth_12G_contig_12185	3.2390819	3.0888715	16059	5.6071224	0.3621718	12.487505	3.6022573	3.4309082	17376	6.025816	0.40418032	14.006606	3.5324137	3.4069788	17381	5.158995	0.39937693	13.873345	2.8534977	2.6920094	16564	4.6915674	0.3225666	11.723858	3.2168367	3.085176	16933	4.7392936	0.36187068	13.12305	3.2231066	3.0597928	17253	4.9240484	0.36498082	13.180243	3.1441033	2.8591506	15355	8.777216	0.2875728	2.341163	2.581593	2.3510633	15036	5.8441195	0.22944292	1.6695338	3.2759392	3.0238686	15910	9.418237	0.29540884	2.3113906	0	0	0	0	0	0	0	0	0	0	0	0	0	0	0	0	0	0
F4_S20_subsampled_depth_12G_contig_12809	107.24808	108.76292	16579	850.7983	12.028104	414.72308	96.79316	97.61551	16641	892.9387	10.868752	376.64957	106.33412	107.72169	16640	841.66113	12.016965	417.43884	125.73622	127.1588	16639	1299.656	14.2606325	518.3105	116.130554	117.00654	16579	1073.9366	13.051377	473.30127	126.58117	128.39682	16580	1244.278	14.308721	516.71875	44.025288	43.536144	16625	443.43494	4.032363	32.82792	34.377174	33.930676	16451	318.9691	3.0748315	22.37391	48.94894	48.89187	16629	593.477	4.3967557	34.40189	0	0	0	0	0	0	0	0	0	0	0	0	0	0	0	0	0	0
F4_S20_subsampled_depth_12G_contig_12877	12.305641	11.511762	6317	54.94424	1.4698589	50.68004	31.638435	30.807865	6333	140.34242	3.7879689	131.2696	33.47406	32.890106	6337	211.04146	4.061181	141.07518	2.4889283	2.3145986	5251	4.1205935	0.3037978	11.041698	3.0533376	2.8786137	5790	5.634723	0.36540663	13.251276	3.6230807	3.34297	5945	8.223896	0.43518746	15.715553	98014.164	98285.35	6337	259062850	8903.58	72485.02	143184.08	143637.8	6337	539074370	12754.64	92808.7	128607.12	129053.94	6337	445890430	11487.6	89883.39	0	0	0	0	0	0	0	0	0	0	0	0	0	0	0	0	0	0
F4_S20_subsampled_depth_12G_contig_14031	13.767779	13.693762	43251	20.450474	1.5540572	53.583134	13.61924	13.446659	43290	22.636536	1.536873	53.25932	13.765206	13.554525	43281	24.812317	1.5657946	54.391766	12.32719	12.178875	43290	17.765108	1.4083933	51.18881	12.484794	12.38567	43262	20.276617	1.411192	51.176117	12.467339	12.331325	43290	21.266256	1.4197081	51.268738	8.01771	7.675887	43254	21.398653	0.7370075	6.000062	6.6141634	6.2722144	42715	19.141027	0.5955198	4.333279	6.9744554	6.7359757	42756	16.21961	0.62965596	4.9266706	2.9343996	2.4216762	36182	32.101448	7.8573103	207.17494	3.122508	2.7336063	39184	14.862827	7.3544793	192.23148	2.9531524	2.576186	38612	20.745504	6.759463	175.62935
F4_S20_subsampled_depth_12G_contig_14053	10.761792	10.571279	6482	26.282454	1.2898071	44.471912	22.752516	22.309399	6510	88.72818	2.751096	95.337425	20.423271	19.83543	6429	96.41304	2.4424918	84.845985	0	0	0	0	0	0	1.9632076	1.8728162	5444	2.314419	0.2432334	8.820731	2.660849	2.365304	5235	6.635548	0.3157435	11.402177	59326.563	59592.145	6510	38225904	5388.119	43865.277	70458.055	70759.76	6510	53175370	6274.197	45653.996	34045.625	34189.973	6510	12640234	3039.738	23784.074	0	0	0	0	0	0	0	0	0	0	0	0	0	0	0	0	0	0
F4_S20_subsampled_depth_12G_contig_2664|provirus_33734_80892	14.229551	14.12612	47121	32.019527	1.6136202	55.63683	14.4577	14.392233	47159	33.497448	1.644713	56.996483	14.073326	13.885083	47110	33.69133	1.6131861	56.038017	14.96339	14.910067	47156	34.410057	1.7163839	62.38289	13.614819	13.4867525	47159	34.341698	1.5485054	56.155712	15.088047	14.975443	47159	37.845707	1.7285633	62.422173	0	0	0	0	0	0	0	0	0	0	0	0	2.6122658	2.3414404	37160	7.052412	0.23625778	1.8485713	169.08723	168.67064	47159	530.56433	384.3291	10133.665	209.06178	208.9972	47159	758.28455	462.272	12082.864	188.64398	188.15176	47159	603.4149	400.45193	10404.842
F4_S20_subsampled_depth_12G_contig_4687|provirus_7404_22652	49.264786	43.95144	15249	5362.0103	6.4827886	223.5234	49.72826	44.358692	15249	5489.006	6.5523	227.0657	55.63236	49.61607	15249	6695.4893	7.366543	255.89499	62.94291	56.256493	15249	8348.785	8.34707	303.3787	59.159283	52.589508	15249	8067.92	7.8717084	285.46332	63.121662	56.730778	15249	7806.6846	8.353926	301.6782	0	0	0	0	0	0	0	0	0	0	0	0	0	0	0	0	0	0	3.7771375	3.1411965	13950	61.54319	11.16349	294.34943	2.9918537	2.3975425	13545	50.99775	8.325362	217.60835	4.4871845	3.8145096	14755	74.52088	11.405334	296.3419
F4_S20_subsampled_depth_12G_contig_5063|provirus_67724_86950	17.463018	16.40743	19227	87.763855	2.1473103	74.03822	19.542486	18.500786	19227	94.8517	2.3658977	81.98864	21.201656	19.869663	19227	125.393845	2.6128745	90.76467	23.071291	21.915148	19227	109.93505	2.8366702	103.100365	22.406616	20.740202	19227	150.74004	2.7779486	100.74087	21.697227	20.425077	19227	109.21354	2.6744428	96.57988	0	0	0	0	0	0	0	0	0	0	0	0	0	0	0	0	0	0	2.7909	2.622736	16899	4.666015	7.3837376	194.6882	2.291503	1.9922544	15532	5.737888	5.6055636	146.51826	2.9365203	2.7532468	17730	4.7103233	6.652155	172.84117
F4_S20_subsampled_depth_12G_contig_6475|provirus_8952_26046	29.856419	29.619303	17095	125.88025	3.4541366	119.09692	30.900738	30.813848	17095	118.88179	3.585126	124.240204	31.739864	31.2988	17095	126.251595	3.7235382	129.3463	34.23842	34.079144	17095	130.91449	3.9867997	144.90244	34.53957	34.389942	17095	112.30795	4.018793	145.73936	35.480022	35.19002	17095	147.8337	4.150259	149.87486	7.9010916	7.7462463	16678	25.481836	0.74701875	6.081561	7.362703	7.146548	16440	23.691502	0.6836793	4.9747667	8.007318	7.8822374	16808	23.362673	0.73976094	5.788171	2.8258483	2.7343125	15316	3.6733403	7.4215302	195.68463	2.477191	2.363517	15146	3.3310575	5.666459	148.10985	2.7781057	2.6180577	14936	4.630293	6.31217	164.00755
F4_S20_subsampled_depth_12G_contig_8270|provirus_128_14807	8.485684	8.155682	14675	16.817778	0.99343634	34.253197	8.938128	8.848524	14680	12.131285	1.0425686	36.12956	8.677839	8.471937	14680	11.777342	1.0201206	35.43639	8.606263	8.428582	14663	13.871051	1.0140098	36.85473	7.591879	7.3673344	14656	12.911268	0.8907512	32.302612	7.539849	7.4266706	14680	8.694847	0.87629044	31.644726	0	0	0	0	0	0	1.5682726	1.4306469	11178	2.1695075	0.14542413	1.0581733	2.601514	2.4386756	12857	4.2073627	0.24652678	1.92892	8.835169	8.557501	14680	18.75327	20.719984	546.32697	10.072608	9.742621	14641	20.937737	22.993916	601.0148	10.9532	10.654076	14680	21.327019	23.651577	614.5329
F4_S20_subsampled_depth_12G_contig_9116|provirus_270_24229	19.337337	18.095661	23960	144.52554	2.3339305	80.47279	17.944435	16.704714	23960	122.94004	2.1621518	74.92796	20.298279	19.256742	23960	129.31598	2.4607298	85.47956	16.431248	15.214046	23960	117.87803	2.001556	72.74765	15.808652	14.632618	23960	100.445885	1.9101334	69.26994	15.270516	14.232058	23960	91.57976	1.8666129	67.407425	0	0	0	0	0	0	0	0	0	0	0	0	1.747375	1.6134858	18378	2.5114646	0.16744946	1.3101884	0	0	0	0	0	0	0	0	0	0	0	0	0	0	0	0	0	0
F5_S21_subsampled_depth_12G_contig_899	47272.305	48011.08	23537	288276700	5380.6484	185522.1	47077.348	47789.586	23537	286212380	5367.785	186017.1	46784.35	47495.426	23537	283004860	5369.206	186512.61	41199.703	41797.363	23537	221170530	4743.7793	172415.22	43312.523	43958.26	23537	242428830	4942.6377	179242.08	42410.03	43030.676	23537	232787630	4866.0044	175721.92	21657.863	21713.018	23537	78901550	2004.497	16318.83	18861.66	18910.715	23537	59723052	1711.2566	12451.902	21665.197	21705.49	23537	80239020	1970.7942	15420.248	55.421173	55.978813	23509	392.0862	127.933914	3373.2542	62.20396	62.735523	23525	601.6273	138.04709	3608.2747	68.19143	68.791534	23519	684.80597	145.49202	3780.282
F5_S21_subsampled_depth_12G_contig_2168	3.256061	3.1182456	18846	5.008293	0.36445713	12.566304	3.3060684	3.1582956	18475	5.063498	0.37414375	12.965709	3.4028506	3.2915056	19689	4.20325	0.38655666	13.428002	3.593476	3.5165696	18748	5.037512	0.4095203	14.884239	3.9611108	3.8447516	19306	6.348997	0.4470376	16.211575	4.1531568	4.055395	19397	6.681527	0.4705564	16.992807	0	0	0	0	0	0	0	0	0	0	0	0	0	0	0	0	0	0	0	0	0	0	0	0	0	0	0	0	0	0	0	0	0	0	0	0
F5_S21_subsampled_depth_12G_contig_3089	35.16067	34.307564	28562	233.91022	4.1442785	142.89272	36.934994	36.001602	28562	262.32507	4.353546	150.86938	39.755703	38.9187	28562	342.83966	4.740995	164.69014	39.708645	38.880886	28562	317.0379	4.7368717	172.16422	40.054485	39.06609	28562	323.34195	4.7296042	171.51656	40.91884	39.82254	28562	354.59494	4.850502	175.16216	10.87002	10.269357	28475	51.432014	1.0167236	8.277259	9.947699	9.649813	28099	35.054882	0.905438	6.58839	10.079297	9.651846	28389	40.00944	0.92349195	7.225753	2.5565255	2.280463	23163	8.958369	6.8259892	179.98196	2.4284458	2.2943063	25525	3.934093	5.5907717	146.13158	3.0572646	2.806038	27075	10.490368	6.9781427	181.31125
F5_S21_subsampled_depth_12G_contig_3637	7.745855	7.627847	11363	9.800164	0.86870205	29.952425	8.998573	8.793127	11188	18.516531	1.0123569	35.08258	7.038777	6.916221	11181	11.774639	0.80486554	27.958992	6.3689604	6.208457	11341	9.919931	0.7288083	26.48892	6.319665	6.234601	11289	7.2307825	0.7084322	25.690916	5.9984846	5.8677955	11245	9.461796	0.6855854	24.757965	3.2387235	3.0995247	10797	4.5531516	0.2944714	2.3973243	1.993136	1.9290949	9540	1.9545751	0.1782841	1.2972778	2.9967017	2.8698752	10390	4.3844953	0.27423483	2.145718	0	0	0	0	0	0	0	0	0	0	0	0	0	0	0	0	0	0
F5_S21_subsampled_depth_12G_contig_3692	5.2099485	4.8961062	12458	11.167417	0.5858317	20.199194	5.404877	5.1431007	12147	13.019783	0.60985655	21.134182	4.5209947	4.31527	12040	8.691152	0.5112673	17.760124	4.0757427	3.8661404	12316	6.681818	0.46627223	16.946928	4.4731107	4.339404	12024	7.322058	0.50668776	18.374763	4.2651	4.1991744	12364	4.2646103	0.47968	17.322277	0	0	0	0	0	0	0	0	0	0	0	0	0	0	0	0	0	0	0	0	0	0	0	0	0	0	0	0	0	0	0	0	0	0	0	0
F5_S21_subsampled_depth_12G_contig_3903	16.899666	15.566169	126439	264.1091	1.9354413	66.73307	16.960793	15.607891	126496	268.78763	1.9438686	67.363464	16.303757	15.039978	126235	239.54144	1.8817153	65.36604	14.828043	13.644074	125541	200.36337	1.7188314	62.471897	15.474222	14.172394	126220	225.73567	1.775065	64.371796	15.603062	14.390923	126680	217.48322	1.8001491	65.007286	0	0	0	0	0	0	0	0	0	0	0	0	0	0	0	0	0	0	4.0843024	3.8259754	116010	11.335176	10.779881	284.2349	3.0272973	2.7504077	107624	9.359289	7.0619555	184.58533	4.454642	4.170474	119230	13.712701	9.798034	254.57985
F5_S21_subsampled_depth_12G_contig_4315	26.901716	27.002382	11342	131.74158	3.0436807	104.94461	25.280201	25.666666	11342	102.10933	2.8654134	99.29903	25.647696	25.798689	11342	106.26235	2.9201713	101.43933	25.735615	26.188505	11333	125.12224	2.937071	106.749435	24.926733	25.348223	11090	121.63381	2.8267143	102.50926	27.169674	27.42178	11342	134.21075	3.1050432	112.12976	0	0	0	0	0	0	0	0	0	0	0	0	0	0	0	0	0	0	4.812902	3.545265	9641	171.85652	14.697491	387.53116	5.351948	4.0660114	10352	227.76703	16.26514	425.13815	6.9002857	5.5985703	10875	210.31801	18.859888	490.0318
F5_S21_subsampled_depth_12G_contig_4663	4.989938	4.6643624	7662	12.038564	0.59577554	20.542051	4.5850654	4.2623916	7594	9.502332	0.55915433	19.377121	6.026347	5.807913	7698	11.608812	0.7229189	25.112377	4.4159937	3.9855862	7602	17.024754	0.5556352	20.19486	3.4851053	3.3628476	7474	3.7175014	0.4067047	14.748929	4.251688	4.0120606	7277	9.633545	0.5225672	18.871023	0	0	0	0	0	0	0	0	0	0	0	0	0	0	0	0	0	0	0	0	0	0	0	0	0	0	0	0	0	0	0	0	0	0	0	0
F5_S21_subsampled_depth_12G_contig_5135	20.439798	19.37263	13846	135.44527	2.343349	80.79755	18.621498	17.822767	13853	79.568985	2.1283534	73.756676	19.844206	19.151047	13828	117.09673	2.2793775	79.17979	19.279554	17.97965	13832	126.63621	2.232062	81.12546	19.796482	18.77785	13853	108.08082	2.2736194	82.451584	18.658493	17.834766	13844	98.02684	2.138972	77.242905	6.3228254	6.120561	12620	19.045305	0.5757372	4.6871395	5.5064216	5.443976	12934	10.64303	0.4886163	3.5554006	7.653605	7.5493755	13441	17.385878	0.6907301	5.4045353	0	0	0	0	0	0	0	0	0	0	0	0	0	0	0	0	0	0
F5_S21_subsampled_depth_12G_contig_5146	8.595957	8.416373	10846	17.157429	0.990101	34.138206	8.00913	7.828607	10824	14.733357	0.91660047	31.76419	6.9756846	6.871145	10884	8.331003	0.7981519	27.72578	7.073132	6.955703	10884	8.335563	0.81965137	29.790674	5.892398	5.753053	10763	8.902144	0.67736167	24.564173	6.2820945	6.048023	10847	9.770411	0.7286629	26.31358	0	0	0	0	0	0	0	0	0	0	0	0	0	0	0	0	0	0	0	0	0	0	0	0	0	0	0	0	0	0	0	0	0	0	0	0
F5_S21_subsampled_depth_12G_contig_5457	310.7053	308.7881	60231	1652.5209	35.28248	1216.5228	307.66138	305.64145	60231	1642.7633	35.002968	1213.005	303.93723	301.12735	60231	1830.187	34.804535	1209.0212	316.8529	309.33618	60231	5381.897	36.416477	1323.5768	320.71985	313.5062	60231	5294.223	36.512028	1324.0894	322.87152	315.92474	60231	5273.464	36.97438	1335.2247	105.42707	106.42863	60221	1040.7286	9.685075	78.84725	92.431015	92.98981	60187	792.10864	8.327091	60.591774	110.75069	112.00087	60131	1052.4548	10.005257	78.284935	4.2994623	4.1922216	57363	6.576565	10.078763	265.74835	4.5275044	4.4301224	58853	5.9756784	10.03938	262.40918	4.714402	4.6172953	59283	6.066253	10.090613	262.1818
F5_S21_subsampled_depth_12G_contig_6788	480.72208	480.3649	29823	9146.888	54.402847	1875.7833	451.17517	450.68848	29823	8132.879	51.139893	1772.2201	450.87012	450.24115	29823	7301.664	51.440216	1786.9028	454.19186	453.274	29823	6879.008	51.99463	1889.7733	422.33182	421.96545	29823	6607.6807	47.899597	1737.0533	445.10178	444.4605	29823	7752.688	50.777863	1833.6987	4.8914165	4.2607555	28555	22.084059	0.4508368	3.6703117	5.0918007	4.611038	28389	19.081556	0.46438476	3.37908	6.694436	6.120605	29200	28.643856	0.6094756	4.7687716	2.6296296	2.5005054	26844	3.620505	5.923479	156.18533	3.2233343	3.0694575	27030	5.4016232	7.0837426	185.15479	3.0157044	2.931591	27360	3.5995784	6.4383245	167.28539
F5_S21_subsampled_depth_12G_contig_7302	13.781494	13.721514	42127	24.57823	1.5550809	53.618404	13.50493	13.567821	41965	20.62756	1.5253222	52.859066	14.816201	14.747328	42245	27.116941	1.6880795	58.639584	13.319136	13.3327	41721	22.847889	1.5217617	55.309254	12.96439	13.049647	41693	18.026073	1.4670581	53.202057	12.982824	13.02043	41958	19.354456	1.4763168	53.31298	11.535669	10.99554	42175	47.97407	1.0627471	8.651946	9.002732	8.590414	41907	30.269035	0.8133481	5.9183	10.769355	10.42801	41605	34.87086	0.9750665	7.6292887	6.7960567	6.5623035	42076	12.78173	15.905665	419.38727	7.610785	7.3917437	42215	13.41168	17.311035	452.4759	6.6660886	6.444981	42032	12.259526	14.664705	381.02945
F5_S21_subsampled_depth_12G_contig_8166	91.783005	90.05284	12019	500.16306	10.424908	359.44574	91.24733	90.21072	12019	368.05682	10.369478	359.34756	90.39516	88.965454	12049	464.75156	10.356796	359.7688	86.63375	85.45729	12019	397.46143	9.94191	361.344	88.333305	87.15265	12019	383.63724	10.032948	363.8396	89.421295	87.04453	12022	576.55756	10.232813	369.52902	3.723422	3.4156475	9515	12.955184	0.34299764	2.79238	0	0	0	0	0	0	4.002857	3.8179443	10328	9.084374	0.36335436	2.843024	0	0	0	0	0	0	0	0	0	0	0	0	0	0	0	0	0	0
F5_S21_subsampled_depth_12G_contig_9057	77.957245	76.282135	35610	2157.2754	8.832273	304.53238	77.737	75.40847	35610	2319.9817	8.821979	305.71994	78.39199	76.37548	35610	2375.9338	8.960737	311.2735	69.970276	68.501976	35610	1805.1559	8.0307	291.88	70.96923	68.995834	35610	1802.2393	8.059898	292.2878	72.49498	70.857056	35610	1929.5555	8.275931	298.86188	4.807981	4.5932193	33937	11.457952	0.4444971	3.6186986	3.9742808	3.74425	32627	9.362322	0.35932168	2.6145918	5.756148	5.5066113	34562	14.787907	0.52679664	4.1218596	0	0	0	0	0	0	0	0	0	0	0	0	0	0	0	0	0	0
F5_S21_subsampled_depth_12G_contig_9865	12.438165	12.383221	14729	19.675608	1.4413451	49.69686	10.977159	10.873961	14729	17.200808	1.2760476	44.220615	11.405927	11.144022	14729	19.773615	1.351758	46.95665	11.946293	11.793721	14729	17.235355	1.4062551	51.111103	11.472872	11.369961	14729	17.757442	1.3443975	48.75386	11.333837	11.2715845	14729	13.70711	1.3350663	48.212154	0	0	0	0	0	0	0	0	0	0	0	0	0	0	0	0	0	0	18.146032	17.333078	14729	112.655235	44.442287	1171.8169	18.777626	17.603064	14666	159.6265	44.622753	1166.3492	25.532684	24.795626	14729	184.97057	58.307358	1514.9852
F5_S21_subsampled_depth_12G_contig_9909	7.7342377	4.738838	48048	923.86884	1.3024064	44.90637	7.7688255	4.876807	47937	791.6773	1.2937032	44.83242	7.854927	4.7584863	48240	949.53143	1.3465081	46.774296	7.5865827	4.7155704	48440	844.0445	1.3027016	47.347416	7.6627665	4.6433306	48064	950.595	1.2889833	46.74429	7.3601213	4.5592513	47851	796.088	1.2635207	45.62846	0	0	0	0	0	0	0	0	0	0	0	0	0	0	0	0	0	0	0	0	0	0	0	0	0	0	0	0	0	0	0	0	0	0	0	0
F5_S21_subsampled_depth_12G_contig_11184	10.905296	10.789283	20634	13.76871	1.2322701	42.48808	10.816256	10.725931	20630	13.99347	1.2251606	42.457134	11.608542	11.568043	20635	12.287243	1.3202578	45.862427	10.492019	10.387807	20635	13.130932	1.2020212	43.688133	10.571882	10.463091	20593	14.367079	1.2046742	43.686882	10.766219	10.687585	20634	11.5247755	1.2302063	44.42541	5.5926776	5.5496016	20406	5.772957	0.5133845	4.1795206	4.8368073	4.6954494	19661	9.029849	0.43412468	3.1588929	5.417476	5.2942452	20191	8.550661	0.48936248	3.828959	0	0	0	0	0	0	0	0	0	0	0	0	0	0	0	0	0	0
F5_S21_subsampled_depth_12G_contig_12347	137.74515	138.08821	14530	1506.0746	15.491271	534.13135	145.67184	145.58426	14531	1960.5652	16.445904	569.9222	151.71533	151.55121	14774	2229.2356	17.23519	598.7067	150.33	150.439	14530	2087.1777	17.114527	622.0369	156.75705	156.90533	14531	2409.3574	17.659035	640.39557	151.15851	152.00008	14561	1801.8147	17.154593	619.48926	79.01163	79.85944	14507	1315.2338	7.245091	58.98306	65.42806	66.09634	14527	898.74146	5.8832984	42.80964	76.35319	77.061844	14521	1087.1493	6.8808494	53.838375	0	0	0	0	0	0	0	0	0	0	0	0	0	0	0	0	0	0
F5_S21_subsampled_depth_12G_contig_12678	46.606236	46.21399	34653	81.237144	5.2821817	182.12714	45.811493	45.339355	34653	87.34989	5.207581	180.46527	48.24743	47.709915	34653	101.46357	5.5195823	191.73639	46.24624	45.937656	34653	79.01142	5.3060517	192.85136	46.1166	45.697227	34653	91.654976	5.2386465	189.97668	45.264732	44.710655	34653	97.06736	5.1802964	187.07169	26.445236	26.2384	34389	155.71092	2.4277725	19.764767	21.904907	21.791325	34404	99.861084	1.9717758	14.347558	23.786888	23.872702	34351	99.85445	2.1501253	16.823402	72.27661	72.08566	34653	165.48605	165.04994	4351.8994	70.983536	70.84185	34559	84.93375	156.44557	4089.1748	66.415474	66.15654	34557	125.00655	140.69405	3655.6177
F5_S21_subsampled_depth_12G_contig_12983	9.890627	9.497452	10829	27.332851	1.1662166	40.2106	10.558292	10.125559	10808	35.109337	1.227817	42.549187	10.33093	9.926765	10829	28.859009	1.2215044	42.431995	8.665886	8.247685	10811	24.905401	1.0254028	37.268826	8.922558	8.553937	10819	20.52378	1.0612963	38.487343	8.786029	8.468844	10829	19.650696	1.0534649	38.042904	6.823298	6.274108	10623	29.414831	0.66786987	5.437203	5.3987265	5.039322	10005	21.517345	0.53277636	3.876729	7.5024815	6.923645	10659	34.301712	0.7309764	5.719438	4.936511	4.7808175	10352	10.468156	11.419258	301.0936	6.374848	6.1942163	10613	13.056796	14.410096	376.651	5.729937	5.5302196	10823	8.23667	12.631582	328.2033
F5_S21_subsampled_depth_12G_contig_13771	3.433905	3.1782281	47280	7.6225142	0.38703674	13.344844	3.372915	3.140621	47634	7.029621	0.3803774	13.181726	3.2680047	3.0082057	48166	7.040392	0.3705161	12.870798	2.951403	2.7827141	46366	5.2547164	0.33730093	12.25939	3.0371006	2.8173335	45363	6.3518257	0.34436405	12.488184	2.9875488	2.7113318	46820	6.878681	0.33878782	12.234361	2.5239868	2.3275526	42809	4.9955077	0.23205228	1.8891631	0	0	0	0	0	0	2.1779034	1.981034	40367	4.4287643	0.19671853	1.5392014	0	0	0	0	0	0	0	0	0	0	0	0	0	0	0	0	0	0
F5_S21_subsampled_depth_12G_contig_2943|provirus_2_11492	8.0384445	7.8833156	11482	12.336266	0.9156123	31.569853	6.966846	6.9413147	11401	9.334701	0.7941051	27.519201	8.633101	8.588714	11468	8.575694	0.98860276	34.341576	8.391941	8.280592	11457	12.25916	0.96483314	35.067394	9.047526	8.99804	11478	7.8145833	1.0283073	37.29101	8.840843	8.747232	11452	10.926433	1.0046997	36.28186	1.5713782	1.4954443	9055	1.524821	0.14266257	1.1614314	0	0	0	0	0	0	1.7129	1.6115412	9082	1.9099827	0.15570228	1.2182741	0	0	0	0	0	0	0	0	0	0	0	0	0	0	0	0	0	0
F5_S21_subsampled_depth_12G_contig_4305|provirus_13187_34423	38.05667	37.180885	21237	282.34906	4.314743	148.77023	39.091858	38.42426	21233	258.1308	4.439467	153.84692	41.121685	40.413193	21219	291.67487	4.7158227	163.81573	41.933228	41.15196	21237	300.08432	4.8085785	174.77037	41.43178	40.666317	21232	262.63843	4.7069564	170.69528	42.434914	41.639603	21225	273.0867	4.8579593	175.43147	21.162613	20.747248	21179	85.107704	1.9590011	15.948444	15.269171	14.803783	21205	63.25837	1.3901565	10.115429	22.475365	22.135412	21236	84.92313	2.0423758	15.980326	2.0046	1.8731229	16630	2.947954	5.232972	137.97853	1.5686916	1.4435955	0	2.0296996	0	0	2.2473562	2.0359871	17122	4.547557	4.7522883	123.4775
F5_S21_subsampled_depth_12G_contig_4929|provirus_24058_56021	95.6968	95.48327	31964	2399.3699	11.043111	380.76117	99.45515	99.151115	31964	2619.5862	11.53049	399.5817	106.46127	106.063354	31964	3120.6443	12.431527	431.83972	116.46473	116.26248	31964	3647.5413	13.637078	495.6469	115.14953	114.91563	31964	3377.0576	13.379663	485.20642	116.42167	115.89949	31964	3490.916	13.58741	490.67078	0	0	0	0	0	0	0	0	0	0	0	0	3.613535	3.301809	24905	11.743546	0.33584812	2.627803	10.343151	9.157366	30900	711.61646	31.853975	839.8988	8.461055	7.31721	30465	690.6448	24.75112	646.9447	11.204249	10.119718	31401	696.92865	29.439632	764.9226
F5_S21_subsampled_depth_12G_contig_12133|provirus_137_74581	20.706009	20.518164	74445	33.00471	2.3519206	81.09305	20.894287	20.739244	74445	36.3256	2.3815134	82.52978	22.395828	22.223639	74445	36.765366	2.5692801	89.25027	24.98716	24.824158	74445	39.30164	2.8697958	104.30434	24.892752	24.768436	74445	43.41325	2.8394384	102.97076	25.986164	25.875484	74445	40.025898	2.9810522	107.65226	0	0	0	0	0	0	0	0	0	0	0	0	0	0	0	0	0	0	2.473141	2.3304918	62877	3.9338596	6.15247	162.22314	1.9882495	1.8623238	59979	2.7204452	4.4187636	115.49766	2.4757924	2.3669822	66241	3.188632	5.230917	135.91362
F5_S21_subsampled_depth_12G_contig_13105|provirus_2_19898	15.883374	15.831204	19866	20.597715	1.798222	62.00182	16.816479	16.677881	19891	25.877989	1.9106104	66.21097	15.736618	15.698194	19897	19.36215	1.7946354	62.34108	15.551324	15.480335	19894	24.378748	1.7830865	64.80728	15.167924	15.089743	19891	21.583878	1.7242837	62.53019	14.137844	14.099308	19891	17.553871	1.611582	58.197678	4.891832	4.659765	18702	15.471637	0.45418957	3.697606	4.3883123	4.2100377	18881	8.648458	0.39997527	2.9104083	5.968704	5.7147923	19287	15.1156	0.5436184	4.2534804	21.642427	21.30732	19897	43.20693	51.85056	1367.152	22.060211	21.425026	19897	69.75334	49.41589	1291.6326	24.44422	23.89816	19897	62.559074	52.541782	1365.1802
F6_S22_subsampled_depth_12G_contig_381	5.29443	4.785953	10756	22.73	0.6437006	22.194485	4.9606543	4.486935	10873	20.235518	0.6046176	20.952623	5.2181253	4.811493	10798	17.363773	0.63094854	21.917551	6.050575	5.4349704	11088	27.615623	0.72745717	26.43983	6.195933	5.3710217	11052	39.472084	0.7547452	27.370432	6.127321	5.7624755	10963	21.862469	0.7338901	26.502363	0	0	0	0	0	0	0	0	0	0	0	0	2.9564986	2.7819254	10045	5.8438945	0.26848504	2.1007292	0	0	0	0	0	0	0	0	0	0	0	0	0	0	0	0	0	0
F6_S22_subsampled_depth_12G_contig_566	0	0	0	0	0	0	0	0	0	0	0	0	0	0	0	0	0	0	2.9239945	2.9004166	5634	2.6865692	0.3284702	11.938421	2.5138037	2.4587278	5533	2.3292794	0.27726507	10.054865	2.8197	2.7569103	5360	3.1640093	0.31309396	11.306499	0	0	0	0	0	0	2.2329583	2.1876183	5345	1.7986274	0.19757679	1.4376601	0	0	0	0	0	0	0	0	0	0	0	0	0	0	0	0	0	0	0	0	0	0	0	0
F6_S22_subsampled_depth_12G_contig_722	4.3899136	4.3058157	18890	5.6636896	0.4924088	16.978018	4.935359	4.877892	18656	7.1029415	0.55429804	19.208843	4.4458222	4.3729835	18561	6.293481	0.50340706	17.487082	5.1525345	5.024915	19318	7.5393615	0.58609843	21.302073	4.117243	4.0207243	18986	5.1955853	0.46182293	16.747765	4.6443443	4.541535	19223	5.832835	0.527846	19.061647	0	0	0	0	0	0	0	0	0	0	0	0	0	0	0	0	0	0	0	0	0	0	0	0	0	0	0	0	0	0	0	0	0	0	0	0
F6_S22_subsampled_depth_12G_contig_997	3.0246143	2.902857	12337	4.462103	0.34093332	11.755217	3.9225569	3.8190205	12477	6.5027833	0.44045606	15.263722	3.4110212	3.3360817	13024	3.7419906	0.38601962	13.409346	3.5055106	3.405551	13210	4.2876096	0.3997439	14.528913	3.4898603	3.3659592	12744	4.941664	0.39719877	14.404193	3.6398237	3.5453877	12431	5.9366903	0.4107993	14.834852	0	0	0	0	0	0	0	0	0	0	0	0	0	0	0	0	0	0	206.72153	205.73372	13759	3605.3318	469.58075	12381.511	208.30559	209.76596	13757	3164.3013	455.23462	11898.918	221.57362	222.86621	13760	3745.4648	464.77957	12076.246
F6_S22_subsampled_depth_12G_contig_1295	12.6210375	11.959214	58993	75.75444	1.4287407	49.262268	12.999171	12.398618	58819	73.0989	1.4749495	51.11339	12.170654	11.551636	58425	70.09975	1.3911333	48.32447	13.646382	12.942681	59099	69.71001	1.5619764	56.770863	14.632687	13.981119	59178	70.78836	1.6597613	60.190353	14.889133	14.053993	59248	91.26124	1.6995331	61.37381	0	0	0	0	0	0	0	0	0	0	0	0	0	0	0	0	0	0	0	0	0	0	0	0	0	0	0	0	0	0	0	0	0	0	0	0
F6_S22_subsampled_depth_12G_contig_1747	274.15802	273.90106	98457	7817.2	31.011702	1069.2682	290.79175	290.39905	98457	9129.819	32.940895	1141.5453	298.86877	297.7162	98457	9660.34	34.087765	1184.1224	294.7186	293.59485	98457	9505.38	33.735683	1226.142	305.89157	305.06125	98457	9825.357	34.692696	1258.1122	294.8921	293.8407	98457	9732.974	33.635513	1214.6511	182.65582	176.91437	98457	8040.719	16.844057	137.12926	156.80983	152.80038	98457	5501.0024	14.179333	103.17541	175.52638	171.17451	98457	6712.741	15.90875	124.4761	0	0	0	0	0	0	0	0	0	0	0	0	0	0	0	0	0	0
F6_S22_subsampled_depth_12G_contig_1756	46.63584	43.37299	6952	1257.2004	5.6752944	195.68146	91.61348	86.79296	7070	3711.9644	11.012676	381.63715	118.40502	111.716675	7048	7110.3574	14.306231	496.96222	13.861936	12.3448	6944	146.32982	1.7852423	64.88558	18.479427	16.977545	6859	231.50024	2.3824925	86.39978	20.645449	19.285715	6969	238.89049	2.68536	96.97416	146065.63	147389.97	7009	4490152000	13207.897	107526.945	143610.44	144861.61	7009	4350002000	12732.539	92647.88	106842.195	107801.164	7125	2391157500	9497.517	74312.2	0	0	0	0	0	0	0	0	0	0	0	0	0	0	0	0	0	0
F6_S22_subsampled_depth_12G_contig_1759	1391.881	1198.0587	125500	1699582.5	157.1726	5419.2354	1429.5225	1238.931	125500	1683827.8	161.68362	5603.0405	1360.2156	1162.3865	125500	1737058.5	154.85452	5379.255	1917.4829	1731.7853	125500	1645164.1	219.06332	7961.9736	1972.7341	1797.3815	125500	1552237.4	223.39517	8101.305	1919.1644	1734.6699	125500	1653622.6	218.47475	7889.5933	1077.4728	943.78656	125500	970251.7	99.22412	807.79443	897.61395	790.6355	125500	629293.5	81.06827	589.8905	956.8534	832.2199	125500	824443.6	86.6754	678.18134	3.2378302	3.019368	111779	6.910927	7.5780973	199.81285	3.1951256	2.9552634	113503	6.7192917	7.0547247	184.39635	3.4399042	3.233309	115565	6.7559605	7.2704782	188.90695
F6_S22_subsampled_depth_12G_contig_1771	49.04867	45.85334	52522	1800.0142	5.626162	193.98726	51.446804	48.342857	52522	1991.4977	5.9226475	205.24556	55.473534	51.999046	52522	2356.262	6.4309864	223.39618	60.563812	56.887836	52522	2733.454	7.0491157	256.2039	59.55818	55.680542	52522	2644.6416	6.864089	248.92262	60.706867	57.14651	52522	2722.786	7.037595	254.14272	0	0	0	0	0	0	0	0	0	0	0	0	0	0	0	0	0	0	5.366131	4.6669636	41242	43.648746	14.401746	379.7331	3.8719544	3.4213765	41628	21.078981	8.648857	226.06378	5.6580424	5.062097	43885	44.465813	12.14573	315.57947
F6_S22_subsampled_depth_12G_contig_1798	3.404545	3.3188288	11798	4.6951313	0.38030326	13.112666	2.7386575	2.6923628	11438	2.9675586	0.30635458	10.616521	2.4618423	2.3829348	11303	2.7701628	0.27695367	9.62067	3.2503023	3.1394038	11838	4.1949196	0.36816925	13.381317	3.3321784	3.2475603	11502	4.3085723	0.37281972	13.520111	3.3833508	3.3184707	11963	3.5821571	0.38188902	13.790833	1.5588685	1.4714836	9669	1.7012609	0.14259662	1.1608955	1.494238	1.4050497	0	1.6087877	0	0	0	0	0	0	0	0	0	0	0	0	0	0	0	0	0	0	0	0	0	0	0	0	0	0
F6_S22_subsampled_depth_12G_contig_1928	0	0	0	0	0	0	0	0	0	0	0	0	0	0	0	0	0	0	2.5680473	2.5295568	1478	1.6163874	0.2746576	9.982575	0	0	0	0	0	0	0	0	0	0	0	0	0	0	0	0	0	0	0	0	0	0	0	0	0	0	0	0	0	0	0	0	0	0	0	0	0	0	0	0	0	0	0	0	0	0	0	0
F6_S22_subsampled_depth_12G_contig_2752	3.0365586	2.9518526	9750	4.056851	0.3425875	11.812249	2.6750963	2.6154315	9934	2.8919537	0.30004987	10.398031	2.5544255	2.4880903	9935	2.8534932	0.289598	10.059901	3.320231	3.2177322	10198	5.055603	0.38373828	13.947183	2.8453362	2.7755497	10092	3.337939	0.32316804	11.719521	3.0053144	2.8942387	9962	4.0153666	0.33905184	12.2438965	0	0	0	0	0	0	0	0	0	0	0	0	0	0	0	0	0	0	0	0	0	0	0	0	0	0	0	0	0	0	0	0	0	0	0	0
F6_S22_subsampled_depth_12G_contig_3133	228.35472	223.81073	14057	7002.604	26.367086	909.12415	216.53131	213.2177	14057	5940.467	25.112062	870.24255	242.48256	237.66103	14057	7370.6357	28.29102	982.7586	194.79715	190.46225	14057	5263.305	22.811453	829.09467	200.227	195.49205	14057	5997.196	23.215752	841.90686	193.88336	189.53336	14057	5267.941	22.616194	816.7196	8.303876	7.802269	14057	26.023573	0.797724	6.494361	7.6485224	7.3873134	13954	18.461096	0.7170536	5.217614	8.71029	8.23576	14034	27.528675	0.8263557	6.465724	0	0	0	0	0	0	1.8775437	1.6945754	11320	3.1552176	4.303994	112.497795	0	0	0	0	0	0
F6_S22_subsampled_depth_12G_contig_3637	0	0	0	0	0	0	0	0	0	0	0	0	0	0	0	0	0	0	2.3302858	2.3713562	908	0.85531735	0.23477644	8.533079	0	0	0	0	0	0	0	0	0	0	0	0	1.3805715	1.3713561	775	0.56094927	0.10751945	0.87532765	3.7474287	3.6793408	1023	4.1798415	0.34273216	2.4938786	2.0331428	2.050697	970	0.6316234	0.17190889	1.3450811	0	0	0	0	0	0	0	0	0	0	0	0	0	0	0	0	0	0
F6_S22_subsampled_depth_12G_contig_4218	5.9705358	5.880199	11247	7.523987	0.6864392	23.668098	6.888053	6.7610946	11316	8.323696	0.7778013	26.95419	7.9331007	7.7894526	11316	10.567936	0.90849894	31.558952	7.8704996	7.7399006	11316	12.153583	0.9068422	32.959675	7.1097975	7.052935	11259	8.581583	0.8094883	29.355648	7.579796	7.420995	11198	11.244995	0.86281186	31.157982	0	0	0	0	0	0	0	0	0	0	0	0	0	0	0	0	0	0	0	0	0	0	0	0	0	0	0	0	0	0	0	0	0	0	0	0
F6_S22_subsampled_depth_12G_contig_4357	16.04718	13.933074	18145	257.50513	2.1114254	72.80089	15.774271	13.659135	18145	239.55913	2.0481784	70.97827	14.791664	12.734334	18145	223.69402	1.9801931	68.78689	13.650014	11.840033	18145	180.1178	1.820735	66.17561	13.862573	11.864852	18145	186.67885	1.8232116	66.11777	14.407391	12.408779	18144	218.86409	1.910679	68.9987	0	0	0	0	0	0	1.8581828	1.7261221	14231	2.751922	0.17945911	1.3058275	1.78394	1.6002964	13813	3.1656084	0.18824455	1.4728976	6.738316	5.801815	17414	51.650143	19.47158	513.41034	5.401389	4.668519	17680	32.60341	14.28474	373.37448	6.7437067	5.771748	17952	45.12304	17.193542	446.73547
F6_S22_subsampled_depth_12G_contig_4425	3.895155	3.7770317	11164	6.243973	0.43764782	15.08988	4.3721395	4.195625	11017	8.586926	0.49059907	17.0014	4.077468	3.9926126	11228	5.3145204	0.4630889	16.086535	5.066327	4.887844	11181	11.755836	0.58034265	21.092863	5.3916574	5.3246665	11609	6.751668	0.60969067	22.110107	4.5828657	4.404874	11123	9.661361	0.51844364	18.722115	5.119786	4.577569	10475	29.259878	0.47920364	3.901248	4.3482165	3.9204643	9499	21.645533	0.40088856	2.9170523	5.318594	4.8920655	9826	28.94159	0.48883045	3.824795	0	0	0	0	0	0	0	0	0	0	0	0	0	0	0	0	0	0
F6_S22_subsampled_depth_12G_contig_4874	7.094096	6.476225	43390	37.637108	0.8010038	27.618214	6.9493084	6.3220453	42388	39.205364	0.785057	27.20565	6.923613	6.3430758	43049	36.34213	0.7874292	27.353289	8.299366	7.7937083	43834	39.83485	0.9468494	34.41377	8.371693	7.985437	43645	35.370934	0.9482258	34.386898	8.297606	7.814839	43444	40.954205	0.9427795	34.045807	2.3859499	2.1362076	35719	5.6470056	0.21867046	1.7802205	0	0	0	0	0	0	0	0	0	0	0	0	0	0	0	0	0	0	0	0	0	0	0	0	0	0	0	0	0	0
F6_S22_subsampled_depth_12G_contig_5841	9.224876	7.4954653	36015	128.66275	1.072178	36.968185	9.400338	7.713137	36280	121.23281	1.0905521	37.79238	9.662999	7.7070403	36372	149.38206	1.1311362	39.2928	13.544978	11.754663	36695	169.8717	1.5806074	57.44806	13.29736	11.4980135	36700	148.01466	1.5313936	55.535156	13.799339	12.044985	36610	168.45728	1.6039743	57.922985	0	0	0	0	0	0	0	0	0	0	0	0	0	0	0	0	0	0	19.139753	19.068766	36779	61.982334	45.560284	1201.2955	22.169102	22.057877	36768	85.68467	51.49821	1346.0602	22.11873	22.004217	36777	74.917274	49.764412	1293.016
F6_S22_subsampled_depth_12G_contig_6215	178.22322	174.4736	50020	1654.5956	20.187386	696.0513	183.38696	179.57599	50020	1663.3134	20.800224	720.8182	177.4378	172.90457	50020	1997.5485	20.270666	704.1517	163.68817	160.15556	50020	1341.1715	18.75634	681.7095	170.54276	167.07635	50020	1374.3888	19.368567	702.39075	165.22978	161.45332	50020	1538.5333	18.86939	681.4144	118.110344	115.51085	50020	3095.9246	10.854947	88.37129	94.617645	92.34008	50007	1928.909	8.529677	62.06589	110.95989	108.987144	50020	2451.892	10.031361	78.48917	0	0	0	0	0	0	0	0	0	0	0	0	0	0	0	0	0	0
F6_S22_subsampled_depth_12G_contig_7294	3.552149	3.494836	22430	4.236801	0.39896953	13.756275	3.5953436	3.5145442	23025	3.5975358	0.40537643	14.048062	4.002004	3.918467	22317	5.6483264	0.45300382	15.736205	3.5563705	3.404112	23077	5.0599337	0.4049266	14.717273	3.1812212	3.07978	21832	4.1429276	0.35781136	12.97584	3.0046904	2.8544154	21363	4.64302	0.3396497	12.265483	0	0	0	0	0	0	0	0	0	0	0	0	0	0	0	0	0	0	0	0	0	0	0	0	0	0	0	0	0	0	0	0	0	0	0	0
F6_S22_subsampled_depth_12G_contig_7317	5.4630837	4.842464	50789	48.134846	0.6624321	22.84032	5.4529614	4.8074703	50002	56.490025	0.66448003	23.027124	5.3821464	4.794515	50045	46.835583	0.65480304	22.746199	5.3407626	4.6730323	50125	51.289974	0.661564	24.044899	5.09614	4.510392	50862	40.123455	0.6222579	22.56585	5.165009	4.5051584	50060	45.90178	0.6300025	22.750755	0	0	0	0	0	0	0	0	0	0	0	0	0	0	0	0	0	0	9.733206	1.9476826	39618	3010.0234	28.208693	743.7831	0	0	0	0	0	0	9.274015	2.0580056	43866	2439.0059	24.583822	638.7551
F6_S22_subsampled_depth_12G_contig_7870	12.495434	12.266037	38189	36.562695	1.4217695	49.021942	11.737469	11.601586	38228	31.638262	1.3381503	46.372738	12.251535	12.120306	38256	25.42186	1.4018801	48.697773	11.551593	11.386546	38256	26.883335	1.3281747	48.27325	10.551987	10.365699	38228	25.169859	1.2092366	43.852306	11.592768	11.446029	38180	26.489607	1.336083	48.24886	5.144203	4.872755	36543	14.681554	0.47821084	3.893168	5.6906	5.4325867	37646	13.19607	0.5177735	3.7675624	5.980292	5.6801667	37507	17.376095	0.5445693	4.260918	0	0	0	0	0	0	0	0	0	0	0	0	0	0	0	0	0	0
F6_S22_subsampled_depth_12G_contig_8884	4.3438206	4.2538323	29991	6.3316727	0.48856476	16.845478	3.958449	3.8243911	29847	5.950919	0.44674495	15.481648	4.1279416	4.074606	29513	5.204835	0.4688679	16.287289	4.2710333	4.189828	30388	5.1234064	0.4852531	17.636793	4.2524014	4.114828	30066	6.4767656	0.4790228	17.371511	4.286313	4.1945558	29710	6.180295	0.48576003	17.541834	0	0	0	0	0	0	0	0	0	0	0	0	0	0	0	0	0	0	0	0	0	0	0	0	0	0	0	0	0	0	0	0	0	0	0	0
F6_S22_subsampled_depth_12G_contig_9185	11.382234	11.260712	23867	19.416166	1.2828919	44.23348	11.173849	11.096042	23886	18.402298	1.2593817	43.643036	12.169821	12.059629	23869	17.297167	1.3789741	47.902065	11.915992	11.767076	23915	21.30768	1.3539884	49.211464	11.58105	11.455126	23901	16.40449	1.3063868	47.375423	13.281272	13.197679	23864	18.529081	1.5035539	54.296562	5.4704375	5.313208	23727	8.697899	0.5026453	4.0920925	4.7336664	4.56632	22957	9.552521	0.42482442	3.0912192	6.5138264	6.399646	23210	13.014401	0.58725554	4.594913	3.6637154	3.5102801	22431	6.231768	8.411199	221.77928	3.601947	3.5210965	23020	4.2198935	7.9684486	208.27917	4.5293946	4.395683	23398	6.732403	9.6345825	250.3329
F6_S22_subsampled_depth_12G_contig_9619	7.2797117	7.188698	15949	8.890101	0.8266175	28.501352	7.2141275	7.120674	15883	9.95383	0.8183461	28.359253	8.34479	8.233767	15927	11.479306	0.9501772	33.006763	9.704998	9.583924	15938	16.683283	1.1027548	40.0802	9.57105	9.492454	15939	11.650377	1.0848602	39.34188	9.688697	9.559635	15898	13.171822	1.1064165	39.9551	0	0	0	0	0	0	0	0	0	0	0	0	0	0	0	0	0	0	0	0	0	0	0	0	0	0	0	0	0	0	0	0	0	0	0	0
F6_S22_subsampled_depth_12G_contig_9690	2.6613019	2.5672092	21047	3.4982395	0.29907826	10.312077	2.6124675	2.5402217	21168	2.9028103	0.2930901	10.15685	2.2396705	2.1473932	20417	2.6621075	0.25377172	8.815392	2.1219585	2.0004718	20745	2.6318045	0.24080105	8.752046	2.46554	2.3735316	20933	2.8526108	0.27803674	10.082856	2.2203066	2.0866241	19842	3.0770786	0.2522491	9.109258	2.7779524	2.480349	19744	7.0573263	0.256929	2.0916874	0	0	0	0	0	0	2.4578114	2.195046	19462	5.784582	0.22133996	1.7318486	0	0	0	0	0	0	0	0	0	0	0	0	0	0	0	0	0	0
F6_S22_subsampled_depth_12G_contig_9716	4.3661156	4.1578646	14733	10.177928	0.5316718	18.331793	5.064321	4.816408	15204	11.583796	0.62362313	21.611258	5.2845564	5.0511684	14744	14.035064	0.6582135	22.864664	6.4628544	6.3786893	14612	14.489724	0.7840553	28.496923	6.2268605	6.0456657	15073	15.895202	0.7527731	27.298927	6.808259	6.5327663	15456	18.348864	0.8315196	30.02796	0	0	0	0	0	0	0	0	0	0	0	0	0	0	0	0	0	0	0	0	0	0	0	0	0	0	0	0	0	0	0	0	0	0	0	0
F6_S22_subsampled_depth_12G_contig_9739	29.776957	29.617224	29440	195.14873	3.3732126	116.30675	29.63034	29.490496	29490	164.70195	3.3562145	116.30742	29.302721	29.285559	29456	170.72742	3.3542068	116.51669	27.266336	27.32504	29598	151.6701	3.1262186	113.62411	26.778177	26.476381	29262	170.05678	3.0398233	110.23754	26.710085	26.806316	29455	160.35152	3.061054	110.54126	3.6806126	3.3664796	23601	12.506634	0.33848974	2.755682	3.2244318	3.0340621	25867	6.9644337	0.29146236	2.1208167	4.1534605	3.9392526	26641	10.342531	0.37598956	2.941886	3.7295978	3.1906357	24456	16.981424	9.364373	246.912	3.1803246	2.918514	26125	7.4035883	7.2542305	189.61107	4.1490564	3.5541043	25177	20.389462	9.0176525	234.30325
F6_S22_subsampled_depth_12G_contig_10108	181.61336	178.02618	32349	1782.45	20.45212	705.1792	177.28922	173.44975	32346	1766.3015	20.002266	693.1657	176.04602	171.9685	32358	1970.329	19.99124	694.44507	156.17154	152.44414	32392	1696.1797	17.792875	646.6918	154.3211	150.40327	32348	1687.4335	17.421616	631.7855	158.40749	154.57133	32347	1644.3937	17.982578	649.3897	7.612679	7.171721	31033	34.45269	0.6978976	5.68166	7.1594815	6.7766213	30439	28.6091	0.64362603	4.683324	10.819738	10.353229	31539	59.29879	0.97456455	7.625361	0	0	0	0	0	0	0	0	0	0	0	0	0	0	0	0	0	0
F6_S22_subsampled_depth_12G_contig_11839	4.3380337	4.206555	12718	6.932069	0.49313816	17.003168	3.4615853	3.3650067	12471	4.9319797	0.4028374	13.960064	4.384985	4.338753	12503	6.5971828	0.50227875	17.4479	3.6426067	3.5188007	12731	5.088282	0.43004856	15.630356	3.166311	3.0840108	12519	3.9141023	0.36952412	13.4006	3.4140244	3.264143	12758	4.8768225	0.4014428	14.496968	0	0	0	0	0	0	0	0	0	0	0	0	0	0	0	0	0	0	0	0	0	0	0	0	0	0	0	0	0	0	0	0	0	0	0	0
F6_S22_subsampled_depth_12G_contig_12962	3.6292517	3.2913334	4823	12.223734	0.45233566	15.596317	4.67507	4.33	4711	15.663059	0.58202976	20.169859	5.0140057	4.8646665	4934	7.3037868	0.60575765	21.042494	3.2759104	2.966	4913	9.7759695	0.4207095	15.290923	2.9215686	2.5562222	4393	10.069092	0.37042537	13.43328	2.8963585	2.5642223	4200	9.69588	0.3793154	13.697902	0	0	0	0	0	0	0	0	0	0	0	0	0	0	0	0	0	0	0	0	0	0	0	0	0	0	0	0	0	0	0	0	0	0	0	0
F6_S22_subsampled_depth_12G_contig_701|provirus_2_10136	45.536606	45.69834	10135	275.1886	5.1805153	178.62169	47.29224	46.671524	10135	363.83945	5.408828	187.43938	42.878017	42.79003	10135	329.80087	4.9348783	171.42516	38.144917	38.260487	10135	221.09866	4.406215	160.1463	38.469402	38.458107	10135	221.39473	4.4014807	159.61737	42.27992	42.348057	10135	248.17728	4.9080286	177.23941	0	0	0	0	0	0	0	0	0	0	0	0	0	0	0	0	0	0	37.28112	36.626125	10135	212.58534	85.40839	2251.9758	55.38057	53.617115	10135	306.9935	124.675224	3258.76	50.570755	48.928562	10135	268.83685	108.348076	2815.1807
F6_S22_subsampled_depth_12G_contig_12174|provirus_49_20056	21.44924	21.573793	19997	44.117188	2.428786	83.74338	22.50272	22.642609	19961	46.54832	2.5517836	88.43039	23.859905	23.799541	19993	63.161053	2.72155	94.53977	26.673582	26.62398	20005	43.194794	3.0489666	110.81633	26.485497	26.66001	19967	54.93589	3.014159	109.30688	26.375013	26.541178	19968	60.094578	3.0169382	108.94814	0	0	0	0	0	0	0	0	0	0	0	0	0	0	0	0	0	0	2.3369927	2.1997313	16234	3.8264012	5.6346755	148.57045	1.7580321	1.647253	15397	2.2634003	3.866566	101.064285	2.5088127	2.2960725	15440	5.4634113	5.297996	137.65652
F7_S23_subsampled_depth_12G_contig_270	902.05566	920.3079	48208	90443.93	101.75198	3508.3586	914.83325	933.2492	48185	90215.086	103.40819	3583.5442	882.3625	897.1109	48157	91592.805	100.36605	3486.462	921.1294	938.4643	48048	97367.09	105.128044	3820.9363	895.4331	913.40515	48228	88851.43	101.28426	3673.0205	937.3786	954.9651	48132	99494.88	106.61318	3850.0322	36.187756	35.947147	45895	326.47693	3.328583	27.09837	33.03796	32.84001	46122	273.34558	2.9758599	21.653755	55.264507	54.940678	46971	726.416	4.99618	39.092014	7.2971835	7.161282	46927	14.984707	18.141506	478.34	5.8204794	5.7035728	46451	11.66374	13.244059	346.1731	9.496152	9.431711	47466	18.634836	20.37373	529.3653
F7_S23_subsampled_depth_12G_contig_588	89.71437	87.473694	18015	645.7668	10.14684	349.85806	86.332924	84.50541	18015	516.76953	9.778429	338.86502	83.16226	80.97239	18016	686.6597	9.487771	329.5812	82.107414	79.180786	18015	778.96533	9.412154	342.0898	86.57831	83.75187	18016	743.949	9.803186	355.50735	84.958466	82.96343	18015	655.468	9.687404	349.83304	9.651517	8.752425	17916	64.01256	0.89005226	7.246013	8.515336	7.725995	17769	54.521927	0.7792245	5.6700006	11.0008955	10.0301	17744	84.993454	1.0028838	7.846945	0	0	0	0	0	0	0	0	0	0	0	0	0	0	0	0	0	0
F7_S23_subsampled_depth_12G_contig_1041	8.292962	7.9690485	10211	18.03275	0.9317378	32.125866	9.155425	8.870439	10134	27.555662	1.034911	35.86416	8.98651	8.763467	10304	15.322918	1.0283877	35.723587	10.337243	10.166812	10304	19.315525	1.1840199	43.03383	10.906451	10.4840355	10305	28.100645	1.2417088	45.029915	11.339003	10.983818	10368	24.755535	1.2937576	46.720352	0	0	0	0	0	0	0	0	0	0	0	0	0	0	0	0	0	0	3.490518	3.2379453	9587	7.585158	8.200003	216.21082	3.025611	2.9124675	8989	4.2052293	6.8478518	178.98917	4.0107527	3.8827107	10001	4.94465	8.6834	225.61859
F7_S23_subsampled_depth_12G_contig_1044	3.2844355	3.1246333	13867	5.7497845	0.36641827	12.633921	3.3512783	3.1600487	14417	6.399329	0.37568924	13.019261	3.6340396	3.4660513	14662	6.3821	0.41089946	14.273602	3.6910298	3.4603276	14481	7.7584715	0.41988537	15.260958	4.1981454	4.0383487	15308	6.9131446	0.4723807	17.130642	3.4823234	3.4003005	14884	4.0158033	0.3932949	14.202722	2.254878	2.096802	12297	4.2138844	0.20471914	1.6666402	1.5961105	1.4777133	11994	2.0430708	0.1430524	1.0409157	0	0	0	0	0	0	0	0	0	0	0	0	0	0	0	0	0	0	0	0	0	0	0	0
F7_S23_subsampled_depth_12G_contig_1130	33.008705	32.395134	15544	197.06523	3.7889533	130.6413	32.644733	32.00967	15539	171.83395	3.7698069	130.64018	30.438158	29.602844	15544	174.32898	3.5196724	122.264465	27.953684	27.378103	15544	127.79069	3.2422872	117.84271	29.487852	28.616917	15544	190.86598	3.3934376	123.061226	28.8604	28.810118	15544	119.361984	3.3400834	120.6176	0	0	0	0	0	0	0	0	0	0	0	0	0	0	0	0	0	0	22.946732	21.689016	15542	182.55376	55.357365	1459.6165	39.148563	36.684757	15544	504.4545	91.09583	2381.0627	35.457256	32.94356	15544	478.50723	79.64931	2069.5073
F7_S23_subsampled_depth_12G_contig_3116	4.53655	4.3979506	22702	8.351925	0.5249895	18.101381	4.3744235	4.221795	23164	6.687463	0.5056028	17.521336	4.6115284	4.413417	22193	10.592668	0.5335837	18.535345	5.2113576	5.0151343	22854	10.7911415	0.60894376	22.132406	4.774552	4.563194	22911	10.250379	0.5547826	20.11891	4.6634073	4.531028	22473	8.461661	0.54286915	19.604185	0	0	0	0	0	0	0	0	0	0	0	0	0	0	0	0	0	0	0	0	0	0	0	0	0	0	0	0	0	0	0	0	0	0	0	0
F7_S23_subsampled_depth_12G_contig_3183	4.55489	4.431168	10865	7.4664993	0.5187941	17.887766	4.3255854	4.184247	10794	7.360413	0.4850804	16.810139	3.5632935	3.4337504	11152	4.3323817	0.40356877	14.018953	5.2043624	5.136472	11223	5.8477287	0.59439695	21.603674	4.7126765	4.635479	11170	5.7087646	0.52719164	19.118322	4.873324	4.7813864	10784	8.543898	0.55152756	19.916857	0	0	0	0	0	0	0	0	0	0	0	0	0	0	0	0	0	0	2.140086	1.9154748	8917	4.1930695	5.3267646	140.45163	2.349097	2.1898093	9810	3.5770924	5.33709	139.5009	3.1702127	2.9658322	10080	6.5140743	6.9152193	179.67635
F7_S23_subsampled_depth_12G_contig_4533	4.2296143	4.1656656	12726	5.998787	0.47452986	16.36155	4.1730742	4.0958457	12890	5.247284	0.47275868	16.383144	4.0506835	3.984151	13020	4.7957335	0.45927227	15.953952	4.6666164	4.606857	12689	5.973251	0.530934	19.297085	4.597387	4.5056725	13365	5.0321536	0.5170606	18.75092	4.293963	4.1882715	13131	6.023139	0.49092865	17.728498	1.6868899	1.592092	10793	1.8942955	0.15649815	1.274068	0	0	0	0	0	0	0	0	0	0	0	0	2.7118187	2.5848348	11302	4.3251452	6.319872	166.63716	2.1171348	2.0248582	11798	2.3232913	4.6395082	121.26754	3.4566002	3.3313313	12632	5.059128	7.257991	188.5826
F7_S23_subsampled_depth_12G_contig_4534	0	0	0	0	0	0	0	0	0	0	0	0	0	0	0	0	0	0	3.2964745	3.21697	5529	3.0314107	0.37263674	13.543688	3.3254986	3.2612736	5331	3.9022248	0.36911067	13.385606	3.51745	3.4600475	5336	5.0547266	0.3921331	14.160768	0	0	0	0	0	0	1.6807336	1.5729825	0	2.27757	0	0	0	0	0	0	0	0	0	0	0	0	0	0	0	0	0	0	0	0	0	0	0	0	0	0
F7_S23_subsampled_depth_12G_contig_4678	5525.2793	5583.062	13039	1324098.8	620.5673	21396.857	5231.189	5284.5884	13039	1255422.8	588.6131	20398.004	5670.953	5736.016	13039	1166266.8	642.17914	22307.676	5149.6304	5209.0776	13039	961184.5	584.9714	21261.102	5131.377	5190.7114	13039	980600.44	577.766	20952.379	5180.581	5241.804	13039	910856.56	586.5599	21181.945	1750.874	1764.4734	13039	578072.5	160.20079	1304.2122	1422.4623	1434.797	13032	359587.84	127.67743	929.0402	2093.5967	2107.913	13035	744488.4	188.41168	1474.2047	16.194042	16.011292	13036	30.201563	37.048363	976.86005	15.442936	15.2893715	13022	23.145115	34.052185	890.05597	14.410505	14.466512	12847	19.863672	30.303577	787.37024
F7_S23_subsampled_depth_12G_contig_5282	14.41309	14.4149475	10005	16.890337	1.6462109	56.760574	13.773313	13.693834	10005	19.668118	1.5960877	55.311363	14.545104	14.407959	10005	17.992262	1.6817465	58.419605	14.748757	14.590801	10005	22.859333	1.7128857	62.255764	12.494977	12.388795	10005	16.600517	1.4363048	52.08683	13.965297	13.707474	10005	24.80192	1.5973451	57.683575	0	0	0	0	0	0	0	0	0	0	0	0	0	0	0	0	0	0	34.447285	34.32781	10005	64.26451	80.1296	2112.7896	44.3448	44.00045	10005	80.99046	100.12414	2617.0444	42.244446	42.061886	10005	67.435356	92.08709	2392.6753
F7_S23_subsampled_depth_12G_contig_5496	6073.8013	6251.2256	13711	2140687.3	679.78613	23438.695	5501.2207	5653.8853	13718	1802698.9	616.7021	21371.412	6220.565	6401.5884	13718	2038569.6	701.9188	24382.883	6053.039	6228.6553	13718	1954479.5	685.4595	24913.395	6323.104	6502.2144	13718	2017061.6	709.763	25739.18	6486.036	6677.383	13718	2169668.3	731.9132	26430.967	5849.2935	5693.7207	13718	19694032	534.0638	4347.8735	4996.6	4861.862	13714	14478715	447.41992	3255.6367	5855.6924	5719.4873	13718	18623868	525.70013	4113.278	8.8373375	8.692024	13599	16.85826	20.182825	532.16394	9.193617	9.161071	13409	15.398863	20.02735	523.475	11.002727	11.074435	13436	17.21169	23.066048	599.3194
F7_S23_subsampled_depth_12G_contig_5830	2.1244187	2.0634565	9779	2.1071932	0.23993699	8.27291	2.152935	2.0429866	8982	3.1367526	0.24326846	8.430305	3.0745811	2.9402475	10787	4.199421	0.34722644	12.061766	3.1756604	3.0900671	10384	4.131829	0.36173242	13.147364	3.09327	2.98996	10754	3.9882286	0.34798786	12.619591	3.2433975	3.1569355	10352	4.0667615	0.36937234	13.338838	0	0	0	0	0	0	0	0	0	0	0	0	0	0	0	0	0	0	0	0	0	0	0	0	0	0	0	0	0	0	0	0	0	0	0	0
F7_S23_subsampled_depth_12G_contig_5944	7.7356687	7.562747	10825	10.693964	0.88707274	30.58583	7.769764	7.673049	10826	9.311484	0.8869152	30.735481	8.363807	8.248283	10826	10.628478	0.96069777	33.37221	7.6213	7.4890738	10826	12.029783	0.8796138	31.970022	7.0899215	6.9729447	10826	9.459642	0.80680877	29.258495	7.8774824	7.757232	10826	12.828082	0.9081928	32.796787	2.8419821	2.758689	10054	3.2918434	0.2723119	2.2169216	3.4400525	3.328408	10264	4.5263357	0.3145125	2.28854	3.2922442	3.1898024	10302	4.0772085	0.30298856	2.3706987	0	0	0	0	0	0	0	0	0	0	0	0	0	0	0	0	0	0
F7_S23_subsampled_depth_12G_contig_6121	5.5314703	5.235343	14171	15.066633	0.61967975	21.366262	4.966495	4.8380556	14632	7.303905	0.5600873	19.409468	5.473413	5.2697816	14443	11.0636635	0.6166228	21.41992	4.572979	4.446948	14137	7.5704722	0.52049375	18.917622	4.7483044	4.5637527	14294	9.615746	0.53385925	19.360126	4.7279572	4.4430294	14328	12.213512	0.53363067	19.270567	0	0	0	0	0	0	0	0	0	0	0	0	0	0	0	0	0	0	0	0	0	0	0	0	0	0	0	0	0	0	0	0	0	0	0	0
F7_S23_subsampled_depth_12G_contig_6511	3.8447177	3.7123494	29359	6.213429	0.43293604	14.927425	4.0357547	3.8959196	29724	5.9502816	0.4555547	15.786951	3.815661	3.7174187	30011	4.889296	0.43256426	15.026192	4.239314	4.053532	29722	7.5066032	0.4826533	17.542303	4.3805857	4.2720833	30146	5.756522	0.49288929	17.874378	4.1119237	3.991767	29840	5.719579	0.46773353	16.890873	0	0	0	0	0	0	0	0	0	0	0	0	0	0	0	0	0	0	2.145931	1.9994967	24728	3.2568555	5.0162096	132.26321	1.9501375	1.8527054	25249	2.419692	4.300937	112.41789	2.637146	2.5580802	28376	3.0650709	5.579945	144.98233
F7_S23_subsampled_depth_12G_contig_6757	7.111077	6.8967752	16162	14.487879	0.8177984	28.197283	6.3119574	6.123966	16215	10.650053	0.7249532	25.122772	7.0230713	6.9077315	16191	9.805829	0.8064929	28.015522	7.6257133	7.467889	16266	13.127841	0.88300323	32.093224	7.771831	7.662486	16274	8.757772	0.88197136	31.984236	7.983193	7.79734	16224	12.861653	0.9262378	33.44846	0	0	0	0	0	0	0	0	0	0	0	0	0	0	0	0	0	0	1.759427	1.6407801	13145	2.2060297	4.026256	106.1609	2.5037212	2.4319873	14649	2.8696132	5.6069674	146.55487	2.7000124	2.5644295	14656	3.9976406	5.8115335	150.99965
F7_S23_subsampled_depth_12G_contig_7733	6.40046	6.045678	12323	18.399815	0.8101804	27.934631	6.359675	6.0244346	12286	16.516582	0.7976723	27.6428	6.3092895	5.991065	12237	15.950864	0.786155	27.30903	5.532168	5.178702	12172	15.251365	0.7036673	25.575165	5.7537336	5.4751096	12336	11.766921	0.71771204	26.027437	5.886017	5.5866156	12243	15.412449	0.7498141	27.077393	0	0	0	0	0	0	0	0	0	0	0	0	1.9240111	1.7634026	9901	3.0691533	0.17690104	1.384141	42.937798	42.734776	12336	59.384735	98.680275	2601.9187	48.768997	48.459427	12336	75.03295	109.85424	2871.3691	51.009438	50.801697	12336	81.623474	110.16437	2862.3726
F7_S23_subsampled_depth_12G_contig_7996	3.4816792	3.2024689	34276	8.30473	0.39142835	13.496252	3.472293	3.0863512	34341	10.323948	0.3911248	13.554179	3.5367103	3.12077	32984	12.155834	0.4015886	13.950163	3.0791397	2.696251	33308	9.930412	0.35040373	12.735609	3.3046274	3.071118	33465	6.852796	0.37400126	13.56296	3.111704	2.8278148	32836	7.419299	0.35291716	12.7446	0	0	0	0	0	0	0	0	0	0	0	0	0	0	0	0	0	0	0	0	0	0	0	0	0	0	0	0	0	0	0	0	0	0	0	0
F7_S23_subsampled_depth_12G_contig_8215	2.618272	2.634434	1364	2.2673628	0.2938066	10.130306	3.6550992	3.6768868	1406	3.389818	0.392367	13.597228	2.999292	2.9150944	1424	4.1622963	0.32908368	11.431531	4.009207	3.9779875	1458	6.038895	0.41817003	15.198619	3.7110481	3.6194968	1454	5.9107776	0.39241236	14.230624	3.4320114	3.3427672	1329	5.0662456	0.40574658	14.6523905	0	0	0	0	0	0	0	0	0	0	0	0	0	0	0	0	0	0	33.983	34.231133	1562	69.55603	76.90526	2027.7731	35.2068	35.54953	1562	97.227234	75.98479	1986.0903	38.36048	38.935535	1562	144.12721	79.24145	2058.9104
F7_S23_subsampled_depth_12G_contig_8626	0	0	0	0	0	0	0	0	0	0	0	0	0	0	0	0	0	0	0	0	0	0	0	0	2.1659222	2.1013465	1622	1.3798597	0.22807558	8.271041	3.0561583	2.970234	1381	5.8410335	0.31923747	11.528356	0	0	0	0	0	0	0	0	0	0	0	0	0	0	0	0	0	0	0	0	0	0	0	0	0	0	0	0	0	0	0	0	0	0	0	0
F7_S23_subsampled_depth_12G_contig_8678	10.508444	10.386446	18921	19.677431	1.2360988	42.620094	10.593256	10.37147	18905	21.645685	1.2425693	43.06043	11.863993	11.6460495	18921	22.715916	1.3891443	48.255344	10.590272	10.2662325	18921	23.49077	1.2536759	45.56554	10.515209	10.328262	18921	19.037533	1.2382138	44.903152	11.281285	10.90583	18921	29.28134	1.3244466	47.828613	4.039902	3.6816218	16689	13.41242	0.3844242	3.129639	2.7285173	2.5516424	15108	5.7576203	0.2506504	1.823849	3.2757444	3.0204794	15438	9.590877	0.30230632	2.3653603	336.70886	275.04114	18921	187066.25	849.29895	22393.602	351.9482	291.06137	18921	193733	866.8389	22657.436	414.537	340.45972	18921	282841.84	977.86383	25407.584
F7_S23_subsampled_depth_12G_contig_9595	6.823719	6.5776286	90501	20.895138	0.7708307	26.577864	6.7883787	6.61233	91133	17.805174	0.76747775	26.59645	6.7414346	6.5256248	90849	18.696638	0.7665297	26.627312	7.1405416	6.9088373	91376	20.718876	0.81617016	29.664146	7.2106724	7.022875	91434	19.901985	0.8159634	29.590487	7.1691847	6.934971	91356	21.927788	0.8166456	29.49084	6.649757	6.3962374	89633	18.989584	0.6110967	4.975004	5.595684	5.3682466	88415	15.425261	0.5064088	3.6848667	5.7832346	5.512863	89529	17.199759	0.5228986	4.091359	0	0	0	0	0	0	0	0	0	0	0	0	0	0	0	0	0	0
F7_S23_subsampled_depth_12G_contig_9604	161.9223	152.78075	37538	19314.506	18.497385	637.7809	152.11089	143.26846	37537	16856.69	17.41848	603.62604	158.93977	149.0827	37537	19142.164	18.334303	636.8871	178.14058	165.14145	37538	27152.234	20.60911	749.04926	174.54768	162.49078	37537	24748.766	20.043526	726.8677	178.26294	166.42937	37538	25703.309	20.580183	743.19495	73.40422	69.0937	36613	4188.0522	6.744473	54.90752	57.998447	54.659374	36253	2486.1687	5.2234993	38.008636	69.64994	66.05016	36551	3422.048	6.2900763	49.215965	18.650637	4.4410996	34627	5338.7085	48.05311	1267.024	19.45231	4.0882316	34692	6116.025	49.056587	1282.2412	21.333075	4.8854976	36666	7102.436	51.62434	1341.342
F7_S23_subsampled_depth_12G_contig_9853	6.820078	6.715941	20390	10.42429	0.78259903	26.983639	7.275835	7.140609	20416	11.364837	0.83953977	29.09372	7.355467	7.208263	20352	10.406984	0.84579694	29.380854	7.620776	7.40964	20481	13.777183	0.87703204	31.876196	7.2320595	7.0948687	20456	9.217963	0.83049226	30.117355	7.051842	6.9159517	20375	11.371736	0.81626815	29.477203	0	0	0	0	0	0	0	0	0	0	0	0	0	0	0	0	0	0	6.0125422	5.000328	16735	58.72965	14.129901	372.5655	7.3636813	5.987486	16625	96.3969	17.191418	449.3492	9.016232	7.899831	18155	105.7166	20.315165	527.8439
F7_S23_subsampled_depth_12G_contig_10077	4.7920523	4.6388283	10708	7.43665	0.5673588	19.562258	4.4770455	4.2843046	10819	5.7557626	0.5415774	18.768023	5.46648	5.172016	10791	11.532796	0.66830844	23.215342	6.0045815	5.8350472	10652	10.663249	0.7195759	26.153364	6.420477	6.0326166	10845	15.762492	0.76614594	27.78388	5.9802713	5.704477	10789	11.8517685	0.7281243	26.29414	0	0	0	0	0	0	0	0	0	0	0	0	0	0	0	0	0	0	0	0	0	0	0	0	0	0	0	0	0	0	0	0	0	0	0	0
F7_S23_subsampled_depth_12G_contig_10188	255.9364	258.09717	13293	4638.4736	28.665133	988.3599	247.85545	249.86977	13292	3988.8245	27.796995	963.28674	246.43137	248.65509	13292	2908.9226	27.826385	966.61804	326.5472	330.5331	13287	8812.712	36.99937	1344.7625	323.71802	325.78674	13357	7891.424	36.340786	1317.8792	322.01498	325.68646	13289	7695.954	36.34593	1312.5297	298.2257	301.37613	13283	15937.483	27.230074	221.68306	238.74945	241.75671	13283	10012.395	21.37349	155.52347	346.23282	350.3994	13286	20478.846	31.074451	243.13824	2.544711	2.4420795	11274	3.429907	5.7471757	151.53673	2.608238	2.4916296	11641	3.7977452	5.7176332	149.44754	1.7178769	1.5887103	10578	2.1222785	3.5878713	93.22277
F7_S23_subsampled_depth_12G_contig_10255	218.82355	221.0762	42027	2915.8008	24.789923	854.74426	208.1565	210.43976	42036	2642.6543	23.61616	818.4026	207.09317	207.78355	42035	3003.9312	23.685493	822.77405	206.27939	206.93082	42036	3410.0586	23.676054	860.51904	192.87383	192.8836	42038	3085.7178	21.929945	795.27795	197.18404	197.58075	42034	3197.2344	22.55247	814.41815	104.774254	101.21233	40674	4133.0767	9.630175	78.40029	79.660355	76.92844	40605	2282.069	7.1668663	52.14946	95.67334	92.073	40672	3125.5588	8.64631	67.65202	0	0	0	0	0	0	0	0	0	0	0	0	0	0	0	0	0	0
F7_S23_subsampled_depth_12G_contig_11369	15.235131	14.508667	18910	101.319275	1.7175928	59.221764	15.470848	14.659173	18931	110.39625	1.7482105	60.583107	16.269474	15.635922	18920	101.58759	1.8509125	64.29602	13.486875	13.084187	18931	60.021725	1.5372118	55.87078	13.639636	12.982015	18931	69.41901	1.5352573	55.675312	12.811245	12.289712	18915	76.794785	1.4531357	52.47588	0	0	0	0	0	0	0	0	0	0	0	0	0	0	0	0	0	0	5.0085726	4.910489	18519	7.0525875	11.367547	299.72986	4.470955	4.281311	18707	6.8077426	10.024242	262.01358	4.353176	4.2575874	18432	5.5241947	9.354691	243.06058
F7_S23_subsampled_depth_12G_contig_12368	4.7504997	4.5491815	15510	9.701967	0.5362242	18.488754	4.9544206	4.805147	15777	8.158147	0.563407	19.524498	4.993007	4.8829775	14941	8.840288	0.57128435	19.844961	6.0420203	5.926956	15548	11.643506	0.6975119	25.35144	5.481394	5.399764	16028	7.2975607	0.6245588	22.649288	6.215909	6.051956	15812	13.574735	0.72157043	26.057463	2.242008	2.1290233	12944	3.2246006	0.20963	1.7066207	0	0	0	0	0	0	1.7054195	1.5835876	12482	2.2059424	0.15511294	1.2136623	0	0	0	0	0	0	0	0	0	0	0	0	0	0	0	0	0	0
F7_S23_subsampled_depth_12G_contig_12438	29.986357	29.122272	53063	98.65878	3.3781219	116.47603	31.169113	30.278244	53063	124.64389	3.5236878	122.111115	30.812199	30.013626	53063	101.163826	3.5025327	121.669044	30.630331	29.47784	53063	146.15977	3.4936335	126.97802	30.560286	29.581156	53071	124.02797	3.455763	125.32143	31.762957	30.396086	53073	161.6084	3.6105568	130.38503	7.355611	6.237933	49237	64.146736	0.6743516	5.4899693	6.5281634	5.658269	48690	47.01891	0.58859915	4.282922	7.9462047	6.91157	50603	63.949696	0.7176481	5.615151	23.646393	23.530033	53073	33.657627	53.813507	1418.9097	27.608734	27.440952	53073	44.251617	60.991123	1594.186	25.94798	25.77097	53073	36.01776	54.97338	1428.3597
F7_S23_subsampled_depth_12G_contig_12497	15.352444	15.003194	6405	50.03308	1.8317379	63.157436	44.61067	43.456528	6409	398.5483	5.3340545	184.84814	68.888695	66.967705	6411	1006.6274	8.358711	290.3605	9.400511	9.276793	6307	22.56788	1.1312778	41.11689	10.128553	9.70511	6343	33.95456	1.2055453	43.718475	9.459278	9.180092	6406	23.335745	1.1487067	41.482277	302695.53	305738.88	6412	11082427000	27257.045	221902.64	395827.22	399706.25	6412	19650636000	34946.95	254290.25	414883.78	418981.75	6412	21292847000	36730.816	287395.97	0	0	0	0	0	0	0	0	0	0	0	0	0	0	0	0	0	0
F7_S23_subsampled_depth_12G_contig_12859	3.787101	3.5542266	10131	8.87977	0.42265612	14.572985	3.635201	3.5230503	10288	5.7225413	0.40942532	14.188371	4.597387	4.526832	10512	7.418124	0.5286922	18.365425	4.7200294	4.598283	10498	8.340546	0.5428594	19.730528	4.4355507	4.2990904	10788	6.8575735	0.49909315	18.099344	4.3314013	4.108658	10631	8.037199	0.49433246	17.851414	0	0	0	0	0	0	0	0	0	0	0	0	0	0	0	0	0	0	0	0	0	0	0	0	0	0	0	0	0	0	0	0	0	0	0	0
F7_S23_subsampled_depth_12G_contig_2863|provirus_26296_89129	74.334755	54.33377	62834	30072.373	9.353982	322.5208	70.88362	50.692375	62834	30584.252	8.992836	311.6409	72.04577	52.679398	62834	29059.102	9.168702	318.49744	64.91829	46.77916	62834	24790.62	8.312451	302.12042	59.463642	42.801918	62834	21043.596	7.5417295	273.49677	62.299168	44.434326	62834	24586.957	7.967802	287.73462	6.7416725	6.1675234	58750	41.223362	0.6447944	5.2493424	5.9709334	5.4140315	58929	34.094173	0.55952305	4.0713525	8.056745	7.278751	61139	65.62859	0.76493216	5.985123	0	0	0	0	0	0	0	0	0	0	0	0	0	0	0	0	0	0
F7_S23_subsampled_depth_12G_contig_10305|provirus_60884_76135	15.523308	14.765229	15179	155.66725	1.7652539	60.865078	13.257847	12.3711	15058	131.75471	1.5225046	52.76141	14.564561	13.64538	15024	158.16878	1.6727613	58.107502	12.728115	11.848514	14830	139.5951	1.4572097	52.963062	13.949741	13.179591	15165	115.41454	1.594126	57.810127	13.589922	12.786345	15142	136.13492	1.5734231	56.819717	0	0	0	0	0	0	0	0	0	0	0	0	0	0	0	0	0	0	0	0	0	0	0	0	0	0	0	0	0	0	0	0	0	0	0	0
F8_S24_subsampled_depth_12G_contig_355	3.2045364	3.0907383	9869	4.1259055	0.35987133	12.408195	3.241146	3.1412468	9896	3.22669	0.3721265	12.895801	3.249801	3.1909814	9844	3.4060044	0.3728497	12.951856	4.7787504	4.571839	10078	7.150128	0.55600536	20.20831	3.7555711	3.6339521	9837	5.2094755	0.4239061	15.37273	4.4881616	4.458886	9945	3.9442437	0.5036979	18.18962	0	0	0	0	0	0	0	0	0	0	0	0	0	0	0	0	0	0	0	0	0	0	0	0	0	0	0	0	0	0	0	0	0	0	0	0
F8_S24_subsampled_depth_12G_contig_483	5.9655223	5.889372	19998	8.575151	0.6778175	23.370817	5.2691336	5.112004	19992	8.140335	0.6018843	20.857903	5.323773	5.2136054	20180	6.8119397	0.60577047	21.042934	4.6639915	4.5676703	19410	6.2487783	0.5350164	19.445467	4.625452	4.4282017	19656	8.614439	0.5291167	19.188135	5.196364	5.1457977	19691	6.5611625	0.5937948	21.443201	0	0	0	0	0	0	0	0	0	0	0	0	0	0	0	0	0	0	0	0	0	0	0	0	0	0	0	0	0	0	0	0	0	0	0	0
F8_S24_subsampled_depth_12G_contig_681	3.6521192	3.5129697	29120	4.852609	0.41113347	14.175685	3.6598792	3.5633013	28987	4.6707034	0.41347468	14.328702	3.5799232	3.506448	29345	3.9930978	0.40540147	14.082616	4.076441	4.009433	29153	5.341982	0.4639847	16.86377	4.053757	3.984414	28777	5.5065117	0.45790872	16.60582	4.369901	4.248084	29136	7.518924	0.49515176	17.880993	0	0	0	0	0	0	0	0	0	0	0	0	0	0	0	0	0	0	0	0	0	0	0	0	0	0	0	0	0	0	0	0	0	0	0	0
F8_S24_subsampled_depth_12G_contig_683	7.578637	7.50601	12431	13.945251	0.85420156	29.452448	7.4683514	7.391281	12438	12.057494	0.83926773	29.084288	6.706039	6.584948	12508	9.09396	0.76267815	26.493519	7.40788	7.2998743	12356	14.432893	0.84738314	30.798594	6.133619	5.9983854	12459	9.389413	0.695396	25.218166	6.5641046	6.4790096	12536	7.7522507	0.74468344	26.89213	3.9185371	3.7815752	12109	6.3953824	0.3593434	2.9254549	2.762393	2.6073735	10657	5.1465254	0.25005433	1.8195127	3.5761344	3.4507535	11714	5.327469	0.3286953	2.5718381	0	0	0	0	0	0	0	0	0	0	0	0	2.0782335	1.9105669	10378	3.3796682	4.4557676	115.773026
F8_S24_subsampled_depth_12G_contig_1062	2.7334864	2.6466405	10753	3.95785	0.30723742	10.59339	2.9272995	2.8821223	11412	3.008008	0.3298066	11.429231	2.7917452	2.7474701	10833	3.1734324	0.3152698	10.951676	5.063182	5.0185065	11696	7.27239	0.5754278	20.914232	4.7123165	4.635518	11450	7.451943	0.5313399	19.268766	6.1444163	6.00392	12319	8.805827	0.6969929	25.16992	0	0	0	0	0	0	0	0	0	0	0	0	0	0	0	0	0	0	10.565602	10.364664	12296	20.097673	24.368668	642.53265	12.500287	12.279697	12295	19.771275	28.19158	736.87146	12.323296	12.048682	12304	24.068777	26.651337	692.475
F8_S24_subsampled_depth_12G_contig_1156	91.53742	90.80152	21372	370.31104	10.349151	356.83377	85.51006	84.78708	21305	383.59756	9.673136	335.21637	90.37239	89.88014	21305	355.06033	10.292869	357.54828	102.77739	102.25697	21304	456.48578	11.760212	427.4312	104.51307	103.53349	21305	511.35956	11.863933	430.23923	104.17048	103.119125	21461	462.1462	11.876464	428.88467	12.580216	11.903186	21097	67.02546	1.1547877	9.401258	10.517056	10.163443	21261	40.02289	0.95571244	6.954209	14.409179	13.878578	21159	73.145096	1.3010564	10.179959	0	0	0	0	0	0	0	0	0	0	0	0	0	0	0	0	0	0
F8_S24_subsampled_depth_12G_contig_1182	8.942141	8.505558	16742	49.04023	1.079207	37.21051	8.239694	7.8204765	16741	36.510254	0.99652857	34.53403	8.158812	7.743337	16742	38.72211	1.0019394	34.80482	8.002652	7.7034955	16703	31.08179	0.97639036	35.487423	7.967454	7.5314717	16563	37.974827	0.96410036	34.962574	8.817864	8.511718	16742	22.361494	1.0446062	37.722992	2.375	2.1836748	14638	4.2753754	0.22216585	1.8086758	2.1654413	2.0454667	13849	3.1093278	0.19934027	1.4504926	3.4133317	3.2036963	15572	6.9252834	0.31574476	2.4705074	42.347458	43.299316	16678	279.45886	98.706	2602.5974	44.530857	45.433372	16201	353.4627	100.138145	2617.41	46.903145	47.692715	16742	346.53534	101.114746	2627.2383
F8_S24_subsampled_depth_12G_contig_1528	59.58733	54.620785	35367	1210.5555	7.125323	245.67769	60.14101	54.857178	35367	1300.713	7.2093754	249.83612	65.04921	59.503517	35367	1441.1171	7.8334136	272.1129	74.541245	68.195915	35367	1831.0021	9.013684	327.60727	71.001305	64.90857	35367	1769.8262	8.524001	309.1184	71.54505	65.41417	35367	1731.7838	8.638403	311.95135	0	0	0	0	0	0	0	0	0	0	0	0	0	0	0	0	0	0	4.0901837	3.6972268	32635	16.712507	11.388455	300.2812	3.1496153	2.782566	31428	14.85855	7.7494264	202.55453	4.2258854	3.7714925	34099	25.190315	9.9248905	257.87595
F8_S24_subsampled_depth_12G_contig_1887	6.0374966	5.9296823	11508	7.591907	0.6910534	23.827175	6.2494497	6.2211246	11481	6.7303753	0.71729815	24.857496	5.9417305	5.8139853	11496	8.036042	0.6876937	23.888744	7.2835135	7.1567726	11511	7.8908257	0.85414827	31.044474	7.643605	7.432567	11511	12.237145	0.8756487	31.75495	7.395828	7.300538	11511	8.943395	0.8437313	30.46897	0	0	0	0	0	0	1.7570636	1.6286553	8877	2.441681	0.15846236	1.1530461	2.0629346	1.916577	9125	3.1713028	0.18957964	1.483343	0	0	0	0	0	0	0	0	0	0	0	0	0	0	0	0	0	0
F8_S24_subsampled_depth_12G_contig_3030	10.343198	10.247551	27479	15.04302	1.1767664	40.574318	9.809709	9.668848	27366	15.775314	1.1117525	38.527077	9.400117	9.242959	27349	15.829291	1.0728022	37.266407	9.041555	8.994025	27330	11.105895	1.0312018	37.47958	8.712149	8.627515	27368	11.728339	0.99109185	35.941437	9.547792	9.404389	27487	12.932899	1.089302	39.337044	0	0	0	0	0	0	0	0	0	0	0	0	0	0	0	0	0	0	0	0	0	0	0	0	0	0	0	0	0	0	1.7165381	1.6115017	21330	2.1347108	3.8449059	99.90123
F8_S24_subsampled_depth_12G_contig_3075	4.1399956	3.8861594	12623	9.004055	0.47901475	16.516191	4.481316	4.3025765	12378	10.119142	0.5186798	17.974514	4.910856	4.7196784	12431	10.387107	0.5690114	19.76601	3.9459896	3.8455875	12094	6.5400786	0.46347034	16.845076	3.8619308	3.734914	12298	6.714022	0.44870996	16.27223	4.364666	4.275272	12891	5.4437532	0.50621414	18.280483	0	0	0	0	0	0	0	0	0	0	0	0	0	0	0	0	0	0	0	0	0	0	0	0	0	0	0	0	0	0	0	0	0	0	0	0
F8_S24_subsampled_depth_12G_contig_3478	8.670391	8.606424	25012	12.946373	0.99120206	34.17616	8.499039	8.369149	25056	14.966041	0.9846512	34.122456	8.64228	8.459868	25003	16.71248	1.008742	35.04115	10.490749	10.453061	25107	13.5900345	1.2144914	44.141357	10.653051	10.574791	25122	14.486404	1.2260427	44.461777	10.757328	10.592544	25122	15.117111	1.2545784	45.305553	6.0147767	5.7969832	24836	13.055126	0.564812	4.5981965	5.4682045	5.2323365	24723	11.164221	0.5071809	3.6904864	4.54473	4.401762	24656	6.914542	0.4154468	3.2506151	0	0	0	0	0	0	0	0	0	0	0	0	0	0	0	0	0	0
F8_S24_subsampled_depth_12G_contig_3549	5.77459	5.6286893	14340	11.672553	0.65707165	22.65551	5.462283	5.275757	13775	14.09236	0.6199512	21.484015	5.0735807	4.8326087	14218	13.802383	0.5797185	20.13795	5.1799026	5.0132694	14201	11.08824	0.59207946	21.51945	5.801359	5.54282	13709	17.546206	0.6558824	23.785217	6.2439427	6.1220164	14571	11.225773	0.7087176	25.593319	0	0	0	0	0	0	0	0	0	0	0	0	0	0	0	0	0	0	4.0839453	3.9647677	13934	6.444284	9.121442	240.50644	4.784268	4.6816897	14083	7.3290043	10.51189	274.7597	5.064795	4.8307023	14325	11.605769	10.845722	281.8017
F8_S24_subsampled_depth_12G_contig_3817	321.91306	321.3657	20542	5093.9746	36.33699	1252.8815	324.92462	325.14285	20541	6103.6494	36.725628	1272.7026	321.9695	320.6136	20542	6738.5146	36.6191	1272.0546	297.57056	296.36694	20540	5897.014	33.981342	1235.0707	299.93488	299.21613	20542	5628.5728	33.939953	1230.8141	289.6966	288.53134	20539	5906.1226	32.968193	1190.553	137.59195	136.5711	20526	2463.4883	12.638554	102.89183	109.171295	107.71516	20539	1707.8884	9.823538	71.480675	138.11171	136.84969	20542	2459.7	12.466945	97.54618	2.3152707	2.1896589	17207	3.164834	5.9729123	157.48868	1.5326599	1.4292252	0	1.8752512	0	0	2.1976266	2.0510516	17640	3.257396	4.8512735	126.04948
F8_S24_subsampled_depth_12G_contig_3930	18.666334	18.320137	41236	41.673553	2.1219778	73.16476	18.02205	17.791822	41236	34.559475	2.0399022	70.6915	17.617413	17.275408	41236	42.629112	2.0177543	70.09169	16.859928	16.506842	41236	36.59989	1.934574	70.31316	17.256365	17.061335	41236	31.58166	1.9658161	71.28924	16.812296	16.383661	41236	36.948097	1.9220166	69.40816	8.798812	8.4358	40986	29.511087	0.81347334	6.6225777	8.042812	7.6923847	41111	23.780394	0.73363996	5.3383064	8.929003	8.639326	41152	23.417841	0.8102504	6.33971	6.2734265	4.1201797	39939	3377.916	23.72569	625.579	6.509468	4.0412407	39823	4787.2773	26.056738	681.07074	7.7394004	5.4267945	40910	4220.317	27.076225	703.51465
F8_S24_subsampled_depth_12G_contig_4441	3.5834203	3.4847827	14983	4.284542	0.41060415	14.157433	3.5992043	3.4981885	14755	4.3895445	0.40686065	14.099494	3.8086355	3.7144928	14416	6.171191	0.43604898	15.147236	5.5097833	5.4039855	15336	8.532616	0.63062555	22.920424	5.5218496	5.411522	15275	8.833715	0.6279576	22.772549	5.8694887	5.790942	15309	6.9961395	0.66715145	24.092274	1.9872162	1.9031883	12472	2.3632834	0.1841892	1.4995048	1.8342682	1.7072464	11759	2.6796608	0.16669084	1.2129205	1.9881946	1.8838406	12618	2.5302238	0.18035118	1.4111365	235.3252	234.31384	15475	11920.139	540.6873	14256.387	240.70859	240.10167	15478	12080.625	539.1544	14092.418	242.61127	241.9642	15479	12791.375	522.50995	13576.245
F8_S24_subsampled_depth_12G_contig_4599	17.888182	17.315325	37828	91.01523	2.0204082	69.66267	18.046534	17.621264	37801	78.35567	2.0429423	70.79682	17.401955	16.607021	37781	109.65654	1.9856215	68.97548	20.76503	20.084776	37853	123.73494	2.3728495	86.242546	20.216114	19.670757	37812	107.5559	2.2893121	83.020706	20.269426	19.416607	37900	116.67757	2.3094532	83.39931	0	0	0	0	0	0	0	0	0	0	0	0	0	0	0	0	0	0	5.9998674	5.887447	36778	11.454115	14.200664	374.4312	6.2772655	6.1312675	36502	13.802643	13.893067	363.13693	7.535542	7.3728814	37351	16.416021	16.007586	415.92105
F8_S24_subsampled_depth_12G_contig_4614	13.520638	13.222266	33582	46.885033	1.5447448	53.262062	13.059315	12.879727	33582	35.784077	1.4914446	51.68504	13.096793	12.807078	33582	38.15795	1.5122993	52.533466	11.059973	10.82652	33571	29.239113	1.2806518	46.545975	11.1326275	10.928182	33429	32.45683	1.2746178	46.223324	11.035235	10.851113	33378	32.61537	1.270068	45.864876	4.129367	3.954603	29865	9.175481	0.3786309	3.0824761	3.779044	3.6391826	30540	6.77254	0.33917704	2.4680111	4.2140465	4.0476904	29620	9.355159	0.38061336	2.978063	0	0	0	0	0	0	0	0	0	0	0	0	0	0	0	0	0	0
F8_S24_subsampled_depth_12G_contig_5146	0	0	0	0	0	0	0	0	0	0	0	0	0	0	0	0	0	0	0	0	0	0	0	0	1.7549875	1.5934904	0	3.6386213	0	0	0	0	0	0	0	0	0	0	0	0	0	0	0	0	0	0	0	0	0	0	0	0	0	0	0	0	0	0	0	0	0	0	0	0	0	0	0	0	0	0	0	0
F8_S24_subsampled_depth_12G_contig_5440	12.188018	8.950503	18371	379.06842	1.7000029	58.615265	12.414879	8.764828	18359	513.80383	1.7786793	61.639004	14.5750265	10.766108	18376	555.2887	2.0465672	71.09255	16.537718	12.008839	18377	732.211	2.3262239	84.54785	16.735172	12.147943	18377	770.43335	2.3570228	85.476135	15.906458	11.351112	18377	752.9156	2.2360928	80.75017	0	0	0	0	0	0	0	0	0	0	0	0	0	0	0	0	0	0	0	0	0	0	0	0	0	0	0	0	0	0	0	0	0	0	0	0
F8_S24_subsampled_depth_12G_contig_5724	7.3949356	7.2809944	10210	15.182844	0.85487694	29.475742	6.6780844	6.5990624	10299	10.126635	0.76896995	26.648142	7.547846	7.445099	10276	15.503325	0.86508363	30.050821	8.4127	8.32352	10329	14.360578	0.9609474	34.92615	8.236529	8.123651	10327	16.740871	0.94032687	34.100464	8.2551775	8.158871	10339	12.784704	0.94931483	34.281822	0	0	0	0	0	0	0	0	0	0	0	0	0	0	0	0	0	0	0	0	0	0	0	0	0	0	0	0	0	0	0	0	0	0	0	0
F8_S24_subsampled_depth_12G_contig_6493	5.7404976	5.4874215	9970	12.782817	0.68381715	23.57767	4.8913264	4.6826143	9913	10.633321	0.5882749	20.386295	5.3692884	5.142857	9922	14.024062	0.64837986	22.523066	5.655378	5.4421606	10040	12.460438	0.68810725	25.00963	7.377982	7.203504	9962	17.092281	0.8630159	31.296822	6.6701374	6.471923	10039	9.542681	0.7778195	28.088743	0	0	0	0	0	0	0	0	0	0	0	0	0	0	0	0	0	0	0	0	0	0	0	0	0	0	0	0	0	0	0	0	0	0	0	0
F8_S24_subsampled_depth_12G_contig_6579	5.7913613	5.583107	10297	10.226892	0.65972203	22.746893	5.913222	5.8213005	10314	8.19673	0.6689726	23.18282	6.600606	6.5150366	10382	8.275086	0.75415295	26.197372	8.218997	8.028987	10383	13.966599	0.9370093	34.056103	8.1060295	8.063293	10377	9.5457325	0.91994375	33.361267	8.87511	8.784062	10383	11.863406	1.0013826	36.162098	0	0	0	0	0	0	0	0	0	0	0	0	0	0	0	0	0	0	0	0	0	0	0	0	0	0	0	0	0	0	0	0	0	0	0	0
F8_S24_subsampled_depth_12G_contig_6922	6000.8164	6139.6885	15183	10209440	672.64716	23192.545	5942.874	6083.103	15183	9858638	667.31305	23125.305	5705.2456	5836.759	15183	9197907	644.7405	22396.65	5637.18	5769.4253	15183	8815144	639.39124	23239.018	5396.3896	5523.019	15183	8106546.5	606.65924	22000.178	5510.3276	5634.5635	15183	8467287	622.772	22489.637	7128.449	7138.223	15183	18016136	651.3766	5302.9272	5391.058	5398.8076	15183	10183190	483.13318	3515.5027	6381.2153	6401.676	15183	14026308	573.31805	4485.86	8.702854	8.4887295	14239	34.04774	19.822	522.6499	8.536287	8.452886	14774	23.40211	18.617517	486.62466	7.641655	7.5901265	14577	20.63362	16.011793	416.03052
F8_S24_subsampled_depth_12G_contig_7451	22.242102	19.378963	33653	722.7606	2.5741792	88.75643	21.614176	18.889252	33901	613.7359	2.4989307	86.59883	19.715027	17.045412	33399	612.9327	2.3051	80.07334	23.8985	20.649828	33508	953.0858	2.8057895	101.97795	22.607637	18.73378	33492	1104.0134	2.6459682	95.95467	23.966726	19.67404	33689	1373.3228	2.8246346	102.00363	0	0	0	0	0	0	0	0	0	0	0	0	0	0	0	0	0	0	3.7697358	3.569344	32236	7.542854	8.493322	223.94481	4.826242	4.5999675	32438	10.334265	10.612872	277.39917	5.2902446	5.1186	32847	11.35383	11.183528	290.57883
F8_S24_subsampled_depth_12G_contig_7900	4.571179	4.3280363	19328	12.866423	0.5504829	18.980381	4.715897	4.47168	20006	13.733159	0.571309	19.798346	5.6751156	5.4844766	20463	14.726307	0.68180597	23.684221	6.2231665	5.95558	20907	17.956802	0.7564895	27.495014	5.9691777	5.6993394	20872	17.336365	0.72379494	26.24804	6.111347	5.925372	21012	14.45798	0.7297684	26.353512	0	0	0	0	0	0	0	0	0	0	0	0	0	0	0	0	0	0	0	0	0	0	0	0	0	0	0	0	0	0	0	0	0	0	0	0
F8_S24_subsampled_depth_12G_contig_9180	20.795567	14.686486	29206	1233.8646	2.639853	91.02081	22.189323	15.887542	29165	1374.208	2.806112	97.24403	23.266794	16.619684	29206	1528.0596	2.9673777	103.07922	24.030699	17.359858	29206	1561.4994	3.0922053	112.38788	22.62235	16.320282	29206	1458.8224	2.8670661	103.972626	23.021614	16.496979	29206	1504.2754	2.923663	105.57975	0	0	0	0	0	0	0	0	0	0	0	0	0	0	0	0	0	0	0	0	0	0	0	0	0	0	0	0	0	0	0	0	0	0	0	0
F8_S24_subsampled_depth_12G_contig_9760	353.69583	270.3062	43703	2191252.3	53.42339	1842.0118	356.7314	274.8284	43751	2239087	53.973213	1870.4065	347.17294	263.16183	43633	2211931.8	53.12018	1845.2601	417.2029	338.9634	43698	1652600.8	59.454075	2160.8909	420.0776	339.40817	43693	1817451.8	59.78579	2168.1	427.66312	345.6864	43751	1766589.8	60.805103	2195.8035	29.293158	11.725338	43686	258195.73	6.4655647	52.63687	26.142313	10.728371	43629	195300.31	5.558605	40.447018	33.748264	16.35733	43592	254994.03	6.725285	52.621212	3.6015687	3.411279	40213	8.496845	9.896175	260.9341	2.3817344	2.2228537	38116	7.48267	5.735444	149.91302	3.0735304	2.876787	39812	9.231381	7.021925	182.44893
F8_S24_subsampled_depth_12G_contig_10799	36.95116	36.809555	11632	112.34581	4.1408625	142.77489	35.645252	35.58178	11633	78.93375	3.9982471	138.55661	35.95508	35.823	11628	86.82122	4.056455	140.911	37.343082	36.958313	11633	100.12581	4.242225	154.18593	40.191086	39.732758	11633	118.35152	4.526896	164.16544	38.19918	37.724926	11637	93.95943	4.32459	156.17029	19.023592	18.867008	11473	74.42023	1.7378246	14.147823	16.292591	16.28494	11410	44.85354	1.4501965	10.552312	19.263515	19.034046	11556	77.165375	1.7273446	13.515405	2.3503962	2.1851244	10014	3.824365	6.983048	184.12311	1.8902237	1.7794758	10466	1.9042809	5.994523	156.68481	2.901715	2.740884	10547	4.748567	7.3908954	192.03578
F8_S24_subsampled_depth_12G_contig_10805	12.872035	12.547262	29902	53.468567	1.4575057	50.2541	12.448396	12.157975	30016	53.42934	1.4167612	49.09694	12.538557	12.246106	29742	61.912544	1.4378865	49.948547	15.949784	15.762257	30041	75.500885	1.8269844	66.40276	15.673815	15.480355	29951	67.93508	1.7819248	64.62053	16.457361	16.206036	30041	79.7131	1.8776366	67.80549	3.7596266	3.6529756	27325	6.2430882	0.3443868	2.8036916	2.7409253	2.5983348	26366	4.422072	0.24737382	1.8000065	3.445318	3.2149947	26806	7.5944924	0.31358066	2.4535737	0	0	0	0	0	0	0	0	0	0	0	0	0	0	0	0	0	0
F8_S24_subsampled_depth_12G_contig_10933	3.3097954	3.2277257	11129	3.9005356	0.36960083	12.743652	3.1724858	3.0549483	10731	4.5502706	0.35409516	12.270934	2.8725293	2.736287	10667	4.2373195	0.32545578	11.305507	4.00862	3.9606268	11243	4.8500643	0.45650172	16.59181	3.5195472	3.4609654	10809	4.0119176	0.39511055	14.328469	4.18633	4.068492	11088	5.966323	0.4725773	17.065775	1.9259033	1.8018768	8727	3.1215553	0.17404912	1.416954	2.1517632	2.0443068	9682	2.9845417	0.1927734	1.402709	2.412538	2.2962174	10060	2.89737	0.21668328	1.6954129	0	0	0	0	0	0	0	0	0	0	0	0	0	0	0	0	0	0
F8_S24_subsampled_depth_12G_contig_12582	4.4978423	4.25414	31818	9.428125	0.5105649	17.604027	3.9530222	3.6220884	31242	11.307857	0.44914252	15.564743	4.575088	4.073889	31489	18.892406	0.521989	18.132568	5.0620656	4.4519362	31302	25.72682	0.58125746	21.126122	5.2490897	4.7428336	31611	20.285906	0.595468	21.594322	5.2766643	4.742902	31768	21.955038	0.6053234	21.859539	1.8874062	1.7201537	25499	3.1616812	0.17374668	1.4144915	0	0	0	0	0	0	2.045723	1.8562344	25159	3.930455	0.18623045	1.457138	0	0	0	0	0	0	0	0	0	0	0	0	0	0	0	0	0	0
F8_S24_subsampled_depth_12G_contig_13071	4.257426	4.186712	40089	4.691773	0.48072293	16.575094	4.303849	4.1960406	40176	5.5494356	0.48728585	16.886574	4.05067	3.9466305	40117	4.676271	0.4637646	16.110008	4.1346073	4.083417	40194	4.2512236	0.4740233	17.228632	3.9781554	3.8792408	39641	4.9400887	0.4509054	16.351847	4.133045	4.0364203	39965	5.395015	0.47070518	16.998173	0	0	0	0	0	0	0	0	0	0	0	0	0	0	0	0	0	0	0	0	0	0	0	0	0	0	0	0	0	0	0	0	0	0	0	0
F8_S24_subsampled_depth_12G_contig_13151	10376.008	10452.466	15638	15028809	1179.9092	40682.695	9988.842	10060.759	15638	13941966	1137.7587	39428.293	9633.485	9707.117	15638	13006571	1104.4977	38367.453	8774.478	8837	15638	10786438	1009.4359	36688.492	8246.96	8297.124	15638	9499521	940.58704	34109.883	8622.277	8676.11	15638	10449211	988.4692	35695.75	5316.4746	4898.859	15638	17248642	501.75107	4084.8115	4086.8115	3770.4556	15638	10310199	378.2329	2752.1985	5855.209	5448.9907	15638	19408822	542.2583	4242.8354	222.7553	220.36443	15638	5252.2544	506.86725	13364.649	264.20383	261.54016	15638	5905.361	584.07117	15266.454	238.97702	236.28351	15638	5813.5654	507.39362	13183.481
F8_S24_subsampled_depth_12G_contig_13176	10.06804	9.705151	57154	23.771215	1.1356086	39.155216	10.444019	10.272437	57139	17.473917	1.18001	40.892467	10.938205	10.594707	57066	24.83745	1.2463809	43.296135	11.242059	10.791487	57161	27.55043	1.2843401	46.68005	11.994124	11.60638	57105	29.63752	1.3558877	49.170555	11.519145	11.117343	57161	25.850018	1.31043	47.322453	3.9571135	3.634094	52338	11.176182	0.36584142	2.9783556	3.8905299	3.5491805	51891	11.671387	0.35078377	2.5524666	3.8070197	3.4852371	52895	10.306592	0.34359547	2.6884217	0	0	0	0	0	0	0	0	0	0	0	0	0	0	0	0	0	0
F8_S24_subsampled_depth_12G_contig_638|provirus_85643_99669	21.999136	22.117044	14023	44.196022	2.4780343	85.441414	24.18945	24.260748	13991	60.432148	2.7380748	94.88616	24.900482	25.16692	14013	48.422707	2.829045	98.27384	26.30093	26.480106	14025	68.92354	3.0133119	109.52047	26.362398	26.325994	14026	67.31291	2.98844	108.37415	28.270159	28.490513	14025	74.75786	3.216512	116.15523	0	0	0	0	0	0	0	0	0	0	0	0	0	0	0	0	0	0	2.2298768	2.1431432	11832	2.8161354	5.1749854	136.4496	2.2875261	2.1938996	12080	2.9030538	4.9967117	130.60405	2.5648916	2.4661756	12038	3.5613153	5.3849416	139.91553
F8_S24_subsampled_depth_12G_contig_1763|provirus_2_14879	54.922325	50.65887	14871	1916.0011	6.365688	219.48581	51.61176	48.39454	14848	1641.7413	6.007389	208.18228	50.80744	47.283043	14867	1795.0646	5.9275565	205.90822	47.483093	44.281986	14875	1558.1172	5.601036	203.5728	48.246674	44.32227	14878	1614.8779	5.6018233	203.1471	48.002037	44.558918	14856	1568.377	5.6402335	203.68095	0	0	0	0	0	0	0	0	0	0	0	0	0	0	0	0	0	0	82.3477	64.89273	14876	16162.254	202.4994	5339.335	105.468834	84.60742	14878	21340.86	251.30025	6568.4844	103.86318	80.83072	14876	23283.875	240.42892	6247.0054
F8_S24_subsampled_depth_12G_contig_6843|provirus_24731_35879	65.95827	60.3233	11149	1561.4939	7.740162	266.87704	67.905624	61.75083	11149	1559.0272	8.004461	277.3894	72.01473	65.62731	11149	1843.013	8.532566	296.39984	80.43577	73.83234	11149	2069.5369	9.495648	345.1245	79.8929	72.45258	11149	2240.8442	9.37678	340.04388	80.97627	74.31623	11149	1985.2711	9.606976	346.9286	0	0	0	0	0	0	0	0	0	0	0	0	0	0	0	0	0	0	5.3010273	4.5710535	10075	31.023668	13.770746	363.09537	3.5461407	2.7866883	9358	23.284082	8.273353	216.24875	6.3138466	5.214625	10641	45.369938	13.891614	360.9424
F8_S24_subsampled_depth_12G_contig_11874|provirus_17769_59989	4.3544245	4.238822	41347	5.5274587	0.4911454	16.934454	4.031423	3.9115014	40561	5.8796873	0.4552358	15.775904	4.2351503	4.0987983	41242	5.835291	0.48049545	16.691193	3.9491336	3.8653903	40729	4.879038	0.44945985	16.335855	4.2883697	4.1519346	41166	5.999893	0.4843237	17.563747	3.8539848	3.7575333	40451	5.0142636	0.43775094	15.808133	0	0	0	0	0	0	0	0	0	0	0	0	0	0	0	0	0	0	0	0	0	0	0	0	0	0	0	0	0	0	1.8137435	1.7046084	32934	2.429296	3.8712173	100.58486
F8_S24_subsampled_depth_12G_contig_11983|provirus_120162_132946	15.532093	15.411325	12785	18.718042	1.7602164	60.69142	14.901385	14.922711	12785	20.15476	1.6951132	58.743023	14.936921	14.794337	12785	20.562351	1.7033775	59.171013	13.53613	13.316891	12785	20.341639	1.5555463	56.537186	12.410447	12.319265	12785	15.773271	1.4049891	50.95118	13.626355	13.531259	12785	18.300697	1.5487854	55.929955	0	0	0	0	0	0	0	0	0	0	0	0	0	0	0	0	0	0	32.983932	32.729885	12785	51.841656	74.36292	1960.7393	51.000633	50.65163	12785	83.06854	112.7713	2947.6167	44.433796	44.40007	12785	60.822502	94.20628	2447.738
GP3_S28_subsampled_depth_12G_contig_17	7.0390763	6.7896123	1718	21.73544	0.79486895	27.406687	19.404974	18.585798	1826	104.3193	2.2217774	76.99425	17.654825	17.343195	1838	132.20364	2.0125105	69.90951	2.6672587	2.5779092	1399	4.3868484	0.30844837	11.210725	3.6133807	3.4431295	1706	6.181599	0.3981145	14.437407	3.4783895	3.1781723	1510	10.682145	0.41914564	15.136261	30680.65	30744.09	1839	227850500	2646.709	21547.145	30822.11	30940.875	1839	208562880	2606.3936	18965.34	22065.734	22114.14	1839	113595670	1872.7932	14653.447	0	0	0	0	0	0	0	0	0	0	0	0	0	0	0	0	0	0
GP3_S28_subsampled_depth_12G_contig_159	82.51821	78.72166	44003	1793.7112	9.35133	322.42917	79.631134	76.19684	44003	1564.59	9.035068	313.10452	81.8204	78.0905	44003	1681.6691	9.350012	324.79565	71.134766	67.89435	44003	1324.6433	8.155228	296.40634	71.33134	68.271095	44003	1234.9669	8.104371	293.9006	70.013725	67.043755	44003	1134.5876	7.9991274	288.86572	44.440174	41.059692	44003	1212.2543	4.1021295	33.3959	37.169315	34.133396	44003	832.641	3.3656838	24.49028	43.19483	40.000862	44003	1060.5106	3.9255664	30.715145	0	0	0	0	0	0	0	0	0	0	0	0	0	0	0	0	0	0
GP3_S28_subsampled_depth_12G_contig_190	7.7478123	7.6383524	16923	13.180851	0.868691	29.952055	7.114948	7.0287085	16948	9.985605	0.8022267	27.800632	7.1407285	6.9805546	16886	12.310393	0.80640227	28.01237	7.9907756	7.918736	16980	9.809033	0.905691	32.91783	7.2083135	7.116739	16603	14.439895	0.8093049	29.349014	7.6657405	7.5256867	16897	14.204449	0.8673972	31.323576	7.2131033	7.049599	17035	13.775886	0.6620714	5.3899946	5.30777	5.183287	16229	10.266871	0.4743537	3.4516168	5.493023	5.3401656	16407	12.053407	0.49333343	3.8600278	3.9583137	3.8238077	16080	6.8201523	9.1301365	240.73592	4.482616	4.2505584	16371	9.046237	9.92095	259.3137	4.0871572	3.8086321	16527	9.63997	8.798326	228.60468
GP3_S28_subsampled_depth_12G_contig_284	0	0	0	0	0	0	0	0	0	0	0	0	0	0	0	0	0	0	0	0	0	0	0	0	0	0	0	0	0	0	0	0	0	0	0	0	3030.0806	3033.7253	2815	207707.88	284.1414	2313.2268	2171.4485	2174.3372	2815	105020.16	199.54387	1451.9742	2450.664	2452.413	2815	147829.05	225.39713	1763.5938	0	0	0	0	0	0	0	0	0	0	0	0	0	0	0	0	0	0
GP3_S28_subsampled_depth_12G_contig_391	0	0	0	0	0	0	13.684305	13.301937	1569	112.74323	1.6057183	55.645103	19.676489	19.259853	1528	211.9374	2.3059938	80.10435	2.426338	2.3259852	0	3.9258282	0	0	2.6794949	2.5584502	0	4.944748	0	0	0	0	0	0	0	0	75689.63	74798.16	1813	3744153900	6486.5938	52808.08	97249.914	96175.77	1813	6049747500	8175.9683	59492.152	102767.23	101538.11	1813	6899899000	8661.973	67774.59	0	0	0	0	0	0	0	0	0	0	0	0	0	0	0	0	0	0
GP3_S28_subsampled_depth_12G_contig_497	0	0	0	0	0	0	0	0	0	0	0	0	0	0	0	0	0	0	0	0	0	0	0	0	0	0	0	0	0	0	0	0	0	0	0	0	3975.1829	3967.398	5392	351473.7	359.12714	2923.6936	4411.743	4407.841	5392	403831.13	390.75513	2843.3171	5660.061	5655.994	5392	674210.5	502.6147	3932.6506	0	0	0	0	0	0	0	0	0	0	0	0	0	0	0	0	0	0
GP3_S28_subsampled_depth_12G_contig_941	0	0	0	0	0	0	0	0	0	0	0	0	0	0	0	0	0	0	0	0	0	0	0	0	0	0	0	0	0	0	0	0	0	0	0	0	4.0628414	4.029733	1980	3.505617	0.3826647	3.1153154	0	0	0	0	0	0	2.25847	2.2239077	1722	2.1381872	0.21221466	1.6604497	0	0	0	0	0	0	0	0	0	0	0	0	0	0	0	0	0	0
GP3_S28_subsampled_depth_12G_contig_1090	0	0	0	0	0	0	0	0	0	0	0	0	0	0	0	0	0	0	0	0	0	0	0	0	0	0	0	0	0	0	0	0	0	0	0	0	7.04648	6.930415	3119	14.160238	0.6315992	5.141918	10.138094	9.994014	3099	32.155457	0.8880633	6.4619637	8.743011	8.804339	3074	13.39788	0.7909242	6.1884937	0	0	0	0	0	0	0	0	0	0	0	0	0	0	0	0	0	0
GP3_S28_subsampled_depth_12G_contig_1099	2.5708742	2.424072	10477	4.2902255	0.2889052	9.961311	2.7844245	2.6559806	10227	4.5778584	0.3134799	10.863445	2.6464732	2.5274653	10324	4.1598783	0.29837248	10.364706	2.3814547	2.1902888	9980	4.7768497	0.27784234	10.0983305	2.8010461	2.631421	10859	4.645925	0.31493476	11.420939	3.3449206	3.1710725	10689	6.666439	0.38819456	14.018539	5.6955786	5.5574617	11937	9.384327	0.5211025	4.2423515	4.8595176	4.7329397	11622	8.754965	0.44017822	3.2029424	3.6862977	3.4977503	10960	6.827243	0.33315572	2.606737	0	0	0	0	0	0	0	0	0	0	0	0	0	0	0	0	0	0
GP3_S28_subsampled_depth_12G_contig_2178	0	0	0	0	0	0	0	0	0	0	0	0	0	0	0	0	0	0	0	0	0	0	0	0	0	0	0	0	0	0	0	0	0	0	0	0	5.8816724	5.7649527	4384	6.404847	0.53419435	4.3489366	0	0	0	0	0	0	2.8353803	2.7759707	4136	2.2802405	0.25352582	1.9836814	0	0	0	0	0	0	0	0	0	0	0	0	0	0	0	0	0	0
GP3_S28_subsampled_depth_12G_contig_2374	123.58585	119.58995	50441	1837.9794	13.977977	481.95377	127.484856	122.929344	50441	2057.8374	14.447476	500.66797	129.1457	124.654884	50441	2035.1274	14.739817	512.02386	154.5647	149.64708	50441	2713.9927	17.69572	643.1604	153.35983	148.98091	50441	2377.8481	17.41182	631.4305	157.9498	153.61354	50441	2471.957	18.031368	651.15155	34.6869	34.263393	50441	88.48248	3.1981153	26.036201	30.26108	29.706184	50441	98.76059	2.7370808	19.916288	34.703564	34.248943	50441	106.85321	3.1388836	24.559816	6.768766	6.6121554	50156	11.109962	18.084236	476.82993	4.9534507	4.8546276	49914	6.28272	11.096512	290.0406	6.936867	6.8086295	50274	8.786926	14.735743	382.87512
GP3_S28_subsampled_depth_12G_contig_2684	0	0	0	0	0	0	0	0	0	0	0	0	0	0	0	0	0	0	0	0	0	0	0	0	0	0	0	0	0	0	0	0	0	0	0	0	26.797817	21.08268	3239	967.6381	3.0917807	25.17052	22.636713	19.14968	3263	478.8079	2.3994806	17.459736	20.676508	16.78653	3229	445.10754	2.2493753	17.599981	0	0	0	0	0	0	0	0	0	0	0	0	0	0	0	0	0	0
GP3_S28_subsampled_depth_12G_contig_2760	192.99977	191.59734	12996	1268.3331	22.049221	760.2463	199.33844	198.38666	12997	1134.6859	22.840187	791.5118	188.81522	186.50792	12997	1235.637	21.773481	756.35565	181.11194	179.93591	12996	1079.7845	20.927794	760.6321	188.63712	187.37984	12997	1184.3724	21.591759	783.0137	178.16954	176.78665	12997	1123.0652	20.505613	740.5019	115.03106	115.942055	12995	865.2019	10.764664	87.636345	98.79559	99.72793	12997	684.5624	9.052754	65.87206	131.73216	132.36876	12997	1449.0188	12.119348	94.82637	0	0	0	0	0	0	0	0	0	0	0	0	0	0	0	0	0	0
GP3_S28_subsampled_depth_12G_contig_2860	30.884394	31.032223	15036	203.92337	3.4839864	120.12616	33.984997	34.12145	15054	224.74701	3.8180647	132.31255	33.98567	34.165203	15008	253.66414	3.8552153	133.92047	36.13436	36.066826	14974	296.24408	4.110311	149.39154	32.85767	32.83212	15025	242.83937	3.7236648	135.03676	34.097656	34.37275	15020	220.43887	3.8710823	139.79309	6.4298725	6.0163713	14108	28.210266	0.5864819	4.774615	5.4682517	5.140423	14122	20.745491	0.49100357	3.5727692	5.409444	5.022474	13883	19.382816	0.48446935	3.7906716	0	0	0	0	0	0	0	0	0	0	0	0	2.4397187	2.253237	11379	5.087296	5.1141534	132.87982
GP3_S28_subsampled_depth_12G_contig_2977	10.170399	9.718979	14081	31.531513	1.1551181	39.827923	9.736865	9.368102	14073	25.784742	1.1243192	38.962563	9.690209	9.3052635	14077	24.856867	1.1169776	38.80097	10.172839	9.893301	14076	24.93588	1.1864576	43.122444	9.701981	9.426715	14051	20.12107	1.1135675	40.382923	9.9677	9.6442585	13973	24.561867	1.1628608	41.993397	7.2356443	7.0423446	14023	13.929752	0.6613072	5.3837733	5.7375107	5.566268	13989	9.203436	0.5171659	3.7631385	6.104723	6.029984	13704	9.938137	0.549605	4.30032	0	0	0	0	0	0	0	0	0	0	0	0	0	0	0	0	0	0
GP3_S28_subsampled_depth_12G_contig_3144	730.31085	716.77747	94239	16879.154	82.41394	2841.5916	757.10266	743.9547	94267	17563.35	85.57481	2965.5396	776.8387	762.28094	94266	20015.896	88.3726	3069.8396	820.248	802.87274	94297	25252.367	93.65665	3404.0015	801.4293	786.40173	94239	22711.367	90.67593	3288.3132	802.56024	786.68567	94278	23145.898	91.31428	3297.5554	352.7214	351.3698	94338	10860.432	32.490944	264.51242	309.695	308.0587	94336	8505.189	27.970406	203.5258	350.76978	348.6838	94338	10203.622	31.766628	248.55421	4.19614	4.065849	90832	6.64795	9.682966	255.3124	4.4621716	4.345535	91805	6.323358	9.840648	257.21472	4.00069	3.8851364	91118	5.6832366	8.444149	219.4021
GP3_S28_subsampled_depth_12G_contig_3246	0	0	0	0	0	0	0	0	0	0	0	0	0	0	0	0	0	0	0	0	0	0	0	0	0	0	0	0	0	0	0	0	0	0	0	0	6.67296	6.551646	5043	8.724901	0.59706545	4.860778	3.1073895	3.0085702	4772	3.422983	0.27150884	1.9756255	0	0	0	0	0	0	0	0	0	0	0	0	0	0	0	0	0	0	0	0	0	0	0	0
GP3_S28_subsampled_depth_12G_contig_3316	211.79353	211.5083	12675	929.8218	24.250757	836.1542	218.95226	219.36192	12675	672.73584	25.09936	869.80194	237.002	237.7651	12675	729.3363	27.355385	950.2567	256.02716	256.6301	12675	994.412	29.634224	1077.0721	261.81006	262.15222	12675	1102.9626	30.096657	1091.4392	260.48367	260.60367	12675	1124.0371	30.009348	1083.7023	11.153852	11.06866	12660	22.334927	1.0292548	8.379278	10.1643915	10.075845	12609	19.199177	0.92209053	6.7095623	10.407585	10.151423	12582	27.15668	0.9346357	7.3129425	27.044151	26.889736	12675	50.91668	70.49765	1858.823	19.718801	19.620865	12662	25.104399	43.87239	1146.7363	29.477365	29.390312	12675	45.345337	63.274117	1644.0352
GP3_S28_subsampled_depth_12G_contig_3490	0	0	0	0	0	0	0	0	0	0	0	0	0	0	0	0	0	0	0	0	0	0	0	0	0	0	0	0	0	0	0	0	0	0	0	0	1025.5576	1019.6596	6453	46335.758	92.94536	756.6785	942.8885	938.0264	6453	35360.984	83.864624	610.23804	913.36584	906.9915	6453	38706.676	81.43115	637.1483	0	0	0	0	0	0	0	0	0	0	0	0	0	0	0	0	0	0
GP3_S28_subsampled_depth_12G_contig_3494	0	0	0	0	0	0	0	0	0	0	0	0	0	0	0	0	0	0	0	0	0	0	0	0	0	0	0	0	0	0	1.2318537	1.1743915	4236	0.8465766	0.13642354	4.9265485	59.664318	59.337776	5399	119.309166	5.3863654	43.85101	108.742615	108.77545	5399	326.65283	9.647537	70.2	69.06896	68.78201	5399	142.88434	6.1031003	47.753002	0	0	0	0	0	0	0	0	0	0	0	0	0	0	0	0	0	0
GP3_S28_subsampled_depth_12G_contig_1619|provirus_221_53013	45.211197	45.15359	52793	64.74724	5.116595	176.41765	44.45503	44.307076	52792	65.131874	5.0457506	174.85722	43.661304	43.600456	52792	63.448196	4.9861555	173.20634	44.116238	43.94696	52793	58.106606	5.0525393	183.63736	43.273197	43.165916	52793	66.010864	4.9150724	178.24239	43.059837	42.89164	52792	60.48372	4.914233	177.46353	42.310394	40.716183	52793	334.68622	3.9125698	31.852676	30.115002	29.208046	52764	174.19498	2.7361972	19.909851	36.45497	35.212036	52764	247.04366	3.3148386	25.936575	0	0	0	0	0	0	0	0	0	0	0	0	0	0	0	0	0	0
GP3_S28_subsampled_depth_12G_contig_2628|provirus_68854_100287	31.036951	30.948963	31426	54.18937	3.5498817	122.39817	31.070642	30.68948	31431	66.99441	3.5620437	123.440285	31.655735	31.359426	31425	54.570343	3.6515431	126.84536	30.981716	30.53033	31429	61.543777	3.599768	130.83556	30.897423	30.601044	31422	62.88099	3.5483725	128.67982	32.08199	31.799545	31433	61.519867	3.714735	134.14711	23.235231	22.50618	31423	121.44507	2.1557484	17.550184	19.31214	18.900341	31416	94.99629	1.758901	12.798581	24.349443	23.706919	31392	131.08429	2.217233	17.34848	0	0	0	0	0	0	0	0	0	0	0	0	0	0	0	0	0	0
GP4_S29_subsampled_depth_12G_contig_159	79.86984	61.25894	11849	17754.146	11.0563135	381.21625	85.929794	66.17867	11855	20553.025	11.798911	408.88354	88.477585	67.821236	11859	21827.582	12.347554	428.9227	96.44051	73.587814	11856	24997.645	13.456662	489.0898	101.414215	77.75719	11853	26629.508	13.912236	504.5199	100.39056	76.75861	11842	27013.678	13.919639	502.66827	6.474507	5.6938987	11491	76.935905	0.78759426	6.4118905	6.6334443	5.811842	11578	78.63604	0.7838732	5.703827	6.1304126	5.1737356	11491	111.845055	0.7989286	6.25112	15.894184	12.105892	11646	760.2429	46.341217	1221.8865	11.55342	8.889743	11642	380.3355	31.363008	819.7664	17.675549	13.633456	11795	874.84283	44.050472	1144.5522
GP4_S29_subsampled_depth_12G_contig_636	52.920155	44.946598	2618	4959.412	6.848711	236.14023	59.793022	49.66408	2723	6107.4556	7.589252	263.0007	64.968994	55.23945	2620	6925.47	8.152909	283.21133	67.36977	55.12145	2204	9836.467	8.714125	316.71976	67.03488	55.957363	2586	9107.347	8.650377	313.70135	68.2969	56.84884	2451	9113.717	8.853165	319.7068	28280.887	27308.5	2724	824921150	2513.229	20460.475	40363.45	38949.33	2730	1674906800	3514.3909	25572.35	39696.4	38316.598	2640	1616922900	3466.2607	27121.342	0	0	0	0	0	0	0	0	0	0	0	0	0	0	0	0	0	0
GP4_S29_subsampled_depth_12G_contig_860	0	0	0	0	0	0	0	0	0	0	0	0	0	0	0	0	0	0	0	0	0	0	0	0	0	0	0	0	0	0	0	0	0	0	0	0	0	0	0	0	0	0	4.9503775	4.862874	1972	4.451935	0.41802225	3.0417244	0	0	0	0	0	0	0	0	0	0	0	0	0	0	0	0	0	0	0	0	0	0	0	0
GP4_S29_subsampled_depth_12G_contig_877	65.52068	65.50927	30293	95.67965	7.414872	255.66106	58.82238	58.735672	30293	101.77858	6.670262	231.15366	63.533855	63.30609	30293	107.80134	7.240486	251.51624	54.032345	53.928673	30293	67.26441	6.1849265	224.79451	49.865906	49.759113	30293	67.14087	5.6621437	205.33464	51.536312	51.332596	30293	91.2106	5.8851724	212.5263	12.989749	12.728188	30293	28.956663	1.2019206	9.784968	11.710181	11.494047	30293	23.196205	1.0637794	7.740555	15.166407	14.941944	30293	30.06209	1.3790158	10.78995	0	0	0	0	0	0	0	0	0	0	0	0	0	0	0	0	0	0
GP4_S29_subsampled_depth_12G_contig_915	193.34233	187.60826	24706	5126.2256	22.111784	762.40344	199.70294	193.58969	24744	5707.4624	22.873964	792.6823	210.56467	204.0923	24747	6363.5747	24.275536	843.2705	217.63776	211.66144	24747	6260.374	25.22766	916.9127	211.14725	204.11015	24746	6773.101	24.234488	878.85095	215.74709	208.78285	24739	6705.043	24.882137	898.54755	42.702946	39.685642	24698	1122.1885	3.9369318	32.050983	36.363907	34.20777	24802	642.10675	3.2888184	23.930973	40.9871	38.343384	24698	835.2247	3.7129383	29.051435	9.693169	9.057058	24698	53.544815	24.799767	653.8996	6.884634	6.319317	23733	38.474216	15.502662	405.2086	10.821556	10.111412	24558	71.17683	23.378717	607.4432
GP4_S29_subsampled_depth_12G_contig_1043	0	0	0	0	0	0	0	0	0	0	0	0	0	0	0	0	0	0	0	0	0	0	0	0	0	0	0	0	0	0	0	0	0	0	0	0	0	0	0	0	0	0	4.1312184	4.058447	1537	3.8341408	0.34284368	2.4946897	0	0	0	0	0	0	0	0	0	0	0	0	0	0	0	0	0	0	0	0	0	0	0	0
GP4_S29_subsampled_depth_12G_contig_1058	168.96402	149.29329	10101	10900.62	22.05386	760.4062	159.00392	140.29117	10101	10015.709	20.696886	717.237	162.78023	144.57564	10101	9844.449	21.390299	743.04474	150.7554	133.42604	10101	8325.465	19.898113	723.2078	136.83047	122.448364	10101	5892.63	17.769691	644.4083	149.7341	133.58156	10101	7501.5283	19.520138	704.91425	13.964626	13.336831	10084	62.900856	1.3910948	11.32506	13.764647	12.841577	10101	75.51867	1.3523597	9.840396	16.889156	15.698337	10101	134.38098	1.6625925	13.008762	4.247915	3.8327565	9512	14.57803	12.36946	326.14743	2.7595217	2.6035502	9178	4.244175	7.135187	186.49951	4.079389	3.682148	9874	11.792691	10.08578	262.05634
GP4_S29_subsampled_depth_12G_contig_1201	11126.475	9497.41	14359	83329580	1289.7719	44470.707	11141.151	9497.951	14359	84637990	1293.3813	44821.293	11132.618	9497.969	14359	84223020	1300.8541	45188.383	9878.53	8450.317	14359	64074500	1157.7614	42079.473	10475.624	8973.26	14359	70341896	1216.9913	44133.53	10191.276	8710.198	14359	68481850	1190.1691	42979.57	4995.781	4485.092	14359	12603173	470.806	3832.8833	4391.2075	3946.53	14359	9694494	405.54337	2950.9229	4968.1743	4470.1514	14359	12382443	460.27417	3601.3594	13.068196	10.915865	14358	169.41673	31.047798	818.6422	14.357379	12.092814	14351	187.38072	32.57958	851.565	16.138292	13.918915	14359	193.94138	35.054825	910.82074
GP4_S29_subsampled_depth_12G_contig_1344	0	0	0	0	0	0	0	0	0	0	0	0	0	0	0	0	0	0	0	0	0	0	0	0	0	0	0	0	0	0	0	0	0	0	0	0	19.383749	19.171415	2709	104.11056	1.7460306	14.214633	14.445568	13.767703	2697	89.91574	1.2657778	9.210387	12.279549	12.187392	2615	41.70284	1.0755844	8.415781	0	0	0	0	0	0	0	0	0	0	0	0	0	0	0	0	0	0
GP4_S29_subsampled_depth_12G_contig_1410	0	0	0	0	0	0	0	0	0	0	0	0	0	0	0	0	0	0	0	0	0	0	0	0	0	0	0	0	0	0	0	0	0	0	0	0	10.077755	10.018821	5050	17.240126	0.9465837	7.706245	6.117551	6.063719	5050	6.239293	0.5377867	3.9131866	6.5114284	6.3863945	5050	7.096624	0.6012229	4.704197	0	0	0	0	0	0	0	0	0	0	0	0	0	0	0	0	0	0
GP4_S29_subsampled_depth_12G_contig_1771	265.95166	263.32944	13435	5369.9272	30.772179	1061.0098	259.69147	257.71674	13435	4892.1733	30.158539	1045.1245	256.35876	253.95918	13435	4607.8013	29.886488	1038.1812	240.39857	237.98528	13435	3725.525	28.193268	1024.6998	221.49461	220.10353	13435	3148.0784	25.645329	930.01404	233.87663	232.15648	13435	3593.876	27.313465	986.34814	14.451185	14.137576	13435	60.737392	1.3514459	11.00227	12.585924	12.241114	13435	47.8426	1.1515247	8.379031	19.305984	18.963955	13435	91.479034	1.7685736	13.837998	4.918931	4.219871	12415	70.428314	13.985684	368.76263	3.539857	2.7013464	11343	79.586426	10.212302	266.92923	4.9546103	4.1644225	13193	66.09061	12.779928	332.0575
GP4_S29_subsampled_depth_12G_contig_1791	111.30026	92.46894	14974	27739.135	12.991092	447.92657	106.05132	88.63305	14966	24703.684	12.418457	430.3535	106.13583	89.270515	14977	24853.152	12.494062	434.01202	106.16281	88.196106	14937	26544.041	12.561493	456.55426	97.25858	82.04151	14972	20124.508	11.410386	413.79153	100.321846	83.67748	14944	22521.873	11.8509445	427.96313	8.886423	8.382091	14422	46.241924	0.83242416	6.7768607	8.900991	8.208992	14531	51.65605	0.81735134	5.9474335	8.989681	8.513151	14520	47.76321	0.82446533	6.4509296	0	0	0	0	0	0	0	0	0	0	0	0	0	0	0	0	0	0
GP4_S29_subsampled_depth_12G_contig_1821	13.830409	13.887581	20174	18.54686	1.552538	53.53073	14.762691	14.818585	20191	21.811844	1.6599592	57.524807	13.555939	13.602124	20130	21.0891	1.534877	53.317764	13.09241	13.084766	20229	19.413069	1.4876381	54.068993	12.734993	12.701675	20227	19.434965	1.4360766	52.078583	13.385165	13.419341	20219	20.468185	1.5117843	54.593815	7.6331196	7.414905	19514	20.73779	0.70160186	5.7118177	6.044751	5.9021463	19872	13.26499	0.5427098	3.9490118	8.77792	8.585314	19821	25.380909	0.792439	6.200344	0	0	0	0	0	0	0	0	0	0	0	0	0	0	0	0	0	0
GP4_S29_subsampled_depth_12G_contig_1903	0	0	0	0	0	0	0	0	0	0	0	0	0	0	0	0	0	0	0	0	0	0	0	0	0	0	0	0	0	0	0	0	0	0	0	0	0	0	0	0	0	0	4.2233186	4.136318	1265	6.2633696	0.3524754	2.5647743	0	0	0	0	0	0	0	0	0	0	0	0	0	0	0	0	0	0	0	0	0	0	0	0
GP4_S29_subsampled_depth_12G_contig_2057	0	0	0	0	0	0	0	0	0	0	0	0	0	0	0	0	0	0	2.4136763	2.3441021	1427	3.074691	0.25355607	9.215633	0	0	0	0	0	0	0	0	0	0	0	0	2.1868653	2.2088654	1420	1.4027271	0.19474271	1.5854218	6.3771157	6.401953	1521	6.1185265	0.55640715	4.048679	0	0	0	0	0	0	0	0	0	0	0	0	0	0	0	0	0	0	0	0	0	0	0	0
GP4_S29_subsampled_depth_12G_contig_2092	0	0	0	0	0	0	0	0	0	0	0	0	0	0	0	0	0	0	0	0	0	0	0	0	0	0	0	0	0	0	1.9886887	1.934388	2135	2.3565361	0.23630981	8.533657	0	0	0	0	0	0	5.3221617	5.2275476	2537	5.388624	0.46334472	3.3715124	0	0	0	0	0	0	0	0	0	0	0	0	0	0	0	0	0	0	0	0	0	0	0	0
GP4_S29_subsampled_depth_12G_contig_2161	54.587456	51.432793	32709	2968.749	7.088036	244.39197	54.291687	50.74967	32709	2949.5208	7.069675	244.99496	54.8191	51.02017	32709	3666.6462	7.2960467	253.44614	55.415737	51.45446	32709	4243.8447	7.463854	271.27783	53.197887	49.09292	32709	4214.1655	7.1376424	258.84277	53.994442	49.876232	32709	3887.435	7.2482705	261.7506	60.028442	56.42723	32709	1179.5297	5.646156	45.965984	47.447002	44.68466	32709	727.6827	4.3981028	32.002663	59.947113	56.793823	32709	1065.947	5.5491266	43.418484	0	0	0	0	0	0	0	0	0	0	0	0	0	0	0	0	0	0
GP4_S29_subsampled_depth_12G_contig_2583	22.163046	21.408302	20494	132.00084	2.520477	86.90486	20.134537	19.755217	20494	75.86418	2.2894096	79.338	22.18895	21.641397	20494	124.72121	2.5357814	88.08664	23.503637	23.145494	20494	115.904045	2.6998804	98.12868	22.963625	22.626488	20494	99.01819	2.6120234	94.7236	23.651543	22.92343	20492	137.65762	2.702173	97.58126	17.040258	16.768978	20479	72.24952	1.568899	12.772585	15.514747	14.986729	20494	67.62894	1.3996798	10.184728	17.557068	17.25243	20468	83.69147	1.584009	12.393885	0	0	0	0	0	0	0	0	0	0	0	0	0	0	0	0	0	0
GP4_S29_subsampled_depth_12G_contig_3015	0	0	0	0	0	0	0	0	0	0	0	0	0	0	0	0	0	0	0	0	0	0	0	0	0	0	0	0	0	0	0	0	0	0	0	0	25.147572	25.2923	2235	50.733402	2.1837668	17.778292	8.944838	8.967523	2199	12.769126	0.77344894	5.6279745	12.628948	12.711368	2209	19.997635	1.0623845	8.312501	0	0	0	0	0	0	0	0	0	0	0	0	0	0	0	0	0	0
GP5_S30_subsampled_depth_12G_contig_279	20026.674	19574.342	95710	11382534	2262.66	78015.41	20755.031	20271.217	95710	12837026	2349.0989	81406.49	20801.8	20262.658	95710	14064178	2370.0642	82330.03	21506.658	20885.23	95710	18873502	2458.956	89372.08	22506.172	21923.813	95710	17680826	2550.133	92479.234	21361.506	20768.605	95710	17395560	2433.8245	87890.67	10633.666	10488.786	95710	7793181.5	979.0047	7970.186	9338.52	9200.959	95710	5803741.5	843.0032	6134.0845	10315.13	10163.832	95710	6726171	933.6752	7305.429	39.167664	38.572567	95710	99.12213	89.689606	2364.8606	41.228046	40.465527	95710	99.92352	90.757416	2372.2175	41.953957	41.16527	95700	99.252525	88.67918	2304.1282
GP5_S30_subsampled_depth_12G_contig_377	1.6109611	1.3785243	3013	3.080852	0.19846301	6.842908	4.026998	3.7411518	3440	10.67764	0.48148838	16.685669	3.2829373	2.885423	3397	11.601804	0.4356929	15.134876	0	0	0	0	0	0	2.0548055	1.9589082	3172	2.5368283	0.25623444	9.292209	1.9316955	1.8683263	3598	1.5176125	0.24444725	8.827522	6751.4995	6655.155	3854	3283487.5	644.2624	5245.0117	4838.3867	4776.8506	3854	1727768.4	452.4093	3291.9404	5357.5845	5283.3394	3854	2095364.3	501.92264	3927.2346	0	0	0	0	0	0	0	0	0	0	0	0	0	0	0	0	0	0
GP5_S30_subsampled_depth_12G_contig_588	0	0	0	0	0	0	0	0	0	0	0	0	0	0	0	0	0	0	0	0	0	0	0	0	0	0	0	0	0	0	0	0	0	0	0	0	27276.393	26163.813	1402	676294340	2285.352	18605.3	38744.867	37206.71	1405	1358304800	3184.0457	23168.6	37963.188	36438.875	1518	1298500400	3129.4846	24486.277	0	0	0	0	0	0	0	0	0	0	0	0	0	0	0	0	0	0
GP5_S30_subsampled_depth_12G_contig_589	8.150277	8.1232395	12108	10.330189	0.9179436	31.650251	7.6274543	7.540359	12165	11.490612	0.85532784	29.640844	8.145721	7.9789233	12158	12.028226	0.9239422	32.095394	6.6305194	6.5032673	12186	7.9227943	0.75248414	27.349453	7.4793305	7.407363	12156	10.714548	0.84149486	30.51637	6.906139	6.819052	12087	8.27064	0.7792956	28.142048	3.776572	3.6576161	11641	5.0240602	0.3449337	2.8081417	3.1482892	3.076208	11206	3.9836423	0.28303403	2.0594866	3.9643774	3.8589048	11350	6.651424	0.36045867	2.8203666	0	0	0	0	0	0	0	0	0	0	0	0	0	0	0	0	0	0
GP5_S30_subsampled_depth_12G_contig_592	4747.8345	4493.479	4344	35689536	592.65594	20434.486	5023.884	4750.794	4556	39920896	628.24725	21771.502	5182.1074	4903.9478	4507	42238924	652.0046	22648.988	6063.452	5733.0483	4270	58491856	766.7328	27867.32	6022.8325	5685.4673	4349	57737156	755.3549	27392.545	6033.249	5697.4497	4402	57919150	760.8802	27477.03	147573.16	148237.67	4843	6693083600	14009.057	114049.3	156796.45	153575.25	4829	11159681000	14344.829	104379.68	155677.86	151291.92	4960	12488204000	14223.128	111287.195	0	0	0	0	0	0	0	0	0	0	0	0	0	0	0	0	0	0
GP5_S30_subsampled_depth_12G_contig_788	0	0	0	0	0	0	0	0	0	0	0	0	0	0	930	0	0.7750567	26.923513	0	0	0	0	0	0	0	0	0	0	0	0	0	0	0	0	0	0	20077.945	18299.174	1238	557661200	1780.9451	14498.87	27706.975	25155.6	1238	1105771600	2403.0493	17485.707	27127.922	24695.441	1238	1021279500	2357.4175	18445.336	0	0	0	0	0	0	0	0	0	0	0	0	0	0	0	0	0	0
GP5_S30_subsampled_depth_12G_contig_936	0	0	0	0	0	0	0	0	0	0	0	0	0	0	0	0	0	0	0	0	0	0	0	0	0	0	0	0	0	0	0	0	0	0	0	0	1242.0742	1239.3	5215	33505.363	112.75129	917.92065	1079.1814	1077.1156	5215	26281.807	96.15358	699.6584	829.82153	827.9344	5215	19425.352	74.00444	579.03906	0	0	0	0	0	0	0	0	0	0	0	0	0	0	0	0	0	0
GP5_S30_subsampled_depth_12G_contig_1167	11.493295	10.707802	3152	94.0271	1.3206277	45.53461	22.662836	22.351772	3267	150.0594	2.702528	93.65433	27.063856	26.24468	3198	377.66953	3.2211628	111.895065	2.8282247	2.481915	2651	7.570612	0.3509026	12.753743	6.340677	5.7758865	3161	39.861225	0.72629106	26.33856	4.746488	4.4861703	2937	14.121594	0.55844367	20.166609	39265.297	38567.477	3282	601984450	3480.4788	28334.967	38764.152	38113.313	3282	557800770	3368.6965	24512.213	28319.143	27838.12	3282	306470460	2467.4543	19306.309	0	0	0	0	0	0	0	0	0	0	0	0	0	0	0	0	0	0
GP5_S30_subsampled_depth_12G_contig_1280	1161.4203	4.545075	1144	41806784	282.41858	9737.655	1361.9436	8.235393	1246	57295470	331.5611	11490.034	966.3316	13.719533	1354	28322770	234.85555	8158.287	0	0	0	0	0	0	0	0	0	0	0	0	0	0	0	0	0	0	42767.344	41256.125	1413	1285465500	3613.4263	29417.307	58376.555	56378.758	1411	2403660500	4839.119	35211.684	58905.37	56917.504	1480	2382220800	4906.0356	38386.688	0	0	0	0	0	0	0	0	0	0	0	0	0	0	0	0	0	0
GP5_S30_subsampled_depth_12G_contig_1510	0	0	0	0	0	0	0	0	0	0	0	0	0	0	0	0	0	0	0	0	0	0	0	0	0	0	0	0	0	0	0	0	0	0	0	0	165.76689	166.02043	4663	427.48383	15.288534	124.465645	112.3891	111.720406	4663	219.55907	10.257541	74.63862	108.8901	108.581345	4663	244.26318	9.868547	77.21529	2.8089962	2.6202314	4181	4.502073	6.750348	177.98761	1.7897186	1.687177	3693	2.4028022	3.9704146	103.778656	3.2124972	3.1265075	4426	4.1305885	6.874242	178.61165
GP5_S30_subsampled_depth_12G_contig_1536	5.768428	5.5663652	30253	11.486626	0.6539114	22.546556	6.392616	6.182869	30186	12.138702	0.72334105	25.066914	5.791861	5.5544047	30182	12.352949	0.66366	23.053864	5.5415163	5.384408	28975	12.493518	0.6393944	23.239132	5.8024616	5.6419926	29396	12.448324	0.6611468	23.976135	5.159632	4.9136887	29421	12.60611	0.5907353	21.33273	16.1787	15.264367	30475	158.7506	1.4846691	12.086857	13.721201	12.873724	30103	126.027916	1.2355441	8.990391	18.525993	17.364645	30555	214.25166	1.6723826	13.085358	4.1496553	3.9815855	28775	8.150827	9.923193	261.6465	4.465901	4.338718	29227	7.337821	9.954948	260.20227	4.8160157	4.642284	29851	7.946653	10.250851	266.34537
GP5_S30_subsampled_depth_12G_contig_1668	5.4643116	5.338256	10978	7.9271603	0.61216986	21.10733	6.4915333	6.444062	10834	9.770844	0.7308827	25.328264	5.9394574	5.9244385	10733	7.7021503	0.66788954	23.2008	6.2619267	6.213332	10916	9.065416	0.7086173	25.755089	5.7647486	5.648594	10861	9.486308	0.64533097	23.402578	6.007101	5.955088	10930	7.8531766	0.6784558	24.500513	2.5495267	2.4654057	9473	3.4150107	0.2363214	1.9239192	2.5690095	2.455695	9605	3.5423553	0.23057266	1.6777554	2.4380918	2.342808	9597	3.0366843	0.21791176	1.7050247	8.712491	8.702205	10668	19.632164	19.81851	522.5577	7.111344	7.0441027	10774	13.259657	15.737578	411.34875	7.762928	7.6917863	10873	14.54071	16.64679	432.52927
GP5_S30_subsampled_depth_12G_contig_1676	13.974341	13.77812	1443	93.81682	1.6335303	56.32332	34.62344	34.55547	1331	575.5021	3.8176506	132.29817	38.925102	39.010784	1293	728.73145	4.4665394	155.15622	4.947295	4.8066254	0	15.888964	0	0	5.0984745	4.9399076	1238	16.574612	0.58822143	21.331549	5.870319	5.7265024	0	21.228834	0	0	78717.77	78416.21	1592	3117437400	6661.2935	54230.324	77077.05	76776.55	1592	3002589700	6392.477	46514.652	57675.117	57469.906	1592	1678823300	4796.9644	37533.29	0	0	0	0	0	0	0	0	0	0	0	0	0	0	0	0	0	0
GP5_S30_subsampled_depth_12G_contig_1858	0	0	0	0	0	0	0	0	0	0	0	0	0	0	0	0	0	0	0	0	0	0	0	0	0	0	0	0	0	0	0	0	0	0	0	0	4117.8257	3659.511	1996	34243316	374.2817	3047.0686	5784.868	5110.9756	1978	69557464	514.4549	3743.4146	5629.1235	5000.7954	2062	63326920	500.8341	3918.7158	0	0	0	0	0	0	0	0	0	0	0	0	0	0	0	0	0	0
GP5_S30_subsampled_depth_12G_contig_1916	36.203136	35.6764	10109	127.32607	4.107921	141.63908	37.110313	36.602463	10109	130.38133	4.216707	146.12724	39.394882	38.702488	10110	207.61617	4.518878	156.97437	43.846424	42.98679	10111	192.51714	5.013878	182.23209	46.697243	45.73568	10102	228.40842	5.3201017	192.93066	45.40008	44.521202	10107	248.65854	5.198757	187.73831	4.860212	4.4033084	9604	18.344902	0.4448223	3.6213467	5.0234814	4.6284413	9815	17.51229	0.44958717	3.2714052	5.642386	5.176954	10020	18.854311	0.5137258	4.019586	5.205735	4.9751334	9706	11.295633	13.15378	346.82788	4.676259	4.4688053	9821	8.103036	10.284712	268.8217	5.0041966	4.855684	9981	7.1785564	10.59157	275.19818
GP5_S30_subsampled_depth_12G_contig_2793	21.07586	20.801054	20522	70.98983	2.3916318	82.46228	21.288908	21.038855	20517	65.62438	2.407019	83.41371	19.927664	19.478481	20518	82.55074	2.274478	79.00961	18.583733	18.237963	20517	67.561066	2.1240036	77.19806	19.177052	18.842627	20518	64.8249	2.1758263	78.905174	19.772816	19.313282	20517	65.1762	2.248837	81.21037	10.22332	10.127323	19858	29.755844	0.941761	7.666983	8.60041	8.421856	20435	21.170622	0.77083325	5.6089425	10.856304	10.671829	20544	25.63853	0.97794574	7.651819	0	0	0	0	0	0	0	0	0	0	0	0	2.3162477	2.0949354	15447	5.3985395	5.177561	134.52722
GP5_S30_subsampled_depth_12G_contig_2872	3.631108	3.5193639	12473	5.026852	0.4131005	14.243509	3.456816	3.2931361	12211	5.803364	0.3980471	13.794057	3.259415	3.171767	11977	4.5601983	0.37294295	12.955091	3.0766418	2.943292	11674	4.800055	0.35430312	12.877342	3.2633832	3.1553423	12088	4.871018	0.3679742	13.344385	3.218721	3.1370158	12278	4.263806	0.36492515	13.178231	5.6924214	5.6301866	12575	8.834733	0.52976197	4.312851	4.8597107	4.655947	12869	7.9147196	0.4447736	3.23638	4.9868503	4.715854	12760	9.746384	0.45452228	3.556357	0	0	0	0	0	0	0	0	0	0	0	0	0	0	0	0	0	0
GP5_S30_subsampled_depth_12G_contig_2906	31.179989	31.352991	18467	96.63035	3.5022168	120.754684	28.108953	28.059631	18455	68.150276	3.1625795	109.59716	29.974272	30.088337	18470	71.14386	3.3920212	117.83024	26.5815	26.573355	18471	55.619396	3.0156603	109.60584	24.40766	24.628252	18418	62.19262	2.7484465	99.670944	25.554153	25.68021	18432	57.726147	2.8887575	104.31926	8.066127	7.9346156	18229	19.44403	0.73928607	6.018607	6.1968718	5.956131	18205	15.074569	0.55521005	4.0399694	8.08328	7.906808	18458	21.805788	0.7288458	5.702766	0	0	0	0	0	0	0	0	0	0	0	0	0	0	0	0	0	0
GP5_S30_subsampled_depth_12G_contig_2909	150.668	149.77542	13478	366.2077	17.284788	595.9712	148.16289	147.35661	13478	365.2636	17.048368	590.80005	146.08284	145.21498	13478	346.04727	16.892746	586.8112	136.91296	135.84695	13478	269.3884	15.85116	576.11914	124.29847	123.78443	13478	312.5386	14.291361	518.2687	131.24467	130.35445	13478	385.5013	15.196059	548.76245	6.6736193	6.4604034	13241	13.916579	0.6316609	5.142423	5.9892707	5.790597	12936	13.743938	0.55237186	4.0193176	8.993697	8.811521	13478	13.343546	0.8286681	6.483816	6.047569	4.4193063	13137	270.25	19.922615	525.30286	4.631603	2.9611537	12495	293.92206	15.968672	417.38907	6.862095	4.93998	13133	435.0208	20.603994	535.34845
GP5_S30_subsampled_depth_12G_contig_3810	0	0	0	0	0	0	0	0	0	0	0	0	0	0	0	0	0	0	0	0	0	0	0	0	0	0	0	0	0	0	0	0	0	0	0	0	6.532787	6.651948	998	5.9279976	0.5351207	4.356475	0	0	0	0	0	0	2.4800937	2.4831169	961	2.1185951	0.21600567	1.6901113	0	0	0	0	0	0	0	0	0	0	0	0	0	0	0	0	0	0
GP5_S30_subsampled_depth_12G_contig_3857	0	0	0	0	0	0	0	0	0	0	0	0	0	0	0	0	0	0	0	0	0	0	0	0	0	0	0	0	0	0	0	0	0	0	0	0	5.9139733	5.750264	2176	7.8656344	0.51338863	4.1795526	7.9096956	7.944562	2215	10.889607	0.6893652	5.0161424	6.5964828	6.6341076	2206	2.9436111	0.5712794	4.4699073	0	0	0	0	0	0	0	0	0	0	0	0	0	0	0	0	0	0
GP5_S30_subsampled_depth_12G_contig_3862	0	0	0	0	0	0	0	0	0	0	0	0	0	0	0	0	0	0	0	0	0	0	0	0	0	0	0	0	0	0	0	0	0	0	0	0	0	0	0	0	0	0	0	0	0	0	0	0	6.9538174	6.9413614	2268	8.515548	0.6085142	4.7612467	0	0	0	0	0	0	0	0	0	0	0	0	0	0	0	0	0	0
M1_S25_subsampled_depth_12G_contig_150	69.83679	65.89701	38757	1258.6145	7.877468	271.61127	68.48449	64.19791	38934	1305.194	7.7366815	268.10968	71.73861	66.79474	38956	1541.2375	8.153365	283.22723	93.58105	87.87171	38791	2577.0005	10.685881	388.38416	94.27651	88.4145	38880	2406.8206	10.6717205	387.0043	94.74925	89.3452	38791	2366.478	10.781399	389.33963	20.93044	20.047659	37758	157.3605	1.9221816	15.648687	16.876623	16.2032	37801	97.577896	1.5170423	11.038708	20.451721	19.827541	38138	130.3666	1.8453485	14.438714	264.93454	263.52975	38966	1455.2032	607.8557	16027.427	252.0104	248.89091	38966	1808.5186	565.4425	14779.534	233.26178	230.26935	38966	1729.1431	503.59598	13084.804
M1_S25_subsampled_depth_12G_contig_332	9.213764	8.780968	41267	31.52983	1.0640172	36.686794	9.596959	8.920042	41455	40.123657	1.1079495	38.395287	9.793947	9.283842	41174	37.836628	1.1427537	39.696377	9.949768	9.415341	41323	39.341927	1.1633763	42.28354	9.816162	9.266142	41421	40.694927	1.1404752	41.358715	9.818241	9.301864	41349	39.457302	1.1428192	41.269672	0	0	0	0	0	0	0	0	0	0	0	0	0	0	0	0	0	0	442.25793	442.94983	41516	18073.674	1007.5736	26566.855	497.66525	499.70554	41516	20186.355	1100.1284	28755.154	512.3294	514.5491	41518	22005.096	1086.5552	28231.686
M1_S25_subsampled_depth_12G_contig_873	0	0	0	0	0	0	0	0	0	0	0	0	0	0	0	0	0	0	0	0	0	0	0	0	0	0	0	0	0	0	0	0	0	0	0	0	0	0	0	0	0	0	0	0	0	0	0	0	0	0	0	0	0	0	18.684446	12.345796	14474	1103.341	58.051662	1530.6573	18.789095	12.346805	14474	1125.4706	56.395676	1474.0698	20.517454	14.437558	14474	1049.1946	59.093407	1535.4088
M1_S25_subsampled_depth_12G_contig_1187	0	0	0	0	0	0	0	0	0	0	0	0	0	0	0	0	0	0	0	0	0	0	0	0	0	0	0	0	0	0	0	0	0	0	0	0	0	0	0	0	0	0	0	0	0	0	0	0	0	0	0	0	0	0	143.22365	135.18631	38309	4035.3167	335.7644	8853.152	147.66794	138.70149	38309	4465.586	336.93372	8806.774	131.11934	123.35106	38309	3576.9285	288.9645	7508.09
M1_S25_subsampled_depth_12G_contig_2010	0	0	0	0	0	0	0	0	0	0	0	0	0	0	0	0	0	0	0	0	0	0	0	0	0	0	0	0	0	0	0	0	0	0	0	0	0	0	0	0	0	0	0	0	0	0	0	0	0	0	0	0	0	0	93.988	73.40914	10482	23952.033	245.68996	6478.1455	103.650406	80.45151	10482	32888.484	264.65665	6917.594	113.09766	88.94054	10482	36773.84	275.8007	7166.0596
M1_S25_subsampled_depth_12G_contig_2086	0	0	0	0	0	0	0	0	0	0	0	0	0	0	0	0	0	0	0	0	0	0	0	0	0	0	0	0	0	0	0	0	0	0	0	0	0	0	0	0	0	0	0	0	0	0	0	0	0	0	0	0	0	0	16.930605	11.716487	18177	3008.5588	46.702538	1231.4135	17.764742	12.155007	18149	3442.2478	47.725983	1247.4615	15.972985	10.419908	18177	3204.499	42.16613	1095.5918
M1_S25_subsampled_depth_12G_contig_2412	0	0	0	0	0	0	0	0	0	0	0	0	0	0	0	0	0	0	0	0	0	0	0	0	0	0	0	0	0	0	0	0	0	0	0	0	0	0	0	0	0	0	0	0	0	0	0	0	0	0	0	0	0	0	8.34649	8.219178	4609	9.909752	19.164234	505.30652	5.625028	5.5110836	4583	5.9028816	12.768108	333.73282	8.525005	8.468245	4583	8.909366	18.385412	477.70358
M1_S25_subsampled_depth_12G_contig_3840	0	0	0	0	0	0	0	0	0	0	0	0	0	0	0	0	0	0	0	0	0	0	0	0	0	0	0	0	0	0	0	0	0	0	0	0	0	0	0	0	0	0	0	0	0	0	0	0	0	0	0	0	0	0	8.906161	8.741013	14984	14.931799	29.667013	782.2348	9.544829	9.406306	14952	15.085064	30.161572	788.36316	9.919442	9.814335	14979	13.093288	29.144693	757.2593
M1_S25_subsampled_depth_12G_contig_4558	0	0	0	0	0	0	0	0	0	0	0	0	0	0	0	0	0	0	0	0	0	0	0	0	0	0	0	0	0	0	0	0	0	0	0	0	0	0	0	0	0	0	0	0	0	0	0	0	0	0	0	0	0	0	145.31664	134.38104	22851	4780.024	343.92105	9068.222	158.4606	145.77597	22851	6156.526	364.39066	9524.442	144.06331	130.83182	22851	6304.011	319.58047	8303.58
M1_S25_subsampled_depth_12G_contig_5419	0	0	0	0	0	0	0	0	0	0	0	0	0	0	0	0	0	0	0	0	0	0	0	0	0	0	0	0	0	0	0	0	0	0	0	0	0	0	0	0	0	0	0	0	0	0	0	0	0	0	0	0	0	0	177.14305	167.06422	20877	6102.5986	429.48758	11324.37	187.67805	175.23596	20877	8124.6587	443.66104	11596.414	184.45598	172.55824	20877	7173.595	419.11914	10889.865
M1_S25_subsampled_depth_12G_contig_5905	0	0	0	0	0	0	0	0	0	0	0	0	0	0	0	0	0	0	0	0	0	0	0	0	0	0	0	0	0	0	0	0	0	0	0	0	0	0	0	0	0	0	0	0	0	0	0	0	0	0	0	0	0	0	45.188362	44.835537	19140	122.91374	104.78195	2762.8018	36.528595	36.106365	19140	93.68342	82.099236	2145.9097	45.91385	45.514336	19140	107.29733	98.85961	2568.6445
M1_S25_subsampled_depth_12G_contig_6038	101.04889	97.629234	13179	6136.5273	12.100178	417.2082	97.332565	93.923935	13150	5881.12	11.702235	405.53333	100.54755	97.191696	13163	5837.2236	12.139226	421.6859	93.17592	90.14795	13174	5089.8823	11.262381	409.3373	81.642876	78.35337	13179	4240.7656	9.818664	356.06857	87.41569	84.347916	13179	4509.738	10.5095825	379.52368	4.7480235	4.411529	10837	19.80256	0.47456345	3.8634753	4.0141225	3.695233	10308	15.4165945	0.3854879	2.8049889	6.0787473	5.6204486	11631	29.58898	0.58520585	4.578872	220.4295	220.62378	13179	19567.984	511.07126	13475.495	236.96185	236.92905	13179	23954.377	531.72205	13898.15	282.4055	282.71756	13179	35071.453	608.3749	15807.252
M1_S25_subsampled_depth_12G_contig_6563	22.752012	20.559444	8564	405.36993	2.7521744	94.893585	20.748535	18.256208	8418	426.89413	2.534906	87.84554	20.743269	18.557346	8216	361.5746	2.5328224	87.98379	18.632887	16.400816	8616	330.9472	2.3019617	83.66602	18.28167	16.39	8353	283.4446	2.215174	80.33209	19.227522	17.01137	8857	325.3878	2.3341837	84.2924	0	0	0	0	0	0	0	0	0	0	0	0	0	0	0	0	0	0	233.15062	238.9054	10215	13486.737	540.91785	14262.466	229.67174	235.6132	10215	13136.127	512.0134	13383.003	298.32202	306.30334	10215	21398.035	638.1308	16580.393
M1_S25_subsampled_depth_12G_contig_8511	41154.95	41478.11	14400	49822260	4619.0737	159263.4	41034.37	41350.004	14400	48674490	4613.377	159873.55	40856.293	41197.98	14400	45765056	4623.2026	160598.34	35639.81	35950.973	14400	35239264	4046.7893	147082.75	37532.7	37854.258	14400	39199404	4223.448	153161.1	36700.76	37012.31	14400	36788540	4152.678	149962.17	20929.424	20930.008	14400	27064836	1917.6239	15611.587	18312.18	18307.992	14400	20352172	1645.6288	11974.363	21214.803	21218.984	14400	28476282	1911.3315	14954.991	45.05614	45.042023	14400	127.232506	102.96006	2714.765	49.946175	49.97591	14400	157.83101	109.422035	2860.0725	58.0593	58.26797	14400	162.35062	122.21032	3175.359
M1_S25_subsampled_depth_12G_contig_8534	0	0	0	0	0	0	0	0	0	0	0	0	0	0	0	0	0	0	0	0	0	0	0	0	0	0	0	0	0	0	0	0	0	0	0	0	0	0	0	0	0	0	0	0	0	0	0	0	0	0	0	0	0	0	63.131218	55.87289	21565	5414.378	159.36751	4202.0684	68.982956	60.80436	21565	7179.021	171.33661	4478.397	64.76138	56.25842	21565	7051.948	154.46967	4013.546
M1_S25_subsampled_depth_12G_contig_8607	0	0	0	0	0	0	0	0	0	0	0	0	0	0	0	0	0	0	0	0	0	0	0	0	0	0	0	0	0	0	0	0	0	0	0	0	0	0	0	0	0	0	0	0	0	0	0	0	0	0	0	0	0	0	27.85606	26.744467	12551	107.18194	68.43031	1804.3129	29.860817	28.731117	12551	103.6732	71.27918	1863.0948	26.831142	25.99552	12551	77.71115	61.016575	1585.3782
M1_S25_subsampled_depth_12G_contig_8973	0	0	0	0	0	0	0	0	0	0	0	0	0	0	0	0	0	0	0	0	0	0	0	0	0	0	0	0	0	0	0	0	0	0	0	0	0	0	0	0	0	0	0	0	0	0	0	0	0	0	0	0	0	0	6.605263	6.4499073	2544	7.8102684	14.898084	392.8203	8.367167	8.100649	2544	12.854266	20.53304	536.6923	5.3036757	5.302412	2538	5.2554226	12.600075	327.38458
M1_S25_subsampled_depth_12G_contig_9417	7.3181047	7.053523	24226	15.133336	0.8696986	29.98678	7.2053185	6.983156	24248	15.912155	0.85356617	29.579792	7.267821	7.141838	24246	12.156253	0.86260396	29.964684	6.694197	6.551843	24293	10.370609	0.8009688	29.111649	6.6414695	6.487413	24271	11.363708	0.7891844	28.619345	6.593257	6.4024115	24246	12.625704	0.7861907	28.391048	0	0	0	0	0	0	0	0	0	0	0	0	0	0	0	0	0	0	42.48449	42.297024	24293	92.69249	97.046616	2558.844	53.76888	53.35685	24293	118.7069	120.19632	3141.692	55.018227	54.872982	24293	92.08342	117.57912	3055.0278
M1_S25_subsampled_depth_12G_contig_9690	0	0	0	0	0	0	0	0	0	0	0	0	0	0	0	0	0	0	0	0	0	0	0	0	0	0	0	0	0	0	0	0	0	0	0	0	0	0	0	0	0	0	0	0	0	0	0	0	0	0	0	0	0	0	5.100063	4.893697	12554	10.472942	12.338253	325.32452	3.8541765	3.7810378	12300	4.081939	8.500761	222.19295	5.1091523	4.9826746	12694	7.938482	10.815037	281.0044
M1_S25_subsampled_depth_12G_contig_10355	0	0	0	0	0	0	0	0	0	0	0	0	0	0	0	0	0	0	0	0	0	0	0	0	0	0	0	0	0	0	0	0	0	0	0	0	0	0	0	0	0	0	0	0	0	0	0	0	0	0	0	0	0	0	9.521778	9.277778	12410	17.487494	22.154781	584.15875	11.800898	11.606127	12410	15.687495	26.640444	696.32776	11.931647	11.801069	12410	14.124867	25.778496	669.79626
M1_S25_subsampled_depth_12G_contig_11158	2.2854304	2.1168675	15427	3.9072964	0.25816554	8.901424	1.885194	1.7851856	14951	2.292358	0.2123056	7.357314	2.016869	1.9012773	15391	2.7146995	0.22828674	7.9301033	2.4015794	2.331503	16373	2.7544827	0.280315	10.188205	2.4314494	2.340635	15547	3.4286807	0.27584773	10.003466	2.9919953	2.816999	16578	5.3620477	0.3459776	12.493998	0	0	0	0	0	0	0	0	0	0	0	0	0	0	0	0	0	0	404.53638	403.36438	18764	1908.0651	927.66516	24459.898	393.20657	393.5638	18764	969.06036	865.9164	22633.324	543.4047	543.2103	18764	1468.9845	1147.7256	29821.063
M1_S25_subsampled_depth_12G_contig_12002	0	0	0	0	0	0	0	0	0	0	0	0	0	0	0	0	0	0	0	0	0	0	0	0	0	0	0	0	0	0	0	0	0	0	0	0	0	0	0	0	0	0	0	0	0	0	0	0	0	0	0	0	0	0	386.35458	339.1841	14976	67393.11	922.54926	24325.006	450.75186	398.5883	14976	82137.375	1054.9386	27573.979	431.95898	379.40295	14976	83006.78	969.45154	25189.012
M1_S25_subsampled_depth_12G_contig_14272	0	0	0	0	0	0	0	0	0	0	0	0	0	0	0	0	0	0	0	0	0	0	0	0	0	0	0	0	0	0	0	0	0	0	0	0	0	0	0	0	0	0	0	0	0	0	0	0	0	0	0	0	0	0	28.963728	28.322502	19228	119.5845	68.83891	1815.0864	22.381224	21.675169	19228	89.23596	50.65378	1323.9883	29.35009	28.510191	19228	138.16055	63.72862	1655.8442
M1_S25_subsampled_depth_12G_contig_14765	6.0218368	5.199917	10190	46.575867	0.82472825	28.43622	5.808716	5.178259	9810	34.450146	0.79457545	27.535503	6.59194	5.864119	10488	43.963757	0.89788747	31.19033	6.177601	5.6937733	10214	29.857946	0.82767683	30.082363	5.08388	4.441691	9556	31.539408	0.6971042	25.280123	5.436645	4.882757	9733	30.262133	0.7408884	26.755093	0	0	0	0	0	0	0	0	0	0	0	0	0	0	0	0	0	0	70.45314	66.04373	10820	1782.2299	171.04544	4509.9824	79.46907	74.82393	10820	1881.256	188.18985	4918.906	77.07891	72.21689	10820	1925.9863	174.40804	4531.599
M1_S25_subsampled_depth_12G_contig_14791	0	0	0	0	0	0	0	0	0	0	0	0	0	0	0	0	0	0	0	0	0	0	0	0	0	0	0	0	0	0	0	0	0	0	0	0	0	0	0	0	0	0	0	0	0	0	0	0	0	0	0	0	0	0	229.8213	217.47296	29446	12717.686	538.2588	14192.358	242.38571	228.40625	29446	15114.644	550.79236	14396.607	224.40742	210.56406	29446	15002.2705	491.1799	12762.207
M1_S25_subsampled_depth_12G_contig_15687	0	0	0	0	0	0	0	0	0	0	0	0	0	0	0	0	0	0	0	0	0	0	0	0	0	0	0	0	0	0	0	0	0	0	0	0	0	0	0	0	0	0	0	0	0	0	0	0	0	0	0	0	0	0	5.5923476	5.4748898	24525	9.11594	13.010074	343.03867	4.6673484	4.5379887	24506	7.520576	10.267654	268.376	5.878635	5.715877	24618	10.265951	12.336556	320.5375
M1_S25_subsampled_depth_12G_contig_16775	0	0	0	0	0	0	0	0	0	0	0	0	0	0	0	0	0	0	0	0	0	0	0	0	0	0	0	0	0	0	0	0	0	0	0	0	0	0	0	0	0	0	0	0	0	0	0	0	0	0	0	0	0	0	9.71073	9.595782	13850	14.195389	23.051655	607.8065	6.740584	6.6580696	13850	7.296009	15.086225	394.32373	10.493577	10.4092455	13850	12.899956	22.181679	576.3411
M1_S25_subsampled_depth_12G_contig_17472	0	0	0	0	0	0	0	0	0	0	0	0	0	0	0	0	0	0	0	0	0	0	0	0	0	0	0	0	0	0	0	0	0	0	0	0	0	0	0	0	0	0	0	0	0	0	0	0	0	0	0	0	0	0	6.732055	6.638168	88898	9.11789	15.697273	413.89255	5.2174406	5.1397905	88362	6.0371146	11.600863	303.2234	7.1194763	7.011283	88806	9.888869	15.143975	393.48206
M1_S25_subsampled_depth_12G_contig_17600	0	0	0	0	0	0	0	0	0	0	0	0	0	0	0	0	0	0	0	0	0	0	0	0	0	0	0	0	0	0	0	0	0	0	0	0	0	0	0	0	0	0	0	0	0	0	0	0	0	0	0	0	0	0	196.21967	170.98521	11872	61009.62	533.1927	14058.779	204.46971	178.29222	11872	70706.06	549.3516	14358.954	200.07558	175.01933	11872	66936.914	515.6228	13397.299
M1_S25_subsampled_depth_12G_contig_18316	0	0	0	0	0	0	0	0	0	0	0	0	0	0	0	0	0	0	0	0	0	0	0	0	0	0	0	0	0	0	0	0	0	0	0	0	0	0	0	0	0	0	0	0	0	0	0	0	0	0	0	0	0	0	23.879976	24.169239	11881	61.60213	53.9331	1422.0626	23.980394	24.050383	11881	54.95426	53.037514	1386.2944	24.371239	24.58604	11881	58.848293	51.581993	1340.2416
M1_S25_subsampled_depth_12G_contig_18983	0	0	0	0	0	0	0	0	0	0	0	0	0	0	0	0	0	0	0	0	0	0	0	0	0	0	0	0	0	0	0	0	0	0	0	0	0	0	0	0	0	0	0	0	0	0	0	0	0	0	0	0	0	0	64.98813	28.59127	17333	34043.2	172.05753	4536.6694	63.165104	26.943872	17307	34286.715	169.68143	4435.1333	71.52302	31.692337	17333	40858.914	181.80281	4723.7373
M1_S25_subsampled_depth_12G_contig_25134	0	0	0	0	0	0	0	0	0	0	0	0	0	0	0	0	0	0	0	0	0	0	0	0	0	0	0	0	0	0	0	0	0	0	0	0	0	0	0	0	0	0	0	0	0	0	0	0	0	0	0	0	0	0	42.247078	38.52203	26830	575.11237	104.677895	2760.059	48.190853	44.803307	26830	618.531	116.40898	3042.6985	45.605736	41.829044	26830	657.872	106.75676	2773.8347
M1_S25_subsampled_depth_12G_contig_26246	0	0	0	0	0	0	0	0	0	0	0	0	0	0	0	0	0	0	0	0	0	0	0	0	0	0	0	0	0	0	0	0	0	0	0	0	0	0	0	0	0	0	0	0	0	0	0	0	0	0	0	0	0	0	25.314034	25.16523	34694	43.17792	58.454197	1541.2712	29.97467	29.888195	34694	39.487217	66.62854	1741.5369	23.887217	23.63863	34694	33.528313	51.126797	1328.415
M1_S25_subsampled_depth_12G_contig_29612	0	0	0	0	0	0	0	0	0	0	0	0	0	0	0	0	0	0	0	0	0	0	0	0	0	0	0	0	0	0	0	0	0	0	0	0	0	0	0	0	0	0	0	0	0	0	0	0	0	0	0	0	0	0	24.99991	20.95302	11406	746.65564	68.99191	1819.1207	27.991205	23.819778	11406	798.63245	74.14475	1937.995	23.052416	19.633142	11406	534.7208	59.239464	1539.2039
M1_S25_subsampled_depth_12G_contig_30213	0	0	0	0	0	0	0	0	0	0	0	0	0	0	0	0	0	0	0	0	0	0	0	0	0	0	0	0	0	0	0	0	0	0	0	0	0	0	0	0	0	0	0	0	0	0	0	0	0	0	0	0	0	0	9.7600355	9.663688	12706	12.564233	22.017843	580.54803	10.67617	10.515926	12706	16.219296	24.120378	630.45844	10.101943	9.999381	12706	11.695858	21.80591	566.5774
M1_S25_subsampled_depth_12G_contig_30228	0	0	0	0	0	0	0	0	0	0	0	0	0	0	0	0	0	0	0	0	0	0	0	0	0	0	0	0	0	0	0	0	0	0	0	0	0	0	0	0	0	0	0	0	0	0	0	0	0	0	0	0	0	0	212.946	189.64642	11130	47395.383	574.56824	15149.7295	220.42268	195.99605	11130	48629.695	588.0543	15370.563	239.40137	210.4584	11130	63270.6	613.75726	15947.1
M1_S25_subsampled_depth_12G_contig_31487	527.01105	534.97424	23637	89140.05	59.19809	2041.1215	516.4676	523.2621	23689	86961.49	58.081013	2012.7594	506.3833	512.2713	23591	83988.81	57.3124	1990.8883	510.0493	517.74695	23588	84470.31	57.91672	2105.0142	525.58777	534.2858	23508	89154.07	59.175167	2145.9556	517.479	525.6701	23802	86722.14	58.583233	2115.5667	175.07442	173.80447	22368	13300.597	16.038128	130.56819	153.35667	151.46063	22017	10739.235	13.762784	100.14448	180.97928	178.90375	22340	14480.741	16.272911	127.32543	6.450644	6.19203	23922	14.363618	14.95694	394.37204	7.541343	7.287299	23876	17.007069	16.939056	442.75305	7.3105254	7.083011	23913	14.897109	15.784592	410.127
M1_S25_subsampled_depth_12G_contig_31785	0	0	0	0	0	0	0	0	0	0	0	0	0	0	0	0	0	0	0	0	0	0	0	0	0	0	0	0	0	0	0	0	0	0	0	0	0	0	0	0	0	0	0	0	0	0	0	0	0	0	0	0	0	0	31.851267	26.809692	11405	925.7168	80.2911	2117.0483	34.926876	28.854012	11405	1204.9436	86.442154	2259.4255	32.656776	26.96644	11405	1164.4015	78.08385	2028.8331
M1_S25_subsampled_depth_12G_contig_33532	0	0	0	0	0	0	0	0	0	0	0	0	0	0	0	0	0	0	0	0	0	0	0	0	0	0	0	0	0	0	0	0	0	0	0	0	0	0	0	0	0	0	0	0	0	0	0	0	0	0	0	0	0	0	211.03563	205.34358	12441	5419.33	518.35895	13667.655	226.67122	219.83034	12441	7584.6064	544.0774	14221.095	211.83215	205.3724	12441	7344.789	490.1016	12734.184
M1_S25_subsampled_depth_12G_contig_34742	1.7906771	1.6879448	8074	2.1881921	0.20963888	7.228241	0	0	0	0	0	0	0	0	0	0	0	0	0	0	0	0	0	0	0	0	0	0	0	0	1.4700897	1.3820212	8095	1.5365338	0.17134075	6.1874847	0	0	0	0	0	0	0	0	0	0	0	0	0	0	0	0	0	0	6.7655463	6.64579	10297	8.971147	15.284487	403.00842	6.2026215	6.0441256	10205	8.61437	13.806099	360.86374	5.8327584	5.6469946	10267	10.633864	12.575298	326.7408
M1_S25_subsampled_depth_12G_contig_35347	2.717655	2.6433384	2629	3.9128394	0.310726	10.713684	4.393868	4.3147454	2903	9.806057	0.4750225	16.461592	3.2429245	3.1717815	2655	4.951753	0.3626886	12.598885	3.1007411	2.811003	2886	7.1812873	0.36384642	13.224196	3.1310647	3.0351796	2868	4.6039824	0.34948224	12.673792	3.8827493	3.8091316	2676	6.3030653	0.42300823	15.275737	0	0	0	0	0	0	0	0	0	0	0	0	0	0	0	0	0	0	5.1128707	4.8562875	3075	8.44125	11.125336	293.34338	3.1752021	3.1227546	2876	3.7610025	7.210179	188.45963	7.25	7.0127244	3038	19.30991	15.268064	396.70624
M1_S25_subsampled_depth_12G_contig_35961	0	0	0	0	0	0	0	0	0	0	0	0	0	0	0	0	0	0	0	0	0	0	0	0	0	0	0	0	0	0	0	0	0	0	0	0	0	0	0	0	0	0	0	0	0	0	0	0	0	0	0	0	0	0	5.437653	5.3829393	12797	5.022978	12.072645	318.32132	4.9012413	4.851445	12738	5.061652	10.97979	286.98975	5.13094	5.0108056	12746	5.6988106	11.061029	287.39594
M1_S25_subsampled_depth_12G_contig_36609	0	0	0	0	0	0	0	0	0	0	0	0	0	0	0	0	0	0	0	0	0	0	0	0	0	0	0	0	0	0	0	0	0	0	0	0	0	0	0	0	0	0	0	0	0	0	0	0	0	0	0	0	0	0	53.6692	53.370823	54304	141.53506	124.80636	3290.7886	59.66344	59.13615	54304	180.8018	134.92436	3526.6526	55.832718	55.431103	54304	147.20212	120.94904	3142.588
M1_S25_subsampled_depth_12G_contig_794|provirus_98542_133413	2.8973274	2.75872	31514	4.6853194	0.32754517	11.293598	2.8820632	2.754976	31799	3.9729288	0.33294964	11.5381565	2.635044	2.512224	31055	3.9958897	0.30512717	10.599342	3.3763895	3.247808	32536	5.199849	0.38989705	14.171021	2.6987789	2.51872	29498	5.0697427	0.31052852	11.261151	3.3091123	3.132736	31436	6.2561364	0.3787143	13.676193	0	0	0	0	0	0	0	0	0	0	0	0	0	0	0	0	0	0	39.058235	38.804127	34872	99.03459	90.01534	2373.4485	44.650192	44.265793	34872	147.70128	99.90669	2611.3613	47.093628	46.652542	34872	140.3205	101.140076	2627.8972
M1_S25_subsampled_depth_12G_contig_898|provirus_7450_60515	7.5396476	7.239092	52780	17.243807	0.88724226	30.591661	7.4197783	7.1633353	52766	14.245989	0.8645964	29.962027	7.1758447	6.8860917	53012	14.61141	0.84111905	29.218344	7.218044	6.9695754	52934	13.153742	0.85287386	30.998173	6.4468403	6.2219586	52957	10.608627	0.75336075	27.32023	6.783109	6.5344977	52729	13.596707	0.7950276	28.710157	0	0	0	0	0	0	0	0	0	0	0	0	0	0	0	0	0	0	33.438507	32.559715	53066	112.052086	77.96483	2055.7114	41.54734	40.73546	53066	116.25025	94.33658	2465.7695	36.703568	35.862762	53066	113.621994	80.362755	2088.0452
M1_S25_subsampled_depth_12G_contig_948|provirus_7268_55286	7756.1416	7945.4937	47338	11801611	873.4414	30115.828	7569.2417	7756.194	47334	11163288	853.91113	29591.738	7683.3965	7877.266	47706	11354152	872.36017	30303.576	7768.898	7962.9575	47269	11887262	885.0659	32168.201	7846.544	8050.3438	47781	11760303	885.9125	32127.143	7889.7754	8089.1235	47460	12102786	895.69257	32345.393	1448.9452	1318.406	43318	1384038.3	132.8309	1081.3912	1210.9935	1101.1584	42789	959014.06	108.83671	791.94666	1595.9904	1469.2568	42015	1474380.5	143.87138	1125.7051	76.114105	75.31393	48019	1529.7147	179.04752	4720.974	92.28513	91.17432	48019	2511.158	212.56561	5556.04	86.286514	85.04253	48019	2602.3599	191.65659	4979.7656
M1_S25_subsampled_depth_12G_contig_1360|provirus_50_20224	0	0	0	0	0	0	0	0	0	0	0	0	0	0	0	0	0	0	0	0	0	0	0	0	0	0	0	0	0	0	1.7927091	1.6921711	16227	2.4027436	0.22414269	8.094273	0	0	0	0	0	0	0	0	0	0	0	0	0	0	0	0	0	0	31.58442	31.583864	20175	50.055683	72.35788	1907.8718	36.980324	36.722412	20175	50.84881	82.29556	2151.0413	39.28669	38.98502	20175	60.77532	83.81457	2177.733
M1_S25_subsampled_depth_12G_contig_2816|provirus_32184_61415	0	0	0	0	0	0	0	0	0	0	0	0	0	0	0	0	0	0	0	0	0	0	0	0	0	0	0	0	0	0	0	0	0	0	0	0	0	0	0	0	0	0	0	0	0	0	0	0	0	0	0	0	0	0	30.093117	29.95316	29232	50.35253	68.83797	1815.0614	29.930334	29.79128	29232	42.823185	66.150986	1729.0541	30.362837	30.243486	29232	36.488617	64.49065	1675.644
M1_S25_subsampled_depth_12G_contig_3232|provirus_37863_65791	0	0	0	0	0	0	0	0	0	0	0	0	0	0	0	0	0	0	0	0	0	0	0	0	0	0	0	0	0	0	0	0	0	0	0	0	0	0	0	0	0	0	0	0	0	0	0	0	0	0	0	0	0	0	38.582634	38.18522	27929	221.6886	88.4835	2333.059	28.043018	27.761269	27916	102.82029	62.205757	1625.9341	36.216133	36.00396	27929	221.4415	77.249306	2007.1489
M1_S25_subsampled_depth_12G_contig_4142|provirus_2_13023	0	0	0	0	0	0	0	0	0	0	0	0	0	0	0	0	0	0	0	0	0	0	0	0	0	0	0	0	0	0	0	0	0	0	0	0	0	0	0	0	0	0	0	0	0	0	0	0	0	0	0	0	0	0	25.146753	22.483515	13022	510.88617	62.748726	1654.5056	27.857132	25.04937	13022	554.8307	68.09173	1779.781	27.81821	25.11557	13022	529.0341	64.63454	1679.3828
M1_S25_subsampled_depth_12G_contig_5047|provirus_11758_45076	5.1073294	4.973537	32980	7.7693524	0.5815562	20.051771	4.9773283	4.909289	32963	6.2813234	0.5651115	19.583574	5.358437	5.2759857	33126	6.220802	0.61350006	21.311438	5.132413	5.0642815	32947	6.534323	0.59172755	21.506647	4.901836	4.7153387	33167	7.583887	0.5631329	20.42171	5.481202	5.3445215	32848	7.815381	0.6307929	22.779282	0	0	0	0	0	0	0	0	0	0	0	0	0	0	0	0	0	0	507.45334	507.48224	33319	2650.0435	1159.4225	30570.674	478.83292	477.9472	33319	1121.0371	1058.2152	27659.627	493.03226	492.25937	33319	1003.65076	1046.5785	27192.98
M1_S25_subsampled_depth_12G_contig_5310|provirus_321_19526	0	0	0	0	0	0	0	0	0	0	0	0	0	0	0	0	0	0	0	0	0	0	0	0	0	0	0	0	0	0	0	0	0	0	0	0	0	0	0	0	0	0	0	0	0	0	0	0	0	0	0	0	0	0	43.712845	33.424675	19206	2949.0918	103.61914	2732.143	40.80342	31.021456	19206	2689.535	93.918396	2454.8389	43.513645	34.45056	19206	2305.7693	95.54545	2482.5325
M1_S25_subsampled_depth_12G_contig_5663|provirus_66386_101056	0	0	0	0	0	0	0	0	0	0	0	0	0	0	0	0	0	0	0	0	0	0	0	0	0	0	0	0	0	0	0	0	0	0	0	0	0	0	0	0	0	0	0	0	0	0	0	0	0	0	0	0	0	0	33.068134	33.026005	34671	47.38876	75.649925	1994.6738	38.407433	38.20844	34671	68.50597	85.08594	2223.9763	35.72243	35.437737	34671	61.67969	76.20557	1980.0302
M1_S25_subsampled_depth_12G_contig_6767|provirus_153479_198300	119.10754	119.584816	44822	4643.5967	13.47964	464.77136	122.557106	122.82955	44822	5091.283	13.88894	481.31232	119.08198	119.25967	44822	4670.5933	13.58564	471.93063	120.92951	121.08536	44822	4887.9175	13.840316	503.0337	124.84391	125.02977	44822	5130.211	14.154174	513.2935	118.667755	118.73618	44822	4668.0845	13.539092	488.9259	68.90034	65.732475	38635	2946.3657	6.386373	51.992188	57.393894	54.488136	39854	2106.301	5.225321	38.021866	70.5111	66.70166	41100	3166.943	6.4279013	50.294373	51.142124	50.995747	44822	91.56858	116.94128	3083.4097	49.105682	48.969856	44822	89.7744	108.45698	2834.848	56.313686	56.11215	44822	81.705894	119.27477	3099.086
M1_S25_subsampled_depth_12G_contig_7257|provirus_104_13790	0	0	0	0	0	0	0	0	0	0	0	0	0	0	0	0	0	0	0	0	0	0	0	0	0	0	0	0	0	0	0	0	0	0	0	0	0	0	0	0	0	0	0	0	0	0	0	0	0	0	0	0	0	0	6.517249	6.3788266	13308	13.92954	14.9954	395.3862	6.488587	6.3571606	13336	14.333222	14.275536	373.13403	7.645638	7.4594173	13496	17.698965	16.231497	421.739
M1_S25_subsampled_depth_12G_contig_7444|provirus_120160_156310	0	0	0	0	0	0	0	0	0	0	0	0	0	0	0	0	0	0	1.5980945	1.5193975	28199	1.7230508	0.18448529	6.7052193	0	0	0	0	0	0	0	0	0	0	0	0	0	0	0	0	0	0	0	0	0	0	0	0	0	0	0	0	0	0	19.005112	18.927687	36151	33.03336	43.704082	1152.3525	20.529236	20.40542	36151	30.972084	45.32358	1184.6675	18.07511	17.956976	36151	22.271418	38.51378	1000.694
M1_S25_subsampled_depth_12G_contig_7702|provirus_55368_86127	682.96216	605.63226	23744	1232655.3	78.14483	2694.396	0	0	0	0	0	0	651.73694	578.877	23682	1122034.9	75.161934	2610.9355	0	0	0	0	0	0	553.1275	490.7557	23650	808173.25	63.433628	2300.387	567.36884	503.49878	25041	849969	65.40404	2361.881	0	0	0	0	0	0	0	0	0	0	0	0	0	0	0	0	0	0	546.0172	545.32355	30760	3034.0315	1250.0302	32959.742	536.0876	536.28064	30760	1178.2323	1183.7827	30941.707	530.4071	530.1295	30760	1205.0583	1124.845	29226.56
M1_S25_subsampled_depth_12G_contig_8787|provirus_146_77838	0	0	0	0	0	0	0	0	0	0	0	0	0	0	0	0	0	0	0	0	0	0	0	0	0	0	0	0	0	0	0	0	0	0	0	0	0	0	0	0	0	0	0	0	0	0	0	0	0	0	0	0	0	0	52.261776	49.2369	77693	1327.3673	121.907074	3214.343	60.825195	57.745632	77693	1621.6112	137.53166	3594.8022	58.816063	55.71067	77693	1469.0818	127.69967	3317.989
M1_S25_subsampled_depth_12G_contig_9261|provirus_34742_52481	3.6048892	2.8623674	16167	36.421513	0.55284196	19.061722	3.4906764	2.89597	16933	25.465914	0.5210954	18.058224	3.2755542	2.7187343	16128	18.984898	0.49355254	17.144762	3.5977259	3.0751643	16765	18.84675	0.5164448	18.770456	2.7832859	2.2795603	14955	16.328949	0.42997742	15.592897	3.201535	2.6214628	15590	22.361622	0.48760927	17.608627	0	0	0	0	0	0	0	0	0	0	0	0	0	0	0	0	0	0	42.174984	34.361862	17740	3313.1	124.24033	3275.8652	60.698067	50.054447	17740	6707.4575	173.1312	4525.3027	56.759182	46.76415	17740	5225.882	155.5732	4042.219
M1_S25_subsampled_depth_12G_contig_9444|provirus_73776_131687	3.4354074	3.3361866	55473	4.0872474	0.3883024	13.388477	3.3781378	3.2492979	54756	4.736495	0.38127863	13.212964	3.0959973	3.0058284	54402	3.677372	0.3541536	12.302396	3.1367161	3.0297003	53665	4.4898353	0.35884595	13.042451	2.9235656	2.8334167	52235	3.9607613	0.33046007	11.983959	3.3125064	3.201708	54465	4.4594784	0.3777083	13.6398535	0	0	0	0	0	0	0	0	0	0	0	0	0	0	0	0	0	0	48.766247	48.568115	57912	101.37345	111.06856	2928.5632	60.792614	60.16197	57912	136.92221	135.21288	3534.1946	54.322132	53.68432	57912	144.45692	115.88534	3011.0193
M1_S25_subsampled_depth_12G_contig_9538|provirus_105226_142667	0	0	0	0	0	0	0	0	0	0	0	0	0	0	0	0	0	0	0	0	0	0	0	0	0	0	0	0	0	0	0	0	0	0	0	0	0	0	0	0	0	0	0	0	0	0	0	0	0	0	0	0	0	0	38.969376	38.824158	37442	82.89175	87.74849	2313.678	50.170467	50.047222	37442	74.041245	110.90314	2898.7869	41.39046	41.307056	37442	64.46081	87.95926	2285.4233
M1_S25_subsampled_depth_12G_contig_14298|provirus_9696_22059	0	0	0	0	0	0	0	0	0	0	0	0	0	0	0	0	0	0	0	0	0	0	0	0	0	0	0	0	0	0	0	0	0	0	0	0	0	0	0	0	0	0	0	0	0	0	0	0	0	0	0	0	0	0	58.85877	58.8692	12364	112.51118	133.1375	3510.4573	56.444653	56.155083	12364	86.77819	124.7133	3259.7563	56.65466	56.55967	12364	74.602104	120.67022	3135.3435
M1_S25_subsampled_depth_12G_contig_14586|provirus_107230_158246	6.274933	5.7704067	50517	26.989937	0.7133137	24.594715	5.7589006	5.3023524	50478	20.948318	0.65438557	22.6773	5.7966857	5.3268824	50165	22.359167	0.6666712	23.158466	6.1254644	5.6089644	49764	28.9576	0.70855683	25.752878	5.500462	4.918241	49358	36.348026	0.6327683	22.946997	5.940197	5.475088	50533	24.98848	0.68224907	24.63749	0	0	0	0	0	0	0	0	0	0	0	0	0	0	0	0	0	0	27.412035	21.562351	51001	2152.5793	65.26851	1720.9453	33.174847	26.765078	51005	2466.553	76.50699	1999.7395	31.28089	24.409164	51013	2853.7747	69.70529	1811.1346
M1_S25_subsampled_depth_12G_contig_17776|provirus_237_37281	3.4332023	3.3499563	35151	4.2590427	0.39550906	13.636967	3.1300175	3.006324	33633	4.6713634	0.3612135	12.517612	3.391408	3.27175	34849	4.783669	0.3926849	13.640881	3.234693	3.1336465	34772	4.2350736	0.37445036	13.609604	3.2119257	3.1233475	35126	3.991162	0.37090713	13.450752	3.3360076	3.2149246	34505	4.9695206	0.38609222	13.942621	0	0	0	0	0	0	0	0	0	0	0	0	0	0	0	0	0	0	37.8486	37.200863	37045	98.93452	86.81607	2289.0935	46.485756	45.86997	37045	113.78842	104.2024	2723.6426	46.274155	45.350376	37045	140.83688	99.59377	2587.7192
M1_S25_subsampled_depth_12G_contig_18555|provirus_82121_117752	0	0	0	0	0	0	0	0	0	0	0	0	0	0	0	0	0	0	0	0	0	0	0	0	0	0	0	0	0	0	0	0	0	0	0	0	0	0	0	0	0	0	0	0	0	0	0	0	0	0	0	0	0	0	56.761204	55.072304	35632	323.57306	128.5149	3388.5728	58.889072	57.60265	35632	233.47426	130.1481	3401.811	56.050533	54.926037	35632	194.90042	118.943306	3090.4739
M1_S25_subsampled_depth_12G_contig_18659|provirus_3_11988	0	0	0	0	0	0	0	0	0	0	0	0	0	0	0	0	0	0	0	0	0	0	0	0	0	0	0	0	0	0	0	0	0	0	0	0	0	0	0	0	0	0	0	0	0	0	0	0	0	0	0	0	0	0	353.18097	353.5043	11986	1032.6902	808.6893	21322.842	366.12326	366.64566	11986	733.15826	813.77655	21270.486	360.70346	361.88202	11986	877.3597	770.0763	20008.697
M1_S25_subsampled_depth_12G_contig_20106|provirus_18269_28732	0	0	0	0	0	0	0	0	0	0	0	0	0	0	0	0	0	0	0	0	0	0	0	0	0	0	0	0	0	0	0	0	0	0	0	0	0	0	0	0	0	0	0	0	0	0	0	0	0	0	0	0	0	0	50.651638	50.305794	10464	136.90929	115.106285	3035.0256	80.326836	80.62549	10464	136.23785	178.82652	4674.1685	57.409348	57.562798	10464	98.45608	123.16976	3200.2878
M1_S25_subsampled_depth_12G_contig_20933|provirus_32478_87906	0	0	0	0	0	0	0	0	0	0	0	0	0	0	0	0	0	0	0	0	0	0	0	0	0	0	0	0	0	0	0	0	0	0	0	0	0	0	0	0	0	0	0	0	0	0	0	0	0	0	0	0	0	0	40.536606	40.165054	55429	78.19313	92.90589	2449.6648	43.169575	43.041004	55429	59.191757	95.51001	2496.4404	39.90349	39.652122	55429	58.48833	84.889854	2205.6719
M1_S25_subsampled_depth_12G_contig_22125|provirus_108960_177661	946.94763	883.672	64064	380364.97	107.057076	3691.2754	926.03766	868.3966	62761	346201.4	104.87375	3634.3315	943.5945	878.24225	62728	396226.5	107.53885	3735.6274	1014.4943	906.98755	65664	647753.06	116.01829	4216.7485	969.5987	867.88434	65397	583518.7	109.91086	3985.859	1009.5793	907.08575	64691	614052.6	115.05773	4154.9824	404.23016	407.28198	61239	43867.61	37.37359	304.26242	341.45386	343.17947	61241	31095.707	30.96987	225.35129	392.12735	394.4649	63010	39547.918	35.65777	279.0001	22.527264	22.38011	68702	43.337605	52.567455	1386.0544	17.643454	17.53569	68702	29.41359	38.983646	1018.95465	22.98782	22.951214	68702	34.69169	48.851715	1269.302
M1_S25_subsampled_depth_12G_contig_23791|provirus_65184_125286	0	0	0	0	0	0	0	0	0	0	0	0	0	0	0	0	0	0	0	0	0	0	0	0	0	0	0	0	0	0	0	0	0	0	0	0	0	0	0	0	0	0	0	0	0	0	0	0	0	0	0	0	0	0	30.702984	30.575512	60103	52.019283	70.19391	1850.8145	30.65041	30.548805	60103	38.147884	67.48795	1763.9999	28.860508	28.738802	60103	40.047806	61.18482	1589.75
M1_S25_subsampled_depth_12G_contig_26775|provirus_2_17124	54.662876	52.257446	13431	4045.5645	6.126675	211.2448	53.50421	51.306145	15175	3712.5447	6.0052085	208.10664	53.708244	51.182037	13149	3880.6677	6.0720015	210.92592	81.17251	77.79538	15425	8648.938	9.212366	334.82852	82.58357	79.20632	14340	9086.978	9.279319	336.5096	83.03835	79.3354	15085	9152.1875	9.385334	338.92465	0	0	0	0	0	0	0	0	0	0	0	0	0	0	0	0	0	0	12.757497	12.520979	17123	29.454145	30.050253	792.3399	10.876451	10.702167	17058	22.649532	24.134783	630.8349	15.3659935	15.258624	17123	50.54574	32.695465	849.5181
M1_S25_subsampled_depth_12G_contig_27815|provirus_13074_56907	0	0	0	0	0	0	0	0	0	0	0	0	0	0	0	0	0	0	0	0	0	0	0	0	0	0	0	0	0	0	0	0	0	0	0	0	0	0	0	0	0	0	0	0	0	0	0	0	0	0	0	0	0	0	25.656626	25.552446	43834	38.647163	57.718525	1521.8738	31.822155	31.743616	43834	50.16226	70.42218	1840.6948	27.135084	26.963043	43834	40.627384	57.70535	1499.3434
M1_S25_subsampled_depth_12G_contig_27903|provirus_6712_42597	125.72616	126.85151	35886	494.41812	14.297948	492.98624	132.18852	133.53125	35886	623.10406	15.048487	521.4956	135.91916	137.15231	35886	591.0745	15.589214	541.5298	151.4349	152.54605	35886	810.8765	17.437582	633.7785	150.05705	151.6987	35886	733.90906	17.144953	621.7525	152.45688	153.79446	35886	795.271	17.485643	631.44434	16.993536	15.29561	35787	234.91269	1.5723737	12.800876	14.574631	13.332732	35810	149.15442	1.3196793	9.602603	15.562962	14.16506	35704	179.93922	1.410354	11.035151	15.770484	15.688876	35886	29.486023	39.855946	1050.8877	11.779942	11.714122	35864	16.074142	26.191782	684.6009	17.0476	16.981222	35886	23.220709	36.22461	941.215
M1_S25_subsampled_depth_12G_contig_28115|provirus_2_11838	81.25772	81.3353	11347	4248.8364	9.083774	313.20425	81.47001	81.06959	10654	4450.7803	9.1169615	315.94232	82.73663	82.66831	10910	4489.8335	9.314789	323.5723	116.423805	116.59036	11380	8915.103	13.173819	478.80963	124.85009	125.149635	10974	10228.945	14.007136	507.9615	121.128174	120.85683	11566	9730.572	13.648858	492.88962	43.010525	42.36781	9197	1313.9077	3.9313245	32.005352	35.65466	34.797226	9341	930.0287	3.1858375	23.181646	42.837254	42.105618	9859	1300.7739	3.8474813	30.104174	11.514589	11.216465	11837	30.815954	27.297436	719.75586	10.285018	10.118358	11833	26.914225	22.707125	593.519	14.637803	14.506322	11827	39.224007	30.994528	805.323
M1_S25_subsampled_depth_12G_contig_31289|provirus_12665_51897	0	0	0	0	0	0	0	0	0	0	0	0	0	0	0	0	0	0	0	0	0	0	0	0	0	0	0	0	0	0	0	0	0	0	0	0	0	0	0	0	0	0	0	0	0	0	0	0	0	0	0	0	0	0	22.147123	22.000853	39233	37.978764	50.70083	1336.837	24.860579	24.80253	39233	33.576225	54.908905	1435.2089	21.431978	21.288244	39233	29.378025	45.430176	1180.4006
M1_S25_subsampled_depth_12G_contig_34004|provirus_139862_178317	1.7767974	1.6612716	29124	2.4313698	0.20066449	6.9188175	1.9579178	1.8375392	30531	2.644568	0.22267677	7.7167177	2.2009346	2.1111498	32266	2.7016945	0.25129342	8.729298	1.6459302	1.5247419	30313	2.0474286	0.18817776	6.839424	2.0151935	1.9227289	31637	2.3842099	0.22713	8.236744	1.718608	1.5739645	29420	2.5044742	0.19553955	7.061351	0	0	0	0	0	0	0	0	0	0	0	0	0	0	0	0	0	0	61.127472	60.698574	38456	160.82568	140.409	3702.1865	61.139847	60.626087	38456	157.46121	136.15138	3558.7253	64.68041	64.21203	38456	134.28937	137.94662	3584.233
M1_S25_subsampled_depth_12G_contig_34108|provirus_16310_56569	2.469833	2.3382826	34656	3.5770772	0.27948788	9.636602	2.2809772	2.1720498	34552	2.9159882	0.2587907	8.968229	2.3995013	2.2878115	34852	3.0188334	0.2757829	9.580001	2.5449264	2.4268143	35830	3.361055	0.29160655	10.598604	2.7572925	2.6186426	35493	4.2377086	0.31126142	11.28773	2.8527799	2.7368145	36107	3.966034	0.3259036	11.76908	0	0	0	0	0	0	0	0	0	0	0	0	0	0	0	0	0	0	68.79008	68.448975	40260	145.34932	155.94514	4111.8306	67.91588	67.656624	40260	124.13493	149.93143	3918.9067	66.132835	65.94047	40260	97.77437	140.18452	3642.38
M1_S25_subsampled_depth_12G_contig_35672|provirus_2_35975	349.58878	352.80966	35974	17720.635	39.814137	1372.772	350.82452	353.54727	35974	17944.576	40.03287	1387.3127	361.4869	364.21902	35974	19237.41	41.542103	1443.0675	374.82935	377.98526	35974	19431.695	43.229057	1571.1838	374.82898	379.26202	35974	18369.691	42.841774	1553.6344	379.38547	383.14984	35974	19912.73	43.59598	1574.3448	59.665337	51.454285	35805	4771.09	5.488314	44.680984	52.790924	45.629986	35387	3751.249	4.756501	34.610523	61.248493	53.852272	35389	4284.4756	5.535304	43.31034	26.501228	26.462564	35974	83.53616	66.75813	1760.2223	21.400597	21.444979	35974	61.289673	47.559235	1243.103	27.662767	27.81493	35974	75.16439	58.879795	1529.859
M1_S25_subsampled_depth_12G_contig_36684|provirus_66_15637	0	0	0	0	0	0	0	0	0	0	0	0	0	0	0	0	0	0	0	0	0	0	0	0	0	0	0	0	0	0	0	0	0	0	0	0	0	0	0	0	0	0	0	0	0	0	0	0	0	0	0	0	0	0	38.961353	38.106125	15572	108.909996	94.79842	2499.566	37.78252	36.59402	15572	141.18805	88.04463	2301.3105	35.914604	34.75562	15572	140.89946	80.423225	2089.6172
M1_S25_subsampled_depth_12G_contig_36715|provirus_3613_42685	30.676413	29.832006	38965	188.03638	3.463137	119.40727	29.943401	29.341982	38305	169.4807	3.3906698	117.50146	30.992086	30.055323	38900	205.15143	3.5257003	122.47395	40.19066	39.594845	39073	207.17424	4.5918837	166.89449	40.657967	40.403984	38764	153.87842	4.599852	166.81111	41.790253	41.167736	38887	220.25363	4.7621956	171.9732	9.662205	8.865719	38240	56.90362	0.8983459	7.3135357	9.124939	8.47635	38646	39.309933	0.8344225	6.0716457	10.045346	9.460478	38645	40.72075	0.9203211	7.200939	201.33514	199.7502	39073	985.29614	466.42923	12298.414	201.84993	200.6079	39073	675.7585	447.966	11708.936	291.2052	288.99066	39073	1167.2272	619.78265	16103.657
M2_S26_subsampled_depth_12G_contig_984	0	0	0	0	0	0	0	0	0	0	0	0	0	0	0	0	0	0	0	0	0	0	0	0	0	0	0	0	0	0	0	0	0	0	0	0	0	0	0	0	0	0	0	0	0	0	0	0	0	0	0	0	0	0	8.434889	7.6850176	15651	84.84847	22.45959	592.1956	9.901419	9.18541	15731	88.34779	24.694193	645.4567	9.327515	8.590174	15731	76.908844	22.333672	580.29004
M2_S26_subsampled_depth_12G_contig_1490	0	0	0	0	0	0	0	0	0	0	0	0	0	0	0	0	0	0	0	0	0	0	0	0	0	0	0	0	0	0	0	0	0	0	0	0	0	0	0	0	0	0	0	0	0	0	0	0	0	0	0	0	0	0	16.62056	13.590622	12280	545.1288	43.101162	1136.4551	17.964306	15.449766	12281	431.2466	45.41451	1187.0441	17.604155	14.635498	12246	571.452	42.976135	1116.638
M2_S26_subsampled_depth_12G_contig_2950	0	0	0	0	0	0	0	0	0	0	0	0	0	0	0	0	0	0	0	0	0	0	0	0	0	0	0	0	0	0	0	0	0	0	0	0	0	0	0	0	0	0	0	0	0	0	0	0	0	0	0	0	0	0	8.216564	8.0729	29324	13.52466	18.92956	499.1186	9.048125	8.828789	29490	13.542115	20.134684	526.28015	8.649761	8.573203	29415	10.897747	18.42459	478.72153
M2_S26_subsampled_depth_12G_contig_4547	0	0	0	0	0	0	0	0	0	0	0	0	0	0	0	0	0	0	0	0	0	0	0	0	0	0	0	0	0	0	0	0	0	0	0	0	0	0	0	0	0	0	0	0	0	0	0	0	0	0	0	0	0	0	35.91403	32.87319	38116	3021.354	89.22204	2352.5315	34.783913	32.019928	38116	2480.036	83.85762	2191.8704	34.210056	31.365173	38116	2601.7158	79.96753	2077.7756
M2_S26_subsampled_depth_12G_contig_5137	0	0	0	0	0	0	0	0	0	0	0	0	0	0	0	0	0	0	0	0	0	0	0	0	0	0	0	0	0	0	0	0	0	0	0	0	0	0	0	0	0	0	0	0	0	0	0	0	0	0	0	0	0	0	17.115477	12.121302	13668	1927.5809	52.028126	1371.8335	16.574419	11.532544	13668	1960.6439	50.65064	1323.9063	18.761429	13.455046	13668	2141.8538	54.288563	1410.5662
M2_S26_subsampled_depth_12G_contig_6006	0	0	0	0	0	0	0	0	0	0	0	0	0	0	0	0	0	0	0	0	0	0	0	0	0	0	0	0	0	0	0	0	0	0	0	0	0	0	0	0	0	0	0	0	0	0	0	0	0	0	0	0	0	0	5.430124	5.3326955	14904	8.588142	12.728845	335.6236	3.7155921	3.647206	14692	4.380472	8.177888	213.75363	5.7694654	5.6846056	14933	7.884491	12.202617	317.05762
M2_S26_subsampled_depth_12G_contig_6079	0	0	0	0	0	0	0	0	0	0	0	0	0	0	0	0	0	0	0	0	0	0	0	0	0	0	0	0	0	0	0	0	0	0	0	0	0	0	0	0	0	0	0	0	0	0	0	0	0	0	0	0	0	0	3.9845738	3.4779444	2535	13.549145	9.718915	256.2601	7.0042424	6.359743	2743	22.668577	15.789149	412.69672	6.811415	6.2573876	2723	20.67777	15.388443	399.83405
M2_S26_subsampled_depth_12G_contig_7818	3.2112322	3.1154795	9663	3.5668519	0.364661	12.573341	3.2902803	3.1612904	9236	5.280355	0.37369743	12.950238	3.545977	3.4150987	8923	6.792834	0.40333995	14.011014	4.240472	4.09151	9631	6.535391	0.4882847	17.74697	3.6841097	3.6207438	9467	4.406707	0.41771016	15.148031	3.4415205	3.3201165	9495	5.3683157	0.3930094	14.192417	0	0	0	0	0	0	0	0	0	0	0	0	0	0	0	0	0	0	3.5264165	3.3540547	9632	5.7576456	7.9436784	209.45221	4.37074	4.3048835	9266	7.124715	9.522875	248.90884	4.5066547	4.372872	9713	7.7258306	9.645995	250.6296
M2_S26_subsampled_depth_12G_contig_10183	0	0	0	0	0	0	0	0	0	0	0	0	0	0	0	0	0	0	0	0	0	0	0	0	0	0	0	0	0	0	0	0	0	0	0	0	0	0	0	0	0	0	0	0	0	0	0	0	0	0	0	0	0	0	6.7126303	6.6119795	18255	9.416697	15.59119	411.09543	7.5346246	7.428545	18273	8.445043	16.572912	433.1827	6.489654	6.371283	18156	9.2939415	13.807851	358.76593
M2_S26_subsampled_depth_12G_contig_13240	0	0	0	0	0	0	0	0	0	0	0	0	0	0	0	0	0	0	0	0	0	0	0	0	1.6238276	1.5421947	9234	1.6844077	0.1832622	6.645911	0	0	0	0	0	0	0	0	0	0	0	0	0	0	0	0	0	0	0	0	0	0	0	0	4.44191	4.384211	11210	6.2561107	10.04983	264.98535	4.5513306	4.467943	11810	4.9041376	10.013406	261.7304	3.7691593	3.669295	11558	4.504761	7.8912725	205.037
M2_S26_subsampled_depth_12G_contig_15368	0	0	0	0	0	0	0	0	0	0	0	0	0	0	0	0	0	0	0	0	0	0	0	0	0	0	0	0	0	0	0	0	0	0	0	0	0	0	0	0	0	0	0	0	0	0	0	0	0	0	0	0	0	0	6.579645	6.051081	21492	66.82818	16.833447	443.8503	7.061861	6.521619	22113	68.76392	17.50522	457.55136	6.442212	5.905279	22230	74.73172	15.591864	405.11932
M2_S26_subsampled_depth_12G_contig_15421	238.18059	195.502	12904	106157.22	26.621748	917.9049	222.38808	182.38985	12901	91452.41	24.912714	863.334	234.23906	188.33272	12896	111279.14	26.414259	917.56445	295.66437	230.78117	12892	218301.11	33.47112	1216.5264	283.27512	217.2433	12898	216915.17	31.77731	1152.3871	290.29605	218.54555	12905	242725.92	32.7268	1181.8351	62.72778	60.345177	12781	2965.9502	5.7246737	46.605186	51.70732	49.627567	12749	2064.8105	4.636093	33.734375	63.099937	60.59735	12819	2995.6511	5.6682997	44.35095	3.119768	3.0306513	11749	3.900682	7.0917177	186.98839	2.7191565	2.5916927	11761	3.7106485	5.9165187	154.64597	2.5985265	2.455155	11252	4.3116446	5.4337816	141.1846
M2_S26_subsampled_depth_12G_contig_16727	0	0	0	0	0	0	0	0	0	0	0	0	0	0	0	0	0	0	0	0	0	0	0	0	0	0	0	0	0	0	0	0	0	0	0	0	0	0	0	0	0	0	0	0	0	0	0	0	0	0	0	0	0	0	60.598606	52.444443	22679	4183.9585	160.88661	4242.1235	65.84158	58.103367	22679	4206.8755	169.27638	4424.5464	63.95366	53.80357	22679	5931.205	159.49074	4144.007
M2_S26_subsampled_depth_12G_contig_20165	5.243969	4.879758	10453	20.604294	0.6970086	24.032518	4.8953347	4.5676293	10683	22.205812	0.6650267	23.046083	5.1479397	4.8526435	10697	16.289227	0.6946977	24.132034	4.8659534	4.532798	10454	21.042675	0.6603194	23.999676	4.706186	4.31849	10633	16.958914	0.6288539	22.805061	4.261147	3.9164667	10463	24.168371	0.6231353	22.502754	0	0	0	0	0	0	0	0	0	0	0	0	0	0	0	0	0	0	9.886511	9.236104	10793	70.31147	26.491028	698.49304	9.536375	8.871728	10803	63.925564	24.788706	647.92737	15.176194	14.579518	10803	64.24487	35.87072	932.0202
M2_S26_subsampled_depth_12G_contig_20689	2.5146804	2.4153352	27954	2.884235	0.28375676	9.783802	2.5820906	2.4776225	26952	3.2273898	0.2921041	10.122677	2.4819906	2.3680649	26653	3.3154316	0.28150406	9.778737	2.8741677	2.8115845	28222	2.9802709	0.3273822	11.898889	2.6635153	2.5943556	27753	3.0818207	0.29946956	10.860109	2.8306258	2.7476697	27539	3.3580418	0.32170224	11.617367	1.5483688	1.4240642	22838	2.0262234	0.1428243	1.1627481	0	0	0	0	0	0	0	0	0	0	0	0	3.9290946	3.8115475	28903	5.5305758	8.841042	233.11307	4.582024	4.4951544	29819	5.5121655	10.096737	263.90848	4.494707	4.4235096	29337	5.616669	9.471756	246.10237
M2_S26_subsampled_depth_12G_contig_20841	0	0	0	0	0	0	0	0	0	0	0	0	0	0	0	0	0	0	0	0	0	0	0	0	0	0	0	0	0	0	0	0	0	0	0	0	0	0	0	0	0	0	0	0	0	0	0	0	0	0	0	0	0	0	32.009193	31.514486	14089	112.709045	76.15417	2007.9692	33.559925	33.20187	14184	95.97506	77.10456	2015.3593	35.23201	34.86051	14090	124.27834	77.91102	2024.3425
M2_S26_subsampled_depth_12G_contig_24370	0	0	0	0	0	0	0	0	0	0	0	0	0	0	0	0	0	0	0	0	0	0	0	0	0	0	0	0	0	0	0	0	0	0	0	0	0	0	0	0	0	0	0	0	0	0	0	0	0	0	0	0	0	0	5.037715	4.868728	16272	9.058815	11.6931505	308.31525	4.18052	4.0730267	16235	5.3230414	9.136903	238.82036	5.728366	5.576892	16148	9.438385	12.091464	314.16934
M2_S26_subsampled_depth_12G_contig_25848	131.5643	131.51715	11612	333.87802	14.969938	516.15607	141.57346	141.4523	11612	544.9748	16.169632	560.34814	142.71959	142.25262	11612	537.66095	16.459955	571.7772	156.47688	156.00407	11612	454.84967	18.090479	657.50836	156.77734	156.52122	11612	454.5324	17.95302	651.0569	159.11525	158.38803	11612	572.8757	18.292955	660.59814	0	0	0	0	0	0	0	0	0	0	0	0	2.1880126	2.0504072	8887	3.815534	0.20310523	1.589173	10.994765	10.869426	11596	19.938192	28.490213	751.2061	9.68871	9.511051	11612	18.365877	21.410364	559.6242	12.29986	12.300213	11612	14.359333	26.156145	679.60834
M2_S26_subsampled_depth_12G_contig_29153	0	0	0	0	0	0	0	0	0	0	0	0	0	0	0	0	0	0	0	0	0	0	0	0	0	0	0	0	0	0	0	0	0	0	0	0	0	0	0	0	0	0	0	0	0	0	0	0	0	0	0	0	0	0	31.659615	23.712866	43536	8646.129	87.50609	2307.2869	33.154198	24.621286	43536	10639.143	89.80542	2347.3345	30.439013	22.284828	43536	9403.581	79.82417	2074.0518
M2_S26_subsampled_depth_12G_contig_29186	7.934357	7.6102953	10649	39.50612	0.9330923	32.17256	7.3935127	6.989323	10200	38.512085	0.87544835	30.338085	7.926549	7.564347	9973	41.71416	0.94206655	32.724987	7.945255	7.5880837	10316	44.77929	0.9392492	34.137524	7.9085293	7.4661584	9993	44.171844	0.93613124	33.948284	7.5306334	7.218017	9322	42.339016	0.9026001	32.594826	0	0	0	0	0	0	0	0	0	0	0	0	0	0	0	0	0	0	57.629055	57.415443	11804	90.979836	130.06612	3429.4744	74.86194	74.963104	11804	97.88913	163.3994	4270.9326	66.934875	66.90724	11804	117.14297	140.42992	3648.756
M2_S26_subsampled_depth_12G_contig_30686	45.777187	45.334488	12012	107.985664	5.22285	180.08136	48.748863	48.38076	12012	107.627266	5.5968394	193.9549	50.30349	49.905956	12012	91.41885	5.799869	201.4728	54.44217	54.042618	12012	125.29703	6.3020563	229.05162	57.826	57.60622	12012	164.27654	6.6435604	240.92517	54.453045	54.226864	12012	124.25268	6.281521	226.8393	0	0	0	0	0	0	0	0	0	0	0	0	0	0	0	0	0	0	11.578823	11.356313	12012	25.147943	29.867807	787.5291	8.683274	8.546459	12012	13.613782	18.935917	494.94684	11.128815	11.044398	12012	11.908365	23.673447	615.1014
M2_S26_subsampled_depth_12G_contig_33615	0	0	0	0	0	0	0	0	0	0	0	0	0	0	0	0	0	0	0	0	0	0	0	0	0	0	0	0	0	0	0	0	0	0	0	0	0	0	0	0	0	0	0	0	0	0	0	0	0	0	0	0	0	0	6.4520483	6.3989096	10616	9.259149	14.558898	383.87674	6.4592223	6.313968	10744	9.944197	14.431787	377.2179	6.1249766	6.0441484	10561	9.884691	13.145067	341.5451
M2_S26_subsampled_depth_12G_contig_34747	117.571915	115.602516	10662	1079.1956	13.654239	470.79153	121.630615	120.37941	10662	916.419	14.137475	489.925	127.62234	125.34136	10662	1505.069	14.984067	520.50854	141.14517	138.7305	10662	1277.3826	16.605381	603.5317	144.55356	142.04872	10662	1568.8007	16.825127	610.1543	142.49953	140.83936	10662	1388.7825	16.68407	602.4977	3.4033484	3.0701754	9683	9.686786	0.32559878	2.6507354	2.9421613	2.7029169	9583	5.989043	0.27119425	1.9733359	3.8460808	3.3817375	10062	12.781748	0.35850012	2.8050423	16.005898	15.836821	10662	30.170643	40.96998	1080.262	13.284437	13.040794	10662	21.732613	29.953783	782.9319	18.735636	18.596807	10662	28.910511	40.691025	1057.2651
M2_S26_subsampled_depth_12G_contig_35058	4.4163394	3.8839908	11457	17.310524	0.56652844	19.533623	3.1408403	2.739211	11405	9.220429	0.42838317	14.84534	4.32846	3.718144	11695	18.071888	0.5696823	19.789322	3.9350097	3.313225	11612	16.449577	0.53179365	19.328323	2.7640965	2.2761948	10486	10.583777	0.37645894	13.652086	3.4627016	2.94413	11516	13.504269	0.45928165	16.585657	0	0	0	0	0	0	0	0	0	0	0	0	0	0	0	0	0	0	6.53805	6.1848726	12121	18.524431	16.667778	439.48206	7.9677553	7.6783295	12121	17.520597	19.693005	514.7357	6.8085375	6.547471	12052	16.361504	16.390972	425.8826
M2_S26_subsampled_depth_12G_contig_38649	14069.256	13564.257	72614	94110344	1587.6233	54740.477	13989.688	13489.206	72614	92485320	1581.2997	54798.926	14059.562	13511.418	72614	98310104	1599.6273	55567	15863.101	15337.785	72614	90805570	1811.6667	65846	15502.82	15040.25	72614	84699420	1754.7189	63633.95	15939.524	15409.591	72614	96362310	1813.9031	65503.96	12660.152	11506.217	72614	95749400	1165.2063	9486.07	10645.807	9631.482	72614	68628410	960.8551	6991.632	11487.755	10367.965	72614	81781540	1039.5931	8134.1724	61.402267	60.24909	72614	651.1863	143.69048	3788.7095	57.9525	57.101063	72614	447.22607	127.72847	3338.5664	69.52502	68.7762	72614	560.74677	147.0732	3821.3662
M2_S26_subsampled_depth_12G_contig_819|provirus_3_23496	0	0	0	0	0	0	0	0	0	0	0	0	0	0	0	0	0	0	0	0	0	0	0	0	0	0	0	0	0	0	0	0	0	0	0	0	0	0	0	0	0	0	0	0	0	0	0	0	0	0	0	0	0	0	8.471085	8.340409	23223	19.27081	20.137764	530.97565	6.859707	6.7857685	23151	12.773915	15.141488	395.76816	10.048835	9.902189	23355	23.846989	21.397697	555.97076
M2_S26_subsampled_depth_12G_contig_2986|provirus_125_23712	4.389837	4.2922354	22896	6.2081766	0.49216235	16.969519	4.029525	3.9456768	23014	4.811008	0.45325184	15.707149	4.204326	4.093383	23142	5.0593705	0.47869667	16.628702	4.1333303	4.0308113	22864	5.3581223	0.47730997	17.348083	4.1355066	4.0762706	22724	5.1682224	0.47134978	17.093254	3.9734619	3.915529	22981	4.294385	0.4502303	16.258797	2.191356	1.9848312	19303	4.213627	0.20674406	1.6831273	0	0	0	0	0	0	2.4377933	2.2387657	19443	4.874208	0.22123228	1.7310065	10.965142	10.804133	23575	17.09581	25.32721	667.8065	10.548767	10.479475	23509	12.18346	23.392597	611.4355	10.32025	10.181503	23584	14.071857	22.119715	574.731
M2_S26_subsampled_depth_12G_contig_3436|provirus_44450_72650	13.820648	13.842991	25247	48.459198	1.5749025	54.301895	13.78015	13.842238	24945	48.66164	1.5756038	54.601524	13.262843	13.380045	24945	41.610943	1.5286646	53.101944	12.418345	12.444647	24945	39.739677	1.4305363	51.993626	11.937792	11.940429	25247	39.007862	1.36387	49.46003	12.150084	12.18521	25830	36.62853	1.405507	50.755882	3.6143095	3.365786	23364	10.509313	0.33412772	2.7201717	3.0280917	2.794035	22603	7.81561	0.27740833	2.018553	3.9402874	3.718501	23719	9.891799	0.3590335	2.8092158	31.733023	31.347605	28159	309.64322	76.502625	2017.1571	33.60903	33.3299	28201	391.11102	77.971466	2038.0181	34.29051	33.930645	28193	452.97354	76.51549	1988.0822
M2_S26_subsampled_depth_12G_contig_4295|provirus_22850_63980	904.87024	905.7026	40983	306310.7	101.85501	3511.9104	891.16644	891.7166	40969	295312.1	100.50218	3482.838	885.252	886.4179	41030	290834.78	100.4604	3489.7402	885.82007	886.4299	40979	292270.88	100.87179	3666.2397	905.40924	906.06976	41041	302965.9	102.169624	3705.1272	905.28674	906.54156	40956	305405.8	102.70413	3708.8674	318.65488	310.2711	40263	46313.33	29.249273	238.12149	272.70657	265.91757	40474	33237.383	24.53571	178.5333	325.9736	318.00766	39996	47409.652	29.428352	230.2586	8.257216	8.006535	41004	18.703362	18.936861	499.31137	10.491471	10.305046	41108	23.296497	23.076885	603.18353	10.269759	9.925765	41059	31.735115	21.720907	564.3688
M2_S26_subsampled_depth_12G_contig_8278|provirus_168_20433	5.887204	5.575334	20064	13.986829	0.6793534	23.423788	5.346689	5.0440736	20071	11.388127	0.6199538	21.484097	5.5359416	5.2948194	20166	12.061297	0.64086604	22.262066	5.461175	5.313377	19904	9.26635	0.6412156	23.305338	5.355886	5.201646	19897	9.423872	0.6158248	22.332558	5.500646	5.3984313	19875	8.127418	0.63560015	22.952908	0	0	0	0	0	0	0	0	0	0	0	0	0	0	0	0	0	0	25.578096	24.8284	20266	154.2682	58.783344	1549.9495	31.753828	30.771898	20266	208.67546	71.55069	1870.1915	28.69308	27.704739	20266	167.56396	61.842625	1606.8412
M2_S26_subsampled_depth_12G_contig_8462|provirus_9972_58967	0	0	0	0	0	0	1.6988904	1.5715618	37400	2.290701	0.19423264	6.731007	1.7548418	1.6297257	39221	2.2311232	0.2024809	7.033674	2.279982	2.149379	41610	3.169638	0.26206577	9.524922	2.3522704	2.239434	40785	3.3326135	0.2686211	9.741403	2.4083445	2.2598608	41666	3.7243762	0.27653494	9.98627	0	0	0	0	0	0	0	0	0	0	0	0	0	0	0	0	0	0	907.3749	902.3202	48996	9742.8955	2073.349	54668.324	915.63806	910.3449	48996	4911.002	2022.4465	52862.7	941.38086	933.1191	48996	5314.23	1996.57	51876.37
M2_S26_subsampled_depth_12G_contig_8745|provirus_250_20401	0	0	0	0	0	0	0	0	0	0	0	0	0	0	0	0	0	0	0	0	0	0	0	0	0	0	0	0	0	0	0	0	0	0	0	0	0	0	0	0	0	0	0	0	0	0	0	0	0	0	0	0	0	0	24.902359	23.745584	20152	114.47198	57.091694	1505.346	27.528397	26.47728	20152	99.803734	61.42299	1605.474	26.710178	25.683868	20152	102.494026	57.184315	1485.8059
M2_S26_subsampled_depth_12G_contig_10832|provirus_9895_24513	5.134356	4.949935	14442	9.622809	0.58366656	20.124533	4.885894	4.7385397	14007	8.879776	0.5543197	19.209595	5.151289	4.968364	14234	11.332583	0.58368397	20.275698	5.3316054	5.151578	14212	11.26534	0.6125907	22.26493	5.004009	4.86831	13834	10.460726	0.56835985	20.611263	5.1470733	5.017431	14130	9.840547	0.5811633	20.987059	0	0	0	0	0	0	0	0	0	0	0	0	0	0	0	0	0	0	74.06365	73.26269	14617	737.08405	170.71388	4501.24	80.88278	80.24334	14611	735.23474	178.00224	4652.623	84.13457	83.11426	14618	1100.6448	178.06187	4626.5376
M2_S26_subsampled_depth_12G_contig_14971|provirus_267_29060	0	0	0	0	0	0	0	0	0	0	0	0	0	0	0	0	0	0	0	0	0	0	0	0	0	0	0	0	0	0	0	0	0	0	0	0	0	0	0	0	0	0	0	0	0	0	0	0	0	0	0	0	0	0	39.634373	29.459736	28788	3347.5537	98.97693	2609.7407	38.739944	28.990768	28791	2934.3396	93.737686	2450.1157	41.69519	30.726997	28790	3525.639	97.38082	2530.2207
M2_S26_subsampled_depth_12G_contig_15515|provirus_47481_58630	0	0	0	0	0	0	0	0	0	0	0	0	0	0	0	0	0	0	0	0	0	0	0	0	0	0	0	0	0	0	0	0	0	0	0	0	0	0	0	0	0	0	0	0	0	0	0	0	0	0	0	0	0	0	286.29883	285.96323	11150	1006.322	665.2863	17541.71	282.45544	281.16364	11150	501.04608	626.9394	16386.936	351.14017	348.7713	11150	911.21814	750.2792	19494.313
M2_S26_subsampled_depth_12G_contig_16687|provirus_129695_155233	6.3167515	6.029889	25115	15.49341	0.720781	24.852186	6.4969473	6.29246	24473	17.3751	0.7472617	25.895868	6.7776594	6.509693	25119	18.595316	0.7769102	26.987885	7.230021	6.9824514	25094	21.297882	0.8365994	30.406675	5.848635	5.596035	24446	16.899452	0.6740134	24.442728	6.481311	6.1336923	24573	24.656939	0.7518581	27.151218	0	0	0	0	0	0	0	0	0	0	0	0	0	0	0	0	0	0	256.5231	257.46103	25539	3288.7021	580.08093	15295.089	289.6147	291.20084	25538	6382.142	635.2995	16605.457	294.1149	295.86194	25534	5113.0273	619.484	16095.897
M2_S26_subsampled_depth_12G_contig_20292|provirus_342_25683	4.170173	3.9145718	22522	12.703802	0.47620752	16.419401	4.2610354	3.9894152	23250	11.990371	0.4924182	17.064442	4.022269	3.7801888	22724	10.988944	0.4678766	16.252844	4.4722533	4.262018	23588	11.2772255	0.5182064	18.83449	4.2891393	4.0452943	23757	11.506647	0.49180332	17.834976	4.4697523	4.219194	23146	13.685084	0.5191042	18.745966	0	0	0	0	0	0	0	0	0	0	0	0	0	0	0	0	0	0	15.521237	15.289318	25342	28.130552	36.121807	952.4296	11.808392	11.70733	25342	15.744909	26.104742	682.3258	19.507938	19.325615	25342	37.163372	41.816177	1086.4989
M2_S26_subsampled_depth_12G_contig_21052|provirus_2_39897	0	0	0	0	0	0	0	0	0	0	0	0	0	0	0	0	0	0	0	0	0	0	0	0	0	0	0	0	0	0	0	0	0	0	0	0	0	0	0	0	0	0	0	0	0	0	0	0	0	0	0	0	0	0	40.021713	39.068295	39896	333.48093	92.8251	2447.534	41.441555	40.351364	39896	345.43637	93.27558	2438.037	44.508804	43.54881	39896	346.9694	96.11215	2497.257
M2_S26_subsampled_depth_12G_contig_26091|provirus_3_30345	10.103567	10.012291	29668	31.538918	1.1567523	39.884254	10.620144	10.540018	29985	32.649063	1.2130206	42.03643	9.806809	9.742999	29546	28.415152	1.1321969	39.329655	9.507402	9.405226	29865	28.498096	1.1012554	40.02573	9.815023	9.654425	30066	28.858828	1.1250637	40.799835	10.168649	10.0309105	29839	32.603645	1.1708045	42.280277	2.419137	2.242355	24318	4.5010204	0.22745743	1.8517561	1.9141854	1.7697517	23570	2.8930395	0.17544585	1.2766259	2.2812903	2.1170194	25140	3.8243248	0.20861101	1.6322517	49.911934	49.65391	30343	81.008545	114.94678	3030.82	56.608418	56.31194	30343	94.92157	125.85612	3289.6277	52.96476	52.61012	30343	101.96854	113.203	2941.3252
M2_S26_subsampled_depth_12G_contig_26500|provirus_26951_50076	0	0	0	0	0	0	0	0	0	0	0	0	0	0	0	0	0	0	0	0	0	0	0	0	0	0	0	0	0	0	0	0	0	0	0	0	0	0	0	0	0	0	0	0	0	0	0	0	0	0	0	0	0	0	6.573207	6.5	22917	9.084347	14.7638035	389.2797	9.81881	9.808269	23126	12.970131	21.65835	566.1059	8.157512	8.020261	23119	10.885174	17.250576	448.21735
M2_S26_subsampled_depth_12G_contig_31725|provirus_2_31251	0	0	0	0	0	0	0	0	0	0	0	0	0	0	0	0	0	0	0	0	0	0	0	0	0	0	0	0	0	0	0	0	0	0	0	0	0	0	0	0	0	0	0	0	0	0	0	0	0	0	0	0	0	0	8.349647	8.194355	30999	17.546673	18.932375	499.19287	9.066624	8.987281	31208	12.904788	20.026905	523.463	7.9232154	7.757985	31071	14.830337	16.838497	437.5103
M2_S26_subsampled_depth_12G_contig_37203|provirus_21709_107699	0	0	0	0	0	0	0	0	0	0	0	0	0	0	0	0	0	0	3.3710697	3.0325665	66219	12.057471	0.38879165	14.130846	3.4854207	3.0758896	65679	13.617777	0.39917082	14.475719	0	0	0	0	0	0	0	0	0	0	0	0	0	0	0	0	0	0	0	0	0	0	0	0	39.616337	34.843716	85991	1761.6156	97.11116	2560.5454	39.385445	34.43785	85991	1887.375	93.88709	2454.021	38.048473	33.024734	85991	1787.1454	87.16468	2264.7778
M3_S27_subsampled_depth_12G_contig_2347	0	0	0	0	0	0	0	0	0	0	0	0	0	0	0	0	0	0	0	0	0	0	0	0	0	0	0	0	0	0	0	0	0	0	0	0	0	0	0	0	0	0	0	0	0	0	0	0	0	0	0	0	0	0	352.91138	348.31808	38389	3649.2043	809.085	21333.275	368.2108	362.472	38389	3394.4243	816.01746	21329.059	368.83188	362.93796	38389	2726.8464	785.0515	20397.793
M3_S27_subsampled_depth_12G_contig_5376	3.8245225	3.634526	18622	7.3371134	0.42933095	14.803125	4.2118125	4.0467553	19390	6.21806	0.47259164	16.37735	4.367737	4.1501765	19502	7.820362	0.49449733	17.177593	4.4027114	4.1721263	19039	8.711669	0.5003747	18.186392	4.650053	4.4944286	19483	7.432213	0.5211884	18.900616	5.029935	4.7260766	19414	12.043655	0.56888473	20.54366	0	0	0	0	0	0	0	0	0	0	0	0	0	0	0	0	0	0	2.0861764	1.9544767	16104	3.0700858	4.915967	129.62007	1.541652	1.4610001	0	1.6848264	0	0	3.2577736	3.1805253	18466	3.874936	6.905261	179.41762
M3_S27_subsampled_depth_12G_contig_5585	15.495189	7.8264804	8890	1816.4802	1.8908244	65.19472	0	0	8248	0	1.8922871	65.575966	17.18255	8.610814	8784	2347.8733	2.1077774	73.21886	17.237324	8.087274	9635	2428.7778	2.1223493	77.13793	15.794227	7.445004	8422	2081.182	1.9251354	69.81403	0	0	0	0	0	0	0	0	0	0	0	0	0	0	0	0	0	0	0	0	0	0	0	0	54.79737	46.81137	10958	2866.4126	136.79556	3606.9106	65.88731	57.35557	10958	3571.2039	159.69225	4174.036	69.54765	59.623768	10958	4349.26	161.29271	4190.828
M3_S27_subsampled_depth_12G_contig_6366	0	0	0	0	0	0	0	0	0	0	0	0	0	0	0	0	0	0	0	0	0	0	0	0	0	0	0	0	0	0	0	0	0	0	0	0	0	0	0	0	0	0	0	0	0	0	0	0	0	0	0	0	0	0	80.30594	30.012127	43394	349803.97	253.78462	6691.581	88.05053	32.49928	43394	423748.75	277.24622	7246.66	82.64589	28.210587	43394	405646.75	253.50864	6586.8516
M3_S27_subsampled_depth_12G_contig_6797	20.81477	20.545307	15979	29.895311	2.363596	81.49565	19.152758	19.028076	15979	25.963024	2.1862447	75.76291	20.005875	19.757774	15979	30.115507	2.2872171	79.452095	18.936068	18.826841	15979	26.68066	2.1718862	78.93837	17.357824	17.32891	15979	20.644255	1.9829786	71.91164	19.183334	19.080088	15979	25.528177	2.1911166	79.12597	2.6317518	2.466414	13803	4.3716507	0.24053346	1.9582089	2.5965633	2.4826279	13848	3.5660636	0.24352767	1.7720222	2.4681282	2.3636556	13767	3.6620655	0.22987862	1.7986578	50.955715	50.98133	15979	160.68082	119.178345	3142.3945	53.710403	53.79694	15979	172.43196	120.04425	3137.7153	57.525303	57.499332	15979	184.22984	123.14334	3199.6013
M3_S27_subsampled_depth_12G_contig_8642	0	0	0	0	0	0	0	0	0	0	0	0	0	0	0	0	0	0	0	0	0	0	0	0	0	0	0	0	0	0	0	0	0	0	0	0	0	0	0	0	0	0	0	0	0	0	0	0	0	0	0	0	0	0	21.755932	19.98035	11233	269.08795	52.497955	1384.2223	24.52973	23.393684	11233	211.6137	57.568687	1504.7302	21.295677	19.785765	11233	240.78253	48.73738	1266.3306
M3_S27_subsampled_depth_12G_contig_8662	0	0	0	0	0	0	0	0	0	0	0	0	0	0	0	0	0	0	0	0	0	0	0	0	0	0	0	0	0	0	0	0	0	0	0	0	0	0	0	0	0	0	0	0	0	0	0	0	0	0	0	0	0	0	24.880627	22.380222	53294	3717.1477	64.752	1707.3265	19.961802	17.359398	53294	4392.4546	51.885853	1356.1926	24.62835	22.096195	53294	3995.884	59.277264	1540.1862
M3_S27_subsampled_depth_12G_contig_9088	5.231961	2.4087327	9909	185.4148	0.5873397	20.251194	5.137546	2.1674972	9460	197.87239	0.5869053	20.338833	5.5042806	2.4128997	11244	218.85893	0.6224378	21.621916	5.04468	2.318326	9705	173.74898	0.5718125	20.782827	5.4620466	2.4967842	10713	202.09137	0.61714476	22.380423	5.0351405	2.1240149	10246	188.86397	0.5711995	20.62725	0	0	0	0	0	0	0	0	0	0	0	0	0	0	0	0	0	0	5.483734	5.3779325	12343	7.3679876	12.392367	326.7517	5.15108	5.1017303	12213	5.692846	11.424148	298.60434	4.8159804	4.7503395	12415	4.3510823	10.199879	265.02072
M3_S27_subsampled_depth_12G_contig_10709	0	0	0	0	0	0	0	0	0	0	0	0	0	0	0	0	0	0	0	0	0	0	0	0	0	0	0	0	0	0	0	0	0	0	0	0	0	0	0	0	0	0	0	0	0	0	0	0	0	0	0	0	0	0	4.6158795	4.4373913	11932	8.730325	10.907835	287.6087	4.1837745	4.090226	12075	5.0309496	9.53133	249.12996	5.855223	5.7922506	12279	4.848267	12.432283	323.02502
M3_S27_subsampled_depth_12G_contig_10998	0	0	0	0	0	0	0	0	0	0	0	0	0	0	0	0	0	0	0	0	0	0	0	0	0	0	0	0	0	0	0	0	0	0	0	0	0	0	0	0	0	0	0	0	0	0	0	0	0	0	0	0	0	0	14.544731	8.696372	10880	1710.4598	47.948814	1264.2739	14.859562	9.618974	10852	1398.0735	47.78565	1249.021	13.986401	8.505294	10959	1473.8932	43.84537	1139.2233
M3_S27_subsampled_depth_12G_contig_11178	0	0	0	0	0	0	0	0	0	0	0	0	0	0	0	0	0	0	0	0	0	0	0	0	0	0	0	0	0	0	0	0	0	0	0	0	0	0	0	0	0	0	0	0	0	0	0	0	0	0	0	0	0	0	26.970512	26.045109	17785	97.4493	62.775677	1655.2158	33.124638	32.071255	17785	104.106384	73.85467	1930.4137	25.05699	24.082026	17785	80.63715	53.909546	1400.7181
M3_S27_subsampled_depth_12G_contig_13313	0	0	0	0	0	0	0	0	0	0	0	0	0	0	0	0	0	0	0	0	0	0	0	0	0	0	0	0	0	0	0	0	0	0	0	0	0	0	0	0	0	0	0	0	0	0	0	0	0	0	0	0	0	0	7.8212004	7.071787	10193	53.276375	18.85688	497.20258	8.67278	8.047858	10719	48.852467	20.360199	532.1748	12.881207	11.913271	10782	88.92323	28.257956	734.21954
M3_S27_subsampled_depth_12G_contig_13337	0	0	0	0	0	0	0	0	0	0	0	0	0	0	0	0	0	0	0	0	0	0	0	0	0	0	0	0	0	0	0	0	0	0	0	0	0	0	0	0	0	0	0	0	0	0	0	0	0	0	0	0	0	0	7.172296	6.810479	15741	22.935396	16.392092	432.21277	7.5386705	7.291927	15846	20.511053	16.769218	438.3138	7.322937	7.009048	15851	17.521858	15.74058	408.98337
M3_S27_subsampled_depth_12G_contig_14515	5.598966	3.771422	18295	237.63416	0.7775359	26.809063	5.525322	4.012367	18221	158.09607	0.75204474	26.061615	5.5478477	3.70742	18336	243.77312	0.77932054	27.07161	6.146339	4.377271	18272	228.86194	0.8303903	30.180984	6.016512	4.2783966	17807	215.62646	0.806492	29.247002	5.810983	3.7934592	17674	276.92282	0.7898421	28.522917	3.4080503	3.2128122	16830	7.139685	0.32157776	2.6180003	2.734543	2.5053334	16023	6.0569887	0.25953847	1.8885219	2.7338574	2.5873287	17252	4.0318813	0.2568134	2.009405	5.5956426	5.214688	18669	22.40494	14.054067	370.5659	6.424193	6.157367	18544	25.104725	15.608099	407.9645	6.9634943	6.5012307	18963	28.676699	16.062958	417.3598
M3_S27_subsampled_depth_12G_contig_16713	0	0	0	0	0	0	0	0	0	0	0	0	0	0	0	0	0	0	0	0	0	0	0	0	0	0	0	0	0	0	0	0	0	0	0	0	0	0	0	0	0	0	0	0	0	0	0	0	0	0	0	0	0	0	9.872345	8.486162	24886	220.39697	28.300476	746.203	8.344068	6.859806	25015	213.58942	24.021828	627.8825	11.075246	9.606961	25230	248.75137	29.334387	762.18787
M3_S27_subsampled_depth_12G_contig_16956	95.87375	94.05124	10547	5356.706	11.63148	401.0477	93.93726	91.71947	10340	5318.524	11.406553	395.28665	94.89489	93.13482	10513	4969.648	11.640866	404.37418	85.430725	84.269	10494	4300.564	10.484664	381.07086	76.109726	74.21702	10545	3505.8123	9.254988	335.6271	83.700714	82.06234	10487	4093.0198	10.209636	368.69196	3.7268448	3.4985056	8427	11.145231	0.37316874	3.0380082	4.1299	3.7838385	8240	15.370652	0.4095187	2.97985	5.394312	5.122545	8280	23.416906	0.53791195	4.2088275	61.346176	53.496586	10558	3729.4624	150.03995	3956.127	61.99068	54.60835	10558	3718.0059	146.64111	3832.9053	70.08022	61.47705	10558	4957.922	158.86646	4127.786
M3_S27_subsampled_depth_12G_contig_19165	0	0	0	0	0	0	0	0	0	0	0	0	0	0	0	0	0	0	0	0	0	0	0	0	0	0	0	0	0	0	0	0	0	0	0	0	0	0	0	0	0	0	0	0	0	0	0	0	0	0	0	0	0	0	8.164133	7.4801626	5609	79.20135	30.12075	794.19867	9.513647	8.834791	5609	81.138466	33.066685	864.297	9.184833	8.549542	5609	68.025375	29.309818	761.54956
M3_S27_subsampled_depth_12G_contig_22279	2.238421	2.1399262	9091	2.4685092	0.25535166	8.804401	2.3036935	2.2036474	9318	2.5042627	0.2623169	9.090418	0	0	0	0	0	0	1.7868868	1.6805254	8265	2.2042608	0.21022743	7.6408296	1.9094195	1.7669344	8391	2.8637772	0.21315716	7.730035	1.6308384	1.5409249	8642	1.5722964	0.18805045	6.790906	0	0	0	0	0	0	0	0	0	0	0	0	0	0	0	0	0	0	5.144909	5.0568824	10069	7.3616824	11.877691	313.18097	5.6505766	5.480786	10308	8.405792	12.544252	327.8817	5.3995504	5.257056	10384	7.0484934	11.2473955	292.2382
M3_S27_subsampled_depth_12G_contig_22772	0	0	0	0	0	0	0	0	0	0	0	0	0	0	0	0	0	0	0	0	0	0	0	0	0	0	0	0	0	0	0	0	0	0	0	0	0	0	0	0	0	0	0	0	0	0	0	0	0	0	0	0	0	0	25.110134	14.240943	26290	3181.4827	65.339714	1722.8231	27.021942	16.368103	26309	3226.1035	70.30869	1837.7288	33.342293	18.259418	26309	6173.914	81.70442	2122.9053
M3_S27_subsampled_depth_12G_contig_22912	0	0	0	0	0	0	0	0	0	0	0	0	0	0	0	0	0	0	0	0	0	0	0	0	0	0	0	0	0	0	0	0	0	0	0	0	0	0	0	0	0	0	0	0	0	0	0	0	0	0	0	0	0	0	184.66162	184.80591	15893	759.1971	423.57486	11168.468	192.62619	192.43088	15893	463.628	427.71213	11179.539	178.92256	178.80782	15893	394.78998	381.77316	9919.516
M3_S27_subsampled_depth_12G_contig_25176	0	0	0	0	0	0	0	0	0	0	0	0	0	0	0	0	0	0	0	0	0	0	0	0	0	0	0	0	0	0	0	0	0	0	0	0	0	0	0	0	0	0	0	0	0	0	0	0	0	0	0	0	0	0	4.9060645	4.85213	12365	4.7378373	11.416738	301.02698	4.6201873	4.5491543	12338	4.8252835	10.422059	272.4118	5.821815	5.676314	12435	7.7202024	12.225272	317.64627
M3_S27_subsampled_depth_12G_contig_25855	6.2240615	5.8294716	29966	23.068521	0.7323055	25.249546	5.609816	5.229371	30044	18.30242	0.6595238	22.855377	5.6422453	5.2088585	29710	21.218716	0.67756504	23.536894	5.313589	4.9284406	29588	19.10442	0.63326985	23.01654	5.247179	4.7591696	29444	21.840382	0.6267296	22.728027	5.4692683	5.0097713	28842	23.88176	0.6536599	23.605072	0	0	0	0	0	0	0	0	0	0	0	0	0	0	0	0	0	0	10.007598	8.710997	30943	75.23562	23.780176	627.01575	9.710886	7.8652873	31064	119.95275	22.26463	581.95264	15.532477	14.108848	31079	99.97412	33.92356	881.42737
M3_S27_subsampled_depth_12G_contig_27487	35.08852	33.275562	14969	667.00244	3.9323008	135.58376	31.97014	30.279757	15027	503.58545	3.5814345	124.11231	30.658897	28.900986	14887	514.5556	3.4607806	120.218765	35.29919	32.77821	14958	735.7488	4.004829	145.55768	33.768406	31.543623	15172	600.1822	3.7883437	137.3823	35.40168	32.99095	15143	769.0647	3.9886267	144.03789	0	0	0	0	0	0	0	0	0	0	0	0	0	0	0	0	0	0	2.9125397	2.7764454	13950	4.6001105	6.611674	174.33107	3.967757	3.8824482	14951	4.6024837	8.777777	229.43355	4.6992188	4.4902897	14894	8.801468	9.945188	258.40326
M3_S27_subsampled_depth_12G_contig_28869	0	0	0	0	0	0	0	0	0	0	0	0	0	0	0	0	0	0	0	0	0	0	0	0	0	0	0	0	0	0	0	0	0	0	0	0	0	0	0	0	0	0	0	0	0	0	0	0	0	0	0	0	0	0	17.417221	9.809901	12762	4366.01	59.421383	1566.7727	17.81589	9.73018	12762	5006.178	59.427567	1553.3174	15.5803995	7.7639184	12762	4681.508	51.70167	1343.3512
M3_S27_subsampled_depth_12G_contig_29423	0	0	0	0	0	0	0	0	0	0	0	0	0	0	0	0	0	0	0	0	0	0	0	0	0	0	0	0	0	0	0	0	0	0	0	0	0	0	0	0	0	0	0	0	0	0	0	0	0	0	0	0	0	0	14.607362	12.921723	25090	183.66594	34.79533	917.45416	16.686457	14.6291065	25106	253.77107	38.352886	1002.4677	15.909622	13.972663	25122	243.5893	35.567894	924.15173
M3_S27_subsampled_depth_12G_contig_32042	4.864663	4.5166607	28374	20.338608	0.5496279	18.9509	4.339418	3.979719	28311	15.039684	0.49368528	17.10834	4.431066	4.060668	28092	16.02608	0.50928116	17.691137	4.4716544	4.1793323	28691	14.692494	0.5152367	18.72656	4.036444	3.7554657	27735	12.144136	0.45889625	16.641634	4.6487823	4.3001757	27986	16.443188	0.529621	19.125763	0	0	0	0	0	0	0	0	0	0	0	0	0	0	0	0	0	0	9.026764	6.775782	30840	688.29254	23.3613	615.9713	9.454603	6.6278033	31480	1084.4937	24.462488	639.4005	10.7756405	7.9760633	31623	1069.2216	26.141233	679.2208
M3_S27_subsampled_depth_12G_contig_33709	2.3541458	2.2463717	43157	3.0507	0.26630577	9.182095	2.2810175	2.1653194	42628	3.018433	0.2582034	8.947871	2.3711267	2.2605948	44181	3.102189	0.27051252	9.39692	1.9801053	1.8740231	40887	2.5747533	0.2269503	8.248631	2.0868132	1.9627116	42884	2.724804	0.23640111	8.572967	2.1713355	2.0832627	42209	2.6152449	0.24743691	8.935481	0	0	0	0	0	0	0	0	0	0	0	0	0	0	0	0	0	0	5.8759694	5.7550125	49188	10.003868	13.822761	364.46695	5.8918653	5.762515	49447	9.105183	13.181395	344.5352	9.690226	9.583464	49912	12.498101	20.646486	536.45233
M3_S27_subsampled_depth_12G_contig_35309	0	0	0	0	0	0	0	0	0	0	0	0	0	0	0	0	0	0	0	0	0	0	0	0	0	0	0	0	0	0	0	0	0	0	0	0	0	0	0	0	0	0	0	0	0	0	0	0	0	0	0	0	0	0	14.447597	9.675521	11819	2697.0603	42.96518	1132.8701	13.302254	8.100257	11819	3134.973	40.811993	1066.7439	19.166939	13.364468	11819	3872.5393	52.577602	1366.1106
M3_S27_subsampled_depth_12G_contig_35386	0	0	0	0	0	0	0	0	0	0	0	0	0	0	0	0	0	0	0	0	0	0	0	0	0	0	0	0	0	0	0	0	0	0	0	0	0	0	0	0	0	0	0	0	0	0	0	0	0	0	0	0	0	0	6.882788	6.7433662	11395	13.276232	16.957806	447.1293	5.569754	5.3662	11485	8.849597	12.997719	339.7343	7.9763813	7.8457847	11497	10.675629	17.55664	456.16974
M3_S27_subsampled_depth_12G_contig_36574	0	0	0	0	0	0	0	0	0	0	0	0	0	0	0	0	0	0	0	0	0	0	0	0	0	0	0	0	0	0	0	0	0	0	0	0	0	0	0	0	0	0	0	0	0	0	0	0	0	0	0	0	0	0	4.177869	4.0529904	12365	6.114287	9.593804	252.96124	4.8353534	4.693774	12660	6.487018	10.955115	286.34485	4.4662366	4.3289614	12762	5.7915783	9.701871	252.08128
M3_S27_subsampled_depth_12G_contig_38981	39.362602	38.41099	32484	320.07153	4.4368877	152.98166	38.900143	37.773617	32484	308.06424	4.3916655	152.19035	39.18734	38.05163	32659	292.97012	4.4511952	154.62326	38.51624	36.412655	32497	606.16675	4.391067	159.59575	37.72488	36.004395	32485	506.10864	4.2581077	154.41798	38.090298	36.045937	32494	559.3671	4.3277407	156.28397	16.497004	16.551828	32149	59.158432	1.5181955	12.359796	13.095272	13.065708	31906	41.86239	1.1799643	8.585976	14.793247	14.810998	32319	47.44944	1.3348986	10.444762	17.426958	17.412756	32768	39.50199	40.034115	1055.5856	17.65681	17.716497	33457	34.685383	39.205948	1024.7648	16.005993	16.003662	33528	30.395376	34.096115	885.9107
M3_S27_subsampled_depth_12G_contig_39707	0	0	0	0	0	0	0	0	0	0	0	0	0	0	0	0	0	0	0	0	0	0	0	0	0	0	0	0	0	0	0	0	0	0	0	0	0	0	0	0	0	0	0	0	0	0	0	0	0	0	0	0	0	0	5.8761005	5.7042804	10398	11.742599	14.208612	374.64072	4.4139137	4.3609214	10251	5.7232995	9.904353	258.88007	6.2839565	6.1796193	10715	7.4564676	13.4176	348.62607
M3_S27_subsampled_depth_12G_contig_40310	3.2335927	3.0770874	9801	5.2440386	0.37294206	12.85886	3.5867276	3.37486	9697	7.9048953	0.41042948	14.223162	3.930801	3.8501983	10562	5.089133	0.4502102	15.639169	3.364119	3.3177056	10030	4.236135	0.3911174	14.215378	3.5995424	3.4833722	9773	5.805108	0.40586486	14.718467	3.6825628	3.5160174	10076	6.2249303	0.4299671	15.5270405	0	0	0	0	0	0	0	0	0	0	0	0	0	0	0	0	0	0	9.548467	9.311502	10860	30.379492	22.360222	589.57556	9.451991	9.169836	11075	21.081478	21.941021	573.49445	9.921373	9.830062	11075	19.377832	21.635756	562.1565
M3_S27_subsampled_depth_12G_contig_40340	3.0229692	2.423065	20525	16.660742	0.36114198	12.451996	2.8108625	2.2097824	20510	15.448395	0.33674872	11.669812	2.9197671	2.2922335	20611	16.440922	0.3525071	12.245205	2.8986323	2.2327323	18973	17.487331	0.35022554	12.729136	2.5433664	1.9950821	19724	12.451351	0.30371633	11.0141115	2.800295	1.9932214	19404	21.848137	0.34493107	12.456212	0	0	0	0	0	0	0	0	0	0	0	0	0	0	0	0	0	0	6.851537	5.9587965	24852	43.304127	16.424404	433.0648	7.136739	5.6318283	24800	90.369514	16.591335	433.66428	12.15576	10.888086	25227	84.908585	26.633244	692.00494
M3_S27_subsampled_depth_12G_contig_3047|provirus_6678_17785	0	0	0	0	0	0	0	0	0	0	0	0	0	0	0	0	0	0	0	0	0	0	0	0	0	0	0	0	0	0	0	0	0	0	0	0	0	0	0	0	0	0	0	0	0	0	0	0	0	0	0	0	0	0	581.47736	179.46564	11108	5057603.5	1800.4192	47471.94	581.8907	184.79552	11108	4853498.5	1757.6268	45940.855	581.8643	169.90196	11108	5213552.5	1712.1754	44487.02
M3_S27_subsampled_depth_12G_contig_4135|provirus_25070_64460	1.6650187	1.5376447	30122	2.2557511	0.18770292	6.471905	1.8212584	1.6998895	31351	2.3004665	0.2061543	7.144145	0	0	0	0	0	0	1.7868556	1.6222782	30890	2.7430496	0.20291132	7.374925	1.8730155	1.7673359	31980	2.31443	0.21309397	7.7277355	0	0	0	0	0	0	0	0	0	0	0	0	0	0	0	0	0	0	0	0	0	0	0	0	14.834918	14.341762	39391	80.44028	34.45863	908.57635	13.665911	13.041085	39391	117.93686	31.381355	820.24585	14.184348	13.652518	39391	92.50256	31.18048	810.1544
M3_S27_subsampled_depth_12G_contig_7060|provirus_118289_145967	3.5604272	3.3800702	26234	6.1802425	0.40406784	13.9320545	3.4623125	3.370182	25929	4.584173	0.39118102	13.55612	3.604417	3.4964283	25735	5.7787013	0.41103974	14.278476	3.8559337	3.731485	26548	5.6873956	0.4427815	16.093132	3.3590395	3.216491	25243	5.240673	0.38138404	13.830689	3.481928	3.3621504	26177	5.2243986	0.39730024	14.347366	1.8745686	1.7118698	20799	3.1483538	0.17369844	1.4140975	0	0	0	0	0	0	0	0	0	0	0	0	4.7621417	4.548089	26814	9.5662775	10.965967	289.14136	5.5634785	5.344957	27166	11.342172	12.290746	321.25546	6.283265	6.0630827	27448	12.809035	13.254894	344.39856
M3_S27_subsampled_depth_12G_contig_7109|provirus_27324_49194	0	0	0	0	0	0	1.6585792	1.5573686	17024	1.8957655	0.18759422	6.5009546	0	0	0	0	0	0	0	0	0	0	0	0	0	0	0	0	0	0	0	0	0	0	0	0	0	0	0	0	0	0	0	0	0	0	0	0	0	0	0	0	0	0	7.994061	7.829812	21698	17.540436	18.122246	477.8323	7.591225	7.4073353	21658	14.884968	16.703476	436.5954	8.442153	8.315055	21777	16.031929	17.732557	460.7406
M3_S27_subsampled_depth_12G_contig_12230|provirus_1_32520	0	0	0	0	0	0	0	0	0	0	0	0	0	0	0	0	0	0	0	0	0	0	0	0	0	0	0	0	0	0	0	0	0	0	0	0	0	0	0	0	0	0	0	0	0	0	0	0	0	0	0	0	0	0	7.9352794	7.7292166	32073	20.280682	19.111551	503.91718	6.1375346	5.9780326	32149	11.117852	13.6635	357.1366	9.064967	8.917999	32340	18.99362	19.352674	502.8356
M3_S27_subsampled_depth_12G_contig_13405|provirus_2_31261	4.115365	4.0084643	30649	5.224049	0.46707112	16.104385	3.6932497	3.6015713	30093	4.526589	0.41934627	14.532168	4.122051	4.008607	30673	5.046821	0.47248107	16.412794	3.2970107	3.2371786	29398	3.8941665	0.37941143	13.789913	3.391546	3.33775	29828	3.5482206	0.38616997	14.004254	3.2541947	3.1321785	29643	4.4152436	0.37206173	13.4359455	0	0	0	0	0	0	0	0	0	0	0	0	0	0	0	0	0	0	7.669592	7.5521426	31228	10.753693	17.775534	468.6903	7.3742847	7.178893	31183	11.865051	16.435211	429.58362	12.263903	12.155964	31260	17.25794	26.051725	676.8955
M3_S27_subsampled_depth_12G_contig_19101|provirus_1_12469	0	0	0	0	0	0	0	0	0	0	0	0	0	0	0	0	0	0	0	0	0	0	0	0	0	0	0	0	0	0	0	0	0	0	0	0	0	0	0	0	0	0	0	0	0	0	0	0	0	0	0	0	0	0	10.523663	10.369916	12469	16.520443	24.394047	643.2016	10.607679	10.543151	12469	11.99309	23.38569	611.2554	11.334443	11.181711	12469	16.56861	23.900269	620.9946
M3_S27_subsampled_depth_12G_contig_23046|provirus_3_14769	0	0	0	0	0	0	0	0	0	0	0	0	0	0	0	0	0	0	0	0	0	0	0	0	0	0	0	0	0	0	0	0	0	0	0	0	0	0	0	0	0	0	0	0	0	0	0	0	0	0	0	0	0	0	27.746254	27.474577	14766	48.91831	62.837765	1656.8536	20.8655	20.66573	14755	37.668274	45.851223	1198.4587	25.13847	25.146158	14732	37.545704	53.12819	1380.4165
M3_S27_subsampled_depth_12G_contig_27859|provirus_1_23357	2.3246434	2.2016566	20849	2.9450202	0.26197764	9.032863	2.0286982	1.9247857	20106	2.452249	0.23105386	8.007024	2.3127506	2.1404223	19074	4.1522045	0.2626226	9.122847	2.2778473	2.2268395	21093	2.1766977	0.26272506	9.548887	2.3055112	2.206875	20907	2.5555427	0.26169693	9.490295	1.9649243	1.8755685	19900	2.1312354	0.22587483	8.156823	0	0	0	0	0	0	0	0	0	0	0	0	0	0	0	0	0	0	6.0692034	5.949586	23268	8.615568	14.122737	372.37653	5.5360885	5.4115477	22925	8.481495	12.300307	321.50555	10.323221	10.174031	23357	13.714148	21.903666	569.11725
M3_S27_subsampled_depth_12G_contig_39277|provirus_3_176825	0	0	0	0	0	0	0	0	0	0	0	0	0	0	0	0	0	0	0	0	0	0	0	0	0	0	0	0	0	0	0	0	0	0	0	0	0	0	0	0	0	0	0	0	0	0	0	0	0	0	0	0	0	0	8.791677	8.518776	176196	23.497917	20.549656	541.8361	6.7480655	6.5310583	174895	14.82611	14.907206	389.6444	9.301886	9.077072	176696	23.46776	19.754208	513.26855
