Contig	F3_S19_subsampled_depth_4G_combined_mapped Mean	F3_S19_subsampled_depth_4G_combined_mapped Trimmed Mean	F3_S19_subsampled_depth_4G_combined_mapped Covered Bases	F3_S19_subsampled_depth_4G_combined_mapped Variance	F3_S19_subsampled_depth_4G_combined_mapped RPKM	F3_S19_subsampled_depth_4G_combined_mapped TPM	F4_S20_subsampled_depth_4G_combined_mapped Mean	F4_S20_subsampled_depth_4G_combined_mapped Trimmed Mean	F4_S20_subsampled_depth_4G_combined_mapped Covered Bases	F4_S20_subsampled_depth_4G_combined_mapped Variance	F4_S20_subsampled_depth_4G_combined_mapped RPKM	F4_S20_subsampled_depth_4G_combined_mapped TPM	F5_S21_subsampled_depth_4G_combined_mapped Mean	F5_S21_subsampled_depth_4G_combined_mapped Trimmed Mean	F5_S21_subsampled_depth_4G_combined_mapped Covered Bases	F5_S21_subsampled_depth_4G_combined_mapped Variance	F5_S21_subsampled_depth_4G_combined_mapped RPKM	F5_S21_subsampled_depth_4G_combined_mapped TPM	F6_S22_subsampled_depth_4G_combined_mapped Mean	F6_S22_subsampled_depth_4G_combined_mapped Trimmed Mean	F6_S22_subsampled_depth_4G_combined_mapped Covered Bases	F6_S22_subsampled_depth_4G_combined_mapped Variance	F6_S22_subsampled_depth_4G_combined_mapped RPKM	F6_S22_subsampled_depth_4G_combined_mapped TPM	F7_S23_subsampled_depth_4G_combined_mapped Mean	F7_S23_subsampled_depth_4G_combined_mapped Trimmed Mean	F7_S23_subsampled_depth_4G_combined_mapped Covered Bases	F7_S23_subsampled_depth_4G_combined_mapped Variance	F7_S23_subsampled_depth_4G_combined_mapped RPKM	F7_S23_subsampled_depth_4G_combined_mapped TPM	F8_S24_subsampled_depth_4G_combined_mapped Mean	F8_S24_subsampled_depth_4G_combined_mapped Trimmed Mean	F8_S24_subsampled_depth_4G_combined_mapped Covered Bases	F8_S24_subsampled_depth_4G_combined_mapped Variance	F8_S24_subsampled_depth_4G_combined_mapped RPKM	F8_S24_subsampled_depth_4G_combined_mapped TPM	GP3_S28_subsampled_depth_4G_combined_mapped Mean	GP3_S28_subsampled_depth_4G_combined_mapped Trimmed Mean	GP3_S28_subsampled_depth_4G_combined_mapped Covered Bases	GP3_S28_subsampled_depth_4G_combined_mapped Variance	GP3_S28_subsampled_depth_4G_combined_mapped RPKM	GP3_S28_subsampled_depth_4G_combined_mapped TPM	GP4_S29_subsampled_depth_4G_combined_mapped Mean	GP4_S29_subsampled_depth_4G_combined_mapped Trimmed Mean	GP4_S29_subsampled_depth_4G_combined_mapped Covered Bases	GP4_S29_subsampled_depth_4G_combined_mapped Variance	GP4_S29_subsampled_depth_4G_combined_mapped RPKM	GP4_S29_subsampled_depth_4G_combined_mapped TPM	GP5_S30_subsampled_depth_4G_combined_mapped Mean	GP5_S30_subsampled_depth_4G_combined_mapped Trimmed Mean	GP5_S30_subsampled_depth_4G_combined_mapped Covered Bases	GP5_S30_subsampled_depth_4G_combined_mapped Variance	GP5_S30_subsampled_depth_4G_combined_mapped RPKM	GP5_S30_subsampled_depth_4G_combined_mapped TPM	M1_S25_subsampled_depth_4G_combined_mapped Mean	M1_S25_subsampled_depth_4G_combined_mapped Trimmed Mean	M1_S25_subsampled_depth_4G_combined_mapped Covered Bases	M1_S25_subsampled_depth_4G_combined_mapped Variance	M1_S25_subsampled_depth_4G_combined_mapped RPKM	M1_S25_subsampled_depth_4G_combined_mapped TPM	M2_S26_subsampled_depth_4G_combined_mapped Mean	M2_S26_subsampled_depth_4G_combined_mapped Trimmed Mean	M2_S26_subsampled_depth_4G_combined_mapped Covered Bases	M2_S26_subsampled_depth_4G_combined_mapped Variance	M2_S26_subsampled_depth_4G_combined_mapped RPKM	M2_S26_subsampled_depth_4G_combined_mapped TPM	M3_S27_subsampled_depth_4G_combined_mapped Mean	M3_S27_subsampled_depth_4G_combined_mapped Trimmed Mean	M3_S27_subsampled_depth_4G_combined_mapped Covered Bases	M3_S27_subsampled_depth_4G_combined_mapped Variance	M3_S27_subsampled_depth_4G_combined_mapped RPKM	M3_S27_subsampled_depth_4G_combined_mapped TPM
F3_S19_subsampled_depth_4G_contig_568	17.876032	17.642857	16388	25.879133	6.0302143	251.81073	19.635855	19.470444	16388	23.874977	6.6325316	279.4248	22.443773	22.234333	16388	29.336224	7.6350946	321.7319	23.227922	23.003216	16388	36.448696	7.966926	345.4357	23.422466	23.299603	16388	40.456364	7.9956317	348.18234	24.361559	24.046934	16388	37.283504	8.289515	358.4395	0	0	0	0	0	0	0	0	0	0	0	0	0	0	0	0	0	0	2.4913783	2.3597426	13937	3.8205516	24.859842	695.6783	1.6014287	1.5036945	12677	1.8299223	12.642673	351.43478	2.575194	2.5045156	14905	2.711566	20.286674	560.4938
F3_S19_subsampled_depth_4G_contig_900	3.524085	3.3713186	28373	5.7205486	1.1822323	49.36785	4.1032023	3.9979818	28952	5.515033	1.3730559	57.846085	4.006829	3.845717	29207	5.944684	1.3461483	56.72475	3.940763	3.8346164	29062	4.771241	1.3368363	57.963486	3.6794605	3.5663776	28280	5.213597	1.2332337	53.703102	4.144813	4.011736	29064	6.5006075	1.3966554	60.391537	0	0	0	0	0	0	0	0	0	0	0	0	0	0	0	0	0	0	3.694463	3.5772164	27486	6.180771	30.769444	861.0527	4.0340085	3.904059	28089	6.241687	31.85894	885.599	3.8604345	3.7458515	28712	5.269686	30.035618	829.8438
F3_S19_subsampled_depth_4G_contig_1228	2.979255	2.8834658	15961	4.0268245	0.99422944	41.517223	2.8702424	2.755633	15826	3.7436802	0.95573795	40.26471	2.522924	2.4539995	15317	2.8356116	0.8443925	35.581463	3.33436	3.2348764	16260	4.518718	1.1196924	48.548412	3.193329	3.0628834	15414	4.6918755	1.0642176	46.343025	3.2132604	3.0748918	15181	5.421625	1.0849711	46.91426	0	0	0	0	0	0	0	0	0	0	0	0	0	0	0	0	0	0	0	0	0	0	0	0	0	0	0	0	0	0	0	0	0	0	0	0
F3_S19_subsampled_depth_4G_contig_1245	478.95044	477.23407	34334	4400.6343	159.66	6667.111	472.05286	469.67245	34334	4219.735	157.23477	6624.214	468.81836	466.94016	34334	3797.267	157.56088	6639.3867	468.18753	466.7442	34334	4061.2805	157.89366	6846.065	481.4406	479.90598	34334	3622.8384	161.1578	7017.8687	476.34805	474.72845	34334	4223.3745	160.23953	6928.776	165.23642	163.64299	34334	2239.4438	46.76073	375.025	141.70808	139.95804	34334	1817.8131	39.011574	271.83386	168.45215	166.99223	34334	2423.426	46.379864	344.67767	3.824567	3.7279465	33146	4.725183	32.103603	898.38776	4.9677043	4.9279075	33684	5.2465353	39.17245	1088.8961	5.0036273	4.9428916	33985	5.820832	38.63065	1067.3126
F3_S19_subsampled_depth_4G_contig_1400	11.08207	10.674389	15064	44.601463	3.7343814	155.94095	11.580997	11.323376	15064	35.201946	3.8880801	163.80263	11.416186	11.020337	15023	47.89712	3.8786747	163.4417	11.893858	11.435712	15009	57.18628	4.029584	174.71754	11.973045	11.636845	15064	41.16216	4.0275245	175.38481	12.953265	12.607047	15064	54.452526	4.3843575	189.58014	5.86335	5.687202	14661	14.302119	1.6612694	13.323518	3.5988333	3.4021156	14308	7.109556	0.9972346	6.9487658	5.8251977	5.663513	14787	13.469408	1.6331276	12.13679	0	0	0	0	0	0	0	0	0	0	0	0	0	0	0	0	0	0
F3_S19_subsampled_depth_4G_contig_1732	251.68874	245.59705	62558	9603.719	84.153046	3514.078	248.12578	242.76006	62557	8858.44	82.91012	3492.9583	251.523	245.0745	62549	10330.513	84.766624	3571.9417	267.23834	254.18204	62558	15585.468	90.341995	3917.111	255.93776	243.32742	62544	14264.562	85.90016	3740.656	265.35046	252.79527	62558	14713.582	89.54852	3872.0884	121.65915	121.15218	62476	4325.7075	34.49247	276.6325	101.950806	101.408775	62558	2907.038	28.112902	195.8917	117.758156	116.97748	62549	3829.9211	32.471497	241.31586	5.942427	5.8485436	60806	10.466234	51.548634	1442.5378	4.7054706	4.6247687	60040	7.14268	37.226166	1034.7946	5.9635305	5.875908	61165	9.849135	46.454514	1283.4762
F3_S19_subsampled_depth_4G_contig_2181	105.89718	104.473656	40697	519.35913	35.359463	1476.5466	106.00812	104.505684	40697	502.66068	35.353016	1489.4031	106.73527	105.04735	40697	508.15408	35.91723	1513.4999	154.49838	152.99619	40697	739.2133	52.171783	2262.101	157.49498	156.25336	40697	686.3995	52.77169	2298.0254	156.82541	155.16006	40697	836.51636	52.816265	2283.7805	64.30693	60.10339	40697	1240.191	18.240166	146.28773	55.5777	51.71641	40697	926.2074	15.314694	106.713295	61.608677	57.984245	40697	996.7774	17.00315	126.36096	5.512812	5.3440385	40256	8.79441	47.805923	1337.8019	4.6700125	4.5167017	39956	6.683885	37.440617	1040.7555	6.5127134	6.384978	40555	8.5985365	51.471066	1422.0763
F3_S19_subsampled_depth_4G_contig_2237	1831.7992	1851.7544	13076	149373.13	608.02075	25389.842	1740.34	1756.5327	13050	146302.88	577.34216	24323.11	1888.4786	1913.063	13063	142236.03	632.11694	26636.488	1714.7821	1736.0043	13034	111861.42	575.77405	24964.814	1709.003	1729.0159	13030	118291.88	569.6732	24807.31	1722.145	1742.7142	13043	109374.55	576.9693	24948.215	577.25574	580.4527	13066	65227.676	162.22926	1301.092	476.6584	480.3608	13039	40856.52	130.4222	908.7861	684.436	688.6248	13062	79423.66	187.04797	1390.0701	4.917305	4.821487	12662	6.7396407	41.32696	1156.4949	5.1723523	5.1142244	12863	4.705864	40.650417	1129.9806	4.6607103	4.552471	12702	5.6558776	35.73458	987.29865
F3_S19_subsampled_depth_4G_contig_2588	5.0099573	4.837303	13545	8.997356	1.6785692	70.09396	4.1393995	3.980218	13146	7.94844	1.3952146	58.779617	5.301548	5.069681	13038	15.376065	1.7940743	75.599655	5.3638344	5.2056518	13522	9.823568	1.8181118	78.83094	4.8047094	4.5966897	13321	10.441216	1.6185012	70.4802	5.545098	5.383367	13383	13.364136	1.8796644	81.27694	0	0	0	0	0	0	0	0	0	0	0	0	0	0	0	0	0	0	0	0	0	0	0	0	0	0	0	0	0	0	0	0	0	0	0	0
F3_S19_subsampled_depth_4G_contig_2665	39.445946	33.194138	54966	1492.6542	13.223324	552.1818	39.737267	33.53087	54966	1410.604	13.310917	560.7817	38.999653	32.54005	54966	1622.069	13.1969595	556.1007	34.353947	29.340319	54966	1077.6143	11.649818	505.121	35.380035	30.9473	54966	876.19696	11.904714	518.4093	34.357086	29.66941	54966	957.0705	11.608485	501.95215	27.504105	26.622547	54966	153.87933	7.797	62.532578	21.20246	20.848894	54966	71.84807	5.8482223	40.750607	26.503246	25.891195	54966	108.68773	7.303891	54.279736	0	0	0	0	0	0	0	0	0	0	0	0	0	0	0	0	0	0
F3_S19_subsampled_depth_4G_contig_3169	1047.379	1042.1328	42821	36524.45	349.7522	14605.015	1052.7705	1047.9602	42821	37310.027	351.26785	14798.724	997.4137	991.86346	42821	31355.063	335.7199	14146.752	941.015	936.118	42821	27837.896	317.7787	13778.472	953.4411	948.43463	42821	27347.484	319.57236	13916.273	969.1185	963.0513	42821	28886.004	326.54446	14119.821	40.65881	37.37318	42821	856.95935	11.528882	92.46265	37.652668	34.66395	42821	735.1177	10.365491	72.22711	50.27506	46.56766	42821	1221.65	13.829882	102.77846	0	0	0	0	0	0	1.7327224	1.6027601	32219	2.478104	14.18363	394.26938	2.018092	1.8502538	34463	3.358379	16.369345	452.26318
F3_S19_subsampled_depth_4G_contig_3357	3.6867177	3.5193596	11052	4.7670293	1.2204903	50.96547	4.3243585	4.2487245	10610	6.379112	1.4294009	60.219864	3.7246284	3.6173086	10683	4.6469655	1.2392486	52.220127	3.725439	3.5901952	10446	6.4409094	1.2567804	54.492386	3.632688	3.5366683	10532	4.6571264	1.2018862	52.33799	3.7539847	3.5666833	10692	6.4502783	1.2539155	54.21946	2.466997	2.3712857	9732	3.128076	0.69342685	5.5613403	1.7693832	1.6475238	8854	2.2858782	0.48402154	3.3726764	0	0	0	0	0	0	4.0735703	3.9172587	10429	6.692263	34.19241	956.84143	3.9284105	3.7155578	9909	8.758473	31.557495	877.2197	3.721747	3.5474737	10127	7.7687488	28.81572	796.1396
F3_S19_subsampled_depth_4G_contig_3654	12.841421	11.244077	18532	107.08736	4.5967607	191.95227	12.312969	10.470624	18532	127.54216	4.381268	184.5804	13.199217	11.511484	18532	114.642105	4.7429385	199.8605	10.90469	9.039893	18520	118.83428	3.9701424	172.14024	9.559569	8.491538	18532	50.461033	3.412737	148.61298	10.441193	9.063467	18532	78.46744	3.76112	162.63115	0	0	0	0	0	0	0	0	0	0	0	0	0	0	0	0	0	0	0	0	0	0	0	0	0	0	0	0	0	0	0	0	0	0	0	0
F3_S19_subsampled_depth_4G_contig_3669	24.911003	24.01262	39500	109.36062	8.523367	355.9202	25.745846	24.869015	39500	123.69407	8.760528	369.0761	26.579899	25.747402	39500	125.897026	9.144839	385.35034	27.846506	26.76731	39500	151.59744	9.689387	420.11923	28.258196	27.328043	39479	122.81151	9.691149	422.01624	28.007013	26.903715	39500	137.47884	9.694289	419.18216	0	0	0	0	0	0	0	0	0	0	0	0	0	0	0	0	0	0	2.0659466	1.9076123	30444	3.5806215	19.695837	551.1688	1.800305	1.6515981	30389	2.662756	14.596834	405.7554	2.2728844	2.1188164	33908	3.4056206	18.12819	500.85754
F3_S19_subsampled_depth_4G_contig_3769	51.61045	49.159466	45035	421.98932	17.254354	720.51025	49.710327	47.33443	45035	380.18643	16.611252	699.82294	54.28731	51.688812	45035	497.2318	18.305487	771.36646	67.02034	64.40344	45035	570.8956	22.68795	983.72015	62.308746	59.817955	45035	512.0815	20.947546	912.1938	66.24919	63.79283	45035	510.51672	22.371328	967.33875	14.2813635	13.886056	45033	70.007355	4.0470963	32.45806	12.709591	12.362873	45022	50.670563	3.516235	24.501236	14.452712	14.039235	44898	72.630226	3.9907308	29.657612	0	0	0	0	0	0	0	0	0	0	0	0	0	0	0	0	0	0
F3_S19_subsampled_depth_4G_contig_4169	33.83629	33.19361	43134	123.1518	11.287385	471.34076	31.667202	31.156517	43134	81.844406	10.559857	444.88095	33.649567	33.11852	43134	102.62136	11.33283	477.54895	29.927647	29.446983	43134	85.477585	10.095147	437.7125	29.384377	28.806597	43134	84.87295	9.848271	428.85828	29.974316	29.513752	43134	93.62138	10.098026	436.63977	14.098851	13.426201	43134	62.266872	3.988472	31.987896	11.3944025	10.868014	43123	41.74042	3.1411407	21.887575	13.176088	12.725792	43134	45.379803	3.621142	26.910961	35.758747	35.66081	43134	48.139404	300.36932	8405.543	38.267517	38.143024	43134	50.584045	301.89804	8392.011	34.35099	34.305046	43134	43.85557	265.61447	7338.5693
F3_S19_subsampled_depth_4G_contig_4207	19.129585	18.700985	17189	80.238625	6.861581	286.52704	20.168964	19.606703	17189	93.912575	7.2857237	306.9434	20.511356	20.006195	17189	75.14177	7.35307	309.84772	23.456482	22.676273	17189	97.36621	8.445226	366.1741	25.278713	24.63461	17189	96.311745	9.032537	393.3359	24.535185	23.892483	17189	119.454895	8.830586	381.83554	2.1372733	2.0283628	14608	2.7703905	0.6218394	4.9872026	2.5641177	2.4870574	15589	2.9164047	0.7226901	5.035732	2.4615881	2.3618047	15418	2.7765353	0.70360863	5.228957	3.1321087	2.8934603	15437	8.1853285	32.269814	903.0392	2.8366687	2.7458434	15467	3.6361341	23.83155	662.4574	3.7282116	3.550564	16415	6.991687	31.378931	866.95764
F3_S19_subsampled_depth_4G_contig_4344	15.213515	14.95792	34555	20.941969	5.112545	213.49063	15.371864	15.229711	34555	20.000174	5.1693254	217.78088	15.92379	15.776941	34555	21.900536	5.398487	227.48445	15.734051	15.668465	34555	18.540184	5.343627	231.69281	15.736724	15.587244	34555	19.854	5.3009057	230.8362	15.234762	15.081705	34555	20.658949	5.17425	223.73518	8.72318	8.563378	33750	22.12218	2.4721618	19.826952	7.4184275	7.3031487	33670	16.795443	2.0446978	14.247518	8.008516	7.923688	33583	15.831139	2.209912	16.423239	24.515186	24.41366	34555	35.993576	207.09824	5795.44	23.888796	23.716486	34555	28.3179	189.12762	5257.276	22.42049	22.319199	34555	26.492603	173.92035	4805.1865
F3_S19_subsampled_depth_4G_contig_4513	16.164959	15.228809	6689	115.55793	5.7153096	238.66098	29.828314	27.770512	6673	419.18503	10.45167	440.32318	37.598534	36.108715	6687	409.25626	13.454841	566.9674	3.9545941	3.640394	5858	11.470568	1.4144318	61.32794	6.557713	5.9121795	6431	35.28585	2.3234522	101.17837	6.003822	5.5386443	6295	26.473227	2.154747	93.171486	49644.77	49238.953	6691	480221660	13830.152	110919	48749.457	48313.24	6691	467313760	13208.773	92039.17	36399.566	36107.816	6691	254830180	9859.35	73270.98	0	0	0	0	0	0	0	0	0	0	0	0	0	0	0	0	0	0
F3_S19_subsampled_depth_4G_contig_5425	11.723497	11.441538	28562	34.790176	4.1029677	171.33247	11.55649	11.307524	28562	34.05759	4.0273275	169.66907	13.508623	13.042546	28562	56.74545	4.7696733	200.98706	13.135788	12.759424	28562	45.319637	4.66025	202.06236	13.02344	12.684968	28562	39.778896	4.584114	199.62239	13.824792	13.38984	28562	54.380203	4.855803	209.9654	3.5966141	3.3637962	26371	7.857443	1.0350766	8.301402	3.240145	3.0853276	24886	6.190437	0.90019315	6.2725763	3.4969027	3.3207023	25757	7.1015706	0.9726142	7.2281027	0	0	0	0	0	0	0	0	0	0	0	0	0	0	0	0	0	0
F3_S19_subsampled_depth_4G_contig_5649	2.923123	2.8346376	14115	3.3931859	0.9831733	41.055534	2.4942193	2.3449726	13115	3.5282078	0.83019423	34.975647	2.8879733	2.835671	14266	2.809165	0.9676664	40.77603	3.136412	3.06991	13977	3.7753308	1.0544525	45.719715	2.945382	2.8301344	13289	4.3498645	0.9796084	42.65856	3.1320267	3.066957	14025	4.0910807	1.0487092	45.346275	0	0	0	0	0	0	0	0	0	0	0	0	0	0	0	0	0	0	0	0	0	0	0	0	0	0	0	0	0	0	0	0	0	0	0	0
F3_S19_subsampled_depth_4G_contig_5813	6.4170127	6.3110585	10025	7.322134	2.1331518	89.076546	6.669671	6.663854	9976	6.9769564	2.2466903	94.65181	7.704911	7.5912924	10023	11.688285	2.625755	110.64546	7.1447086	7.139836	10025	6.3164086	2.4108453	104.53118	5.96	5.8498144	9999	7.394695	2.0038848	87.26231	5.7423797	5.672179	9920	7.5027976	1.9597269	84.73884	0	0	0	0	0	0	1.5218228	1.4452695	7895	1.548516	0.419906	2.9259207	1.4167088	1.3515581	7738	1.2675961	0.39115906	2.9069464	0	0	0	0	0	0	0	0	0	0	0	0	0	0	0	0	0	0
F3_S19_subsampled_depth_4G_contig_5954	2.3269944	2.2785962	11761	2.174624	0.768951	32.10997	2.2694144	2.1755745	11248	2.9993908	0.7532356	31.733395	1.7367225	1.6585305	10778	1.8549863	0.58891714	24.816116	2.9536328	2.8357882	11985	4.11711	0.9910252	42.96957	2.9424198	2.8239205	11578	4.3067317	0.98310214	42.81074	2.3349497	2.2488847	11299	2.9369743	0.7796041	33.710155	0	0	0	0	0	0	0	0	0	0	0	0	0	0	0	0	0	0	0	0	0	0	0	0	0	0	0	0	0	0	0	0	0	0	0	0
F3_S19_subsampled_depth_4G_contig_6101	20.263958	20.107225	31030	31.016144	6.8689666	286.83542	19.543297	19.494387	31030	26.780401	6.612024	278.56085	19.557966	19.439623	31030	30.504292	6.691713	281.97916	20.735945	20.706894	31030	27.809612	7.0984883	307.78143	19.043556	18.931744	31030	25.561337	6.4610267	281.3554	20.029987	19.973194	31030	31.851484	6.825453	295.13336	0	0	0	0	0	0	0	0	0	0	0	0	0	0	0	0	0	0	0	0	0	0	0	0	0	0	0	0	0	0	0	0	0	0	0	0
F3_S19_subsampled_depth_4G_contig_6860	13.36538	11.973585	18446	561.8347	6.001194	250.599	13.91151	12.520221	18446	588.3341	6.290471	265.01416	14.910363	13.299672	18446	697.70215	6.706267	282.5924	17.26372	15.410736	18446	981.66534	7.924895	343.61316	17.695452	15.995688	18446	981.00183	7.897109	343.89197	18.297441	16.471157	18446	985.0759	8.1765375	353.5543	0	0	0	0	0	0	0	0	0	0	0	0	0	0	0	0	0	0	0	0	0	0	0	0	0	0	0	0	0	0	0	0	0	0	0	0
F3_S19_subsampled_depth_4G_contig_7379	3.970415	3.7774603	22625	6.3534164	1.3177766	55.027985	3.5916083	3.407126	21004	6.5231004	1.1904361	50.15241	3.9525948	3.8003583	22000	6.62956	1.3239079	55.78756	3.6813211	3.568766	21706	5.721969	1.2400457	53.7668	3.4919176	3.3770635	21864	4.69378	1.1623981	50.618454	3.8834038	3.7231932	21734	7.1052723	1.3031454	56.34814	0	0	0	0	0	0	0	0	0	0	0	0	0	0	0	0	0	0	0	0	0	0	0	0	0	0	0	0	0	0	0	0	0	0	0	0
F3_S19_subsampled_depth_4G_contig_7646	8.436757	7.7624393	11337	34.180584	2.9159791	121.765976	7.8646646	7.151654	11277	39.297974	2.7449982	115.64523	7.499955	6.826696	11334	32.350147	2.6171522	110.28297	6.9014926	6.3456154	11337	23.454983	2.4684517	107.02884	7.455618	6.763333	11299	38.99756	2.6223533	114.19442	6.965049	6.216804	11311	39.69903	2.4717805	106.88003	0	0	0	0	0	0	0	0	0	0	0	0	0	0	8510	0	0.5133755	3.81521	4.420041	3.2910914	8818	55.709034	43.37429	1213.7867	4.638956	3.3231702	9196	61.645515	40.205868	1117.6223	5.051667	3.586652	9368	78.711075	43.06475	1189.8208
F3_S19_subsampled_depth_4G_contig_8039	2967.9392	2961.2842	43261	80187.73	990.47974	41360.633	2872.6882	2865.8384	43261	80865.45	958.0028	40360.12	2918.2712	2910.0952	43261	75734.67	981.85315	41373.86	2697.9668	2692.9272	43261	60696.62	911.0088	39500.16	2534.5952	2530.5928	43261	51204.086	849.2884	36983.586	2629.8896	2623.3416	43261	60072.863	885.82166	38303.027	1441.7644	1372.9813	43261	452482.34	408.2967	3274.5752	1228.2292	1168.9679	43261	339860.13	338.27496	2357.1106	1411.7708	1346.0168	43261	392906.53	388.7063	2888.7183	5.3641763	5.2537565	42616	7.8095193	44.67054	1250.0613	6.0073533	5.922296	43194	5.82725	47.482082	1319.8835	6.3298926	6.2290406	43250	7.405248	49.199715	1359.3223
F3_S19_subsampled_depth_4G_contig_8362	6.02663	5.8617735	40046	11.548401	2.0049639	83.72365	5.664583	5.510554	40090	9.516298	1.8881938	79.548615	5.5770607	5.412538	39927	10.627912	1.8711791	78.84876	5.5551987	5.4157767	39401	10.671316	1.8746682	81.283134	5.0352015	4.845305	39137	10.436779	1.6907316	73.62554	4.9945655	4.8271894	39756	8.368402	1.6854792	72.88029	3.0086954	2.8470068	35498	5.8431554	0.8518458	6.8318753	2.7334058	2.5191448	34962	5.5885115	0.7587511	5.2870026	3.142116	2.9074192	36254	7.3300247	0.86962175	6.4627028	0	0	0	0	0	0	0	0	0	0	0	0	0	0	0	0	0	0
F3_S19_subsampled_depth_4G_contig_8435	464.54843	399.5884	125472	190685.13	155.28893	6484.5835	476.3622	412.7498	125472	187125.73	159.09267	6702.4863	453.85577	387.5463	125472	195581.28	152.95836	6445.442	637.31525	574.5805	125472	183920.08	215.52951	9345.079	657.2249	599.92004	125472	169025.63	220.64473	9608.32	639.5788	577.62683	125472	185153.19	215.79883	9331.164	358.98883	314.853	125472	106471.44	101.78699	816.33997	300.5153	265.04578	125472	70348.47	82.910706	577.7246	318.0636	276.63397	125472	91643.93	87.72932	651.9711	0	0	0	0	0	0	0	0	0	0	0	0	0	0	0	0	0	0
F3_S19_subsampled_depth_4G_contig_8461	133.13162	132.629	37683	388.30695	44.39132	1853.7008	128.11609	127.6445	37683	337.18555	42.70342	1799.0714	130.55652	129.80019	37683	394.44186	43.90053	1849.9048	113.96182	113.581215	37683	352.47278	38.45651	1667.4249	108.17782	107.63311	37683	311.4522	36.24703	1578.4341	112.39272	112.182945	37683	304.4472	37.825935	1635.5974	54.434418	52.3819	37683	498.00513	15.392535	123.44947	42.2136	41.02605	37683	301.85187	11.623287	80.99149	50.99891	49.327286	37683	430.75574	14.039611	104.33707	0	0	0	0	0	0	0	0	0	0	0	0	0	0	0	0	0	0
F3_S19_subsampled_depth_4G_contig_8475	13.119639	13.006167	38883	22.697704	4.3739533	182.64827	12.349546	12.253922	38875	16.442387	4.131052	174.03905	12.562983	12.443332	38856	21.833769	4.234089	178.41841	12.771073	12.626287	38883	20.080593	4.3156977	187.12306	13.29094	13.164511	38883	19.504763	4.4694214	194.62805	13.046033	12.8547945	38883	20.650547	4.39464	190.0247	6.742855	6.0271363	37526	37.054344	1.9079121	15.301618	4.9086823	4.43028	36680	18.38619	1.3543383	9.437074	6.042341	5.407504	37381	29.749939	1.6645639	12.370408	0	0	0	0	0	0	1.5599359	1.4612031	29725	1.7589618	12.392571	344.48264	1.8395941	1.7179656	30954	2.4593723	14.619074	403.9053
F3_S19_subsampled_depth_4G_contig_8489	141.3427	141.3392	42987	1193.0227	47.193157	1970.7002	138.49715	138.18138	42987	1174.7876	46.207077	1946.6787	135.23477	134.58711	42987	1203.1898	45.49932	1917.2753	134.44641	133.99715	42987	1001.57697	45.42963	1969.7703	132.09253	132.3293	42987	908.6025	44.28325	1928.3832	137.21332	136.56136	42987	1004.5681	46.242493	1999.5308	0	0	0	0	0	0	0	0	0	0	0	0	0	0	0	0	0	0	23.298388	21.173336	42987	195.93968	196.45482	5497.595	33.504612	30.856024	42987	303.99725	266.4653	7407.0713	26.746714	24.549242	42987	202.94308	208.54541	5761.8315
F3_S19_subsampled_depth_4G_contig_8511	36.658108	29.945345	56826	1683.5653	12.270738	512.4036	36.451656	30.058636	56826	1531.0458	12.194001	513.7267	37.4362	30.661674	56826	1751.2589	12.632016	532.2949	38.93655	31.99604	56826	1731.0681	13.18106	571.5137	40.0869	34.235992	56826	1412.0483	13.481603	587.0774	38.726955	32.67469	56826	1473.8785	13.080438	565.59973	20.105194	19.485708	56826	94.354546	5.7003837	45.717533	17.43468	17.030876	56826	67.535194	4.8245125	33.617374	19.098366	18.516468	56826	85.020485	5.2699256	39.164104	61.12783	57.247814	56826	624.83844	523.025	14636.345	61.25789	57.74556	56826	505.70883	484.52338	13468.538	79.49751	73.98053	56826	973.45	618.655	17092.604
F3_S19_subsampled_depth_4G_contig_865|provirus_24731_35879	20.025274	19.363195	11149	91.08211	6.778775	283.06927	20.830803	20.163216	11149	77.77796	7.0616374	297.50287	22.25957	21.558025	11149	92.2853	7.5926194	319.942	24.676516	23.816988	11149	125.32706	8.442983	366.07684	23.58478	22.92112	11149	95.64673	8.004246	348.55743	23.929266	23.139986	11149	114.24738	8.196068	354.39893	0	0	0	0	0	0	0	0	0	0	0	0	0	0	0	0	0	0	0	0	0	0	0	0	0	0	0	0	0	0	0	0	0	0	0	0
F3_S19_subsampled_depth_4G_contig_1055|provirus_44778_62158	23.449364	23.073378	17381	53.236073	8.039302	335.70648	23.837967	23.475208	17381	51.755512	8.19448	345.22885	25.674309	25.138178	17381	57.58887	8.873866	373.93182	28.139748	27.813076	17381	62.931137	9.792227	424.57822	29.257849	28.840866	17381	69.984764	10.117599	440.58655	27.744473	27.216648	17381	65.49934	9.600501	415.1267	0	0	0	0	0	0	0	0	0	0	0	0	0	0	0	0	0	0	4.291916	4.1875687	16789	6.368523	40.25045	1126.3698	3.3841913	3.272487	16340	4.832075	27.723398	770.6415	4.031107	3.9139209	16741	5.928921	32.503662	898.0323
F3_S19_subsampled_depth_4G_contig_1179|provirus_28263_54675	22.452385	22.412277	26392	26.11629	7.509588	313.58682	18.848951	18.721876	26410	21.771305	6.290763	265.02628	20.851236	20.700089	26413	27.204859	7.0203648	295.82797	18.400717	18.33439	26413	19.107265	6.2337713	270.28827	16.719833	16.596777	26413	20.783203	5.6106396	244.32416	17.434376	17.301985	26413	19.679184	5.887057	254.557	4.139017	3.9953885	25944	5.5312405	1.180315	9.466224	4.160644	4.045818	25472	6.33003	1.153121	8.034991	5.08868	4.999577	25888	6.558164	1.4049345	10.440948	0	0	0	0	0	0	0	0	0	0	0	0	0	0	0	0	0	0
F3_S19_subsampled_depth_4G_contig_1546|provirus_36829_60606	18.759989	18.706715	23778	25.888073	6.312409	263.59482	18.968554	18.80758	23778	27.000444	6.3578124	267.85104	20.347046	20.22985	23778	32.42936	6.9003353	290.77008	22.352886	22.223925	23778	29.309835	7.577234	328.53903	23.163239	22.958902	23778	30.872435	7.820209	340.54315	22.521204	22.338522	23778	28.80918	7.6325507	330.03223	0	0	0	0	0	0	0	0	0	0	0	0	0	0	0	0	0	0	2.1692061	2.0294838	20234	3.0381985	20.180702	564.73706	1.7533011	1.6511333	18553	2.2153041	13.941501	387.53873	2.9637718	2.8863914	22676	3.0902357	23.172548	640.22644
F3_S19_subsampled_depth_4G_contig_1651|provirus_261_15427	14.161017	14.114153	15167	18.701302	4.787225	199.90587	15.325364	15.072131	15167	22.520927	5.1942024	218.82892	16.04122	15.902789	15167	27.375566	5.4675064	230.39282	15.627955	15.414959	15167	24.861639	5.354184	232.15044	18.140574	18.0745	15167	27.10071	6.150017	267.81223	16.927082	16.650957	15167	29.612896	5.797185	250.67094	0	0	0	0	0	0	0	0	0	0	0	0	0	0	0	0	0	0	3.3615901	3.2992527	14310	4.4820576	31.951458	894.1303	3.0914962	3.03085	13786	3.7303064	24.66688	685.6777	3.6072452	3.5652142	14475	3.743176	28.12789	777.13586
F3_S19_subsampled_depth_4G_contig_2526|provirus_17236_70027	15.3289385	15.233441	52792	17.453924	5.1373343	214.52579	14.492022	14.371058	52792	17.12819	4.8682437	205.09647	14.77801	14.655135	52792	17.807981	4.994856	210.47601	14.745906	14.696336	52792	14.961893	4.9983253	216.72092	14.629992	14.564355	52792	15.961532	4.926813	214.54584	14.599863	14.546182	52792	15.782175	4.936927	213.47333	13.735914	13.15161	52789	50.797115	3.9200447	31.439096	10.183788	9.871163	52790	27.021353	2.8315	19.730001	12.310532	11.932543	52792	33.648685	3.4082615	25.328918	0	0	0	0	0	0	0	0	0	0	0	0	0	0	0	0	0	0
F3_S19_subsampled_depth_4G_contig_3221|provirus_7404_22652	17.528711	15.7915535	15249	541.1107	6.810602	284.3984	17.665077	15.811934	15249	585.192	6.8147306	287.1009	19.798595	17.637629	15249	829.0299	7.809585	329.08463	22.495728	20.37694	15249	846.4746	8.768879	380.20728	20.917147	18.753735	15249	848.6627	8.215509	357.75717	21.291874	19.263042	15249	765.7747	8.329423	360.16513	0	0	0	0	0	0	0	0	0	0	0	0	0	0	0	0	0	0	0	0	0	0	0	0	0	0	0	0	0	0	0	0	0	0	0	0
F3_S19_subsampled_depth_4G_contig_5336|provirus_68891_79730	55.88288	55.295467	10840	134.44115	19.254253	804.02264	54.589993	53.9259	10840	151.94368	18.686052	787.2332	50.544994	49.9789	10840	109.35064	17.55516	739.7488	47.155754	46.631676	10840	94.86495	16.452005	713.3375	43.611134	43.072647	10840	82.455444	15.026012	654.3313	47.567635	47.10133	10840	91.436195	16.4707	712.1949	0	0	0	0	0	0	0	0	0	0	0	0	0	0	0	0	0	0	0	0	0	0	0	0	0	0	0	0	0	0	1.7841908	1.6441488	8767	2.5230732	15.01307	414.79092
F3_S19_subsampled_depth_4G_contig_6436|provirus_54099_83492	160.2616	160.2117	29394	1003.6957	53.727238	2243.5515	149.44365	149.62671	29394	885.7718	50.059204	2108.9668	149.76064	149.75217	29394	965.95013	50.62589	2133.3015	151.05444	151.29616	29394	657.7161	51.264076	2222.7446	139.9113	139.73746	29394	735.9869	47.085026	2050.3906	146.75027	147.13757	29394	850.1087	49.65157	2146.9392	0	0	0	0	0	0	0	0	0	0	0	0	2.1391056	1.9521277	24338	3.6821163	0.5898	4.3831716	0	0	0	0	0	0	0	0	0	0	0	0	0	0	0	0	0	0
F3_S19_subsampled_depth_4G_contig_6820|provirus_71541_86886	20.786325	20.569235	15346	24.703077	7.0954394	296.29272	22.700909	22.473534	15346	35.620235	7.721719	325.31183	23.047579	22.875713	15346	26.881655	7.8494577	330.76483	24.62523	24.467392	15346	37.782856	8.474728	367.45322	25.998947	25.809622	15346	35.006252	8.877317	386.57678	25.671492	25.589195	15346	36.37407	8.789523	380.0601	0	0	0	0	0	0	0	0	0	0	0	0	0	0	0	0	0	0	0	0	0	0	0	0	0	0	0	0	0	0	1.9254409	1.8370376	12722	2.060186	14.922508	412.28897
F3_S19_subsampled_depth_4G_contig_7084|provirus_31745_81660	41.271652	39.908485	49916	234.19905	13.840379	577.94885	41.954063	40.82217	49916	233.80351	14.043199	591.63226	42.41928	41.10471	49916	261.06564	14.3258295	603.6695	51.49757	49.93818	49916	313.85294	17.460323	757.0571	50.672085	49.36334	49916	311.6477	17.047712	742.3693	52.914097	51.38129	49916	335.98038	17.917845	774.76965	11.731765	11.590601	49916	19.485552	3.347145	26.844393	9.849897	9.681782	49914	15.683362	2.7391632	19.086586	11.623076	11.472694	49916	22.87451	3.222588	23.949055	2.2878673	2.147131	41541	3.4974382	22.962423	642.5811	1.630993	1.5361241	39526	1.8046732	13.04517	362.62302	2.276956	2.1807323	43443	2.6922078	17.745407	490.28186
F4_S20_subsampled_depth_4G_contig_67	19.329123	17.792004	35304	141.56259	6.851212	286.09427	19.583746	17.855057	35304	164.44377	6.955067	293.01318	21.65873	19.890202	35304	172.81145	7.7434783	326.29892	24.359674	22.431099	35304	226.41164	8.787238	381.00327	24.332735	22.50433	35304	194.00096	8.656938	376.97983	23.502872	21.658596	35304	189.8121	8.400529	363.23978	0	0	0	0	0	0	0	0	0	0	0	0	0	0	0	0	0	0	0	0	0	0	0	0	0	0	0	0	0	0	0	0	0	0	0	0
F4_S20_subsampled_depth_4G_contig_350	5.2886195	5.1966457	11044	6.834518	1.8532988	77.39038	6.9903283	6.856282	11213	9.4832735	2.3942475	100.86834	6.7594686	6.688159	11157	7.5672517	2.3475604	98.92284	5.7987885	5.7301397	11136	6.303211	2.019288	87.55373	6.07159	6.0096416	11157	6.045677	2.0886717	90.95452	6.5243607	6.4400926	11158	7.1017165	2.2682185	98.07797	0	0	0	0	0	0	0	0	0	0	0	0	0	0	0	0	0	0	0	0	0	0	0	0	0	0	0	0	0	0	2.200488	2.0643768	9736	3.104621	17.623734	486.91992
F4_S20_subsampled_depth_4G_contig_360	7.033725	6.867438	11388	9.267974	2.4787495	103.508026	7.807706	7.48705	11388	14.712952	2.7150462	114.383415	8.892152	8.716983	11388	15.351545	3.0997953	130.62086	8.703061	8.4569	11388	14.035964	3.1097243	134.83368	9.028742	8.752274	11388	18.445465	3.1336176	136.45833	9.228511	8.929913	11388	16.015411	3.2720323	141.48302	0	0	0	0	0	0	0	0	0	0	0	0	0	0	0	0	0	0	0	0	0	0	0	0	0	0	0	0	0	0	0	0	0	0	0	0
F4_S20_subsampled_depth_4G_contig_462	14.231173	12.963624	17122	398.34735	6.1116133	255.20992	16.704058	15.402552	17133	452.22955	7.0982623	299.04575	16.422188	14.899313	17096	571.0211	7.2498097	305.4964	18.529352	16.661432	17133	754.6303	8.095665	351.01758	19.929047	18.187569	17133	761.6056	8.511148	370.63126	19.462757	17.831797	17133	687.9807	8.441664	365.01846	0	0	0	0	0	0	0	0	0	0	0	0	0	0	0	0	0	0	0	0	0	0	0	0	0	0	0	0	0	0	0	0	0	0	0	0
F4_S20_subsampled_depth_4G_contig_876	11.213986	11.088521	40704	11.827707	3.7629178	157.13254	11.259851	11.176356	40704	13.830543	3.7881424	159.59239	10.606327	10.5348215	40704	11.745321	3.5948436	151.4814	11.766805	11.600959	40704	17.122372	4.00512	173.65672	11.811659	11.662137	40704	16.72092	3.9917004	173.82489	11.580338	11.399754	40704	15.927823	3.9261475	169.767	5.3502245	5.223014	38000	11.481339	1.5151502	12.151638	4.831706	4.658438	37808	10.504043	1.3343048	9.297483	5.426197	5.301863	38297	11.363194	1.4957846	11.116101	0	0	0	0	0	0	0	0	0	0	0	0	0	0	0	0	0	0
F4_S20_subsampled_depth_4G_contig_923	7.5199575	7.4107137	27185	11.275682	2.544989	106.27415	7.454412	7.3440495	27383	9.044272	2.5097883	105.73592	7.127052	7.062135	27279	9.454553	2.4245427	102.166695	5.8972936	5.8066583	27235	7.0722566	2.0142267	87.334236	6.3985972	6.3259354	27085	8.46057	2.1603327	94.07506	6.387618	6.277059	27246	7.9508758	2.1783407	94.19167	0	0	0	0	0	0	0	0	0	0	0	0	0	0	0	0	0	0	2.5196636	2.395251	23857	3.4930127	21.861488	611.7723	2.6225169	2.5193179	24697	3.445853	20.839766	579.29364	2.5508022	2.4442904	24194	3.3363678	19.952053	551.24866
F4_S20_subsampled_depth_4G_contig_2345	2.1781983	2.0720544	9045	2.469179	0.7232865	30.203125	2.3763058	2.2869031	9160	2.5028355	0.7812698	32.914474	2.296373	2.219229	8831	2.462278	0.76354456	32.17465	2.2446284	2.17039	8736	2.584015	0.75610656	32.783806	2.0554898	1.9940867	8770	2.0794241	0.6863309	29.88734	2.2736053	2.2114542	9204	2.0846202	0.76424414	33.04601	0	0	0	0	0	0	1.5632762	1.4773325	7978	1.7218213	0.43290392	3.0164883	1.5712596	1.4499562	8307	1.7457842	0.42897245	3.1879616	0	0	0	0	0	0	0	0	0	0	0	0	0	0	0	0	0	0
F4_S20_subsampled_depth_4G_contig_3102	22.775219	21.403822	16892	291.52945	7.749569	323.6078	22.457657	21.046154	16953	243.3943	7.603631	320.33676	20.56603	19.09998	16941	260.32947	7.069495	297.89807	24.335297	22.478079	16875	386.11053	8.409722	364.6347	23.2396	20.54103	16941	463.46417	7.9911623	347.98764	24.641136	21.722078	16941	569.93787	8.513326	368.1172	0	0	0	0	0	0	0	0	0	0	0	0	0	0	0	0	0	0	1.7398083	1.6216359	13094	2.383552	14.78312	413.6911	2.4296257	2.3562124	15116	2.7388132	19.414448	539.6733	2.4572992	2.3466904	15674	2.7692006	19.336298	534.2361
F4_S20_subsampled_depth_4G_contig_3734	4.949678	4.8617992	23359	5.9635077	1.6512413	68.95286	5.005257	4.907348	23604	5.3199377	1.6646694	70.13161	4.9852467	4.8693357	23563	6.461393	1.6751094	70.586685	4.636383	4.5691476	23158	5.711377	1.5625844	67.75164	4.707097	4.620867	23223	5.454587	1.5798604	68.79751	4.704723	4.605464	23285	5.562742	1.5825468	68.42951	2.1436324	1.9461612	17924	4.2966623	0.59680253	4.7864046	0	0	0	0	0	0	2.6104798	2.420961	19194	5.2951665	0.719897	5.350003	0	0	0	0	0	0	0	0	0	0	0	0	0	0	0	0	0	0
F4_S20_subsampled_depth_4G_contig_4120	5.407263	5.34772	14608	6.6947527	1.808624	75.52485	5.317643	5.2142043	14663	7.1516657	1.7934552	75.55727	5.364851	5.284768	14531	7.6267066	1.8161862	76.53144	4.6726274	4.6053896	14566	5.6475134	1.5942532	69.12477	4.9321685	4.838091	14635	6.583722	1.6739333	72.89405	5.9938335	5.90561	14413	10.236086	2.0313098	87.83406	3.6686537	3.3777118	11946	12.688612	1.0384624	8.328553	2.8174033	2.5631423	12153	7.49475	0.7892973	5.4998474	2.8176088	2.588186	12119	6.9918094	0.77544165	5.7627897	0	0	0	0	0	0	0	0	0	0	0	0	0	0	0	0	0	0
F4_S20_subsampled_depth_4G_contig_4339	7.693294	6.752181	17187	63.036037	2.6298823	109.81908	7.2950683	6.4401484	17366	50.377167	2.475574	104.294586	7.748715	7.0814137	17066	49.027134	2.6622465	112.18324	10.722332	9.710941	17441	97.29866	3.676946	159.42766	10.511158	9.4769945	17186	98.84775	3.579688	155.8831	10.666911	9.655577	17242	95.317406	3.648657	157.7683	4.596407	4.4952607	17315	6.665918	1.2902255	10.347718	3.4793515	3.401042	15942	4.998627	0.95713687	6.669365	3.9622054	3.8637877	16728	6.059306	1.0844873	8.059503	0	0	0	0	0	0	0	0	0	0	0	0	0	0	0	0	0	0
F4_S20_subsampled_depth_4G_contig_4422	4.333255	4.0867815	20588	9.364781	1.4585402	60.906013	4.6755495	4.4635143	21099	9.345945	1.5630784	65.85165	4.183766	4.063608	20203	6.5578575	1.4109048	59.453495	3.8581383	3.7776325	20111	5.7160544	1.3012385	56.420036	3.5338764	3.4028351	20209	5.672256	1.1940818	51.998188	3.9737275	3.838573	20195	6.94761	1.3409944	57.98472	0	0	0	0	0	0	0	0	0	0	0	0	0	0	0	0	0	0	0	0	0	0	0	0	0	0	0	0	0	0	0	0	0	0	0	0
F4_S20_subsampled_depth_4G_contig_4542	2.0735762	1.9534286	11591	2.7622046	0.6907564	28.844744	2.9342296	2.8870242	13210	2.890795	0.9777435	41.191814	2.3540041	2.277501	12634	2.4559512	0.7941852	33.465816	3.4526598	3.3025534	13375	4.6983724	1.1714464	50.79239	3.2426279	3.2031476	13295	2.8614745	1.0754662	46.83286	3.7585285	3.6999357	12904	5.0865364	1.2522601	54.147892	0	0	0	0	0	0	0	0	0	0	0	0	0	0	0	0	0	0	0	0	0	0	0	0	0	0	0	0	0	0	0	0	0	0	0	0
F4_S20_subsampled_depth_4G_contig_4669	7.8966727	7.8271503	17544	8.216336	2.706371	113.013084	7.849549	7.7133646	17551	10.131157	2.6525204	111.749176	7.624389	7.4958177	17551	9.674655	2.6355073	111.05638	8.369749	8.2551565	17551	9.818334	2.8874707	125.19695	7.211367	7.122789	17518	9.585205	2.4933963	108.57878	7.608241	7.4699574	17551	10.178642	2.6350296	113.939	0	0	0	0	0	0	0	0	0	0	0	0	0	0	0	0	0	0	0	0	0	0	0	0	0	0	0	0	0	0	0	0	0	0	0	0
F4_S20_subsampled_depth_4G_contig_5475	3.514021	3.4113712	12189	4.665255	1.1659555	48.68816	3.4153993	3.3274071	12014	4.45137	1.1334833	47.753002	3.567649	3.4552016	12044	4.8125024	1.1871771	50.025917	3.1570818	3.0640733	12290	3.3150208	1.0675002	46.28543	2.8033903	2.7270727	11635	3.4511619	0.94042486	40.95226	3.1421103	3.062401	11867	3.8785586	1.0690409	46.225437	2.1285646	2.0230594	10407	2.8185327	0.6109691	4.900023	2.2846959	2.1473331	10703	3.3553677	0.6203126	4.3223586	2.6070976	2.429678	11153	4.729874	0.7109023	5.2831573	0	0	0	0	0	0	0	0	0	0	0	0	0	0	0	0	0	0
F4_S20_subsampled_depth_4G_contig_6113	8.6249895	8.410639	11931	12.790423	3.0618012	127.855225	9.89865	9.666981	11931	15.173254	3.42581	144.32747	8.54537	8.1692915	11931	17.732683	3.0182326	127.18393	7.9287834	7.8133545	11917	9.500112	2.8189328	122.2253	8.146592	8.026502	11931	8.12036	2.851393	124.16842	7.9296327	7.76601	11930	11.254048	2.8635657	123.82088	0	0	0	0	0	0	0	0	0	0	0	0	0	0	0	0	0	0	0	0	0	0	0	0	0	0	0	0	0	0	1.7113997	1.5001415	9407	3.0961595	14.809402	409.16403
F4_S20_subsampled_depth_4G_contig_6481	15.849762	12.794377	17143	343.35474	6.066956	253.34512	16.525158	13.485388	17143	351.79602	6.331628	266.74802	18.68481	15.193527	17143	469.77084	7.165699	301.9522	19.854116	16.55129	17143	460.1299	7.6012125	329.57867	20.163715	16.445047	17143	544.46466	7.70238	335.41208	19.708527	15.8671465	17143	543.32025	7.6401496	330.361	0	0	0	0	0	0	0	0	0	0	0	0	0	0	0	0	0	0	0	0	0	0	0	0	0	0	0	0	0	0	0	0	0	0	0	0
F4_S20_subsampled_depth_4G_contig_6688	5.396303	4.9292746	16526	22.328554	1.8938197	79.08244	5.14338	4.820168	16251	16.730518	1.7480203	73.643166	5.2151885	4.747671	16783	20.309565	1.8287838	77.06227	5.9535847	5.5674453	16809	17.914694	2.0669503	89.62026	5.9381127	5.4208765	16622	22.907526	2.0858793	90.8329	5.883725	5.3611073	15878	27.33881	2.0681813	89.42841	0	0	0	0	0	0	0	0	0	0	0	0	0	0	0	0	0	0	0	0	0	0	0	0	0	0	0	0	0	0	0	0	0	0	0	0
F4_S20_subsampled_depth_4G_contig_7172	3.5629904	3.433223	10698	5.117988	1.231182	51.411903	3.9003518	3.80002	10817	5.496834	1.2972388	54.65195	4.0477047	3.93688	10545	6.210657	1.3989598	58.950108	4.6696725	4.543633	11129	6.8817654	1.5890572	68.89948	4.9932365	4.8790703	11020	7.2594247	1.6976111	73.92512	4.715033	4.53151	11177	7.2818813	1.6035025	69.33564	0	0	0	0	0	0	0	0	0	0	0	0	0	0	0	0	0	0	0	0	0	0	0	0	0	0	0	0	0	0	0	0	0	0	0	0
F4_S20_subsampled_depth_4G_contig_8430	100.51991	89.60377	43588	6125.52	33.555634	1401.2217	102.61805	91.83259	43588	6234.0093	34.23428	1442.271	99.50014	87.93928	43588	7011.5073	33.4838	1410.9584	126.6644	114.964294	43588	7157.5396	42.767418	1854.34	124.46758	112.8052	43588	7159.142	41.719124	1816.7247	128.59145	115.36137	43588	8610.113	43.345436	1874.2616	4.2283025	4.109065	41874	6.8851657	1.197897	9.607238	3.8529167	3.6864896	40488	7.0035987	1.0623367	7.402399	5.448317	5.3476315	42342	8.232553	1.5009855	11.154756	0	0	0	0	0	0	0	0	0	0	0	0	0	0	0	0	0	0
F4_S20_subsampled_depth_4G_contig_8492	1.8482491	1.7850972	1130	0.96234363	0.7261408	30.32232	3.0515563	2.9859612	1168	2.4890628	1.1523067	48.54605	2.1488328	2.1306696	1035	1.5795798	0.94721514	39.914272	0	0	0	0	0	0	0	0	0	0	0	0	0	0	0	0	0	0	7304.047	7541.4214	1173	8913650	1843.9739	14788.826	8607.045	8889.805	1168	12051493	2114.553	14734.274	4138.302	4269.5874	1172	2743817.5	1016.9771	7557.7886	0	0	0	0	0	0	0	0	0	0	0	0	0	0	0	0	0	0
F4_S20_subsampled_depth_4G_contig_5577|provirus_4876_49497	10.208288	10.118523	44622	12.608526	3.4201143	142.8178	10.583199	10.474292	44622	12.737969	3.5467885	149.42418	10.037731	9.959327	44622	11.706613	3.3871815	142.73091	10.66001	10.63064	44622	11.188134	3.614684	156.728	9.856112	9.8001795	44622	11.43407	3.318831	144.52359	10.799762	10.718283	44622	11.290324	3.653089	157.95995	0	0	0	0	0	0	0	0	0	0	0	0	0	0	0	0	0	0	0	0	0	0	0	0	0	0	0	0	0	0	0	0	0	0	0	0
F4_S20_subsampled_depth_4G_contig_8187|provirus_40_22098	10.519512	10.3737	22059	18.012363	3.5310376	147.4497	10.226209	10.091485	22059	14.26734	3.434607	144.69806	10.258706	10.167808	22050	16.67069	3.47646	146.49297	10.063216	9.929662	22057	17.019695	3.4114773	147.91731	9.952166	9.856483	22057	15.382235	3.3544567	146.075	9.286366	9.199098	22059	16.088158	3.14825	136.13065	0	0	0	0	0	0	0	0	0	0	0	0	1.6555753	1.538009	16610	2.1638203	0.46219507	3.434857	0	0	0	0	0	0	0	0	0	0	0	0	0	0	0	0	0	0
F5_S21_subsampled_depth_4G_contig_164	10.521214	10.140475	15541	21.141058	3.6327133	151.6955	10.961731	10.553093	15541	24.338694	3.801093	160.13791	10.141381	9.900094	15541	16.946613	3.482224	146.73584	8.977844	8.738179	15541	14.445842	3.1168656	135.14328	8.817101	8.641161	15521	14.0162525	3.0334857	132.09784	10.265545	10.048654	15541	18.81856	3.5638115	154.09962	0	0	0	0	0	0	0	0	0	0	0	0	0	0	0	0	0	0	2.0930414	1.9064462	12246	3.9576845	20.32979	568.9094	2.0437918	1.8579369	12963	3.7236183	17.293133	480.70587	2.491456	2.2184365	13518	5.9796376	21.616713	597.2408
F5_S21_subsampled_depth_4G_contig_378	3.412537	3.3069177	11773	3.506518	1.1364003	47.45401	3.648793	3.5533175	11575	4.0872493	1.2279562	51.733116	4.175434	4.0539293	11773	5.49201	1.4000244	58.994984	3.36061	3.2483764	11244	4.6922984	1.1448874	49.640823	4.2966537	4.1915293	11584	5.880643	1.4481668	63.062702	3.2038968	3.1164236	11466	3.581008	1.091321	47.18883	0	0	0	0	0	0	0	0	0	0	0	0	0	0	0	0	0	0	0	0	0	0	0	0	0	0	0	0	0	0	0	0	0	0	0	0
F5_S21_subsampled_depth_4G_contig_555	4.98649	4.950612	27685	5.7869625	1.6574392	69.21165	4.412576	4.33934	27519	5.015144	1.4652985	61.732185	4.8058677	4.708781	27954	5.5197067	1.6077311	67.747444	4.0033507	3.8366272	27299	5.936678	1.3476756	58.43348	4.1965923	4.107806	27539	4.897718	1.4066994	61.25692	4.107297	3.9988117	27331	5.382114	1.3824036	59.77528	1.8867501	1.793774	23188	2.1433482	0.52788603	4.2336907	1.7838378	1.6878688	22656	2.0022528	0.49314073	3.4362197	2.1132143	2.0210304	24113	2.4102538	0.582508	4.3289795	0	0	0	0	0	0	0	0	0	0	0	0	0	0	0	0	0	0
F5_S21_subsampled_depth_4G_contig_769	5.235732	5.080069	46581	7.813567	1.7875232	74.64368	4.466807	4.339366	46012	6.308613	1.5270605	64.334236	4.8917027	4.688584	46564	8.060164	1.680315	70.806	5.456919	5.275906	46476	9.601458	1.8949264	82.161545	5.047397	4.864835	46299	8.32699	1.7353432	75.56822	5.3318663	5.154657	46311	9.500149	1.8378807	79.47013	0	0	0	0	0	0	0	0	0	0	0	0	0	0	0	0	0	0	0	0	0	0	0	0	0	0	0	0	0	0	0	0	0	0	0	0
F5_S21_subsampled_depth_4G_contig_889	210.04718	197.74646	27998	16994.139	69.90929	2919.2847	206.65486	195.52354	27907	15294.915	68.72147	2895.198	212.36324	199.46405	27992	18579.139	71.24344	3002.0947	237.99059	219.37627	27972	31879.334	80.17728	3476.382	227.98837	209.63713	27797	30692.281	76.19068	3317.8435	234.95673	217.40619	27888	29570.39	78.96861	3414.6123	62.796795	61.814133	28026	1208.8628	17.718172	142.10126	54.389133	53.60847	27740	815.531	14.966621	104.287926	62.910934	62.42197	28053	1002.071	17.269114	128.33752	3.885789	3.7867901	26725	5.3634396	33.173046	928.3153	2.80749	2.7300005	24787	3.52661	22.072096	613.5491	4.3178096	4.2392006	26711	5.6264577	33.417015	923.26733
F5_S21_subsampled_depth_4G_contig_931	104.319916	104.721	20540	722.0659	34.905888	1457.6064	102.7635	103.03977	20532	878.74774	34.32082	1445.9171	102.46658	102.607735	20541	920.14124	34.522938	1454.7463	95.374245	95.669846	20528	781.2813	32.248333	1398.2457	96.136955	96.66505	20538	804.7117	32.297638	1406.451	93.20968	93.05682	20542	914.83325	31.44582	1359.7202	43.266415	43.00779	20521	320.08054	12.221171	98.01476	35.936253	35.362244	20518	223.49078	9.872054	68.78879	43.751335	43.64266	20543	293.19577	12.037869	89.460915	0	0	0	0	0	0	0	0	0	0	0	0	0	0	0	0	0	0
F5_S21_subsampled_depth_4G_contig_2156	5.3910723	5.279669	10023	6.231508	1.8131005	75.71178	5.6437926	5.559897	10006	6.971663	1.8764435	79.05356	6.630089	6.5644875	10074	6.464883	2.215246	93.34724	5.020153	4.9551053	10074	4.912624	1.7273656	74.89632	5.246372	5.180139	10027	5.805767	1.7686701	77.01951	5.1494355	4.9592476	10026	7.2469387	1.7486243	75.61068	1.6400645	1.5105239	8296	1.8915963	0.4884098	3.9170883	2.606711	2.497425	9396	2.817494	0.7292129	5.0811796	2.2774084	2.1921182	8885	2.655779	0.6514924	4.841643	0	0	0	0	0	0	0	0	0	0	0	0	0	0	0	0	0	0
F5_S21_subsampled_depth_4G_contig_2184	2.5450683	2.475077	9472	2.6619506	0.8477689	35.401295	2.6376755	2.4594862	8609	5.1489296	0.9058065	38.161148	3.020854	2.8240008	9877	4.1692796	1.0274216	43.294067	2.38644	2.2894158	8886	3.1462903	0.81763256	35.4515	2.8087566	2.686649	9267	3.948497	0.95365196	41.52827	3.2288	3.1336188	9468	4.5609694	1.0827475	46.818123	0	0	0	0	0	0	0	0	0	0	0	0	0	0	0	0	0	0	0	0	0	0	0	0	0	0	0	0	0	0	0	0	0	0	0	0
F5_S21_subsampled_depth_4G_contig_2516	2.7104633	2.6453454	23970	2.9237332	0.9136306	38.15154	2.469421	2.3823252	22905	2.8150423	0.8260106	34.799377	3.0154827	2.9280567	24132	3.7671254	1.0163283	42.826584	3.9438996	3.8728442	24783	5.038707	1.3301464	57.673454	3.3274517	3.2600172	24556	4.00069	1.1180009	48.685097	3.4998455	3.3962677	24687	4.8001466	1.1829052	51.14894	0	0	0	0	0	0	0	0	0	0	0	0	0	0	0	0	0	0	0	0	0	0	0	0	0	0	0	0	0	0	0	0	0	0	0	0
F5_S21_subsampled_depth_4G_contig_2668	4.061596	3.9955413	21061	4.0508976	1.3500328	56.37491	3.836351	3.7688718	20750	4.4178944	1.2743405	53.687275	3.9603827	3.8956347	20958	4.355376	1.3255584	55.85709	8.450583	8.381273	21425	13.512215	2.8340867	122.88226	8.700653	8.659581	21423	10.835626	2.8979702	126.1967	7.840084	7.7777376	21459	7.782584	2.6323738	113.8241	0	0	0	0	0	0	0	0	0	0	0	0	0	0	0	0	0	0	0	0	0	0	0	0	0	0	0	0	0	0	0	0	0	0	0	0
F5_S21_subsampled_depth_4G_contig_2755	3.00902	2.889755	31966	3.9855924	1.0085902	42.116886	3.0145326	2.7155116	31018	7.77755	1.0121633	42.641884	3.2695436	3.0847635	32153	5.812967	1.0999997	46.352398	2.9403667	2.7260907	30756	5.789888	1.001981	43.44462	3.0630527	2.8809118	31209	5.957908	1.0265596	44.703144	3.130645	2.9836893	31946	4.759396	1.0578015	45.73947	2.7349074	2.6035635	29332	4.299827	0.779255	6.249689	2.504451	2.3782916	28291	3.9167624	0.6903797	4.8105893	2.6053236	2.4618433	29688	3.9987817	0.7171545	5.329618	0	0	0	0	0	0	0	0	0	0	0	0	0	0	0	0	0	0
F5_S21_subsampled_depth_4G_contig_2775	5.5935736	5.5478787	10220	6.0339684	1.8636031	77.82067	5.5906973	5.5700274	10160	6.003552	1.8964173	79.895	5.8693843	5.802865	10233	5.663458	1.962743	82.70714	5.7457104	5.6710744	10178	6.1840906	1.9342238	83.86542	4.720718	4.681543	10204	4.691881	1.6080097	70.02328	6.207875	6.1288157	10227	5.8472805	2.128253	92.025955	3.3244073	3.2340496	9261	4.6696954	0.9616418	7.7124505	2.670237	2.6208265	9576	2.5808907	0.7662789	5.339457	3.027472	2.9705784	9861	2.5748255	0.8349905	6.205337	0	0	0	0	0	0	0	0	0	0	0	0	0	0	0	0	0	0
F5_S21_subsampled_depth_4G_contig_3139	6.400295	5.523856	10292	39.32127	2.3586988	98.49499	5.386634	4.758489	10199	26.357874	1.9915115	83.90126	7.1467323	6.1225023	10325	51.874577	2.6329703	110.94956	4.6720395	3.9360192	9794	27.219048	1.7937891	77.776375	5.700737	4.756196	10109	47.392937	2.1754243	94.73228	4.923145	4.120974	10083	33.90504	1.878202	81.21363	0	0	0	0	0	0	0	0	0	0	0	0	0	0	0	0	0	0	0	0	0	0	0	0	0	0	0	0	0	0	0	0	0	0	0	0
F5_S21_subsampled_depth_4G_contig_3246	49.099293	49.53995	37222	130.32872	16.425913	685.91614	52.372005	52.72412	37222	146.75299	17.515514	737.91895	54.557697	54.7953	37222	160.4493	18.397959	775.26337	52.193005	52.384014	37222	144.0656	17.66131	765.7714	55.664085	56.090603	37222	148.41553	18.71343	814.9057	53.447372	53.6925	37222	138.5005	18.05612	780.7487	34.284016	33.798656	37131	347.5072	9.702023	77.81103	28.101074	27.700804	36884	223.56198	7.7413445	53.941933	33.602936	33.248966	37183	304.254	9.275311	68.93063	0	0	0	0	0	0	0	0	0	0	0	0	0	0	0	0	0	0
F5_S21_subsampled_depth_4G_contig_3471	4.304808	4.194305	15553	6.71745	1.4304041	59.73106	4.125214	4.0299034	15888	5.6737437	1.3834839	58.28544	5.006178	4.8271713	16371	7.5687513	1.6723948	70.47227	5.0556645	4.92361	15938	8.4763775	1.714761	74.34983	4.369342	4.2833357	15746	6.1006856	1.4715934	64.08281	4.4276977	4.224956	15644	8.82679	1.5108424	65.329025	5.3648763	5.1801004	15747	12.597571	1.5194434	12.186058	4.8450575	4.7000136	15932	8.526857	1.3458208	9.377727	4.4799976	4.3275113	15601	9.547835	1.2384773	9.203899	0	0	0	0	0	0	0	0	0	0	0	0	0	0	0	0	0	0
F5_S21_subsampled_depth_4G_contig_3715	6.8657866	6.7643967	10255	8.764484	2.3013635	96.100746	6.593122	6.529779	10298	6.5403566	2.2408323	94.405075	6.579622	6.5137944	10298	7.108573	2.1966112	92.56199	5.923926	5.8608494	10175	6.2535973	2.045538	88.69187	5.7135396	5.6803155	10225	4.897827	1.9752688	86.01617	6.6740246	6.594482	10253	9.025297	2.2627091	97.83975	0	0	0	0	0	0	0	0	0	0	0	0	0	0	0	0	0	0	0	0	0	0	0	0	0	0	0	0	0	0	0	0	0	0	0	0
F5_S21_subsampled_depth_4G_contig_4761	23.841955	23.580326	24466	34.315113	8.109256	338.62775	21.177332	20.8966	24466	32.79192	7.1879725	302.82544	23.491734	23.28854	24466	40.302654	8.045479	339.02487	20.976313	20.707027	24466	35.045856	7.2352176	313.70975	18.75144	18.649	24466	23.923565	6.3707175	277.42273	19.907469	19.71388	24466	32.722187	6.8410845	295.80936	5.391553	5.2564654	24149	9.041623	1.5446961	12.38859	4.4147477	4.2691216	23566	7.3790765	1.2313915	8.580376	5.3436832	5.180572	23806	10.316216	1.4981806	11.133915	0	0	0	0	0	0	0	0	0	0	0	0	0	0	0	0	0	0
F5_S21_subsampled_depth_4G_contig_5154	4821.3687	4784.6055	12806	687517.9	1614.9979	67439.37	4606.211	4569.522	12806	624922.75	1541.6584	64949.207	4493.8716	4457.6396	12806	604668	1517.0173	63924.902	4099.2935	4066.1755	12806	497489.72	1388.8677	60219.508	3859.8865	3826.5745	12806	451228.38	1297.6649	56508.85	4019.167	3984.984	12806	486646.72	1359.0386	58764.98	4742.7915	4670.0986	12806	2780878.3	1343.9894	10778.91	3579.6372	3525.0796	12806	1588433	986.03674	6870.7363	4910.0757	4820.857	12806	2895783	1352.8768	10054.07	102.779	103.8247	12806	316.5484	868.05286	24291.611	122.88219	123.83401	12806	342.6731	974.7147	27094.633	113.798195	115.08023	12806	336.10303	884.7656	24444.885
F5_S21_subsampled_depth_4G_contig_5193	10.163621	9.851716	10691	18.587923	3.5940921	150.08269	9.170875	8.9642105	10766	16.994637	3.2921855	138.69794	9.468821	9.055985	10766	25.772367	3.4013715	143.32892	8.634891	8.397028	10647	18.072803	3.1192462	135.24643	8.700358	8.446839	10612	19.206394	3.1318152	136.37988	8.138659	7.881331	10674	17.176813	2.9518135	127.63679	0	0	0	0	0	0	0	0	0	0	0	0	0	0	0	0	0	0	175.22287	173.64818	10766	3401.3076	1517.7477	42472.688	184.15335	184.23096	10766	4259.5303	1516.9199	42166.582	219.0811	219.33371	10766	4589.302	1755.9697	48515.094
F5_S21_subsampled_depth_4G_contig_5225	74.463036	73.49419	40761	242.2486	24.920834	1040.6483	71.21902	70.22478	40761	219.47205	23.837275	1004.2513	71.589714	70.349144	40761	249.91452	24.154774	1017.847	71.91437	70.70113	40828	287.94357	24.360481	1056.2391	65.9668	64.757225	40814	247.16588	22.185596	966.10657	67.76859	66.50666	40763	281.23328	22.89894	990.15295	36.35774	34.915478	40522	474.29007	10.290282	82.52891	27.512953	26.529112	40328	260.16516	7.5716553	52.75955	33.14155	31.811705	40780	336.98926	9.111471	67.71301	0	0	0	0	0	0	0	0	0	0	0	0	0	0	0	0	0	0
F5_S21_subsampled_depth_4G_contig_5304	2181.2725	2224.2822	17850	226559.89	724.75256	30264.35	2236.88	2276.8362	17856	238367.92	742.6792	31288.66	1840.7236	1874.1892	17919	135184.83	616.63617	25984.15	2970.7297	3037.4956	17879	495018.47	997.8702	43266.355	2707.9827	2759.0085	17855	395321.16	902.92	39319.063	2798.0876	2852.1785	17866	382873.66	937.9428	40556.746	109.562386	109.84831	17865	1872.4736	30.81003	247.09906	94.84889	94.408745	17857	1650.5421	25.938091	180.73756	120.15938	120.40793	17863	2080.1252	32.86265	244.22281	3.2351286	3.1043582	16925	4.4286146	27.176924	760.51935	3.4695818	3.3780403	16856	4.703952	27.155317	754.85	4.443019	4.400175	17536	4.290552	34.31727	948.1399
F5_S21_subsampled_depth_4G_contig_5451	4.0475783	3.8618019	15795	7.139441	1.350779	56.4061	3.2687132	3.2058704	15287	3.936229	1.0845836	45.69291	4.1890287	4.0743985	16153	4.9979033	1.4015206	59.058033	3.2973337	3.2189837	15390	4.287833	1.1100078	48.128498	3.695022	3.4796848	14746	7.805766	1.229599	53.544823	3.4211106	3.296032	15011	5.053406	1.1628513	50.281807	0	0	0	0	0	0	0	0	0	0	0	0	0	0	0	0	0	0	0	0	0	0	0	0	0	0	0	0	0	0	0	0	0	0	0	0
F5_S21_subsampled_depth_4G_contig_5928	4.8826413	4.651714	13906	9.4180155	1.627933	67.97953	5.0011373	4.845838	13924	7.7989597	1.6619155	70.0156	4.3477397	4.134655	14066	7.481257	1.4697042	61.9312	6.0890675	5.879956	14095	11.545987	2.0434206	88.60007	7.378874	7.0698943	14122	16.12772	2.4637408	107.28739	6.6540375	6.493524	14004	11.56517	2.2387109	96.80211	3.3048053	2.7843153	12409	14.836924	0.9337576	7.4888134	3.0626245	2.6463435	12238	11.637011	0.84467715	5.8857384	3.2933607	2.8499448	12516	12.452712	0.8970862	6.6668086	39.30324	37.950245	14209	277.71423	331.65167	9280.949	38.655674	37.383827	14038	262.08673	304.93454	8476.418	36.01308	34.90136	14217	206.86487	278.71432	7700.501
F5_S21_subsampled_depth_4G_contig_6077	23.955854	23.25825	26381	153.33728	8.29498	346.38327	21.916626	21.451014	26381	118.75139	7.5923753	319.86264	22.3574	21.78021	26381	139.14838	7.788292	328.18735	21.57432	20.944725	26381	125.6952	7.5837216	328.8202	21.920742	21.221441	26381	156.24548	7.6225824	331.9372	20.712439	20.128765	26381	107.28647	7.258542	313.8603	5.1018643	4.643187	24433	20.251156	1.4647228	11.747204	4.588083	4.3469014	24428	11.966842	1.2843641	8.949492	5.614502	5.213859	25058	22.22958	1.5505886	11.523387	0	0	0	0	0	0	0	0	0	0	0	0	0	0	0	0	0	0
F5_S21_subsampled_depth_4G_contig_6657	5.5249715	5.4518986	10627	6.7074766	1.8747687	78.28696	6.0171857	5.9607596	10597	6.1919928	2.070855	87.244	5.832795	5.7785864	10682	4.727808	1.9609599	82.632	4.4469237	4.372574	10525	4.701104	1.5290179	66.2962	4.7177176	4.5742617	10551	6.368795	1.6254736	70.78379	5.0603876	5.0168777	10524	4.965872	1.7203822	74.38955	3.9382834	3.8279536	9488	7.1187816	1.1277013	9.044258	3.6355867	3.5030591	10046	6.0873017	1.0083799	7.0264263	3.716578	3.6065402	9716	7.028866	1.0162892	7.5526752	0	0	0	0	0	0	4.6805925	1.499789	8216	2088.6511	90.88413	2526.352	4.6601787	1.60327	8453	1912.3933	86.62261	2393.2664
F5_S21_subsampled_depth_4G_contig_6972	6684.582	6533.825	95796	1557649.8	2233.1655	93252.93	6921.8013	6760.388	95809	1733374.1	2310.8137	97353.305	6928.08	6748.7954	95830	1925551.1	2333.5322	98331.65	7168.4155	6962.242	95801	2482459.5	2422.937	105055.414	7496.157	7301.9985	95796	2384346.3	2514.828	109512.125	7121.913	6924.967	95801	2309834	2401.544	103843.016	3540.1245	3493.1873	95796	879238.2	1003.8577	8051.027	3108.786	3065.996	95795	661059.5	857.4549	5974.776	3431.6816	3385.3003	95796	765003.8	946.19025	7031.7295	13.296917	13.091741	95535	22.954441	112.455215	3146.9485	13.814078	13.585981	95694	21.851233	108.818474	3024.8816	13.931951	13.7194	95536	23.588228	107.71651	2976.0632
F5_S21_subsampled_depth_4G_contig_7248	5.931029	5.7362905	31484	11.392271	2.0137022	84.08854	6.1383834	5.9561653	31454	12.059315	2.0782762	87.556656	5.851241	5.6850977	31705	9.513096	1.98043	83.45246	5.2904854	5.0645084	31065	10.983453	1.8126913	78.59591	5.605002	5.420127	31626	9.42865	1.9043481	82.92781	5.403135	5.267003	31410	8.416859	1.8356473	79.37356	2.82557	2.6341498	26445	5.8092036	0.80680543	6.4706464	2.357911	2.192964	25138	4.327901	0.65806353	4.5854096	3.1497366	3.0099163	27683	5.641449	0.87584794	6.5089693	0	0	0	0	0	0	0	0	0	0	0	0	0	0	0	0	0	0
F5_S21_subsampled_depth_4G_contig_7784	4.0630755	3.8598366	16982	6.9762692	1.3579745	56.706524	4.4046335	4.1754937	16052	10.422454	1.4780736	62.27043	5.0354476	4.8165903	16366	13.808638	1.6891794	71.179596	4.9880686	4.6597595	16131	16.139107	1.6916683	73.3485	4.5154357	4.3318105	16903	8.30631	1.5245312	66.38807	4.224616	3.987644	16185	9.737195	1.4254577	61.636944	0	0	0	0	0	0	0	0	0	0	0	0	0	0	0	0	0	0	0	0	0	0	0	0	0	0	0	0	0	0	0	0	0	0	0	0
F5_S21_subsampled_depth_4G_contig_247|provirus_15_29775	19.007463	17.911673	29761	86.56093	6.4805	270.614	17.078688	16.319538	29761	60.624485	5.8314004	245.67372	17.058052	16.286255	29761	62.061974	5.8778286	247.6832	16.486238	15.751567	29761	57.77153	5.686366	246.55342	14.357874	13.746088	29761	46.538483	4.943848	215.28758	15.217655	14.58737	29761	44.742317	5.240137	226.58418	2.196751	1.8992158	22492	5.9849286	0.6399222	5.1322327	0	0	0	0	0	0	2.5863023	2.273123	24865	6.9496183	0.7198367	5.349554	0	0	0	0	0	0	0	0	0	0	0	0	0	0	0	0	0	0
F5_S21_subsampled_depth_4G_contig_3709|provirus_4256_34790	17.96179	17.910667	30518	42.571484	5.9866614	249.99222	17.87688	17.854208	30328	39.157944	5.9618382	251.16895	18.451078	18.258347	30505	51.141193	6.2038875	261.4228	16.435051	16.120306	30518	47.626053	5.542228	240.30377	15.502814	15.546349	30525	32.87579	5.193765	226.17075	15.719599	15.549201	30451	36.98838	5.2918515	228.82018	7.784631	7.5555634	29162	23.248507	2.1989298	17.635601	6.812572	6.544959	29403	18.975826	1.8732752	13.053053	7.53194	7.206348	29250	23.776499	2.0601614	15.31033	0	0	0	0	0	0	0	0	0	0	0	0	0	0	0	0	0	0
F5_S21_subsampled_depth_4G_contig_6836|provirus_105707_121283	8.610942	8.224487	15539	35.2145	2.9136672	121.669395	7.617813	7.26453	15248	30.151733	2.5819972	108.77808	9.157387	8.830608	15525	33.352253	3.1029894	130.75548	6.9743958	6.756644	15210	21.236546	2.3747106	102.96437	6.6539183	6.274613	15225	25.392536	2.2714765	98.91501	7.3287096	7.068347	15434	23.469604	2.5094345	108.50818	0	0	0	0	0	0	0	0	0	0	0	0	0	0	0	0	0	0	0	0	0	0	0	0	0	0	0	0	0	0	0	0	0	0	0	0
F6_S22_subsampled_depth_4G_contig_146	2726.4756	2630.633	12881	568506.1	905.9573	37831.125	2703.0193	2607.386	12881	562238.75	897.44714	37808.95	2716.1423	2615.1357	12881	606178.56	909.8837	38341.17	2417.312	2334.683	12881	429762.75	812.43744	35226.234	2585.8213	2500.4583	12881	469694.56	862.7532	37569.938	2495.912	2412.421	12881	446586.1	837.05	36194.137	1277.5806	1223.7477	12881	181058.44	360.3982	2890.4238	1139.3217	1091.2195	12881	150908.77	312.85678	2179.997	1276.2312	1222.55	12881	191131.89	350.35147	2603.68	2.8479302	2.7063444	11626	4.0937614	23.605902	660.5881	3.3943915	3.26669	12130	4.6530046	26.746702	743.49164	3.8322206	3.7413387	12477	4.9036613	29.509983	815.32117
F6_S22_subsampled_depth_4G_contig_436	8.267749	8.050789	16841	16.314825	2.75175	114.908005	6.967048	6.805964	16679	13.635702	2.32253	97.84693	7.547121	7.4549026	16591	17.363194	2.538814	106.9819	8.823318	8.7175	16841	13.502097	2.9699268	128.77214	8.023366	7.942555	16801	13.474348	2.6944234	117.332924	8.299802	8.091327	16829	20.341146	2.7943501	120.82794	5.961536	5.7936497	16546	12.723985	1.6950226	13.59422	5.2037625	4.992212	16283	11.477052	1.4286865	9.955138	6.8162484	6.594355	16196	20.174082	1.8774787	13.952718	0	0	0	0	0	0	0	0	0	0	0	0	0	0	0	0	0	0
F6_S22_subsampled_depth_4G_contig_2146	2317.0405	2349.7344	54001	1711309.4	773.1249	32284.29	2260.9646	2293.639	54007	1614513.5	753.85754	31759.602	2296.9507	2330.742	54000	1653551.5	772.65356	32558.496	2322.8381	2355.965	54079	1706483.1	784.043	33995.094	2346.2551	2383.106	54007	1699320.6	786.0525	34229.887	2365.5752	2401.3857	54008	1752531.8	796.65375	34447.395	428.1808	381.17047	48334	159204.69	121.04835	970.8178	356.5792	317.87604	49160	108617.24	98.01895	682.9993	470.55026	423.79306	49076	175594.89	129.33511	961.16974	23.164732	23.377293	53574	87.53528	196.30614	5493.434	26.726719	27.04856	53633	126.88149	210.73468	5857.897	25.21743	25.450163	53948	101.98023	195.68898	5406.6235
F6_S22_subsampled_depth_4G_contig_2386	42.979965	43.019352	14675	187.18872	14.517437	606.2218	46.681927	46.743443	14675	176.61794	15.735042	662.90857	47.253082	47.1178	14675	203.69319	16.109137	678.8155	44.790913	44.602844	14675	198.05287	15.273126	662.223	50.731636	50.633747	14675	256.28394	17.221601	749.94165	47.90919	47.78987	14675	177.78436	16.30378	704.9771	26.270292	26.375813	14478	195.93748	7.503345	60.177437	21.809431	21.790483	14472	125.96051	6.043584	42.111908	25.18382	25.28142	14655	158.17963	6.93632	51.548088	0	0	0	0	0	0	0	0	0	0	0	0	0	0	0	0	0	0
F6_S22_subsampled_depth_4G_contig_2484	13.555261	13.058616	32493	34.08198	4.524624	188.94012	12.76672	12.149818	32493	43.062756	4.262509	179.57715	12.819261	12.18134	32495	40.714603	4.3189063	181.9924	13.75989	12.97428	32504	68.77514	4.6473646	201.50374	12.952281	12.382288	32493	43.658184	4.338473	188.92552	13.344913	12.481561	32503	65.59657	4.5024624	194.6869	5.740481	5.647311	30756	10.711907	1.6271636	13.049991	4.6098714	4.4964633	30498	8.129265	1.2708867	8.855583	4.9239707	4.846336	30923	7.6414447	1.3638133	10.135351	5.7182903	5.5796647	32048	9.453106	48.81723	1366.1022	5.745333	5.6513634	32260	7.1580167	45.709557	1270.6118	5.7912908	5.642538	32405	8.880219	45.308937	1251.8246
F6_S22_subsampled_depth_4G_contig_2907	21.326626	20.120789	10636	218.13527	8.430369	352.03687	21.445833	20.08826	10636	283.61456	8.409055	354.2688	22.448503	21.077347	10636	276.6552	8.931629	376.3659	25.360863	23.874762	10636	306.37848	10.189699	441.81226	26.227732	24.45465	10636	361.61526	10.2695875	447.20523	24.188728	22.732782	10636	319.35657	9.870545	426.80353	0	0	0	0	0	0	0	0	0	0	0	0	0	0	0	0	0	0	1.9980927	1.7820513	8718	4.4391	22.446465	628.14246	2.1180623	1.9455394	8973	4.1565895	19.034637	529.1154	2.372878	2.0961008	9255	7.126757	21.64002	597.8848
F6_S22_subsampled_depth_4G_contig_3311	59.37844	58.073692	49919	288.85965	19.954552	833.2657	60.205765	58.758003	49914	330.06442	20.235773	852.5218	60.10452	58.58626	49916	334.5385	20.375002	858.573	54.05073	53.06809	49907	216.58542	18.380337	796.9475	57.611954	56.23041	49920	283.84433	19.457848	847.3226	55.118504	53.5219	49920	305.02408	18.711657	809.09393	38.964718	37.918785	49850	373.45978	11.026256	88.43149	31.597649	30.758963	49741	247.4198	8.705427	60.65971	36.54067	35.574585	49556	327.1933	10.062236	74.77877	0	0	0	0	0	0	0	0	0	0	0	0	0	0	0	0	0	0
F6_S22_subsampled_depth_4G_contig_3579	5.656319	5.449788	28217	13.313566	1.9340783	80.76357	5.1526084	4.931021	27876	11.822988	1.7555038	73.958405	4.9065275	4.7119074	27650	11.195835	1.6852688	71.014755	4.907672	4.744393	27609	10.1103735	1.7047118	73.91412	5.021365	4.8202696	28019	10.385586	1.72069	74.93011	4.76644	4.5869365	27455	9.843404	1.6342641	70.66575	0	0	0	0	0	0	0	0	0	0	0	0	0	0	0	0	0	0	0	0	0	0	0	0	0	0	0	0	0	0	0	0	0	0	0	0
F6_S22_subsampled_depth_4G_contig_3963	3.80846	3.5999007	19143	7.300185	1.2646272	52.80853	4.0824647	3.8275044	19374	8.606824	1.3651373	57.51247	3.5021348	3.342233	18381	6.0774255	1.1697478	49.2915	3.7886505	3.6487203	19517	5.2561083	1.2788082	55.447464	4.0127096	3.896624	19347	5.7757187	1.3357447	58.167107	4.100288	3.995973	19105	6.867554	1.3759631	59.49683	0	0	0	0	0	0	0	0	0	0	0	0	0	0	0	0	0	0	10.942359	10.569175	19990	45.233307	91.83924	2570.0315	16.146063	15.778575	20230	56.400997	127.60002	3546.963	12.979496	12.758771	20165	40.98826	101.0519	2791.9292
F6_S22_subsampled_depth_4G_contig_4462	3.5980997	3.3826888	30144	7.277644	1.2098417	50.520794	3.8808644	3.6257288	30303	8.575231	1.3067044	55.050766	4.0678425	3.8480008	30266	8.776152	1.3731155	57.86109	4.6937623	4.462828	31544	9.643375	1.6008095	69.40901	4.5083055	4.288923	30631	9.566651	1.5209341	66.23149	4.552799	4.41184	30799	8.778238	1.5391102	66.5513	0	0	0	0	0	0	0	0	0	0	0	0	0	0	0	0	0	0	0	0	0	0	0	0	0	0	0	0	0	0	0	0	0	0	0	0
F6_S22_subsampled_depth_4G_contig_4927	9.550951	9.169093	2388	40.446323	3.301134	137.84938	15.997463	15.338656	2392	114.175125	5.317325	224.01593	21.5074	20.447628	2468	204.9954	7.481818	315.27295	2.812262	2.7209957	2376	3.1973963	0.9913299	42.98276	3.9331925	3.7148895	2234	11.321255	1.2844465	55.93326	4.506554	4.182715	0	18.85074	0	0	26612.8	27253.988	2515	110115560	7099.3364	56937.27	26177.973	26813.36	2515	106014410	6791.3145	47322.098	19297.594	19733.154	2515	58257930	5004.762	37193.504	0	0	0	0	0	0	0	0	0	0	0	0	0	0	0	0	0	0
F6_S22_subsampled_depth_4G_contig_5208	16.754503	16.602715	40815	27.95041	5.588083	233.34818	16.212526	15.955646	40853	33.17425	5.400676	227.52762	16.230322	16.112206	40853	23.808176	5.462015	230.16136	15.152781	15.041037	41006	24.42625	5.108502	221.49794	14.9421625	14.748912	40837	25.506401	5.0085764	218.10635	15.087894	14.842353	40819	27.587173	5.0745726	219.42513	9.877497	9.243799	40733	45.542774	2.7907624	22.38215	7.491262	7.125993	40560	20.840698	2.0601873	14.355455	10.000783	9.5518055	40798	31.7029	2.7490869	20.430162	0	0	0	0	0	0	0	0	0	0	0	0	0	0	0	0	0	0
F6_S22_subsampled_depth_4G_contig_7054	6.6638517	6.3734593	18239	14.590466	2.4184911	100.99173	6.551195	6.245968	18171	12.903607	2.4026837	101.22373	7.4947286	7.2356043	18256	14.097856	2.7543283	116.06332	8.439697	8.180474	18267	17.56532	3.105759	134.66174	8.307833	7.987306	18267	19.381552	3.0229025	131.63705	8.444445	8.140799	18267	19.385147	3.1125746	134.58804	0	0	0	0	0	0	0	0	0	0	0	0	0	0	0	0	0	0	0	0	0	0	0	0	0	0	0	0	0	0	0	0	0	0	0	0
F6_S22_subsampled_depth_4G_contig_7299	7.1025357	7.037688	14506	7.744553	2.3760748	99.22055	6.2328644	6.0686426	14302	10.066074	2.08987	88.04507	7.2708273	7.1347313	14499	11.798189	2.4544866	103.428505	7.379702	7.2466335	14506	10.705765	2.4869018	107.82879	7.1076207	7.028169	14450	7.8947186	2.3765507	103.49066	6.8436193	6.719084	14490	9.539807	2.3167505	100.17657	2.2724993	2.1403809	11578	3.8499467	0.660829	5.2999063	2.3624268	2.2909765	12844	2.5968163	0.6600496	4.599249	2.987601	2.840582	12904	5.307683	0.82805556	6.1537943	0	0	0	0	0	0	1.6090137	1.5253831	11367	1.7144127	12.568975	349.38626	1.7310532	1.6609658	11731	1.8158547	13.542841	374.17065
F6_S22_subsampled_depth_4G_contig_7715	19.089062	18.861462	17214	45.59406	6.4495153	269.32	19.056824	18.95023	17218	44.30731	6.4295044	270.87146	18.404367	18.062878	17218	62.188778	6.2543626	263.54984	16.631548	16.390177	17273	43.81769	5.694088	246.88823	17.61099	17.37934	17170	51.734364	5.934938	258.44614	16.954039	16.696257	17218	39.054142	5.783973	250.09955	0	0	0	0	0	0	0	0	0	0	0	0	0	0	0	0	0	0	13.250132	12.144702	17206	78.33067	116.07398	3248.217	22.396193	20.131075	17208	193.5657	185.7498	5163.3804	20.703089	18.773603	17212	167.23936	168.37993	4652.1104
F6_S22_subsampled_depth_4G_contig_7940	4.9050884	4.6691713	51167	10.431117	1.6425169	68.58853	5.280586	5.050602	51896	10.692604	1.76934	74.54131	4.972739	4.830218	51158	8.184745	1.6853338	71.01754	5.0577803	4.8586345	51643	10.113475	1.7234125	74.724945	4.923559	4.742317	51076	9.244454	1.6571915	72.16501	5.161198	4.9495034	51961	10.052503	1.754967	75.88497	0	0	0	0	0	0	0	0	0	0	0	0	0	0	0	0	0	0	3.9674156	3.810095	49759	7.2487626	33.52198	938.07996	4.720551	4.5760713	50994	8.179423	37.55142	1043.836	4.23205	4.0775027	50665	7.082857	32.939037	910.06146
F6_S22_subsampled_depth_4G_contig_8376	2.948198	2.8084698	10576	4.4921613	1.0154678	42.40408	3.3691962	3.296535	10739	4.825304	1.1263874	47.4541	2.8972626	2.700385	9925	5.7735558	0.9802042	41.3044	4.8880806	4.6876802	11472	9.504234	1.640357	71.12374	4.446899	4.317806	11514	6.848952	1.4934375	65.03407	4.682346	4.5555344	11067	8.047836	1.5845237	68.514984	0	0	0	0	0	0	0	0	0	0	0	0	0	0	0	0	0	0	0	0	0	0	0	0	0	0	0	0	0	0	0	0	0	0	0	0
F6_S22_subsampled_depth_4G_contig_8383	7.2679343	7.1225595	22304	11.72263	2.4705966	103.16763	7.1836696	7.0293384	22236	11.667404	2.4437532	102.953964	7.7091746	7.5395513	22320	11.629805	2.6605828	112.113075	9.266627	9.130269	22342	14.743967	3.1792412	137.8478	8.740267	8.495794	22342	15.973993	3.002458	130.74675	9.221702	9.038099	22342	15.066069	3.1719937	137.15738	0	0	0	0	0	0	0	0	0	0	0	0	0	0	0	0	0	0	0	0	0	0	0	0	0	0	0	0	0	0	0	0	0	0	0	0
F6_S22_subsampled_depth_4G_contig_8533	59.441727	58.588177	32249	198.20724	19.829525	828.0449	60.143555	58.96189	32238	220.68889	20.040354	844.28925	59.862892	58.465717	32247	270.36176	20.135698	848.489	51.79741	50.56997	32249	204.44214	17.478542	757.847	52.052742	50.77024	32238	232.98224	17.412367	758.24896	52.60924	51.393238	32238	184.36937	17.717325	766.099	2.6340384	2.4586895	25889	5.2512946	0.744438	5.9704547	2.5741613	2.3317297	26437	6.1663094	0.7076934	4.931235	3.5170255	3.2057388	28872	9.967083	0.96765316	7.1912355	0	0	0	0	0	0	0	0	0	0	0	0	0	0	0	0	0	0
F6_S22_subsampled_depth_4G_contig_369|provirus_8597_41341	3.0587513	2.9389849	29903	4.1613946	1.0203292	42.607086	2.8023317	2.6899478	30232	3.743248	0.9411635	39.65071	3.1301734	3.0383816	30635	3.9482324	1.0563567	44.51332	3.632643	3.5513515	31211	4.40091	1.2228969	53.023254	3.2617579	3.1831136	31010	4.0726724	1.0944285	47.6586	3.710477	3.6267853	30984	5.520242	1.2526661	54.16545	0	0	0	0	0	0	0	0	0	0	0	0	0	0	0	0	0	0	0	0	0	0	0	0	0	0	0	0	0	0	0	0	0	0	0	0
F6_S22_subsampled_depth_4G_contig_1399|provirus_7803_32191	50.92483	49.847183	24282	518.91425	17.152729	716.2667	51.172863	50.001144	24351	504.21124	17.18975	724.1948	53.68563	52.626667	24340	590.54047	18.20887	767.2952	58.425224	57.391254	24389	592.669	19.879868	861.965	57.12084	56.22235	24340	567.1062	19.344269	842.37634	57.756798	57.021862	24282	483.87292	19.591013	847.1173	5.166962	4.5003896	20283	35.31658	1.4608768	11.716357	4.2703495	3.7254894	18562	23.57956	1.170977	8.159407	5.33607	4.8407207	20548	28.813532	1.4673687	10.904933	4.8193407	4.6866665	23002	9.362236	43.68463	1222.4716	3.7504022	3.6791494	22920	5.2047997	29.417477	817.7324	4.924378	4.8236694	23714	7.636949	38.272984	1057.4314
F6_S22_subsampled_depth_4G_contig_1463|provirus_23829_45920	54.4372	54.001064	22092	140.99585	18.22783	761.16113	52.95014	52.582592	22092	129.0953	17.73451	747.1451	59.42781	58.584007	22092	170.44406	20.047024	844.7524	59.718075	58.884647	22092	155.15802	20.260942	878.4885	58.782333	57.91412	22092	138.6728	19.779097	861.31177	59.647434	59.233795	22092	128.62422	20.184883	872.79663	14.164616	13.178043	21969	127.83599	3.995447	32.043835	12.208505	11.427385	21833	94.453896	3.3625884	23.430626	13.896545	13.0346365	22033	106.62755	3.822828	28.409819	2.0342267	1.9057626	18372	2.764655	19.785316	553.6728	0	0	0	0	0	0	2.0129433	1.8882419	18068	2.7043583	15.627597	431.7695
F6_S22_subsampled_depth_4G_contig_3883|provirus_30152_103741	3.974006	3.8740923	70920	5.5482154	1.3339995	55.70542	4.2305555	4.164957	70967	5.3391266	1.4182674	59.750828	4.465945	4.37382	72160	5.6680083	1.5100621	63.631786	5.16875	5.026204	71104	9.3477	1.7506728	75.9069	5.2453566	5.130492	72265	8.121271	1.7771442	77.388535	5.3234477	5.22077	72894	7.847232	1.8011796	77.88319	0	0	0	0	0	0	0	0	0	0	0	0	0	0	0	0	0	0	0	0	0	0	0	0	0	0	0	0	0	0	0	0	0	0	0	0
F6_S22_subsampled_depth_4G_contig_8122|provirus_52207_63756	11.606052	11.517738	11550	13.0041065	3.9034016	162.999	11.269825	11.077193	11490	18.080885	3.7825735	159.35773	13.387544	13.174853	11550	20.252644	4.536173	191.14778	13.936052	13.881287	11550	18.012314	4.7269154	204.95294	13.1191225	12.96306	11513	21.094679	4.4181786	192.39653	13.860614	13.717349	11550	22.624748	4.6677923	201.83588	0	0	0	0	0	0	0	0	0	0	0	0	0	0	0	0	0	0	0	0	0	0	0	0	0	0	0	0	0	0	0	0	0	0	0	0
F7_S23_subsampled_depth_4G_contig_445	3.1649427	3.0831654	10510	4.34499	1.0539066	44.009205	3.2972238	3.2365928	10901	2.8213673	1.1205158	47.2067	3.1134095	3.0393145	10240	3.5129519	1.0532422	44.38209	4.4438396	4.3075604	11032	5.6246004	1.5074995	65.36324	4.8655415	4.721371	11008	7.222823	1.6174324	70.43363	5.123571	5.0371976	11018	7.2147436	1.7403507	75.25294	0	0	0	0	0	0	0	0	0	0	0	0	0	0	0	0	0	0	0	0	0	0	0	0	0	0	0	0	0	0	0	0	0	0	0	0
F7_S23_subsampled_depth_4G_contig_588	38.554096	38.11276	13413	140.04396	13.414941	560.18353	42.822212	42.30795	13413	137.6478	14.899127	627.6921	45.657467	44.902992	13413	222.3964	16.006397	674.4861	48.39516	47.2855	13413	236.44382	17.176735	744.76086	48.635227	47.97713	13413	213.29099	16.986727	739.7135	48.890522	48.026722	13413	230.7734	17.277617	747.08594	0	0	0	0	0	0	0	0	0	0	0	0	0	0	0	0	0	0	5.769886	5.5836473	13256	11.535793	56.585495	1583.4901	4.2968407	4.201474	13279	4.3987594	35.21874	978.99304	6.0096507	5.8151126	13413	9.346007	48.01253	1326.5217
F7_S23_subsampled_depth_4G_contig_1106	7.5858254	7.404506	24418	17.339449	2.534303	105.82793	6.875461	6.682567	24003	17.168646	2.3008456	96.93339	6.7859483	6.6578517	24337	12.198313	2.2943356	96.67996	7.3848834	7.1555758	24443	15.695563	2.4964263	108.24184	7.0934863	6.897087	24132	15.821244	2.3778203	103.545944	7.7508807	7.58548	23979	19.103445	2.6106217	112.883606	1.59746	1.4910332	18847	1.9591397	0.45075494	3.6150906	0	0	0	0	0	0	0	0	0	0	0	0	5.042278	4.6981792	23395	14.048768	42.509964	1189.5996	4.632487	4.4579425	23744	8.273507	37.31122	1037.1589	4.3515363	4.1273556	23632	8.833073	34.646034	957.223
F7_S23_subsampled_depth_4G_contig_1432	2.7426922	2.6048925	10959	4.483294	0.90654975	37.85587	2.8487587	2.692788	11422	4.6204042	0.9435236	39.750134	3.658492	3.591143	12447	4.4040933	1.2183845	51.340954	3.572242	3.4954028	12552	4.545939	1.1993694	52.003098	3.541189	3.4345846	12688	5.288565	1.1897807	51.81088	3.6035228	3.5303247	12472	4.682277	1.2042571	52.072227	0	0	0	0	0	0	0	0	0	0	0	0	0	0	0	0	0	0	0	0	0	0	0	0	0	0	0	0	0	0	0	0	0	0	0	0
F7_S23_subsampled_depth_4G_contig_2191	42.637554	42.28453	34795	87.385925	14.3945465	601.09015	45.568653	45.212692	34795	103.19871	15.357663	647.00977	46.5143	45.897663	34795	111.610146	15.838866	667.4268	52.821445	52.56775	34795	117.31751	18.034826	781.9667	51.101574	50.863987	34795	106.008835	17.345205	755.32416	53.610794	53.36708	34795	125.65847	18.281137	790.47833	5.5163226	5.0573745	33009	24.26192	1.5615668	12.523893	5.0965796	4.5780444	30662	24.929766	1.3984059	9.744134	5.0905757	4.598762	32633	21.911839	1.4045882	10.438369	5.556819	5.416696	34552	8.020418	51.61372	1444.3591	4.0693607	3.958789	34149	5.055199	32.494762	903.27344	5.8356185	5.751419	34594	6.9443736	45.401833	1254.3915
F7_S23_subsampled_depth_4G_contig_2221	7.143447	7.0201697	12984	8.542734	2.3988292	100.170746	6.5910864	6.482947	12980	7.643731	2.2341733	94.124504	6.5515037	6.4240823	12957	8.982974	2.2500138	94.812355	6.291959	6.23589	12979	7.0592246	2.1553326	93.45243	6.244351	6.135301	12948	7.4727435	2.0836766	90.73697	6.727287	6.6539125	12975	7.005182	2.2755346	98.39435	0	0	0	0	0	0	0	0	0	0	0	0	0	0	0	0	0	0	0	0	0	0	0	0	0	0	0	0	0	0	0	0	0	0	0	0
F7_S23_subsampled_depth_4G_contig_2226	12.336132	12.098213	15513	21.111322	4.336634	181.09006	11.719195	11.479352	15513	19.164211	4.144998	174.62642	12.947797	12.668547	15513	24.674269	4.551082	191.7759	13.554058	13.230925	15513	27.505005	4.9166117	213.17792	14.181931	13.805887	15513	28.824015	5.0139604	218.3407	13.965176	13.765169	15513	23.524298	4.970853	214.94028	0	0	0	0	0	0	0	0	0	0	0	0	0	0	0	0	0	0	0	0	0	0	0	0	0	0	0	0	0	0	0	0	0	0	0	0
F7_S23_subsampled_depth_4G_contig_2992	2.5942779	2.54271	17166	2.3353271	0.8643754	36.094738	2.6392455	2.571716	17019	3.075678	0.87693083	36.944607	2.9399009	2.8249571	16574	4.4330893	0.9838732	41.45898	3.2327242	3.1014621	17485	4.848757	1.0892233	47.227325	3.1654325	3.0312555	17598	4.5634766	1.0618396	46.239456	3.451649	3.3653584	17815	4.6229954	1.1645564	50.35552	0	0	0	0	0	0	0	0	0	0	0	0	0	0	0	0	0	0	0	0	0	0	0	0	0	0	0	0	0	0	0	0	0	0	0	0
F7_S23_subsampled_depth_4G_contig_3595	2.7503967	2.7044082	16165	2.822465	0.910541	38.022522	2.7117434	2.5947104	15618	3.9522712	0.89846903	37.852005	2.6669688	2.5612721	15787	3.5551271	0.8950088	37.714394	3.258218	3.0973551	16086	5.517291	1.0894605	47.237595	2.994049	2.8518891	16552	4.1468215	0.99848866	43.480766	2.8776922	2.7484887	15406	4.481214	0.9671528	41.81979	1.6983677	1.6049118	13785	1.9584376	0.48627836	3.8999906	1.671673	1.5337532	13865	2.2014966	0.45690817	3.1837535	2.177454	1.9541562	13453	4.7994895	0.60313416	4.4822655	0	0	0	0	0	0	0	0	0	0	0	0	0	0	0	0	0	0
F7_S23_subsampled_depth_4G_contig_3799	30.796253	30.110743	17903	99.56919	10.404763	434.48392	27.329527	26.88782	17903	67.017746	9.218105	388.35376	27.140125	26.630524	17903	85.02351	9.228849	388.89023	27.205097	26.397413	17903	87.471	9.29247	402.9095	28.191427	27.758015	17927	75.730736	9.510997	414.17136	27.604376	27.082745	17903	78.30808	9.415708	407.13626	3.5166225	3.1473033	15773	11.339522	1.010296	8.10266	2.9075773	2.5747766	14654	8.733301	0.80804545	5.630487	3.3548405	2.9716268	14840	11.680562	0.94864506	7.0499725	0	0	0	0	0	0	0	0	0	0	0	0	0	0	0	0	0	0
F7_S23_subsampled_depth_4G_contig_4576	4.829575	4.649383	19817	8.520998	1.6077683	67.13746	5.237979	5.1246805	19589	10.038022	1.7455649	73.53972	4.7360954	4.578401	19707	9.201214	1.5984399	67.35595	5.636355	5.4848633	20023	10.214589	1.9000579	82.38406	5.8925796	5.72792	20288	11.150184	1.9731054	85.92197	5.6173754	5.4874177	19767	10.163151	1.8932614	81.86481	0	0	0	0	0	0	0	0	0	0	0	0	0	0	0	0	0	0	0	0	0	0	0	0	1.6995059	1.5633458	15645	2.2947395	13.338137	370.76703	2.0777283	1.9301049	16554	3.328123	16.031328	442.92386
F7_S23_subsampled_depth_4G_contig_5253	27.92029	28.059351	22706	91.53733	9.337959	389.93625	28.204594	28.37098	22707	85.01831	9.447403	398.014	28.859335	29.108555	22504	90.72185	9.756502	411.12482	32.32442	32.580704	22706	108.769905	10.970887	475.6835	33.06069	33.141605	22707	119.17645	11.123247	484.37906	32.57104	32.69945	22706	113.089554	11.01742	476.39447	4.1638517	3.8968625	20372	11.000284	1.1861573	9.513084	3.3442833	3.073536	20174	8.38111	0.9251119	6.446213	4.512568	4.070975	20233	17.882946	1.2488525	9.280997	0	0	0	0	0	0	0	0	0	0	0	0	0	0	0	0	0	0
F7_S23_subsampled_depth_4G_contig_5410	34.938145	35.119213	16599	131.64131	11.600728	484.4253	33.574127	33.488457	16605	131.91487	11.133815	469.06143	35.293293	35.516	16584	102.575806	11.81246	497.7598	41.54636	41.674294	16598	183.55983	13.96117	605.3382	38.379997	38.703457	16608	155.1973	12.794956	557.17645	42.322395	42.61732	16577	173.74783	14.176936	613.01215	14.975878	14.596192	16517	65.007065	4.214004	33.796654	11.613501	11.181112	16304	49.870358	3.1683207	22.076963	17.159922	17.031998	16293	86.29501	4.68747	34.835503	0	0	0	0	0	0	0	0	0	0	0	0	0	0	0	0	0	0
F7_S23_subsampled_depth_4G_contig_7221	86.50004	75.37157	36546	10014.323	28.860874	1205.1774	80.43337	69.73119	36723	8390.89	26.825466	1130.1421	84.70795	72.862854	36767	9935.983	28.500462	1200.9678	98.45083	82.65049	36821	16617.146	33.25503	1441.8948	94.73606	78.92505	36825	15674.958	31.756937	1382.9055	96.84474	79.97476	36419	17681.684	32.625042	1410.7102	34.34732	31.940987	35762	863.21436	9.705256	77.837	27.020504	25.14999	35631	513.15063	7.4269495	51.75123	33.171726	30.662062	35725	796.3774	9.12198	67.79114	0	0	0	0	0	0	7.2368097	1.7821503	28477	800.9091	66.22947	1841.0143	7.6441717	2.0134811	30218	871.69055	68.089195	1881.2124
F7_S23_subsampled_depth_4G_contig_7229	6.074431	5.836175	12747	18.933218	2.0290716	84.730354	7.212618	7.023062	12992	20.20153	2.407023	101.40654	6.586997	6.3230376	12600	22.796865	2.2274888	93.86311	6.7681074	6.5390825	13206	20.003902	2.286852	99.1549	7.926755	7.7233343	13596	18.462013	2.6423461	115.06503	7.379198	7.015073	13419	23.056898	2.4900756	107.67116	0	0	0	0	0	0	0	0	0	0	0	0	0	0	0	0	0	0	0	0	0	0	0	0	0	0	0	0	0	0	0	0	0	0	0	0
F7_S23_subsampled_depth_4G_contig_8780	103.64102	102.92946	60271	288.96655	34.6151	1445.4635	102.623024	101.75129	60273	277.8702	34.23965	1442.4979	101.480064	100.383415	60264	355.8471	34.166134	1439.7114	105.53013	103.05051	60273	777.3112	35.667633	1546.5026	106.7156	104.43374	60273	734.7194	35.779423	1558.0709	108.021706	105.62745	60273	760.29193	36.412582	1574.4845	35.141624	35.399754	60197	137.31772	9.954952	79.83955	31.350466	31.302286	60183	118.830376	8.628165	60.121338	36.645977	36.85585	60123	143.31126	10.085691	74.95305	0	0	0	0	0	0	1.54149	1.4311693	45818	1.8341581	12.178553	338.53345	1.5856826	1.4922659	45856	1.8077466	12.381778	342.09174
F7_S23_subsampled_depth_4G_contig_8784	31.617039	31.070171	35634	171.0387	10.611618	443.1218	31.503466	30.8383	35634	186.4755	10.570189	445.31625	31.528154	31.055862	35634	165.19702	10.672154	449.7091	27.750565	27.14385	35634	151.83226	9.444081	409.48312	28.834349	28.258892	35634	146.51353	9.72553	423.51343	28.273193	27.797783	35634	155.55319	9.592084	414.76285	1.9422275	1.8405248	29753	2.2722306	0.5534988	4.439108	0	0	0	0	0	0	2.2264683	2.1192071	29650	3.0886366	0.6174145	4.588393	0	0	0	0	0	0	0	0	0	0	0	0	0	0	0	0	0	0
F7_S23_subsampled_depth_4G_contig_364|provirus_18442_44911	26.223442	24.002153	26470	309.40088	8.93241	373.00134	27.810677	25.304838	26470	365.48337	9.447164	398.00375	28.902887	26.688957	26470	319.4513	9.888972	416.70697	32.58803	29.871622	26470	451.56708	11.218155	486.40475	33.30638	30.451073	26470	498.3754	11.418312	497.22818	31.72462	29.01963	26470	406.77374	10.906823	471.61234	0	0	0	0	0	0	0	0	0	0	0	0	0	0	0	0	0	0	4.675912	4.08899	24718	21.001694	44.064392	1233.0986	3.8099544	3.3606045	24342	12.983297	30.280396	841.7194	4.5951366	3.9354103	24913	24.456392	35.79105	988.85864
F7_S23_subsampled_depth_4G_contig_1595|provirus_1_19006	3.351188	3.135871	17416	6.8972917	1.1278104	47.09532	3.4896584	3.37609	17762	5.2049847	1.1665342	49.145428	3.6964362	3.6145415	17934	4.770427	1.256902	52.964024	3.7431586	3.5928	18227	5.91605	1.2876993	55.832962	4.269357	4.052263	17532	10.367061	1.4500266	63.143707	4.5547304	4.2932477	18369	9.304457	1.5465245	66.87189	0	0	0	0	0	0	0	0	0	0	0	0	0	0	0	0	0	0	0	0	0	0	0	0	0	0	0	0	0	0	0	0	0	0	0	0
F7_S23_subsampled_depth_4G_contig_4183|provirus_287_22191	13.210204	11.969869	21905	84.7478	4.7503376	198.36551	13.182441	12.060569	21905	79.77433	4.686645	197.4458	12.264261	11.240948	21905	76.07758	4.4293804	186.64755	12.733211	11.681017	21905	74.01772	4.571323	198.20668	12.648632	11.748277	21905	61.833042	4.474866	194.86504	13.742588	12.636484	21905	79.17682	4.931708	213.24767	0	0	0	0	0	0	0	0	0	0	0	0	0	0	0	0	0	0	0	0	0	0	0	0	0	0	0	0	0	0	0	0	0	0	0	0
F7_S23_subsampled_depth_4G_contig_7472|provirus_30152_137958	6.1456294	5.9311714	104419	15.785769	2.066702	86.3017	6.135114	5.885028	105759	16.662931	2.0579584	86.70064	6.8243494	6.5978656	105547	18.742184	2.3123193	97.43777	8.144032	7.889146	106859	24.751217	2.769984	120.102905	7.8692513	7.600838	107074	22.771044	2.6640315	116.00942	7.7304683	7.476598	106975	22.880007	2.6238143	113.454	0	0	0	0	0	0	0	0	0	0	0	0	0	0	0	0	0	0	0	0	0	0	0	0	0	0	0	0	0	0	0	0	0	0	0	0
F8_S24_subsampled_depth_4G_contig_99	4.860016	4.614693	16264	11.002144	1.6562635	69.16255	4.925237	4.800738	15831	9.384797	1.6729152	70.47899	4.7145963	4.5686684	15415	10.425727	1.623957	68.431206	5.887976	5.7000337	16214	13.392027	2.0250292	87.80266	4.7201524	4.538678	15801	10.537939	1.6131133	70.24554	5.2658978	5.0945992	16150	11.847581	1.795585	77.64128	0	0	0	0	0	0	0	0	0	0	0	0	0	0	0	0	0	0	0	0	0	0	0	0	0	0	0	0	0	0	0	0	0	0	0	0
F8_S24_subsampled_depth_4G_contig_489	10.001257	9.938069	16765	21.795652	3.427535	143.12758	10.483147	10.367325	16853	21.168303	3.6155548	152.32132	10.363228	10.093461	16819	24.149279	3.6053784	151.9254	10.442855	10.254773	16831	21.039104	3.60485	156.30156	11.085853	10.915386	16853	19.530888	3.8365948	167.07063	12.047656	11.839154	16853	23.688429	4.1538997	179.61502	2.6708975	2.4482803	14339	5.2730165	0.78272915	6.2775555	2.4785967	2.3856182	13845	3.7690158	0.7052636	4.914301	2.7231035	2.6481075	15608	3.0122352	0.7592741	5.642641	0	0	0	0	0	0	0	0	0	0	0	0	0	0	0	0	0	0
F8_S24_subsampled_depth_4G_contig_612	16.574469	16.312593	53239	31.051085	5.658438	236.28598	16.985817	16.72194	53239	35.291573	5.79341	244.0731	19.050406	18.667566	53239	43.850758	6.549589	275.99008	21.053797	20.664051	53239	49.999794	7.2825785	315.76312	20.437153	20.112074	53239	43.970425	7.039481	306.54526	20.53126	20.162848	53239	49.119762	7.1019683	307.08978	0	0	0	0	0	0	0	0	0	0	0	0	0	0	0	0	0	0	0	0	0	0	0	0	0	0	0	0	0	0	0	0	0	0	0	0
F8_S24_subsampled_depth_4G_contig_1263	13.241043	13.088565	23812	29.757639	4.5111904	188.37912	13.122083	12.935815	23812	28.74847	4.454668	187.67279	12.280541	12.249379	23807	22.249104	4.2047887	177.18365	11.444951	11.357541	23803	20.373165	3.9280784	170.3164	12.21526	12.019082	23806	25.307858	4.144317	180.47076	12.071866	12.028272	23847	23.187742	4.125618	178.39221	0	0	0	0	0	0	0	0	0	0	0	0	0	0	0	0	0	0	13.766215	13.1106	23812	49.197796	117.7952	3296.3828	18.72355	18.181631	23812	49.45172	150.92691	4195.391	17.535215	16.75892	23812	51.349533	139.41292	3851.793
F8_S24_subsampled_depth_4G_contig_1824	5.694835	5.575055	10687	6.8915663	1.9300551	80.59561	5.9822493	5.923004	10741	5.512621	2.007993	84.5956	7.6091022	7.520193	10741	9.823389	2.5782151	108.64227	7.617789	7.5300536	10736	9.81613	2.5959477	112.556915	8.464734	8.396098	10741	10.016483	2.8900437	125.851524	8.030309	7.976503	10741	7.9666934	2.6845565	116.08058	0	0	0	0	0	0	0	0	0	0	0	0	0	0	0	0	0	0	0	0	0	0	0	0	0	0	0	0	0	0	0	0	0	0	0	0
F8_S24_subsampled_depth_4G_contig_2111	317.2885	313.6316	45573	5527.9575	105.90311	4422.321	323.07376	319.43512	45576	5160.287	107.8141	4542.15	307.5649	302.99136	45580	5853.822	103.521935	4362.2646	326.0887	322.07916	45580	6162.0566	110.12054	4774.6836	317.04547	313.40707	45578	5296.5054	106.30303	4629.133	330.02005	325.8392	45661	5895.785	111.20811	4808.65	12.852475	12.592295	45546	37.213657	3.6423337	29.211823	11.53565	11.129636	45548	39.454845	3.1760886	22.131096	19.392763	18.96233	45556	82.56366	5.335412	39.650745	2.5406384	2.4104393	38958	3.768767	23.047218	644.954	1.9296434	1.8165572	37247	2.3897324	15.401671	428.12802	3.3862362	3.2933521	42944	4.29349	26.247263	725.1765
F8_S24_subsampled_depth_4G_contig_3248	9.0061455	8.921213	33979	11.821857	3.0090315	125.651726	9.239999	9.048257	33986	14.622588	3.0848644	129.96368	9.009189	8.897873	33986	11.661043	3.0315666	127.74578	8.029398	7.8645854	33962	12.846262	2.710508	117.52409	8.206258	8.108036	33990	10.179148	2.739319	119.287994	8.333451	8.235408	33996	9.777534	2.7998993	121.06798	0	0	0	0	0	0	0	0	0	0	0	0	0	0	0	0	0	0	0	0	0	0	0	0	0	0	0	0	0	0	0	0	0	0	0	0
F8_S24_subsampled_depth_4G_contig_3567	0	0	0	0	0	0	0	0	0	0	0	0	0	0	0	0	0	0	2.425754	2.423969	997	1.3458169	0.804451	34.879948	2.0846868	2.0914948	907	1.1925875	0.6982671	30.40714	2.589327	2.5876288	1012	0.95542604	0.85278064	36.874348	0	0	0	0	0	0	0	0	0	0	0	0	0	0	0	0	0	0	0	0	0	0	0	0	0	0	0	0	0	0	0	0	0	0	0	0
F8_S24_subsampled_depth_4G_contig_3706	5.3985653	5.295701	25242	7.148299	1.8119634	75.664276	5.9534283	5.8308287	25107	9.027312	2.0004864	84.27937	5.164687	5.039331	24984	8.2217	1.763179	74.297806	6.0510015	5.873557	25177	11.624616	2.042479	88.55926	5.5343213	5.395488	25321	9.601113	1.8766475	81.72151	6.3176136	6.159371	25443	11.15684	2.1446602	92.735344	0	0	0	0	0	0	0	0	0	0	0	0	0	0	0	0	0	0	0	0	0	0	0	0	1.8626367	1.7542576	20583	2.401312	14.903546	414.28134	1.9934533	1.84995	20864	2.9258235	15.629682	431.82715
F8_S24_subsampled_depth_4G_contig_4094	4870.8315	5059.1675	69951	2966846.8	1626.1027	67903.09	4802.9717	4990.1484	69949	2872591.3	1602.2764	67503.03	4654.1304	4831.0366	69932	2733602.3	1566.4288	66007.03	4610.846	4785.548	69951	2690113.8	1557.3146	67523.14	4387.8286	4554.536	69951	2408083.8	1470.9498	64054.81	4479.738	4650.555	69951	2520469.5	1509.4615	65269.285	5576.511	5628.604	66308	6149348	1579.7887	12670.041	4290.1997	4326.5635	67127	3640684.5	1182.3042	8238.336	5065.222	5109.2417	66461	4984377	1395.3774	10369.917	6.9816623	6.914328	65439	14.784449	59.956184	1677.8156	7.5924273	7.568361	67049	15.1904335	59.98278	1667.3716	6.3266287	6.256682	67363	11.06	48.92318	1351.6818
F8_S24_subsampled_depth_4G_contig_5301	31.319744	30.759686	12019	81.23073	10.635188	444.10605	30.616745	30.252947	12019	62.144405	10.3	433.9334	29.766762	29.255474	12019	58.827835	10.146344	427.55212	28.521143	28.079731	12019	68.5011	9.764072	423.35757	30.446344	30.049973	12019	64.19961	10.290599	448.12012	29.88915	29.224874	12022	70.89546	10.172532	439.8615	0	0	0	0	0	0	0	0	0	0	0	0	0	0	0	0	0	0	0	0	0	0	0	0	0	0	0	0	0	0	0	0	0	0	0	0
F8_S24_subsampled_depth_4G_contig_5550	7.9150505	7.274558	39155	44.329857	2.6740918	111.66524	7.9909487	7.27262	38700	50.389328	2.7009535	113.78969	8.217481	7.3765554	39241	59.695065	2.8129706	118.534546	15.891841	15.191325	39680	88.09307	5.405593	234.37946	15.904028	15.204135	39644	96.9481	5.368733	233.78987	16.072435	15.381387	39703	100.678955	5.464874	236.30176	0	0	0	0	0	0	0	0	0	0	0	0	0	0	0	0	0	0	0	0	0	0	0	0	0	0	0	0	0	0	0	0	0	0	0	0
F8_S24_subsampled_depth_4G_contig_5635	5.0444164	4.8989015	45634	9.260255	1.693702	70.7259	4.8704987	4.707172	43534	11.011236	1.6381587	69.01476	5.0734625	4.8768377	45189	11.202463	1.7179296	72.39103	5.378342	5.2034435	45817	12.249685	1.8297377	79.33504	5.7369113	5.5798464	45868	12.747631	1.9376078	84.37612	6.2411137	6.0857387	46821	12.491275	2.1244707	91.86234	0	0	0	0	0	0	0	0	0	0	0	0	0	0	0	0	0	0	0	0	0	0	0	0	0	0	0	0	0	0	0	0	0	0	0	0
F8_S24_subsampled_depth_4G_contig_5688	9.131984	8.926409	33139	16.001614	3.162766	132.07138	9.377581	9.223502	33138	17.494566	3.2723544	137.86252	10.175544	10.041022	33139	16.56973	3.5553396	149.81685	11.20913	11.00677	33130	22.444897	3.9429	170.95905	10.855285	10.64336	33135	22.45299	3.8047585	165.68416	11.448726	11.237277	33139	22.286058	4.031953	174.34204	0	0	0	0	0	0	0	0	0	0	0	0	0	0	0	0	0	0	0	0	0	0	0	0	0	0	0	0	0	0	0	0	0	0	0	0
F8_S24_subsampled_depth_4G_contig_5998	14.890474	13.791874	21745	142.35345	5.5931168	233.55833	13.876114	12.774996	21739	153.17339	5.244874	220.96353	13.258992	12.176577	21731	143.9517	5.1051655	215.12422	12.210509	11.336172	21718	102.66001	4.633866	200.91847	10.484278	9.483199	21665	105.60689	3.9880757	173.66698	11.843238	11.030883	21807	82.72094	4.5162163	195.28175	0	0	0	0	0	0	0	0	0	0	0	0	0	0	0	0	0	0	0	0	0	0	0	0	0	0	0	0	0	0	0	0	0	0	0	0
F8_S24_subsampled_depth_4G_contig_7590	4.423912	4.3652167	12887	4.1965885	1.4943811	62.402645	4.8840976	4.827467	12991	4.2721786	1.6401075	69.096825	4.273216	4.1317997	12694	5.4641924	1.4633876	61.665043	6.3506656	6.280723	12954	8.407384	2.1531765	93.358986	6.3398457	6.216726	12984	7.781119	2.1592638	94.0285	7.093874	6.99853	12997	7.1640053	2.374813	102.68715	0	0	0	0	0	0	0	0	0	0	0	0	0	0	0	0	0	0	0	0	0	0	0	0	0	0	0	0	0	0	0	0	0	0	0	0
F8_S24_subsampled_depth_4G_contig_8486	2.9944477	2.8924286	24441	4.0424867	0.9950821	41.552834	2.7501903	2.5349839	23968	5.1607523	0.91059464	38.362858	2.9018862	2.7497466	24010	4.588966	0.97426015	41.053925	3.017189	2.886091	24003	4.5074053	1.0139364	43.962982	3.1683145	3.074193	24689	3.983003	1.0573623	46.044476	3.0724065	2.9149063	23931	4.794833	1.030821	44.572796	2.5815334	2.370289	22081	5.2045326	0.7265517	5.827007	2.3380742	2.0921497	21482	5.2590423	0.6367023	4.436565	2.2523577	2.1326263	23095	2.9002228	0.6196475	4.604985	0	0	0	0	0	0	0	0	0	0	0	0	0	0	0	0	0	0
F8_S24_subsampled_depth_4G_contig_8727	14.442368	14.296785	45255	22.873325	4.836597	201.96739	14.849529	14.4630375	45255	35.294865	4.962482	209.06665	15.121827	14.821234	45225	30.882915	5.101606	214.9743	14.281676	14.031703	45255	28.101366	4.8301187	209.42764	15.358851	15.114398	45255	27.019144	5.1617956	224.77843	15.707238	15.367853	45255	34.19619	5.301468	229.23605	9.444407	8.644857	44901	60.258442	2.6758876	21.460835	7.7020507	7.0961447	44641	37.902115	2.123925	14.7995825	8.918213	8.327208	44760	48.58964	2.4535782	18.234064	0	0	0	0	0	0	0	0	0	0	0	0	0	0	0	0	0	0
F8_S24_subsampled_depth_4G_contig_1684|provirus_3_10934	12.476071	12.212696	10929	27.152143	4.2069154	175.67323	11.637451	11.356348	10932	18.991165	3.9274242	165.46027	11.164348	10.592024	10932	29.957588	3.7997541	160.11621	10.681785	10.025145	10932	39.780098	3.7002203	160.43674	11.312466	11.039159	10932	22.776766	3.8414726	167.28299	11.453348	10.778957	10932	33.9373	3.9239736	169.67313	0	0	0	0	0	0	0	0	0	0	0	0	0	0	0	0	0	0	13.818865	13.011954	10932	53.45026	117.776825	3295.8704	19.886663	18.671167	10932	110.65926	160.17525	4452.4707	19.397236	18.232996	10932	88.9763	153.33327	4236.3926
F8_S24_subsampled_depth_4G_contig_3672|provirus_24057_56143	30.990889	30.805635	32087	270.08905	10.616387	443.3211	34.008705	33.8677	32087	324.59882	11.628975	489.92242	34.850704	34.574013	32087	370.5391	12.073183	508.74637	38.872498	38.555714	32087	451.01053	13.493031	585.04047	38.474934	38.317062	32087	401.72696	13.295492	578.973	39.014687	38.905098	32087	425.21143	13.519229	584.57306	0	0	0	0	0	0	0	0	0	0	0	0	0	0	0	0	0	0	3.4527664	2.9487214	25484	97.6472	39.904312	1116.6832	2.713655	2.2365978	24863	81.972275	28.890793	803.092	3.560134	3.1445122	27263	64.22842	34.09034	941.8705
F8_S24_subsampled_depth_4G_contig_4369|provirus_176078_196185	4.9472394	4.8819304	19621	6.120331	1.6515521	68.96581	4.728029	4.6749053	19644	5.5428047	1.590149	66.99208	4.8151116	4.7446003	19953	5.3409705	1.6395162	69.08681	3.8216755	3.7522824	19734	3.7290347	1.2981013	56.283962	3.3083975	3.189824	19470	3.8622444	1.1195412	48.752186	3.8256338	3.7631931	19542	4.1274347	1.3128147	56.766262	0	0	0	0	0	0	0	0	0	0	0	0	0	0	0	0	0	0	0	0	0	0	0	0	0	0	0	0	0	0	0	0	0	0	0	0
F8_S24_subsampled_depth_4G_contig_8134|provirus_103659_154584	6.1163344	5.6100435	50558	56.17197	2.18062	91.05867	5.4911966	5.0376806	50130	44.06129	1.9714605	83.05659	5.5835433	5.0012255	49941	56.560345	2.0366902	85.82312	6.0693436	5.435383	50337	67.42355	2.2080698	95.73905	5.7376714	5.207068	50413	55.21831	2.0734622	90.29216	6.3523316	5.78779	50630	51.326218	2.2887654	98.96643	0	0	0	0	0	0	0	0	0	0	0	0	0	0	0	0	0	0	0	0	0	0	0	0	0	0	0	0	0	0	0	0	0	0	0	0
GP3_S28_subsampled_depth_4G_contig_49	4.477776	4.085114	6119	12.352683	1.5642269	65.319244	9.931146	9.500449	6307	28.341522	3.5224826	148.40025	11.787296	11.372418	6317	41.461052	4.209914	177.39973	0	0	0	0	0	0	0	0	0	0	0	0	0	0	0	0	0	0	32781.77	32924.496	6337	31522372	9148.755	73373.766	47803.594	48018.09	6337	64589680	12977.604	90428.37	42977.027	43185.152	6337	53347108	11663.68	86680.06	0	0	0	0	0	0	0	0	0	0	0	0	0	0	0	0	0	0
GP3_S28_subsampled_depth_4G_contig_54	2.978888	2.8795614	20880	3.5451581	0.9997253	41.746708	3.1086714	3.0369365	20656	3.918806	1.0388346	43.765533	3.018623	2.8421807	20205	5.323993	1.0099474	42.55771	3.406018	3.2623081	20797	5.682195	1.1502203	49.872055	3.0500023	2.863908	20751	5.090797	1.0295963	44.835373	3.3041468	3.1618192	21111	5.3377066	1.11846	48.362324	3.3211699	3.2488766	21330	4.2021165	0.9401194	7.5398364	2.8218143	2.7119155	20650	3.8592167	0.7744193	5.3961816	3.2304103	3.1322896	21245	4.36499	0.8911976	6.6230445	0	0	0	0	0	0	0	0	0	0	0	0	0	0	0	0	0	0
GP3_S28_subsampled_depth_4G_contig_56	0	0	0	0	0	0	0	0	0	0	0	0	0	0	0	0	0	0	0	0	0	0	0	0	0	0	0	0	0	0	0	0	0	0	0	0	421.54865	421.0718	4838	3566.6082	122.91658	985.80133	362.19284	362.32416	4838	3611.854	102.76596	716.07684	276.59598	275.87677	4838	1959.1628	78.28064	581.752	0	0	0	0	0	0	0	0	0	0	0	0	0	0	0	0	0	0
GP3_S28_subsampled_depth_4G_contig_245	49.453526	49.220528	45122	81.53521	16.512972	689.5516	51.391487	51.173534	45122	82.00165	17.145233	722.31934	51.31324	51.098133	45122	89.28545	17.257431	727.20294	49.222515	48.79934	45122	102.02828	16.634995	721.27167	52.275703	52.042816	45122	95.28096	17.509884	762.49536	50.096725	49.734386	45122	92.98926	16.877216	729.7727	30.023726	28.63109	45122	203.86774	8.503478	68.19862	26.350885	25.428995	45122	128.49467	7.261289	50.596928	30.28131	29.266281	45122	169.90002	8.348458	62.042572	33.94161	33.648483	45122	59.166885	287.4251	8043.3096	35.884884	35.76621	45122	48.227303	284.71362	7914.325	32.733147	32.583878	45122	47.065086	254.6848	7036.5996
GP3_S28_subsampled_depth_4G_contig_291	8.505324	8.259678	2207	19.84622	2.9064136	121.36658	6.8731847	6.6521506	2148	15.4502535	2.4275243	102.270226	6.5788965	6.4064517	2199	16.151884	2.2201035	93.55194	7.1539207	7.0274196	2199	11.22763	2.3649805	102.54251	7.361084	7.2327957	2179	22.485537	2.4827373	108.11463	7.072604	7.092473	2142	9.931772	2.3137722	100.047775	3.5406582	3.489785	1976	4.895441	0.9761774	7.8290267	3.3833494	3.2360215	2019	6.079606	0.9870573	6.8778453	5.1698937	5.0419354	2129	10.3783865	1.5274193	11.351206	3.3000968	3.2693548	1953	3.3384695	25.727743	719.96564	2.2023234	2.0247312	1964	3.6810794	18.165024	504.94232	3.3378508	3.2908602	1974	4.8010554	26.75292	739.1472
GP3_S28_subsampled_depth_4G_contig_528	0	0	0	0	0	0	0	0	0	0	0	0	0	0	0	0	0	0	0	0	0	0	0	0	0	0	0	0	0	0	0	0	0	0	0	0	61.411934	61.193966	5379	100.19066	17.899984	143.55942	41.83056	41.60208	5379	82.52448	11.838608	82.49185	40.46682	40.474613	5379	75.89815	11.357281	84.403	0	0	0	0	0	0	0	0	0	0	0	0	0	0	0	0	0	0
GP3_S28_subsampled_depth_4G_contig_548	59.258816	58.16777	11208	231.95705	20.610872	860.6725	62.48092	61.29335	11208	221.60115	21.60718	910.2988	58.11964	56.65833	11208	178.26811	20.350075	857.5223	55.46012	54.594334	11208	189.61911	19.380196	840.30023	59.27618	58.623165	11208	172.23062	20.477215	891.71234	53.71116	53.003014	11208	130.58908	18.747194	810.6309	41.30765	40.679527	11208	435.3368	12.117738	97.18525	32.13393	32.016376	11208	301.74088	9.150284	63.75947	42.419426	41.803497	11208	492.6898	12.054024	89.580956	0	0	0	0	0	0	0	0	0	0	0	0	0	0	0	0	0	0
GP3_S28_subsampled_depth_4G_contig_778	66.34482	65.66465	13908	213.20638	22.372887	934.25116	68.49833	67.6808	13908	230.92331	23.076918	972.2178	66.2504	65.47779	13908	241.26424	22.606232	952.59357	63.221615	62.681526	13908	180.64374	21.683548	940.1708	64.26988	63.746044	13908	244.922	21.844076	951.2346	59.842636	59.111755	13908	209.62332	20.371185	880.8522	37.9992	37.862644	13908	136.98692	10.979085	88.05321	32.782673	32.966328	13908	97.9755	9.186975	64.01513	42.8092	42.705345	13908	177.38083	11.984386	89.06346	0	0	0	0	0	0	0	0	0	0	0	0	0	0	0	0	0	0
GP3_S28_subsampled_depth_4G_contig_854	0	0	0	0	0	0	4.843608	4.7534246	1441	11.49046	1.5757301	66.38465	5.5846853	5.3035326	1409	27.265064	2.0395603	85.94409	0	0	0	0	0	0	0	0	0	0	0	0	0	0	0	0	0	0	21581.648	22062.941	1691	210735570	5817.8965	46660.023	30812.184	31513.96	1691	433523100	8069.5996	56229.246	30364.22	31042.777	1691	419198300	7947.8247	59065.223	0	0	0	0	0	0	0	0	0	0	0	0	0	0	0	0	0	0
GP3_S28_subsampled_depth_4G_contig_969	5.3685193	5.26767	10701	8.675372	1.7939006	74.91003	4.4329753	4.3582773	9949	7.5056214	1.4913363	62.82919	5.178795	5.0893617	10644	7.552857	1.7615005	74.22706	4.9396544	4.908874	10498	6.114071	1.6687077	72.353	5.1996264	5.169694	10392	8.630083	1.7530148	76.33776	5.671742	5.52849	10836	7.582447	1.9127686	82.70832	5.9973845	5.827815	10679	11.639942	1.6958531	13.600885	5.266885	5.1354437	10587	9.361033	1.4409391	10.040511	5.5206914	5.3335757	10638	9.930651	1.5362635	11.416931	3.0375526	2.7532952	8889	7.878635	27.02697	756.32324	3.8799627	3.581941	10008	9.775668	32.39317	900.4489	3.363008	3.0310328	9587	8.712195	27.628712	763.34454
GP3_S28_subsampled_depth_4G_contig_986	3.3367925	3.141684	5921	5.8975616	1.1671138	48.736565	6.9768867	6.8590145	6510	14.063786	2.4789834	104.43821	6.6705976	6.2943745	6433	22.00203	2.3918207	100.78785	0	0	0	0	0	0	0	0	0	0	0	0	0	0	0	0	0	0	18567.842	18742.174	6510	8649222	5193.2524	41650.316	22064.848	22263.74	6510	12375199	6001.2847	41817.16	10679.639	10776.78	6510	2926118.3	2904.299	21583.648	0	0	0	0	0	0	0	0	0	0	0	0	0	0	0	0	0	0
GP3_S28_subsampled_depth_4G_contig_994	27.479706	26.020693	43782	267.83585	9.196994	384.04974	25.937263	24.752542	43765	189.80588	8.671058	365.3068	27.191072	25.803207	43759	227.54779	9.177912	386.74384	23.689722	22.647905	43783	173.66214	8.0239105	347.90634	23.488491	22.58496	43788	143.09671	7.89531	343.8136	23.21329	22.286074	43789	147.76263	7.8516645	339.5068	15.222372	13.983831	43740	153.6784	4.314511	34.602734	12.40054	11.389338	42859	97.49411	3.4178505	23.815702	14.607034	13.350188	43053	149.73042	4.0368366	30.000254	0	0	0	0	0	0	0	0	0	0	0	0	0	0	0	0	0	0
GP3_S28_subsampled_depth_4G_contig_1071	244.30533	240.10161	94280	2039.5309	81.63164	3408.7883	252.88737	248.59381	94280	2179.2302	84.439445	3557.3865	259.00183	254.31998	94280	2498.3137	87.234314	3675.9272	274.98428	269.20844	94280	3090.9648	92.9624	4030.7283	267.0024	261.96613	94280	2893.2866	89.60176	3901.849	268.58533	263.9112	94280	2669.0447	90.57889	3916.6426	117.34793	116.69204	94280	1291.3036	33.283047	266.93277	102.67671	101.85328	94280	1013.7149	28.331001	197.41135	116.45574	115.70737	94280	1238.837	32.125843	238.74702	0	0	0	0	0	0	0	0	0	0	0	0	0	0	0	0	0	0
GP3_S28_subsampled_depth_4G_contig_1072	0	0	0	0	0	0	0	0	0	0	0	0	0	0	0	0	0	0	0	0	0	0	0	0	0	0	0	0	0	0	0	0	0	0	0	0	1334.0652	1332.268	5392	40577.832	370.8635	2974.3564	1469.4298	1469.2789	5392	49417.574	397.4474	2769.427	1878.0004	1875.928	5392	75097.73	507.7019	3773.048	0	0	0	0	0	0	0	0	0	0	0	0	0	0	0	0	0	0
GP3_S28_subsampled_depth_4G_contig_1115	0	0	0	0	0	0	0	0	0	0	0	0	0	0	0	0	0	0	0	0	0	0	0	0	0	0	0	0	0	0	0	0	0	0	0	0	20.148027	19.870476	5399	27.551828	5.6093583	44.987553	37.508476	37.497566	5399	48.979015	10.174217	70.89431	23.673271	23.482964	5399	28.279856	6.376273	47.386044	0	0	0	0	0	0	0	0	0	0	0	0	0	0	0	0	0	0
GP3_S28_subsampled_depth_4G_contig_1118	0	0	0	0	0	0	0	0	0	0	0	0	0	0	0	0	0	0	0	0	0	0	0	0	0	0	0	0	0	0	0	0	0	0	0	0	7.816596	7.8250394	2244	5.2347436	2.147875	17.226135	2.3385196	2.294395	1800	2.612709	0.636044	4.4319763	4.398397	4.4332113	2175	3.1888468	1.1632606	8.644911	0	0	0	0	0	0	0	0	0	0	0	0	0	0	0	0	0	0
GP3_S28_subsampled_depth_4G_contig_1122	0	0	0	0	0	0	0	0	0	0	0	0	0	0	0	0	0	0	0	0	0	0	0	0	0	0	0	0	0	0	0	0	0	0	0	0	343.15628	340.82037	6453	5771.976	95.8613	768.81586	316.47946	316.6508	6453	3965.2935	85.866	598.3172	303.52054	301.52017	6453	4525.118	82.51677	613.2335	0	0	0	0	0	0	0	0	0	0	0	0	0	0	0	0	0	0
GP4_S29_subsampled_depth_4G_contig_140	3.553662	3.5169082	2611	4.2298	1.211214	50.578068	8.520305	8.364735	2849	18.524614	2.869877	120.90633	14.626179	14.283414	2875	51.06188	5.232365	220.48424	2.4517767	2.351852	2451	3.1451163	0.82236296	35.656605	2.1395938	2.0293882	2210	3.379491	0.7116452	30.98972	0	0	0	0	0	0	66672.195	67870.375	2908	239327680	18136.633	145457.31	87834.04	89219.26	2908	398593900	23243.465	161961.23	90886.695	92279.414	2908	447260830	24034.008	178611.67	0	0	0	0	0	0	0	0	0	0	0	0	0	0	0	0	0	0
GP4_S29_subsampled_depth_4G_contig_145	18.429806	18.324032	16252	35.829395	6.17775	257.97162	18.561863	18.508331	16228	37.661873	6.2247806	262.24658	18.780685	18.743435	16252	33.16061	6.3449225	267.36588	19.185745	19.05293	16252	45.898575	6.5176883	282.5986	17.99383	17.913748	16252	43.715347	6.061289	263.9482	17.93687	17.736784	16252	42.113213	6.08069	262.92975	15.37797	15.050394	16209	57.025673	4.346621	34.860264	13.194447	12.937402	16355	43.28254	3.6185524	25.214197	17.752422	17.749058	16252	44.649994	4.8836503	36.293457	0	0	0	0	0	0	0	0	0	0	0	0	0	0	0	0	0	0
GP4_S29_subsampled_depth_4G_contig_212	6.173513	6.1269407	13675	10.391871	2.059404	85.99697	6.4430165	6.3415	13929	10.951405	2.1519854	90.66197	6.1582756	6.0021844	13862	12.258374	2.0793724	87.62173	7.1669827	7.138488	13993	11.976606	2.425455	105.16462	7.09908	7.04377	13845	11.477335	2.3815124	103.706635	6.4053087	6.281345	13924	12.042034	2.1588845	93.35043	3.9531634	3.7267692	13459	8.4443655	1.1052706	8.864363	3.4559371	3.3324492	13443	5.0858564	0.94636625	6.594311	4.735833	4.616759	13552	8.395659	1.2849944	9.549589	0	0	0	0	0	0	0	0	0	0	0	0	0	0	0	0	0	0
GP4_S29_subsampled_depth_4G_contig_219	46.30551	46.380543	35517	60.943504	15.481806	646.49194	50.14963	50.17018	35517	69.56399	16.778055	706.85004	51.588516	51.63828	35517	75.81191	17.416159	733.89154	48.87579	48.79294	35517	77.612625	16.550783	717.62054	51.502842	51.649742	35517	73.902954	17.29389	753.08936	49.67877	49.64475	35517	67.09167	16.77605	725.39856	31.440891	29.584053	35517	250.14636	8.928147	71.60451	28.12848	26.911062	35517	158.46582	7.7829657	54.231976	29.212543	27.793032	35517	186.9992	8.07491	60.00969	0	0	0	0	0	0	0	0	0	0	0	0	0	0	0	0	0	0
GP4_S29_subsampled_depth_4G_contig_268	18.227648	17.119467	32709	346.78427	7.0147915	292.92487	17.438866	16.353285	32709	330.3728	6.6830063	281.55136	17.541632	16.210306	32709	409.1255	6.970014	293.70618	18.500444	17.152567	32709	500.2698	7.382791	320.1083	18.253078	16.809418	32709	520.0364	7.27593	316.84183	18.488192	17.07828	32709	469.38742	7.353545	317.96817	19.889002	18.798464	32709	144.98523	5.7693048	46.27029	16.19844	15.261628	32709	95.42592	4.5965095	32.028618	19.588501	18.351477	32709	158.77676	5.5589504	41.312042	0	0	0	0	0	0	0	0	0	0	0	0	0	0	0	0	0	0
GP4_S29_subsampled_depth_4G_contig_332	86.41824	86.78417	13229	534.62354	28.670069	1197.2096	84.17869	84.78342	13229	570.30273	27.9062	1175.6731	81.789894	82.155495	13228	355.26224	27.33095	1151.6862	108.77841	110.1492	13304	952.2852	36.495934	1582.416	108.38872	108.74675	13229	908.6127	36.04961	1569.8365	107.791176	108.5519	13228	924.42053	36.037426	1558.2626	98.463715	99.2488	13317	1757.9849	27.706038	222.20482	80.344536	80.9489	13391	1171.6815	22.008087	153.35312	115.76248	116.674416	13306	2471.136	31.620144	234.98889	0	0	0	0	0	0	0	0	0	0	0	0	0	0	0	0	0	0
GP4_S29_subsampled_depth_4G_contig_443	0	0	0	0	0	0	0	0	0	0	0	0	0	0	0	0	0	0	0	0	0	0	0	0	0	0	0	0	0	0	0	0	0	0	0	0	4.4677553	4.336355	1286	7.3782487	1.2339162	9.89611	4.147755	4.1359925	1279	3.9773347	1.0505135	7.320011	1.5110204	1.4478694	0	1.3906057	0	0	0	0	0	0	0	0	0	0	0	0	0	0	0	0	0	0	0	0
GP4_S29_subsampled_depth_4G_contig_527	10.894101	9.482629	5068	143.0579	3.822999	159.64142	19.884684	18.460522	5465	282.9295	7.134867	300.58804	27.224947	25.20292	5389	590.7356	9.7084255	409.09888	0	0	0	0	0	0	3.9754798	3.6277142	4449	15.506774	1.4064437	61.245823	4.8527007	4.356297	4657	21.228167	1.6781269	72.56238	30441.256	30077.242	5771	437104600	8488.511	68078.57	30149.668	29810.363	5778	420722080	8174.294	56958.75	22263.25	21977.49	5778	235522620	6034.491	44846.07	0	0	0	0	0	0	0	0	0	0	0	0	0	0	0	0	0	0
GP4_S29_subsampled_depth_4G_contig_616	1.8491694	1.7470177	8411	1.9903165	0.6075027	25.3682	2.4175446	2.2907946	8485	3.5425873	0.79761314	33.602985	2.1720016	2.1218772	8614	2.0899546	0.7186297	30.282007	2.1066654	1.9908845	8722	2.3445125	0.70062363	30.378155	2.6413088	2.550754	8886	3.3440254	0.8712961	37.941963	2.2943678	2.2481432	8856	2.2533245	0.7598114	32.854324	3.3059158	3.2221472	9371	4.1122613	0.9226361	7.3996186	2.8315437	2.697164	9204	3.9899557	0.76182216	5.3084044	2.7906199	2.7672744	9080	2.6627707	0.74960274	5.5707626	0	0	0	0	0	0	0	0	0	0	0	0	0	0	0	0	0	0
GP4_S29_subsampled_depth_4G_contig_731	4.5173426	4.2710648	1684	14.14514	1.4951111	62.43312	8.517343	8.469627	1821	16.4722	2.7975662	117.85991	14.755438	14.755715	1812	63.58132	5.096567	214.76201	0	0	0	0	0	0	2.2386832	2.1410842	1645	2.5853498	0.8726048	37.99896	0	0	0	0	0	0	60691.625	61003.184	1851	1065865800	15998.39	128308.4	78049.21	78402.5	1851	1758997400	20022.72	139519	81873.125	82213.97	1851	1930450000	20993.76	156017.72	0	0	0	0	0	0	0	0	0	0	0	0	0	0	0	0	0	0
GP4_S29_subsampled_depth_4G_contig_739	6.22695	6.0209975	1611	22.8911	2.076066	86.69279	5.9078016	5.9514437	1787	7.8673077	1.9924288	83.93991	5.6619387	5.6233597	1696	12.21563	1.8998998	80.05898	6.13948	6.0570865	1761	10.535234	2.0993462	91.02498	5.174941	4.9258533	1787	9.291673	1.7537369	76.36922	5.748227	5.7559056	1756	6.668685	1.9843204	85.80225	2.6022458	2.441601	1547	4.407636	0.71383923	5.725048	4.684988	4.6968503	1766	4.00538	1.2546849	8.742686	4.293735	4.2014437	1724	8.246608	1.2325008	9.159478	2.8486998	2.6922572	1557	4.807373	21.923985	613.5213	0	0	0	0	0	0	2.7730496	2.726378	1753	2.7373452	20.825483	575.38007
GP4_S29_subsampled_depth_4G_contig_882	0	0	0	0	0	0	0	0	0	0	0	0	0	0	0	0	0	0	0	0	0	0	0	0	0	0	0	0	0	0	0	0	0	0	0	0	2.192059	2.1630769	956	2.863264	0.5848092	4.6902204	4.9759927	4.9805126	1233	1.5798299	1.4057965	9.79564	4.2696214	4.1969233	1080	8.498403	1.238662	9.205269	0	0	0	0	0	0	0	0	0	0	0	0	0	0	0	0	0	0
GP5_S30_subsampled_depth_4G_contig_63	0	0	0	0	0	0	0	0	0	0	0	0	0	0	0	0	0	0	0	0	0	0	0	0	0	0	0	0	0	0	0	0	0	0	0	0	1889.4075	1841.2477	4820	1112182.5	562.9694	4515.0625	1354.7013	1321.8159	4820	566602.1	392.7944	2737.0044	1489.0884	1450.0052	4820	685149.5	431.71036	3208.308	0	0	0	0	0	0	0	0	0	0	0	0	0	0	0	0	0	0
GP5_S30_subsampled_depth_4G_contig_123	2.6036065	2.3976693	2448	6.144887	0.92772496	38.74011	8.388852	7.874727	3178	40.881218	2.9379284	123.77331	8.053443	7.8233795	3160	42.135876	2.7419994	115.543816	0	0	0	0	0	0	2.034754	1.9067734	2486	3.746906	0.7413477	32.283146	0	0	0	0	0	0	13952.785	13514.608	3200	114512540	3878.7717	31108.076	13710.631	13298.509	3200	104229760	3706.8096	25829.18	10031.768	9716.927	3200	58323828	2710.9822	20146.992	0	0	0	0	0	0	0	0	0	0	0	0	0	0	0	0	0	0
GP5_S30_subsampled_depth_4G_contig_159	4.591895	4.257028	5580	16.451324	1.5789013	65.93202	12.838355	12.782798	6099	47.811302	4.540129	191.27322	20.429647	19.328314	6156	198.27975	7.389681	311.39047	2.4450135	2.3701472	5480	3.3815625	0.8620176	37.37596	2.8633626	2.732095	5668	4.6076646	0.98153585	42.742535	2.816963	2.6168005	5190	7.2349873	1.0245843	44.30314	82966.35	84456.48	6788	1663302900	23046.018	184830.98	108654.12	110588.16	6788	2861415200	29359.969	204581.25	113855.53	115816	6788	3158769200	30752.086	228537.9	0	0	0	0	0	0	0	0	0	0	0	0	0	0	0	0	0	0
GP5_S30_subsampled_depth_4G_contig_265	2.0692725	1.9517555	10136	3.0939553	0.70151836	29.29412	2.3898652	2.300499	11634	2.5246167	0.7949036	33.488834	1.8696508	1.7927502	10894	1.8241174	0.6281121	26.467735	2.2249193	2.0925488	10787	3.1885312	0.74901533	32.476326	1.9822681	1.8829349	10597	2.3755527	0.66833127	29.103542	1.8336354	1.6750722	10023	2.86332	0.6168256	26.671608	9.317756	9.089222	12759	22.551298	2.639635	21.170109	8.112459	7.994659	12837	15.47545	2.2243912	15.499641	10.349831	10.156203	12839	22.17025	2.8324277	21.049538	0	0	0	0	0	0	1.8594058	1.7943262	10429	1.8678417	15.030838	417.81976	1.7934431	1.6895193	9893	2.2469745	14.12421	390.2331
GP5_S30_subsampled_depth_4G_contig_365	8.6846695	8.540451	30072	15.129563	2.9615126	123.66736	9.046526	8.932421	30042	16.674372	3.0592554	128.88467	8.78634	8.658799	30027	13.499724	3.00033	126.42956	9.082465	8.87705	30061	14.400727	3.1384547	136.07936	8.476319	8.374193	30076	13.486364	2.9154236	126.9567	9.037876	8.840979	30077	15.092922	3.124552	135.10605	7.514195	6.9975505	29642	31.756668	2.1553292	17.285921	5.87505	5.4644475	29452	21.394487	1.6472408	11.4780245	7.4319973	7.0527353	30009	24.899378	2.075539	15.424616	0	0	0	0	0	0	0	0	0	0	0	0	0	0	0	0	0	0
GP5_S30_subsampled_depth_4G_contig_384	56.104454	53.625732	98211	1072.507	18.758251	783.3105	59.73236	56.769497	98211	1370.9646	19.960716	840.93396	62.344845	59.527493	98211	1341.0848	21.02643	886.0231	60.777424	57.721138	98211	1569.0343	20.559635	891.4389	63.76544	60.689457	98211	1451.1936	21.420067	932.7702	60.748566	57.726135	98211	1522.1437	20.508635	886.7957	36.68321	35.970383	98162	323.4023	10.426138	83.618484	31.417974	30.729761	98121	237.60677	8.684675	60.515087	35.312183	34.82451	98172	255.92828	9.760507	72.53643	0	0	0	0	0	0	0	0	0	0	0	0	0	0	0	0	0	0
GP5_S30_subsampled_depth_4G_contig_437	0	0	0	0	0	0	0	0	0	0	0	0	0	0	0	0	0	0	0	0	0	0	0	0	0	0	0	0	0	0	0	0	0	0	0	0	1688.7006	1757.5555	2975	270506.94	476.47067	3821.3352	1209.2764	1258.4392	2975	136303.13	331.93234	2312.9158	1345.247	1399.411	3146	170071.53	369.18893	2743.6724	0	0	0	0	0	0	0	0	0	0	0	0	0	0	0	0	0	0
GP5_S30_subsampled_depth_4G_contig_755	1999.092	2070.8228	13745	305873.03	662.439	27662.246	1797.2518	1860.2318	13843	253977.44	595.0898	25070.809	2052.4622	2127.276	13733	304229.84	685.5443	28887.844	1981.8964	2051.7131	13739	282900.56	664.4622	28810.223	2081.4321	2158.909	13767	297206.84	692.6123	30160.889	2134.729	2212.0652	13700	323294.4	714.0359	30874.994	1912.3247	1859.4336	13998	2193943	537.7706	4312.965	1638.9858	1593.4188	13996	1621741.8	448.3229	3123.9302	1923.7712	1879.6877	13998	2075473.1	526.0016	3909.045	2.8879983	2.758986	12237	4.724293	25.116316	702.85547	3.0514154	2.9273107	12290	4.7809196	23.682026	658.3011	3.1961293	3.122192	12689	3.8870018	24.580828	679.1353
GP5_S30_subsampled_depth_4G_contig_984	5072.983	5191.775	15754	2901920	1701.423	71048.336	4892.098	5005.5796	15754	2709110	1639.6755	69078.625	4705.8926	4815.872	15754	2487463.5	1591.437	67060.836	4302.4067	4406.764	15754	2041523.3	1459.7997	63295.027	4033.373	4131.6333	15754	1742086.6	1358.217	59145.684	4201.1045	4298.0386	15754	1944325	1422.5435	61510.934	2141.9504	2069.6062	15754	1166063.8	619.38367	4967.5093	1641.3035	1586.1211	15754	692125.8	461.9016	3218.5454	2369.032	2304.4807	15754	1311059.4	665.0631	4942.497	102.372086	103.35389	15754	573.8891	856.4055	23965.674	121.680016	123.29365	15754	927.7447	962.0106	26741.494	107.716995	109.13009	15754	742.22906	836.00684	23097.748
GP5_S30_subsampled_depth_4G_contig_1014	53.71991	54.083748	13501	251.04005	17.858727	745.74805	53.297756	53.915836	13495	221.37436	17.750584	747.82227	53.58675	54.146458	13485	215.7952	17.978802	757.6006	59.20015	59.769627	13491	270.5457	19.89313	862.5402	57.48922	57.974632	13489	249.03271	19.222244	837.0625	59.215645	59.752743	13488	260.3153	19.911663	860.9824	3.6919162	3.611028	12664	5.3697076	1.0360649	8.30933	3.3423653	3.2015135	12297	5.5110426	0.9133813	6.3644743	4.0047903	3.9271457	13342	4.2562833	1.102976	8.1968975	4.5976796	4.414754	13009	8.476722	42.464108	1188.316	3.469461	3.3432302	12684	4.9747396	27.078835	752.7239	4.3844314	4.2727046	12938	5.9266086	33.814888	934.2601
GP5_S30_subsampled_depth_4G_contig_1135	4.746393	4.473006	18016	10.466894	1.5808746	66.01444	4.892776	4.6567245	17906	11.848619	1.6255164	68.482124	5.656796	5.328091	18179	15.230908	1.9045571	80.25529	6.4373574	6.1817307	17784	20.728058	2.1679668	94.00027	6.707615	6.3454447	18121	25.338545	2.2429595	97.67316	6.4284086	6.145336	18020	20.821554	2.171218	93.883705	6.136132	5.7028804	18244	17.990362	1.738804	13.945348	4.797104	4.5377803	18081	10.531754	1.321054	9.205154	5.4039483	5.088154	18215	12.7248125	1.4833989	11.024063	0	0	0	0	0	0	0	0	0	0	0	0	0	0	0	0	0	0
M1_S25_subsampled_depth_4G_contig_42	0	0	0	0	0	0	0	0	0	0	0	0	0	0	0	0	0	0	0	0	0	0	0	0	0	0	0	0	0	0	0	0	0	0	0	0	0	0	0	0	0	0	0	0	0	0	0	0	0	0	0	0	0	0	20.697008	16.917759	12619	490.79684	182.60262	5109.9556	20.551607	16.766283	12619	516.7597	173.19429	4814.3696	23.207796	19.794706	12619	453.31256	188.19765	5199.648
M1_S25_subsampled_depth_4G_contig_1221	0	0	0	0	0	0	0	0	0	0	0	0	0	0	0	0	0	0	0	0	0	0	0	0	0	0	0	0	0	0	0	0	0	0	0	0	0	0	0	0	0	0	0	0	0	0	0	0	0	0	0	0	0	0	10.192525	9.766384	15374	57.945786	98.349396	2752.2117	11.131043	10.64903	15374	70.215965	100.18835	2784.9858	11.220047	10.826084	15374	56.726845	96.78184	2673.9521
M1_S25_subsampled_depth_4G_contig_1285	0	0	0	0	0	0	0	0	0	0	0	0	0	0	0	0	0	0	4.97137	3.7168577	11629	58.147427	1.7592015	76.2767	4.551737	3.6566284	11405	38.559235	1.5746144	68.569046	4.782517	3.6647022	12121	50.02123	1.6895086	73.05453	0	0	0	0	0	0	0	0	0	0	0	0	0	0	0	0	0	0	3.760936	3.5919588	13114	7.2617893	31.418718	879.22186	4.4035025	4.3132567	13382	6.7331114	35.061817	974.631	3.8235722	3.6066527	12778	8.1983595	29.49551	814.9212
M1_S25_subsampled_depth_4G_contig_1477	0	0	0	0	0	0	0	0	0	0	0	0	0	0	0	0	0	0	0	0	0	0	0	0	0	0	0	0	0	0	0	0	0	0	0	0	0	0	0	0	0	0	0	0	0	0	0	0	0	0	0	0	0	0	4.206422	4.0669184	11872	6.397478	36.305504	1015.9739	3.8655107	3.7645867	11480	5.221125	30.464205	846.829	3.8850079	3.740529	11619	6.1092453	29.72068	821.14276
M1_S25_subsampled_depth_4G_contig_1626	4.0018787	3.9600935	12683	5.127899	1.3646759	56.986374	4.4833937	4.3746867	13373	5.1199627	1.5204196	64.05445	4.9897056	4.9093337	13143	6.5360785	1.6808369	70.82802	5.8806734	5.7803473	13458	7.460171	2.0151472	87.37422	6.473024	6.3219237	13458	10.888654	2.2165678	96.5239	5.3335586	5.262398	13384	5.7817926	1.8219461	78.78119	0	0	0	0	0	0	0	0	0	0	0	0	0	0	0	0	0	0	7.464157	7.3183336	13458	9.522653	63.9864	1790.5969	7.5002255	7.4046583	13458	7.1871195	59.029453	1640.8711	6.532011	6.4802136	13452	6.450994	50.70238	1400.8383
M1_S25_subsampled_depth_4G_contig_2413	100.36343	98.99454	33290	1868.3834	34.281227	1431.5215	105.71926	104.64698	33296	1907.6368	36.10039	1520.8893	109.577515	108.06287	33302	2346.3894	37.88976	1596.619	118.99717	117.434906	33297	2900.1172	41.190166	1785.9521	119.862236	118.33681	33304	2988.2878	41.3077	1798.8081	120.12369	118.54761	33268	2999.6326	41.5076	1794.7932	9.197208	7.566869	28894	162.75769	2.6004744	20.856012	7.9243965	6.5902467	28302	122.29587	2.1846948	15.223033	9.593224	8.156881	30920	152.3156	2.6322613	19.561977	11.695928	11.269384	33132	58.44765	110.71018	3098.1152	8.899225	8.546304	32950	35.723812	72.37253	2011.776	12.268441	11.829688	33154	70.56688	97.46599	2692.855
M1_S25_subsampled_depth_4G_contig_2670	14.62906	14.499687	14376	46.573322	4.9666266	207.39734	13.907494	13.76109	14304	43.703777	4.7421055	199.78236	14.958597	14.541862	14376	52.61796	5.1474066	216.90431	14.472234	14.334036	14375	40.9258	5.02586	217.91489	13.847463	13.555998	14376	41.586433	4.729373	205.94789	14.785674	14.500235	14376	51.40088	5.08856	220.02988	0	0	0	0	0	0	0	0	0	0	0	0	0	0	0	0	0	0	147.25714	144.95752	14376	2040.8014	1271.8726	35592.117	155.08344	151.7914	14376	2429.2668	1254.6748	34876.824	177.55603	173.33623	14376	2691.8232	1411.8124	39006.477
M1_S25_subsampled_depth_4G_contig_4203	0	0	0	0	0	0	0	0	0	0	0	0	0	0	0	0	0	0	0	0	0	0	0	0	0	0	0	0	0	0	0	0	0	0	0	0	0	0	0	0	0	0	0	0	0	0	0	0	0	0	0	0	0	0	100.505516	84.04674	31623	9372.918	860.5402	24081.377	107.427795	89.50168	31623	11087.626	864.4655	24029.982	101.52159	84.24835	31623	10706.705	802.89746	22182.98
M1_S25_subsampled_depth_4G_contig_4234	0	0	0	0	0	0	0	0	0	0	0	0	0	0	0	0	0	0	0	0	0	0	0	0	0	0	0	0	0	0	0	0	0	0	0	0	0	0	0	0	0	0	0	0	0	0	0	0	0	0	0	0	0	0	5.1833634	4.94507	19713	13.739881	46.638096	1305.1217	4.8973627	4.6743174	19893	12.18066	42.48109	1180.8685	5.512936	5.299833	19979	14.186664	46.62721	1288.2471
M1_S25_subsampled_depth_4G_contig_4448	0	0	0	0	0	0	0	0	0	0	0	0	0	0	0	0	0	0	0	0	0	0	0	0	0	0	0	0	0	0	0	0	0	0	0	0	0	0	0	0	0	0	0	0	0	0	0	0	0	0	0	0	0	0	6.941282	6.270721	17447	49.898567	68.80466	1925.4309	8.419457	7.5980883	17436	87.46611	80.781166	2245.5144	8.360334	7.5212345	17458	74.90191	78.316696	2163.7852
M1_S25_subsampled_depth_4G_contig_4750	0	0	0	0	0	0	0	0	0	0	0	0	0	0	0	0	0	0	0	0	0	0	0	0	0	0	0	0	0	0	0	0	0	0	0	0	0	0	0	0	0	0	0	0	0	0	0	0	0	0	0	0	0	0	8.0464525	7.9251304	16963	12.4536495	67.850235	1898.7227	9.741569	9.723848	16963	11.425775	77.12345	2143.8396	8.652531	8.567369	16963	9.153228	66.67775	1842.2164
M1_S25_subsampled_depth_4G_contig_5040	4664.303	4506.1	72367	10481914	1558.946	65098.754	4639.086	4483.1147	72367	10340140	1549.3684	65274.043	4664.7705	4490.013	72367	11055857	1571.8502	66235.48	5263.0083	5102.628	72367	10145733	1780.2904	77191.09	5135.4937	4989.762	72367	9566983	1724.0795	75077.734	5276.7886	5113.41	72367	10764768	1780.7974	77001.875	4200.326	3819.2478	72367	10736564	1190.4049	9547.1455	3535.2908	3199.271	72367	7717107.5	974.6397	6791.324	3809.2383	3442.505	72367	9088235	1049.827	7801.916	20.566677	20.097649	72948	89.79219	177.55891	4968.812	19.735088	19.51085	72850	61.23288	155.78995	4330.572	22.965122	22.76476	72948	77.843376	178.13954	4921.757
M1_S25_subsampled_depth_4G_contig_5870	0	0	0	0	0	0	0	0	0	0	0	0	0	0	0	0	0	0	0	0	0	0	0	0	0	0	0	0	0	0	0	0	0	0	0	0	0	0	0	0	0	0	0	0	0	0	0	0	0	0	0	0	0	0	4.4206347	4.3434443	1284	5.5307655	35.151897	983.6915	3.0670195	3.0792563	1267	1.7148334	27.661966	768.93353	3.1957672	3.215264	1227	2.254669	29.875809	825.42847
M1_S25_subsampled_depth_4G_contig_6180	0	0	0	0	0	0	0	0	0	0	0	0	0	0	0	0	0	0	0	0	0	0	0	0	0	0	0	0	0	0	0	0	0	0	0	0	0	0	0	0	0	0	0	0	0	0	0	0	0	0	0	0	0	0	47.717327	45.06345	38307	480.6507	415.4244	11625.248	49.39817	46.270187	38307	561.3876	404.34866	11239.882	43.61931	40.92205	38307	444.8307	353.76645	9774.09
M1_S25_subsampled_depth_4G_contig_6382	0	0	0	0	0	0	0	0	0	0	0	0	0	0	0	0	0	0	0	0	0	0	0	0	0	0	0	0	0	0	0	0	0	0	0	0	0	0	0	0	0	0	0	0	0	0	0	0	0	0	0	0	0	0	7.7705994	5.361663	11942	335.35574	84.37349	2361.1096	10.751642	7.416259	11790	629.95715	110.93591	3083.7422	10.091377	7.11612	11923	531.2089	101.66701	2808.9226
M1_S25_subsampled_depth_4G_contig_6527	0	0	0	0	0	0	0	0	0	0	0	0	0	0	0	0	0	0	0	0	0	0	0	0	0	0	0	0	0	0	0	0	0	0	0	0	0	0	0	0	0	0	0	0	0	0	0	0	0	0	0	0	0	0	31.17797	29.778938	32498	208.0716	272.21576	7617.6895	34.62418	33.41808	32498	169.29622	283.68762	7885.809	35.50952	34.044685	32498	236.4748	286.5503	7916.998
M1_S25_subsampled_depth_4G_contig_7404	0	0	0	0	0	0	0	0	0	0	0	0	0	0	0	0	0	0	0	0	0	0	0	0	0	0	0	0	0	0	0	0	0	0	0	0	0	0	0	0	0	0	0	0	0	0	0	0	0	0	0	0	0	0	29.169924	18.956379	21748	3272.931	274.27588	7675.3423	29.625938	19.445063	21748	3359.916	264.57193	7354.4385	34.367813	21.048714	21748	5783.635	302.47617	8357.01
M1_S25_subsampled_depth_4G_contig_7446	0	0	0	0	0	0	0	0	0	0	0	0	0	0	0	0	0	0	0	0	0	0	0	0	0	0	0	0	0	0	0	0	0	0	0	0	0	0	0	0	0	0	0	0	0	0	0	0	0	0	0	0	0	0	70.60119	69.909256	12429	208.96367	606.16205	16962.848	75.8236	75.192345	12429	139.93558	608.9692	16927.82	69.58246	68.94074	12429	133.32545	550.9645	15222.41
M1_S25_subsampled_depth_4G_contig_8183	0	0	0	0	0	0	0	0	0	0	0	0	0	0	0	0	0	0	0	0	0	0	0	0	0	0	0	0	0	0	0	0	0	0	0	0	0	0	0	0	0	0	0	0	0	0	0	0	0	0	0	0	0	0	130.33745	114.44679	14976	8119.826	1147.8706	32122.031	150.88931	133.09525	14976	9758.333	1263.4618	35121.08	145.05746	127.38362	14976	9851.085	1195.4292	33028.1
M1_S25_subsampled_depth_4G_contig_8891	0	0	0	0	0	0	0	0	0	0	0	0	0	0	0	0	0	0	0	0	0	0	0	0	0	0	0	0	0	0	0	0	0	0	0	0	0	0	0	0	0	0	0	0	0	0	0	0	0	0	0	0	0	0	3.7942104	3.6272607	14835	5.403259	32.118423	898.80255	3.9747276	3.8270128	15046	5.2993674	31.399137	872.81744	3.3993042	3.3209598	14873	3.0315783	26.068771	720.24506
M1_S25_subsampled_depth_4G_contig_9566	0	0	0	0	0	0	0	0	0	0	0	0	0	0	0	0	0	0	0	0	0	0	0	0	0	0	0	0	0	0	0	0	0	0	0	0	0	0	0	0	0	0	0	0	0	0	0	0	0	0	0	0	0	0	69.34854	61.894253	11130	5150.6543	693.983	19420.436	71.961655	63.83313	11130	5377.432	684.19147	19018.816	77.90091	68.534004	11130	6801.769	728.17035	20118.37
M1_S25_subsampled_depth_4G_contig_11180	0	0	0	0	0	0	0	0	0	0	0	0	0	0	0	0	0	0	0	0	0	0	0	0	0	0	0	0	0	0	0	0	0	0	0	0	0	0	0	0	0	0	0	0	0	0	0	0	0	0	0	0	0	0	9.366841	9.055622	29994	28.017622	81.21972	2272.855	10.870661	10.419435	29994	46.244503	90.23367	2508.271	10.75573	10.373864	29994	36.808807	87.51053	2417.799
M1_S25_subsampled_depth_4G_contig_12315	0	0	0	0	0	0	0	0	0	0	0	0	0	0	0	0	0	0	0	0	0	0	0	0	0	0	0	0	0	0	0	0	0	0	0	0	0	0	0	0	0	0	0	0	0	0	0	0	0	0	0	0	0	0	10.417449	10.193174	11543	21.825195	93.22657	2608.8547	10.452822	10.246904	11543	15.26184	87.59231	2434.8481	11.841657	11.603121	11543	25.995989	97.8855	2704.4438
M1_S25_subsampled_depth_4G_contig_12989	0	0	0	0	0	0	0	0	0	0	0	0	0	0	0	0	0	0	0	0	0	0	0	0	0	0	0	0	0	0	0	0	0	0	0	0	0	0	0	0	0	0	0	0	0	0	0	0	0	0	0	0	0	0	22.902729	21.063114	14039	342.10596	206.77365	5786.358	24.805601	23.110712	14039	387.29965	212.60011	5909.753	28.223701	26.159027	14039	479.606	233.91231	6462.682
M1_S25_subsampled_depth_4G_contig_13126	0	0	0	0	0	0	0	0	0	0	0	0	0	0	0	0	0	0	0	0	0	0	0	0	0	0	0	0	0	0	0	0	0	0	0	0	0	0	0	0	0	0	0	0	0	0	0	0	0	0	0	0	0	0	18.481995	17.50155	22366	222.92741	179.44446	5021.5776	19.87419	18.884027	22366	244.05534	180.61237	5020.572	18.96516	18.017103	22366	215.8308	171.82458	4747.282
M1_S25_subsampled_depth_4G_contig_13193	0	0	0	0	0	0	0	0	0	0	0	0	0	0	0	0	0	0	0	0	0	0	0	0	0	0	0	0	0	0	0	0	0	0	0	0	0	0	0	0	0	0	0	0	0	0	0	0	0	0	0	0	0	0	18.051003	17.91867	54304	29.368917	155.27286	4345.1587	19.974535	19.718752	54304	31.841301	161.79213	4497.417	18.225561	18.062782	54304	31.777962	144.96257	4005.12
M1_S25_subsampled_depth_4G_contig_14772	0	0	0	0	0	0	0	0	0	0	0	0	0	0	0	0	0	0	0	0	0	0	0	0	0	0	0	0	0	0	0	0	0	0	0	0	0	0	0	0	0	0	0	0	0	0	0	0	0	0	0	0	0	0	13.459538	12.664882	13842	119.3269	131.1157	3669.1448	15.56931	14.840149	13781	112.662865	140.44333	3903.9746	19.133947	18.489046	13784	107.984535	164.51534	4545.337
M1_S25_subsampled_depth_4G_contig_15557	0	0	0	0	0	0	0	0	0	0	0	0	0	0	0	0	0	0	0	0	0	0	0	0	0	0	0	0	0	0	0	0	0	0	0	0	0	0	0	0	0	0	0	0	0	0	0	0	0	0	0	0	0	0	5.1054025	4.9602427	12884	7.8604007	43.65905	1221.756	6.051298	5.896665	12788	10.599271	48.079853	1336.4999	5.1466436	5.03508	12561	9.339089	39.95134	1103.8014
M1_S25_subsampled_depth_4G_contig_16753	0	0	0	0	0	0	0	0	0	0	0	0	0	0	0	0	0	0	0	0	0	0	0	0	0	0	0	0	0	0	0	0	0	0	0	0	0	0	0	0	0	0	0	0	0	0	0	0	0	0	0	0	0	0	23.247501	19.195704	21564	914.91675	218.23045	6106.966	23.77071	19.33413	21564	1123.3251	213.90279	5945.9624	23.171663	18.655235	21559	1202.1787	204.68314	5655.121
M1_S25_subsampled_depth_4G_contig_17087	0	0	0	0	0	0	0	0	0	0	0	0	0	0	0	0	0	0	0	0	0	0	0	0	0	0	0	0	0	0	0	0	0	0	0	0	0	0	0	0	0	0	0	0	0	0	0	0	0	0	0	0	0	0	133.96588	133.68437	18764	343.39355	1138.4532	31858.504	130.75067	130.93953	18764	183.2689	1030.4829	28644.85	181.72499	181.82924	18764	278.23477	1404.915	38815.91
M1_S25_subsampled_depth_4G_contig_17684	0	0	0	0	0	0	0	0	0	0	0	0	0	0	0	0	0	0	0	0	0	0	0	0	0	0	0	0	0	0	0	0	0	0	0	0	0	0	0	0	0	0	0	0	0	0	0	0	0	0	0	0	0	0	4.323856	4.2438817	11472	5.043174	36.447994	1019.9619	3.4677255	3.4327452	10977	3.479788	27.048187	751.87195	3.3683403	3.332859	11078	3.5734766	25.773214	712.0794
M1_S25_subsampled_depth_4G_contig_66|provirus_12061_23605	0	0	0	0	0	0	0	0	0	0	0	0	0	0	0	0	0	0	0	0	0	0	0	0	0	0	0	0	0	0	0	0	0	0	0	0	0	0	0	0	0	0	0	0	0	0	0	0	0	0	0	0	0	0	83.21948	58.284782	11545	80744.88	975.2114	27290.338	85.833786	59.51779	11545	95923.56	980.88446	27266.139	84.03458	57.77508	11545	94933.734	950.3921	26258.057
M1_S25_subsampled_depth_4G_contig_3050|provirus_3_11988	0	0	0	0	0	0	0	0	0	0	0	0	0	0	0	0	0	0	0	0	0	0	0	0	0	0	0	0	0	0	0	0	0	0	0	0	0	0	0	0	0	0	0	0	0	0	0	0	0	0	0	0	0	0	116.67185	116.714096	11986	250.7177	989.17584	27681.121	122.43748	122.57002	11986	191.64513	975.21796	27108.621	121.08161	121.231834	11986	182.25128	948.1078	26194.94
M1_S25_subsampled_depth_4G_contig_3354|provirus_153694_198515	40.338444	40.293438	44738	577.7959	13.508275	564.08093	40.715862	40.69313	44820	587.96106	13.630322	574.238	39.315163	39.371662	44804	529.7273	13.285719	559.84094	40.16328	40.057056	44645	564.15356	13.598451	589.6113	40.76838	40.594166	44797	574.11096	13.701444	596.65076	38.78199	38.827713	44784	508.29166	13.121207	567.36255	22.721346	21.54268	35324	335.98053	6.4822783	51.98842	18.556725	17.501766	36223	234.36026	5.172813	36.044346	23.448067	22.153858	35049	384.44025	6.5053945	48.345627	16.311403	16.200542	44822	21.289583	138.77829	3883.5752	16.00656	15.893698	44822	21.042398	126.44423	3514.8337	18.805113	18.672785	44822	23.239574	146.03773	4034.8262
M1_S25_subsampled_depth_4G_contig_3415|provirus_10067_59062	0	0	0	0	0	0	0	0	0	0	0	0	0	0	0	0	0	0	0	0	0	0	0	0	0	0	0	0	0	0	0	0	0	0	0	0	0	0	0	0	0	0	0	0	0	0	0	0	0	0	0	0	0	0	302.6126	301.20453	48996	1363.6409	2555.3074	71507.78	305.65186	304.56122	48996	782.1181	2416.9412	67184.92	314.77414	312.7296	48996	805.4854	2444.67	67542.945
M1_S25_subsampled_depth_4G_contig_4291|provirus_75905_109223	0	0	0	0	0	0	1.7078296	1.5814492	25598	2.30094	0.5779049	24.346807	1.8487141	1.7196597	26164	2.5230598	0.63020176	26.555796	1.6573005	1.57552	26530	1.775613	0.57113624	24.763727	1.9438934	1.8552574	28951	2.0015252	0.66200846	28.828188	1.8752148	1.7656852	26593	2.2990386	0.6383973	27.604364	0	0	0	0	0	0	0	0	0	0	0	0	0	0	0	0	0	0	169.1782	169.4237	33319	417.8495	1429.4236	40001.02	159.44913	159.28824	33319	213.81633	1261.5723	35068.56	165.58292	165.48715	33319	221.25615	1287.2357	35564.598
M1_S25_subsampled_depth_4G_contig_4469|provirus_62704_113968	0	0	0	0	0	0	0	0	0	0	0	0	0	0	0	0	0	0	0	0	0	0	0	0	0	0	0	0	0	0	0	0	0	0	0	0	0	0	0	0	0	0	0	0	0	0	0	0	0	0	0	0	0	0	12.114546	11.791979	51238	41.13011	105.28041	2946.1692	9.195833	8.8628845	51211	36.478413	76.118996	2115.918	11.756372	11.377807	51133	49.71016	94.96345	2623.713
M1_S25_subsampled_depth_4G_contig_5428|provirus_42008_52222	0	0	0	0	0	0	0	0	0	0	0	0	0	0	0	0	0	0	0	0	0	0	0	0	0	0	0	0	0	0	0	0	0	0	0	0	0	0	0	0	0	0	0	0	0	0	0	0	0	0	0	0	0	0	55.95728	55.779224	10215	86.302216	478.82648	13399.49	58.814804	58.88332	10215	43.502235	467.66187	12999.834	55.333332	55.158737	10215	69.34345	431.2922	11916.025
M1_S25_subsampled_depth_4G_contig_6107|provirus_248_50287	4.2534976	4.078905	47125	8.519214	1.4620571	61.052853	4.198938	4.010111	48125	7.985017	1.4487636	61.03562	4.692183	4.4277315	47564	11.638114	1.6247534	68.46476	4.534636	4.281747	47809	10.39529	1.5760665	68.33619	4.3597918	4.134582	46793	10.597762	1.5089968	65.711624	4.5078573	4.27903	48120	10.726801	1.5663866	67.73071	0	0	0	0	0	0	0	0	0	0	0	0	0	0	0	0	0	0	185.937	185.5883	50040	546.46277	1564.8151	43789.824	205.31792	204.39827	50040	832.5773	1624.1449	45147.168	212.68105	212.27246	50040	591.0606	1651.7389	45635.332
M1_S25_subsampled_depth_4G_contig_8391|provirus_35704_82862	4.6732326	4.536387	45951	7.380309	1.5684474	65.49553	4.811717	4.690539	45309	8.05464	1.627886	68.581924	4.809526	4.674561	45558	8.023028	1.6325948	68.79515	5.1469507	5.024061	45969	8.228491	1.7532701	76.019554	4.479036	4.3732777	44922	7.3858824	1.5080664	65.67109	5.228233	5.1618805	46162	7.1561065	1.7708032	76.56976	0	0	0	0	0	0	0	0	0	0	0	0	0	0	0	0	0	0	55.99649	55.801838	47159	116.200645	470.07846	13154.684	69.848946	69.69921	47159	133.0799	553.3167	15380.828	62.256886	62.1923	47159	105.733406	484.23727	13378.824
M1_S25_subsampled_depth_4G_contig_8420|provirus_7607_22225	2.3766673	2.3104508	13622	2.280838	0.79508126	33.20114	2.5905728	2.4617984	13060	3.5745475	0.87350553	36.800293	2.5724652	2.4918222	13655	2.8300571	0.86387897	36.402615	2.5191097	2.444982	13400	2.7137103	0.86664605	37.57668	2.009054	1.8975658	12130	2.4061248	0.6767254	29.46908	2.3425946	2.272518	13020	2.5134614	0.79521906	34.385357	0	0	0	0	0	0	0	0	0	0	0	0	0	0	0	0	0	0	35.14369	35.03901	14619	42.938087	300.04877	8396.569	37.873177	37.807724	14619	42.449993	299.56665	8327.204	40.330017	40.19097	14619	46.94035	312.2583	8627.277
M1_S25_subsampled_depth_4G_contig_10139|provirus_18143_81490	0	0	0	0	0	0	0	0	0	0	0	0	0	0	0	0	0	0	0	0	0	0	0	0	0	0	0	0	0	0	0	0	0	0	0	0	0	0	0	0	0	0	0	0	0	0	0	0	0	0	0	0	0	0	16.432117	16.273241	63348	24.452206	138.69247	3881.1738	20.424032	20.10174	63348	33.720192	162.9897	4530.707	17.56323	17.312359	63348	28.651724	137.58887	3801.3965
M1_S25_subsampled_depth_4G_contig_10420|provirus_3701_39689	0	0	0	0	0	0	0	0	0	0	0	0	0	0	0	0	0	0	0	0	0	0	0	0	0	0	0	0	0	0	0	0	0	0	0	0	0	0	0	0	0	0	0	0	0	0	0	0	0	0	0	0	0	0	13.203465	12.943175	35989	29.281769	112.64106	3152.151	15.276375	14.932696	35989	27.781446	122.24545	3398.1194	15.715617	15.411104	35989	35.09653	124.28996	3433.9644
M1_S25_subsampled_depth_4G_contig_11355|provirus_3613_42685	10.447037	10.121349	38774	28.736897	3.495025	145.94592	9.714437	9.3832035	38305	26.504683	3.2398772	136.49425	10.063742	9.747367	38545	28.46254	3.3879342	142.76263	13.697145	13.467757	38429	37.79667	4.63459	200.94989	13.310459	13.134367	38456	31.088036	4.4631896	194.3565	13.892609	13.755331	38305	31.684471	4.6837907	202.5277	3.3872519	3.1152694	35470	8.730691	0.9715711	7.7920814	3.0266938	2.755702	34014	7.4463615	0.84498596	5.887889	3.62878	3.381776	36516	7.7236843	1.0120522	7.521186	66.84526	66.228	39073	148.19633	573.135	16038.626	66.979576	66.60677	39073	125.04306	532.4104	14799.683	98.26059	97.706345	39073	203.71698	766.0154	21163.979
M1_S25_subsampled_depth_4G_contig_12094|provirus_9696_22059	0	0	0	0	0	0	0	0	0	0	0	0	0	0	0	0	0	0	0	0	0	0	0	0	0	0	0	0	0	0	0	0	0	0	0	0	0	0	0	0	0	0	0	0	0	0	0	0	0	0	0	0	0	0	19.295317	19.208569	12364	27.045095	163.12062	4564.77	18.761011	18.699472	12364	20.55969	148.0394	4115.1255	18.630096	18.472712	12364	22.596802	145.54012	4021.078
M1_S25_subsampled_depth_4G_contig_14566|provirus_139863_178318	0	0	0	0	0	0	0	0	0	0	0	0	0	0	0	0	0	0	0	0	0	0	0	0	0	0	0	0	0	0	0	0	0	0	0	0	0	0	0	0	0	0	0	0	0	0	0	0	0	0	0	0	0	0	21.119667	20.928879	38456	33.68547	179.51126	5023.446	20.547695	20.309956	38456	36.945816	164.27766	4566.51	21.856237	21.604101	38456	31.124958	171.3312	4733.652
M1_S25_subsampled_depth_4G_contig_15281|provirus_16310_56569	0	0	0	0	0	0	0	0	0	0	0	0	0	0	0	0	0	0	0	0	0	0	0	0	0	0	0	0	0	0	0	0	0	0	0	0	0	0	0	0	0	0	0	0	0	0	0	0	0	0	0	0	0	0	22.465818	22.350582	40260	32.656487	188.69695	5280.501	22.380104	22.233574	40260	30.2611	176.6194	4909.577	22.102318	22.043463	40260	27.78693	171.421	4736.133
M1_S25_subsampled_depth_4G_contig_19301|provirus_6632_41561	0	0	0	0	0	0	0	0	0	0	0	0	0	0	0	0	0	0	0	0	0	0	0	0	0	0	0	0	0	0	0	0	0	0	0	0	0	0	0	0	0	0	0	0	0	0	0	0	0	0	0	0	0	0	12.245457	12.173088	34930	18.547155	103.50856	2896.5857	13.788413	13.672672	34930	16.648552	109.30951	3038.5315	14.570931	14.482366	34930	17.371574	113.88124	3146.3857
M1_S25_subsampled_depth_4G_contig_19922|provirus_40902_51365	0	0	0	0	0	0	0	0	0	0	0	0	0	0	0	0	0	0	0	0	0	0	0	0	0	0	0	0	0	0	0	0	0	0	0	0	0	0	0	0	0	0	0	0	0	0	0	0	0	0	0	0	0	0	17.85699	17.655428	10464	36.90003	149.71912	4189.7437	26.243649	26.249247	10464	37.160355	209.99408	5837.3105	18.831686	18.725765	10464	25.808372	148.74886	4109.7314
M1_S25_subsampled_depth_4G_contig_20492|provirus_34049_64242	8.454966	6.8218193	29503	155.50911	2.8146615	117.53519	8.086307	6.5881658	29759	136.17744	2.6874008	113.2187	7.4646187	5.8954144	29747	130.13446	2.5045414	105.537766	8.036346	6.345784	29447	167.2785	2.7013009	117.12486	7.919185	6.271006	29404	159.0541	2.646271	115.23602	8.073858	6.100555	29315	209.10944	2.7170002	117.48341	0	0	0	0	0	0	0	0	0	0	0	0	0	0	0	0	0	0	14.485388	14.319527	30134	43.12387	119.70479	3349.8213	22.312775	22.08935	30191	80.06397	175.11562	4867.7764	17.33178	17.122633	30165	46.869503	133.51474	3688.833
M2_S26_subsampled_depth_4G_contig_974	0	0	0	0	0	0	0	0	0	0	0	0	0	0	0	0	0	0	0	0	0	0	0	0	0	0	0	0	0	0	0	0	0	0	0	0	0	0	0	0	0	0	0	0	0	0	0	0	0	0	0	0	0	0	45.410816	44.63386	14239	293.18512	395.81015	11076.361	46.718292	45.46061	14239	372.85562	388.29715	10793.692	44.84981	43.94054	14239	404.738	365.49243	10098.066
M2_S26_subsampled_depth_4G_contig_1711	0	0	0	0	0	0	0	0	0	0	0	0	0	0	0	0	0	0	0	0	0	0	0	0	0	0	0	0	0	0	0	0	0	0	0	0	0	0	0	0	0	0	0	0	0	0	0	0	0	0	0	0	0	0	6.7424197	6.698392	16804	8.509964	57.154617	1599.4155	7.022577	6.9484415	16937	6.739452	55.012966	1529.223	5.482397	5.4245815	16800	5.9663725	42.964386	1187.0486
M2_S26_subsampled_depth_4G_contig_2270	0	0	0	0	0	0	0	0	0	0	0	0	0	0	0	0	0	0	0	0	0	0	0	0	0	0	0	0	0	0	0	0	0	0	0	0	0	0	0	0	0	0	0	0	0	0	0	0	0	0	0	0	0	0	8.920135	8.31604	17609	28.838276	76.57572	2142.8975	9.667979	9.1886215	17667	25.62702	78.33909	2177.6313	8.919221	8.536691	17643	22.031672	71.32426	1970.5931
M2_S26_subsampled_depth_4G_contig_2737	0	0	0	0	0	0	0	0	0	0	0	0	0	0	0	0	0	0	0	0	0	0	0	0	0	0	0	0	0	0	0	0	0	0	0	0	0	0	0	0	0	0	0	0	0	0	0	0	0	0	0	0	0	0	11.352678	7.9198413	11337	978.6587	144.20609	4035.4668	12.534197	8.958928	11350	986.5282	148.43484	4126.117	11.825178	8.335417	11350	935.34814	138.67352	3831.365
M2_S26_subsampled_depth_4G_contig_2879	0	0	0	0	0	0	0	0	0	0	0	0	0	0	0	0	0	0	0	0	0	0	0	0	0	0	0	0	0	0	0	0	0	0	0	0	0	0	0	0	0	0	0	0	0	0	0	0	0	0	0	0	0	0	11.743481	10.633128	38116	383.65616	108.692444	3041.651	11.692304	10.774861	38116	265.22418	101.01132	2807.862	11.420666	10.515072	38116	221.02531	96.829384	2675.2659
M2_S26_subsampled_depth_4G_contig_3964	0	0	0	0	0	0	0	0	0	0	0	0	0	0	0	0	0	0	0	0	0	0	0	0	0	0	0	0	0	0	0	0	0	0	0	0	0	0	0	0	0	0	0	0	0	0	0	0	0	0	0	0	0	0	42.78172	40.4434	19831	363.80676	378.83154	10601.2295	45.380417	43.418	19831	267.84372	374.74365	10416.939	41.217163	39.077515	19831	315.78287	336.22913	9289.557
M2_S26_subsampled_depth_4G_contig_4247	0	0	0	0	0	0	0	0	0	0	0	0	0	0	0	0	0	0	0	0	0	0	0	0	0	0	0	0	0	0	0	0	0	0	0	0	0	0	0	0	0	0	0	0	0	0	0	0	0	0	0	0	0	0	94.35393	90.305626	16806	1461.0071	819.6888	22938.188	97.16396	92.08858	16806	2260.6301	798.02356	22183.059	92.25012	87.36946	16806	2079.931	741.4138	20484.266
M2_S26_subsampled_depth_4G_contig_4254	0	0	0	0	0	0	0	0	0	0	0	0	0	0	0	0	0	0	0	0	0	0	0	0	0	0	0	0	0	0	0	0	0	0	0	0	0	0	0	0	0	0	0	0	0	0	0	0	0	0	0	0	0	0	8.880405	8.573383	11079	22.260584	79.20566	2216.4924	7.9798393	7.7106223	11112	16.753998	66.80395	1856.983	7.944353	7.7681937	11072	17.374699	66.84661	1846.8826
M2_S26_subsampled_depth_4G_contig_4365	68.21816	64.52281	32875	984.6935	22.996153	960.2778	66.86968	63.310566	32867	908.2008	22.513369	948.4758	69.83748	66.51616	32843	959.4016	23.685762	998.0834	73.2591	69.78711	32844	974.6086	24.97958	1083.0824	73.23924	70.23089	32876	819.8236	24.79369	1079.6802	75.140335	71.927414	32876	944.2875	25.555702	1105.0316	11.626406	10.416044	32291	150.26404	3.2923317	26.404781	10.175935	9.068033	31956	119.04889	2.8079987	19.566233	12.22467	11.025971	32277	147.71745	3.3722115	25.060986	4.911024	4.7286463	31568	9.882692	45.19414	1264.7134	4.730903	4.5940385	32528	6.3461685	37.77434	1050.0322	5.3653445	5.254651	32283	7.41744	41.826366	1155.6062
M2_S26_subsampled_depth_4G_contig_6053	0	0	0	0	0	0	0	0	0	0	0	0	0	0	0	0	0	0	0	0	0	0	0	0	0	0	0	0	0	0	0	0	0	0	0	0	0	0	0	0	0	0	0	0	0	0	0	0	0	0	0	0	0	0	8.805434	8.689315	18627	11.709542	73.840706	2066.3599	10.236998	10.125608	18611	12.250115	80.97545	2250.915	8.357959	8.240635	18627	9.009116	65.52653	1810.4093
M2_S26_subsampled_depth_4G_contig_6860	0	0	0	0	0	0	0	0	0	0	0	0	0	0	0	0	0	0	0	0	0	0	0	0	0	0	0	0	0	0	0	0	0	0	0	0	0	0	0	0	0	0	0	0	0	0	0	0	0	0	0	0	0	0	9.142497	8.641901	12845	42.751476	84.42419	2362.5276	9.298149	8.722062	12845	57.841698	79.45111	2208.543	10.2987	9.764068	12845	50.08487	87.23961	2410.3125
M2_S26_subsampled_depth_4G_contig_6873	0	0	0	0	0	0	0	0	0	0	0	0	0	0	0	0	0	0	0	0	0	0	0	0	0	0	0	0	0	0	0	0	0	0	0	0	0	0	0	0	0	0	0	0	0	0	0	0	0	0	0	0	0	0	5.4955597	5.3606668	10196	9.447674	47.35349	1325.141	7.1833434	7.0750933	10284	8.091715	55.95012	1555.274	5.870831	5.801469	10272	5.856502	46.683002	1289.7886
M2_S26_subsampled_depth_4G_contig_7118	0	0	0	0	0	0	0	0	0	0	0	0	0	0	0	0	0	0	0	0	0	0	0	0	0	0	0	0	0	0	0	0	0	0	0	0	0	0	0	0	0	0	0	0	0	0	0	0	0	0	0	0	0	0	14.345577	13.3505745	26830	61.953064	128.64862	3600.1062	16.700037	15.545894	26830	87.47811	141.51585	3933.7869	15.539206	14.476678	26830	80.1942	130.93163	3617.4656
M2_S26_subsampled_depth_4G_contig_7807	0	0	0	0	0	0	0	0	0	0	0	0	0	0	0	0	0	0	1.9491899	1.8527716	18188	2.2675457	0.65408164	28.360146	1.6325791	1.5501045	16802	1.8391533	0.5453121	23.746462	1.6552532	1.5682595	17488	1.7755257	0.5553963	24.015383	0	0	0	0	0	0	0	0	0	0	0	0	0	0	0	0	0	0	3.5972369	3.474068	20941	5.2035594	29.77938	833.3468	4.0814705	3.9755213	21441	5.0200315	31.89606	886.6308	4.471887	4.392728	21243	5.290991	34.44347	951.627
M2_S26_subsampled_depth_4G_contig_8144	86.463425	86.20227	20411	1538.7092	29.16727	1217.9722	89.188156	89.16117	20463	1562.7092	30.097559	1267.9935	92.62492	92.22583	20463	1674.7595	31.522646	1328.3187	99.17379	98.7369	20462	1787.3743	33.899483	1469.8374	96.23218	96.42554	20406	1559.2325	32.635185	1421.1501	99.49668	99.331474	20411	1854.9586	33.92136	1466.7631	4.8023515	4.597038	19016	12.017012	1.3876961	11.129446	4.497073	4.251407	17939	12.295556	1.2595271	8.776426	5.784741	5.5216155	19565	16.538862	1.622562	12.058269	6.6951156	6.55244	20112	13.258378	62.059067	1736.6625	6.416351	6.277095	20479	9.520956	50.93238	1415.7933	8.164986	8.013882	20331	15.577952	63.6876	1759.6029
M2_S26_subsampled_depth_4G_contig_8617	0	0	0	0	0	0	0	0	0	0	0	0	0	0	0	0	0	0	0	0	0	0	0	0	0	0	0	0	0	0	0	0	0	0	0	0	0	0	0	0	0	0	0	0	0	0	0	0	0	0	0	0	0	0	9.6077795	9.309228	14007	17.617733	84.28911	2358.7476	9.734719	9.372084	14007	19.215273	80.551674	2239.1353	8.691925	8.501163	14007	15.267163	71.122406	1965.0168
M2_S26_subsampled_depth_4G_contig_9176	0	0	0	0	0	0	0	0	0	0	0	0	0	0	0	0	0	0	0	0	0	0	0	0	0	0	0	0	0	0	0	0	0	0	0	0	0	0	0	0	0	0	0	0	0	0	0	0	0	0	0	0	0	0	7.4256954	4.813831	35552	1952.223	87.58264	2450.9136	7.1673055	4.7861323	35662	1618.1779	81.18745	2256.809	6.551085	4.3471212	35347	1435.0815	72.02005	1989.8177
M2_S26_subsampled_depth_4G_contig_9180	5.044956	4.9686294	11064	5.829103	1.7235055	71.970436	3.6316702	3.575533	10350	4.450723	1.219028	51.356968	5.155519	5.1361423	10927	5.29026	1.7738415	74.747116	4.6786366	4.6194925	10934	5.533105	1.5914809	69.00456	5.919682	5.8728933	10980	7.3652935	2.0109818	87.57135	5.7820725	5.7077155	11086	5.9896936	1.9585044	84.68593	0	0	0	0	0	0	0	0	0	0	0	0	0	0	0	0	0	0	5.5899124	5.5486293	11039	5.9888086	47.21507	1321.2676	5.5074925	5.446091	11094	4.9921756	43.007446	1195.4999	4.621619	4.575533	10984	4.430425	36.359016	1004.5507
M2_S26_subsampled_depth_4G_contig_11667	68.48025	68.547485	20808	120.18822	23.12496	965.6566	71.46297	71.549965	20808	142.45709	24.042852	1012.9119	75.98417	76.24164	20808	164.06912	25.80803	1087.5127	82.98388	83.11939	20808	159.73393	28.399559	1231.3683	81.25167	81.58352	20808	182.77348	27.658255	1204.422	83.24581	83.25159	20808	185.95497	28.39581	1227.838	2.9549327	2.7717006	17265	6.211891	0.84187585	6.7519145	2.729209	2.5876088	18239	4.3202405	0.751701	5.2378807	2.7544293	2.6466603	18326	3.8893943	0.7558033	5.616843	9.056298	8.936378	20808	13.903543	88.07767	2464.7666	7.1849647	7.0903516	20808	7.8484898	56.670338	1575.2941	10.032917	9.92417	20774	12.160805	78.266975	2162.4124
M2_S26_subsampled_depth_4G_contig_14299	0	0	0	0	0	0	0	0	0	0	0	0	0	0	0	0	0	0	0	0	0	0	0	0	0	0	0	0	0	0	0	0	0	0	0	0	0	0	0	0	0	0	0	0	0	0	0	0	0	0	0	0	0	0	6.659051	5.77274	72469	57.819107	60.34296	1688.6381	6.717877	5.772892	72366	73.65543	57.765045	1605.7245	6.3350487	5.395182	72318	67.02136	53.755676	1485.1968
M2_S26_subsampled_depth_4G_contig_14482	4.783685	4.57445	29559	9.225248	1.5945852	66.586975	5.5055947	5.343375	29811	9.844084	1.8317245	77.16957	4.638449	4.501324	29517	7.566843	1.5555228	65.54745	5.300139	5.0181713	29574	11.545075	1.7834346	77.32737	5.453387	5.322004	29928	9.030885	1.8240474	79.43096	5.3493347	5.1544547	29608	10.095938	1.7944201	77.59094	0	0	0	0	0	0	0	0	0	0	0	0	0	0	0	0	0	0	3.395948	3.2930553	28292	4.9510503	28.445927	796.03143	4.0585976	3.976679	29676	4.643876	32.0203	890.0844	3.8192413	3.66983	29519	5.1852694	29.524366	815.7186
M2_S26_subsampled_depth_4G_contig_15572	0	0	0	0	0	0	0	0	0	0	0	0	0	0	0	0	0	0	0	0	0	0	0	0	0	0	0	0	0	0	0	0	0	0	0	0	0	0	0	0	0	0	0	0	0	0	0	0	0	0	0	0	0	0	9.360947	8.661673	14674	34.451687	81.050095	2268.1077	11.145521	10.654029	14684	23.70145	88.85135	2469.8457	8.490161	7.897875	14680	23.336002	67.21003	1856.9227
M2_S26_subsampled_depth_4G_contig_16415	0	0	0	0	0	0	0	0	0	0	0	0	0	0	0	0	0	0	0	0	0	0	0	0	0	0	0	0	0	0	0	0	0	0	0	0	0	0	0	0	0	0	0	0	0	0	0	0	0	0	0	0	0	0	8.102818	7.871741	25977	16.430357	70.4181	1970.5819	11.030644	10.964494	26060	12.058117	87.63642	2436.0745	8.102818	7.9087048	25996	11.055777	63.697815	1759.8857
M2_S26_subsampled_depth_4G_contig_17289	12787.831	12664.572	41286	31927578	4281.8213	178801.1	12749.387	12622.468	41286	31779678	4265.663	179710.03	12659.825	12538.826	41286	31231748	4273.117	180062.92	11104.825	10989.661	41286	24438200	3761.7156	163103.13	11689.574	11571.345	41286	26927736	3929.8296	171130.58	11453.899	11340.463	41286	25898954	3870.51	167361.28	5820.9985	5649.021	41286	7843379	1651.9349	13248.655	5068.7153	4921.6196	41286	5917710.5	1399.0854	9748.871	5831.382	5656.969	41286	7858495.5	1609.2423	11959.282	14.827912	14.55275	41285	61.681316	125.28976	3506.111	16.348042	16.039703	41286	72.92374	129.10097	3588.6843	17.526814	17.133886	41286	78.50181	135.96439	3756.5144
M2_S26_subsampled_depth_4G_contig_18720	0	0	0	0	0	0	0	0	0	0	0	0	0	0	0	0	0	0	0	0	0	0	0	0	0	0	0	0	0	0	0	0	0	0	0	0	0	0	0	0	0	0	0	0	0	0	0	0	0	0	0	0	0	0	8.385064	7.5589356	11767	50.726295	77.40598	2166.1306	9.818798	8.853424	11800	61.091297	85.28325	2370.6616	9.43897	8.53271	11715	68.55654	79.69614	2201.8972
M2_S26_subsampled_depth_4G_contig_20318	2.8854275	2.701087	9124	6.538155	1.0189655	42.55016	3.0993822	2.8959763	9071	7.274304	1.0862609	45.7636	3.2245967	2.9811213	0	8.900629	0	0	3.2168727	3.012967	9328	8.424939	1.146796	49.7236	3.0127017	2.8264682	9445	6.52563	1.0520916	45.814953	2.9172673	2.7890923	9044	5.901661	1.0624543	45.940655	0	0	0	0	0	0	0	0	0	0	0	0	0	0	0	0	0	0	20.312908	20.219011	11790	29.119818	170.48572	4770.876	26.434774	26.338959	11795	42.261738	207.35365	5763.9146	24.043512	23.78814	11802	44.364517	185.762	5132.353
M2_S26_subsampled_depth_4G_contig_2022|provirus_19606_60439	0	0	0	0	0	0	0	0	0	0	0	0	0	0	0	0	0	0	0	0	0	0	0	0	0	0	0	0	0	0	0	0	0	0	0	0	0	0	0	0	0	0	0	0	0	0	0	0	0	0	0	0	0	0	8.467998	8.395783	40706	9.760773	70.45023	1971.4805	10.598589	10.485116	40834	14.000043	84.05298	2336.4622	9.263002	9.247378	40795	10.83927	72.1081	1992.2501
M2_S26_subsampled_depth_4G_contig_2640|provirus_66386_101056	0	0	0	0	0	0	0	0	0	0	0	0	0	0	0	0	0	0	0	0	0	0	0	0	0	0	0	0	0	0	0	0	0	0	0	0	0	0	0	0	0	0	0	0	0	0	0	0	0	0	0	0	0	0	10.739868	10.604912	34671	15.671031	90.64705	2536.6692	12.927783	12.836525	34671	16.36473	102.477005	2848.6057	11.727412	11.590846	34671	14.605178	91.4637	2527.0193
M2_S26_subsampled_depth_4G_contig_4995|provirus_40182_100284	0	0	0	0	0	0	0	0	0	0	0	0	0	0	0	0	0	0	0	0	0	0	0	0	0	0	0	0	0	0	0	0	0	0	0	0	0	0	0	0	0	0	0	0	0	0	0	0	0	0	0	0	0	0	4.988891	4.8315945	58985	7.7681584	42.389797	1186.2372	5.335079	5.188347	59690	7.859181	42.075756	1169.6006	4.598302	4.4713764	59083	6.3985	35.761154	988.0324
M2_S26_subsampled_depth_4G_contig_5664|provirus_128_29359	0	0	0	0	0	0	0	0	0	0	0	0	0	0	0	0	0	0	0	0	0	0	0	0	0	0	0	0	0	0	0	0	0	0	0	0	0	0	0	0	0	0	0	0	0	0	0	0	0	0	0	0	0	0	6.7389793	6.4772677	28934	16.17144	56.803993	1589.6042	6.6046696	6.4165964	28971	14.272476	52.246593	1452.3247	6.4649954	6.2775655	28927	13.524118	49.94614	1379.9445
M2_S26_subsampled_depth_4G_contig_5791|provirus_107230_158246	3.388169	3.1992092	47837	6.151823	1.1431038	47.733925	2.9566712	2.8219566	47397	4.012553	1.000232	42.139225	3.0915327	2.9468994	46840	4.830767	1.0548037	44.44791	3.0634007	2.9057906	47347	5.188192	1.0502037	45.535477	2.6752708	2.496538	46755	4.82	0.9131893	39.766247	2.884601	2.7041566	47848	5.182019	0.98611534	42.639732	0	0	0	0	0	0	0	0	0	0	0	0	0	0	0	0	0	0	13.813475	11.796007	51017	292.69342	119.109344	3333.1584	16.237364	14.354426	51017	274.0478	132.37056	3679.5715	15.163898	12.992005	51017	331.20984	122.266235	3378.0508
M2_S26_subsampled_depth_4G_contig_6015|provirus_141_22724	0	0	0	0	0	0	0	0	0	0	0	0	0	0	0	0	0	0	0	0	0	0	0	0	0	0	0	0	0	0	0	0	0	0	0	0	0	0	0	0	0	0	0	0	0	0	0	0	0	0	0	0	0	0	5.867077	5.694582	22161	11.683128	49.647953	1389.3499	6.447	6.301555	22556	11.439465	50.693516	1409.1531	5.8952928	5.695721	22138	12.141536	45.809956	1265.6678
M2_S26_subsampled_depth_4G_contig_8930|provirus_3_30345	3.3505778	3.2207544	26249	6.469201	1.1392405	47.572636	3.7948532	3.675621	28468	6.2756796	1.2824253	54.02786	3.4281788	3.3333948	27266	5.2007318	1.166724	49.164036	3.2009406	3.0770562	27066	5.0631914	1.0916479	47.332428	3.1226113	2.981527	27215	5.146267	1.0579683	46.070873	3.2601266	3.1456118	27461	5.066805	1.1159283	48.25286	0	0	0	0	0	0	0	0	0	0	0	0	0	0	0	0	0	0	16.914484	16.747452	30343	27.033485	144.09122	4032.2505	19.068161	18.9547	30343	23.207058	151.66411	4215.8843	17.981022	17.887323	30343	23.407923	141.05745	3897.2266
M2_S26_subsampled_depth_4G_contig_9611|provirus_104390_174572	8.629575	8.463533	63697	29.358358	2.8821151	120.35183	8.664344	8.453396	63434	30.683645	2.893287	121.89261	8.541844	8.311735	63751	30.393442	2.8791125	121.32168	11.55064	11.288128	63405	51.99669	3.9083865	169.46257	11.329373	11.125018	63587	46.595642	3.798748	165.42241	11.232933	10.963208	63608	50.666824	3.7888072	163.8284	3.2753558	3.0444384	58512	7.637167	0.93011147	7.4595747	2.8622649	2.6457458	57161	6.3372664	0.7897331	5.50289	2.9953165	2.7526772	58675	6.9291816	0.8269278	6.145414	58.7565	58.981182	70169	246.78159	494.64926	13842.276	60.710667	61.10731	70176	240.04889	479.57495	13330.986	54.119144	54.434372	70176	191.4422	419.87192	11600.495
M2_S26_subsampled_depth_4G_contig_11383|provirus_28925_47977	2.9501667	2.8728032	17705	3.4335544	0.9903418	41.35485	2.0988202	2.0128138	16542	2.261105	0.7045267	29.681324	2.5560493	2.4720507	17413	2.9805503	0.8678116	36.56834	2.1518278	2.0711808	16556	2.3812432	0.74240613	32.18975	2.036555	1.9632046	16859	1.8691003	0.680838	29.648138	2.6762419	2.5676835	17007	3.4760666	0.91656667	39.63245	0	0	0	0	0	0	0	0	0	0	0	0	0	0	0	0	0	0	11.045019	10.93117	19018	15.879417	92.01385	2574.9172	13.770513	13.73438	19053	15.593191	108.74304	3022.7854	11.897	11.857403	19053	11.838139	92.492516	2555.4443
M2_S26_subsampled_depth_4G_contig_12389|provirus_82121_117752	0	0	0	0	0	0	0	0	0	0	0	0	0	0	0	0	0	0	0	0	0	0	0	0	0	0	0	0	0	0	0	0	0	0	0	0	0	0	0	0	0	0	0	0	0	0	0	0	0	0	0	0	0	0	18.936165	18.441786	35632	43.152348	158.57077	4437.4478	19.519531	19.094976	35632	39.411263	154.2049	4286.5117	19.122005	18.73035	35632	37.52128	148.69792	4108.3223
M2_S26_subsampled_depth_4G_contig_12484|provirus_7450_60515	2.721502	2.5173435	47795	5.060886	0.96242493	40.189133	2.7400975	2.5594842	47485	4.4068894	0.9540315	40.19281	2.6873913	2.5297947	47970	4.0171757	0.94239247	39.711067	2.6431136	2.4761684	47677	4.0859723	0.9434933	40.908657	2.455382	2.320686	47873	3.3188255	0.855101	37.23671	2.37157	2.2271028	45198	3.5543833	0.83228457	35.988083	0	0	0	0	0	0	0	0	0	0	0	0	0	0	0	0	0	0	11.997827	11.596061	53063	27.317822	104.01273	2910.6946	14.451697	14.0417	53066	33.711037	118.513695	3294.3838	12.621022	12.169845	53066	29.534082	102.3647	2828.1982
M2_S26_subsampled_depth_4G_contig_12578|provirus_37625_70729	0	0	0	0	0	0	0	0	0	0	0	0	0	0	0	0	0	0	0	0	0	0	0	0	0	0	0	0	0	0	0	0	0	0	0	0	0	0	0	0	0	0	0	0	0	0	0	0	0	0	0	0	0	0	18.329601	11.096895	33009	1681.8862	174.87274	4893.642	16.496738	8.964061	32894	1765.7716	154.20981	4286.647	17.632923	10.131183	32989	1761.6294	160.85608	4444.2363
M2_S26_subsampled_depth_4G_contig_14789|provirus_1_44875	20.261755	18.964027	40299	223.60951	6.8229675	284.91473	19.78692	18.673714	41312	189.6609	6.6659503	280.83267	20.775719	19.471022	42055	223.11086	7.0379415	296.56863	27.296299	25.780264	42386	376.0116	9.2782955	402.29495	27.492565	25.762999	42275	388.7467	9.286226	404.38324	27.066204	25.586739	41160	354.7883	9.176825	396.8069	5.854913	5.476362	36470	23.4292	1.6786759	13.463124	4.5920177	4.312747	36756	13.720296	1.2700636	8.849843	5.5520625	5.280327	37339	18.629728	1.5444021	11.477411	76.02761	77.53162	44875	772.72406	639.84424	17905.414	72.66341	74.10188	44875	695.1167	577.17847	16044.119	67.67944	69.01675	44875	485.03534	528.9331	14613.715
M2_S26_subsampled_depth_4G_contig_15357|provirus_105226_142667	0	0	0	0	0	0	0	0	0	0	0	0	0	0	0	0	0	0	0	0	0	0	0	0	0	0	0	0	0	0	0	0	0	0	0	0	0	0	0	0	0	0	0	0	0	0	0	0	0	0	0	0	0	0	13.310576	13.215618	37442	20.13093	110.90282	3103.5063	16.713396	16.55491	37442	23.670443	132.26826	3676.7283	13.368363	13.304671	37442	15.787737	103.97451	2872.6755
M3_S27_subsampled_depth_4G_contig_401	2.8700004	2.7661417	20677	3.458548	0.98022157	40.932262	2.5795171	2.4717426	19623	3.5299718	0.8617746	36.30609	2.5870364	2.3889084	19893	4.3994384	0.8967738	37.788742	2.6994157	2.5950882	20895	3.1619554	0.9385623	40.69484	2.4816778	2.3188567	19907	3.6008265	0.8538489	37.1822	2.759931	2.644205	20591	3.582064	0.9592624	41.478596	0	0	0	0	0	0	0	0	0	0	0	0	0	0	0	0	0	0	38.56244	37.506367	22227	148.51422	339.2772	9494.338	37.067535	35.891098	22227	154.62921	303.5068	8436.731	40.840107	39.898598	22227	129.8742	325.1403	8983.188
M3_S27_subsampled_depth_4G_contig_1204	0	0	0	0	0	0	0	0	0	0	0	0	0	0	0	0	0	0	0	0	0	0	0	0	0	0	0	0	0	0	0	0	0	0	0	0	0	0	0	0	0	0	0	0	0	0	0	0	0	0	0	0	0	0	5.2845383	5.239848	5130	5.8204064	46.76966	1308.803	2.9883535	2.8712628	4713	4.2858653	24.232529	673.6038	6.4263053	6.3244085	5130	7.0054135	49.171467	1358.5414
M3_S27_subsampled_depth_4G_contig_1488	0	0	0	0	0	0	1.8461491	1.7240156	13153	2.3420997	0.6081618	25.621525	0	0	0	0	0	0	2.4793363	2.3309448	13493	3.9582746	0.830139	35.993748	2.5744522	2.378809	13750	4.88584	0.8579452	37.360565	2.5081403	2.4018366	13994	3.187766	0.84084356	36.358166	0	0	0	0	0	0	0	0	0	0	0	0	0	0	0	0	0	0	3.3151534	3.2310421	14911	4.2789683	27.483624	769.10223	3.9197245	3.8198135	15570	4.951036	30.553085	849.29974	3.8671257	3.7669404	15398	5.512934	29.854244	824.8324
M3_S27_subsampled_depth_4G_contig_3967	0	0	0	0	0	0	0	0	0	0	0	0	0	0	0	0	0	0	0	0	0	0	0	0	0	0	0	0	0	0	0	0	0	0	0	0	0	0	0	0	0	0	0	0	0	0	0	0	0	0	0	0	0	0	5.919871	5.807627	11062	10.950195	50.84265	1422.7816	4.733889	4.6504035	11038	5.3595304	37.485424	1042.001	6.066595	6.0201135	11162	7.333052	46.571644	1286.7117
M3_S27_subsampled_depth_4G_contig_4508	0	0	0	0	0	0	0	0	0	0	0	0	0	0	0	0	0	0	0	0	0	0	0	0	0	0	0	0	0	0	0	0	0	0	0	0	0	0	0	0	0	0	0	0	0	0	0	0	0	0	0	0	0	0	67.19488	66.1369	20568	3326.2576	567.8377	15890.382	83.353264	82.06067	20568	5141.3296	665.81793	18508.074	76.30508	75.37006	20568	4027.5688	598.9666	16548.639
M3_S27_subsampled_depth_4G_contig_4693	0	0	0	0	0	0	0	0	0	0	0	0	0	0	0	0	0	0	0	0	0	0	0	0	0	0	0	0	0	0	0	0	0	0	0	0	0	0	0	0	0	0	0	0	0	0	0	0	0	0	0	0	0	0	2.9349961	2.8572628	2423	4.742087	26.762924	748.9342	2.1621315	2.0969772	2285	2.9298475	17.36095	482.59097	3.972789	3.9617968	2796	1.7497319	29.934092	827.03864
M3_S27_subsampled_depth_4G_contig_6822	0	0	0	0	0	0	0	0	0	0	0	0	0	0	0	0	0	0	0	0	0	0	0	0	0	0	0	0	0	0	0	0	0	0	0	0	0	0	0	0	0	0	0	0	0	0	0	0	0	0	0	0	0	0	10.233773	9.932019	33229	32.16341	91.43521	2558.7244	10.088153	9.778491	33218	37.335773	85.22572	2369.0615	10.443786	10.162698	33229	36.489063	86.757126	2396.9827
M3_S27_subsampled_depth_4G_contig_6866	6925.1313	6981.0986	18340	1081169.3	2309.0422	96421.4	6930.899	6988.963	18340	1076434.9	2309.4678	97296.61	6898.7134	6958.4087	18340	1032475.75	2319.15	97725.62	6018.4946	6072.264	18340	761590.75	2030.1227	88023.5	6351.9404	6407.2485	18340	865157	2127.0532	92625.87	6183.54	6237.945	18340	835883.94	2081.0188	89983.48	3313.944	3288.4663	18340	740150.3	936.8587	7513.684	2891.324	2867.1824	18340	562651.56	795.3622	5542.109	3344.7283	3321.5105	18340	780640.56	919.8327	6835.848	8.158934	8.069142	18311	11.800291	68.58463	1919.2739	8.5456295	8.467628	18273	12.455859	67.20138	1868.0311	9.830457	9.739922	18327	12.814071	75.99598	2099.667
M3_S27_subsampled_depth_4G_contig_10059	0	0	0	0	0	0	0	0	0	0	0	0	0	0	0	0	0	0	0	0	0	0	0	0	0	0	0	0	0	0	0	0	0	0	0	0	0	0	0	0	0	0	0	0	0	0	0	0	0	0	0	0	0	0	8.357749	8.169088	28344	20.453335	72.79953	2037.2234	9.23236	8.998233	28438	20.696	76.35318	2122.4275	7.8454113	7.574077	28438	18.767313	63.6853	1759.5392
M3_S27_subsampled_depth_4G_contig_10242	4636.1035	4686.9375	41197	722861.5	1546.678	64586.453	4662.102	4718.064	41197	721191.4	1554.3022	65481.902	4429.4927	4482.3247	41197	642941.25	1489.5648	62768.094	3997.899	4045.5547	41197	517457.53	1348.9613	58489.21	3978.3438	4028.5737	41197	504388.97	1332.0286	58005.258	4088.1394	4136.2188	41197	558390.8	1376.1677	59505.645	129.75801	127.631165	41119	3669.4097	36.664597	294.0531	116.85541	115.387	41091	2990.0283	32.121952	223.82674	172.52637	171.31007	41169	5469.239	47.394516	352.21805	11.902526	11.836748	40787	21.60252	100.85198	2822.244	14.072624	14.074682	40942	23.200422	111.274734	3093.16	14.729261	14.702082	41197	26.119146	114.10806	3152.6528
M3_S27_subsampled_depth_4G_contig_10778	0	0	0	0	0	0	1.4595709	1.3446202	11841	1.8362682	0.48442867	20.408703	0	0	0	0	0	0	2.1322725	2.0479634	13614	2.3643973	0.72080266	31.253069	2.3414085	2.2176247	13257	3.5623631	0.78589976	34.223225	2.5799885	2.3835635	13019	5.198901	0.87789285	37.9602	0	0	0	0	0	0	0	0	0	0	0	0	0	0	0	0	0	0	3.9676566	3.8141599	14705	6.5886445	33.576637	939.6097	5.168868	5.04195	15571	7.383916	40.947685	1138.2437	5.4979706	5.32973	15610	7.9966617	42.57807	1176.3752
M3_S27_subsampled_depth_4G_contig_11518	0	0	0	0	0	0	0	0	0	0	0	0	0	0	0	0	0	0	0	0	0	0	0	0	0	0	0	0	0	0	0	0	0	0	0	0	0	0	0	0	0	0	0	0	0	0	0	0	0	0	0	0	0	0	5.8515606	5.6809144	11619	9.710888	49.67179	1390.0164	6.2527018	6.115935	11656	8.164477	50.62303	1407.1937	7.05118	6.973009	11717	7.196065	54.763783	1513.0497
M3_S27_subsampled_depth_4G_contig_11925	0	0	0	0	0	0	0	0	0	0	0	0	0	0	0	0	0	0	0	0	0	0	0	0	0	0	0	0	0	0	0	0	0	0	0	0	0	0	0	0	0	0	0	0	0	0	0	0	0	0	0	0	0	0	5.2588706	5.162483	14541	9.047742	46.26029	1294.5491	4.666711	4.5617156	14475	7.9422035	37.07577	1030.6139	5.9248505	5.7839212	14856	10.806167	45.579906	1259.3119
M3_S27_subsampled_depth_4G_contig_12134	0	0	0	0	0	0	0	0	0	0	0	0	0	0	0	0	0	0	0	0	0	0	0	0	0	0	0	0	0	0	0	0	0	0	0	0	0	0	0	0	0	0	0	0	0	0	0	0	0	0	0	0	0	0	10.653421	8.853681	11198	119.05459	99.70515	2790.1511	11.290008	9.360518	11198	123.1508	98.32621	2733.2234	10.972846	9.027353	11198	129.50266	96.229904	2658.7031
M3_S27_subsampled_depth_4G_contig_12896	0	0	0	0	0	0	0	0	0	0	0	0	0	0	0	0	0	0	0	0	0	0	0	0	0	0	0	0	0	0	0	0	0	0	0	0	0	0	0	0	0	0	0	0	0	0	0	0	0	0	0	0	0	0	7.2162533	7.124685	12492	9.697578	62.563946	1750.7908	6.634014	6.625675	12492	6.9213066	52.88458	1470.0596	7.416221	7.2778177	12492	9.5012455	57.32176	1583.7227
M3_S27_subsampled_depth_4G_contig_13234	0	0	0	0	0	0	0	0	0	0	0	0	0	0	0	0	0	0	0	0	0	0	0	0	0	0	0	0	0	0	0	0	0	0	0	0	0	0	0	0	0	0	0	0	0	0	0	0	0	0	0	0	0	0	9.976612	9.765577	21375	25.714766	87.88649	2459.4177	8.072828	7.873928	21472	15.136291	65.38601	1817.5679	10.545675	10.200956	21529	25.36075	83.744965	2313.7607
M3_S27_subsampled_depth_4G_contig_15479	0	0	0	0	0	0	0	0	0	0	0	0	0	0	0	0	0	0	0	0	0	0	0	0	0	0	0	0	0	0	0	0	0	0	0	0	0	0	0	0	0	0	0	0	0	0	0	0	0	0	0	0	0	0	2.3245835	2.224341	1911	3.0152996	23.40971	655.098	3.0302877	2.9786875	2055	2.943527	25.000914	694.9628	3.7354872	3.676949	2131	3.1764624	27.820024	768.62964
M3_S27_subsampled_depth_4G_contig_15823	0	0	0	0	0	0	0	0	0	0	0	0	0	0	0	0	0	0	0	0	0	0	0	0	0	0	0	0	0	0	0	0	0	0	0	0	0	0	0	0	0	0	0	0	0	0	0	0	0	0	0	0	0	0	12.44363	11.970523	17074	73.35325	115.965965	3245.1936	13.767254	13.194525	17074	80.73274	120.37637	3346.1624	13.600508	13.149881	17074	81.566154	115.536	3192.1038
M3_S27_subsampled_depth_4G_contig_15934	0	0	0	0	0	0	0	0	0	0	0	0	0	0	0	0	0	0	0	0	0	0	0	0	0	0	0	0	0	0	0	0	0	0	0	0	0	0	0	0	0	0	0	0	0	0	0	0	0	0	0	0	0	0	5.015934	4.934099	18557	6.553199	42.637688	1193.1741	3.9454303	3.8739417	18452	4.332345	30.857971	857.77466	6.384759	6.2755046	18915	6.9834824	49.287727	1361.7538
M3_S27_subsampled_depth_4G_contig_16156	2.479344	2.3539164	21720	3.3670712	0.84077984	35.109455	2.6893165	2.5448732	22567	3.6980128	0.9037411	38.07412	2.4004605	2.322174	22091	2.4532895	0.8143397	34.31509	2.521766	2.4295044	21060	3.1086993	0.86060184	37.31456	2.385703	2.3113954	21690	2.689384	0.82485163	35.919437	1.9297489	1.8105047	20283	2.535186	0.65953505	28.518372	0	0	0	0	0	0	0	0	0	0	0	0	0	0	0	0	0	0	14.497472	14.430326	24477	21.232086	121.94514	3412.5159	18.334278	18.236767	24477	28.173538	144.52707	4017.492	18.945328	18.872345	24477	23.929026	146.46268	4046.566
M3_S27_subsampled_depth_4G_contig_19519	0	0	0	0	0	0	0	0	0	0	0	0	0	0	0	0	0	0	0	0	0	0	0	0	0	0	0	0	0	0	0	0	0	0	0	0	0	0	0	0	0	0	0	0	0	0	0	0	0	0	0	0	0	0	4.5811434	4.3907166	17523	8.521905	38.612644	1080.5372	5.5890326	5.4498487	17804	9.412549	44.489597	1236.7001	4.53753	4.3986173	17699	7.746661	34.907166	964.43805
M3_S27_subsampled_depth_4G_contig_20006	0	0	0	0	0	0	0	0	0	0	0	0	0	0	0	0	0	0	0	0	0	0	0	0	0	0	0	0	0	0	0	0	0	0	0	0	0	0	0	0	0	0	0	0	0	0	0	0	0	0	0	0	0	0	4.9734464	4.877544	11969	10.299247	42.14859	1179.4868	5.5129967	5.3340445	12412	9.958539	43.883995	1219.8652	5.2948093	5.1795077	12630	6.0956097	40.974358	1132.0667
M3_S27_subsampled_depth_4G_contig_20315	0	0	0	0	0	0	0	0	0	0	0	0	0	0	0	0	0	0	0	0	0	0	0	0	0	0	0	0	0	0	0	0	0	0	0	0	0	0	0	0	0	0	0	0	0	0	0	0	0	0	0	0	0	0	4.9140444	4.8237095	20707	7.0521793	42.038307	1176.4009	5.2308607	5.1942205	21075	5.1233683	40.898357	1136.8724	4.9843845	4.9387755	20653	6.0212584	38.293324	1057.9933
M3_S27_subsampled_depth_4G_contig_20323	96.58813	96.997536	10973	2124.953	33.28978	1390.1205	100.82744	101.76295	10971	2078.3127	34.56186	1456.0719	98.43828	98.38947	10963	2266.205	34.243797	1442.9836	110.91561	111.76049	10973	2479.621	38.47275	1668.1287	108.77888	108.986565	10978	2742.7117	37.461895	1631.3369	110.51353	111.24721	10981	2435.0574	38.315704	1656.7754	6.083464	5.9085035	9849	18.258406	1.7690982	14.188317	6.6328135	6.241871	10040	30.353342	1.8979542	13.225017	7.653033	7.1353984	10381	37.78154	2.1764607	16.174633	7.1597266	7.0213356	10708	15.460913	68.79319	1925.1096	6.1181793	5.874859	10358	16.600067	50.997166	1417.5942	7.1112547	6.890348	10910	18.26269	58.857754	1626.1605
M3_S27_subsampled_depth_4G_contig_20956	1.8205369	1.6314147	2786	3.156356	0.66009563	27.564405	2.0421348	1.899792	3227	1.9991609	0.7344845	30.943415	1.5608615	1.5083218	2901	1.1892389	0.5595126	23.57704	1.7574906	1.6747572	2749	1.9414831	0.65232724	28.284058	2.1129837	2.0416088	2962	2.0228221	0.7524558	32.76687	2.610175	2.5513177	3189	2.232941	0.96869236	41.886364	0	0	0	0	0	0	0	0	0	0	0	0	0	0	0	0	0	0	2.0065544	1.7524272	2707	4.4298663	18.414948	515.32434	2.1629214	2.066574	2658	2.7658305	17.296564	480.80124	4.7887015	4.753121	3354	4.7205586	37.08442	1024.5928
M3_S27_subsampled_depth_4G_contig_22585	0	0	0	0	0	0	0	0	0	0	0	0	0	0	0	0	0	0	0	0	0	0	0	0	0	0	0	0	0	0	0	0	0	0	0	0	0	0	0	0	0	0	0	0	0	0	0	0	0	0	0	0	0	0	4.5023184	4.3403697	12952	7.5019145	38.20268	1069.0648	4.721061	4.597906	13141	6.962776	37.545605	1043.6737	4.4166603	4.2824454	13196	5.7482424	34.068672	941.27155
M3_S27_subsampled_depth_4G_contig_23008	0	0	0	0	0	0	0	0	0	0	0	0	0	0	0	0	0	0	0	0	0	0	0	0	0	0	0	0	0	0	0	0	0	0	0	0	0	0	0	0	0	0	0	0	0	0	0	0	0	0	0	0	0	0	4.3621016	4.251644	14622	5.7587495	36.623257	1024.8658	3.804722	3.7215247	14626	3.8283288	29.724457	826.2657	4.1813536	4.0881915	14816	3.9517713	32.35883	894.03094
M3_S27_subsampled_depth_4G_contig_4363|provirus_208592_242395	0	0	0	0	0	0	0	0	0	0	0	0	0	0	0	0	0	0	0	0	0	0	0	0	0	0	0	0	0	0	0	0	0	0	0	0	0	0	0	0	0	0	0	0	0	0	0	0	0	0	0	0	0	0	11.9636	9.858237	33716	308.8558	123.47069	3455.2053	16.468058	13.556388	33785	591.8513	161.7032	4494.945	15.756226	13.151668	33804	490.63602	151.68399	4190.824
M3_S27_subsampled_depth_4G_contig_6341|provirus_7128_20535	5.601448	5.5397186	13371	5.543944	1.9026598	79.451645	5.7744	5.6975865	13304	6.990439	1.9497949	82.14376	5.3128676	5.231942	13399	5.924886	1.7892389	75.39589	4.8578973	4.7724986	13276	6.0713797	1.6545602	71.73957	4.976995	4.909754	13154	6.405821	1.6940356	73.76941	5.741213	5.5856376	13387	6.992011	1.9574717	84.64127	0	0	0	0	0	0	0	0	0	0	0	0	0	0	0	0	0	0	7.492684	7.395844	13344	10.384538	66.08533	1849.3331	7.4558	7.3278866	13402	9.435213	60.92729	1693.6263	8.615252	8.470169	13408	10.864025	68.49105	1892.3162
M3_S27_subsampled_depth_4G_contig_10130|provirus_237_37281	0	0	0	0	0	0	0	0	0	0	0	0	0	0	0	0	0	0	0	0	0	0	0	0	0	0	0	0	0	0	0	0	0	0	0	0	0	0	0	0	0	0	0	0	0	0	0	0	0	0	0	0	0	0	9.737579	9.565935	36910	22.422216	81.88823	2291.5618	11.913267	11.792273	37028	26.725822	95.014984	2641.1797	11.638	11.527419	37019	26.138044	91.125046	2517.662
M3_S27_subsampled_depth_4G_contig_10365|provirus_5950_27913	5.0648665	4.9809513	21625	6.216167	1.706719	71.26952	5.4935822	5.400173	21953	6.022031	1.8609242	78.3997	5.112863	5.00163	21812	6.489072	1.7388206	73.271385	4.862978	4.796832	21629	5.7221584	1.6494101	71.516266	4.7330155	4.6831517	21494	5.3465867	1.6017524	69.75082	4.889337	4.757716	21668	6.281065	1.6756972	72.45734	0	0	0	0	0	0	0	0	0	0	0	0	0	0	0	0	0	0	11.754561	11.657787	21962	19.02141	100.63873	2816.2764	12.4629135	12.246358	21964	19.366592	99.182076	2757.0137	13.277849	13.15631	21964	21.214458	104.26189	2880.615
M3_S27_subsampled_depth_4G_contig_14629|provirus_34570_84653	0	0	0	0	0	0	0	0	0	0	0	0	0	0	0	0	0	0	0	0	0	0	0	0	0	0	0	0	0	0	0	0	0	0	0	0	0	0	0	0	0	0	0	0	0	0	0	0	0	0	0	0	0	0	19.313875	19.221107	50084	24.482166	162.40334	4544.6978	24.243681	24.192804	50084	31.300423	191.35713	5319.252	22.486403	22.40292	50084	26.08319	174.56105	4822.887
M3_S27_subsampled_depth_4G_contig_15192|provirus_52133_107561	0	0	0	0	0	0	0	0	0	0	0	0	0	0	0	0	0	0	0	0	0	0	0	0	0	0	0	0	0	0	0	0	0	0	0	0	0	0	0	0	0	0	0	0	0	0	0	0	0	0	0	0	0	0	13.5763855	13.402106	55429	19.565414	114.749985	3211.1655	14.907361	14.822563	55429	16.088589	118.07495	3282.1882	13.056785	12.938998	55429	16.006088	102.15317	2822.3542
M3_S27_subsampled_depth_4G_contig_17490|provirus_42902_63076	0	0	0	0	0	0	0	0	0	0	0	0	0	0	0	0	0	0	0	0	0	0	0	0	0	0	0	0	0	0	0	0	0	0	0	0	0	0	0	0	0	0	0	0	0	0	0	0	0	0	0	0	0	0	10.950262	10.852134	20115	17.288279	92.136345	2578.3452	11.705818	11.704599	20175	12.881342	93.07144	2587.153	13.09583	12.942074	20175	18.668348	101.86841	2814.4868
M3_S27_subsampled_depth_4G_contig_17766|provirus_115022_134421	0	0	0	0	0	0	0	0	0	0	0	0	0	0	0	0	0	0	0	0	0	0	0	0	0	0	0	0	0	0	0	0	0	0	0	0	0	0	0	0	0	0	0	0	0	0	0	0	0	0	0	0	0	0	4.577922	4.4542885	18575	7.1978607	38.326824	1072.539	5.042805	4.998615	19094	5.2198424	39.72886	1104.3627	4.908364	4.8132863	19216	5.0188775	37.80928	1044.6198
M3_S27_subsampled_depth_4G_contig_21885|provirus_21709_107699	0	0	0	0	0	0	0	0	0	0	0	0	0	0	0	0	0	0	0	0	0	0	0	0	0	0	0	0	0	0	0	0	0	0	0	0	0	0	0	0	0	0	0	0	0	0	0	0	0	0	0	0	0	0	7.5517178	6.6380653	85583	65.38442	68.49696	1916.8201	7.403653	6.4723067	85799	65.96899	62.961494	1750.1722	7.236239	6.310263	85723	66.66985	60.561386	1673.2296
