Contig	F3_S19_subsampled_depth_16G_combined_mapped Mean	F3_S19_subsampled_depth_16G_combined_mapped Trimmed Mean	F3_S19_subsampled_depth_16G_combined_mapped Covered Bases	F3_S19_subsampled_depth_16G_combined_mapped Variance	F3_S19_subsampled_depth_16G_combined_mapped RPKM	F3_S19_subsampled_depth_16G_combined_mapped TPM	F4_S20_subsampled_depth_16G_combined_mapped Mean	F4_S20_subsampled_depth_16G_combined_mapped Trimmed Mean	F4_S20_subsampled_depth_16G_combined_mapped Covered Bases	F4_S20_subsampled_depth_16G_combined_mapped Variance	F4_S20_subsampled_depth_16G_combined_mapped RPKM	F4_S20_subsampled_depth_16G_combined_mapped TPM	F5_S21_subsampled_depth_16G_combined_mapped Mean	F5_S21_subsampled_depth_16G_combined_mapped Trimmed Mean	F5_S21_subsampled_depth_16G_combined_mapped Covered Bases	F5_S21_subsampled_depth_16G_combined_mapped Variance	F5_S21_subsampled_depth_16G_combined_mapped RPKM	F5_S21_subsampled_depth_16G_combined_mapped TPM	F6_S22_subsampled_depth_16G_combined_mapped Mean	F6_S22_subsampled_depth_16G_combined_mapped Trimmed Mean	F6_S22_subsampled_depth_16G_combined_mapped Covered Bases	F6_S22_subsampled_depth_16G_combined_mapped Variance	F6_S22_subsampled_depth_16G_combined_mapped RPKM	F6_S22_subsampled_depth_16G_combined_mapped TPM	F7_S23_subsampled_depth_16G_combined_mapped Mean	F7_S23_subsampled_depth_16G_combined_mapped Trimmed Mean	F7_S23_subsampled_depth_16G_combined_mapped Covered Bases	F7_S23_subsampled_depth_16G_combined_mapped Variance	F7_S23_subsampled_depth_16G_combined_mapped RPKM	F7_S23_subsampled_depth_16G_combined_mapped TPM	F8_S24_subsampled_depth_16G_combined_mapped Mean	F8_S24_subsampled_depth_16G_combined_mapped Trimmed Mean	F8_S24_subsampled_depth_16G_combined_mapped Covered Bases	F8_S24_subsampled_depth_16G_combined_mapped Variance	F8_S24_subsampled_depth_16G_combined_mapped RPKM	F8_S24_subsampled_depth_16G_combined_mapped TPM	GP3_S28_subsampled_depth_16G_combined_mapped Mean	GP3_S28_subsampled_depth_16G_combined_mapped Trimmed Mean	GP3_S28_subsampled_depth_16G_combined_mapped Covered Bases	GP3_S28_subsampled_depth_16G_combined_mapped Variance	GP3_S28_subsampled_depth_16G_combined_mapped RPKM	GP3_S28_subsampled_depth_16G_combined_mapped TPM	GP4_S29_subsampled_depth_16G_combined_mapped Mean	GP4_S29_subsampled_depth_16G_combined_mapped Trimmed Mean	GP4_S29_subsampled_depth_16G_combined_mapped Covered Bases	GP4_S29_subsampled_depth_16G_combined_mapped Variance	GP4_S29_subsampled_depth_16G_combined_mapped RPKM	GP4_S29_subsampled_depth_16G_combined_mapped TPM	GP5_S30_subsampled_depth_16G_combined_mapped Mean	GP5_S30_subsampled_depth_16G_combined_mapped Trimmed Mean	GP5_S30_subsampled_depth_16G_combined_mapped Covered Bases	GP5_S30_subsampled_depth_16G_combined_mapped Variance	GP5_S30_subsampled_depth_16G_combined_mapped RPKM	GP5_S30_subsampled_depth_16G_combined_mapped TPM	M1_S25_subsampled_depth_16G_combined_mapped Mean	M1_S25_subsampled_depth_16G_combined_mapped Trimmed Mean	M1_S25_subsampled_depth_16G_combined_mapped Covered Bases	M1_S25_subsampled_depth_16G_combined_mapped Variance	M1_S25_subsampled_depth_16G_combined_mapped RPKM	M1_S25_subsampled_depth_16G_combined_mapped TPM	M2_S26_subsampled_depth_16G_combined_mapped Mean	M2_S26_subsampled_depth_16G_combined_mapped Trimmed Mean	M2_S26_subsampled_depth_16G_combined_mapped Covered Bases	M2_S26_subsampled_depth_16G_combined_mapped Variance	M2_S26_subsampled_depth_16G_combined_mapped RPKM	M2_S26_subsampled_depth_16G_combined_mapped TPM	M3_S27_subsampled_depth_16G_combined_mapped Mean	M3_S27_subsampled_depth_16G_combined_mapped Trimmed Mean	M3_S27_subsampled_depth_16G_combined_mapped Covered Bases	M3_S27_subsampled_depth_16G_combined_mapped Variance	M3_S27_subsampled_depth_16G_combined_mapped RPKM	M3_S27_subsampled_depth_16G_combined_mapped TPM
F3_S19_subsampled_depth_16G_contig_200	7503.338	7528.1313	12246	1835157	630.90173	22889.877	7099.849	7126.255	12246	1813812.4	596.6133	21766.21	7671.1416	7699.253	12246	1534081.5	650.68506	23717.268	6951.651	6973.7695	12246	1270067.5	591.1136	22586.404	6949.3115	6973.8604	12246	1275094.5	586.41406	22257.518	6981.368	7009.3184	12246	1156310.1	592.72925	22463.803	2413.5374	2438.4626	12246	960228.06	168.45776	1489.3087	1967.4165	1988.6045	12246	601550.5	134.10379	1027.1188	2880.7703	2900.8618	12246	1241864.9	196.60275	1581.9506	21.088873	20.948751	12246	26.059488	37.439713	1108.0063	21.073992	20.883818	12246	20.39659	35.964462	1062.0029	19.559607	19.474743	12246	23.800507	32.068054	942.5085
F3_S19_subsampled_depth_16G_contig_337	18.261477	17.861765	13918	83.976814	1.5445408	56.037804	15.485474	15.030503	13895	67.72913	1.3110892	47.8324	16.5905	16.162605	13911	83.27342	1.4167306	51.639416	13.863597	13.419383	13809	64.49029	1.1892711	45.441944	13.792272	13.318431	13874	53.796616	1.1749953	44.597286	14.591952	14.232731	13895	58.8526	1.2459899	47.221695	3.1072052	2.8825855	10684	8.034849	0.21417853	1.8935192	2.7821035	2.6086185	11787	5.1802363	0.18718658	1.4336869	3.0317402	2.8164139	11434	6.8075204	0.20436294	1.6443917	0	0	0	0	0	0	0	0	0	0	0	0	0	0	0	0	0	0
F3_S19_subsampled_depth_16G_contig_372	7.0875754	6.9846272	10229	10.061329	0.6001617	21.774588	6.948404	6.740529	10171	11.771754	0.5912082	21.569008	7.6282496	7.2973537	9876	23.909925	0.6596379	24.04359	8.370762	7.9354343	10153	32.178947	0.7257933	27.732498	8.081151	7.840013	10237	24.533844	0.6902263	26.197748	8.366611	8.157571	10162	20.509218	0.7196261	27.273062	0	0	0	0	0	0	0	0	0	0	0	0	0	0	0	0	0	0	0	0	0	0	0	0	0	0	0	0	0	0	0	0	0	0	0	0
F3_S19_subsampled_depth_16G_contig_472	11858.212	11830.088	43261	1256126.4	995.0238	36100.664	11481.95	11454.41	43261	1220149.3	962.9843	35132.504	11689.941	11662.355	43261	1135160.8	988.8445	36043.08	10793.251	10769.331	43261	932225.7	915.2718	34972.465	10151.253	10133.64	43261	815854	854.1898	32421.033	10533.294	10514.901	43261	906897.56	891.6828	33793.816	5771.707	5497.247	43261	7230522	402.8539	3561.5686	4909.747	4670.1733	43261	5396519.5	334.62302	2562.9224	5643.6816	5379.589	43261	6284208.5	385.0344	3098.1538	21.27921	21.155254	43249	35.273396	37.076405	1097.2544	24.286423	24.115435	43254	36.764626	40.79233	1204.566	25.357866	25.258808	43261	32.287125	41.398773	1216.7467
F3_S19_subsampled_depth_16G_contig_834	6.2980113	6.1599426	10257	8.728716	0.53413415	19.379042	6.0730186	6.039354	10221	5.917487	0.51411283	18.756357	6.027308	5.885347	10211	9.845089	0.51603884	18.809448	9.600871	9.498296	10257	18.38254	0.8162231	31.187832	7.927971	7.762559	10212	13.682126	0.6834835	25.94182	7.205996	6.9141474	10257	16.212856	0.6307533	23.904879	0	0	0	0	0	0	0	0	0	0	0	0	0	0	0	0	0	0	0	0	0	0	0	0	0	0	0	0	0	0	0	0	0	0	0	0
F3_S19_subsampled_depth_16G_contig_988	134.0543	131.6022	43134	1281.3806	11.24879	408.11978	127.42416	124.87427	43134	1111.5632	10.69141	390.05414	132.26756	129.73662	43134	1363.8419	11.1906395	407.89526	121.18932	119.44561	43134	983.24976	10.275067	392.60944	118.09771	115.89208	43134	922.38477	9.937143	377.16718	121.74177	119.74745	43134	1067.1847	10.308138	390.66745	57.526825	54.97291	43134	793.24963	4.015582	35.501133	46.082333	44.382904	43134	506.26956	3.1424208	24.068207	52.902824	50.973064	43134	538.0219	3.607573	29.028091	145.25838	144.60867	43134	406.18552	253.65562	7506.7905	154.66217	154.62762	43134	278.16245	260.37427	7688.65	136.49597	136.08447	43134	251.44638	222.9704	6553.2954
F3_S19_subsampled_depth_16G_contig_2118	199.37622	198.42603	45076	663.498	16.74132	607.3954	205.0358	203.88556	45076	692.7215	17.203657	627.6401	205.92616	204.58795	45076	880.34937	17.423195	635.06995	197.19926	195.81879	45076	788.5256	16.735052	639.445	209.01355	207.96468	45076	848.0367	17.59047	667.65155	200.4193	198.9659	45076	853.53174	16.97274	643.2488	120.69621	114.89519	45076	2903.3755	8.429311	74.522194	105.44644	101.971855	45076	1702.2832	7.1954007	55.110542	119.48609	115.05738	45076	2255.5024	8.161543	65.67128	135.74164	134.72974	45076	495.7254	239.02826	7073.8984	144.97612	144.29112	45076	305.76382	245.51086	7249.7466	132.77724	132.12514	45076	301.23752	218.14441	6411.4565
F3_S19_subsampled_depth_16G_contig_2210	48.492493	44.010456	18532	778.8404	4.326575	156.97348	44.845284	40.07332	18532	815.3946	3.997328	145.83434	48.41002	43.689434	18532	778.99945	4.36543	159.11855	41.353226	36.98785	18532	663.41754	3.7354617	142.73174	35.524696	31.88606	18532	477.41724	3.1918738	121.148476	39.157112	35.49873	18532	525.25446	3.5192935	133.37752	0	0	0	0	0	0	0	0	0	0	0	0	0	0	0	0	0	0	6.0108256	4.066308	17735	123.44827	13.00997	385.02228	5.4656186	3.4964943	16886	121.51612	11.268794	332.75873	7.401806	5.2726064	18508	144.81064	14.68267	431.5365
F3_S19_subsampled_depth_16G_contig_2320	38.775677	37.02176	13323	704.426	3.5375865	128.34792	40.791542	39.374546	13323	755.0115	3.7045825	135.15411	45.27139	43.400017	13323	1010.5237	4.162384	151.71762	46.064754	44.349075	13323	1030.9432	4.232738	161.73254	48.049725	45.95513	13323	1169.9408	4.3865404	166.49245	47.96675	45.931686	13323	1057.5294	4.362729	165.34274	1.8055112	1.6790081	10506	2.4799361	0.13660139	1.207671	0	0	0	0	0	0	2.6866317	2.4938855	11752	5.004283	0.19659486	1.5818877	0	0	0	0	0	0	3.4254916	3.0542295	10315	13.584279	6.1104546	180.43704	4.337736	3.876613	11402	23.735987	8.0773115	237.3993
F3_S19_subsampled_depth_16G_contig_2650	2.1381752	2.0836143	8970	2.0824738	0.18028443	6.5409417	2.112988	2.0158463	8897	2.205239	0.17640468	6.4357643	2.3982399	2.3179367	8650	2.8980403	0.20206502	7.365212	2.1355453	2.0831647	8587	2.0121772	0.18084879	6.9102187	2.978859	2.8977299	9337	3.4903982	0.24884495	9.444987	2.6575966	2.5251741	8905	3.8873	0.22378138	8.481075	0	0	0	0	0	0	0	0	0	0	0	0	0	0	0	0	0	0	0	0	0	0	0	0	2.6223953	2.4449315	9043	4.6477904	4.4085636	130.1815	3.3935869	3.3217578	9512	3.8939357	5.520166	162.24265
F3_S19_subsampled_depth_16G_contig_2731	26758.107	26102.387	95580	22301576	2248.092	81563.5	27749.305	27047.246	95580	25329600	2330.4285	85020.91	27802.295	27020.803	95580	28158400	2355.0789	85841.914	28741.307	27842.557	95580	37402932	2440.534	93252.62	30078.902	29234.443	95580	35000060	2534.7107	96205.7	28546.035	27684.775	95580	34936976	2419.854	91709.86	14191.767	13985.943	95580	13627175	992.3198	8772.942	12462.4	12269.405	95580	10194149	850.9379	6517.4487	13769.348	13556.608	95580	11813305	941.052	7572.1094	52.158157	51.208305	95580	166.38918	91.810295	2717.0713	54.785957	53.50892	95580	180.6997	92.168106	2721.6523	55.89296	54.839886	95580	159.18306	91.17524	2679.7217
F3_S19_subsampled_depth_16G_contig_2800	157.08504	131.93993	54966	22947.844	13.203997	479.05698	157.27834	132.24704	54966	22336.225	13.204521	481.73984	152.94139	127.794655	54966	22796.045	12.954027	472.17035	138.54831	117.77392	54966	15329.094	11.766188	449.58493	140.22499	119.94006	54966	15492.336	11.819229	448.60223	138.28719	117.137245	54966	15911.783	11.720803	444.20584	110.95078	107.92083	54966	1934.6389	7.764935	68.648544	85.02464	83.14073	54966	978.6547	5.8003645	44.42575	104.521286	102.311455	54966	1423.2524	7.1431284	57.47672	0	0	0	0	0	0	0	0	0	0	0	0	0	0	0	0	0	0
F3_S19_subsampled_depth_16G_contig_3460	16.614567	16.42637	37936	26.399855	1.3948109	50.60542	17.433495	17.325806	37936	24.667025	1.4623753	53.35174	17.785397	17.624825	37936	31.717745	1.5078758	54.961586	17.708067	17.559515	37934	26.045427	1.5060657	57.546646	18.539776	18.373823	37936	26.449623	1.5652678	59.41019	18.638887	18.378117	37936	32.875362	1.5785958	59.827065	10.560261	10.292549	37920	25.061043	0.74166656	6.5569553	9.257899	9.0525465	37914	18.96138	0.63396645	4.855635	10.297068	10.03311	37903	23.497162	0.70445913	5.6683846	0	0	0	0	0	0	0	0	0	0	0	0	0	0	0	0	0	0
F3_S19_subsampled_depth_16G_contig_3643	98.55691	95.00434	17555	2295.0962	8.584802	311.4671	96.225914	93.37989	17448	1986.3314	8.355308	304.82617	90.54019	87.68701	17448	2231.487	7.957688	290.05524	84.66981	81.866776	17443	2116.7769	7.4425716	284.37997	85.88113	82.63932	17444	1902.6118	7.4662237	283.3826	86.70279	83.455986	17443	2003.1193	7.5604253	286.53195	0	0	0	0	0	0	0	0	0	0	0	0	0	0	0	0	0	0	129.25165	102.73227	17447	30999.744	242.51245	7177.013	172.9379	143.61653	17476	38961.223	314.2488	9279.524	169.90141	135.86371	17444	44718.695	302.07883	8878.361
F3_S19_subsampled_depth_16G_contig_3894	146.05383	120.20402	56826	25011.326	12.319372	446.9618	146.26065	120.12494	56826	24359.309	12.332146	449.91306	150.19846	123.00829	56826	27184.072	12.76883	465.4198	154.74359	127.65532	56826	25869.68	13.189921	503.9859	158.58867	134.94719	56826	21357.664	13.419635	509.3462	155.09969	129.91039	56826	23863.613	13.199407	500.24344	80.193436	77.68893	56826	1217.833	5.6055655	49.557903	70.57335	68.96283	56826	820.7335	4.8300443	36.993965	77.17314	74.45697	56826	1145.6393	5.275752	42.450977	243.52713	228.42963	56826	8085.1855	432.6472	12803.936	244.66617	228.30333	56826	7603.5635	413.4197	12207.964	323.0884	299.53928	56826	15083.879	529.5372	15563.564
F3_S19_subsampled_depth_16G_contig_4323	9.362001	9.120083	16277	19.26148	0.8029875	29.133368	8.548521	8.30961	16266	16.398844	0.72873765	26.58651	9.395796	9.274544	16241	15.080158	0.8031638	29.275074	9.692193	9.518016	16277	18.681011	0.83394635	31.86501	9.731878	9.668963	16274	11.471576	0.82479286	31.30524	10.4230795	10.253049	16234	18.276098	0.89920974	34.07907	0	0	0	0	0	0	0	0	0	0	0	0	0	0	0	0	0	0	2.0994606	1.9708577	13933	2.7351153	3.718266	110.039856	3.4067092	3.3317258	15778	3.811571	5.855806	172.91736	3.3403609	3.2207372	15198	5.097406	5.557204	163.33122
F3_S19_subsampled_depth_16G_contig_4864	3.8996851	3.746311	21167	5.995139	0.3337956	12.110511	3.910456	3.8178592	20799	5.364414	0.33303788	12.150202	4.130026	3.9505603	21064	7.2747846	0.35497504	12.938732	3.7502625	3.614472	21219	4.8866014	0.32561097	12.441574	3.5632331	3.5099132	20794	4.4033847	0.30283684	11.494258	3.7146182	3.6101618	20879	5.2043133	0.31929037	12.100766	0	0	0	0	0	0	0	0	0	0	0	0	0	0	0	0	0	0	0	0	0	0	0	0	0	0	0	0	0	0	0	0	0	0	0	0
F3_S19_subsampled_depth_16G_contig_4893	35.48306	35.181793	34951	87.10805	2.9728444	107.85841	36.211487	35.87127	34951	90.372475	3.035242	110.73456	34.118904	33.87111	34951	74.65311	2.8821208	105.05245	31.320997	30.952715	34951	77.24948	2.65354	101.39155	31.69564	31.417707	34951	71.05977	2.6619542	101.03528	31.407747	30.970787	34951	81.975975	2.6561053	100.66355	4.833482	4.659334	34045	8.898046	0.3360687	2.9711301	4.300049	4.1622553	33895	6.906347	0.2931924	2.2455988	6.030028	5.7973247	34313	13.679702	0.41070718	3.3047283	0	0	0	0	0	0	0	0	0	0	0	0	0	0	0	0	0	0
F3_S19_subsampled_depth_16G_contig_5233	56.162003	50.486275	18446	9277.219	6.2447186	226.56601	56.724094	50.76105	18446	10285.554	6.416083	234.07767	62.2001	56.011963	18446	11381.455	7.0028706	255.25253	70.788315	64.01834	18446	14426.335	7.9977317	305.59256	68.50563	61.368896	18446	16207.819	7.814146	296.58813	70.122154	62.746113	18446	16094.534	8.010844	303.60242	0	0	0	0	0	0	0	0	0	0	0	0	2.3209991	1.9491742	14268	22.647705	0.20966397	1.6870469	4.87336	4.2073717	17267	96.79571	13.713444	405.8413	3.1498687	2.7105296	16925	39.18049	7.2642927	214.50902	5.4698296	4.838596	17825	93.0913	11.880635	349.1824
F3_S19_subsampled_depth_16G_contig_5463	9.0770645	7.757999	11476	94.18862	0.83493793	30.292551	8.226305	7.2934847	11596	54.068275	0.7636658	27.860775	8.701082	7.4535584	11545	84.58263	0.8262569	30.11681	8.437685	7.4209814	11544	61.674088	0.8082144	30.881798	8.089807	6.7452974	11358	82.38131	0.7491866	28.435596	7.820998	7.017258	11560	45.493748	0.73103166	27.705322	0	0	0	0	0	0	2.045645	1.8621291	9128	3.8681264	0.164587	1.2605945	3.1498516	2.700892	10405	12.012543	0.2415057	1.9432591	8.441351	7.239868	11479	76.15738	16.173534	478.64618	10.398848	8.891992	11569	118.87015	19.62398	579.48096	10.591464	9.319759	11536	90.969765	19.027061	559.2222
F3_S19_subsampled_depth_16G_contig_5744	14392.606	14441.997	26326	60413500	1205.1454	43724.13	13913.3125	13913.723	26326	63790796	1164.4541	42482.715	14372.033	14434.692	26326	56871616	1213.2042	44220.914	13094.607	13183.851	26326	40857908	1108.1987	42344.176	13720.315	13812.635	26326	45050830	1152.3435	43737.54	13639.34	13749.274	26326	41279464	1152.3829	43674.08	9436.703	9404.887	26326	27820214	657.76636	5815.2075	8170.0215	8153.479	26326	20980818	556.09625	4259.2144	9455.937	9450.508	26326	27022996	644.24774	5183.8955	18.502712	18.166512	26300	88.15106	32.57944	964.1695	19.291069	19.100807	26141	102.78246	32.344982	955.122	22.545233	22.497707	26170	126.2029	36.705917	1078.8192
F3_S19_subsampled_depth_16G_contig_5815	7.577342	7.296837	23632	21.668436	0.6511164	23.623291	7.647884	7.442275	23639	18.218847	0.6502257	23.722153	7.607629	7.352356	23596	18.808441	0.65794843	23.982014	8.320013	7.8531537	23520	34.243126	0.7253539	27.715708	6.8862467	6.563497	23481	20.506432	0.59118396	22.438574	7.833108	7.492538	23759	21.0617	0.6770244	25.658497	0	0	0	0	0	0	0	0	0	0	0	0	0	0	0	0	0	0	0	0	0	0	0	0	0	0	0	0	0	0	0	0	0	0	0	0
F3_S19_subsampled_depth_16G_contig_5967	37.16234	31.802479	34644	1713.3926	3.1262288	113.423386	36.62099	31.56988	34642	1632.0938	3.0814698	112.421104	35.868305	30.856863	34651	1577.1727	3.0428193	110.90979	37.28537	31.057312	34677	2359.754	3.1676834	121.03693	35.380398	29.32753	34635	2252.4456	2.982397	113.19775	37.210735	30.986067	34657	2239.1172	3.160257	119.7704	0	0	0	0	0	0	0	0	0	0	0	0	0	0	0	0	0	0	75.68587	75.76775	34531	211.43764	130.96971	3875.9712	115.50488	115.535545	34530	289.647	194.80423	5752.418	87.99108	87.88383	34532	189.86224	143.85576	4228.048
F3_S19_subsampled_depth_16G_contig_6049	534.3461	531.29193	37683	4904.6763	44.824825	1626.2986	509.17325	506.75327	37683	3842.8647	42.69462	1557.6251	519.5165	516.11865	37683	4983.4365	43.92011	1600.8744	458.98267	456.49832	37683	4562.9004	38.89656	1486.2347	433.83728	431.52444	37683	3215.4526	36.50796	1385.6705	449.09882	446.63483	37683	4006.2275	38.008934	1440.4977	218.65579	211.39223	37683	7554.203	15.249897	134.82198	172.39746	167.67145	37683	4564.466	11.751814	90.008705	206.81673	199.77715	37683	6876.0186	14.109112	113.52802	2.840114	2.6966045	32627	4.7006164	5.1132603	151.32387	2.3562999	2.2447827	32639	2.9679794	3.985297	117.682785	3.2286787	3.1068351	34846	4.7746525	5.282201	155.24858
F3_S19_subsampled_depth_16G_contig_6137	243.84514	238.71379	32249	3157.1792	20.452873	742.05505	236.95262	231.2778	32249	2956.685	19.877298	725.18243	235.22903	229.15486	32249	3478.6506	19.892883	725.0894	208.84723	203.57257	32249	2799.1675	17.705057	676.5089	205.66187	199.8909	32249	2740.0845	17.298525	656.5707	211.94508	206.20505	32249	2758.9187	17.937838	679.82477	9.919623	9.362881	31482	52.51955	0.6898571	6.0989156	9.853734	9.360112	31365	51.290245	0.66941375	5.1271305	14.471478	13.938147	31852	94.60828	0.984781	7.9239726	0	0	0	0	0	0	0	0	0	0	0	0	0	0	0	0	0	0
F3_S19_subsampled_depth_16G_contig_6551	4206.277	4187.4507	42821	566337.7	353.19473	12814.332	4203.0327	4182.7075	42821	585018.25	352.79782	12871.1	3988.026	3971.2646	42821	472899.94	337.58307	12304.797	3757.4888	3734.4063	42821	424535.84	318.80652	12181.569	3808.075	3784.531	42821	407275.06	320.5909	12168.123	3858.6743	3833.9941	42821	463171.5	326.85596	12387.493	161.5212	148.33577	42821	13550.646	11.255958	99.51214	152.51709	140.16785	42821	11972.91	10.372278	79.44263	204.7833	188.86627	42821	20677.484	13.946798	112.22198	6.7595325	6.423721	42182	16.587992	12.755008	377.477	6.9780884	6.683244	42423	17.491877	12.198129	360.2014	8.236038	7.8799896	42718	21.925539	13.962377	410.36646
F3_S19_subsampled_depth_16G_contig_6960	233.09943	230.66522	10700	1327.8923	19.987701	725.17786	238.44398	235.98799	10700	1290.5155	20.490755	747.5631	220.79195	217.53801	10700	1085.4618	19.181427	699.1571	209.81688	207.19292	10700	1059.7084	18.19299	695.1527	232.8345	230.2797	10700	1075.3751	19.955334	757.4106	209.87546	207.85667	10700	769.8834	18.20953	690.12164	166.54028	164.77338	10700	7094.9707	11.962847	105.76165	126.85441	125.29128	10700	4189.486	8.836027	67.676346	172.00294	170.97789	10700	7171.303	12.030955	96.80627	0	0	0	0	0	0	0	0	0	0	0	0	1.8363034	1.7306234	8584	2.1488574	3.1615472	92.92072
F3_S19_subsampled_depth_16G_contig_7064	44.772823	44.455383	40779	81.930984	3.7850404	137.32582	44.7074	44.369404	40779	82.72699	3.778607	137.85463	43.93768	43.549484	40779	84.31604	3.7475498	136.597	45.544365	44.766758	40779	143.6235	3.8988528	148.97482	47.0746	46.65644	40779	107.01379	3.997239	151.71648	46.372566	45.860775	40779	110.750175	3.953137	149.8197	22.097763	21.914486	40547	120.75352	1.545612	13.664513	18.895542	18.669346	40229	102.87034	1.2900237	9.880465	21.693027	21.520824	40303	132.23756	1.4840631	11.941416	0	0	0	0	0	0	0	0	0	0	0	0	0	0	0	0	0	0
F3_S19_subsampled_depth_16G_contig_7292	16.930433	16.220419	39371	90.56679	1.420308	51.530495	16.500956	15.840851	39388	76.328804	1.3845325	50.511833	16.595623	15.84674	39392	89.67188	1.4038634	51.170357	16.826288	16.059288	39351	82.12714	1.4270004	54.525555	16.74319	15.954246	39358	87.64722	1.4108303	53.548496	16.51255	15.698944	39346	89.89246	1.4003547	53.071922	7.479398	7.0439706	38376	30.479181	0.5212057	4.607898	6.3943887	6.055239	38497	21.23126	0.4344173	3.3272603	6.4475956	6.0913672	38147	23.033815	0.43919638	3.5339649	11.33657	10.730202	39238	57.86843	20.091957	594.60956	10.721428	10.002916	39371	52.696613	18.48388	545.8146	10.01585	9.281576	39206	58.41318	16.739311	491.98303
F3_S19_subsampled_depth_16G_contig_7409	3.30766	3.242213	2428	4.0832787	0.26910013	9.763277	2.9468396	2.887494	2125	4.4063015	0.25400963	9.267022	4.08581	3.8865645	2048	14.030742	0.3516333	12.816928	3.640854	3.535565	2446	4.852535	0.31211665	11.925949	0	0	0	0	0	0	2.8673084	2.7456996	2148	5.9501414	0.26134402	9.904664	0	0	0	0	0	0	0	0	0	0	0	0	0	0	0	0	0	0	29.385098	29.490934	2529	182.75366	53.80358	1592.2854	30.6622	30.728033	2513	251.11987	52.1781	1540.7789	33.664715	34.31613	2539	181.37541	54.64596	1606.0935
F3_S19_subsampled_depth_16G_contig_7636	83.195564	83.06117	31030	231.201	7.0855875	257.07373	77.18209	77.01411	31030	186.80527	6.57185	239.76035	79.48928	79.40397	31030	182.45021	6.8214436	248.63959	81.83238	81.778244	31030	211.5987	7.0461946	269.2345	75.966385	75.81736	31030	159.30853	6.4958897	246.55342	80.92186	80.80642	31030	219.07083	6.95234	263.48624	0	0	0	0	0	0	0	0	0	0	0	0	0	0	0	0	0	0	2.9173899	2.7512233	27573	5.0771804	5.166682	152.90495	3.4638276	3.3937104	29691	4.199864	5.898974	174.19212	3.4831283	3.365213	29611	4.7590017	5.75114	169.03113
F3_S19_subsampled_depth_16G_contig_7861	1263.6318	1178.2173	69141	671606.7	106.22273	3853.8894	1234.6984	1156.9661	69098	598389.6	103.75201	3785.1792	1259.5488	1171.6206	69110	682130.3	106.75777	3891.288	1344.8334	1203.3173	68854	1124883.1	114.25067	4365.509	1290.7437	1155.7198	69135	1026296.06	108.827835	4130.5938	1342.3354	1204.7577	69034	1091407.1	113.84976	4314.783	8650.909	3882.03	69100	679885200	606.18195	5359.1597	8437.153	3725.1204	69108	661018430	577.3111	4421.703	6438.1133	2957.0413	69100	360630500	440.87146	3547.4434	27.527225	27.922438	62045	142.59021	49.443035	1463.2374	22.003086	22.229595	62201	98.964775	37.15174	1097.0618	27.970602	28.478218	62059	140.07545	45.891827	1348.8011
F3_S19_subsampled_depth_16G_contig_8248	54.623913	54.230545	38883	160.83063	4.588849	166.48895	50.790874	50.47899	38883	146.11928	4.268894	155.7418	50.786873	50.163734	38883	164.09155	4.2960243	156.58876	51.596546	51.360058	38883	139.54301	4.3795576	167.3425	50.892857	50.565876	38883	131.76071	4.2883315	162.76492	52.824104	52.160725	38883	164.18362	4.47375	169.55034	27.22335	24.257336	38883	574.06555	1.9045018	16.837397	20.95203	18.854107	38864	296.21857	1.4280754	10.937815	24.649628	22.446688	38866	356.76355	1.6832584	13.54423	7.149898	6.882017	38594	14.449751	13.1065445	387.88037	6.2756047	6.136313	38578	9.534258	10.72862	316.80798	7.581881	7.4087663	38820	13.004273	12.716	373.7345
F3_S19_subsampled_depth_16G_contig_8274	363.23407	358.2631	40697	20895.768	30.477194	1105.7495	360.9758	355.77905	40697	21494.674	30.271118	1104.3794	364.58994	358.85016	40697	21605.037	30.842155	1124.187	525.4795	521.5163	40697	38625.31	44.563614	1702.7719	539.6198	536.195	40697	40318.76	45.40671	1723.4253	539.7596	536.134	40697	41582.04	45.705845	1732.203	210.24767	198.96973	40697	13103.892	14.721893	130.15395	178.39317	168.18343	40697	9323.355	12.198203	93.42765	202.10146	191.50294	40697	11412.605	13.8390255	111.35481	17.717882	17.30521	40638	63.957973	32.025146	947.76514	14.486621	14.191187	40419	44.60112	24.582346	725.8975	21.124744	20.955389	40414	81.2413	34.803223	1022.8979
F3_S19_subsampled_depth_16G_contig_8491	249.8491	246.86891	11065	1675.624	21.519289	780.7461	258.77353	256.41812	11065	1434.1008	22.263968	812.2552	245.45744	241.77303	11065	1586.714	21.349667	778.1886	237.16931	235.41507	11065	1365.5012	20.660923	789.4522	248.12341	245.29811	11065	1445.7959	21.39943	812.2219	233.34686	231.09883	11065	1334.7041	20.252085	767.5324	166.22812	165.5542	11065	691.1889	11.901912	105.22291	142.48053	141.72255	11065	552.2452	9.936946	76.10841	189.04214	187.67084	11065	1040.8026	13.217112	106.3506	0	0	0	0	0	0	0	0	0	0	0	0	1.7012368	1.5605088	9331	2.0784984	2.857871	83.99541
F3_S19_subsampled_depth_16G_contig_8632	3.9477785	3.7277865	15175	7.172043	0.32842118	11.915513	3.62434	3.493132	14951	4.743022	0.30162564	11.00419	3.2354798	3.0875661	14077	5.43627	0.27249178	9.932246	2.6668384	2.515596	13706	4.1045933	0.22661397	8.658896	2.8414037	2.7628417	14713	3.2594743	0.23769747	9.021877	3.3698003	3.2690656	14948	4.1078787	0.28402156	10.7641115	0	0	0	0	0	0	0	0	0	0	0	0	0	0	0	0	0	0	0	0	0	0	0	0	0	0	0	0	0	0	0	0	0	0	0	0
F3_S19_subsampled_depth_16G_contig_8821	6.011947	5.914349	25464	9.208374	0.50997055	18.502354	5.43809	5.3075247	25435	7.537153	0.45995092	16.780363	5.455247	5.3543544	25308	7.6306458	0.46240896	16.854668	5.8854246	5.8091135	25368	8.265742	0.49874386	19.05696	5.4948883	5.3902164	25438	7.5972095	0.46405882	17.61348	5.4914412	5.3634067	25531	7.161798	0.46810657	17.740742	2.765404	2.6500413	22662	3.8954089	0.19428898	1.7176782	3.1217048	3.020368	24181	4.1978555	0.21484587	1.6455338	3.1287165	3.015842	23849	4.4580474	0.21515422	1.7312244	2.6037447	2.4877923	22433	3.781553	4.627173	136.93846	2.586627	2.4105844	22431	4.3137217	4.4698963	131.99257	3.0307884	2.8905861	23471	4.567056	5.1262584	150.66534
F3_S19_subsampled_depth_16G_contig_9663	41.260056	38.995953	23218	802.0384	3.5029497	127.09129	39.362362	37.182545	23205	729.10547	3.3419757	121.92505	40.445984	38.496098	23205	768.96014	3.4662445	126.3435	54.774494	52.740005	23205	1645.3785	4.6936255	179.34303	55.497486	53.340816	23205	1708.2079	4.717503	179.05421	54.25581	52.06979	23205	1501.7631	4.643025	175.96565	31.735392	31.486273	22933	225.65848	2.20694	19.511208	26.931854	26.851845	23001	142.5155	1.8309828	14.023741	29.915424	29.92703	23132	198.73708	2.0319102	16.349634	0	0	0	0	0	0	0	0	0	0	0	0	0	0	0	0	0	0
F3_S19_subsampled_depth_16G_contig_10217	566.9544	566.6094	42987	17472.688	47.60792	1727.2732	549.41034	548.92847	42987	16399.682	46.106327	1682.0948	535.3644	534.79944	42987	16169.499	45.296593	1651.0466	536.67426	535.78253	42987	13779.823	45.54211	1740.1606	532.43066	533.55634	42987	13271.051	44.824795	1701.3386	547.0497	545.8557	42987	14385.723	46.332405	1755.9485	0	0	0	0	0	0	0	0	0	0	0	0	6.3676496	5.1933603	33193	73.59807	0.43437013	3.4951289	93.06978	84.58586	42987	2702.1362	162.64052	4813.249	135.97766	124.682945	42987	4578.6436	231.42819	6833.896	106.01366	97.2317	42987	2655.4895	174.9934	5143.211
F3_S19_subsampled_depth_16G_contig_10688	25747.078	25688.465	10821	90484470	2162.9714	78475.21	25662.836	25603.783	10821	89919150	2154.9583	78619.23	25449.504	25405.39	10821	88588264	2155.594	78570.734	22319.168	22254.568	10821	66515710	1894.9203	72404.74	23534.715	23487.748	10821	72442580	1983.107	75269.414	23033.525	22971.623	10821	70566510	1952.4025	73993.97	9573.93	9620.331	10821	11846652	668.93164	5913.92	8338.68	8368.973	10821	9042792	568.8108	4356.598	9529.625	9557.928	10821	11758356	650.42017	5233.562	30.448975	30.518272	10817	147.39456	54.12687	1601.8524	34.48674	34.14472	10807	206.02362	57.82658	1707.574	36.46425	36.478813	10819	261.09186	59.624237	1752.4095
F3_S19_subsampled_depth_16G_contig_10754	26.353373	25.666353	10742	185.09004	2.2560968	81.85396	26.496378	25.759277	10595	204.40657	2.2607157	82.47753	25.179321	24.689453	10721	172.21495	2.1724453	79.18492	24.079782	23.340858	10595	176.78835	2.071583	79.15503	22.986359	22.323927	10716	156.29083	1.9699701	74.77078	22.821056	21.72562	10589	182.72276	1.9675441	74.56783	0	0	0	0	0	0	0	0	0	0	0	0	0	0	0	0	0	0	6.019569	5.8344307	10602	13.618737	11.344242	335.726	5.862734	5.590572	10533	13.445495	10.038874	296.44028	6.2213755	5.980976	10047	19.634562	10.597704	311.476
F3_S19_subsampled_depth_16G_contig_11703	14.701771	14.297458	12121	39.77283	1.2523282	45.435966	14.446968	13.787901	12085	61.689457	1.2432917	45.358944	13.443544	13.302375	12066	36.910484	1.1571814	42.17891	15.69843	15.53804	11949	42.75971	1.3610318	52.004932	15.732253	15.348117	11998	57.655205	1.3478149	51.156696	16.916069	16.561514	12115	52.69162	1.4577255	55.246254	0	0	0	0	0	0	0	0	0	0	0	0	0	0	0	0	0	0	5.4139805	5.2543144	11714	10.553488	10.309875	305.11465	5.47695	5.3458896	11865	8.124875	9.780175	288.801	7.1876564	6.959269	12100	12.507751	12.252679	360.11707
F3_S19_subsampled_depth_16G_contig_12272	3.932634	3.679377	39715	8.836056	0.33100677	12.009323	3.9335222	3.5986881	39167	11.346962	0.32870707	11.992202	3.535735	3.3548079	38209	6.818437	0.2991992	10.905714	3.312806	3.0969815	38305	6.5532646	0.28150386	10.756241	3.6338437	3.3857393	38521	8.245724	0.30497062	11.5752535	3.4272344	3.1734574	38260	7.9394813	0.28927907	10.963369	4.031319	3.6075943	37838	14.375072	0.28113243	2.4854474	3.2994144	3.0162125	37901	8.072204	0.22305854	1.7084347	5.189138	4.68407	40044	19.672987	0.35256156	2.8368626	2.7087693	2.5126927	35984	5.178316	4.8439465	143.35379	2.589997	2.4273372	35090	4.622736	4.340911	128.18376	2.8617644	2.6980162	37776	4.8183393	4.660239	136.9685
F3_S19_subsampled_depth_16G_contig_12319	16.648626	15.811267	67093	107.46214	1.4173999	51.424995	16.925951	16.076067	66978	111.48804	1.4416844	52.596878	15.981163	15.119687	67062	105.22874	1.3726972	50.03441	18.50041	17.504175	67093	104.227005	1.5903517	60.767235	19.228882	18.29428	67073	107.62992	1.6393272	62.22116	20.123165	18.982622	67093	129.33856	1.7260021	65.41363	0	0	0	0	0	0	0	0	0	0	0	0	0	0	0	0	0	0	0	0	0	0	0	0	0	0	0	0	0	0	0	0	0	0	0	0
F3_S19_subsampled_depth_16G_contig_12790	6.077188	5.7695804	15459	13.767528	0.50884306	18.461445	5.936716	5.847831	14960	11.112305	0.49798378	18.167913	6.341823	6.134556	15467	12.284645	0.53672695	19.563528	6.8810344	6.73457	15428	9.442832	0.58476126	22.343676	7.9046845	7.7296615	15355	14.61944	0.6680796	25.357172	7.3286986	7.10532	15454	13.557383	0.6223893	23.58788	0	0	0	0	0	0	0	0	0	0	0	0	0	0	0	0	0	0	0	0	0	0	0	0	0	0	0	0	0	0	0	0	0	0	0	0
F3_S19_subsampled_depth_16G_contig_12871	7.4917274	7.072835	21668	28.719646	0.6385554	23.16757	6.8376536	6.4422684	21931	21.993258	0.589502	21.506771	6.32609	6.114111	22077	13.997946	0.54715705	19.943695	7.127406	6.719431	21996	25.306221	0.6158743	23.532516	6.8086653	6.5882382	21986	16.402252	0.588132	22.322718	7.120283	6.7624106	21699	26.589771	0.61200255	23.194252	0	0	0	0	0	0	0	0	0	0	0	0	0	0	0	0	0	0	33.23047	31.548464	22329	329.33603	58.773342	1739.3624	40.1128	38.099083	22330	524.0032	69.07367	2039.6914	37.845543	35.94019	22331	474.75482	63.097614	1854.4946
F3_S19_subsampled_depth_16G_contig_13066	8.361264	8.215773	14829	13.103501	0.69965637	25.384369	8.542816	8.361008	14829	13.351738	0.72144175	26.320305	7.60406	7.5132823	14829	9.745797	0.645926	23.543785	10.136249	10.035798	14829	10.527013	0.8645239	33.033405	10.183596	10.10187	14829	13.137911	0.86771566	32.93441	10.617617	10.5700445	14829	12.354042	0.9130098	34.602074	2.265958	2.121547	12071	3.739317	0.16222727	1.4342257	0	0	0	0	0	0	0	0	0	0	0	0	0	0	0	0	0	0	0	0	0	0	0	0	0	0	0	0	0	0
F3_S19_subsampled_depth_16G_contig_13812	19.515133	19.266563	40953	41.44809	1.6399403	59.49898	18.501188	18.069084	40935	41.211876	1.5516475	56.60867	19.112442	18.7641	40953	45.318024	1.6191562	59.017723	17.918928	17.596138	40953	44.384296	1.5230776	58.19668	19.616892	19.438934	40953	37.6646	1.6520941	62.7057	18.131607	17.764261	40953	42.474854	1.5386411	58.312847	8.229713	7.723307	40671	29.919655	0.5741409	5.0758905	6.3356614	5.841516	40184	23.364756	0.43208933	3.3094306	7.6932087	7.2991314	40523	24.348255	0.52739584	4.2436547	21.175306	18.092585	40860	3783.0256	46.060535	1363.1344	20.509203	17.305721	40926	4125.458	44.467976	1313.105	21.28738	17.793972	40908	4715.9126	45.090656	1325.2542
F3_S19_subsampled_depth_16G_contig_13869	25.522474	25.340672	42845	39.93348	2.1445634	77.80739	25.381191	25.174149	42845	40.963085	2.1298015	77.70143	26.263496	26.145262	42835	41.788353	2.223099	81.03129	24.584705	24.568064	42845	32.505272	2.0879679	79.78109	24.558895	24.503344	42845	36.999485	2.0670536	78.45564	24.391663	24.217424	42845	37.024967	2.0693386	78.42572	9.494812	8.667265	42667	52.788185	0.6627925	5.859646	7.813983	7.111068	42023	41.74148	0.5324759	4.078305	9.150603	8.577875	42513	38.44567	0.6230288	5.013158	0	0	0	0	0	0	0	0	0	0	0	0	0	0	0	0	0	0
F3_S19_subsampled_depth_16G_contig_13950	13.445408	13.232228	40632	31.744572	1.1362882	41.22593	12.799738	12.5605755	40610	30.846014	1.0774611	39.308952	13.621412	13.3183565	40632	33.94164	1.1579641	42.207436	11.715602	11.478591	40561	29.373693	0.99908	38.17476	12.359321	12.171077	40603	26.798882	1.0489452	39.813038	11.84146	11.6883955	40546	27.597355	1.0077978	38.194458	0	0	0	0	0	0	0	0	0	0	0	0	0	0	0	0	0	0	0	0	0	0	0	0	2.17509	2.0362847	35190	3.123761	3.6462722	107.67156	0	0	0	0	0	0
F3_S19_subsampled_depth_16G_contig_13988	18.462727	18.379772	43289	30.885162	1.5511162	56.276394	18.148632	18.007288	43290	29.508217	1.5216315	55.513603	18.522253	18.330706	43290	32.45123	1.5691637	57.1955	16.53535	16.322773	43290	25.549805	1.405719	53.71242	16.521696	16.426466	43290	29.641415	1.3918854	52.829433	17.274803	17.160254	43290	30.596212	1.4632419	55.455288	10.570283	10.194303	43260	33.18986	0.7361949	6.5085845	8.832615	8.421032	43190	26.927849	0.60181636	4.609392	9.5486555	9.215732	43088	27.860706	0.6508944	5.237376	3.9273992	3.3359346	38684	53.950035	7.378358	218.3582	4.012494	3.5069542	41549	26.963264	7.078394	209.01941	3.9754288	3.4870448	41057	39.2265	6.9027233	202.8772
F3_S19_subsampled_depth_16G_contig_14032	13.183372	12.722939	57160	37.3798	1.1063355	40.139183	13.757078	13.469889	57106	27.49708	1.1539528	42.099617	14.692072	14.276301	57160	37.399094	1.2468632	45.447758	15.018014	14.449094	57160	44.834236	1.2754847	48.736195	15.510577	14.951628	57160	48.28614	1.3065321	49.589817	15.37967	14.826155	57144	43.75223	1.3028518	49.376656	5.2143135	4.8259015	54924	16.824387	0.36487228	3.225777	5.0536046	4.65954	53799	17.852554	0.34389368	2.6339276	5.0609365	4.67024	55322	15.038685	0.34474525	2.7739704	0	0	0	0	0	0	0	0	0	0	0	0	0	0	0	0	0	0
F3_S19_subsampled_depth_16G_contig_14047	13.697444	13.16873	10829	51.832504	1.1871024	43.069508	14.039516	13.532196	10818	47.905155	1.2062982	44.00933	14.022286	13.555289	10815	45.354805	1.2213638	44.518333	11.18719	10.633205	10829	38.62453	0.9902881	37.838833	12.05244	11.540414	10793	35.343193	1.0559454	40.07871	11.853638	11.371372	10760	38.53083	1.0452187	39.612648	9.231669	8.579424	10611	47.672306	0.6741786	5.960305	7.22268	6.732342	10502	34.98206	0.5302239	4.061057	9.828917	8.978779	10806	60.89908	0.7180579	5.777802	6.6590505	6.400811	10686	16.522532	11.884972	351.72867	8.431875	8.280142	10619	19.143866	14.545191	429.50824	7.8555107	7.629668	10765	12.632522	13.355742	392.5372
F3_S19_subsampled_depth_16G_contig_14091	10.053914	9.912978	39806	13.160478	0.8423259	30.560608	9.733231	9.605206	39806	15.531478	0.81676346	29.797918	9.654277	9.575199	39749	13.582808	0.8167252	29.769373	10.441018	10.338227	39806	15.06095	0.88623416	33.86292	10.613703	10.460411	39806	15.597314	0.8939581	33.93045	10.573179	10.386501	39806	19.608921	0.8947119	33.908615	4.286237	4.027429	37133	10.729894	0.2995465	2.648244	3.5892677	3.4418917	36777	6.190039	0.24434292	1.8714554	4.009431	3.8342485	36457	8.097301	0.2719389	2.1881387	0	0	0	0	0	0	0	0	0	0	0	0	0	0	0	0	0	0
F3_S19_subsampled_depth_16G_contig_14119	6.7435913	6.500095	34858	16.392519	0.57111835	20.720863	6.5115104	6.2912087	35014	14.646348	0.5518356	20.132574	7.0285907	6.776241	35164	14.854832	0.5980807	21.799852	5.31163	5.134394	34523	11.1647	0.4557651	17.414753	5.520889	5.3182707	34705	12.3406315	0.46818385	17.770054	5.4995737	5.30965	34576	11.40658	0.47126487	17.860441	0	0	0	0	0	0	0	0	0	0	0	0	0	0	0	0	0	0	0	0	0	0	0	0	0	0	0	0	0	0	0	0	0	0	0	0
F3_S19_subsampled_depth_16G_contig_14180	13.789309	13.642034	6462	34.002457	1.2244537	44.42469	30.490408	30.06761	6480	123.13438	2.7466996	100.20772	28.184906	27.363558	6474	188.24382	2.5057874	91.335144	0	0	0	0	0	0	2.4644654	2.3667016	5783	3.2184258	0.22783904	8.647697	3.4929245	3.2707896	5693	7.3127346	0.31166503	11.811764	78984.414	79301.97	6510	63564748	5451.7334	48197.906	93794.97	94161.13	6510	88451650	6321.9253	48420.473	45370.746	45545.125	6510	21012188	3061.1157	24631.053	0	0	0	0	0	0	0	0	0	0	0	0	0	0	0	0	0	0
F3_S19_subsampled_depth_16G_contig_14188	18.769962	18.71287	12147	24.041428	1.5696083	56.94731	16.364061	16.224167	12148	21.279799	1.3709568	50.016518	18.28188	18.206112	12148	24.890598	1.54126	56.178425	19.42132	19.350834	12139	25.520985	1.6403226	62.676582	16.108685	15.724074	12148	30.647516	1.3576748	51.530937	17.247375	17.01713	12148	25.607214	1.4600977	55.33616	7.825804	7.7075925	11987	13.938479	0.54156893	4.787925	5.754626	5.539815	12034	9.659717	0.39612064	3.03394	7.2757125	7.1354628	12122	11.03442	0.49354532	3.9712791	0	0	0	0	0	0	0	0	0	0	0	0	0	0	0	0	0	0
F3_S19_subsampled_depth_16G_contig_14458	5.1015587	4.951461	14984	7.6476545	0.4265893	15.477175	4.709507	4.5664163	14701	7.487133	0.39201075	14.301698	3.9809995	3.9128819	14632	4.24064	0.34130713	12.440541	4.8886733	4.746525	14509	9.293105	0.41739208	15.948521	3.6666222	3.5513268	13749	5.97001	0.30817592	11.69691	4.0355253	3.9328032	14594	4.5661798	0.3431684	13.00571	2.6387904	2.5076191	13599	3.639156	0.18359596	1.623143	1.8313373	1.7237047	12066	2.3590126	0.1258733	0.96408063	2.6684954	2.5558612	13683	3.3039203	0.18230385	1.4668965	0	0	0	0	0	0	0	0	0	0	0	0	0	0	0	0	0	0
F3_S19_subsampled_depth_16G_contig_503|provirus_46360_58137	36.305984	35.028664	11778	133.80748	3.2528732	118.018166	36.74527	35.49417	11778	146.48692	3.2897277	120.01898	33.79971	32.756065	11778	129.20348	3.0613213	111.58422	32.174408	31.25387	11778	93.042595	2.915977	111.41919	32.47661	31.870152	11778	74.76103	2.9115148	110.50742	32.904198	31.746225	11778	128.53026	3.0000143	113.69738	0	0	0	0	0	0	0	0	0	0	0	0	0	0	0	0	0	0	6.4678364	5.958819	11467	23.378942	13.465183	398.49408	5.853715	5.548156	11649	15.223717	10.861722	320.7381	7.5317335	6.8146377	11773	28.018862	13.570017	398.83472
F3_S19_subsampled_depth_16G_contig_786|provirus_54018_83411	637.2882	638.33685	29394	14564.21	53.76898	1950.8037	598.7717	599.87415	29394	12871.531	50.45716	1840.8256	599.0323	599.6527	29394	11335.605	50.902847	1855.3934	603.594	604.32025	29394	9993.406	51.45024	1965.9099	558.5762	559.9454	29394	10066.364	47.205032	1791.6807	592.3193	593.0962	29394	11819.01	50.38133	1909.398	6.76679	6.135752	28606	30.822197	0.47504035	4.199758	6.571194	5.9367023	28568	30.396223	0.4539373	3.4767644	8.782485	8.0862465	29337	43.577316	0.6032177	4.8537507	3.3919437	3.2851825	27939	4.423333	5.924875	175.34317	4.237519	4.1263676	27734	7.1643877	7.1820345	212.07988	4.1439953	4.0454407	28543	5.530234	6.830139	200.74379
F3_S19_subsampled_depth_16G_contig_849|provirus_7108_48233	27.951874	27.355341	41058	332.66156	2.3584962	85.569115	27.200703	26.930992	40929	315.25516	2.294773	83.720055	27.198189	26.8548	40975	310.5309	2.3172615	84.46347	25.663828	25.285818	40818	298.17957	2.187984	83.6027	25.072262	24.610033	41103	262.40967	2.1269433	80.72877	25.287119	24.719334	41121	296.38132	2.161419	81.91549	0	0	0	0	0	0	3.0025625	2.649295	32078	10.798358	0.2066894	1.5830619	3.6106257	3.2133949	32553	14.667736	0.24778618	1.9937943	2.856599	2.6572125	33203	6.6014733	5.4780645	162.12015	2.6869388	2.4438179	31862	6.535694	4.586085	135.42351	3.1114311	2.878525	32752	8.306997	5.1558943	151.5363
F3_S19_subsampled_depth_16G_contig_882|provirus_175_14171	51.51224	51.31084	13997	84.595406	4.3426104	157.55508	47.46819	47.313087	13997	77.64466	4.0068345	146.1812	48.60208	48.643826	13997	71.57786	4.151484	151.32025	41.8851	41.65658	13997	52.764263	3.5842035	136.95218	37.4666	37.298965	13997	54.337715	3.157299	119.83621	41.06153	40.97617	13997	63.91936	3.496249	132.5041	0	0	0	0	0	0	0	0	0	0	0	0	0	0	0	0	0	0	3.8469706	3.764824	13181	5.356256	6.900659	204.2209	4.3530726	4.241836	13667	5.2950196	7.3154283	216.01892	5.4991693	5.370617	13832	8.25666	9.036891	265.60217
F3_S19_subsampled_depth_16G_contig_1128|provirus_68890_79729	223.26866	220.8493	10840	1454.5679	19.33737	701.5834	212.69588	209.66441	10840	1355.9996	18.371256	670.2375	209.62628	207.27832	10840	1174.1764	18.2148	663.92377	192.11131	189.57036	10840	1144.7743	16.828426	643.01263	174.79785	172.89305	10840	872.2799	15.165859	575.6246	188.10196	185.71909	10840	1033.6301	16.414589	622.09534	3.178017	3.0513406	9988	4.848558	0.23157404	2.04731	3.0826006	2.7738516	9443	8.089444	0.22054537	1.6891863	4.196539	3.9849303	10330	8.186367	0.30392104	2.4454794	4.8444343	4.304095	10476	25.962421	10.209335	302.13916	4.8873715	4.45926	10476	21.13279	8.746245	258.27	6.2083254	5.704843	10666	28.918053	11.216485	329.66232
F3_S19_subsampled_depth_16G_contig_1775|provirus_7803_28561	218.95361	213.43884	20759	8294.093	18.598398	674.7724	222.41429	216.86092	20758	8154.77	18.8659	688.28357	230.98277	224.26454	20758	9673.528	19.79399	721.4846	244.1953	237.73563	20759	9620.782	20.974417	801.43097	246.48993	242.09315	20757	8812.497	21.034414	798.3674	246.51003	241.02156	20759	8755.311	21.139029	801.14667	23.832985	22.050945	19976	485.63913	1.665225	14.72199	19.485952	18.374737	19670	255.5166	1.326367	10.158827	24.806492	23.607742	20409	353.84332	1.6895405	13.594777	20.451986	20.15893	20744	62.09028	39.42428	1166.7386	16.742006	16.548708	20714	50.258297	28.498968	841.5524	21.237566	21.09138	20753	55.058083	34.858948	1024.5352
F3_S19_subsampled_depth_16G_contig_4022|provirus_11884_26046	44.142723	43.894157	14163	195.7632	3.791429	137.5577	44.21045	43.943867	14163	113.70211	3.800941	138.66951	47.014988	46.606834	14163	155.36655	4.107329	149.71088	49.411545	49.21042	14163	161.09471	4.289439	163.8992	48.786057	48.31063	14163	135.9105	4.2230473	160.28702	49.753513	49.24451	14163	184.8821	4.3391347	164.4486	11.622279	11.511377	14053	44.658276	0.84041715	7.4299965	11.16713	11.05082	14112	37.53844	0.78051883	5.978095	12.152644	12.03988	14163	39.028584	0.84448797	6.795117	3.7816312	3.6749384	13566	5.27632	7.587221	224.53932	3.3294084	3.173551	13284	5.483117	5.7837486	170.78973	3.942839	3.76659	13255	7.318814	6.7328463	197.88426
F3_S19_subsampled_depth_16G_contig_4324|provirus_30152_137958	38.80296	38.57317	107807	67.2207	3.2813873	119.05274	40.28005	40.151115	107807	63.306976	3.4005094	124.06059	44.48844	44.363186	107807	66.49758	3.7902958	138.15509	51.79482	51.620983	107807	74.43754	4.4265847	169.13948	50.335995	50.131485	107807	83.82418	4.2702217	162.07748	51.340137	51.154778	107807	82.27993	4.3744316	165.78627	0	0	0	0	0	0	0	0	0	0	0	0	0	0	0	0	0	0	4.0783973	3.9444954	102123	6.839045	8.668385	256.53568	2.634896	2.526457	97096	3.5151896	4.498019	132.82306	4.416099	4.297266	105024	6.174728	7.285341	214.12271
F3_S19_subsampled_depth_16G_contig_4453|provirus_56826_87360	68.99088	70.13537	30535	305.75092	5.7891183	210.03629	68.49347	69.88496	30531	282.09717	5.7428484	209.51593	70.19533	71.5149	30527	333.22537	5.93917	216.48088	61.135033	62.10012	30531	245.45471	5.180484	197.9458	60.127792	61.282078	30533	236.42549	5.0571785	191.9468	61.275925	62.28548	30532	247.94603	5.188666	196.6449	30.91384	29.91787	30528	270.0743	2.1549127	19.051235	27.058516	26.339342	30277	194.87381	1.8425891	14.1126375	30.445122	30.049147	30531	210.03462	2.074757	16.694391	0	0	0	0	0	0	0	0	0	0	0	0	0	0	0	0	0	0
F3_S19_subsampled_depth_16G_contig_4780|provirus_26296_56056	61.8689	60.95351	29761	301.72778	5.282405	191.65211	56.98139	56.065662	29761	264.0408	4.8779473	177.9618	59.58502	58.77468	29761	296.41663	5.1469526	187.6048	51.747322	50.892498	29761	194.17697	4.4721494	170.88048	48.62929	47.891262	29761	210.7388	4.18129	158.7021	49.78464	49.330345	29761	201.5523	4.295847	162.80806	6.727939	6.501032	29484	15.052558	0.47585985	4.2070017	6.513762	6.2354884	29387	15.517633	0.44627976	3.4181159	8.231029	7.995685	29740	16.0269	0.5669012	4.5615344	0	0	0	0	0	0	0	0	0	0	0	0	0	0	0	0	0	0
F3_S19_subsampled_depth_16G_contig_5125|provirus_461_11719	15.52939	14.951096	11213	61.41516	1.3406749	48.641285	16.863985	16.30223	11248	56.609245	1.4376491	52.449665	17.080114	16.552956	11249	55.587933	1.4771765	53.84264	15.730489	15.19852	11217	54.17727	1.3645598	52.13971	15.695472	15.442644	11236	43.031395	1.3466496	51.112514	17.333063	17.059505	11245	61.16004	1.4983165	56.784615	2.9343774	2.7161715	9666	6.3668666	0.20995031	1.8561374	2.8755064	2.7356737	9843	4.6322317	0.2005413	1.5359725	3.773697	3.6645665	10394	6.0449295	0.26716635	2.1497366	5.163831	4.971897	10520	11.894294	9.917161	293.49252	3.4450445	3.2340233	10061	7.1906466	5.815936	171.74014	5.4226303	5.2845283	10957	8.621422	8.926647	262.36215
F3_S19_subsampled_depth_16G_contig_5510|provirus_52207_63756	48.077106	45.59074	11550	321.9678	4.1551213	150.75275	48.983597	46.685673	11550	344.96378	4.215232	153.78415	55.8307	53.03733	11550	416.80603	4.833361	176.17453	60.816315	58.25809	11550	386.58698	5.2875214	202.03578	60.485264	58.005947	11550	378.7771	5.234421	198.67392	65.39649	62.52154	11550	544.87585	5.661077	214.54869	0	0	0	0	0	0	0	0	0	0	0	0	0	0	0	0	0	0	4.1601753	4.0354776	10982	7.0990014	8.875951	262.6786	2.7008772	2.5451267	10182	4.4354763	4.662483	137.6795	4.919035	4.80731	11506	6.201794	8.192371	240.78116
F3_S19_subsampled_depth_16G_contig_5574|provirus_27077_100314	27.738781	27.569626	73238	42.949306	2.3443701	85.056625	28.377367	28.14442	73238	50.20455	2.3959105	87.4099	30.000095	29.820522	73238	50.02668	2.5542266	93.10079	33.824856	33.66201	73238	58.23777	2.8855553	110.25689	33.44314	33.242035	73238	67.41992	2.8380804	107.720146	34.65287	34.47887	73238	54.834976	2.9574652	112.08475	0	0	0	0	0	0	0	0	0	0	0	0	0	0	0	0	0	0	3.308245	3.1774552	67620	5.232156	6.314197	186.86484	2.5777829	2.457449	65803	3.3987415	4.3669047	128.95131	3.2520113	3.1470356	68662	4.346234	5.3051434	155.92279
F3_S19_subsampled_depth_16G_contig_6968|provirus_71541_86886	83.107	82.62977	15346	186.16216	7.096422	257.46677	89.271324	88.775185	15346	219.47746	7.617412	277.90573	93.04587	92.43998	15346	209.9925	7.9687	290.4566	100.062584	99.468636	15346	241.48247	8.636338	329.99384	100.1555	99.56492	15346	243.13484	8.596307	326.2753	102.1944	101.65397	15346	280.15662	8.817519	334.17456	2.0690312	1.9032754	12298	3.5189593	0.14381202	1.2714196	0	0	0	0	0	0	0	0	0	0	0	0	8.164254	8.074864	15149	14.3261595	16.33878	483.53653	6.4912477	6.3222694	15346	10.42763	11.021752	325.46387	8.330284	8.157406	15346	11.796598	13.75347	404.22668
F3_S19_subsampled_depth_16G_contig_7549|provirus_201_22580	19.245523	19.130447	22380	27.645147	1.6293588	59.115116	17.469725	17.360506	22380	26.537722	1.4753313	53.824413	19.818083	19.726059	22380	27.652729	1.6897376	61.590405	20.450113	20.382446	22380	27.861712	1.7464869	66.73312	23.754341	23.691124	22380	36.592987	2.0211012	76.71149	21.34449	21.207867	22380	28.611633	1.8257158	69.192696	0	0	0	0	0	0	0	0	0	0	0	0	0	0	0	0	0	0	20.679441	20.594612	22380	39.22666	36.601864	1083.2104	23.834503	23.782887	22380	30.65608	40.27348	1189.2445	20.31894	20.252548	22380	26.932228	33.374653	980.9103
F3_S19_subsampled_depth_16G_contig_7882|provirus_12866_33217	18.468517	18.334177	20352	26.943344	1.5648005	56.772865	19.044798	19.0066	20352	23.591232	1.6142648	58.893127	21.566973	21.444616	20352	34.988243	1.8556069	67.63628	21.881794	21.807007	20352	29.239716	1.8696473	71.4391	22.01678	21.932186	20352	35.861664	1.8661991	70.83214	23.533758	23.412111	20352	33.91483	2.0126574	76.27757	0	0	0	0	0	0	0	0	0	0	0	0	0	0	0	0	0	0	3.101277	2.9628203	18637	4.9525657	6.3116813	186.79036	2.7913077	2.690133	17893	3.9779296	4.7454343	140.12892	3.1472626	3.0496094	18511	4.297554	5.1792364	152.22227
F3_S19_subsampled_depth_16G_contig_7902|provirus_2_39110	95.25121	93.92557	39109	761.26227	8.128533	294.9131	99.40206	98.03522	39109	865.35406	8.484247	309.5302	102.99417	101.81038	39109	918.779	8.866235	323.1714	107.91871	105.83451	39109	1021.84094	9.328479	356.44043	110.10146	108.6612	39109	883.9604	9.442178	358.38055	109.55356	108.050735	39109	864.3298	9.429269	357.35925	7.9904513	6.621988	37701	104.55215	0.55895585	4.941639	6.1908674	5.141423	35651	63.20609	0.42268145	3.237374	6.846916	5.8680735	36080	61.604164	0.46802372	3.7659209	8.459817	8.0902605	38956	23.15224	16.972263	502.28397	6.4693394	6.0922003	38845	16.696163	11.229044	331.58502	9.149953	8.72608	39064	22.566149	15.369088	451.711
F3_S19_subsampled_depth_16G_contig_8443|provirus_12492_28925	9.989806	9.822598	16434	15.475178	0.8507497	30.866224	10.669308	10.540462	16434	14.496353	0.91645515	33.43497	9.814542	9.54244	16434	18.543995	0.84671277	30.862425	9.275424	9.090953	16434	14.688187	0.8003133	30.579908	9.088307	8.893696	16434	13.951545	0.77834326	29.542242	9.52088	9.365721	16434	13.821033	0.8207362	31.105017	0	0	0	0	0	0	0	0	0	0	0	0	0	0	0	0	0	0	6.454618	6.3801174	15987	10.727476	12.626552	373.67535	5.848256	5.671329	16290	10.381997	9.968996	294.37662	8.155981	8.078398	16258	16.310131	13.529083	397.6316
F3_S19_subsampled_depth_16G_contig_8447|provirus_160391_185533	70.523384	69.4004	25141	1064.5298	5.9431357	215.62416	68.96347	67.219246	25142	1033.8569	5.8171306	212.22595	67.804504	66.605644	25142	917.3617	5.767638	210.22867	66.97827	64.7355	25143	1045.5938	5.7083673	218.11636	64.45129	62.695175	25142	1018.58496	5.457503	207.14117	63.88661	62.456722	25143	914.157	5.4299774	205.79024	16.978033	15.242498	24824	234.56148	1.195577	10.569907	15.268595	13.914515	25012	173.2849	1.0459305	8.01092	18.302164	16.659346	25102	269.53644	1.2513022	10.068521	0	0	0	0	0	0	0	0	18873	0	2.9060323	85.81289	2.1340375	2.0089352	21622	2.8542323	3.5001104	102.87132
F3_S19_subsampled_depth_16G_contig_9013|provirus_82267_106044	72.97778	72.77749	23778	162.83168	6.175755	224.0638	74.14034	73.85578	23778	185.38841	6.2526474	228.1149	81.91802	81.65349	23778	245.34845	6.9800215	254.41966	89.55142	89.36363	23778	217.2362	7.637401	291.82434	90.68275	90.47625	23778	200.58849	7.6970606	292.1443	89.39182	88.86542	23778	227.19397	7.628039	289.09448	0	0	0	0	0	0	0	0	0	0	0	0	0	0	0	0	0	0	8.283266	8.129831	23638	14.268977	16.456165	487.0105	7.242805	7.1302547	23767	10.140941	12.259525	362.0142	11.444472	11.360576	23778	16.268856	18.804157	552.6707
F3_S19_subsampled_depth_16G_contig_11565|provirus_47329_90805	42.479145	42.29604	43477	68.67576	3.5699458	129.52196	40.857433	40.757122	43477	57.501823	3.4402857	125.51173	39.36896	39.25993	43477	59.07035	3.3413255	121.790245	42.43737	42.362404	43477	66.01722	3.6113384	137.98892	38.909824	38.836826	43477	53.928265	3.2826526	124.594025	41.18035	41.09783	43477	58.323917	3.4982607	132.58034	0	0	0	0	0	0	0	0	0	0	0	0	0	0	0	0	0	0	2.9089482	2.8033338	39495	3.9031024	5.0397944	149.14967	4.045791	3.9307604	42626	4.9742694	6.8444185	202.11035	3.6728137	3.580382	40824	4.9151044	6.0103803	176.65033
F3_S19_subsampled_depth_16G_contig_12092|provirus_2_16343	9.783226	9.695691	16342	12.852395	0.8245694	29.91637	9.655447	9.566282	16342	12.653125	0.8194708	29.896692	9.023283	8.986963	16340	13.046646	0.7703119	28.07763	10.150568	10.058392	16342	11.92607	0.8697362	33.232536	9.681201	9.5423355	16340	14.852959	0.8199607	31.121872	9.471961	9.431385	16342	13.493253	0.8073972	30.599483	0	0	0	0	0	0	0	0	0	0	0	0	0	0	0	0	0	0	139.49556	139.53342	16342	300.5566	247.9818	7338.874	150.63927	150.425	16342	277.78766	255.06808	7531.9644	161.22462	161.00371	16342	336.56598	264.16977	7764.184
F4_S20_subsampled_depth_16G_contig_78	6244.38	6314.82	24867	18119798	523.1768	18981.488	6382.5396	6456.59	24973	18763236	534.5946	19503.582	5252.8433	5324.397	25015	12356510	443.84778	16178.114	8478.748	8575.245	24813	34501084	717.3159	27408.584	7741.0137	7822.4688	24826	28532724	650.12244	24675.592	7993.2495	8089.1406	24924	29951190	675.3265	25594.15	22606.13	18123.354	25027	1532449500	1575.7584	13931.033	22130.766	17730.154	25027	1479268700	1505.5189	11530.969	16600.229	13347.479	25027	810999400	1130.7606	9098.589	0	0	0	0	0	0	0	0	0	0	0	0	0	0	0	0	0	0
F4_S20_subsampled_depth_16G_contig_222	388.32236	391.5365	22528	21788.682	32.835323	1191.3054	386.4463	390.55234	22528	22582.41	32.63867	1190.755	381.59732	383.98755	22528	23300.541	32.53158	1185.7661	353.42715	356.04593	22528	20592.898	30.184578	1153.3503	356.2482	359.60785	22528	19839.469	30.170809	1145.1417	344.62076	346.4637	22528	20113.67	29.395657	1114.0638	167.03615	166.60779	22528	6186.155	11.729248	103.69645	128.47212	127.10237	22528	4367.446	8.823529	67.580574	166.09412	165.34927	22528	6516.7944	11.395398	91.692276	2.7760746	2.650581	19327	4.3478975	5.5265822	163.55598	2.04281	1.9005561	18423	3.0083115	3.4902575	103.06458	2.6006346	2.4475226	19999	4.0639887	4.341648	127.604904
F4_S20_subsampled_depth_16G_contig_358	8.042293	7.716077	48112	22.08717	0.68388677	24.812237	8.713204	8.415906	48362	19.146532	0.7394655	26.977875	8.512528	8.248801	48136	18.897663	0.7291981	26.579056	8.8188	8.526687	48329	22.272282	0.7590461	29.003077	9.363043	9.108246	48073	23.964127	0.7942581	30.146292	9.0234585	8.77671	48076	23.399649	0.77626556	29.41963	3.3460135	3.0743916	43417	7.7507167	0.2342244	2.07074	3.684311	3.3898184	42818	9.93058	0.2528723	1.9367836	3.7186592	3.4416482	44115	9.400592	0.254293	2.0461507	4.913777	4.7453446	46974	8.650113	8.9593	265.1451	3.9526052	3.8385646	46780	5.6625824	6.728124	198.6762	6.4566708	6.3000093	48032	11.841581	10.634219	312.549
F4_S20_subsampled_depth_16G_contig_378	18536.014	17904.49	73042	166512050	1556.7524	56480.875	18412.107	17784.807	73226	163557730	1545.6375	56389.406	18515.021	17835.27	73042	173431250	1567.7706	57144.746	20888.521	20249.27	73042	160239330	1773.4872	67764.805	20420.498	19856.283	73042	150072670	1720.5016	65302.156	20987.229	20342.592	73043	169800220	1778.8267	67415.625	16717.412	15209.489	73043	170952880	1167.8457	10324.742	14054.953	12727.873	73041	122793470	958.91315	7344.444	15170.1875	13705.315	73042	146107060	1035.9314	8335.551	81.63236	80.21953	72926	1242.9081	146.69324	4341.3003	76.33896	75.52989	72983	803.2807	128.6292	3798.32	92.27918	91.47849	72965	1009.83136	150.69293	4428.998
F4_S20_subsampled_depth_16G_contig_436	3.8563266	3.724468	11772	7.105574	0.32300884	11.7191515	4.323165	4.152209	11538	10.089632	0.3620527	13.208743	4.3774147	4.2078342	11520	8.896506	0.37226075	13.568782	4.0402446	3.901896	11465	8.58938	0.34663215	13.244782	3.7334998	3.4766588	11303	10.025648	0.31456065	11.93924	4.2722955	4.0134144	11508	10.811544	0.3622986	13.73073	5.0990825	4.7331424	11363	18.202772	0.35519132	3.1401894	4.3819222	4.1902165	11631	9.34724	0.29982254	2.29638	4.6956697	4.53604	11955	10.366928	0.32140884	2.5861945	0	0	0	0	0	0	0	0	0	0	0	0	0	0	0	0	0	0
F4_S20_subsampled_depth_16G_contig_789	241.20612	234.13788	83701	12823.605	20.418053	740.7915	254.5242	246.39474	83701	14842.54	21.530664	785.50195	260.79956	252.31685	83701	16645.123	22.278513	812.0449	256.87094	248.4605	83701	16335.926	21.992931	840.3483	266.86575	258.20935	83701	17074.31	22.6645	860.23755	258.46838	249.46283	83701	16505.643	22.0901	837.191	158.43236	155.82181	83701	4219.7856	11.113728	98.25472	136.80554	135.0751	83701	3242.0078	9.36802	71.75093	151.46652	149.24516	83701	3764.7505	10.391389	83.61362	0	0	0	0	0	0	0	0	0	0	0	0	0	0	0	0	0	0
F4_S20_subsampled_depth_16G_contig_1812	5.298109	5.05306	21233	11.944323	0.47006717	17.054615	5.0688157	4.801445	21744	8.913259	0.44508064	16.237848	5.0699143	4.719133	21259	11.953857	0.44832107	16.34117	5.033103	4.753574	20917	11.532283	0.4469607	17.078327	4.200357	4.02742	21003	7.2281694	0.3700951	14.047071	4.6115103	4.3831716	21016	9.475856	0.4137295	15.679909	0	0	0	0	0	0	0	0	0	0	0	0	0	0	0	0	0	0	22.686003	22.010124	21857	89.97225	41.18094	1218.7257	27.655464	27.128656	21902	81.9842	48.470257	1431.2888	23.633533	22.794832	21899	93.04189	40.642086	1194.5073
F4_S20_subsampled_depth_16G_contig_2357	7.0800033	6.0804577	12285	86.75521	0.70332766	25.51757	7.274203	6.2412815	12287	106.13575	0.71014327	25.908121	7.084535	6.209611	12113	77.15848	0.6882121	25.085114	6.573041	5.6838446	12111	84.182556	0.6699277	25.597883	6.6427455	5.7789474	12225	75.311714	0.6654833	25.258604	6.409409	5.39762	11974	120.70259	0.6542845	24.79667	0	0	0	0	0	0	0	0	0	0	0	0	0	0	0	0	0	0	14.101508	12.733913	12059	246.21745	28.609337	846.67633	13.320755	11.5967045	11985	339.19217	27.140547	801.43933	21.107357	19.630938	12117	334.03998	38.96375	1145.179
F4_S20_subsampled_depth_16G_contig_2843	2.5234368	2.4058647	33715	3.5639682	0.21141185	7.6702747	2.4611375	2.3337655	34103	3.4007094	0.20672293	7.5418577	2.3754277	2.2550697	32519	3.5009317	0.201251	7.335532	2.7436223	2.6046205	34310	4.129208	0.23205209	8.866689	2.5304365	2.4141607	33928	3.626332	0.2134583	8.101872	2.53557	2.4194896	34573	3.3881466	0.21387441	8.105614	0	0	0	0	0	0	0	0	0	0	0	0	0	0	0	0	0	0	3.539303	3.3986347	35645	5.8291826	6.175418	182.75787	3.8862906	3.7942736	37059	5.15178	6.5161705	192.41745	4.0168	3.8410244	36361	7.96119	6.5205436	191.64462
F4_S20_subsampled_depth_16G_contig_3189	7.1783113	6.960712	34647	19.340736	0.60786813	22.054195	7.6230087	7.386529	34208	24.890789	0.6444283	23.510645	7.2171144	6.977622	33985	23.997469	0.6170825	22.492477	6.9132624	6.715564	33792	20.14203	0.5927033	22.647152	7.069356	6.8683863	34778	18.991405	0.6011452	22.816633	7.005377	6.7272267	34077	22.32699	0.60184807	22.809391	0	0	0	0	0	0	0	0	0	0	0	0	0	0	0	0	0	0	0	0	0	0	0	0	0	0	0	0	0	0	0	0	0	0	0	0
F4_S20_subsampled_depth_16G_contig_3316	8.391397	8.286639	13648	11.825915	0.7146221	25.927351	7.13686	7.005164	13695	11.437403	0.6071853	22.151917	7.4188433	7.3060656	13673	10.874733	0.6440408	23.47509	6.8626237	6.7492623	13545	11.804928	0.5950607	22.73722	7.3190203	7.1887703	13679	10.124585	0.63552505	24.121542	6.9600854	6.817541	13451	12.064151	0.6005986	22.762041	0	0	0	0	0	0	0	0	0	0	0	0	0	0	0	0	0	0	12.787443	10.990574	13671	195.60782	24.17298	715.3851	12.966357	10.532705	13678	284.46445	23.65159	698.41315	17.98303	15.749836	13675	363.59537	31.661411	930.55695
F4_S20_subsampled_depth_16G_contig_3683	15.593796	11.595813	15693	597.091	1.5606028	56.62055	14.847209	11.024354	15753	556.5053	1.4890984	54.326706	14.486958	10.50851	15665	643.98395	1.4905452	54.329918	12.900468	9.699494	15661	465.4761	1.3282301	50.75157	12.563545	9.652781	15548	377.76605	1.256212	47.67992	13.491636	10.173111	15600	462.46738	1.3851753	52.496655	0	0	0	0	0	0	0	0	0	0	0	0	0	0	0	0	0	0	62.121387	62.163	15698	152.05922	108.79772	3219.804	79.608406	79.311615	15690	148.50813	134.413	3969.112	73.95757	73.60635	15708	165.98051	121.42348	3568.7427
F4_S20_subsampled_depth_16G_contig_4180	38.25878	24.808876	23606	21854.701	4.3281565	157.03082	39.97898	26.11709	23606	24090.162	4.467725	162.99574	43.618946	27.660192	23606	30801.215	4.9918003	181.94955	49.841446	32.34298	23606	37850.45	5.6874847	217.31842	48.480175	31.14551	23606	36851.617	5.4782724	207.92949	49.434048	31.661852	23606	38501.594	5.5878406	211.77328	0	0	0	0	0	0	0	0	0	0	0	0	0	0	0	0	0	0	4.102703	2.5599658	20188	259.7035	10.297255	304.7413	2.5157743	1.5522451	18828	97.66268	5.9548674	175.84251	3.5775921	2.1240053	19763	234.5588	8.359452	245.69174
F4_S20_subsampled_depth_16G_contig_4413	10.140626	9.878455	22500	16.289454	0.870505	31.582981	9.865861	9.671754	22500	15.77475	0.8379881	30.572268	10.056152	9.735783	22500	21.604126	0.87749183	31.984299	10.479776	10.137155	22500	23.059034	0.912328	34.859962	9.973691	9.689998	22484	21.834108	0.86317635	32.762115	10.330246	10.192981	22434	17.278782	0.90118366	34.153904	0	0	0	0	0	0	0	0	0	0	0	0	0	0	0	0	0	0	147.16202	145.9989	22500	1505.0151	267.77994	7924.7896	146.0234	144.01198	22500	1377.1462	254.1395	7504.543	160.35092	159.13696	22500	1413.3494	270.051	7937.039
F4_S20_subsampled_depth_16G_contig_4534	81.14944	73.72002	35643	2464.1177	7.304502	265.0162	82.01876	74.130974	35643	2709.2122	7.374616	269.04767	88.641396	79.87854	35643	3265.62	8.017606	292.2393	102.16307	92.42808	35643	3970.0132	9.2645035	353.9959	96.97884	87.63985	35643	3816.4446	8.760544	332.5091	98.3031	88.70577	35643	3777.4287	8.936698	338.69138	0	0	0	0	0	0	0	0	0	0	0	0	0	0	0	0	0	0	5.4694448	4.9369855	34376	30.819569	11.865288	351.14615	4.2455416	3.8240414	33926	23.62096	7.951536	234.80275	5.667371	5.006355	35068	47.1076	10.385013	305.22467
F4_S20_subsampled_depth_16G_contig_4903	19.601904	14.858504	50763	3463.4136	2.72863	98.99796	19.464182	14.984196	50766	2963.6216	2.6997213	98.493774	19.013632	14.297656	50766	3417.6023	2.7324417	99.596634	18.882212	14.450347	50760	3017.7786	2.7486432	105.025406	18.585447	14.102292	50766	3168.0708	2.6712363	101.38759	18.834183	14.391342	50766	3065.7131	2.7069135	102.58917	2.8829224	2.4398103	43850	22.552727	0.24909285	2.20219	2.3922672	1.9895074	40399	16.019768	0.2052762	1.5722382	3.3496523	2.8335674	45082	32.79237	0.28255907	2.2735927	17.683678	1.9988147	39735	95957.05	119.17909	3527.0344	0	0	0	0	0	0	19.058678	2.4024277	43360	103335.445	118.28899	3476.6174
F4_S20_subsampled_depth_16G_contig_5701	41.410572	39.7137	52808	768.82697	3.662734	132.88844	37.37645	36.000717	52808	602.65295	3.2960036	120.24789	38.703636	36.9927	52808	900.5371	3.4740384	126.62756	42.62623	40.824326	52808	811.2198	3.7983432	145.13437	39.556286	37.926025	52808	729.0919	3.5068266	133.10266	41.4654	39.83059	52808	789.8293	3.6901128	139.85136	1.8589008	1.6885681	39716	3.173778	0.13409014	1.1854697	0	0	0	0	0	0	2.482092	2.3134153	44068	4.4729776	0.17262839	1.3890415	4.7938204	2.8289447	46993	246.6071	10.50184	310.79593	5.6191273	3.3117483	49771	267.60934	12.265891	362.2022	5.4134793	3.3166013	49733	232.43	11.345034	333.44043
F4_S20_subsampled_depth_16G_contig_5741	30.686592	30.429907	33809	98.568184	2.5942335	94.1219	30.558334	30.131275	33809	121.664154	2.5830748	94.23812	29.574022	29.251791	33809	109.16044	2.5233848	91.97665	28.15149	27.79604	33809	107.9035	2.4108603	92.11877	27.523277	27.25496	33809	95.64609	2.3356583	88.65061	28.28664	27.973196	33809	110.432945	2.4102855	91.34726	14.583054	13.835254	32757	94.35375	1.0199867	9.017543	11.946196	11.480706	32662	62.295666	0.8125869	6.2237096	15.843935	15.006932	33083	113.72034	1.0812719	8.700383	2.412579	2.1724048	25692	5.789337	4.5666366	135.1469	0	0	0	0	0	0	2.9689534	2.6762502	28157	8.241207	5.118901	150.44897
F4_S20_subsampled_depth_16G_contig_6243	11.699187	11.6479435	1225	25.432943	0.92605203	33.598305	32.13821	32.197594	1250	95.23497	2.6860788	97.99607	51.905148	51.47643	1256	392.49277	4.403612	160.51036	5.6982837	5.4964895	1228	9.51829	0.46774647	17.872555	4.4869018	4.3821464	1211	6.304304	0.41349652	15.694375	4.0966578	3.988967	1222	5.711264	0.3451561	13.081041	173259.94	173956.19	1257	2895385600	11045.064	97647.64	220871.89	221683.31	1257	4730833400	13754.489	105347.47	234110.19	234905.06	1257	5228463600	14593.904	117428.87	0	0	0	0	0	0	0	0	0	0	0	0	0	0	0	0	0	0
F4_S20_subsampled_depth_16G_contig_6890	15.023945	14.983415	39148	25.148308	1.2602279	45.722595	15.99111	15.946367	39407	25.23869	1.3413609	48.936787	15.538809	15.55427	39209	25.367	1.3124179	47.837234	14.61617	14.553675	39306	25.900143	1.2412893	47.429577	14.913391	14.83497	39218	28.833733	1.2523748	47.53427	15.621061	15.608071	39149	24.392527	1.3227891	50.132275	5.4484806	5.0358586	38377	17.063688	0.37955138	3.3555539	5.3958783	4.893442	37021	21.740744	0.36866984	2.8236904	5.496548	4.973651	37773	21.493269	0.37620905	3.0271397	0	0	0	0	0	0	0	0	0	0	0	0	2.0259316	1.8488382	31055	3.9854186	3.4524226	101.4698
F4_S20_subsampled_depth_16G_contig_6936	10807.086	10814.133	15638	9772206	917.46155	33286.62	10419.622	10436.931	15638	9130358	884.0351	32252.207	10030.01	10042.853	15638	8414561	858.3634	31287.082	9161.602	9161.693	15638	6941348.5	786.07416	30035.826	8597.424	8588.176	15638	6014772	732.0413	27784.85	8979.4	8968.814	15638	6630798.5	769.0973	29147.96	5259.6196	4499.545	15638	19086878	380.47757	3363.742	4041.598	3460.4387	15638	11192799	285.54608	2187.0354	5776.5244	5006.388	15638	20196454	407.50375	3278.95	234.64108	229.2802	15638	2388.7493	412.04224	12194.1455	276.68756	271.1484	15638	2648.262	468.62643	13838.179	249.3805	242.91348	15638	2741.7886	410.08838	12052.861
F4_S20_subsampled_depth_16G_contig_7385	41.795124	39.01976	39896	568.56824	4.5072885	163.52994	41.09713	38.371494	39901	553.7985	4.605897	168.03671	42.683983	39.957516	39889	600.95575	4.4504476	162.21744	82.89102	80.4009	39889	746.88	7.8754325	300.91962	80.6222	77.870056	39891	763.97845	7.819316	296.78452	82.93409	80.02722	39891	857.9317	7.503634	284.3797	0	0	0	0	0	0	0	0	0	0	0	0	0	0	0	0	0	0	3.4468818	3.2722418	35830	6.4995623	26.850626	794.62823	1.9853337	1.8743327	32018	2.652741	15.59364	460.46826	2.9724283	2.8745842	35713	4.082913	14.676981	431.36945
F4_S20_subsampled_depth_16G_contig_7624	1.0196292	0.9854897	0	0.5694833	0	0	2.4503818	2.344619	836	4.2980266	0.20147783	7.3505044	0	0	0	0	0	0	0	0	0	0	0	0	0	0	0	0	0	0	0	0	0	0	0	0	0	0	0	0	0	0	0	0	0	0	0	0	828.07416	837.2636	817	368109.06	50.61992	407.3097	0	0	0	0	0	0	0	0	0	0	0	0	0	0	0	0	0	0
F4_S20_subsampled_depth_16G_contig_8386	2.8012357	2.6956801	10994	3.8007565	0.237817	8.62829	2.5389621	2.4580817	10632	3.023525	0.21710674	7.920694	2.5837727	2.5003662	11040	2.7639678	0.22104585	8.057052	3.2201812	3.1205382	11317	4.4577355	0.2745617	10.490983	3.345552	3.2829032	11508	4.109021	0.28366393	10.766545	2.52743	2.4985356	11014	2.1958866	0.2149267	8.14549	3.155766	3.033315	11319	4.3115945	0.21701823	1.918624	2.731219	2.5623283	10897	4.759533	0.18953714	1.451691	3.4804778	3.3454146	11353	5.428979	0.23892646	1.9225051	0	0	0	0	0	0	0	0	0	0	0	0	0	0	0	0	0	0
F4_S20_subsampled_depth_16G_contig_9336	6.436396	6.2216606	15260	13.41478	0.54254115	19.684048	6.5838385	6.29152	14999	17.342455	0.5504947	20.083675	7.035592	6.6646895	15265	19.109276	0.5985054	21.815348	8.762128	8.471075	15176	25.871761	0.74828136	28.591763	8.124176	7.862991	15194	20.122475	0.68672985	26.06502	8.42071	8.116359	15232	21.413988	0.71040416	26.923567	0	0	0	0	0	0	0	0	0	0	0	0	0	0	0	0	0	0	0	0	0	0	0	0	0	0	0	0	0	0	0	0	0	0	0	0
F4_S20_subsampled_depth_16G_contig_9936	7.8469424	7.76239	11270	9.222547	0.6635083	24.072891	7.8132195	7.691447	11270	10.864562	0.6507989	23.743065	6.545054	6.4266586	11244	6.768004	0.5534006	20.171282	7.416547	7.318745	11270	8.601903	0.6317122	24.137672	7.3019786	7.119904	11185	13.344899	0.62092406	23.56735	7.433453	7.2978616	11269	11.652914	0.6352006	24.07342	0	0	0	0	0	0	0	0	0	0	0	0	0	0	0	0	0	0	0	0	0	0	0	0	0	0	0	0	0	0	0	0	0	0	0	0
F4_S20_subsampled_depth_16G_contig_10480	6.3060007	6.255478	12036	6.537713	0.5327448	19.328617	6.1169953	5.92317	12065	8.612968	0.50834334	18.545864	6.4784727	6.379487	12043	8.895016	0.556049	20.26781	5.832312	5.768298	11992	7.350593	0.50533456	19.308792	5.0028534	4.925128	11796	7.16249	0.42449966	16.112005	5.4644566	5.3282986	11886	8.284849	0.46959946	17.797325	0	0	0	0	0	0	0	0	0	0	0	0	0	0	0	0	0	0	45.55065	45.677574	12065	73.45946	79.68825	2358.3271	55.004616	55.06331	12065	70.262634	93.18789	2751.7666	47.573395	47.40746	12065	58.57655	78.14232	2296.6714
F4_S20_subsampled_depth_16G_contig_11288	2.3540242	2.2215078	1803	3.0603907	0.18507104	6.7146	4.1330876	4.079486	1975	5.7649107	0.33910933	12.371706	3.0625987	2.9766219	1865	4.289237	0.26117903	9.519891	3.0373487	3.0005844	1856	4.1538672	0.27420473	10.477345	3.956339	3.8082993	1717	9.457567	0.3399541	12.903059	3.1425567	3.0169492	1731	5.53493	0.28619635	10.8465395	0	0	0	0	0	0	0	0	0	0	0	0	0	0	0	0	0	0	35.220936	35.419052	2031	142.58276	60.34216	1785.7903	36.719093	36.781414	2035	121.23684	61.757793	1823.6597	40.139927	40.649914	2049	152.69316	65.974754	1939.0562
F4_S20_subsampled_depth_16G_contig_11925	10.415563	10.070738	49273	42.052708	0.87810785	31.858814	9.909423	9.5279045	49098	42.200977	0.8343811	30.44068	10.7439575	10.412767	49291	44.418575	0.91173613	33.232502	10.70014	10.304755	49198	44.59126	0.910077	34.773964	9.951109	9.649875	49174	40.01163	0.84210265	31.962252	11.32941	10.995693	49238	46.466686	0.96124893	36.43029	4.7561746	4.622342	47656	8.280009	0.33585802	2.969266	4.7472854	4.5374885	48075	9.724331	0.32475695	2.4873562	5.474053	5.234131	47032	14.806279	0.37511402	3.01833	3.772147	3.5999954	46179	7.2529807	6.722673	198.95358	3.5877256	3.4481475	46589	5.8792634	6.1335196	181.11804	4.783289	4.588721	48181	8.637888	7.995402	234.99203
F4_S20_subsampled_depth_16G_contig_12751	17.508636	17.309294	41193	36.55995	1.4786503	53.647255	17.696295	17.550583	41193	46.66539	1.4898057	54.352512	16.967108	16.870787	41193	44.474247	1.441598	52.54579	16.093414	15.977341	41193	40.85917	1.3720922	52.42751	16.463976	16.277079	41193	36.904682	1.3922666	52.843895	16.006262	15.868378	41193	33.537632	1.3602288	51.551235	8.866214	8.286879	40612	44.5206	0.6213245	5.493033	8.638575	8.108936	41040	35.54906	0.59276944	4.5401034	8.942037	8.360296	41051	39.560482	0.6124968	4.928414	6.9316325	3.9907415	39071	6284.605	22.020542	651.6852	7.247253	3.896505	38822	8532.821	24.157465	713.35114	8.511488	5.3764043	40857	7536.266	24.815155	729.3393
F4_S20_subsampled_depth_16G_contig_13038	3.2780294	3.1891625	18795	4.106548	0.27409002	9.944322	3.8195074	3.6883416	19859	5.1474795	0.31907967	11.640967	3.0896552	2.9966612	18869	4.1927595	0.26069796	9.5023575	2.734729	2.583525	18234	4.1718564	0.23125778	8.836341	3.3013792	3.1372194	18765	5.234847	0.2764807	10.493904	3.4562562	3.3453748	19424	4.6032877	0.29202798	11.067548	0	0	0	0	0	0	0	0	0	0	0	0	0	0	0	0	0	0	0	0	0	0	0	0	0	0	0	0	0	0	0	0	0	0	0	0
F4_S20_subsampled_depth_16G_contig_1450|provirus_35_12466	11.938935	11.581599	11827	81.38867	1.0116451	36.703697	10.636949	10.197394	12191	69.8992	0.9073327	33.10215	10.327227	9.842048	12049	74.88982	0.88536924	32.271446	9.599333	9.121946	11596	64.92218	0.81324875	31.074183	10.251913	9.87353	12215	58.554077	0.8647252	32.82091	10.302638	9.915505	12095	63.35495	0.8786273	33.29903	0	0	0	0	0	0	0	0	0	0	0	0	0	0	0	0	0	0	0	0	0	0	0	0	0	0	0	0	0	0	0	0	0	0	0	0
F4_S20_subsampled_depth_16G_contig_1749|provirus_291_28831	16.653482	15.798302	28541	56.001163	1.4128488	51.25984	16.851572	16.032598	28541	49.93577	1.4311202	52.21146	16.189848	15.3709545	28541	53.08612	1.3888856	50.62444	15.367933	14.641646	28541	48.498432	1.3211155	50.479713	14.874256	13.962509	28541	50.92396	1.266787	48.08129	15.722271	15.034477	28541	45.113598	1.3421882	50.86753	3.1027439	2.9798458	25965	4.5164957	0.21548451	1.9050643	2.3322532	2.1694126	23448	3.8866806	0.16215876	1.2419956	3.3088303	3.1641686	26712	5.1623163	0.22655942	1.8229952	7.134303	7.016319	28307	11.531063	14.506198	429.30228	4.3748016	4.3036823	27491	5.79749	7.4764075	220.77248	6.3183403	6.199742	28426	8.709079	10.564289	310.49374
F4_S20_subsampled_depth_16G_contig_5401|provirus_107_51252	24.526394	24.484314	51146	79.057556	2.0879188	75.75222	24.047337	23.91601	51146	76.694145	2.047947	74.71511	22.536041	22.385115	51146	68.553116	1.9368514	70.59766	21.675072	21.46137	51146	59.232983	1.871794	71.5211	21.561377	21.424288	51146	56.121502	1.8455875	70.0498	21.881775	21.768923	51146	57.78943	1.8866742	71.5029	2.908581	2.6817074	42893	6.8903966	0.20429686	1.8061557	2.6809945	2.379886	41126	7.7304525	0.18477423	1.4152107	3.1733665	2.9930062	45035	6.3203893	0.21944676	1.7657638	43.706272	28.35908	50439	7683.48	83.65849	2475.8237	47.09889	30.314806	50855	9312.62	88.127335	2602.3318	49.084614	32.525383	51140	9171.109	88.274475	2594.464
F4_S20_subsampled_depth_16G_contig_5955|provirus_17236_70027	60.347347	60.18916	52792	87.67751	5.0807767	184.33675	59.3997	59.223164	52792	84.07561	5.0075445	182.6899	58.229286	58.008842	52792	84.90173	4.947366	180.33005	59.125053	58.997066	52792	77.85779	5.0328226	192.30371	57.708714	57.532463	52792	92.38031	4.881221	185.26819	57.94094	57.76221	52792	82.39927	4.9280877	186.76935	55.942177	53.949913	52792	565.2961	3.929814	34.74287	40.512726	39.382435	52792	275.6143	2.782542	21.311865	48.554558	46.793976	52792	427.40085	3.3353925	26.838018	0	0	0	0	0	0	0	0	0	0	0	0	0	0	0	0	0	0
F4_S20_subsampled_depth_16G_contig_6049|provirus_105707_121292	61.880604	61.510796	15586	153.40201	5.333515	193.5063	59.681393	59.372246	15586	149.45514	5.16992	188.61389	61.566467	61.64992	15586	118.11338	5.3394985	194.62305	50.01989	49.8924	15586	127.497116	4.360336	166.60808	45.30811	45.188644	15586	86.2804	3.9350884	149.3575	49.322495	48.895493	15586	106.39028	4.281105	162.2493	0	0	0	0	0	0	0	0	0	0	0	0	0	0	0	0	0	0	4.0682173	3.684468	15180	36.306652	9.509667	281.43295	4.8576703	4.5456314	15381	22.54644	10.203182	301.29205	6.264965	5.9710665	15541	21.33931	12.078998	355.01254
F4_S20_subsampled_depth_16G_contig_8164|provirus_1_16985	67.01794	60.495415	16985	8917.92	6.468254	234.67603	67.809265	61.282124	16985	8932.667	6.531687	238.29504	74.83089	67.50769	16985	10335.484	7.2538114	264.3992	84.77927	76.59817	16985	13284.204	8.238671	314.79886	81.19008	73.29631	16985	12449.248	7.855608	298.16183	85.53121	77.47779	16985	13033.196	8.300229	314.56985	0	0	0	0	0	0	0	0	0	0	0	0	2.2502525	1.7803075	12752	25.897867	0.18252034	1.4686378	5.233205	4.519501	16436	89.73782	11.8387985	350.36224	3.9604394	3.3314195	16285	68.119026	8.082653	238.67442	5.786219	5.0353065	16782	109.040245	11.170684	328.3163
F4_S20_subsampled_depth_16G_contig_8172|provirus_31718_51823	21.198938	21.053669	20106	27.515522	1.7916147	65.00195	21.81835	21.622814	20106	31.45981	1.8377957	67.048195	20.426338	20.38715	20106	27.229904	1.7368504	63.307655	20.36846	20.14514	20106	34.727814	1.7348654	66.28906	20.344107	20.232824	20106	28.245064	1.7295114	65.644104	19.211866	19.160395	20106	25.412905	1.6380769	62.081337	7.2952995	7.0677543	19139	29.817232	0.50928974	4.502551	6.133043	5.912092	19581	14.131283	0.4222666	3.2341957	8.274755	8.004231	19678	27.143198	0.5699366	4.585956	28.004509	27.913038	20106	61.318768	51.90985	1536.2415	27.952646	27.463312	20106	84.53821	48.28645	1425.861	30.462568	29.927736	20106	82.77029	50.938614	1497.1309
F4_S20_subsampled_depth_16G_contig_10527|provirus_1_18378	22.35846	21.120138	18378	113.82092	2.0475078	74.28604	25.511412	24.15793	18378	140.98088	2.3023453	83.99637	27.372395	25.607399	18378	184.80463	2.5316942	92.2795	29.437405	27.782457	18378	182.29602	2.7165766	103.80013	29.95869	27.917286	18378	212.26038	2.7771466	105.40741	29.239027	27.574364	18378	177.33807	2.6933541	102.07526	0	0	0	0	0	0	0	0	0	0	0	0	0	0	0	0	0	0	3.5911236	3.3013532	17046	10.102685	7.500405	221.97014	2.814955	2.5069487	15562	7.871007	5.255146	155.1805	3.8640003	3.60295	17445	8.429466	6.9226675	203.46332
F5_S21_subsampled_depth_16G_contig_203	62.12483	61.621677	34650	121.07147	5.2413745	190.16338	60.920704	60.44221	34650	117.88882	5.1457872	187.73349	64.064026	63.487297	34653	156.36496	5.4545884	198.81816	61.6711	61.114548	34650	131.03415	5.257924	200.90486	61.682	61.11432	34649	148.36264	5.213846	197.89314	60.8672	60.229996	34650	153.46414	5.185189	196.51309	34.908096	34.704247	34389	256.89594	2.432776	21.507795	29.00626	29.056002	34404	154.90459	1.9738816	15.118229	32.09141	32.282	34488	169.95978	2.1898868	17.620771	96.68469	96.52613	34649	234.29877	169.86887	5027.1694	95.54476	95.46301	34633	131.74239	161.0424	4755.4565	88.29649	88.13773	34641	157.48096	144.42227	4244.6973
F5_S21_subsampled_depth_16G_contig_624	135.08286	134.9851	18569	2531.99	11.784601	427.55966	142.12872	143.0579	18569	2738.7546	12.3440075	450.34576	155.07101	156.14006	18569	2992.3926	13.590146	495.35675	171.1966	171.75107	18569	3425.8938	15.066951	575.707	164.10934	164.38983	18569	3389.8438	14.376457	545.6626	167.6876	169.22052	18569	3155.2368	14.697155	557.0065	4.9307237	4.432897	17668	26.578327	0.36725438	3.2468383	3.9619415	3.6412933	17249	13.905003	0.2877561	2.2039633	4.502959	4.1126122	17164	22.130447	0.32618755	2.6246448	16.850046	16.567345	18527	73.242455	35.120785	1039.3788	12.585483	12.432475	18074	46.63188	22.029757	650.52155	18.311907	18.354786	18502	53.911255	30.745768	903.64526
F5_S21_subsampled_depth_16G_contig_1333	24.868649	22.311049	33810	804.8511	2.2370214	81.16183	24.036276	21.724525	34253	676.8209	2.1560616	78.65949	22.895176	20.604544	33809	646.17444	2.0852659	76.0073	27.078997	24.391659	34800	855.5988	2.430616	92.87359	25.424477	22.484968	34888	814.78644	2.258683	85.728966	26.879574	23.704264	34446	943.7721	2.3956428	90.79228	0	0	0	0	0	0	0	0	0	0	0	0	0	0	0	0	0	0	4.564205	4.340647	32485	12.541819	7.9935894	236.56557	5.6040397	5.3568316	34293	17.457886	9.507026	280.7352	5.8028183	5.5106444	34421	18.59442	9.525561	279.96466
F5_S21_subsampled_depth_16G_contig_1336	4.031168	3.7174125	10870	12.852895	0.3881528	14.082656	4.1336017	3.9020429	10989	14.99537	0.40433007	14.751152	4.4887934	4.1674123	11065	17.036867	0.44527426	16.230106	4.6711607	4.353891	11002	20.943777	0.47053194	17.978989	4.451847	4.1635213	11202	17.123632	0.44915754	17.047915	4.3838205	4.05	11225	19.661966	0.45101064	17.092813	0	0	0	0	0	0	0	0	0	0	0	0	0	0	0	0	0	0	0	0	0	0	0	0	0	0	0	0	0	0	0	0	0	0	0	0
F5_S21_subsampled_depth_16G_contig_1523	20.631786	20.304523	13854	38.77049	1.7571658	63.752113	20.606392	20.43895	13854	23.31672	1.733375	63.23862	21.159662	20.968462	13854	38.198696	1.7998081	65.60242	19.21461	18.781418	13854	33.304085	1.6431481	62.784565	21.208918	20.940084	13854	37.79676	1.7980868	68.246895	18.826473	18.497244	13854	37.204956	1.6082034	60.949184	8.388427	8.231393	12588	31.899101	0.579821	5.1261086	6.3963804	6.247203	13147	17.099823	0.4336242	3.321186	9.948993	9.858521	13185	34.623177	0.6735252	5.4194775	0	0	0	0	0	0	0	0	0	0	0	0	0	0	0	0	0	0
F5_S21_subsampled_depth_16G_contig_2310	5.3534927	5.2084613	10203	8.980605	0.45759284	16.60202	5.4637923	5.3724246	10128	7.5223207	0.46348703	16.909376	6.2148776	6.028058	10286	9.664529	0.52698356	19.208384	6.6040845	6.526414	10226	9.680331	0.569124	21.746178	6.2160616	5.989478	10225	11.821886	0.5262652	19.97455	5.9735594	5.8008547	10244	10.112373	0.50615734	19.182829	0	0	0	0	0	0	0	0	0	0	0	0	0	0	0	0	0	0	0	0	0	0	0	0	0	0	0	0	0	0	1.621547	1.5070145	8148	1.9258269	2.6215038	77.04831
F5_S21_subsampled_depth_16G_contig_2432	1.8658537	1.717509	0	3.0243008	0	0	8.042276	7.9900723	1371	16.164202	0.70559317	25.742123	12.198374	12.131769	1380	17.91342	1.0536113	38.403786	0	0	0	0	0	0	1.3756098	1.3104693	0	1.3168985	0	0	0	0	0	0	0	0	57086.805	57557.082	1380	216080460	3655.5928	32318.514	81516.71	82201.3	1380	446015070	5096.283	39033.117	80270.695	81007.695	1380	427403940	5025.5723	40437.92	0	0	0	0	0	0	0	0	0	0	0	0	0	0	0	0	0	0
F5_S21_subsampled_depth_16G_contig_2697	17.887325	17.315186	50152	53.309093	1.5455091	56.07293	16.459421	16.137484	50152	41.46637	1.4175726	51.717236	18.315048	17.78392	50152	55.96994	1.5881767	57.88858	14.740931	14.308342	50152	38.987072	1.287292	49.187344	14.615516	14.259366	50152	33.652847	1.2671638	48.0956	14.613396	14.205568	50152	41.614197	1.2742305	48.291946	2.8965242	2.7279453	43855	5.2872267	0.20792888	1.8382658	2.6965122	2.5354207	43066	4.6798983	0.18741785	1.4354585	2.99848	2.8124971	42634	6.1127954	0.21114768	1.698985	0	0	0	0	0	0	0	0	0	0	0	0	0	0	0	0	0	0
F5_S21_subsampled_depth_16G_contig_2967	3107.965	3203.1826	11285	562030.7	259.0583	9398.951	3115.4321	3215.5261	11227	564928.7	259.50165	9467.385	3076.43	3173.7766	11297	545578.75	258.50522	9422.438	2764.1228	2853.449	11232	436585.16	232.68349	8890.817	2949.1997	3043.3428	11274	506392.88	246.4422	9353.785	2857.5352	2949.4114	11343	470895.7	240.27193	9106.049	1436.636	1478.5416	11280	144385.73	99.59379	880.4931	1268.0385	1302.8142	11232	110684.8	85.839485	657.456	1445.4113	1487.8308	11237	144336.95	97.94912	788.1407	3.2076347	3.1190052	10257	4.3682656	5.5876226	165.36246	3.6363719	3.5779827	10451	4.740566	6.074738	179.3822	4.7070103	4.6786566	10440	6.6715307	7.659103	225.10773
F5_S21_subsampled_depth_16G_contig_3125	27.472864	25.86139	6682	324.97318	2.4488466	88.84713	50.983643	48.33956	6690	679.48645	4.526445	165.13805	68.81073	66.29166	6691	1360.5746	6.1760187	225.11395	7.3149366	6.831323	6469	32.070526	0.64949507	24.817158	10.886256	10.361984	6674	45.253117	0.9871201	37.46643	10.684605	10.198064	6666	34.908306	0.95738053	36.283695	87342.97	85497.45	6691	484148060	6016.0923	53187.324	85605.6	83796.83	6691	473635520	5757.203	44095.188	63678.97	62345.902	6691	262589250	4286.5566	34491.496	0	0	0	0	0	0	0	0	0	0	0	0	0	0	0	0	0	0
F5_S21_subsampled_depth_16G_contig_4439	20.076027	19.96059	42806	43.906036	1.6913209	61.363155	20.991608	20.90584	42806	47.722282	1.7674906	64.483246	21.020489	20.760366	42806	48.582535	1.7838538	65.02093	20.391691	20.260418	42757	47.01934	1.7330483	66.21962	20.645912	20.481792	42790	47.189167	1.740205	66.050026	20.057764	19.910946	42754	44.569687	1.7018737	64.49918	8.811	8.181027	42611	40.39091	0.6211247	5.4912624	7.7342463	7.1751666	42506	30.834732	0.5327223	4.0801916	8.43968	7.958611	42411	31.84538	0.58248544	4.6869297	0	0	0	0	0	0	0	0	0	0	0	0	0	0	0	0	0	0
F5_S21_subsampled_depth_16G_contig_4742	32.084976	23.815916	27569	2309.4717	2.9918706	108.54865	33.78566	25.463188	27550	2558.073	3.1337879	114.329765	34.681427	25.83569	27569	2758.6992	3.2717183	119.253075	36.07203	26.989344	27569	3045.501	3.4039354	130.06412	34.47806	25.954699	27569	2623.1929	3.2211459	122.259575	34.59448	26.28745	27569	2569.589	3.2409549	122.82871	0	0	0	0	0	0	0	0	0	0	0	0	0	0	0	0	0	0	0	0	0	0	0	0	0	0	0	0	0	0	0	0	0	0	0	0
F5_S21_subsampled_depth_16G_contig_5464	14.054875	13.767487	20578	28.802345	1.1823852	42.898365	13.324456	13.222561	20577	25.080505	1.1159774	40.71413	13.609164	13.38687	20539	37.926052	1.1497288	41.907265	13.066428	12.886653	20536	26.110687	1.1112074	42.459156	12.499608	12.411509	20575	17.048563	1.0559198	40.07776	12.056589	11.854944	20578	26.532078	1.020701	38.68347	5.946348	5.681225	20080	13.828618	0.41679123	3.6847858	4.976503	4.8379745	20033	8.523656	0.34406576	2.6352441	6.162424	6.015664	19916	12.610029	0.4171507	3.356575	2.4843352	2.3490698	17849	3.8340423	4.381658	129.6725	2.8120227	2.7269118	18712	3.3656518	4.7178893	139.31557	3.6073527	3.5523767	19535	3.9000127	5.944314	174.70854
F5_S21_subsampled_depth_16G_contig_5482	6.234741	5.909693	7577	19.141523	0.55518746	20.142868	6.264398	5.9763203	7375	18.032442	0.5630889	20.543129	8.0308485	7.8573318	7675	12.860145	0.69707066	25.408007	5.6864824	5.3699074	7666	14.101377	0.51604605	19.718075	3.7959752	3.5550816	7497	8.051192	0.34725288	13.180092	5.558586	5.2331223	7302	19.285795	0.5118828	19.399807	0	0	0	0	0	0	0	0	0	0	0	0	0	0	0	0	0	0	0	0	0	0	0	0	0	0	0	0	0	0	0	0	0	0	0	0
F5_S21_subsampled_depth_16G_contig_5843	10.143553	9.703891	15970	28.21765	0.8968594	32.53914	9.801391	9.376036	15942	28.757444	0.8512288	31.05534	9.7719345	9.129372	15953	42.38936	0.86732036	31.613567	10.693236	9.975558	15970	45.20123	0.94041795	35.93328	9.853603	9.429204	15694	37.419495	0.8652565	32.841072	9.874273	9.361357	15966	32.73348	0.87334764	33.09893	0	0	0	0	0	0	0	0	0	0	0	0	0	0	0	0	0	0	15.463654	14.142576	15708	152.98578	28.894869	855.12665	16.433945	14.368872	15690	254.29332	29.88937	882.61005	20.580025	18.622911	15970	293.32205	36.3941	1069.6548
F5_S21_subsampled_depth_16G_contig_5869	119.76229	11.941587	44529	6754865	27.567211	1000.1721	153.30879	11.6690445	44531	11546043	34.184116	1247.1375	116.37281	11.830068	44545	6289905	25.952284	945.9528	109.16362	13.998598	44545	5257339	24.627653	941.0207	150.96927	14.61406	44545	10698088	32.815857	1245.5358	75.731026	15.020898	44545	2143807	16.026335	607.3809	66.70255	4.5544963	41347	2250010.5	11.890569	105.122604	84.28334	3.9125059	39025	3794195.5	15.201108	116.42727	96.21606	4.658658	40353	4927701	17.433426	140.27695	0	0	0	0	0	0	0	0	0	0	0	0	0	0	0	0	0	0
F5_S21_subsampled_depth_16G_contig_6962	415.35672	411.90967	60273	3398.1636	34.879124	1265.4565	409.74738	406.16083	60273	3598.5964	34.391983	1254.7205	405.9133	401.7233	60273	3864.7732	34.36639	1252.6443	423.91492	412.87936	60273	11196.996	35.97778	1374.7083	429.0999	418.39093	60273	10660.811	36.137787	1371.6204	430.65167	420.12686	60273	11014.43	36.48548	1382.7605	141.168	142.36345	60273	1852.7852	9.852752	87.106575	122.28082	123.01198	60224	1380.059	8.335525	63.842896	146.55383	148.13812	60248	1817.4501	9.999161	80.4576	5.672322	5.57602	59249	8.453203	10.209387	302.1406	6.0010643	5.887971	59800	8.162569	10.134301	299.25803	6.18369	6.072536	59943	8.66447	10.155471	298.4782
F5_S21_subsampled_depth_16G_contig_7787	2.103962	2.0035572	18950	2.518718	0.17605004	6.387313	2.1983192	2.1229682	19092	2.5264804	0.18433146	6.724956	2.3144648	2.2289412	20182	2.466565	0.19549106	7.1255894	2.0436213	1.9267329	18880	2.594193	0.17276356	6.6012774	2.1384678	2.0168965	19305	2.6128962	0.17863095	6.7799892	2.3106408	2.2187638	19926	2.6719968	0.19502522	7.3912463	0	0	0	0	0	0	0	0	0	0	0	0	0	0	0	0	0	0	2.7304904	2.6153846	20579	3.7869754	4.801138	142.0869	3.2599049	3.1830444	20695	4.371125	5.4833245	161.91835	3.6151006	3.4835236	21719	4.8234754	5.8795886	172.80623
F5_S21_subsampled_depth_16G_contig_7852	9.481265	9.463636	970	10.611021	0.7813413	28.348003	17.066744	16.735065	978	25.968576	1.4232706	51.9251	21.14637	20.9	993	82.26577	1.7530732	63.898994	2.0444965	2.077922	862	1.0671853	0.15276909	5.837296	4.491803	4.2844157	784	13.220919	0.35354736	13.41899	2.9238875	2.816883	880	5.238045	0.2669055	10.115429	32081.94	32502.088	1004	142022850	1975.5192	17465.25	32842.926	33250.6	1004	147813800	1972.6405	15108.717	22931.824	23220.191	1004	70047770	1379.6669	11101.397	0	0	0	0	0	0	0	0	0	0	0	0	0	0	0	0	0	0
F5_S21_subsampled_depth_16G_contig_8302	8.129651	7.9850864	11245	10.013375	0.68161875	24.729954	8.823137	8.789911	11224	11.514851	0.74419504	27.150415	9.934048	9.867981	11249	12.506195	0.85262597	31.077948	7.40337	7.3804426	11170	8.85467	0.6328915	24.18274	7.4805837	7.4329896	11244	8.409493	0.6333527	24.039099	8.377962	8.250325	11233	12.335866	0.7157929	27.127794	0	0	0	0	0	0	0	0	0	0	0	0	0	0	0	0	0	0	5.1172175	5.0175157	11143	6.592584	9.904017	293.10345	5.471214	5.3882494	10903	7.25352	9.237355	272.77185	6.4938283	6.3784404	11207	10.038413	10.765083	316.39523
F5_S21_subsampled_depth_16G_contig_8938	6.331884	6.2135715	9954	8.46913	0.54321235	19.708412	8.086359	7.976744	10039	10.060301	0.6978499	25.459621	8.163414	8.046512	10039	12.473294	0.6898649	25.145353	8.550308	8.3808565	10039	14.977264	0.7371843	28.167744	8.688644	8.426806	10039	16.105816	0.74126065	28.134775	10.0339775	9.964835	10039	11.5524435	0.8668937	32.854355	3.994337	3.8722615	9464	6.6898956	0.28234932	2.4962058	3.1327739	3.0569599	9172	4.0653996	0.21269988	1.6290964	2.4390738	2.2466016	8307	4.561038	0.17121942	1.3777063	0	0	0	0	0	0	0	0	0	0	0	0	0	0	0	0	0	0
F5_S21_subsampled_depth_16G_contig_9185	10.537476	10.138609	12478	30.378256	0.9257817	33.5885	9.5073	9.196107	12414	27.439716	0.8381143	30.576878	12.004786	11.804254	12478	22.155167	1.0487139	38.22529	11.297372	10.891313	12478	29.595188	1.0161425	38.82673	12.000974	11.659246	12478	35.913685	1.0667622	40.489277	12.801995	12.498919	12478	35.44785	1.130028	42.826828	3.2306132	2.9443944	11265	8.060466	0.23638071	2.0898051	0	0	0	0	0	0	2.0107884	1.781633	9404	4.5277495	0.14349186	1.1545976	0	0	0	0	0	0	0	0	0	0	0	0	0	0	0	0	0	0
F5_S21_subsampled_depth_16G_contig_10053	3.1248052	2.9750383	9822	5.163531	0.26552904	9.633717	3.0057771	2.8905756	10263	4.067923	0.25508732	9.306336	3.8668501	3.8151808	10660	3.7867453	0.32765305	11.942851	3.0131133	2.873459	9958	4.2711964	0.25898653	9.895855	2.9173772	2.7431483	10465	4.2660084	0.24998908	9.488413	3.254654	3.0409577	9889	6.2780476	0.28510848	10.805304	0	0	0	0	0	0	0	0	0	0	0	0	0	0	0	0	0	0	335.8517	329.61438	11038	10604.303	601.71954	17807.53	322.32297	314.98114	11043	10420.085	556.2374	16425.26	333.42227	327.7521	11041	9767.971	557.7446	16392.61
F5_S21_subsampled_depth_16G_contig_10617	3.190289	3.0746024	13109	4.7624683	0.27498206	9.976685	3.9531293	3.8119738	13785	5.816061	0.3380498	12.333044	4.0855317	3.9696758	13379	6.732772	0.34980735	12.750362	3.2777855	3.1908326	13311	4.1885657	0.2822229	10.783717	3.3319535	3.2114904	13367	4.5800667	0.2887183	10.958384	3.8186219	3.6618335	13493	6.762623	0.33403385	12.659526	0	0	0	0	0	0	0	0	0	0	0	0	0	0	0	0	0	0	0	0	0	0	0	0	0	0	0	0	0	0	0	0	0	0	0	0
F5_S21_subsampled_depth_16G_contig_10979	1.7342592	1.6175926	8403	2.1903255	0.39980185	14.505293	2.2201853	2.1730452	9273	2.3050652	0.41343918	15.083478	1.884537	1.835288	9150	1.7469229	0.40534028	14.774523	1.6264815	1.5207819	8585	1.8660271	0.3350084	12.800644	1.8888888	1.7776749	8860	2.36454	0.37394843	14.193324	1.8260186	1.71214	8683	2.256513	0.36242506	13.735523	1.9532408	1.8574075	9034	2.269783	0.14327982	1.266714	1.9022223	1.809465	8641	2.2837992	0.1362229	1.0433487	2.352037	2.246605	9426	3.0874665	0.16538395	1.3307498	0	0	0	0	0	0	1.7339815	1.5574074	0	2.8319962	0	0	1.7386111	1.6755145	9118	1.6341418	2.8654985	84.21951
F5_S21_subsampled_depth_16G_contig_11211	189.11285	186.9562	14638	2128.1646	16.119688	584.84186	203.54266	200.9875	14638	2696.9658	17.324553	632.0507	208.62114	206.48206	14638	2796.4116	17.864477	651.15466	211.30536	209.08435	14638	2710.1838	18.191933	695.1123	216.7246	214.25829	14638	2939.5137	18.47625	701.27167	208.62114	206.48076	14638	2599.835	17.937054	679.795	105.70286	106.16142	14638	2202.649	7.4533606	65.89399	90.00677	90.745094	14638	1453.6956	6.1971736	47.464966	104.60112	105.22401	14638	1916.0284	7.1811175	57.78235	0	0	0	0	0	0	0	0	0	0	0	0	0	0	0	0	0	0
F5_S21_subsampled_depth_16G_contig_11327	6.9034414	6.530531	17850	17.388836	0.5951969	21.594465	6.491158	6.1426435	17885	16.529524	0.56178063	20.49542	6.4803233	6.251918	17932	12.006534	0.56660277	20.652506	5.487734	5.3338737	17795	8.415485	0.47745404	18.243475	5.9580646	5.778457	17900	10.596322	0.5187185	19.688124	5.4564643	5.321524	17669	9.488855	0.483061	18.30749	0	0	0	0	0	0	0	0	0	0	0	0	0	0	0	0	0	0	0	0	0	0	0	0	0	0	0	0	0	0	0	0	0	0	0	0
F5_S21_subsampled_depth_16G_contig_11339	3.4129891	3.3223867	2403	3.9559834	0.2776452	10.073303	3.6598668	3.6137836	2498	3.2865937	0.31713346	11.569966	4.2164865	4.176688	2552	2.399595	0.3548398	12.933797	3.548293	3.506938	2549	1.6405241	0.29550123	11.2910795	3.0562031	2.9824238	2257	4.1805134	0.28315058	10.747065	2.7231474	2.5966697	2456	3.5055778	0.25001222	9.475192	3.3875937	3.3612397	2463	3.0346315	0.25820687	2.2827659	0	0	0	0	0	0	0	0	0	0	0	0	0	0	0	0	0	0	1.131557	1.0388529	0	1.0205864	0	0	0	0	0	0	0	0
F5_S21_subsampled_depth_16G_contig_11802	14.930645	14.823052	20682	19.512798	1.2565817	45.590313	14.581044	14.449243	20677	20.301508	1.224704	44.680813	15.634278	15.53934	20682	19.890837	1.3258688	48.327515	13.642022	13.527489	20682	15.855584	1.1612405	44.37092	14.521917	14.377814	20682	20.268534	1.2295938	46.66959	14.2667055	14.185173	20682	15.98926	1.2123889	45.94823	7.67217	7.6059523	20632	11.078972	0.5345525	4.7258925	6.363384	6.2093616	20132	13.831563	0.4337239	3.3219495	7.1286283	7.0064936	20371	12.610556	0.4857951	3.9089196	0	0	0	0	0	0	0	0	0	0	0	0	0	0	0	0	0	0
F5_S21_subsampled_depth_16G_contig_11886	18.518248	18.473368	42098	35.524483	1.5553259	56.429073	18.047749	18.104675	42044	27.459997	1.5145159	55.254	19.31562	19.25639	42087	38.29551	1.6387016	59.73015	18.273928	18.319136	42064	32.0375	1.5529654	59.338676	17.248825	17.315323	41615	27.884262	1.4553528	55.238354	17.283058	17.330023	41907	28.370579	1.4649302	55.519268	15.194331	14.535426	42096	76.533134	1.0641043	9.407573	11.739493	11.294504	41995	43.537117	0.8030385	6.1505795	14.465494	14.121732	41708	52.1648	0.9891379	7.959031	8.897423	8.661184	41983	16.65633	15.719897	465.22104	10.641731	10.339558	42017	20.338526	18.112535	534.84906	8.701923	8.424845	41965	16.640383	14.329933	421.16946
F5_S21_subsampled_depth_16G_contig_13112	15.3238535	13.900473	24642	216.2647	1.2847704	46.613007	15.516269	14.467688	24639	188.76617	1.3007232	47.454193	16.581264	15.433767	24770	207.99924	1.397446	50.936462	13.453201	12.674507	24862	118.94737	1.1391435	43.52657	13.29714	12.400116	24178	136.07388	1.1181892	42.44122	12.909456	12.050745	24493	136.50995	1.0934476	41.440483	0	0	0	0	0	0	0	0	0	0	0	0	0	0	0	0	0	0	4.816542	4.6750426	23590	9.731295	8.591386	254.25714	4.899735	4.7069087	24778	7.8648515	8.510274	251.30191	4.5872498	4.4410872	24634	6.5305104	7.7032747	226.40598
F5_S21_subsampled_depth_16G_contig_13407	61.014957	59.859024	12019	263.45352	5.1591554	187.18036	62.655853	62.107273	12019	215.70415	5.2874937	192.90341	58.62333	57.81748	12019	196.90738	5.003677	182.38248	57.035297	56.38484	12019	148.68608	4.8680496	186.00784	59.320194	58.626926	12019	212.47604	5.030267	190.92532	59.57862	58.318832	12019	260.8894	5.094083	193.06023	0	0	0	0	0	0	0	0	0	0	0	0	2.5839987	2.3995893	9271	5.311884	0.17747186	1.4280157	0	0	0	0	0	0	0	0	0	0	0	0	0	0	0	0	0	0
F5_S21_subsampled_depth_16G_contig_2873|provirus_13187_34423	51.06919	50.24506	21237	404.0995	4.3057394	156.2175	52.121258	51.19258	21237	481.9503	4.404587	160.69232	54.53545	53.620266	21219	480.6736	4.654995	169.67313	55.288757	54.252754	21237	505.37476	4.7173715	180.25044	54.800636	53.9393	21234	480.6117	4.636427	175.97691	56.248543	55.281258	21228	478.03964	4.796125	181.76796	27.701902	27.16513	21222	152.77156	1.9498457	17.238281	20.597525	20.005901	21210	98.06863	1.4182268	10.862388	29.81197	29.306707	21236	153.01784	2.0393384	16.409399	2.7869303	2.6367037	18123	4.7906513	5.4903193	162.4828	2.2665622	2.1266663	18304	3.2130635	3.8214798	112.84528	3.0877318	2.8650086	18853	6.2370143	5.0442038	148.25356
F5_S21_subsampled_depth_16G_contig_3031|provirus_96489_127539	22.760557	22.45259	30980	92.659515	1.9229022	69.76518	23.798777	23.47111	31019	124.55923	2.0163229	73.56139	25.351477	25.206429	31026	133.4857	2.1556234	78.57177	27.866251	27.46381	31025	139.10123	2.3850133	91.13121	26.95971	26.51627	30947	137.67683	2.2928455	87.02562	29.240541	28.868181	31047	150.36906	2.4953306	94.570335	0	0	0	0	0	0	0	0	0	0	0	0	0	0	0	0	0	0	2.2922559	2.1577435	25665	3.6270435	4.3039823	127.373886	2.006181	1.8600553	24607	3.2341688	3.4197426	100.98229	2.4983656	2.3004925	25291	4.8445034	4.144652	121.81499
F5_S21_subsampled_depth_16G_contig_3347|provirus_29716_46599	17.545416	12.660205	16884	824.3764	1.8577362	67.400925	17.44042	12.403532	16884	942.78314	1.8934091	69.07712	19.922134	14.106294	16884	1183.7386	2.1385489	77.94947	22.788515	16.266033	16884	1405.4575	2.4217362	92.53436	22.525398	15.986257	16884	1491.23	2.4184587	91.79333	22.42841	15.795379	16884	1501.4807	2.3950734	90.77073	0	0	0	0	0	0	0	0	0	0	0	0	0	0	0	0	0	0	0	0	0	0	0	0	0	0	0	0	0	0	0	0	0	0	0	0
F5_S21_subsampled_depth_16G_contig_10943|provirus_30077_103324	18682.467	19346.842	73248	59864356	1568.8561	56920.008	18375.2	19041.066	73238	57471150	1542.404	56271.434	17833.16	18460.566	73248	54944510	1509.7867	55031.27	17662.81	18281.158	73248	53787444	1499.104	57280.633	16814.643	17408.277	73248	48560244	1416.2778	53755.242	17151.781	17756.86	73248	50632810	1453.2699	55077.37	21359.309	21467.398	73086	113940680	1492.4553	13194.562	16396.28	16469.064	72861	66906890	1118.8196	8569.19	19419.652	19512.857	73127	92469380	1326.3363	10672.276	27.911749	28.259842	70921	168.02325	49.579243	1467.2681	29.487003	30.00041	70217	174.7466	49.62405	1465.3594	23.961777	24.162228	71469	126.56766	39.152306	1150.7206
F6_S22_subsampled_depth_16G_contig_656	8.340886	7.8196964	12154	31.087656	0.7734859	28.063011	9.40953	8.873751	12154	33.62099	0.8510926	31.050364	10.241586	9.811366	12154	30.95221	0.92765754	33.812836	11.198934	10.54489	12154	47.470043	1.0221978	39.0581	10.136538	9.571918	12154	40.252373	0.9168387	34.798878	11.164029	10.2978525	12154	75.57545	1.0457119	39.63135	0	0	0	0	0	0	0	0	0	0	0	0	0	0	0	0	0	0	0	0	0	0	0	0	0	0	0	0	0	0	0	0	0	0	0	0
F6_S22_subsampled_depth_16G_contig_805	85.640564	86.42789	29741	466.11908	7.1986866	261.1771	78.73651	79.56126	29741	458.2978	6.610067	241.15459	84.892166	85.35903	29741	522.4489	7.191709	262.13556	72.99915	73.64769	29741	339.43088	6.194222	236.68066	68.057076	68.79612	29741	355.4317	5.7271385	217.37521	69.30242	69.95678	29741	392.48395	5.875954	222.69232	18.925585	18.527016	29705	85.89787	1.3258479	11.72161	15.954479	15.5666275	29741	60.48956	1.0896549	8.345815	20.416477	19.824615	29741	108.22403	1.396017	11.232953	0	0	0	0	0	0	0	0	0	0	0	0	0	0	0	0	0	0
F6_S22_subsampled_depth_16G_contig_2531	12.797658	12.633017	12189	34.548855	1.1034383	40.034054	12.13664	11.779644	12164	33.549603	1.0364305	37.81203	12.032394	11.771154	12178	42.552696	1.0390484	37.872986	13.4392395	13.065424	12189	47.212265	1.1618756	44.39517	14.072099	13.770416	12189	41.216106	1.2127011	46.028408	13.655121	13.316601	12189	49.375977	1.1725243	44.4374	0	0	0	0	0	0	0	0	0	0	0	0	0	0	0	0	0	0	8.479359	4.6987176	10048	404.1298	15.80794	467.82663	9.082731	5.1428437	10427	437.4374	16.8218	496.7348	9.522386	5.4227185	10298	466.9872	17.094452	502.421
F6_S22_subsampled_depth_16G_contig_2640	8.988646	8.783379	36809	13.736909	0.7641366	27.723797	9.434717	9.252413	36875	15.642161	0.80452347	29.351393	8.689693	8.528122	36875	11.424511	0.74709594	27.231424	11.957113	11.726378	36875	21.083963	1.0287737	39.309364	12.83823	12.637672	36875	21.607668	1.0932472	41.49454	12.7803135	12.572203	36836	22.522533	1.1007876	41.71869	0	0	0	0	0	0	0	0	0	0	0	0	0	0	0	0	0	0	0	0	0	0	0	0	0	0	0	0	0	0	0	0	0	0	0	0
F6_S22_subsampled_depth_16G_contig_2981	9.036768	8.840351	41286	26.48336	0.76259637	27.66791	9.278817	9.065847	40813	29.43472	0.7806097	28.478937	9.202763	9.002958	41177	29.433472	0.78212845	28.508339	8.799131	8.562464	41376	27.085428	0.74807227	28.583776	9.330071	9.141262	41375	27.609035	0.7883106	29.920565	8.771022	8.6347065	40839	27.0118	0.7486696	28.37378	0	0	0	0	0	0	0	0	0	0	0	0	0	0	0	0	0	0	4.548064	4.323802	38651	11.522922	8.017064	237.26033	4.6914425	4.4040666	40431	11.598431	8.168893	241.22105	5.01547	4.7162232	39267	14.072458	8.5121	250.17824
F6_S22_subsampled_depth_16G_contig_3262	8.122273	8.019115	13135	12.906315	0.684033	24.817537	8.650077	8.5507765	13133	13.531435	0.7307042	26.658234	8.700077	8.686039	13113	11.569385	0.7427869	27.074347	7.3910136	7.1975594	13170	10.214946	0.6269526	23.955818	7.9691243	7.888462	13169	11.967552	0.6757322	25.64761	7.5824885	7.476788	13042	9.846873	0.64820486	24.566282	0	0	0	0	0	0	1.8414747	1.7172725	9945	2.538352	0.124121085	0.9506595	3.6415515	3.529954	11711	6.739544	0.24704471	1.9878289	0	0	0	0	0	0	0	0	0	0	0	0	0	0	0	0	0	0
F6_S22_subsampled_depth_16G_contig_3548	18795.486	18397.98	21863	148651410	1573.6589	57094.25	18734.094	18329.357	21871	148049040	1567.8334	57199.16	18644.322	18231.816	21869	146786130	1573.8395	57365.97	16505.469	16137.711	21930	114983820	1396.5636	53362.582	17331.76	16932.672	21931	127610424	1455.2529	55234.54	16931.857	16554.441	21871	121035784	1430.1703	54201.938	9688.7	9380.028	21926	39521020	674.0782	5959.4194	8403.317	8131.5317	21931	29654564	570.9179	4372.736	9688.154	9375.238	21928	40004016	658.9002	5301.795	21.533033	20.92037	20893	217.34752	37.65535	1114.388	24.44199	23.704077	21125	290.54404	41.063427	1212.5714	28.30444	27.502321	21136	368.9046	46.163204	1356.7772
F6_S22_subsampled_depth_16G_contig_3631	3.7757328	3.621218	16783	5.5887876	0.32207105	11.685135	3.4467459	3.3503847	16304	4.9760466	0.29440555	10.740783	4.249077	4.1090384	16564	7.0508194	0.3655117	13.322794	3.6462612	3.5464745	16987	4.042711	0.3143875	12.012725	3.4684398	3.3828206	16068	4.703118	0.29731444	11.284652	3.4447842	3.3132691	16368	5.2005167	0.30073088	11.397372	0	0	0	0	0	0	0	0	0	0	0	0	0	0	0	0	0	0	0	0	0	0	0	0	0	0	0	0	0	0	0	0	0	0	0	0
F6_S22_subsampled_depth_16G_contig_3684	2.909008	2.8110209	8864	3.9603715	0.24147318	8.76094	3.4511056	3.3509128	9598	4.186155	0.28682783	10.464324	3.6919253	3.581474	9499	5.7323112	0.30840594	11.241301	3.9568877	3.8375027	9131	6.2798696	0.33205804	12.687918	3.9382226	3.7662835	9184	7.3715506	0.32681027	12.404183	4.90282	4.7944555	9856	4.875407	0.41056365	15.559919	0	0	0	0	0	0	0	0	0	0	0	0	0	0	0	0	0	0	0	0	0	0	0	0	0	0	0	0	0	0	0	0	0	0	0	0
F6_S22_subsampled_depth_16G_contig_3695	22.159222	21.823427	29746	108.491394	1.8594424	67.4628	21.021152	20.783047	29739	93.28794	1.7605141	64.22873	21.243734	20.88997	29740	104.49971	1.8004178	65.62463	17.465137	17.182148	29818	61.25124	1.480444	56.567657	18.485584	18.11598	29813	71.70593	1.558839	59.166214	18.710827	18.335367	29760	86.022606	1.5814997	59.93717	0	0	0	0	0	0	0	0	0	0	0	0	2.1355093	1.9568489	24388	3.613361	0.14607438	1.1753775	6.969651	6.7487273	29071	19.009993	12.575834	372.1745	6.9781055	6.7988772	29457	17.32569	11.794763	348.29025	7.071948	6.906849	29566	16.864836	11.666027	342.875
F6_S22_subsampled_depth_16G_contig_4698	6.7671432	6.636001	14353	11.544669	0.57508296	20.864708	5.791727	5.7092767	14199	9.851785	0.5004346	18.25733	6.252952	6.131052	14341	9.205555	0.53524053	19.509348	5.958014	5.903399	14396	8.234563	0.5119311	19.56084	6.2187696	6.1847615	14352	7.4963355	0.53460675	20.291155	6.532629	6.462288	14425	8.37658	0.55295163	20.956278	0	0	0	0	0	0	0	0	0	0	0	0	0	0	0	0	0	0	0	0	0	0	0	0	0	0	0	0	0	0	0	0	0	0	0	0
F6_S22_subsampled_depth_16G_contig_4850	5.7699494	5.620395	11864	10.311283	0.4877946	17.69777	5.415695	5.2742305	12059	9.252835	0.45757112	16.693548	5.415943	5.2586126	12076	8.864358	0.46358225	16.89743	5.511949	5.3769407	12130	9.075548	0.46562356	17.791437	6.3015795	6.1489205	12025	13.568405	0.5363709	20.358122	5.752915	5.5800643	11339	13.789256	0.48882893	18.526104	0	0	0	0	0	0	0	0	0	0	0	0	0	0	0	0	0	0	4.139502	3.993753	11756	6.9424143	7.8892856	233.47884	4.1956506	4.045292	11822	6.1587076	7.145094	210.98909	5.5798397	5.4531007	11789	10.920128	9.250357	271.8761
F6_S22_subsampled_depth_16G_contig_4923	13.440536	4.9313707	22065	9962.328	2.0584707	74.68384	13.791563	5.2809176	22353	9802.679	2.101864	76.68215	15.5995655	5.7490644	22387	13058.838	2.3994906	87.46068	17.843096	7.191463	22718	15314.25	2.6870897	102.67344	17.191067	6.2275996	22365	16164.457	2.675169	101.53679	17.383862	6.0188065	22541	17020.914	2.692212	102.03194	0	0	0	0	0	0	0	0	0	0	0	0	0	0	0	0	0	0	0	0	0	0	0	0	0	0	0	0	0	0	0	0	0	0	0	0
F6_S22_subsampled_depth_16G_contig_5473	6.3947597	6.1617503	11542	11.725279	0.5396573	19.57941	6.1551275	5.8031616	11445	16.754934	0.51769805	18.887156	6.587975	6.0975513	11493	19.775993	0.5549122	20.226374	6.90413	6.5841527	11676	14.163563	0.58128405	22.210808	6.5016484	6.056969	11651	15.860602	0.5450457	20.687376	6.311036	6.0471373	11582	10.445458	0.5344249	20.254131	0	0	0	0	0	0	0	0	0	0	0	0	1.9846435	1.8207057	9176	3.1981156	0.13932763	1.1210902	0	0	0	0	0	0	0	0	0	0	0	0	0	0	0	0	0	0
F6_S22_subsampled_depth_16G_contig_6812	7.569184	7.4178996	12206	12.005366	0.6687599	24.263409	7.129104	6.9682994	12200	12.3923435	0.63636535	23.21647	7.3167644	7.153175	12228	14.269877	0.66579205	24.267921	9.198908	9.151337	12241	10.299969	0.81445223	31.120152	8	7.8912063	12210	11.856239	0.7208014	27.358244	9.336945	9.238445	12241	14.304321	0.8266625	31.32961	0	0	0	0	0	0	0	0	0	0	0	0	0	0	0	0	0	0	0	0	0	0	0	0	0	0	0	0	0	0	0	0	0	0	0	0
F6_S22_subsampled_depth_16G_contig_8098	4.1398525	4.0539584	13526	4.9904137	0.35101125	12.735111	3.894984	3.8414967	13204	4.71575	0.33363804	12.172098	3.9809916	3.8949735	13553	5.212143	0.3410615	12.431587	5.301388	5.1911035	13851	6.981223	0.45146218	17.250336	4.51048	4.3428617	13740	7.0804095	0.39338654	14.931099	3.9302545	3.8068893	13270	5.8995075	0.33667025	12.759437	0	0	0	0	0	0	0	0	0	0	0	0	0	0	0	0	0	0	0	0	0	0	0	0	0	0	0	0	0	0	0	0	0	0	0	0
F6_S22_subsampled_depth_16G_contig_8768	12.791108	12.037185	108265	71.79966	1.0776817	39.099583	12.660679	11.767098	108055	80.89667	1.0651845	38.861073	12.854382	11.970269	108289	79.2189	1.0883318	39.669353	13.744807	12.852227	108287	86.61517	1.1692187	44.67574	13.266585	12.304745	108236	88.8229	1.1193057	42.48358	13.508325	12.684332	108185	82.71862	1.1469233	43.467167	13.497339	12.174691	106865	129.30524	0.94375926	8.343626	11.321802	10.259501	107055	93.37539	0.77357376	5.924902	12.031147	10.942858	107127	99.44663	0.8209423	6.605654	0	0	0	0	0	0	0	0	0	0	0	0	0	0	0	0	0	0
F6_S22_subsampled_depth_16G_contig_9492	6.5790534	6.3476954	14432	11.815493	0.5691491	20.649414	6.603725	6.4110107	14532	10.424417	0.5784021	21.101816	6.5741887	6.3697786	14476	12.0015335	0.58161235	21.199585	8.289041	8.12887	14539	11.318799	0.7208871	27.545038	8.990896	8.811057	14539	15.584224	0.7734146	29.355171	8.183195	7.9993052	14537	11.456709	0.7135558	27.042994	0	0	0	0	0	0	0	0	0	0	0	0	0	0	0	0	0	0	0	0	0	0	0	0	0	0	0	0	0	0	0	0	0	0	0	0
F6_S22_subsampled_depth_16G_contig_9864	9.059958	7.747829	10232	90.97127	0.89680266	32.53709	8.029286	6.698582	9928	89.54377	0.82110107	29.95617	9.425843	8.170606	10257	83.376526	0.9238961	33.675743	10.851984	9.408266	10257	113.80135	1.0642054	40.66318	11.615514	9.78993	10053	181.04689	1.1828097	44.8939	10.134362	8.624492	10257	118.8822	1.0251296	38.851326	0	0	0	0	0	0	0	0	0	0	0	0	0	0	0	0	0	0	0	0	0	0	0	0	0	0	0	0	0	0	0	0	0	0	0	0
F6_S22_subsampled_depth_16G_contig_10104	0	0	0	0	0	0	0	0	0	0	0	0	0	0	0	0	0	0	2.848	2.8555133	908	1.9688606	0.21198884	8.10008	0.87314284	0.8365019	794	0.38320237	0.11131197	4.2248816	0	0	0	0	0	0	0	0	0	0	0	0	4.4731426	4.380228	936	10.261006	0.32892844	2.5193057	1.9862857	2.0291507	931	0.76869047	0.12976383	1.044136	0	0	0	0	0	0	0	0	0	0	0	0	0	0	0	0	0	0
F6_S22_subsampled_depth_16G_contig_10766	19.179392	19.155426	38997	50.68987	1.6198192	58.769024	18.702282	18.656984	39009	51.46235	1.576133	57.501995	18.8668	18.825676	39009	42.6892	1.6040479	58.467037	17.654469	17.591595	39009	45.340084	1.5069072	57.57882	17.108469	17.026304	39009	38.91358	1.4516917	55.0994	18.090635	18.021187	39009	41.01593	1.5469506	58.627785	8.49062	8.235111	38499	26.817265	0.59658605	5.274322	8.689004	8.427792	38998	21.286705	0.59950435	4.5916843	9.470033	9.26436	38757	27.254614	0.650723	5.2359977	0	0	0	0	0	0	0	0	0	0	0	0	0	0	0	0	0	0
F6_S22_subsampled_depth_16G_contig_11459	11.222759	11.211521	13962	14.478932	0.9441901	34.256367	12.004399	11.932457	13853	18.58637	1.0086243	36.79759	10.842504	10.711882	13985	15.180586	0.91628176	33.398193	13.595947	13.604919	13923	21.890326	1.1489561	43.901516	12.943318	12.805063	13993	25.346558	1.0898212	41.364475	13.682844	13.684801	13972	19.207937	1.1570773	43.85197	0	0	0	0	0	0	0	0	0	0	0	0	1.6251532	1.5074914	10655	2.1525707	0.11021891	0.8868688	4.821663	4.7496195	13151	7.8876367	8.741287	258.6932	4.211293	4.083567	12976	7.1972384	7.088546	209.31921	5.1406937	5.0827656	13791	6.6235757	8.394417	246.71922
F6_S22_subsampled_depth_16G_contig_11468	60.89051	60.051693	38966	251.10355	5.2509017	190.50899	63.44626	62.455204	38963	283.14148	5.46576	199.407	69.10614	68.00023	38966	357.87042	6.033765	219.92876	75.0261	73.910324	38961	368.43964	6.539434	249.87114	76.031456	74.727104	38966	373.09473	6.5793505	249.72131	75.06817	73.96917	38965	362.7315	6.5453625	248.06216	0	0	0	0	0	0	0	0	0	0	0	0	0	0	0	0	0	0	4.7395663	4.5556445	37711	9.388852	10.041951	297.18555	3.4507678	3.3030112	36770	5.7590604	6.0146947	177.6093	4.9044724	4.7291903	37871	9.296401	8.2474785	242.40062
F6_S22_subsampled_depth_16G_contig_11647	10.741017	10.278084	39920	39.361794	0.9061405	32.87589	10.60514	10.063975	39816	42.415363	0.8894846	32.451004	9.976465	9.505741	39839	40.74709	0.8444042	30.778276	10.865932	10.452969	39921	39.763466	0.92402315	35.306858	10.676599	10.135438	39909	37.951233	0.89932185	34.13404	11.058536	10.723229	39921	32.798126	0.9391226	35.591747	0	0	0	0	0	0	0	0	0	0	0	0	0	0	0	0	0	0	3.481934	3.338036	37572	5.5903893	6.2745895	185.69272	3.7364662	3.6292498	37874	5.5104585	6.3774605	188.32146	4.3263183	4.1521163	38866	6.8038487	7.110686	208.98929
F6_S22_subsampled_depth_16G_contig_11914	12.127688	12.0304985	13957	20.491226	1.0262122	37.232235	10.55834	10.465197	13945	18.381048	0.89336216	32.592495	10.054828	9.919209	13957	20.387766	0.8663051	31.576536	10.942782	10.958076	13957	18.626015	0.93685305	35.79708	12.1988125	12.067112	13957	22.503784	1.0381914	39.40485	9.514087	9.472117	13939	17.327032	0.81919605	31.046663	2.5825305	2.412167	11860	4.6728745	0.18735091	1.6563408	0	0	10494	0	0.124442354	0.9531205	2.2205403	2.113543	11642	2.9198503	0.1524774	1.2268986	3.9921055	3.7854671	12152	8.952785	7.380618	218.42505	4.393786	4.288324	12918	7.9030857	7.535654	222.52206	6.453538	6.268126	12767	18.111832	10.871837	319.53275
F6_S22_subsampled_depth_16G_contig_12239	9.22607	8.851618	11379	30.95395	0.7794287	28.27861	9.092878	8.884076	11284	25.009758	0.7734574	28.217995	7.836619	7.527624	11252	25.676882	0.67280525	24.523539	9.667998	9.446725	11412	19.673182	0.82545555	31.5406	10.004528	9.660714	11393	31.127142	0.8531448	32.381355	9.573965	9.227703	11357	27.52188	0.82633203	31.317093	0	0	0	0	0	0	0	0	0	0	0	0	0	0	0	0	0	0	0	0	0	0	0	0	0	0	0	0	0	0	0	0	0	0	0	0
F6_S22_subsampled_depth_16G_contig_12298	5.403158	5.144823	12343	15.146888	0.46087238	16.721	5.162951	4.892673	12505	13.555622	0.43836093	15.992689	5.0517106	4.8297215	12690	11.536694	0.43138775	15.7239485	5.8293853	5.652649	12596	14.921419	0.4968697	18.985342	5.249187	5.0584793	12789	9.832382	0.4452735	16.900492	5.6329155	5.386309	12838	13.67417	0.48140404	18.244694	4.1272645	4.0537496	12289	6.2510476	0.28653774	2.533236	3.484208	3.3482113	11387	6.5554137	0.23610719	1.8083756	2.8220313	2.7229102	11823	3.9666991	0.19260174	1.5497564	0	0	0	0	0	0	0	0	0	0	0	0	0	0	0	0	0	0
F6_S22_subsampled_depth_16G_contig_12581	3.6172361	3.5295722	10165	4.8075986	0.30265647	10.98074	3.7566547	3.610319	10314	5.1106067	0.31308222	11.422159	3.2805362	3.1737626	9603	5.1228404	0.27422094	9.995265	3.6812346	3.6049707	10225	4.611586	0.3105006	11.864203	3.0587125	3.0143666	9787	3.1996114	0.25604543	9.718279	3.2880876	3.1970427	9970	4.7813416	0.27792126	10.532917	2.2083254	2.1138842	8709	2.653755	0.15186808	1.3426409	1.7628846	1.6736578	8092	2.066305	0.121718146	0.9322561	3.6161034	3.4831166	9870	5.5241847	0.24378566	1.9616052	3.2525015	3.1433516	10067	4.275423	5.5641413	164.66751	2.9414763	2.821204	9285	4.594894	4.894598	144.53366	3.0450256	2.981334	9910	3.4848979	4.9738746	146.18661
F6_S22_subsampled_depth_16G_contig_13005	7.839271	7.4937553	27890	28.22808	0.668849	24.26665	7.651584	7.3696017	28130	22.591072	0.6485313	23.660336	7.8726435	7.6547513	28219	21.787628	0.67600566	24.64019	9.593368	9.256176	28527	25.255459	0.8194936	31.312763	9.450471	9.106026	28505	25.072544	0.80524004	30.563114	10.237375	9.929682	28510	26.662355	0.87763673	33.261517	2.749304	2.6152852	24159	4.4947333	0.19285795	1.7050264	2.6605701	2.4663873	23108	5.559015	0.18193614	1.3934733	3.2673995	3.1534395	26351	5.0331607	0.22308405	1.7950301	379.7883	378.1105	28527	19806.227	676.0988	20008.746	392.46637	391.41217	28527	18538.96	675.1744	19937.379	379.3042	379.32355	28527	16876.41	633.61847	18622.605
F6_S22_subsampled_depth_16G_contig_13108	54.117126	51.776752	32606	503.12158	4.541454	164.76945	52.649666	50.268314	32606	458.0998	4.4125605	160.98314	54.274845	51.86969	32619	448.87766	4.5861154	167.16241	52.82374	49.170895	32619	966.86237	4.479603	171.16524	51.969727	48.519318	32607	888.3558	4.368754	165.81728	52.291508	48.613216	32616	944.46173	4.4307556	167.9209	22.63867	22.82791	32468	83.36738	1.5808265	13.975837	17.992208	18.033056	32068	58.30581	1.225292	9.384668	20.23561	20.285255	32462	69.1641	1.3788635	11.09493	23.497952	23.234713	32617	41.4627	41.349552	1223.7156	23.648558	23.494987	32619	36.899117	40.033115	1182.1467	21.678032	21.5045	32619	32.153812	35.58391	1045.8428
F6_S22_subsampled_depth_16G_contig_13234	10.729468	10.499042	13473	22.313776	0.9102654	33.025528	10.226656	10.163819	13470	13.904216	0.86568105	31.582588	12.461336	12.284309	13483	15.276422	1.0585178	38.582634	11.455636	11.346221	13483	20.322758	0.97263247	37.164196	12.294533	12.189234	13483	14.435822	1.0380203	39.39835	12.410786	12.244479	13443	14.085743	1.0562083	40.029167	2.1451287	2.0484126	11613	2.4104543	0.14816812	1.3099312	0	0	0	0	0	0	2.3129828	2.191484	11083	3.278647	0.15707895	1.2639253	0	0	0	0	0	0	0	0	0	0	0	0	0	0	0	0	0	0
F6_S22_subsampled_depth_16G_contig_13236	13.462768	12.310464	54315	71.935814	1.1295838	40.982655	13.199236	12.049006	54328	75.1333	1.1066177	40.37268	13.05171	11.804937	54308	83.49927	1.1048497	40.271427	12.091129	11.068957	54291	63.663086	1.0251313	39.170193	12.647351	11.693555	54337	58.90408	1.0659794	40.459557	12.0328865	10.9405155	54302	68.51119	1.01992	38.653862	10.049311	9.535647	54069	40.58075	0.70355755	6.220042	7.1649103	6.691587	53665	26.003626	0.48848903	3.7414029	8.767362	8.382989	54005	29.36156	0.5985895	4.816507	0	0	0	0	0	0	0	0	0	0	0	0	0	0	0	0	0	0
F6_S22_subsampled_depth_16G_contig_13973	1.9734228	1.8753356	6647	1.983721	0.16481793	5.9797945	1.9516778	1.8484939	5896	2.6589613	0.16306293	5.9490156	1.8742282	1.7432151	5982	2.4756546	0.15774983	5.7499332	7.834228	7.7250223	7581	7.632738	0.6575838	25.126223	7.0743623	7.073218	7570	8.710272	0.5888225	22.34894	7.6616106	7.6009545	7561	10.741564	0.6413893	24.30797	0	0	0	0	0	0	5.2685905	5.1908736	7468	5.582702	0.3575851	2.7387912	2.518792	2.3939755	6778	3.3684886	0.17231798	1.3865454	0	0	0	0	0	0	0	0	0	0	0	0	0	0	0	0	0	0
F6_S22_subsampled_depth_16G_contig_14085	4.306896	4.1695795	16415	6.3915725	0.3652771	13.252691	4.2065315	4.1061864	16144	5.9385	0.35757884	13.045523	4.1759677	4.071566	16353	5.2610526	0.35686776	13.00772	3.7843173	3.6342614	16383	5.277201	0.3280851	12.536105	3.2437944	3.105987	15831	4.740537	0.2803127	10.639356	3.4042706	3.2356303	15899	6.5377755	0.30106872	11.410183	0	0	0	0	0	0	0	0	0	0	0	0	0	0	0	0	0	0	0	0	0	0	0	0	0	0	0	0	0	0	0	0	0	0	0	0
F6_S22_subsampled_depth_16G_contig_14140	2.9972208	2.9171906	17703	3.9890263	0.25254616	9.162675	2.6272864	2.5046036	17604	3.5331173	0.2206972	8.051682	3.0565941	2.9628901	18282	4.1555724	0.25713164	9.372371	2.9997473	2.9158432	18480	3.5304968	0.2564028	9.797135	3.4426982	3.3165843	18852	5.0581903	0.2911814	11.051875	3.1130369	2.99287	17784	4.7345567	0.2655797	10.065188	2.7209196	2.5728722	17125	4.2212157	0.18936075	1.674108	2.179333	2.0156074	16075	3.5162234	0.15115003	1.1576781	3.0589187	2.9263418	17336	5.2037644	0.20780885	1.67212	0	0	0	0	0	0	0	0	0	0	0	0	0	0	0	0	0	0
F6_S22_subsampled_depth_16G_contig_14181	3.6598246	3.562003	12826	5.1910877	0.3144888	11.410031	3.382469	3.2274792	13494	4.51	0.2905586	10.600434	3.639664	3.5215063	12769	5.744865	0.3160914	11.521432	3.2612126	3.1382082	13222	4.4074736	0.28260073	10.798155	2.793572	2.7101932	12497	3.6714613	0.23998742	9.108798	3.4842951	3.2110858	13070	7.208935	0.3014974	11.426431	0	0	0	0	0	0	0	0	0	0	0	0	0	0	0	0	0	0	0	0	0	0	0	0	0	0	0	0	0	0	0	0	0	0	0	0
F6_S22_subsampled_depth_16G_contig_1025|provirus_24058_56033	127.37105	127.079735	31976	4199.898	10.943294	397.03592	132.0833	131.66348	31976	4730.368	11.377409	415.0814	142.84607	142.18025	31976	5598.1055	12.42318	452.82098	155.48354	155.06595	31976	6536.288	13.535966	517.2081	153.30875	153.01889	31976	5856.8696	13.280213	504.0544	156.95007	156.32674	31976	6338.4194	13.639772	516.9329	0	0	0	0	0	0	0	0	0	0	0	0	4.815748	4.4363914	26305	18.883694	0.33756897	2.7162263	13.957833	12.374145	31562	1305.6902	33.180874	981.9684	11.110759	9.668168	31124	1199.1189	24.8824	734.75824	15.079463	13.68339	31685	1255.0444	30.63414	900.36475
F6_S22_subsampled_depth_16G_contig_7627|provirus_3837_28134	28.785406	25.807215	24298	614.5164	2.7218537	98.75214	26.874731	23.953806	24298	535.43005	2.528827	92.25909	28.972628	26.471014	24298	528.95026	2.7416003	99.93049	23.946455	21.571455	24298	446.99594	2.289845	87.494804	22.93163	20.495628	24298	371.58533	2.169388	82.33977	23.282549	20.703875	24298	413.47092	2.2214766	84.19157	0	0	0	0	0	0	0	0	0	0	0	0	2.3184943	2.1086776	20181	5.5831146	0.17348458	1.3959312	0	0	0	0	0	0	0	0	0	0	0	0	0	0	0	0	0	0
F6_S22_subsampled_depth_16G_contig_9187|provirus_147230_192051	159.9095	160.57118	44822	8310.969	13.465959	488.56116	163.25262	163.48216	44822	9091.671	13.737545	501.18607	158.20955	158.40419	44822	8197.53	13.436031	489.7393	160.90443	161.01682	44822	8628.021	13.692497	523.1893	167.04341	167.09334	44822	9190.492	14.099006	535.132	157.5894	157.46388	44822	8184.58	13.393786	507.61014	92.4206	88.17888	40794	5216.1074	6.5035977	57.497276	76.90697	73.04345	40666	3711.274	5.2936735	40.544956	92.9758	87.87917	41597	5507.1797	6.3971806	51.4745	67.70053	67.45941	44822	126.8088	118.87418	3518.0112	66.55999	66.29834	44822	136.37224	112.38414	3318.6172	74.40352	74.11879	44822	116.61785	121.76874	3578.8909
F7_S23_subsampled_depth_16G_contig_246	47.880253	41.952057	10543	1424.3828	4.501586	163.32297	45.579212	39.869087	10552	1284.5184	4.2389865	154.6507	42.873962	37.689915	10546	1090.8893	4.042976	147.36522	41.779747	36.54662	10553	1029.2245	3.962837	151.41972	43.577785	38.591385	10647	1036.7714	4.0423675	153.42934	43.774696	39.614033	10546	859.45807	4.083352	154.7547	3.4507003	2.8146894	9486	18.815619	0.2760495	2.4405098	3.049157	2.177479	8549	25.743582	0.24853288	1.9035461	4.2652187	3.5104244	9578	26.231482	0.33441532	2.690851	55.485092	50.787807	10543	965.5861	103.73521	3069.9817	78.94684	71.09737	10547	2503.1133	146.371	4322.2227	79.28179	71.18785	10556	2395.8057	142.10292	4176.531
F7_S23_subsampled_depth_16G_contig_419	1167.8666	1188.4891	49533	194498.4	98.05381	3557.512	1183.5254	1204.7424	49488	194861.47	99.353874	3624.721	1143.2208	1160.3468	49616	192447.5	96.78326	3527.7207	1193.1066	1212.8099	49534	209194.08	101.24499	3868.5618	1161.636	1182.4801	49621	191664.16	97.82655	3713.0364	1213.6361	1232.9043	49621	215082.47	102.809166	3896.357	46.94237	46.40739	46422	614.4711	3.276884	28.9704	43.530735	43.111893	46273	535.93	2.9632413	22.695864	71.54905	71.11297	47845	1372.133	4.8836226	39.295723	9.240889	9.080315	48733	22.861784	17.822403	527.4433	7.8758464	7.778484	48067	20.246073	13.772102	406.67953	12.08783	12.038046	49059	29.688356	20.042128	589.0557
F7_S23_subsampled_depth_16G_contig_1820	26.84993	25.38076	127097	342.85464	2.2976472	83.36146	26.492828	25.047947	127097	331.68774	2.2619517	82.52261	26.081547	24.594086	127097	312.43326	2.2468467	81.8969	23.86949	22.567644	127097	256.7875	2.0644257	78.88155	24.547157	23.110554	127097	272.0779	2.10231	79.79381	24.788628	23.470482	127097	275.3232	2.1383336	81.04056	3.3587403	2.6999204	95384	20.92127	0.23643307	2.0902677	0	0	0	0	0	0	3.666097	3.105914	100170	20.165098	0.25454277	2.0481615	7.4344335	7.1996446	125972	17.219833	15.261378	451.65158	5.235634	4.9486227	124691	14.539037	9.3891535	277.25452	7.7969704	7.5216494	126933	19.038103	13.387241	393.46292
F7_S23_subsampled_depth_16G_contig_2162	16601.064	16539.137	14289	130690820	1386.9708	50320.984	16647.66	16599.557	14289	131531860	1390.0956	50714.785	16588.006	16538.162	14289	130133840	1396.9818	50919.563	14535.469	14492.764	14289	98245970	1227.1791	46890.402	15329.747	15286.045	14289	109322390	1284.3326	48747.215	14974.673	14934.522	14289	104318410	1262.1454	47833.957	7897.969	7703.1924	14289	34067810	549.4475	4857.5786	6899.805	6729.1875	14289	25824628	468.72415	3590.021	7947.7695	7742.9976	14289	34806652	540.53253	4349.3584	18.430511	17.970064	13793	197.53886	32.62262	965.4471	19.473795	19.088394	13923	199.97871	32.644817	963.97644	23.323715	23.130117	14275	246.9288	37.776333	1110.28
F7_S23_subsampled_depth_16G_contig_3265	4.2634745	4.1653037	12733	4.9115014	0.36122262	13.105591	3.7187178	3.6207685	12256	4.6267476	0.313546	11.439077	4.0296793	3.9897125	11978	5.294117	0.34416997	12.544883	4.1540956	4.108942	12397	4.177852	0.3529083	13.484596	3.9602692	3.828805	12596	5.725033	0.3321753	12.607815	4.560427	4.4341865	12575	6.082681	0.3932488	14.903713	0	0	0	0	0	0	0	0	0	0	0	0	0	0	0	0	0	0	24.542145	23.65418	12741	98.26106	43.1263	1276.2972	28.312466	26.703596	12778	181.99289	48.982956	1446.4288	24.509853	23.42214	12772	129.77359	40.897285	1202.0072
F7_S23_subsampled_depth_16G_contig_3879	5.7972655	5.5125957	17817	13.28319	0.48326242	17.533337	5.7356896	5.350395	17148	19.824984	0.47741964	17.417677	5.520562	5.202087	16768	19.74973	0.46534982	16.961866	5.3042126	5.067733	17362	13.686142	0.44662616	17.065548	5.948372	5.5200667	18010	18.372868	0.4995699	18.96133	6.0998664	5.656767	17185	25.01626	0.51411027	19.484226	0	0	0	0	0	0	0	0	0	0	0	0	0	0	0	0	0	0	4.3782926	4.23654	17250	8.067469	7.5562916	223.62404	4.6912303	4.551062	17370	7.728254	7.8311033	231.24646	5.231077	5.11756	17797	7.702061	8.525123	250.56076
F7_S23_subsampled_depth_16G_contig_4775	6.035018	5.9428043	13898	8.3686905	0.50701135	18.394978	5.591264	5.480507	13845	6.9061394	0.47060052	17.168898	5.4731407	5.3807154	13840	6.64124	0.4637078	16.902008	5.472347	5.3642707	13831	8.014437	0.4637924	17.721466	6.5955234	6.4613347	13993	9.107382	0.55236363	20.965136	5.467148	5.365474	13727	8.004734	0.4657628	17.651922	1.9472924	1.8272101	10848	2.8732414	0.13671966	1.2087162	2.0687366	1.9821916	11622	2.546795	0.1415745	1.084338	2.7247653	2.5899246	12078	4.195307	0.18635727	1.4995106	26.388737	25.931814	13829	306.0795	46.459183	1374.9325	26.174152	25.060886	13515	383.51636	44.027637	1300.1023	27.992346	27.388577	13714	352.64142	45.752594	1344.7092
F7_S23_subsampled_depth_16G_contig_5016	18.551239	18.55469	13558	21.207634	1.5874188	57.593483	17.888052	17.908768	13558	24.311405	1.5249826	55.63587	20.128878	20.02403	13558	28.61037	1.7318602	63.125763	18.942049	18.795574	13558	33.515476	1.6196288	61.885914	17.13738	17.056927	13558	24.668829	1.4605238	55.434616	18.721956	18.635649	13558	30.699896	1.6094311	60.9957	0	0	0	0	0	0	0	0	0	0	0	0	0	0	0	0	0	0	46.373734	46.04491	13558	96.99291	82.50107	2441.5703	61.519466	60.936443	13558	135.4209	106.6832	3150.2727	56.880444	56.358387	13558	93.94477	96.00707	2821.7327
F7_S23_subsampled_depth_16G_contig_5373	292.22623	295.27338	42042	5119.7188	24.644245	894.12305	277.29456	280.30927	42044	4672.1357	23.37165	852.66656	276.8422	277.91074	42043	5178.172	23.56377	858.89197	274.5878	275.64276	42045	5879.2437	23.427204	895.15155	258.59778	258.62195	42046	5393.128	21.890974	830.87836	262.6254	263.25714	42046	5479.665	22.36918	847.76794	139.15038	134.36948	40845	7265.3833	9.710655	85.85038	105.2198	101.610054	40644	3975.3037	7.16113	54.84807	127.12813	122.56808	40706	5415.388	8.668664	69.75181	0	0	0	0	0	0	0	0	0	0	0	0	0	0	0	0	0	0
F7_S23_subsampled_depth_16G_contig_7477	10.735176	10.415178	30480	34.921413	0.91233265	33.100544	10.702171	10.490486	30520	24.053535	0.9044118	32.995625	9.951148	9.545349	30507	35.691452	0.84942394	30.961245	9.058708	8.768072	30602	24.7421	0.77587146	29.645988	9.432894	9.134064	30578	24.550877	0.80216086	30.446253	9.8193245	9.507476	30378	29.17044	0.8373757	31.735636	0	0	0	0	0	0	0	0	0	0	0	0	0	0	0	0	0	0	0	0	0	0	0	0	0	0	0	0	0	0	2.1308732	1.8425074	23517	5.5405335	3.618191	106.34187
F7_S23_subsampled_depth_16G_contig_7954	3.4536123	3.3434231	11805	5.445861	0.28865817	10.47287	3.0290985	2.9358602	12089	3.9265172	0.25279814	9.222816	3.688793	3.5653405	12086	5.511634	0.3084919	11.2444315	3.1107595	3.017321	11527	4.5573187	0.26039284	9.949586	3.2406607	3.1627507	12210	4.336366	0.27180624	10.316483	3.6275084	3.5240953	12467	4.770541	0.30377802	11.512864	0	0	0	0	0	0	0	0	0	0	0	0	0	0	0	0	0	0	0	0	0	0	0	0	0	0	0	0	0	0	0	0	0	0	0	0
F7_S23_subsampled_depth_16G_contig_8366	7.995418	7.7803817	10626	11.383655	0.6775249	24.58142	7.3303742	7.259703	10626	9.082157	0.6152668	22.446749	7.1668577	7.0126195	10507	14.115352	0.6109457	22.268774	7.0649104	6.7966065	10611	16.603327	0.6098543	23.302492	6.4234443	6.321315	10626	6.0230637	0.5416382	20.558044	6.259259	6.170838	10589	8.17946	0.5379973	20.38952	0	0	0	0	0	0	0	0	0	0	0	0	1.813383	1.6374338	8478	2.837629	0.1242093	0.99944204	0	0	0	0	0	0	0	0	0	0	0	0	0	0	0	0	0	0
F7_S23_subsampled_depth_16G_contig_9134	5.2652764	4.867629	11123	19.32603	0.44414127	16.113987	5.7431846	5.2817397	11475	21.111048	0.48124284	17.557163	5.783779	5.3219066	10978	25.54384	0.4875261	17.770172	5.765063	5.1667457	11296	24.301292	0.48857492	18.668413	5.61123	5.2912354	11648	13.327048	0.47281426	17.945808	5.5508075	5.0914445	11115	21.336843	0.47054198	17.833038	0	0	0	0	0	0	0	0	0	0	0	0	0	0	0	0	0	0	9.816938	7.404235	10840	232.11504	17.59285	520.6501	12.092044	9.114044	10401	385.573	21.482964	634.375	11.291941	8.824518	10968	249.4963	19.42294	570.85724
F7_S23_subsampled_depth_16G_contig_9193	16.759718	16.38457	31152	94.52482	1.4120166	51.229687	16.175856	15.800179	31222	93.00709	1.3647076	49.78856	16.862787	16.441973	31254	105.2871	1.4355918	52.32691	20.285645	19.997643	31255	133.9569	1.7290335	66.066216	20.051985	19.798714	31255	118.19904	1.6942139	64.30442	21.225752	20.973995	31222	135.88354	1.8053907	68.42239	4.844205	4.7325234	29732	8.53887	0.33732533	2.982241	3.5745058	3.4245758	29564	6.013683	0.24385446	1.867713	4.4977655	4.290838	29578	10.029003	0.30705595	2.4707053	0	0	0	0	0	0	0	0	0	0	0	0	0	0	0	0	0	0
F7_S23_subsampled_depth_16G_contig_9211	4.0609517	3.9489193	13016	4.9717355	0.33942062	12.314592	4.1138473	4.02001	13089	4.9089804	0.34398422	12.54955	4.979404	4.862884	13002	6.8575974	0.41881603	15.2657175	3.4059887	3.281155	12627	4.799666	0.2871748	10.972919	3.6722145	3.5790274	12815	4.6668124	0.30864233	11.714615	3.368369	3.2387707	12507	4.728245	0.28478402	10.793007	0	0	0	0	0	0	0	0	0	0	0	0	0	0	0	0	0	0	0	0	0	0	0	0	0	0	0	0	0	0	0	0	0	0	0	0
F7_S23_subsampled_depth_16G_contig_9303	2.3901591	2.2908137	9008	3.0281932	0.20095092	7.290743	2.2194886	2.1423519	9105	2.394217	0.18520562	6.756842	0	0	0	0	0	0	2.7013988	2.6446564	9838	2.5799718	0.22852647	8.731978	2.705065	2.619359	9504	3.0483773	0.22545278	8.557127	2.413893	2.2211385	8594	4.5650716	0.20266517	7.680793	3.69918	3.3376567	8961	11.31166	0.25464702	2.251294	2.004245	1.8324579	8515	3.095119	0.13505694	1.0344191	2.9541726	2.8712616	9644	3.5259778	0.20530872	1.6520026	0	0	0	0	0	0	0	0	0	0	0	0	0	0	0	0	0	0
F7_S23_subsampled_depth_16G_contig_9744	27.183193	25.31312	3830	316.0502	2.418172	87.73419	54.98757	51.749023	3836	903.82043	4.866508	177.54443	71.73088	69.126686	3845	1465.3143	6.3820887	232.62515	6.429343	6.1744223	3796	12.79372	0.56092024	21.432713	13.583086	13.107175	3843	42.68532	1.2278875	46.604828	11.52094	11.237766	3802	33.349087	1.0172713	38.5535	87466.016	87285.33	3851	540775040	5965.7246	52742.023	86031.48	85776.07	3851	540869100	5729.1426	43880.258	63898.582	63744.67	3851	299020160	4259.4023	34272.99	0	0	0	0	0	0	0	0	0	0	0	0	0	0	0	0	0	0
F7_S23_subsampled_depth_16G_contig_10966	141.8988	144.11107	16596	1530.1781	11.842107	429.6459	129.62207	130.80699	16594	1434.4869	10.812435	394.46948	141.56926	143.63467	16594	1442.7118	11.905698	433.95905	166.9719	168.83815	16598	2193.6814	14.087988	538.30084	155.18495	156.53749	16624	1790.1992	12.98757	492.94717	168.00151	170.43587	16596	1985.6376	14.1522875	536.3567	58.576607	57.853317	16569	816.94775	4.0726585	36.005726	46.236675	45.57668	16517	599.5314	3.1288083	23.963953	64.570114	64.40484	16596	1025.8551	4.377755	35.225296	0	0	0	0	0	0	0	0	0	0	0	0	0	0	0	0	0	0
F7_S23_subsampled_depth_16G_contig_11270	5.1744685	5.0921636	13944	6.953136	0.4367238	15.8448715	4.7285423	4.5672517	14037	8.233717	0.3995966	14.578462	4.799635	4.7338014	13812	6.7034626	0.40656966	14.819342	5.5035443	5.3635087	13627	12.120864	0.4678065	17.874855	5.2574916	5.0854583	13818	9.618212	0.4410915	16.74176	5.1500454	5.0047565	14314	7.308901	0.443108	16.793314	1.6843287	1.5327876	10832	2.4783907	0.11912953	1.0532057	1.7906519	1.6625341	0	2.7820406	0	0	2.2473857	2.0524757	11575	4.226626	0.15134966	1.2178246	0	0	0	0	0	0	0	0	0	0	0	0	0	0	0	0	0	0
F7_S23_subsampled_depth_16G_contig_11448	9.689893	8.911311	10853	42.369915	0.86017364	31.20812	9.540289	8.964296	10819	35.309334	0.86086	31.4067	9.750257	8.774708	10842	51.500042	0.8764513	31.946373	10.661668	9.791576	10853	50.498714	0.96053416	36.701946	10.530415	9.911	10885	38.8962	0.92240155	35.01002	10.922217	10.297216	10856	41.115532	0.9718473	36.83196	0	0	0	0	0	0	0	0	0	0	0	0	0	0	0	0	0	0	49.530323	47.694607	10880	274.89566	90.550995	2679.8035	58.327805	56.501396	10857	275.274	102.33772	3021.9536	48.927994	46.50264	10884	363.03702	84.496506	2483.4265
F7_S23_subsampled_depth_16G_contig_11866	6.3768167	6.114655	11133	11.813479	0.56244254	20.406096	6.035974	5.6899476	11158	12.105183	0.5485317	20.012056	7.04524	6.7566614	11129	15.1574	0.6423986	23.415236	7.998819	7.7026644	11029	18.636232	0.7125117	27.22501	8.28452	7.8581953	11158	20.76323	0.73849964	28.02998	8.49028	8.094167	11152	20.339687	0.76737577	29.082733	0	0	0	0	0	0	0	0	0	0	0	0	0	0	0	0	0	0	0	0	0	0	0	0	0	0	0	0	0	0	0	0	0	0	0	0
F7_S23_subsampled_depth_16G_contig_11941	5.813962	5.3925476	5595	16.024868	0.53156924	19.285973	5.9617405	5.672105	5493	14.578335	0.55359805	20.196884	5.9920216	5.665861	5537	14.683649	0.5515956	20.105482	4.53835	4.016717	5438	24.480349	0.4489946	17.156048	5.1000905	4.7649546	5616	11.881529	0.45875117	17.412031	4.254941	3.8449144	5558	15.493208	0.4099618	15.537112	0	0	0	0	0	0	0	0	0	0	0	0	0	0	0	0	0	0	0	0	0	0	0	0	0	0	0	0	0	0	0	0	0	0	0	0
F7_S23_subsampled_depth_16G_contig_12031	95.906624	93.70837	29932	1471.5686	8.092023	293.58826	94.03787	92.03373	29922	1268.4576	7.935457	289.5089	90.76912	88.28313	29932	1351.3755	7.7159495	281.24408	90.06843	86.963776	29922	1553.7069	7.6770353	293.3389	92.4304	89.4374	29932	1590.4181	7.8061423	296.28455	92.141464	89.63845	29932	1545.0328	7.8383284	297.06427	8.362299	6.983771	26501	94.36221	0.58810693	5.1993604	7.7774496	6.522795	25817	81.85195	0.5399855	4.1358223	9.908703	8.263058	27694	135.45236	0.6856925	5.517378	0	0	0	0	0	0	0	0	0	0	0	0	0	0	0	0	0	0
F7_S23_subsampled_depth_16G_contig_13037	4.851617	4.782786	10135	5.588536	0.41178122	14.939916	5.550982	5.487437	10111	6.4460187	0.4684049	17.088789	5.3077765	5.1701565	10187	7.3010583	0.45248142	16.4928	3.795973	3.7288957	9628	5.994575	0.32853615	12.553332	5.750843	5.6765485	10232	6.8058834	0.47948357	18.198936	5.154632	5.121005	10113	5.9962244	0.44397795	16.82629	3.579746	3.4027991	9359	7.091795	0.25555676	2.2593381	2.7990477	2.5938947	9512	4.551223	0.18971622	1.4530623	2.3476493	2.154838	8236	4.4833336	0.16399007	1.3195354	0	0	0	0	0	0	0	0	0	0	0	0	0	0	0	0	0	0
F7_S23_subsampled_depth_16G_contig_13361	39.997543	38.767902	53063	171.34393	3.355026	121.7244	41.74185	40.636204	53063	179.64143	3.5037582	127.82743	40.718006	39.557934	53063	175.37402	3.4463582	125.61867	40.825783	39.368015	53064	241.55322	3.4636467	132.34561	40.466015	39.17075	53073	202.27808	3.408103	129.35556	41.869225	40.084335	53073	262.8513	3.5444975	134.33261	9.718893	8.297622	50449	105.959435	0.6775481	5.9900966	9.028513	7.8350444	50335	87.214806	0.61466235	4.7077827	10.296015	9.036216	51419	97.22631	0.70229524	5.650972	31.85082	31.714577	53073	52.6954	55.700672	1648.4287	36.604122	36.407864	53073	59.403275	61.78066	1824.3354	34.637493	34.463898	53073	51.331165	56.654404	1665.123
F7_S23_subsampled_depth_16G_contig_785|provirus_7762_29233	8.3620205	8.091037	21334	19.947306	0.7130101	25.868866	8.549526	8.343408	21399	18.483665	0.7314621	26.685883	9.264328	9.053101	21421	22.044292	0.79535806	28.99055	8.318403	8.03606	21414	20.999268	0.722065	27.590048	8.021199	7.806149	21240	19.285135	0.68250936	25.904835	8.476878	8.235174	21414	18.938658	0.7303841	27.680788	0	0	0	0	0	0	0	0	0	0	0	0	0	0	0	0	0	0	55.470783	52.81553	21472	1080.0321	99.21676	2936.2607	63.720806	61.098644	21472	1216.8497	110.61086	3266.2524	66.24257	63.699635	21472	1235.5612	111.310585	3271.516
F7_S23_subsampled_depth_16G_contig_3276|provirus_2_18435	15.442299	15.340179	18414	29.897856	1.3130407	47.638695	16.191751	16.193972	18228	32.91123	1.3719969	50.054504	16.809998	16.828148	18434	30.819437	1.4328977	52.228695	18.836578	18.54515	18434	44.161884	1.6107109	61.545135	20.006235	19.845041	18353	36.769295	1.702076	64.60278	18.28916	18.115946	18405	44.34885	1.5658312	59.34332	0	0	0	0	0	0	0	0	0	0	0	0	0	0	0	0	0	0	0	0	0	0	0	0	0	0	0	0	0	0	0	0	0	0	0	0
F7_S23_subsampled_depth_16G_contig_3878|provirus_57689_105721	19.115782	18.954334	48033	48.915123	1.6128998	58.517967	18.890923	18.895603	48033	50.783424	1.5951589	58.196125	18.61241	18.428171	48033	52.791927	1.5852189	57.78075	20.013596	19.966608	48033	56.462032	1.7091736	65.30735	18.314789	18.19833	48033	56.661877	1.5489867	58.79223	19.80655	19.695278	48033	57.851448	1.6914808	64.1053	0	0	0	0	0	0	0	0	0	0	0	0	3.5398784	3.2232277	40803	11.185553	0.2417633	1.945332	226.5107	225.80211	48033	892.2949	395.7316	11711.443	279.89972	279.53146	48033	1350.8956	473.1945	13973.065	251.63966	250.92343	48033	982.06757	412.56366	12125.61
F7_S23_subsampled_depth_16G_contig_5540|provirus_763_24367	29.377234	29.71375	23597	98.15187	2.4865844	90.21624	26.975655	27.122307	23605	82.8755	2.2848504	83.35804	28.134045	28.335133	23605	86.15401	2.4011798	87.522255	29.264421	29.679266	23605	95.35849	2.4967732	95.40155	27.61957	28.015017	23605	76.94556	2.345322	89.01736	29.120316	29.388092	23605	87.34843	2.486173	94.2233	0	0	0	0	0	0	0	0	0	0	0	0	2.504498	2.192743	18443	6.904634	0.17684402	1.422964	3.3354936	2.9806736	20969	11.457449	6.3104753	186.75475	3.2433596	3.0051632	21710	11.537346	5.8908553	173.95242	3.149819	2.8830469	21640	13.205574	5.701284	167.56575
F7_S23_subsampled_depth_16G_contig_11802|provirus_128_14807	6.9476943	6.752103	14524	15.427645	0.5904014	21.420471	7.178458	7.0368557	14520	15.322888	0.6107492	22.281925	7.586373	7.3499007	14676	18.68567	0.6498755	23.687767	7.133379	6.9596267	14534	14.729678	0.6181875	23.620903	6.276669	6.0860224	14579	13.494791	0.5380037	20.420094	6.449415	6.228399	14552	15.879366	0.5528445	20.952223	0	0	0	0	0	0	0	0	0	0	0	0	1.9245698	1.7920171	11306	3.0590768	0.13451338	1.0823523	7.0878873	6.8820157	14565	14.23352	12.51975	370.51465	8.502478	8.215553	14620	20.673851	14.552927	429.7367	9.473296	9.277336	14679	22.513464	15.57973	457.9021
F8_S24_subsampled_depth_16G_contig_187	11.40934	10.945167	11078	50.640675	1.0494478	38.075245	11.587005	11.216186	11010	50.225815	1.0750893	39.222412	11.923414	11.540922	11046	46.41621	1.113064	40.570835	10.0837145	9.852863	11064	31.177166	0.936847	35.79684	10.40276	10.15922	11092	36.961887	0.9566187	36.308758	11.503564	11.183388	11092	41.947662	1.052648	39.894257	2.843173	2.7463443	10127	3.8980792	0.22442695	1.9841243	2.0679035	1.8855605	8577	3.910296	0.15474291	1.1851974	2.5509048	2.4051585	9355	4.3854446	0.19186144	1.5437999	2.806434	2.3243299	8963	27.788322	7.4162292	219.47891	0	0	0	0	0	0	3.4667337	2.9925873	9300	35.36929	7.7792397	228.6387
F8_S24_subsampled_depth_16G_contig_241	10.034645	9.845535	95271	26.983244	0.8456333	30.6806	10.285793	10.067627	95129	27.209099	0.86556655	31.578402	10.39658	10.237258	95260	23.154665	0.8824824	32.16621	10.645577	10.417149	95354	30.172995	0.9056703	34.60557	10.761641	10.572068	95333	27.15052	0.9086255	34.487167	10.637415	10.424609	95180	29.463514	0.9043121	34.272476	10.119473	9.880963	94556	29.761984	0.7093477	6.2712307	8.483223	8.226393	94993	21.980936	0.58040285	4.4453826	9.110418	8.8304615	94702	26.911163	0.62314314	5.014081	0	0	0	0	0	0	0	0	0	0	0	0	0	0	0	0	0	0
F8_S24_subsampled_depth_16G_contig_299	18.34348	17.432602	12241	87.1524	1.660013	60.227272	17.441072	16.508684	12241	94.873344	1.5816159	57.702007	18.807129	17.987137	12241	69.9805	1.6962589	61.828106	17.22124	16.545254	12241	58.712418	1.5370177	58.7293	16.799603	15.796931	12241	87.3189	1.5099546	57.31076	18.335953	17.30782	12241	102.17283	1.6595796	62.896275	0	0	0	0	0	0	0	0	0	0	0	0	0	0	0	0	0	0	50.282192	47.46063	12241	603.15485	93.63751	2771.1467	57.715904	53.926033	12241	958.034	104.57087	3087.8975	53.25887	50.276028	12241	651.9125	93.299675	2742.1604
F8_S24_subsampled_depth_16G_contig_434	5.0798917	5.0300655	14416	6.5314617	0.42387992	15.378875	5.130417	5.0783663	14310	6.1840897	0.42704162	15.579728	4.3641233	4.253259	14523	5.944658	0.3673427	13.389525	3.7161071	3.6303217	13909	5.3438435	0.31321338	11.9678545	4.0257716	3.9593852	14248	4.477225	0.33873948	12.85696	4.9301457	4.834376	14716	6.8494344	0.41464534	15.714609	0	0	0	0	0	0	0	0	0	0	0	0	0	0	0	0	0	0	0	0	0	0	0	0	0	0	0	0	0	0	0	0	0	0	0	0
F8_S24_subsampled_depth_16G_contig_506	11.132075	10.883824	11201	29.255363	0.9678984	35.11652	12.996885	12.545679	11314	43.749256	1.1350695	41.410656	11.253026	11.038165	11222	28.800323	0.97566694	35.56277	10.8301	10.44127	11329	33.771664	0.94408864	36.07354	9.114543	8.702888	11247	27.793648	0.80276304	30.469114	9.141687	8.789203	11349	27.302576	0.8091666	30.666557	5.0609646	4.879375	11151	8.796729	0.37020457	3.2729218	3.6812923	3.5065255	10757	6.3957014	0.26470503	2.0274103	5.3195086	5.149199	11032	10.694345	0.37561187	3.0223367	0	0	0	0	0	0	0	0	0	0	0	0	0	0	0	0	0	0
F8_S24_subsampled_depth_16G_contig_2086	127.156136	125.3757	35703	2358.9873	10.735099	389.48242	124.58878	121.702675	35703	2513.0464	10.514173	383.58798	123.64768	121.557045	35703	2599.1196	10.5276165	383.7283	112.053246	110.274536	35703	2017.9662	9.564333	365.45245	113.62926	111.795586	35703	1784.6134	9.609005	364.71262	114.00737	112.22332	35703	1990.8038	9.704408	367.78662	7.961269	7.75918	35504	16.228672	0.5580822	4.9339166	6.505977	6.31776	35402	12.325917	0.44554877	3.412517	9.430119	9.245132	35666	17.760653	0.64850605	5.218157	2.2103338	2.0690334	28872	3.4289808	4.3451395	128.59186	0	0	0	0	0	0	2.2682192	2.1473172	29694	3.2277303	3.755666	110.38229
F8_S24_subsampled_depth_16G_contig_2451	21.085073	18.485231	18393	356.35696	1.9715438	71.529976	21.395164	18.60564	18393	369.0816	1.9793919	72.21403	20.068794	17.043852	18392	400.11142	1.8868204	68.77403	18.311079	15.927949	18390	290.305	1.7338277	66.249435	18.682947	16.03301	18393	299.6949	1.7479136	66.34256	18.758263	16.425726	18393	298.7351	1.7628851	66.811455	0	0	0	0	0	0	2.6337774	2.4327912	16167	5.0743484	0.1855262	1.4209706	2.7264705	2.3177416	14974	11.097418	0.19413644	1.562105	9.4239435	7.7419453	18161	115.25947	19.662436	581.89825	7.296881	6.169864	18149	56.49732	14.116842	416.8594	9.950776	8.293745	18243	107.86952	18.538685	544.8683
F8_S24_subsampled_depth_16G_contig_3829	8972.528	7979.2803	12078	83869896	788.2087	28597.166	8976.458	7974.889	12078	85042740	788.53845	28768.197	9011.4795	7999.0015	12078	86043176	797.9226	29084.027	7898.3477	7029.7256	12078	64045724	700.5838	26769.248	8343.907	7430.6865	12078	70670690	734.5502	27880.074	8185.102	7292.4814	12078	68837940	724.7692	27467.982	3681.4883	3276.2039	12078	15344993	268.65173	2375.1072	3247.1924	2887.7388	12078	11996436	231.12215	1770.1958	3677.027	3270.7727	12078	15338972	262.03363	2108.4355	9.790829	8.727738	11953	98.16124	18.162128	537.4975	11.592891	10.195417	11992	147.44672	20.68148	610.7082	12.97552	11.438804	11797	199.10394	22.061695	648.41254
F8_S24_subsampled_depth_16G_contig_3896	25.51492	24.950472	36564	129.76964	2.1534579	78.13003	25.526585	24.976822	36575	123.46286	2.1533048	78.55888	24.757872	23.828205	36543	157.6264	2.1100755	76.91161	29.630754	29.019976	36560	185.09619	2.5248194	96.4731	29.150394	28.595413	36557	165.49898	2.470565	93.77105	29.292498	28.453293	36570	190.46358	2.4993813	94.72388	0	0	0	0	0	0	0	0	0	0	0	0	0	0	0	0	0	0	8.582883	8.505596	36116	17.207891	15.612808	462.05185	9.300651	9.178963	36382	18.879599	15.827037	467.3602	10.680931	10.556681	36379	25.209526	17.650806	518.7728
F8_S24_subsampled_depth_16G_contig_3936	7.4860373	7.3199964	11615	12.711806	0.6301897	22.864056	7.8240976	7.6669564	11645	13.140622	0.6580757	24.008535	8.766594	8.661158	11643	14.536525	0.74258274	27.066912	10.286299	10.1201315	11636	21.298481	0.8704055	33.25812	9.792692	9.756064	11639	13.986167	0.82518816	31.320261	10.528491	10.417802	11645	21.542755	0.88869613	33.680626	0	0	0	0	0	0	0	0	0	0	0	0	0	0	0	0	0	0	0	0	0	0	0	0	0	0	0	0	0	0	0	0	0	0	0	0
F8_S24_subsampled_depth_16G_contig_3974	406.42438	361.12122	43676	103962.34	51.6693	1874.6244	408.4956	365.70007	43538	98783.09	51.98461	1896.5519	396.4533	350.14014	43572	107941.836	51.241173	1867.7247	498.71918	450.93668	43538	117137.4	57.658577	2203.1292	500.92975	452.95645	43598	117606.39	58.062134	2203.765	511.32922	460.5161	43688	126714.17	59.111065	2240.2458	15.560798	15.357322	43575	51.220158	5.964229	52.728813	14.764436	14.401827	43507	50.102028	5.2056427	39.870712	21.806421	21.576277	43630	77.301834	6.303278	50.718914	4.7444763	4.608406	42133	8.106352	10.098761	298.8667	3.0621755	2.9688663	41088	3.5552907	5.723396	169.00743	4.239469	4.0974836	42031	6.8638916	7.636605	224.44662
F8_S24_subsampled_depth_16G_contig_4759	141.24548	130.53656	23058	12070.905	11.807244	428.38104	131.0325	121.94983	22913	9698.571	10.94809	399.41843	137.16801	126.29943	23116	11690.713	11.561892	421.42743	159.27103	143.99289	22902	21163.738	13.452336	514.01263	154.07082	138.51453	23064	19750.883	12.913351	490.13016	157.69266	141.60883	23124	21591.43	13.300015	504.05634	56.693783	55.69752	22895	942.4349	3.945171	34.878616	47.196373	46.103825	22810	705.37665	3.2014177	24.520077	55.05673	53.86036	22885	931.9575	3.7428534	30.116608	3.0811763	2.7348833	20528	10.774407	5.829541	172.52187	2.7190585	2.3713083	20416	13.547624	5.1358285	151.65701	3.1899335	2.8198075	21939	11.786511	5.6682773	166.59569
F8_S24_subsampled_depth_16G_contig_5007	121.65766	120.60055	21443	546.36945	10.193703	369.83984	115.84199	114.82476	21490	611.7437	9.691721	353.58243	120.36173	119.38675	21377	534.0322	10.152739	370.06424	136.35901	135.14757	21426	748.8018	11.540544	440.9632	139.17857	137.56491	21472	818.00226	11.688514	443.64105	139.45633	137.96498	21503	763.4904	11.78205	446.52722	16.922071	16.095114	21467	116.09397	1.1863714	10.488523	13.964876	13.466829	21367	71.161	0.9659389	7.3982563	19.511591	18.762943	21449	130.97647	1.334652	10.739186	0	0	0	0	0	0	0	0	0	0	0	0	0	0	0	0	0	0
F8_S24_subsampled_depth_16G_contig_5541	4.6790996	4.514979	14086	9.403209	0.39427158	14.304645	3.680605	3.5571775	13726	5.8573933	0.31181636	11.375979	4.283671	4.171989	13689	7.890712	0.36201242	13.195234	4.767588	4.5942063	13969	10.820937	0.4052179	15.483345	5.1116204	4.883516	14199	11.678117	0.4328213	16.427858	4.593416	4.484793	14404	6.2849565	0.38985515	14.775087	2.6853955	2.5462286	12918	3.885481	0.18634531	1.6474494	2.0143032	1.8867092	11432	3.0687842	0.13772705	1.0548705	2.9427867	2.7980535	13359	4.5311184	0.20792669	1.6730675	0	0	0	0	0	0	0	0	0	0	0	0	0	0	0	0	0	0
F8_S24_subsampled_depth_16G_contig_5668	7.969353	7.2883215	16294	82.04639	0.72849977	26.430857	8.325222	7.7656794	16259	66.65664	0.7588186	27.68393	7.513515	6.983861	16408	62.76338	0.7025871	25.609089	7.489059	6.969152	16361	53.70999	0.6924542	26.458624	6.771989	6.152264	16309	69.267	0.62981766	23.904924	7.890714	7.393803	16347	43.08791	0.7091389	26.875593	2.0112166	1.8548179	13251	3.1280463	0.14420225	1.274869	1.8094392	1.7114743	13389	2.0871978	0.12534328	0.9600209	2.6215754	2.4386108	14025	4.6200566	0.18082792	1.4550203	35.875206	35.434254	16235	465.7618	64.60424	1911.9244	37.378117	36.827988	16195	601.86664	64.307945	1898.9635	39.868954	39.07899	16465	644.65686	66.47588	1953.7844
F8_S24_subsampled_depth_16G_contig_5933	3.7695844	3.666312	15377	4.5572352	2.1931965	79.57183	4.0573325	3.9704902	15405	4.668913	2.5878372	94.41192	4.051331	3.923388	15197	6.27664	1.9026912	69.35251	4.9913173	4.8853655	15362	7.4564433	2.1096683	80.61029	4.9104896	4.805349	15639	5.8414316	2.3481638	89.12524	4.9718447	4.888487	15446	6.8729787	1.393638	52.81739	0	0	0	0	0	0	0	0	0	0	0	0	0	0	0	0	0	0	0	0	0	0	0	0	0	0	0	0	0	0	0	0	0	0	0	0
F8_S24_subsampled_depth_16G_contig_6347	4.246175	4.1542892	19384	5.2061677	0.36280566	13.1630335	4.616368	4.487753	19369	7.969796	0.39166406	14.289061	4.687135	4.5974164	19494	5.920734	0.4001231	14.584358	4.4264145	4.324908	19426	6.6767707	0.37799755	14.443259	4.464365	4.3609214	19305	6.6275625	0.37997395	14.422021	4.7884035	4.6452856	19665	7.4385886	0.40988517	15.534209	0	0	0	0	0	0	0	0	0	0	0	0	0	0	0	0	0	0	0	0	0	0	0	0	0	0	0	0	0	0	5.003372	4.536853	15853	30.730293	8.780168	258.05676
F8_S24_subsampled_depth_16G_contig_7012	22.096888	21.795424	6546	162.00023	1.9571657	71.00832	58.994354	58.424236	6508	976.1477	5.2363443	191.03734	95.13549	94.42746	6558	2463.5166	8.580195	312.74548	12.410742	12.117627	6168	71.36706	1.0829347	41.378838	12.984895	12.909661	6326	52.663742	1.134594	43.06384	13.163717	12.866441	6535	53.782906	1.1629984	44.07641	423369.34	430199.75	6676	37831274000	28959.844	256029.39	554651.3	563472.4	6637	65708910000	37046.14	283741.34	580237.5	589393.8	6683	70713940000	38791.824	312135.72	0	0	0	0	0	0	0	0	0	0	0	0	0	0	0	0	0	0
F8_S24_subsampled_depth_16G_contig_7447	28808.797	27791.127	22974	86940930	2429.184	88133.74	28718.277	27692.658	22974	86153410	2420.5134	88307.44	28534.367	27524.783	22974	85066140	2425.6892	88415.6	25068.723	24189.781	22974	62994640	2135.965	81615.055	26322.664	25400.871	22974	69700720	2225.7969	84480.8	25802.035	24894.057	22974	67116120	2194.812	83181	12753.213	12585.3125	22974	8826157	893.4324	7898.695	11121.681	10979.958	22974	6667483.5	760.7968	5827.043	12765.734	12599.69	22974	9226833	874.09094	7033.312	34.506264	33.26682	22974	191.85883	60.665985	1795.3735	37.48151	36.102425	22974	210.13666	63.255726	1867.8921	41.253242	39.999805	22973	211.82825	67.413574	1981.3447
F8_S24_subsampled_depth_16G_contig_7502	4.742434	4.406833	24673	15.350231	0.40008876	14.515699	4.7672367	4.5462823	25216	11.698008	0.40080848	14.622671	4.8642025	4.5126147	25759	15.704342	0.41468725	15.11523	5.6762185	5.244233	25905	21.035788	0.48547658	18.550022	5.3573003	4.9431396	25199	18.893915	0.45274028	17.183886	5.62695	5.270959	25425	19.544481	0.47708145	18.080868	2.0026188	1.8171993	20768	3.5469444	0.14124371	1.248713	1.8869103	1.7229728	0	3.2531662	0	0	2.274438	2.1630158	22662	2.9102402	0.1564338	1.2587336	0	0	0	0	0	0	0	0	0	0	0	0	0	0	0	0	0	0
F8_S24_subsampled_depth_16G_contig_9765	5.4450545	5.4049215	25797	6.467855	0.45631382	16.555616	5.610333	5.4726	25966	9.134887	0.47005716	17.149063	5.044755	4.9106574	25612	7.8172045	0.42444372	15.470843	5.717307	5.654143	25447	8.503723	0.48584336	18.56404	5.6406174	5.468208	25951	9.648858	0.4755824	18.050873	5.7886615	5.7075353	26002	7.090142	0.48845193	18.511797	3.9760103	3.773082	24027	8.379318	0.27742252	2.4526472	2.5009403	2.3167725	20989	5.0043464	0.17116891	1.311006	3.1391394	3.025033	23874	4.8000393	0.21631813	1.7405895	1.9094537	1.7395625	19877	3.3119683	3.4127645	100.99877	0	0	0	0	0	0	1.9520209	1.8103118	20296	3.0968843	3.236901	95.135345
F8_S24_subsampled_depth_16G_contig_10215	9.642554	9.299884	21665	37.727272	0.8448126	30.650826	9.419971	8.967902	21703	35.4625	0.826576	30.155926	10.528365	10.080979	21705	45.65331	0.927329	33.80084	8.8711605	8.314132	21918	38.72311	0.7885348	30.129852	9.028205	8.54125	21683	40.680717	0.7947312	30.164267	9.891424	9.2126665	22020	50.09853	0.8711074	33.014034	0	0	0	0	0	0	0	0	0	0	0	0	0	0	0	0	0	0	261.09323	167.11151	22002	281191.9	530.0031	15685.13	266.20264	171.79686	22021	287435.25	532.3405	15719.609	313.1122	199.50403	22005	414993.66	603.7635	17745.145
F8_S24_subsampled_depth_16G_contig_10583	5.4021215	5.153775	11703	12.814497	0.4515858	16.38408	5.3216476	5.210129	11798	9.2998495	0.44823068	16.352783	5.1425495	4.99779	11554	10.8141575	0.43641725	15.907279	4.3380575	4.2480664	11969	5.015837	0.3735314	14.272608	5.537709	5.363812	11842	14.167372	0.46698913	17.72471	5.4175367	5.3061695	12116	8.113093	0.45752728	17.339796	0	0	0	0	0	0	0	0	0	0	0	0	0	0	0	0	0	0	4.422675	4.296685	11023	9.870398	8.392046	248.35756	3.3691363	3.2778084	10742	5.395265	5.6086707	165.6197	5.817421	5.598987	11826	11.958122	9.591868	281.9135
F8_S24_subsampled_depth_16G_contig_10596	4.6975946	4.590215	10828	6.9243693	0.39962992	14.499056	4.7810636	4.7235284	10503	7.5695896	0.40279385	14.6951	4.9548745	4.8192687	10817	9.827304	0.42673454	15.55434	4.8989873	4.722423	11018	6.92052	0.42081013	16.079126	5.45813	5.3677917	10686	9.691881	0.46261367	17.558638	4.8574786	4.713382	10984	8.385402	0.41328573	15.663094	0	0	0	0	0	0	0	0	0	0	0	0	0	0	0	0	0	0	0	0	0	0	0	0	0	0	0	0	0	0	0	0	0	0	0	0
F8_S24_subsampled_depth_16G_contig_10877	5.5050874	5.30928	32924	11.346326	0.48843032	17.72084	6.146883	5.9142017	32362	16.83574	0.5463466	19.932323	6.779435	6.553036	33279	15.701547	0.6070545	22.12696	7.6608243	7.4398947	33407	18.718111	0.68015695	25.988745	7.530388	7.3177834	33333	19.046251	0.6598249	25.043858	7.8376904	7.5549703	33247	23.713556	0.70115	26.57282	0	0	0	0	0	0	0	0	0	0	0	0	0	0	0	0	0	0	0	0	0	0	0	0	0	0	0	0	0	0	0	0	0	0	0	0
F8_S24_subsampled_depth_16G_contig_11652	4.273565	4.140891	12280	7.176665	0.35844156	13.004693	4.0821886	3.952007	12229	6.236812	0.34038088	12.418091	3.6722782	3.5743272	12106	4.759568	0.3082717	11.236413	3.34543	3.2747242	12012	4.19563	0.283859	10.84623	3.98388	3.9011028	12527	3.9968023	0.3322753	12.611603	3.7542286	3.6697838	12308	4.217942	0.31643707	11.992624	0	0	0	0	0	0	0	0	0	0	0	0	0	0	0	0	0	0	2.0684507	1.9018968	9857	3.7010002	3.5669327	105.561226	2.6083539	2.5225408	11002	3.2730622	4.384704	129.477	2.606607	2.4931629	10885	3.5984063	4.2513313	124.95042
F8_S24_subsampled_depth_16G_contig_12247	6.64543	6.492137	27115	11.071446	0.5582407	20.253649	6.1663313	6.0234876	27037	10.248905	0.5197555	18.962217	6.4290676	6.1237354	27205	13.748231	0.54741234	19.953016	6.8297186	6.670202	27154	11.218752	0.5815983	22.222822	7.06733	6.910764	27371	10.677017	0.5985161	22.716846	7.1160808	6.8983297	27315	12.679454	0.6052396	22.93794	2.5009692	2.3613718	23378	3.8672268	0.17500225	1.5471662	2.169623	2.0393353	22664	3.0650754	0.14938785	1.1441822	2.1308563	1.9932139	22569	3.173718	0.14439222	1.1618425	3.6961195	3.605632	25349	5.2847643	6.604105	195.4446	2.9628057	2.853712	25067	3.7985213	4.9842157	147.17996	4.2987604	4.1966352	26793	5.6881137	7.070586	207.81073
F8_S24_subsampled_depth_16G_contig_12364	5.4549456	5.4034715	14196	5.6340117	0.45870775	16.642475	4.754314	4.6616173	14198	5.3458247	0.40692258	14.8457365	5.2810483	5.2127023	13959	7.7835245	0.4462596	16.266024	5.2018747	5.076844	14150	8.087139	0.44272944	16.91665	5.8300786	5.672347	14103	9.098024	0.49344254	18.728758	5.871263	5.726075	14233	8.408294	0.49758634	18.857979	2.1329262	1.9902959	11593	3.3834085	0.14917894	1.3188672	2.0874813	2.011361	11966	2.3807857	0.1442816	1.1050721	3.0345807	2.9242604	12454	4.5093136	0.20990396	1.688977	0	0	0	0	0	0	0	0	0	0	0	0	0	0	0	0	0	0
F8_S24_subsampled_depth_16G_contig_12466	13.508629	11.1254	37117	237.49023	1.1625706	42.179474	13.627244	11.470707	37191	200.44336	1.1683013	42.623062	13.962689	11.428394	37054	253.73662	1.2118222	44.17054	20.033875	17.923393	37280	255.54944	1.7287478	66.05531	19.244793	17.205587	37015	228.79762	1.6480359	62.551662	20.258295	18.288406	37700	244.35556	1.7472241	66.21792	0	0	0	0	0	0	0	0	0	0	0	0	0	0	0	0	0	0	31.249401	29.91496	37700	159.7548	55.054153	1629.2954	35.87004	34.20467	37700	231.5855	61.690598	1821.6753	36.389374	34.531807	37700	297.8418	60.483833	1777.6732
F8_S24_subsampled_depth_16G_contig_12635	11.718662	11.690632	22280	18.754599	0.98813635	35.850784	11.625531	11.4786625	22280	20.1032	0.9819145	35.82314	11.865386	11.724421	22278	19.249763	1.0155308	37.015774	14.118708	14.112712	22280	17.32601	1.2076049	46.1425	14.151153	14.047043	22280	23.58568	1.2022855	45.633118	14.665612	14.54147	22280	19.122126	1.2508619	47.406334	8.270131	8.069635	22168	17.580511	0.5854087	5.175505	7.5755534	7.344663	22126	16.121204	0.52367556	4.010901	6.384546	6.260016	22144	10.421599	0.43625724	3.5103147	0	0	0	0	0	0	0	0	0	0	0	0	0	0	0	0	0	0
F8_S24_subsampled_depth_16G_contig_13963	6.9939437	6.8761916	10039	8.959582	0.59633833	21.63588	6.813465	6.657396	9989	13.852747	0.5733755	20.91842	6.690724	6.6050243	9945	11.014776	0.5668833	20.66273	6.352882	6.2697096	9928	8.762398	0.5414135	20.687355	6.9352984	6.7658405	10007	11.20427	0.5886698	22.343122	6.8312306	6.742178	10057	7.6448426	0.5811242	22.02399	5.1637225	4.824941	9523	18.275028	0.35880506	3.1721396	3.5324519	3.3430526	9034	8.441785	0.24482737	1.875166	7.3119006	6.919928	9851	27.833055	0.49442685	3.9783714	0	0	0	0	0	0	0	0	0	0	0	0	0	0	0	0	0	0
F8_S24_subsampled_depth_16G_contig_14075	2.0195928	1.9338335	15420	2.338466	0.16807283	6.0978866	1.8006973	1.6728569	14214	2.4532747	0.1499325	5.4699793	1.8687736	1.7644817	14171	2.3771439	0.15892045	5.7925997	2.4235113	2.3422704	15860	2.8996124	0.2041645	7.801108	1.8502325	1.7219285	14729	2.3645723	0.15448117	5.8633795	1.8917977	1.7312753	14415	2.973458	0.15899998	6.02593	1.6244189	1.5139589	13901	2.030625	0.11367695	1.005	0	0	0	0	0	0	0	0	0	0	0	0	2.6381447	2.5623538	15948	3.2325337	4.664515	138.04355	3.1108036	3.0256426	16172	4.2181973	5.1902776	153.26497	3.0355878	2.9057312	16042	4.876521	4.9247565	144.74292
F8_S24_subsampled_depth_16G_contig_10533|provirus_107230_158246	9.330941	9.057906	50932	25.062813	0.7879254	28.586884	8.899621	8.5336275	50992	23.753578	0.74956554	27.34635	9.038355	8.758043	50725	27.475687	0.77124953	28.111816	9.267836	8.93565	50805	27.795639	0.7922001	30.26991	8.144809	7.758983	50802	24.181566	0.69154674	26.247864	9.056913	8.760097	50770	25.70987	0.7716355	29.244156	0	0	0	0	0	0	0	0	0	0	0	0	0	0	0	0	0	0	37.768867	34.39224	51017	975.57623	67.42142	1995.2971	47.23015	43.73502	51016	1067.2794	81.32795	2401.5522	42.478226	38.81016	51016	1192.8561	71.24308	2093.897
GP3_S28_subsampled_depth_16G_contig_142	509.11475	506.75485	38655	12371.911	43.304558	1571.1418	515.7327	512.76526	38653	12844.252	43.830284	1599.0579	527.54877	524.63336	38653	14077.022	45.262486	1649.8041	548.53143	545.80273	38654	13469.522	47.1505	1801.6167	547.4197	546.1543	38651	12651.39	46.73295	1773.7631	559.6365	557.3642	38656	13683.284	48.041897	1820.7367	79.05882	67.488205	38674	7781.588	5.516662	48.77195	70.10194	60.22306	38645	5905.713	4.7762904	36.58226	81.99154	71.41022	38645	6776.1006	5.591624	44.99261	36.890797	37.103745	38648	115.60284	70.971306	2100.3538	30.98614	31.138151	38645	79.2851	52.632065	1554.1842	39.45055	39.75995	38645	100.60141	64.7983	1904.4796
GP3_S28_subsampled_depth_16G_contig_449	0	0	0	0	0	0	3.469872	3.1131327	3964	11.45536	0.29857534	10.892907	3.030023	2.5824585	0	13.079527	0	0	0	0	0	0	0	0	0	0	0	0	0	0	0	0	0	0	0	0	5605.4194	5342.4653	4913	11596697	384.7826	3401.8027	4049.7458	3857.1382	4913	6233156.5	271.43237	2078.937	4463.0913	4251.07	4913	7524400	299.5089	2409.9778	0	0	0	0	0	0	0	0	0	0	0	0	0	0	0	0	0	0
GP3_S28_subsampled_depth_16G_contig_499	239.58046	232.55974	49751	4277.5845	20.222023	733.6795	245.66545	238.74936	49751	4198.054	20.726578	756.1667	237.36694	229.42331	49751	4448.56	20.196161	736.1438	218.79037	212.27141	49751	3544.4956	18.675522	713.5903	228.46954	222.18861	49751	3377.4968	19.346416	734.299	221.41245	214.72604	49751	3752.1084	18.863543	714.908	158.78947	154.8737	49751	5491.6025	11.105061	98.17811	126.65285	123.55772	49751	3311.4258	8.656414	66.30063	147.88016	145.21301	49751	4195.1265	10.116421	81.40112	0	0	0	0	0	0	0	0	0	0	0	0	0	0	0	0	0	0
GP3_S28_subsampled_depth_16G_contig_600	0	0	0	0	0	0	0	0	0	0	0	0	0	0	0	0	0	0	0	0	0	0	0	0	0	0	0	0	0	0	0	0	0	0	0	0	1653.6803	1650.753	5215	59046.75	114.13111	1009.0149	1440.1906	1437.6473	5215	49931.805	97.14207	744.0243	1094.7319	1092.5359	5215	31847.887	73.76796	593.5687	0	0	0	0	0	0	0	0	0	0	0	0	0	0	0	0	0	0
GP3_S28_subsampled_depth_16G_contig_740	34.315193	32.808163	28872	603.98517	3.0369608	110.18456	35.806454	34.294582	28872	627.7916	3.16011	115.2901	39.46574	37.75265	28872	830.10834	3.5304759	128.68472	39.549717	37.854816	28872	825.60876	3.5433831	135.39238	40.046062	38.301006	28872	778.0211	3.5407634	134.3908	40.554626	38.91497	28872	844.0444	3.6188693	137.15123	9.785287	9.27911	28697	40.194805	0.6966431	6.158914	9.060824	8.670096	28571	30.650003	0.62669045	4.799907	9.480189	8.811489	28783	47.300278	0.6591288	5.303638	2.8152635	2.501586	24131	11.51902	5.8095393	171.92992	2.3904672	2.1627467	23734	6.293998	4.2470226	125.41135	3.012151	2.650058	26313	16.2973	5.3659244	157.70932
GP3_S28_subsampled_depth_16G_contig_848	0	0	0	0	0	0	0	0	0	0	0	0	0	0	0	0	0	0	0	0	0	0	0	0	0	0	0	0	0	0	0	0	0	0	0	0	8.719598	8.570897	3135	19.217262	0.58719593	5.1913037	13.414741	13.315966	3100	53.64228	0.88968545	6.814215	12.00938	12.090435	3110	18.626581	0.81263596	6.538821	0	0	0	0	0	0	0	0	0	0	0	0	0	0	0	0	0	0
GP3_S28_subsampled_depth_16G_contig_940	0	0	0	0	0	0	0	0	0	0	0	0	0	0	0	0	0	0	0	0	0	0	0	0	0	0	0	0	0	0	0	0	0	0	0	0	30288.691	29677.51	1711	738727940	2045.506	18083.992	38651.43	37831.918	1711	1177359000	2550.734	19536.412	40622.74	39661.12	1711	1316763800	2684.4424	21600.186	0	0	0	0	0	0	0	0	0	0	0	0	0	0	0	0	0	0
GP3_S28_subsampled_depth_16G_contig_999	13060.362	12644.466	12818	159948770	1089.0576	39512.33	13015.357	12592.377	12881	158121010	1084.8337	39577.93	12947.12	12548.969	12725	156508340	1088.391	39671.516	11279.765	10946.688	12868	116870250	950.5348	36319.86	11959.34	11602.255	12871	131023670	1000.11475	37959.645	11653.965	11300.427	12848	124499896	980.2506	37150.445	6515.1826	6312.6963	13072	37877064	451.9942	3996.0095	5688.131	5507.842	12989	29066398	385.39737	2951.8093	6616.375	6395.591	12997	39813116	448.63568	3609.9165	15.854744	14.779364	12098	259.77127	27.892862	825.47296	17.133106	16.241014	12191	289.10635	28.643936	845.833	18.491255	17.585297	11949	346.86288	30.022968	882.4013
GP3_S28_subsampled_depth_16G_contig_1068	0	0	0	0	0	0	5.570439	5.502135	1326	14.143532	0.5410857	19.740389	5.5296383	5.389411	1324	16.28013	0.47531334	17.32502	0	0	0	0	0	0	1.6004618	1.560205	0	1.7763017	0	0	0	0	0	0	0	0	24525.322	24401.168	1449	138234180	1588.8007	14046.336	33674.266	33685.867	1449	262081490	2126.7058	16288.72	33433.98	33415.48	1449	252253120	2114.7605	17016.275	0	0	0	0	0	0	0	0	0	0	0	0	0	0	0	0	0	0
GP3_S28_subsampled_depth_16G_contig_1075	974	956.35504	94239	28931.406	81.81612	2968.3872	1009.6695	991.51	94267	31388.91	84.76509	3092.4802	1035.5856	1015.6008	94266	34761.313	87.69274	3196.373	1092.7733	1069.423	94288	44504.965	92.78025	3545.1267	1068.4019	1048.1097	94312	39274.93	90.014046	3416.5098	1071.0093	1048.9227	94278	42756.227	90.775085	3440.2778	468.45697	466.70752	94338	19038.549	32.763622	289.65802	412.2994	410.21304	94336	14867.586	28.157322	215.66077	467.28445	464.38303	94338	17907.84	31.943102	257.0279	5.563193	5.4302583	92621	9.185777	9.871962	292.15488	6.0916467	5.9423027	93540	9.171276	10.269718	303.2569	5.1730685	5.055208	92739	7.992141	8.442429	248.13052
GP3_S28_subsampled_depth_16G_contig_1171	0	0	0	0	0	0	0	0	0	0	0	0	0	0	0	0	0	0	0	0	0	0	0	0	0	0	0	0	0	0	0	0	0	0	0	0	2731.1245	2426.238	1097	13671855	179.393	1585.9854	2720.247	2423.9954	869	13290593	175.35127	1343.0386	1986.6431	1772.6025	889	7018446	127.766335	1028.063	0	0	0	0	0	0	0	0	0	0	0	0	0	0	0	0	0	0
GP3_S28_subsampled_depth_16G_contig_1403	39.070156	39.339806	45122	111.02106	3.2827673	119.10282	37.916126	38.198017	45122	95.94156	3.1887488	116.33493	37.998867	38.457405	45122	99.24075	3.221208	117.41206	34.210598	34.401497	45122	87.02497	2.911159	111.2352	34.13971	34.477295	45122	90.08908	2.8809004	109.34546	33.686295	33.846626	45122	85.69158	2.8577213	108.30462	18.240017	17.933096	45122	67.1629	1.273759	11.261098	16.371387	16.128841	44996	58.66476	1.1183096	8.565284	19.379213	19.221489	45077	78.21699	1.3258028	10.667987	0	0	0	0	0	0	0	0	0	0	0	0	0	0	0	0	0	0
GP3_S28_subsampled_depth_16G_contig_1668	107.94275	98.16352	35763	9049.664	9.044248	328.13635	99.98764	91.29203	35714	7424.253	8.37544	305.56076	107.216774	96.33124	35786	9640.853	9.054271	330.0253	119.36406	104.75284	35767	15709.914	10.108867	386.25894	118.980965	104.15777	35755	16342.194	9.998828	379.50848	118.49654	103.20455	35728	17671.643	10.014053	379.52185	46.903843	44.370758	36081	1088.9469	3.2647119	28.862797	37.922714	36.223907	35792	599.0949	2.5804424	19.763954	45.465004	43.174805	35927	920.38165	3.0965514	24.91619	21.952103	2.687127	31272	10364.347	43.626057	1291.0876	22.898361	2.3999815	32321	11734.373	44.56544	1315.9834	24.4431	2.7471473	32082	12960.25	45.777996	1345.4558
GP3_S28_subsampled_depth_16G_contig_1779	0	0	0	0	0	0	0	0	0	0	0	0	0	0	0	0	0	0	0	0	0	0	0	0	0	0	0	0	0	0	0	0	0	0	0	0	5285.2847	5275.442	5392	595033.7	362.4933	3204.7454	5883.5313	5877.265	5392	715342.44	394.10532	3018.5044	7562.4976	7557.336	5392	1199669.3	507.01306	4079.6455	0	0	0	0	0	0	0	0	0	0	0	0	0	0	0	0	0	0
GP3_S28_subsampled_depth_16G_contig_1882	0	0	0	0	0	0	0	0	0	0	0	0	0	0	0	0	0	0	0	0	0	0	0	0	0	0	0	0	0	0	0	0	0	0	0	0	1362.6375	1352.709	6453	72367.24	94.17213	832.5608	1258.0533	1249.6156	6453	53664.68	84.919235	650.4078	1210.3091	1200.5514	6453	59790.777	81.85262	658.6217	0	0	0	0	0	0	0	0	0	0	0	0	0	0	0	0	0	0
GP3_S28_subsampled_depth_16G_contig_2167	0	0	0	0	0	0	0	0	0	0	0	0	0	0	0	0	0	0	0	0	0	0	0	0	0	0	0	0	0	0	0	0	0	0	0	0	5.3230267	5.2574525	2520	5.971313	0.3609465	3.19107	0	0	0	0	0	0	3.0451586	2.9981933	2311	4.2515216	0.20007682	1.6099049	0	0	0	0	0	0	0	0	0	0	0	0	0	0	0	0	0	0
GP3_S28_subsampled_depth_16G_contig_2478	0	0	0	0	0	0	0	0	0	0	0	0	0	0	0	0	0	0	0	0	0	0	0	0	0	0	0	0	0	0	0	0	0	0	0	0	7.402673	7.3369746	4116	10.684469	0.5031503	4.448275	0	0	0	0	0	0	3.4306607	3.3969188	3935	2.8359227	0.23366125	1.8801388	0	0	0	0	0	0	0	0	0	0	0	0	0	0	0	0	0	0
GP3_S28_subsampled_depth_16G_contig_2586	0	0	0	0	0	0	0	0	0	0	0	0	0	0	0	0	0	0	0	0	0	0	0	0	0	0	0	0	0	0	0	0	0	0	0	0	4.316469	4.353644	1079	3.4018943	0.27142167	2.3995955	0	0	0	0	0	0	0	0	0	0	0	0	0	0	0	0	0	0	0	0	0	0	0	0	0	0	0	0	0	0
GP3_S28_subsampled_depth_16G_contig_3885	67.14203	66.15247	40827	246.8745	5.6263003	204.12898	65.73078	65.1375	40863	258.2169	5.5058866	200.87096	63.966236	63.502354	40855	206.98074	5.4099283	197.19025	61.257774	60.825916	40846	195.59445	5.1884913	198.25185	59.894794	59.122715	40831	218.14279	5.0356	191.12772	60.05439	59.44105	40869	230.88861	5.0799527	192.52483	40.190838	37.960148	40965	518.89526	2.7993937	24.748995	30.000515	28.477257	40849	272.81464	2.0445902	15.659795	39.797672	37.9773	40823	417.49203	2.7128828	21.829021	1.6547837	1.5309106	30806	2.183709	2.9005537	85.84015	2.1590593	2.0051994	34076	3.3840685	3.6351476	107.34307	2.3497243	2.2747788	36286	2.496644	3.823774	112.384125
GP3_S28_subsampled_depth_16G_contig_4353	351.10455	338.69727	13516	330506	42.922215	1557.2701	342.56253	325.60678	13578	536270.4	45.991547	1677.9067	348.58707	329.17496	13551	688445.8	49.02763	1787.0416	439.4882	433.50095	13571	243784.27	48.753365	1862.8622	445.30478	427.05438	13510	674224.2	56.711838	2152.5146	434.44977	428.8782	13496	210331.4	47.166824	1787.5726	393.8211	393.86346	13733	59042.824	30.77812	272.10464	318.9423	315.94382	13697	76421.79	26.324059	201.61945	457.9879	457.89865	13686	85322.92	35.290924	283.96588	13.002503	3.322454	12551	91638.69	165.56172	4899.701	8.434293	3.3125563	12503	24362.082	89.712036	2649.127	5.8640213	2.1663804	11497	13082.882	63.082	1854.0358
GP3_S28_subsampled_depth_16G_contig_4432	86.57929	86.13415	17983	334.05762	7.274821	263.93942	91.61758	91.387245	17982	348.18835	7.6982055	280.8533	94.01452	93.79292	17987	355.6726	7.9720216	290.5777	103.43685	103.4418	17989	388.78754	8.794199	336.0257	106.115814	106.14399	17988	397.91995	8.977422	340.7407	105.49308	105.64806	17987	405.928	8.957761	339.48947	9.539717	9.182101	17941	31.681664	0.6698127	5.921705	8.252648	7.964377	17808	25.447157	0.5685104	4.3542986	8.392679	8.053061	17865	27.644705	0.5750139	4.6268106	8.185605	8.051255	17888	16.976252	16.231522	480.36215	5.892931	5.79934	17780	9.8268585	10.006742	295.4913	8.915634	8.770817	17908	15.572822	14.608046	429.3432
GP3_S28_subsampled_depth_16G_contig_4605	0	0	0	0	0	0	0	0	0	0	0	0	0	0	0	0	0	0	0	0	0	0	0	0	0	0	0	0	0	0	0	0	0	0	0	0	9.314454	9.19982	4913	26.013788	0.6325934	5.5926566	3.3623629	3.1941814	4272	5.8363824	0.22140245	1.6957507	1.9005278	1.7819124	0	2.7665503	0	0	0	0	0	0	0	0	0	0	0	0	0	0	0	0	0	0	0	0
GP3_S28_subsampled_depth_16G_contig_4607	0	0	0	0	0	0	0	0	0	0	0	0	0	0	0	0	0	0	0	0	0	0	0	0	0	0	0	0	0	0	0	0	0	0	0	0	32.651108	32.71189	2258	89.29328	2.1554434	19.05594	10.94248	10.760084	2271	20.166494	0.7198039	5.5130754	17.347006	17.35516	2229	27.805956	1.1037816	8.881507	0	0	0	0	0	0	0	0	0	0	0	0	0	0	0	0	0	0
GP3_S28_subsampled_depth_16G_contig_4623	0	0	0	0	0	0	0	0	0	0	0	0	0	0	0	0	0	0	0	0	0	0	0	0	0	0	0	0	0	0	0	0	0	0	0	0	8.330323	8.069166	2247	11.910331	0.5522058	4.8819623	10.764734	10.752904	2243	19.996456	0.70710194	5.4157887	8.93346	8.992081	2187	6.515781	0.5855581	4.7116547	0	0	0	0	0	0	0	0	0	0	0	0	0	0	0	0	0	0
GP3_S28_subsampled_depth_16G_contig_4624	0	0	0	0	0	0	0	0	0	0	0	0	0	0	0	0	0	0	0	0	0	0	0	0	0	0	0	0	0	0	1.459516	1.4044445	4407	1.0273719	0.12053933	4.568312	80.21509	79.77884	5399	199.28087	5.4941535	48.572956	143.25986	143.18835	5399	555.2203	9.61117	73.61325	91.484474	91.433014	5399	190.40854	6.1039586	49.115112	0	0	0	0	0	0	0	0	0	0	0	0	0	0	0	0	0	0
GP3_S28_subsampled_depth_16G_contig_812|provirus_68854_100287	40.874153	40.58897	31425	83.16089	3.4805562	126.2788	41.667084	41.054375	31429	89.50791	3.5506432	129.53789	41.589024	41.144127	31425	87.95691	3.5746286	130.29404	41.380226	40.939976	31429	83.229866	3.574186	136.56938	41.680347	41.14622	31401	95.69824	3.57078	135.52997	42.90756	42.464024	31433	91.35467	3.7059152	140.45029	30.893492	29.967182	31430	196.3258	2.176136	19.238873	25.84452	25.347776	31431	146.11269	1.7765661	13.6069565	32.329563	31.510406	31429	201.55528	2.2224298	17.88263	0	0	0	0	0	0	0	0	0	0	0	0	0	0	0	0	0	0
GP3_S28_subsampled_depth_16G_contig_1569|provirus_5979_36618	23.204756	21.354055	30640	164.91406	1.9899904	72.19929	23.07081	21.129545	30640	179.01971	1.9789854	72.19922	23.628994	21.463814	30640	206.02003	2.0492537	74.694664	24.288029	21.986881	30640	224.23834	2.1179044	80.92494	24.215153	21.962831	30640	211.7539	2.0910757	79.367355	25.140604	22.925734	30640	216.8764	2.1827164	82.722595	17.982388	17.775053	30640	53.326775	1.263051	11.166432	16.489014	16.32596	30640	44.117977	1.1333754	8.680675	18.26025	18.10269	30640	43.043983	1.255214	10.099997	0	0	0	0	0	0	0	0	0	0	0	0	0	0	0	0	0	0
GP3_S28_subsampled_depth_16G_contig_2967|provirus_3118_14874	4.7898684	4.726716	11561	5.240261	0.39926404	14.485787	4.665719	4.6128073	11442	5.1248493	0.38936308	14.205106	4.6171274	4.5227337	11671	4.457565	0.3894508	14.195355	4.5905056	4.382598	11493	7.503589	0.38485283	14.705194	4.88774	4.8400497	11722	5.475333	0.41082016	15.592809	5.025071	4.9689865	11649	4.2905126	0.42437732	16.08345	3.4686828	3.3840337	11211	4.339512	0.2375323	2.0999863	2.8950634	2.8450272	10717	3.1058235	0.19726075	1.5108463	3.9545102	3.7992725	11188	6.501808	0.26890334	2.1637127	2.1244938	1.9997128	9006	3.4507241	3.6349492	107.57416	0	0	0	0	0	0	2.126217	2.022303	9972	2.4811382	3.5445147	104.17639
GP4_S29_subsampled_depth_16G_contig_32	21.98343	18.705643	2515	594.33307	1.9292482	69.99544	39.467968	34.991413	2660	1358.0039	3.454843	126.04287	53.50368	49.845463	2645	1953.4088	4.7394514	172.75154	4.4421945	4.2955847	2228	12.187818	0.3835396	14.655017	7.6726804	6.6336875	2513	70.17827	0.6679194	25.351078	8.236745	7.345053	2229	77.645226	0.73019624	27.67366	57886.76	56234.44	2866	1768170200	3980.6953	35192.7	64824.707	61564.977	2866	2837660200	4367.4077	33450.55	57390.676	53299.59	2866	2945012500	3882.7266	31242.088	0	0	0	0	0	0	0	0	0	0	0	0	0	0	0	0	0	0
GP4_S29_subsampled_depth_16G_contig_192	0	0	0	0	0	0	8.359721	7.6633873	1500	59.25455	0.6875046	25.082195	11.322356	10.650035	1609	97.10325	0.9737188	35.491756	0	0	0	0	0	0	0	0	0	0	0	0	0	0	0	0	0	0	31603.967	31091.98	1729	384589000	2073.4226	18330.797	44447.508	43748.05	1729	750776770	2845.7664	21796.104	44112.17	43441.65	1729	730075200	2825.6006	22736.008	0	0	0	0	0	0	0	0	0	0	0	0	0	0	0	0	0	0
GP4_S29_subsampled_depth_16G_contig_465	0	0	0	0	0	0	0	0	0	0	0	0	0	0	0	0	0	0	2.2442005	2.124134	3639	2.8038743	0.190542	7.2805986	0	0	0	0	0	0	1.6889498	1.5871433	3167	2.037705	0.14420517	5.465224	2.3816414	2.3327792	3438	2.755511	0.16095296	1.4229599	7.8154154	7.6638956	4159	12.11063	0.52324134	4.0075746	0	0	0	0	0	0	0	0	0	0	0	0	0	0	0	0	0	0	0	0	0	0	0	0
GP4_S29_subsampled_depth_16G_contig_531	19.57225	19.077477	2923	74.59796	1.7088897	62.000572	32.615025	32.94968	2925	106.426735	2.8422625	103.69408	43.002518	41.963657	2930	265.74866	3.7671125	137.3101	4.6969805	4.6661344	2911	3.5007389	0.4054216	15.491129	7.400072	7.263179	2822	17.669083	0.63991314	24.288088	5.8339324	5.599441	2822	14.979245	0.50485414	19.133444	62337.83	63462.44	2932	137089710	4191.7935	37058.996	60649.14	61755.496	2932	132845830	3982.1184	30499.586	45500.035	46257.55	2932	73878610	2990.0474	24059.213	0	0	0	0	0	0	0	0	0	0	0	0	0	0	0	0	0	0
GP4_S29_subsampled_depth_16G_contig_573	21901.193	21863.281	19508	144171310	1846.9313	67008.89	21775.693	21736.797	19508	142287000	1835.8462	66977.08	21684.797	21676.041	19508	139614240	1843.6458	67200.305	18978.844	18974.459	19508	105472000	1617.2593	61795.332	19966.465	19953.904	19508	116234430	1688.6816	64094.426	19516.533	19515.86	19508	111289030	1660.3202	62924.355	10552.966	10345.291	19508	41663988	738.648	6530.2686	9252.78	9064.39	19508	31933052	632.47437	4844.207	10668.159	10437.929	19508	43670188	729.79297	5872.23	24.296827	24.156624	19306	199.45436	43.11746	1276.0356	26.208855	25.739038	19216	256.2882	44.375237	1310.3667	30.206116	30.006887	19475	292.5848	49.396324	1451.802
GP4_S29_subsampled_depth_16G_contig_585	29.83901	29.014864	20406	213.2396	2.5291736	91.761475	27.400127	26.981188	20406	117.648285	2.3183157	84.57899	30.076717	29.21166	20406	224.58727	2.565724	93.51983	31.32731	30.695425	20406	213.88477	2.678979	102.36361	31.257801	30.73892	20406	169.80133	2.6502464	100.590904	31.159212	30.292288	20406	218.75853	2.6639352	100.96034	22.565512	22.300844	20406	122.57117	1.5787041	13.957069	20.80001	20.230528	20406	107.50793	1.4148996	10.836904	23.20468	22.793056	20406	136.6154	1.5803838	12.716446	0	0	0	0	0	0	0	0	0	0	0	0	0	0	0	0	0	0
GP4_S29_subsampled_depth_16G_contig_595	265.24493	255.59743	25435	10735.013	22.644997	821.5881	271.97873	262.5535	25434	11460.947	23.223791	847.27246	283.7658	273.87808	25437	12321.746	24.43679	890.7136	298.01294	287.2439	25437	13509.589	25.721802	982.828	289.0248	278.1666	25436	13776.363	24.767082	940.04205	294.0447	282.5568	25437	14284.201	25.327528	959.88635	55.04321	50.813927	25435	1964.1687	3.8560214	34.09048	47.91157	44.910427	25492	1191.2897	3.284002	25.152596	53.21703	49.595097	25388	1442.5679	3.6491334	29.362507	13.305106	12.417222	25360	103.64054	26.009222	769.7277	9.275432	8.573264	24932	63.88878	16.037098	473.56314	14.64987	13.842248	25308	123.41117	24.549986	721.54584
GP4_S29_subsampled_depth_16G_contig_625	0	0	0	0	0	0	0	0	0	0	0	0	0	0	0	0	0	0	0	0	0	0	0	0	0	0	0	0	0	0	0	0	0	0	0	0	149.65573	145.55377	4444	3667.51	10.614696	93.8428	98.494644	95.16261	4446	1949.0901	6.8249326	52.27304	94.76001	91.667015	4446	1574.4634	6.530962	52.550953	2.8063314	2.6377974	3814	5.126628	5.167283	152.92273	1.5907822	1.5118924	3392	1.6904761	2.6726868	78.92233	3.1624768	2.9650981	4067	6.978485	5.4033237	158.80836
GP4_S29_subsampled_depth_16G_contig_1075	58.770657	57.915627	45279	228.6575	4.942426	179.31721	58.385162	57.352314	45279	243.32947	4.907856	179.05302	59.255356	57.96398	45279	290.40463	5.0266004	183.21805	58.585697	57.53017	45279	294.11185	4.984062	190.44069	59.710407	58.645714	45279	262.08917	5.0343137	191.07887	60.89891	59.74555	45279	320.14517	5.1652355	195.75687	37.552174	34.34013	45279	905.53973	2.6253097	23.209942	29.810965	27.237339	45279	539.6293	2.0363936	15.597017	34.06541	31.433931	45279	653.6106	2.327419	18.727419	0	0	0	0	0	0	0	0	0	0	0	0	0	0	0	0	0	0
GP4_S29_subsampled_depth_16G_contig_1213	109.66912	104.47926	44003	3136.6982	9.247047	335.49396	105.7897	101.15234	44003	2916.7192	8.911734	325.12634	110.03583	105.02037	44003	3018.2476	9.35257	340.89832	95.12314	91.2448	44003	2140.2007	8.10768	309.79395	95.101524	90.99729	44003	2177.4756	8.039677	305.14844	93.43096	89.61879	44003	1921.268	7.9496164	301.282	58.873577	54.30596	44003	2079.718	4.1233478	36.453854	49.340935	45.256607	44003	1461.9011	3.378252	25.87449	57.842247	53.64438	44003	1882.0117	3.9662492	31.914158	0	0	0	0	0	0	0	0	0	0	0	0	0	0	0	0	0	0
GP4_S29_subsampled_depth_16G_contig_1230	85.87252	86.06543	33364	173.69969	7.2209525	261.98486	76.636055	76.49669	33364	168.27194	6.4399657	234.949	82.91651	82.72657	33364	171.78972	7.028136	256.17334	70.923645	70.80468	33364	106.40171	6.0291953	230.37502	65.545586	65.47655	33364	107.22681	5.53231	209.98041	67.71774	67.51157	33364	137.9531	5.7427397	217.64365	17.649847	17.318693	33364	50.219837	1.2386165	10.950413	15.775607	15.576269	33364	31.47492	1.0791185	8.265111	19.926235	19.738174	33364	43.04703	1.363407	10.970565	0	0	0	0	0	0	0	0	0	0	0	0	0	0	0	0	0	0
GP4_S29_subsampled_depth_16G_contig_1519	0	0	0	0	0	0	0	0	0	0	0	0	0	0	0	0	0	0	0	0	0	0	0	0	0	0	0	0	0	0	0	0	0	0	0	0	3.3683352	3.3375604	1497	5.1495028	0.21571255	1.9070803	2.8242655	2.780797	1765	2.8253882	0.17987178	1.3776617	0	0	0	0	0	0	0	0	0	0	0	0	0	0	0	0	0	0	0	0	0	0	0	0
GP4_S29_subsampled_depth_16G_contig_1833	92.29829	74.159195	18631	24515.547	8.101469	293.93115	94.72871	76.41409	18621	25853.188	8.306713	303.05338	102.17834	82.77955	18629	30233.646	9.066655	330.47696	108.64219	87.58476	18624	34824.797	9.658977	369.06873	107.165245	85.89564	18587	34105.746	9.453466	358.80905	110.80094	89.961464	18629	36113.52	9.827981	372.4699	8.53755	8.274498	18428	24.610384	0.60066485	5.3103843	7.4895573	7.399002	18332	14.769898	0.51544195	3.9478369	7.7847633	7.5743055	18562	15.557694	0.5414416	4.3566747	9.307001	7.00511	14197	315.80508	18.323032	542.2593	8.271021	6.24991	14670	250.54	14.546383	429.5435	10.5204525	8.001984	15851	401.46857	17.932495	527.0519
GP4_S29_subsampled_depth_16G_contig_2240	0	0	0	0	0	0	0	0	0	0	0	0	0	0	0	0	0	0	0	0	0	0	0	0	0	0	0	0	0	0	0	0	0	0	0	0	1.4205275	1.365004	1370	0.8672531	0.12122967	1.0717726	4.528867	4.529691	1553	4.460472	0.28946272	2.2170334	0	0	0	0	0	0	0	0	0	0	0	0	0	0	0	0	0	0	0	0	0	0	0	0
GP4_S29_subsampled_depth_16G_contig_2366	0	0	0	0	0	0	0	0	0	0	0	0	0	0	0	0	0	0	0	0	0	0	0	0	0	0	0	0	0	0	0	0	0	0	0	0	0	0	0	0	0	0	4.2065663	4.1139817	1612	5.7177396	0.2725303	2.0873454	0	0	0	0	0	0	0	0	0	0	0	0	0	0	0	0	0	0	0	0	0	0	0	0
GP4_S29_subsampled_depth_16G_contig_2372	10.173383	9.991231	15533	19.903204	0.84758705	30.75149	9.814939	9.710181	15559	16.941298	0.8165773	29.791155	9.610434	9.434407	15439	19.289225	0.8081848	29.458094	8.27817	8.197633	15334	13.473473	0.6994424	26.725637	8.175629	8.106944	15529	13.820979	0.6824448	25.90239	7.7639885	7.7319975	15399	11.548607	0.65449494	24.804665	4.2429414	4.0935407	14858	7.5964975	0.2951561	2.6094282	3.7769508	3.6354628	15309	5.5143857	0.25648934	1.9644862	4.310254	4.1787395	15019	6.4868727	0.2926224	2.354566	0	0	0	0	0	0	0	0	0	0	0	0	0	0	0	0	0	0
GP4_S29_subsampled_depth_16G_contig_2455	284.37384	283.00085	17000	1076.9835	24.351215	883.49176	294.99222	294.8474	17000	852.58093	25.263126	921.6733	322.1371	322.20923	17000	932.4437	27.84551	1014.9603	348.64462	348.59998	17000	1303.2959	30.200853	1153.9719	350.89767	350.24094	17000	1186.7017	30.199324	1146.224	354.06992	352.77774	17000	1327.8842	30.605232	1159.9056	11.792522	11.502571	16973	46.033623	0.8330626	7.364973	11.533828	11.235659	17000	33.956867	0.79450005	6.085181	12.058872	11.706119	16850	49.62667	0.82513064	6.6393604	36.597744	36.398193	17000	68.03312	73.484	2174.7156	26.954065	26.859356	17000	39.046116	46.49002	1372.8145	39.689198	39.426548	17000	52.445694	66.20073	1945.6979
GP4_S29_subsampled_depth_16G_contig_2460	358.80127	355.87024	13445	9856.912	31.15601	1130.3777	344.41217	342.34354	13445	8411.756	29.901968	1090.912	342.95758	340.463	13445	8087.409	29.973656	1092.5305	322.4477	319.93433	13445	6439.4053	28.353561	1083.3871	296.86356	295.2745	13445	5813.3535	25.808872	979.58325	311.5312	309.47607	13445	6356.693	27.308401	1034.9595	19.33524	18.962982	13445	100.7866	1.3855144	12.249118	16.875141	16.43528	13445	77.565575	1.1740296	8.992054	25.31305	24.787333	13445	152.5897	1.774606	14.279251	6.3446407	5.448734	12965	121.00939	14.3312	424.12354	5.244152	4.1016965	12862	164.64522	11.639907	343.71738	6.650545	5.589956	13289	132.08128	13.473735	396.00507
GP4_S29_subsampled_depth_16G_contig_2502	0	0	0	0	0	0	0	0	0	0	0	0	2.8039713	2.5003242	3972	8.230452	0.24606253	8.9689045	2.1635196	1.9712433	4011	4.062431	0.19098786	7.2976294	0	0	0	0	0	0	0	0	0	0	0	0	6527.976	6341.6865	5204	24213342	447.30823	3954.5806	4722.878	4587.928	5286	12712855	315.92596	2419.7183	5256.8726	5104.737	5159	15621391	351.8592	2831.2114	0	0	0	0	0	0	0	0	0	0	0	0	0	0	0	0	0	0
GP4_S29_subsampled_depth_16G_contig_2561	0	0	0	0	0	0	0	0	0	0	0	0	0	0	0	0	0	0	2.2247105	2.0942588	1332	2.6596673	0.20344543	7.773637	3.6200771	3.6066837	1401	3.2342181	0.30706018	11.654563	1.4810811	1.4815767	1205	0.974719	0.1412941	5.3548985	0	0	0	0	0	0	5.048649	5.050557	1445	3.981403	0.3323084	2.5451937	0	0	0	0	0	0	0	0	0	0	0	0	0	0	0	0	0	0	0	0	0	0	0	0
GP4_S29_subsampled_depth_16G_contig_2838	0	0	0	0	0	0	0	0	0	0	0	0	0	0	0	0	0	0	0	0	0	0	0	0	0	0	0	0	0	0	0	0	0	0	0	0	3383.662	3054.8806	1177	17819114	243.14452	2149.6025	3151.7463	2824.5278	1266	16714375	215.01105	1646.7985	2279.3718	2043.5616	1195	8707457	155.79822	1253.6201	0	0	0	0	0	0	0	0	0	0	0	0	0	0	0	0	0	0
GP4_S29_subsampled_depth_16G_contig_3010	111.853485	87.483826	20414	19450.527	10.717659	388.84964	118.19878	91.92159	20414	21791.246	11.256243	410.66086	121.63847	94.13609	20414	24049.646	11.764592	428.81577	136.56326	107.61027	20414	27039.361	13.156101	502.6937	142.2089	112.35876	20414	28270.375	13.551573	514.35394	143.54062	113.81604	20414	29003.86	13.782024	522.32404	10.865673	10.007622	20386	129.21613	0.8904911	7.8726926	10.998865	10.097817	20414	112.6807	0.8713287	6.6736217	11.462643	10.390613	20397	185.56165	0.93222135	7.5010576	21.039726	16.031418	20413	838.211	44.616325	1320.394	15.689499	12.248108	20412	420.6447	30.181936	891.2494	22.55152	17.278376	20414	911.8535	41.151943	1209.4917
GP4_S29_subsampled_depth_16G_contig_3078	148.29433	124.00322	14976	47402.19	12.874874	467.11603	140.31085	118.03349	14966	42578.82	12.213394	445.58047	141.17873	118.435	14977	43684.34	12.382098	451.3237	140.88258	117.08947	14970	46135.605	12.3950815	473.6151	130.6265	109.842636	14972	36916.94	11.38891	432.26947	135.2766	112.889244	14977	40667.11	11.9017935	451.0653	11.975113	11.35354	14867	72.45338	0.85619676	7.5694985	11.620894	10.694792	14841	81.63456	0.80631363	6.1756644	12.589533	12.05133	14923	77.34047	0.8778342	7.0634317	0	0	0	0	0	0	2.4817562	2.0804796	11261	9.557252	4.2877417	126.613686	2.4596345	2.132409	11546	7.5891404	4.1409507	121.70618
GP4_S29_subsampled_depth_16G_contig_3303	2218.8	1189.0035	7270	38330884	204.59555	7422.975	2409.4873	1291.4009	7288	44431790	222.02223	8100.0225	2443.5256	1321.1246	7279	45465600	227.56563	8294.696	2887.4888	1528.1305	6505	65782160	269.27814	10289.096	2886.926	1507.8019	7185	66235084	267.1491	10139.727	2957.9304	1545.458	7068	69504360	274.6864	10410.32	136859.22	135587	7377	1887637600	9750.235	86200.29	181380.83	185812.45	7377	1969704600	12480.897	95592.86	162948.69	166943.78	7377	1611304600	11223.41	90308.4	0	0	0	0	0	0	0	0	0	0	0	0	0	0	0	0	0	0
GP4_S29_subsampled_depth_16G_contig_3464	73.12989	68.76461	32709	5174.0947	7.049129	255.75081	73.04453	68.48344	32709	5363.9185	7.0529647	257.31287	73.265915	68.267944	32709	6445.1606	7.2203465	263.17935	74.11625	68.78652	32709	7618.8477	7.3921876	282.45502	70.70773	65.14479	32709	7427.658	7.049218	267.55515	71.87279	66.52124	32709	7005.6904	7.16505	271.5478	80.08544	75.26149	32709	2103.3857	5.722643	50.59297	63.286312	59.496876	32709	1303.9954	4.440394	34.00956	79.91585	75.34929	32709	1908.286	5.5897384	44.97747	0	0	0	0	0	0	0	0	0	0	0	0	0	0	0	0	0	0
GP4_S29_subsampled_depth_16G_contig_3767	2.9682071	2.8363297	34615	4.875924	0.24954838	9.053915	3.0143456	2.8402069	35192	5.3322577	0.25266647	9.218016	3.0306554	2.8944	34563	5.208304	0.2564772	9.348518	2.7519903	2.6153934	33530	4.8023715	0.23432094	8.953385	2.8509357	2.6980758	34397	4.595325	0.24121863	9.155522	2.7550404	2.6255887	34151	4.2754292	0.23393494	8.865885	6.9454093	6.4499426	36207	38.101967	0.48287123	4.2689877	5.955516	5.6018095	35661	25.441114	0.40432295	3.0967636	8.174214	7.5868177	37212	47.538494	0.5569066	4.4811115	1.9725754	1.8358701	30595	3.0033836	3.670014	108.611916	2.2070668	2.1091614	32473	2.7525573	3.7235641	109.954056	2.2210245	2.0512636	31451	3.871198	3.6166136	106.29544
GP4_S29_subsampled_depth_16G_contig_3845	3.0133808	2.9033997	16399	4.4747233	0.25146705	9.123526	2.967028	2.838477	16180	4.4598694	0.24991214	9.117533	2.4900632	2.3841424	14941	3.479434	0.20921469	7.6258116	2.8324864	2.7309623	16375	3.5789049	0.24115027	9.214333	2.791836	2.6599548	16236	4.0970864	0.23350118	8.862605	2.852868	2.791118	16521	3.0775542	0.2414674	9.151359	4.783085	4.6920714	16941	8.473638	0.33026072	2.9197826	4.591294	4.4865136	17093	7.349804	0.3123014	2.3919575	3.537263	3.4289925	15945	6.1402183	0.24172223	1.945002	0	0	0	0	0	0	0	0	0	0	0	0	0	0	0	0	0	0
GP4_S29_subsampled_depth_16G_contig_3924	0	0	0	0	0	0	0	0	0	0	0	0	0	0	0	0	0	0	0	0	0	0	0	0	0	0	0	0	0	0	0	0	0	0	0	0	0	0	0	0	0	0	5.8269334	5.7171245	1975	6.9526644	0.36861873	2.8233001	0	0	0	0	0	0	0	0	0	0	0	0	0	0	0	0	0	0	0	0	0	0	0	0
GP4_S29_subsampled_depth_16G_contig_3939	0	0	0	0	0	0	0	0	0	0	0	0	0	0	0	0	0	0	0	0	0	0	0	0	0	0	0	0	0	0	0	0	0	0	0	0	1395.4385	1417.3727	1143	846402.06	86.54277	765.1112	972.44775	985.21326	1222	411991.97	58.95096	451.51334	1066.7136	1081.0021	1083	489069.47	64.84618	521.7804	0	0	0	0	0	0	0	0	0	0	0	0	0	0	0	0	0	0
GP4_S29_subsampled_depth_16G_contig_647|provirus_7999_53395	204.753	195.94008	45397	6919.531	17.243633	625.6198	198.4906	190.05606	45397	5972.4194	16.718493	609.9399	214.2152	204.25995	45397	8122.3535	18.197628	663.29785	265.12305	255.8531	45397	9174.714	22.574108	862.55505	245.57317	236.96071	45397	8077.885	20.77327	788.4556	262.23712	253.46149	45397	8714.563	22.304459	845.3153	56.696533	55.567295	45397	960.1729	3.9792228	35.179672	50.318474	49.341698	45397	751.2189	3.4563591	26.472706	55.98349	54.61464	45397	915.922	3.8395002	30.89429	3.6332796	3.496378	42280	5.9181805	7.166505	212.08838	2.802926	2.692066	40547	3.9785988	4.7728014	140.93707	3.9586935	3.8161235	43696	6.0661235	6.54455	192.35011
GP5_S30_subsampled_depth_16G_contig_72	32.35701	32.273106	4419	37.7753	2.7647412	100.30812	31.692991	31.81646	4419	35.3771	2.691849	98.206566	28.212383	28.021807	4419	31.410128	2.4097743	87.83557	25.574533	25.613188	4419	41.172295	2.1927938	83.78644	26.439018	26.387072	4419	23.219458	2.3179526	87.97859	26.177103	26.072948	4419	36.940815	2.2669551	85.91516	4.862617	4.7845273	4398	7.210848	0.34943458	3.0892978	5.8450933	5.8245068	4374	6.7670712	0.3989824	3.0558581	5.448598	5.320353	4430	6.391843	0.37645933	3.0291553	5.1457944	5.06568	4397	5.810008	9.6469755	285.49655	3.6170561	3.5534787	4242	5.4361663	6.163675	182.00856	6.4948597	6.3629284	4419	9.131547	10.569002	310.63235
GP5_S30_subsampled_depth_16G_contig_100	0	0	0	0	0	0	0	0	0	0	0	0	0	0	0	0	0	0	0	0	0	0	0	0	0	0	0	0	0	0	0	0	0	0	0	0	2768.7349	2861.1118	3053	1119607.6	186.04309	1644.7769	1995.4287	2064.0752	3062	584889.6	130.76555	1001.55084	2179.2915	2252.3643	3130	687608.7	143.08675	1151.3381	0	0	0	0	0	0	0	0	0	0	0	0	0	0	0	0	0	0
GP5_S30_subsampled_depth_16G_contig_171	0	0	0	0	0	0	0	0	0	0	0	0	0	0	0	0	0	0	0	0	0	0	0	0	0	0	0	0	0	0	0	0	0	0	0	0	2.5386374	2.5424073	1912	2.2596	0.16559641	1.4640119	0	0	0	0	0	0	2.820759	2.7237177	2029	3.2405024	0.1794979	1.4443169	0	0	0	0	0	0	0	0	0	0	0	0	0	0	0	0	0	0
GP5_S30_subsampled_depth_16G_contig_507	6.6631017	6.533729	1719	25.426815	0.56183213	20.38396	19.7579	18.711819	1846	315.21664	1.678835	61.24886	28.105007	26.688614	1975	663.0181	2.4098408	87.83791	3.9353428	3.8041015	1947	9.710312	0.32431993	12.392241	0	0	0	0	0	0	3.0092368	2.764706	1756	8.034448	0.2601849	9.860725	113226.48	109279.734	2207	10816663000	7482.519	66151.766	151368.2	146422.16	2207	18486084000	9766.038	74799.39	154753.28	149431.56	2207	19990477000	9992.721	80405.76	0	0	0	0	0	0	0	0	0	0	0	0	0	0	0	0	0	0
GP5_S30_subsampled_depth_16G_contig_529	197.14415	196.63353	79500	1201.9811	16.596985	602.1587	207.67104	206.79614	79500	1459.0797	17.483032	637.8326	216.55768	215.38033	79500	1681.8009	18.386805	670.19336	212.11574	210.98277	79500	1643.5714	18.05336	689.8174	219.91183	219.0276	79500	1708.1465	18.57058	704.85175	210.99414	210.02469	79500	1515.7843	17.919447	679.12787	134.0096	131.05045	79500	3552.8103	9.389145	83.007965	113.59456	111.53237	79500	2421.1018	7.772416	59.529976	129.28304	127.28252	79500	2879.93	8.849178	71.20431	0	0	0	0	0	0	0	0	0	0	0	0	0	0	0	0	0	0
GP5_S30_subsampled_depth_16G_contig_656	1881.6106	1616.5145	126223	3205708.8	158.28627	5742.818	1930.2104	1669.4911	126141	3183238.8	162.27515	5920.274	1839.8761	1567.7443	126291	3303341.5	156.04321	5687.727	2579.514	2326.8428	126141	3101166.8	219.2548	8377.709	2648.1306	2410.821	126140	2911449	223.40144	8479.269	2583.6445	2332.7834	126294	3110828.3	219.23515	8308.78	1434.1007	1256.7502	126237	1721151.9	100.28619	886.6143	1197.3792	1055.1223	126236	1121237.3	81.77167	626.3001	1273.8363	1108.2202	126319	1461467.1	87.10495	700.88385	4.374545	4.034856	118481	14.207061	7.9377813	234.91406	4.371002	4.044279	119953	12.0652685	7.385457	218.08682	4.715215	4.3526635	120962	15.455442	7.706116	226.48955
GP5_S30_subsampled_depth_16G_contig_740	0	0	0	0	0	0	0	0	0	0	0	0	2.074507	1.9951339	1178	2.710819	0.16792946	6.120976	0	0	0	0	0	0	0	0	0	0	0	0	0	0	0	0	0	0	11175.303	10840.882	1429	110268460	742.4127	6563.553	16037.402	15528.879	1430	228257680	1038.9574	7957.5137	15541.382	15046.125	1519	209999650	1007.41705	8106.1123	0	0	0	0	0	0	0	0	0	0	0	0	0	0	0	0	0	0
GP5_S30_subsampled_depth_16G_contig_1094	2.8578973	2.7454545	17842	3.9896352	0.24022847	8.71578	2.9562922	2.8023236	17136	4.9710054	0.24599968	8.974791	2.7240026	2.5559685	16473	4.9250245	0.22958562	8.368321	2.5881214	2.487656	17117	3.2336729	0.21880761	8.360616	2.409578	2.272553	16346	3.6644027	0.20320871	7.7128477	2.1674597	2.0535	15940	2.8119118	0.1820393	6.899091	2.8646417	2.7557943	16522	4.3440638	0.20021418	1.7700614	1.8450881	1.7200698	14920	2.6327507	0.12666884	0.9701736	3.1908298	3.1063027	18122	4.025488	0.21707912	1.7467122	2.0601766	1.9022365	14604	3.5908048	3.6778264	108.84315	2.296544	2.1231484	15037	4.3024154	3.8559163	113.862206	2.4072776	2.258786	16253	3.908256	3.9166577	115.11399
GP5_S30_subsampled_depth_16G_contig_1142	41.943222	39.934105	4465	908.56354	3.7433825	135.8145	44.329086	42.465893	4465	1035.5402	3.967888	144.76031	40.160835	37.846848	4465	893.6747	3.5963247	131.08496	37.015526	35.383785	4465	703.3352	3.3922267	129.61673	39.54206	37.42986	4465	1066.894	3.5973146	136.53708	39.99235	38.38224	4465	853.0382	3.5981245	136.36505	7.8254924	7.254826	4465	60.64571	0.5809492	5.136081	9.382155	8.811583	4465	50.40492	0.6727245	5.152487	11.082967	10.41184	4465	81.97504	0.80201185	6.453336	34.479954	29.774775	4465	2126.0767	71.314896	2110.522	30.892931	26.36242	4465	1750.6613	58.095917	1715.5271	36.513325	31.812355	4465	2102.6946	67.089424	1971.8171
GP5_S30_subsampled_depth_16G_contig_1639	11.040582	10.946408	11860	17.461893	0.9385354	34.051197	11.12064	10.985917	11885	17.369257	0.9422658	34.376637	12.790284	12.703308	11871	19.173998	1.0939248	39.873222	11.059725	10.962949	11828	19.795456	0.9405874	35.939754	9.993704	9.944518	11842	13.816356	0.84876734	32.215237	11.41203	11.185066	11890	19.82298	0.9797724	37.13231	4.302961	4.1861057	11397	6.6546545	0.31367737	2.7731717	4.5741024	4.446692	11673	6.1756105	0.3175559	2.4322033	4.8192954	4.652457	11610	8.34597	0.33348247	2.6833425	0	0	0	0	0	0	0	0	0	0	0	0	0	0	0	0	0	0
GP5_S30_subsampled_depth_16G_contig_2084	11.507857	10.932737	2483	78.926414	1.0089132	36.604595	24.84975	24.475096	2453	216.24272	2.1908817	79.929825	25.8716	24.696466	2486	333.28452	2.2790291	83.06989	0	0	0	0	0	0	5.749329	5.3286505	2096	24.945576	0.47326982	17.963102	5.0440784	4.8152404	2403	14.068992	0.45788395	17.353312	41060.09	41680.535	2701	397517060	2761.9712	24418.148	41824.1	42596.133	2713	399473280	2745.6455	21029.266	29884.664	30375.67	2759	203967630	1964.3025	15805.624	0	0	0	0	0	0	0	0	0	0	0	0	0	0	0	0	0	0
GP5_S30_subsampled_depth_16G_contig_2745	198.77171	197.98654	13560	576.3188	16.886066	612.6469	197.5281	196.48521	13561	604.7693	16.776327	612.0498	195.63708	194.74	13561	561.8687	16.750608	610.5545	182.01152	180.67542	13565	469.82025	15.61485	596.6422	166.52974	165.93971	13559	540.4244	14.187055	538.4739	175.69745	174.92757	13561	633.50055	15.073147	571.25616	8.77468	8.544021	13416	19.73757	0.6274734	5.5473933	7.8557835	7.6110835	13135	20.278505	0.54606336	4.1823716	11.540514	11.376198	13602	18.58084	0.7973285	6.415652	7.9577017	5.7376113	13375	520.2215	20.340612	601.9684	6.0853405	3.8681862	13005	514.36743	16.040863	473.67426	8.957627	6.5180044	13435	688.45496	20.50897	602.7767
GP5_S30_subsampled_depth_16G_contig_3302	15646.093	15398.881	24926	22990076	1319.4833	47872.45	15012.51	14771.687	24926	21030614	1265.3823	46164.867	14522.766	14291.796	24926	19817780	1234.4967	44997.02	13292.437	13086.057	24926	16690743	1132.7028	43280.473	12459.138	12259.9795	24926	14749195	1053.5441	39987.582	13007.32	12790.044	24926	16231136	1106.5057	41935.39	11554.327	10873.239	24926	76457304	810.3287	7163.9863	8757.887	8236.939	24926	43762630	599.7085	4593.2466	12156.284	11457.272	24926	79115350	833.1654	6704.0083	318.969	317.92575	24926	10363.401	557.4069	16496.129	386.06042	385.57568	24926	15004.716	652.0742	19255.246	354.20782	352.87936	24926	13434.994	579.8218	17041.47
GP5_S30_subsampled_depth_16G_contig_3518	3.4962516	3.353855	33119	5.816578	0.29366228	10.654424	3.853926	3.7276883	33840	5.846282	0.32366624	11.808295	3.5403585	3.3857956	33229	6.2996173	0.30103046	10.972469	3.5076659	3.3455565	31469	6.9166145	0.29701477	11.34891	3.238318	3.0969813	31969	5.347842	0.27430734	10.411417	3.3260808	3.1915827	32277	5.4215283	0.28184247	10.681527	7.6440167	7.2234607	34727	34.351868	0.5333627	4.7153764	6.594245	6.1576376	33561	31.730598	0.44844368	3.4346898	9.176118	8.738931	35349	39.14412	0.6256785	5.034478	2.4174511	2.256216	29077	4.2197433	4.270604	126.38603	2.5985007	2.4355545	30154	4.540127	4.370793	129.0661	2.7368243	2.6403832	32009	3.5127666	4.4786296	131.6309
GP5_S30_subsampled_depth_16G_contig_3984	0	0	0	0	0	0	0	0	0	0	0	0	0	0	0	0	0	0	0	0	0	0	0	0	0	0	0	0	0	0	0	0	0	0	0	0	137.34875	133.97649	4213	4090.7593	9.81642	86.78543	101.938965	98.70085	4213	2725.9443	7.1660094	54.885426	95.09648	93.64698	4205	1825.292	6.6031623	53.131886	0	0	0	0	0	0	1.6775781	1.5523653	3194	2.1850386	2.8805103	85.0593	3.394536	3.1662564	3847	7.4117575	5.87671	172.72171
GP5_S30_subsampled_depth_16G_contig_4704	146.60135	142.059	50576	5463.8965	12.327966	447.27347	150.62936	145.35555	50576	6076.6504	12.655698	461.7171	153.09047	148.12685	50576	6012.501	12.978178	473.0506	182.96204	177.80235	50576	8034.7725	15.547977	594.087	180.78073	175.81177	50576	7640.317	15.251689	578.8825	187.11458	182.37514	50576	8061.708	15.878368	601.77325	39.178497	38.623943	50576	236.74709	2.7424562	24.24562	34.34032	33.988144	50576	185.57922	2.3448997	17.9599	40.12305	39.695045	50576	230.8723	2.7380917	22.031868	7.636993	7.4772387	50272	15.326768	15.747055	466.02478	5.7240114	5.622466	49525	9.494854	9.7228775	287.1091	7.8688574	7.7356777	50140	14.924338	12.868395	378.21353
GP5_S30_subsampled_depth_16G_contig_4719	13.129636	12.895866	34135	27.51623	1.098791	39.865467	12.812059	12.4346485	34084	33.310165	1.0731245	39.150738	12.77676	12.266545	34024	43.460835	1.0801057	39.369503	14.172399	13.839735	34118	35.64164	1.2016231	45.913937	12.798946	12.314872	34078	35.716293	1.0754284	40.818207	13.4267235	13.048587	34158	35.730827	1.1364263	43.069344	7.9084735	7.433835	33364	34.800636	0.55200416	4.880184	6.1351967	5.773749	31509	23.201513	0.41742203	3.1970923	6.62766	6.249276	33778	23.330889	0.4505206	3.625082	9.847124	9.1213045	33497	59.93808	17.406885	515.14655	10.212645	9.4366	34048	61.150276	17.638426	520.8492	9.420898	8.648281	34022	53.749603	15.744611	462.74817
GP5_S30_subsampled_depth_16G_contig_4815	2.7711701	2.706164	14683	3.2688394	0.23076002	8.372249	2.7966926	2.6832144	15338	3.1114345	0.23375972	8.528246	2.6321373	2.5174375	14766	3.4040473	0.2207844	8.047521	2.4628394	2.3707273	14660	2.8350053	0.20861599	7.9712	2.7063963	2.5460722	14408	4.4787564	0.22572073	8.567294	3.0172856	2.960757	14798	3.0485659	0.25324023	9.597531	5.385398	5.137281	15715	12.293546	0.37117228	3.2814758	4.4218407	4.1956596	15487	9.58889	0.30002725	2.2979484	4.3042746	4.1619635	15356	8.29558	0.2941324	2.3667161	0	0	0	0	0	0	0	0	0	0	0	0	0	0	0	0	0	0
GP5_S30_subsampled_depth_16G_contig_4988	0	0	0	0	0	0	0	0	0	0	0	0	0	0	0	0	0	0	0	0	0	0	0	0	0	0	0	0	0	0	0	0	0	0	0	0	0	0	0	0	0	0	0	0	0	0	0	0	9.209708	9.107853	2268	16.49113	0.60793847	4.8917356	0	0	0	0	0	0	0	0	0	0	0	0	0	0	0	0	0	0
M1_S25_subsampled_depth_16G_contig_436	6.9458466	6.7448153	11909	20.87465	0.58591175	21.257587	7.1274533	6.9248776	12066	20.81255	0.59860104	21.838724	8.16879	7.874143	12244	31.994177	0.6925837	25.244467	7.520067	7.2649755	12151	23.748573	0.64247346	24.548857	7.7531843	7.4753003	12225	30.88468	0.6582951	24.985792	8.036049	7.6417446	12107	33.268852	0.68585956	25.99333	0	0	0	0	0	0	0	0	0	0	0	0	0	0	0	0	0	0	172.43002	167.4332	12631	26586.947	299.51324	8863.916	200.9162	192.41815	12633	38615.086	336.95963	9950.156	202.147	195.11037	12632	37369.227	328.72818	9661.609
M1_S25_subsampled_depth_16G_contig_474	0	0	0	0	0	0	0	0	0	0	0	0	0	0	0	0	0	0	0	0	0	0	0	0	0	0	0	0	0	0	0	0	0	0	0	0	0	0	0	0	0	0	0	0	0	0	0	0	0	0	0	0	0	0	235.19748	221.44476	20877	11227.265	438.5995	12980.093	248.49796	231.6408	20877	14572.274	449.77313	13281.451	244.60771	228.362	20877	13090.217	429.89233	12634.916
M1_S25_subsampled_depth_16G_contig_789	0	0	0	0	0	0	0	0	0	0	0	0	0	0	0	0	0	0	0	0	0	0	0	0	0	0	0	0	0	0	0	0	0	0	0	0	0	0	0	0	0	0	0	0	0	0	0	0	0	0	0	0	0	0	63.078697	49.276207	19515	6648.2505	114.88801	3400.0435	59.742165	46.169373	19515	6378.844	104.718575	3092.259	63.4425	50.579094	19515	5714.566	107.73856	3166.5317
M1_S25_subsampled_depth_16G_contig_982	0	0	0	0	0	0	0	0	0	0	0	0	0	0	0	0	0	0	0	0	0	0	0	0	0	0	0	0	0	0	0	0	0	0	0	0	0	0	0	0	0	0	0	0	0	0	0	0	0	0	0	0	0	0	56.92053	52.320805	41562	1208.5701	102.08198	3021.0562	59.707767	54.736423	41562	1265.9508	103.625206	3059.972	63.079227	58.430298	41562	1211.129	105.95834	3114.2092
M1_S25_subsampled_depth_16G_contig_1743	59.069656	58.86899	16933	229.41531	5.147481	186.75688	60.53121	59.680317	17062	291.0653	5.276531	192.50334	62.50429	61.835228	17048	286.63477	5.4771447	199.64029	66.47102	65.862724	16933	350.85297	5.8613114	223.96019	71.06531	70.28377	16934	385.1649	6.2248425	236.26572	69.32113	68.54212	16933	377.6173	6.118586	231.88779	0	0	0	0	0	0	0	0	0	0	0	0	0	0	0	0	0	0	12.642605	12.294736	17162	32.037212	25.664465	759.5249	10.431931	10.299111	16984	15.768628	18.208338	537.67804	13.701387	13.595284	17022	19.208336	23.067947	677.98737
M1_S25_subsampled_depth_16G_contig_2978	5.3437176	5.0731726	15404	13.485626	0.5102544	18.512644	5.9950233	5.757145	15523	12.317537	0.54316103	19.816122	5.5723243	5.385753	15566	9.360939	0.51924837	18.926445	5.65234	5.3904924	15497	12.165919	0.53754723	20.539642	6.030313	5.7980757	15519	11.974197	0.5631786	21.375618	5.682976	5.405357	15434	12.196497	0.5293102	20.060282	0	0	0	0	0	0	0	0	0	0	0	0	0	0	0	0	0	0	13.143355	12.094571	15622	190.55084	28.79533	852.18085	11.90848	10.805041	15622	194.6186	26.363565	778.49585	19.377197	18.236895	15622	216.65338	38.224785	1123.4603
M1_S25_subsampled_depth_16G_contig_3683	0	0	0	0	0	0	0	0	0	0	0	0	0	0	0	0	0	0	0	0	0	0	0	0	0	0	0	0	0	0	0	0	0	0	0	0	0	0	0	0	0	0	0	0	0	0	0	0	0	0	0	0	0	0	7.158096	7.1147804	13237	7.3580832	12.242301	362.3036	6.971422	6.9254603	13237	7.520962	11.784613	347.99045	6.9614887	6.8491383	13215	8.63278	11.500226	338.00183
M1_S25_subsampled_depth_16G_contig_4018	34.992313	26.231647	10119	5092.232	3.0814428	111.79843	34.969852	25.724787	10034	5316.492	3.1185598	113.77428	38.844173	29.25391	10524	6369.8774	3.4868338	127.094086	40.34983	29.942137	10855	6919.8623	3.6022387	137.64128	39.029198	29.511276	10309	6514.776	3.4711761	131.74947	38.88097	28.928606	9517	6618.7837	3.5125177	133.12068	0	0	0	0	0	0	0	0	0	0	0	0	0	0	0	0	0	0	76.03775	68.66663	11727	4082.6504	143.43172	4244.7764	89.69569	81.91805	11727	5114.391	162.47017	4797.6177	96.66684	87.27704	11727	6367.5576	169.88213	4992.986
M1_S25_subsampled_depth_16G_contig_4070	30.753828	27.700218	8650	782.9939	2.8125246	102.04177	28.422752	25.109379	8630	822.2861	2.5748878	93.93951	28.449156	25.557251	8302	680.56177	2.5698476	93.67014	25.124166	22.024101	9204	628.87933	2.323155	88.76761	25.447683	22.654526	8684	566.7047	2.3090699	87.64145	26.369846	23.537514	9031	557.12067	2.3859825	90.426155	0	0	0	0	0	0	0	0	0	0	0	0	0	0	0	0	0	0	311.9256	319.88766	10338	23826.193	558.6957	16534.27	308.93002	316.37842	10338	24061.662	528.78485	15614.61	400.1906	410.47406	10338	38765.93	662.4179	19469.049
M1_S25_subsampled_depth_16G_contig_4633	0	0	0	0	0	0	0	0	0	0	0	0	0	0	0	0	0	0	0	0	0	0	0	0	0	0	0	0	0	0	0	0	0	0	0	0	0	0	0	0	0	0	0	0	0	0	0	0	0	0	0	0	0	0	33.577873	33.375908	34694	62.762703	59.532295	1761.8228	39.73622	39.621677	34694	53.343197	67.4729	1992.4229	31.859367	31.602251	34694	45.69328	52.603508	1546.0638
M1_S25_subsampled_depth_16G_contig_6655	0	0	0	0	0	0	0	0	0	0	0	0	0	0	0	0	0	0	0	0	0	0	0	0	0	0	0	0	0	0	0	0	0	0	0	0	0	0	0	0	0	0	0	0	0	0	0	0	0	0	0	0	0	0	42.84709	35.79528	11405	1648.9006	83.15179	2460.828	46.94669	38.519	11405	2251.1401	88.78242	2621.6755	42.721367	35.114403	11405	2033.4187	78.75253	2314.606
M1_S25_subsampled_depth_16G_contig_6692	0	0	0	0	0	0	0	0	0	0	0	0	0	0	0	0	0	0	0	0	0	0	0	0	0	0	0	0	0	0	0	0	0	0	0	0	0	0	0	0	0	0	0	0	0	0	0	0	0	0	0	0	0	0	11.208379	6.9356513	12133	1316.6006	27.140055	803.19385	9.908203	6.3140473	12120	866.732	23.275805	687.3164	10.927897	6.9569774	12133	1258.88	25.962069	763.0482
M1_S25_subsampled_depth_16G_contig_8311	0	0	0	0	0	0	0	0	0	0	0	0	0	0	0	0	0	0	0	0	0	0	0	0	0	0	0	0	0	0	0	0	0	0	0	0	0	0	0	0	0	0	0	0	0	0	0	0	0	0	0	0	0	0	89.29302	74.72317	21565	14515.335	173.62512	5138.333	97.11011	81.65816	21565	16762.809	184.15822	5438.049	92.291336	76.11232	21565	17637.96	169.7924	4990.348
M1_S25_subsampled_depth_16G_contig_8321	2.9907596	2.8294735	17428	4.791942	0.25084206	9.100852	2.43016	2.338546	16107	3.1575089	0.20420198	7.449885	2.6319437	2.4943893	17026	3.8462071	0.22226802	8.101602	3.0310519	2.9703355	17100	3.6502469	0.2615735	9.994702	3.097722	3.0289483	17075	3.9114187	0.26078653	9.898233	3.7537875	3.5792646	17013	7.520906	0.32302797	12.2424135	0	0	0	0	0	0	0	0	0	0	0	0	0	0	0	0	0	0	537.28516	535.835	18764	3056.19	948.79376	28078.99	526.03455	526.3351	18764	1559.1752	885.5201	26148.727	726.7542	727.42456	18764	2264.4578	1185.5786	34845.2
M1_S25_subsampled_depth_16G_contig_8945	0	0	0	0	0	0	0	0	0	0	0	0	0	0	0	0	0	0	0	0	0	0	0	0	0	0	0	0	0	0	0	0	0	0	0	0	0	0	0	0	0	0	0	0	0	0	0	0	0	0	0	0	0	0	204.857	184.11995	16303	12758.165	369.83963	10945.1875	210.77249	186.72742	16303	14984.832	369.8007	10919.926	185.46245	164.46179	16303	11842.3125	316.25546	9295.028
M1_S25_subsampled_depth_16G_contig_13599	0	0	0	0	0	0	0	0	0	0	0	0	0	0	0	0	0	0	0	0	0	0	0	0	0	0	0	0	0	0	0	0	0	0	0	0	0	0	0	0	0	0	0	0	0	0	0	0	0	0	0	0	0	0	11.571451	11.000174	6567	76.608086	28.776846	851.63403	13.5741005	12.915181	6567	105.931274	32.570396	961.77856	11.606669	10.932491	6567	94.33623	28.18281	828.31775
M1_S25_subsampled_depth_16G_contig_13793	0	0	0	0	0	0	0	0	0	0	0	0	0	0	0	0	0	0	0	0	0	0	0	0	0	0	0	0	0	0	0	0	0	0	0	0	0	0	0	0	0	0	0	0	0	0	0	0	0	0	0	0	0	0	58.010643	51.73959	26830	1465.6929	116.56329	3449.6213	64.3545	58.447235	26830	1621.8977	126.07317	3722.8438	62.893814	56.733967	26830	1704.8391	120.20085	3532.8093
M1_S25_subsampled_depth_16G_contig_14038	27.738575	27.584309	10784	32.250282	2.3653395	85.81739	26.494265	26.32407	10784	31.331892	2.2549772	82.26818	26.377563	26.117634	10784	37.427185	2.2483137	81.95034	25.504702	25.461346	10784	33.261757	2.1855915	83.51129	22.998402	22.903572	10784	31.879526	1.9620034	74.46841	26.215065	25.962286	10784	41.194138	2.238789	84.84769	3.9233592	3.8058922	10230	6.150338	0.27351248	2.4180791	3.4856122	3.3623068	10272	4.612461	0.24158594	1.8503386	3.9466805	3.8394275	10483	6.3407097	0.27608785	2.2215223	71.69353	72.0116	10784	272.73828	129.26439	3825.503	76.92242	77.131004	10784	258.76572	131.89839	3894.858	80.93765	81.19181	10784	329.07364	134.06926	3940.414
M1_S25_subsampled_depth_16G_contig_15212	9.781468	9.482443	24187	21.193066	0.8640683	31.349457	9.667605	9.396245	24293	24.04629	0.8516181	31.069529	9.713913	9.565603	24292	18.251719	0.857878	31.269373	8.977054	8.804547	24293	16.925415	0.800269	30.578217	8.464109	8.260298	24273	16.233313	0.7519797	28.54161	8.924077	8.701827	24284	19.283894	0.7894957	29.92105	0	0	0	0	0	0	0	0	0	0	0	0	0	0	0	0	0	0	56.095764	55.77491	24293	138.4592	98.64706	2919.4016	71.30174	70.89231	24293	162.95941	121.88002	3599.023	72.63907	72.483315	24293	141.36153	119.83768	3522.1353
M1_S25_subsampled_depth_16G_contig_15433	0	0	0	0	0	0	0	0	0	0	0	0	0	0	0	0	0	0	0	0	0	0	0	0	0	0	0	0	0	0	0	0	0	0	0	0	0	0	0	0	0	0	0	0	0	0	0	0	0	0	0	0	0	0	78.2603	70.090355	19589	12446.731	168.80577	4995.7075	61.03452	51.096016	19589	15505.44	138.8736	4100.83	79.59458	69.49717	19589	15469.028	164.95801	4848.262
M1_S25_subsampled_depth_16G_contig_16157	0	0	0	0	0	0	0	0	0	0	0	0	0	0	0	0	0	0	0	0	0	0	0	0	0	0	0	0	0	0	0	0	0	0	0	0	0	0	0	0	0	0	0	0	0	0	0	0	0	0	0	0	0	0	11.427836	10.841461	11180	68.177795	21.110432	624.75085	14.150741	13.507325	11174	91.75788	25.120272	741.782	12.520051	11.98244	11218	55.847305	21.603811	634.9552
M1_S25_subsampled_depth_16G_contig_16369	0	0	0	0	0	0	0	0	0	0	0	0	0	0	0	0	0	0	0	0	0	0	0	0	0	0	0	0	0	0	0	0	0	0	0	0	0	0	0	0	0	0	0	0	0	0	0	0	0	0	0	0	0	0	14.364224	12.080136	22249	2068.608	34.641197	1025.1855	15.034481	12.657433	22249	2197.907	36.101597	1066.0522	13.849043	11.485295	22249	2111.4856	32.43633	953.332
M1_S25_subsampled_depth_16G_contig_17464	0	0	0	0	0	0	0	0	0	0	0	0	0	0	0	0	0	0	0	0	0	0	0	0	0	0	0	0	0	0	0	0	0	0	0	0	0	0	0	0	0	0	0	0	0	0	0	0	0	0	0	0	0	0	16.749987	15.707473	18065	374.9687	33.926384	1004.03107	16.824282	15.698109	18065	419.66623	32.944897	972.83734	15.18264	14.076838	18065	323.03195	28.523254	838.32355
M1_S25_subsampled_depth_16G_contig_17673	199.151	196.49364	10541	3443.903	16.999086	616.74756	211.40631	208.01112	10541	4311.7866	18.043001	658.2619	220.96161	217.52112	10541	5040.5034	19.003712	692.6794	242.99423	238.57446	10541	6759.3687	20.976215	801.4993	240.30478	236.71153	10541	5013.93	20.579851	781.1144	245.77115	241.66342	10541	6062.5557	21.166826	802.2002	4.084111	3.9253716	8813	11.967708	0.28676355	2.535232	3.4062169	3.2099862	9137	8.2443075	0.23746282	1.8187598	4.7700896	4.5697637	9685	12.567059	0.33001322	2.655429	17.645462	17.29969	10541	49.163403	34.49648	1020.903	12.772399	12.647921	10541	25.088427	21.970167	648.762	18.181984	17.953705	10541	40.89555	30.022633	882.392
M1_S25_subsampled_depth_16G_contig_18063	0	0	0	0	0	0	0	0	0	0	0	0	0	0	0	0	0	0	0	0	0	0	0	0	0	0	0	0	0	0	0	0	0	0	0	0	0	0	0	0	0	0	0	0	0	0	0	0	0	0	0	0	0	0	39.679058	30.309893	50396	5628.5073	78.54102	2324.3745	46.416927	35.27321	50396	8373.354	90.146225	2661.9478	44.04486	31.8759	50396	10310.157	84.65592	2488.112
M1_S25_subsampled_depth_16G_contig_18688	0	0	0	0	0	0	0	0	0	0	0	0	0	0	0	0	0	0	0	0	0	0	0	0	0	0	0	0	0	0	0	0	0	0	0	0	0	0	0	0	0	0	0	0	0	0	0	0	0	0	0	0	0	0	36.15652	34.697968	12551	168.77766	68.3361	2022.3665	40.357876	38.665085	12551	177.64369	73.48458	2169.9421	35.16031	33.919453	12551	120.33492	61.7963	1816.2474
M1_S25_subsampled_depth_16G_contig_21369	0	0	0	0	0	0	0	0	0	0	0	0	0	0	0	0	0	0	0	0	0	0	0	0	0	0	0	0	0	0	0	0	0	0	0	0	0	0	0	0	0	0	0	0	0	0	0	0	0	0	0	0	0	0	25.140783	16.40062	14477	2030.2094	59.3642	1756.8489	24.762197	15.6829	14477	2170.7393	57.456215	1696.6373	27.710476	18.927725	14477	2085.0044	61.41484	1805.0366
M1_S25_subsampled_depth_16G_contig_22210	0	0	0	0	0	0	0	0	0	0	0	0	0	0	0	0	0	0	0	0	0	0	0	0	0	0	0	0	0	0	0	0	0	0	0	0	0	0	0	0	0	0	0	0	0	0	0	0	0	0	0	0	0	0	39.0655	37.11258	15387	322.0896	73.72193	2181.7576	29.595	28.201239	15387	178.03688	53.79531	1588.5337	39.795956	38.19876	15387	305.25623	69.444405	2041.0321
M1_S25_subsampled_depth_16G_contig_23081	0	0	0	0	0	0	0	0	0	0	0	0	0	0	0	0	0	0	0	0	0	0	0	0	0	0	0	0	0	0	0	0	0	0	0	0	0	0	0	0	0	0	0	0	0	0	0	0	0	0	0	0	0	0	181.79857	178.55919	22132	2583.4578	329.71494	9757.717	185.9727	183.3559	22132	2279.0806	326.16364	9631.361	169.60309	167.05237	22132	2454.6145	290.51288	8538.433
M1_S25_subsampled_depth_16G_contig_24829	0	0	0	0	0	0	0	0	0	0	0	0	0	0	0	0	0	0	0	0	0	0	0	0	0	0	0	0	0	0	0	0	0	0	0	0	0	0	0	0	0	0	0	0	0	0	0	0	0	0	0	0	0	0	279.02625	283.42825	16274	27948.355	484.57184	14340.617	318.95645	325.32367	16273	36786	533.5669	15755.817	324.4162	330.9036	16273	37452.277	526.2995	15468.403
M1_S25_subsampled_depth_16G_contig_26290	17630.377	18187.482	43487	26603068	1479.0852	53662.992	17704.518	18266.063	43426	26843724	1484.691	54165.895	16844.332	17388.053	43407	24045192	1424.47	51921.49	15144.659	15638.639	43475	19369790	1283.7677	49052.67	15099.042	15596.801	43364	19150618	1269.8295	48196.754	15524.762	16019.274	43487	20515102	1313.7096	49788.184	492.34802	488.2812	43363	65147.156	34.292885	303.17798	443.56287	440.95255	43294	50934.348	30.174402	231.10977	648.6814	646.9012	43362	103656.984	44.181248	355.50143	45.482613	46.383617	43487	218.0312	81.368	2408.0378	54.230194	55.298603	43449	321.35278	92.75922	2739.1074	53.380344	54.43684	43487	317.83313	88.522804	2601.7637
M1_S25_subsampled_depth_16G_contig_29058	0	0	0	0	0	0	0	0	0	0	0	0	0	0	0	0	0	0	0	0	0	0	0	0	0	0	0	0	0	0	0	0	0	0	0	0	0	0	0	0	0	0	0	0	0	0	0	0	0	0	0	0	0	0	8.007345	7.868656	13219	11.449289	14.277217	422.52567	7.6477923	7.267534	13219	18.627014	13.92363	411.15402	7.8346467	7.6236506	13219	16.46447	13.667002	401.68518
M1_S25_subsampled_depth_16G_contig_33276	0	0	0	0	0	0	0	0	0	0	0	0	0	0	0	0	0	0	0	0	0	0	0	0	0	0	0	0	0	0	0	0	0	0	0	0	0	0	0	0	0	0	0	0	0	0	0	0	0	0	0	0	0	0	72.89692	69.32587	22366	3170.2446	147.86867	4376.086	79.7464	76.2417	22366	3467.5068	155.3958	4588.7173	76.110504	72.14903	22366	3446.4397	145.97807	4290.424
M1_S25_subsampled_depth_16G_contig_40819	0	0	0	0	0	0	0	0	0	0	0	0	0	0	0	0	0	0	0	0	0	0	0	0	0	0	0	0	0	0	0	0	0	0	0	0	0	0	0	0	0	0	0	0	0	0	0	0	0	0	0	0	0	0	11.991806	11.890921	14307	17.443558	21.479322	635.66797	14.6276045	14.533077	14307	16.782469	25.11107	741.5104	10.9116335	10.842423	14307	10.608678	18.213318	535.30554
M1_S25_subsampled_depth_16G_contig_41283	68.76126	64.07536	52665	3126.1875	5.80099	210.46698	67.81995	62.683796	52945	3160.7317	5.712773	208.41867	70.392746	64.84106	51981	3504.0327	5.9833064	218.08972	91.01633	83.89634	52352	6011.8047	7.753597	296.2642	92.544525	85.44306	52805	5892.118	7.823023	296.92523	92.69592	85.84226	52865	5958.581	7.8790326	298.6069	20.685474	18.967999	40440	358.5263	1.4443702	12.769443	16.30522	15.010757	42170	217.63425	1.1118938	8.516145	19.967566	18.602547	41214	309.42188	1.3643496	10.978142	283.70535	287.71472	53551	15069.057	499.69598	14788.205	271.8204	275.7724	53551	12953.792	464.19284	13707.252	255.2662	259.27795	53551	10222.311	423.05157	12433.858
M1_S25_subsampled_depth_16G_contig_41827	0	0	0	0	0	0	0	0	0	0	0	0	0	0	0	0	0	0	0	0	0	0	0	0	0	0	0	0	0	0	0	0	0	0	0	0	0	0	0	0	0	0	0	0	0	0	0	0	0	0	0	0	0	0	5.434711	5.3226366	11531	8.180033	9.384336	277.72397	5.84789	5.606745	11409	13.574284	9.841908	290.624	4.7224145	4.5536127	11193	9.593614	7.74285	227.56927
M1_S25_subsampled_depth_16G_contig_1129|provirus_102746_162848	0	0	0	0	0	0	0	0	0	0	0	0	0	0	0	0	0	0	0	0	0	0	0	0	0	0	0	0	0	0	0	0	0	0	0	0	0	0	0	0	0	0	0	0	0	0	0	0	0	0	0	0	0	0	40.768585	40.622955	60103	75.47778	71.6062	2119.143	40.596684	40.452324	60103	53.086403	68.40231	2019.8676	38.682533	38.631073	60103	56.321724	63.29537	1860.3065
M1_S25_subsampled_depth_16G_contig_2429|provirus_66_15637	0	0	0	0	0	0	0	0	0	0	0	0	0	0	0	0	0	0	0	0	0	0	0	0	0	0	0	0	0	0	0	0	0	0	0	0	0	0	0	0	0	0	0	0	0	0	0	0	0	0	0	0	0	0	51.250614	49.963688	15572	191.31094	96.05468	2842.6812	50.05453	48.475143	15572	213.35081	89.26476	2635.9192	48.760212	47.357563	15572	214.89105	84.17248	2473.9038
M1_S25_subsampled_depth_16G_contig_3053|provirus_39966_76116	1.8627539	1.6863986	28040	3.1295795	0.157148	5.701521	0	0	0	0	0	0	1.7343962	1.595105	27199	2.586786	0.14782515	5.3881803	2.0791645	1.9750934	29772	2.6326215	0.17784253	6.795344	1.9097525	1.7883399	29859	2.4203827	0.16271251	6.1758	1.9257798	1.8014876	30201	2.4519358	0.16378328	6.207207	0	0	0	0	0	0	0	0	0	0	0	0	0	0	0	0	0	0	25.033194	24.929909	36151	47.25997	44.265907	1310.0236	27.449514	27.333292	36151	43.597363	46.35343	1368.7808	24.062387	23.906885	36151	33.43661	39.613716	1164.2822
M1_S25_subsampled_depth_16G_contig_4766|provirus_139863_178318	2.4215004	2.2930155	32081	3.6035101	0.2036617	7.38909	2.6911712	2.5635223	33843	3.8706844	0.22689644	8.27785	2.855375	2.7382817	34242	4.1192737	0.24244204	8.836939	2.1499243	2.0216672	32259	2.953452	0.18313673	6.997638	2.6576254	2.5700777	33936	3.2096267	0.22317617	8.470713	2.2351851	2.0927312	31245	3.4810133	0.1891397	7.1681886	0	0	0	0	0	0	0	0	0	0	0	0	0	0	0	0	0	0	80.61933	80.07547	38456	246.31938	142.49031	4216.918	82.13489	81.414375	38456	262.48438	139.84389	4129.481	86.26985	85.586205	38456	224.46208	142.28328	4181.8315
M1_S25_subsampled_depth_16G_contig_4860|provirus_12665_51897	0	0	0	0	0	0	0	0	0	0	0	0	0	0	0	0	0	0	0	0	0	0	0	0	0	0	0	0	0	0	0	0	0	0	0	0	0	0	0	0	0	0	0	0	0	0	0	0	0	0	0	0	0	0	29.778318	29.674627	39233	50.021904	52.474796	1552.9603	33.048794	33.00017	39233	43.028503	55.84533	1649.0693	28.721464	28.574812	39233	43.60304	47.036224	1382.436
M1_S25_subsampled_depth_16G_contig_5470|provirus_3613_42685	40.798473	39.731667	38965	326.75977	3.4260345	124.300644	39.870846	39.12112	38572	285.05493	3.352616	122.31333	41.49382	40.061687	38900	381.6141	3.5148997	128.11703	54.164967	53.456425	39073	359.95416	4.60393	175.91582	53.88187	53.393024	38787	279.5581	4.542611	172.41609	55.22375	54.338673	38858	386.39453	4.685503	177.57559	12.959818	11.978933	38305	92.1212	0.91523004	8.091401	12.307993	11.324342	38708	77.73412	0.84927946	6.504744	13.022172	12.341069	38687	60.531166	0.9005123	7.245909	268.25916	266.87192	39073	1226.5048	477.6464	14135.659	268.84442	268.0151	39073	763.5439	456.03973	13466.496	387.53204	386.0798	39073	1280.3593	636.73596	18714.236
M1_S25_subsampled_depth_16G_contig_6498|provirus_104366_122105	4.84025	3.9787772	16980	54.80739	0.5370617	19.485249	4.6108584	3.7926352	17429	43.943794	0.50254875	18.334452	4.2886868	3.559563	16854	33.91495	0.48098016	17.531582	4.395509	3.7192395	17130	30.320055	0.47841236	18.2801	3.9888005	3.3678625	16590	27.635271	0.44234416	16.78931	4.2603183	3.4881885	16262	40.49878	0.47690496	18.074179	0	0	0	0	0	0	0	0	0	0	0	0	0	0	0	0	0	0	57.347527	47.160877	17740	5645.8164	128.93155	3815.6526	80.03627	65.82239	17740	11528.8125	174.58308	5155.3037	75.812164	62.550343	17740	9428.432	160.18031	4707.842
M1_S25_subsampled_depth_16G_contig_7298|provirus_55368_86127	910.8754	807.7386	26711	2192636	77.596436	2815.2922	874.5809	773.6415	24051	2026055.6	74.437355	2715.6943	868.46783	772.09076	26228	1991513.5	74.55882	2717.6465	760.35846	674.35175	25275	1527290.4	65.45833	2501.1575	738.34235	654.7583	25983	1440271.3	63.06659	2393.7114	756.0345	671.15137	27542	1507232.1	64.950165	2461.5415	0	0	0	0	0	0	0	0	0	0	0	0	0	0	0	0	0	0	729.49005	728.364	30760	4945.515	1284.1677	38004.184	710.7149	710.8827	30760	1643.8229	1199.9645	35434.023	707.60223	706.9199	30760	1851.1993	1159.2484	34071.34
M1_S25_subsampled_depth_16G_contig_7369|provirus_3_11988	0	0	0	0	0	0	0	0	0	0	0	0	0	0	0	0	0	0	0	0	0	0	0	0	0	0	0	0	0	0	0	0	0	0	0	0	0	0	0	0	0	0	0	0	0	0	0	0	0	0	0	0	0	0	471.95462	472.09338	11986	1918.302	831.5449	24609.084	491.2386	492.0642	11986	1263.5607	834.79016	24650.71	478.94983	480.72583	11986	1403.9442	789.4164	23201.645
M1_S25_subsampled_depth_16G_contig_7377|provirus_2_16357	1.6013823	1.4736048	12538	2.0380704	0.13305591	4.827429	0	0	0	0	0	0	0	0	0	0	0	0	0	0	0	0	0	0	0	0	0	0	0	0	0	0	0	0	0	0	0	0	0	0	0	0	0	0	0	0	0	0	0	0	0	0	0	0	3.5544243	3.4463184	15561	4.917834	6.37359	188.62271	3.9068246	3.8135197	15004	5.80076	6.631318	195.81773	5.6442676	5.53092	15995	8.80384	9.262234	272.22534
M1_S25_subsampled_depth_16G_contig_8756|provirus_18268_28731	0	0	0	0	0	0	0	0	0	0	0	0	0	0	0	0	0	0	0	0	0	0	0	0	0	0	0	0	0	0	0	0	0	0	0	0	0	0	0	0	0	0	0	0	0	0	0	0	0	0	0	0	0	0	67.58289	67.330246	10464	200.64297	118.67519	3512.1216	107.38637	107.7569	10464	192.8979	182.87758	5400.234	76.82267	77.02574	10464	155.16028	127.13538	3736.6216
M1_S25_subsampled_depth_16G_contig_9358|provirus_10067_59062	2.1124759	1.9478868	38943	3.539606	0.17947625	6.511615	2.317897	2.184432	42054	3.310138	0.19744383	7.20333	2.1845596	2.0548656	42024	2.9271615	0.18716425	6.822083	2.9943905	2.8619034	44793	4.3024764	0.25591534	9.778503	3.0773451	2.994154	44906	4.06772	0.2615856	9.928562	3.2387505	3.1185114	45687	4.7026243	0.27815223	10.54167	0	0	0	0	0	0	0	0	0	0	0	0	0	0	0	0	0	0	1210.4951	1203.8708	48996	16491.494	2126.9863	62946.906	1220.4415	1213.8248	48996	7518.9	2061.4026	60871.613	1256.0101	1244.8895	48996	9125.204	2057.4863	60471.348
M1_S25_subsampled_depth_16G_contig_10246|provirus_11758_45076	6.132654	5.9690146	32274	13.819054	0.51797074	18.792595	5.6886854	5.558001	32799	10.229299	0.47707435	17.405073	6.015044	5.855894	32994	10.891266	0.5129411	18.696547	6.2674184	6.16186	32932	9.63109	0.5339926	20.403818	5.8973136	5.7430744	33083	9.888575	0.5003306	18.990194	6.375441	6.1864805	32906	13.086638	0.54345345	20.59631	0	0	0	0	0	0	0	0	0	0	0	0	0	0	0	0	0	0	577.80115	582.2178	33319	26908.373	1013.08844	29981.752	544.1994	548.62427	33319	21712.594	916.87415	27074.58	559.9414	565.44855	33319	21279.383	915.2868	26901.084
M1_S25_subsampled_depth_16G_contig_11077|provirus_1_12459	0	0	0	0	0	0	0	0	0	0	0	0	0	0	0	0	0	0	0	0	0	0	0	0	0	0	0	0	0	0	0	0	0	0	0	0	0	0	0	0	0	0	0	0	0	0	0	0	0	0	0	0	0	0	13.703794	13.370611	12459	28.300953	25.498024	754.59875	11.407426	11.164636	12459	20.7447	20.109913	593.8303	14.744496	14.561693	12459	25.45186	24.928595	732.6734
M1_S25_subsampled_depth_16G_contig_12410|provirus_16310_56569	3.2823486	3.1680887	36814	4.7638535	0.27624723	10.022583	2.9496884	2.845457	37337	3.7698889	0.2490819	9.087245	3.0517077	2.9636288	37005	3.5800133	0.26009023	9.480209	3.4308152	3.333989	38438	4.367835	0.29176262	11.148227	3.67093	3.5264542	38125	5.7896624	0.30890042	11.724405	3.7969584	3.6859279	37914	5.9855504	0.32266057	12.228493	0	0	0	0	0	0	0	0	0	0	0	0	0	0	0	0	0	0	90.81187	90.53529	40260	188.64714	158.42162	4688.394	89.4181	88.99554	40260	165.35002	150.88478	4455.5117	87.414185	87.31809	40260	134.47993	143.16557	4207.762
M1_S25_subsampled_depth_16G_contig_13333|provirus_19578_60456	0	0	0	0	0	0	0	0	0	0	0	0	0	0	0	0	0	0	0	0	0	0	0	0	0	0	0	0	0	0	0	0	0	0	0	0	0	0	0	0	0	0	0	0	0	0	0	0	0	0	0	0	0	0	33.89784	33.845623	40879	52.691418	58.56216	1733.1127	43.30153	43.22615	40879	78.58245	73.18369	2161.0579	36.249405	36.02335	40879	60.269985	59.384197	1745.3544
M1_S25_subsampled_depth_16G_contig_13651|provirus_108644_143515	3.852428	3.721376	32658	6.5837336	0.32509777	11.794947	3.8646967	3.696832	33403	6.146492	0.3318081	12.105337	3.6454697	3.51904	32329	5.8791428	0.31307727	11.411576	4.5681415	4.392544	34026	8.125783	0.39292157	15.013501	3.7628305	3.555296	31583	8.439329	0.3217286	12.211304	4.5337825	4.346784	33520	9.158172	0.38788316	14.7003565	0	0	0	0	0	0	0	0	0	0	0	0	0	0	0	0	0	0	51.0305	50.62723	34872	187.45734	90.5038	2678.4072	59.194515	58.62269	34872	240.01953	101.37062	2993.3967	62.42728	61.944416	34872	219.40889	103.55229	3043.4934
M1_S25_subsampled_depth_16G_contig_13951|provirus_614_10828	0	0	0	0	0	0	0	0	0	0	0	0	0	0	0	0	0	0	0	0	0	0	0	0	0	0	0	0	0	0	0	0	0	0	0	0	0	0	0	0	0	0	0	0	0	0	0	0	0	0	0	0	0	0	235.0306	235.03786	10215	902.2043	416.35892	12321.895	241.51128	241.27928	10215	477.54132	409.37076	12088.402	220.44104	220.52997	10215	328.89508	362.6502	10658.611
M1_S25_subsampled_depth_16G_contig_14765|provirus_237_37281	4.6730995	4.566206	36554	6.1856737	0.39858785	14.46126	4.1635723	4.0072875	35497	7.148747	0.3577457	13.0516205	4.4079685	4.2813263	36045	6.1364245	0.37940815	13.829305	4.1083617	3.9591653	35806	6.022573	0.3553821	13.579125	4.3323755	4.2220316	36334	5.5157766	0.37266752	14.144707	4.293373	4.1526785	35879	6.7516804	0.3696086	14.007768	0	0	0	0	0	0	0	0	0	0	0	0	0	0	0	0	0	0	50.036293	49.038605	37045	155.5969	88.40247	2616.2197	61.11465	60.312767	37045	171.51135	104.65835	3090.4797	61.797047	60.637096	37045	225.46213	102.70568	3018.611
M1_S25_subsampled_depth_16G_contig_16546|provirus_9696_22059	0	0	0	0	0	0	0	0	0	0	0	0	0	0	0	0	0	0	0	0	0	0	0	0	0	0	0	0	0	0	0	0	0	0	0	0	0	0	0	0	0	0	0	0	0	0	0	0	0	0	0	0	0	0	78.76838	78.71448	12364	169.301	136.90115	4051.5083	76.364746	76.142624	12364	103.21788	128.96848	3808.3381	74.31251	73.88103	12364	111.42622	122.07156	3587.7913
M1_S25_subsampled_depth_16G_contig_18363|provirus_2_13023	0	0	0	0	0	0	0	0	0	0	0	0	0	0	0	0	0	0	0	0	0	0	0	0	0	0	0	0	0	0	0	0	0	0	0	0	0	0	0	0	0	0	0	0	0	0	0	0	0	0	0	0	0	0	33.44049	29.646643	13022	971.9663	64.59341	1911.6035	36.404446	32.708355	13022	910.8497	67.91439	2005.4595	36.75171	33.048077	13022	1016.4648	66.262726	1947.5199
M1_S25_subsampled_depth_16G_contig_18659|provirus_39140_94568	0	0	0	0	0	0	0	0	0	0	0	0	0	0	0	0	0	0	0	0	0	0	0	0	0	0	0	0	0	0	0	0	0	0	0	0	0	0	0	0	0	0	0	0	0	0	0	0	0	0	0	0	0	0	53.61933	53.1173	55429	105.79761	94.659935	2801.4055	57.87576	57.666954	55429	85.80918	97.95713	2892.5984	53.547985	53.211163	55429	92.72441	87.90592	2583.6323
M1_S25_subsampled_depth_16G_contig_19450|provirus_2_17124	75.10275	71.65124	14152	7739.74	6.2587323	227.07436	71.114296	67.9962	15586	6687.3325	5.924416	216.14009	73.28192	70.03279	14568	7268.5225	6.157759	224.44833	109.483	105.010345	15726	15880.892	9.226279	352.53528	112.9997	108.57681	15079	16978.732	9.444043	358.45148	109.45319	104.93821	15916	15896.107	9.201392	348.72284	0	0	0	0	0	0	65.81583	56.24357	13255	8818.524	4.462467	34.178635	0	0	0	0	0	0	16.176516	15.938993	17123	45.060997	29.271904	866.2845	14.504743	14.344243	17123	40.662914	24.716972	729.873	20.566723	20.33102	17123	69.14279	33.828926	994.26196
M1_S25_subsampled_depth_16G_contig_19961|provirus_21780_118159	0	0	0	0	0	0	0	0	0	0	0	0	0	0	0	0	0	0	4.175652	3.7099805	76665	20.330294	0.3589957	13.717196	4.226187	3.6843133	75091	21.640013	0.36092788	13.699129	4.117084	3.5665874	74332	23.983599	0.35337317	13.392463	0	0	0	0	0	0	0	0	0	0	0	0	0	0	0	0	0	0	98.027016	74.48155	96380	18343.295	180.68164	5347.165	101.13961	75.503	96380	21060.291	180.37704	5326.3945	99.614006	73.71966	96380	21235.898	172.3953	5066.849
M1_S25_subsampled_depth_16G_contig_20596|provirus_23389_52620	0	0	0	0	0	0	0	0	0	0	0	0	0	0	0	0	0	0	0	0	0	0	0	0	0	0	0	0	0	0	0	0	0	0	0	0	0	0	0	0	0	0	0	0	0	0	0	0	0	0	0	0	0	0	39.977135	39.74119	29232	66.98497	70.529144	2087.2688	39.528023	39.36865	29232	66.66428	66.8474	1973.9514	40.967953	40.851875	29232	53.487293	67.287865	1977.6495
M1_S25_subsampled_depth_16G_contig_22933|provirus_82121_117752	0	0	0	0	0	0	0	0	0	0	0	0	0	0	0	0	0	0	0	0	0	0	0	0	0	0	0	0	0	0	0	0	0	0	0	0	0	0	0	0	0	0	0	0	0	0	0	0	0	0	0	0	0	0	74.964294	72.82896	35632	529.861	130.60005	3865.0325	78.5549	76.92663	35632	370.02362	132.73445	3919.5457	74.699455	73.171165	35632	329.54596	122.46403	3599.327
M1_S25_subsampled_depth_16G_contig_22940|provirus_44044_64218	0	0	0	0	0	0	0	0	0	0	0	0	1.8473908	1.6462853	15613	4.9999814	0.18206798	6.6363225	1.9461174	1.77218	15704	4.7201786	0.19006215	7.262264	1.720749	1.5041891	15162	4.5458665	0.1709144	6.4871063	2.253483	2.1241746	17411	3.7639494	0.21378393	8.102181	0	0	0	0	0	0	0	0	0	0	0	0	0	0	0	0	0	0	43.067066	43.053265	20175	79.20086	75.91489	2246.656	49.435757	49.214005	20175	74.9587	84.18722	2485.9834	52.38442	51.996006	20175	88.31707	86.328636	2537.2751
M1_S25_subsampled_depth_16G_contig_27050|provirus_66110_100780	0	0	0	0	0	0	0	0	0	0	0	0	0	0	0	0	0	0	1.947713	1.8068814	27107	2.7949197	0.16736993	6.395188	1.6932012	1.5641637	26219	2.4016135	0.14479451	5.4957156	0	0	0	0	0	0	0	0	0	0	0	0	0	0	0	0	0	0	0	0	0	0	0	0	44.057297	43.910137	34671	71.526306	77.41981	2291.1934	50.71032	50.375744	34671	110.8617	85.85732	2535.3003	47.60627	47.347805	34671	95.75979	78.34602	2302.6587
M1_S25_subsampled_depth_16G_contig_28794|provirus_73776_131687	4.466639	4.3549223	56807	5.490454	0.3760063	13.641961	4.530418	4.3998384	56620	6.430102	0.37994736	13.861602	4.1974654	4.079733	56579	5.502428	0.35788167	13.044677	4.284841	4.1675835	55909	6.620254	0.36439002	13.923314	3.8493645	3.7553763	54715	5.619195	0.3244165	12.313324	4.43494	4.2996	56656	6.396669	0.37656972	14.271587	0	0	0	0	0	0	0	0	0	0	0	0	0	0	0	0	0	0	65.195786	64.882645	57912	151.65887	114.18587	3379.2625	80.9097	79.98817	57912	218.20883	137.57106	4062.3667	72.175354	71.3148	57912	229.38841	118.97351	3496.736
M1_S25_subsampled_depth_16G_contig_29564|provirus_23596_54606	5.585658	5.4256344	30876	8.119209	0.4716555	17.112223	4.969541	4.8537893	30212	7.27451	0.41919887	15.293608	5.2417617	5.111071	30778	6.8489714	0.4462401	16.26531	4.4784355	4.392331	30341	5.4925127	0.38331437	14.646411	4.742134	4.6714673	30704	5.071091	0.40102968	15.221203	4.5027056	4.3443027	30075	7.0620546	0.38227144	14.48768	0	0	0	0	0	0	0	0	0	0	0	0	0	0	0	0	0	0	10.222644	10.16378	31011	12.858304	18.178106	537.97034	9.631185	9.414906	31011	16.886269	16.395172	484.1366	16.434011	16.28695	31011	26.507809	26.963129	792.4702
M1_S25_subsampled_depth_16G_contig_30501|provirus_105226_142667	0	0	0	0	0	0	0	0	0	0	0	0	0	0	0	0	0	0	0	0	0	0	0	0	0	0	0	0	0	0	0	0	0	0	0	0	0	0	0	0	0	0	0	0	0	0	0	0	0	0	0	0	0	0	51.82176	51.698605	37442	118.89292	89.886475	2660.1375	67.64049	67.43216	37442	121.726425	114.25126	3373.7512	55.110508	54.925934	37442	110.48612	90.46707	2658.907
M1_S25_subsampled_depth_16G_contig_32869|provirus_2_11838	106.03055	106.16846	11542	7315.6333	8.816371	319.86844	108.908104	108.49425	11423	7865.005	9.054007	330.3169	107.72217	107.3931	11199	7678.9634	9.032594	329.23532	154.55164	154.8037	11534	15636.97	13.00628	496.96887	162.42458	162.55566	11165	17477.871	13.561828	514.74335	160.30556	159.99344	11591	17069.46	13.452719	509.84357	59.546677	58.533512	9435	2490.7297	4.125629	36.474022	48.12133	47.287575	10037	1616.5126	3.2539515	24.922441	56.26611	55.272934	9786	2209.2156	3.8299606	30.817514	15.985625	15.602624	11835	47.072533	28.716106	849.8362	13.505947	13.248028	11835	33.985912	22.811262	673.599	18.47617	18.231676	11827	65.63215	30.276806	889.86206
M1_S25_subsampled_depth_16G_contig_35425|provirus_1_14455	0	0	0	0	0	0	0	0	0	0	0	0	0	0	0	0	0	0	0	0	0	0	0	0	0	0	0	0	0	0	0	0	0	0	0	0	0	0	0	0	0	0	0	0	0	0	0	0	0	0	0	0	0	0	121.38993	15.058874	14455	306887.1	274.15057	8113.3247	127.4943	15.298486	14455	340054	281.57913	8314.8125	148.39133	14.9481945	14455	478293.94	320.71826	9426.195
M1_S25_subsampled_depth_16G_contig_36096|provirus_25070_64460	2.3440788	2.2309654	34488	3.0515354	0.19690028	7.143784	2.5371933	2.3926156	34830	3.7967377	0.21348502	7.78856	2.2737699	2.1332502	33412	3.1798646	0.19330005	7.0457315	2.3776662	2.2296627	34202	3.391717	0.201179	7.6870294	2.540073	2.4586742	35250	3.0368812	0.21562599	8.18415	2.2405393	2.116969	32762	3.1701465	0.18983334	7.19448	2.0665884	1.8789535	29659	4.0552754	0.1449785	1.2817312	0	0	0	0	0	0	0	0	0	0	0	0	20.083305	19.460203	39391	145.6328	35.8839	1061.9629	18.572666	17.804712	39391	195.07161	32.62442	963.3736	19.081497	18.329445	39391	170.36644	32.45351	953.83765
M1_S25_subsampled_depth_16G_contig_39051|provirus_2_45170	0	0	0	0	0	0	0	0	0	0	0	0	0	0	0	0	0	0	0	0	0	0	0	0	0	0	0	0	0	0	0	0	0	0	0	0	0	0	0	0	0	0	0	0	0	0	0	0	0	0	0	0	0	0	15.088629	13.963202	45169	220.16072	30.954565	916.082	12.291143	11.116588	45169	231.71014	24.667336	728.40717	17.251783	16.114317	45169	244.38419	32.410347	952.5686
M1_S25_subsampled_depth_16G_contig_39666|provirus_20035_49979	1.9134083	1.820487	24572	2.2818217	0.16267441	5.902028	2.2239974	2.1099675	26051	2.7278328	0.18750006	6.840553	2.1021311	2.0098445	25318	2.4057937	0.17931326	6.535916	1.8662192	1.7678711	24154	2.263568	0.1583571	6.0508127	2.0841417	1.9973525	25198	2.480367	0.17653671	6.7005014	2.0517871	1.9018533	23876	3.1513424	0.17514165	6.6376767	0	0	0	0	0	0	0	0	0	0	0	0	0	0	0	0	0	0	11.761269	11.597718	29945	17.051252	20.631847	610.58734	11.144017	10.967856	29945	15.942312	18.844713	556.4699	12.964793	12.849722	29945	18.88152	21.226704	623.87146
M2_S26_subsampled_depth_16G_contig_1591	2.0847027	1.9680034	10880	2.7372375	0.18058802	6.5519543	2.1698663	1.9845563	10461	3.9204557	0.18912861	6.8999724	2.32399	2.1822526	11372	3.3313944	0.20333971	7.411674	2.88458	2.7393346	11517	4.7085114	0.24938443	9.528956	3.0476117	2.91186	11621	5.330964	0.26563215	10.082146	3.3012595	3.0762799	12413	6.0980844	0.28869313	10.941164	0	0	0	0	0	0	0	0	0	0	0	0	0	0	0	0	0	0	709.7257	685.9767	13172	27827.55	1253.8077	37105.703	669.9554	647.11664	13172	24511.22	1143.182	33757.273	744.40155	719.646	13172	30230.201	1231.7764	36203
M2_S26_subsampled_depth_16G_contig_1813	0	0	0	0	0	0	0	0	0	0	0	0	0	0	0	0	0	0	0	0	0	0	0	0	0	0	0	0	0	0	0	0	0	0	0	0	0	0	0	0	0	0	0	0	0	0	0	0	0	0	0	0	0	0	89.36824	70.892555	11132	10985.184	192.26225	5689.889	95.49217	75.71752	11132	12580.353	199.24829	5883.649	96.39811	73.94233	11132	16050.266	199.33139	5858.5254
M2_S26_subsampled_depth_16G_contig_3869	0	0	0	0	0	0	0	0	0	0	0	0	0	0	0	0	0	0	0	0	0	0	0	0	0	0	0	0	0	0	0	0	0	0	0	0	0	0	0	0	0	0	0	0	0	0	0	0	0	0	0	0	0	0	69.804115	64.39041	14638	5254.9385	125.75923	3721.77	78.891014	73.207436	14638	6869.271	137.36273	4056.2153	71.78396	66.24716	14638	6090.1895	120.892586	3553.14
M2_S26_subsampled_depth_16G_contig_3947	8.15108	7.53291	10532	59.59499	0.7129015	25.864943	7.657928	7.1441507	10019	49.167767	0.6757803	24.654459	8.052433	7.509943	9671	61.62481	0.7165066	26.116451	8.131585	7.6299133	10714	58.68571	0.71380556	27.274466	7.927905	7.366259	9767	55.74589	0.7016589	26.631678	8.369801	7.817664	9806	61.14416	0.75074947	28.452604	0	0	0	0	0	0	0	0	0	0	0	0	0	0	0	0	0	0	73.68213	75.87154	12036	359.1489	127.11225	3761.8113	93.71305	97.17711	12051	523.06287	156.19292	4612.2554	83.97958	86.42816	11993	463.45276	136.00273	3997.2407
M2_S26_subsampled_depth_16G_contig_5679	0	0	0	0	0	0	0	0	0	0	0	0	0	0	0	0	0	0	0	0	0	0	0	0	0	0	0	0	0	0	0	0	0	0	0	0	0	0	0	0	0	0	0	0	0	0	0	0	0	0	0	0	0	0	23.297253	15.216128	12821	2288.7588	51.643055	1528.3461	24.857357	17.26231	12839	2230.2148	54.349567	1604.9008	24.173738	16.192163	12814	2359.5732	51.380394	1510.1154
M2_S26_subsampled_depth_16G_contig_6706	1.6641452	1.4205219	12086	11.98034	0.18048191	6.5481067	0	0	0	0	0	0	1.9521147	1.6597968	12311	13.673013	0.20269881	7.3883147	0	0	0	0	0	0	0	0	0	0	0	0	0	0	0	0	0	0	0	0	0	0	0	0	0	0	0	0	0	0	0	0	0	0	0	0	7.0439386	6.738142	15278	21.5851	13.354684	395.2241	8.570348	8.18154	15353	24.919325	15.479406	457.0949	7.5484443	7.257473	15345	19.64801	13.268204	389.9641
M2_S26_subsampled_depth_16G_contig_6967	0	0	0	0	0	0	0	0	0	0	0	0	0	0	0	0	0	0	0	0	0	0	0	0	0	0	0	0	0	0	0	0	0	0	0	0	0	0	0	0	0	0	0	0	0	0	0	0	0	0	0	0	0	0	176.43794	168.75888	19840	3616.187	320.83948	9495.054	182.88522	175.3394	19840	3398.8872	320.4784	9463.48	166.27182	157.59209	19840	4281.01	283.98035	8346.432
M2_S26_subsampled_depth_16G_contig_7388	0	0	0	0	0	0	0	0	0	0	0	0	0	0	0	0	0	0	0	0	0	0	0	0	0	0	0	0	0	0	0	0	0	0	0	0	0	0	0	0	0	0	0	0	0	0	0	0	0	0	0	0	0	0	18.128342	10.558526	11346	1464.411	35.978962	1064.7761	21.084402	13.326897	11370	1663.7854	40.71435	1202.2634	25.068003	16.126064	11370	2256.4277	47.797985	1404.8251
M2_S26_subsampled_depth_16G_contig_8249	4.9708595	4.755781	9846	14.085675	0.46091938	16.722706	3.603258	3.3104765	9679	13.692523	0.35001478	12.769565	5.3424435	5.1054697	10201	15.99513	0.5113085	18.637033	4.2285066	4.030967	10177	11.435787	0.40285116	15.392903	3.8516743	3.56485	9576	14.288704	0.37239268	14.134269	5.143982	4.8918157	10103	15.26762	0.4830808	18.30824	0	0	0	0	0	0	0	0	0	0	0	0	0	0	0	0	0	0	11.822624	9.252463	11200	1216.1174	31.628595	936.0295	12.543891	9.677961	11200	1479.7749	33.20583	980.5426	13.176108	10.128594	11200	1750.2708	34.143726	1003.51416
M2_S26_subsampled_depth_16G_contig_8802	2.5838485	2.450752	10474	4.5896783	0.21627691	7.8467875	2.4671726	2.2938364	10873	4.611127	0.20539843	7.4935355	2.7005243	2.4983916	10808	6.112764	0.22787762	8.306066	2.8593786	2.6979918	11299	5.1012917	0.24220833	9.254765	2.555286	2.387551	10890	4.718711	0.2147348	8.150323	2.1958683	1.9660958	10083	4.6871767	0.18555164	7.032212	2.8087487	2.6257498	11037	5.64146	0.19334853	1.7093637	2.4667032	2.2041206	9845	6.096462	0.16831625	1.2891564	3.6546679	3.4447536	11867	8.2613125	0.24531887	1.973942	2.1848345	1.9589672	10958	4.1344047	3.95507	117.047935	2.0816183	1.9872208	11225	2.3097413	3.4807656	102.78424	2.0046952	1.894723	10281	2.5423164	3.2800882	96.40468
M2_S26_subsampled_depth_16G_contig_9689	0	0	0	0	0	0	0	0	0	0	0	0	0	0	0	0	0	0	0	0	0	0	0	0	0	0	0	0	0	0	0	0	0	0	0	0	0	0	0	0	0	0	0	0	0	0	0	0	0	0	0	0	0	0	279.37372	275.1454	12429	2020.9835	498.63028	14756.669	295.49622	291.98535	12429	1559.5745	508.13126	15004.721	276.10196	273.14594	12429	1271.9277	460.09302	13522.542
M2_S26_subsampled_depth_16G_contig_10052	0	0	0	0	0	0	0	0	0	0	0	0	0	0	0	0	0	0	0	0	0	0	0	0	0	0	0	0	0	0	0	0	0	0	0	0	0	0	0	0	0	0	0	0	0	0	0	0	0	0	0	0	0	0	6.824964	6.743199	10640	9.966978	11.951167	353.68784	7.7601714	7.6304646	10645	8.826695	12.967812	382.92953	6.206289	6.1187677	10507	8.296586	10.201461	299.82993
M2_S26_subsampled_depth_16G_contig_10673	6.442302	5.2582636	13786	133.34642	0.7728282	28.03915	5.0754623	3.9123075	13811	117.354095	0.645926	23.565285	5.4336367	4.3317556	13431	105.80927	0.6624042	24.144417	4.970104	3.836088	13455	117.88861	0.6373491	24.353054	4.251589	3.1630294	13019	105.28024	0.56693286	21.518095	4.6584344	3.5448492	13461	99.680824	0.60074663	22.767662	0	0	0	0	0	0	0	0	0	0	0	0	0	0	0	0	0	0	11.240396	8.4019575	13933	1627.8881	34.236115	1013.1978	13.3843155	9.807365	13998	2805.7302	40.818977	1205.3527	11.845537	8.372513	13933	2573.3494	37.23074	1094.2443
M2_S26_subsampled_depth_16G_contig_11494	0	0	0	0	0	0	0	0	0	0	0	0	0	0	0	0	0	0	1.5822114	1.5028467	9002	1.7717545	0.13370188	5.1087346	0	0	0	0	0	0	0	0	0	0	0	0	0	0	0	0	0	0	0	0	0	0	0	0	0	0	0	0	0	0	7.52558	7.3856993	11663	11.318163	13.343785	394.90158	8.51507	8.408279	11663	9.685165	14.28548	421.83917	8.374359	8.273569	11599	13.487367	13.724838	403.38522
M2_S26_subsampled_depth_16G_contig_12938	158.5651	155.74623	10851	2167.6792	13.787245	500.2179	163.19783	161.07901	10851	1882.0756	14.200333	518.07	172.29483	169.7427	10851	2595.5244	15.161456	552.6304	191.89815	188.38043	10851	2832.0076	16.882042	645.0616	194.28119	190.87842	10851	3051.6575	16.990553	644.8814	193.05046	190.20714	10851	2618.6453	16.98947	643.8828	4.3980937	3.932821	10234	16.104685	0.3229111	2.8548074	4.0779366	3.7829924	10300	10.127944	0.28811312	2.2066975	5.265302	4.778735	10665	16.435497	0.37715894	3.034785	22.18746	22.011318	10851	52.588036	44.347378	1312.4346	18.522287	18.3035	10851	36.31028	32.037056	946.0295	25.565462	25.200602	10851	57.837524	42.967995	1262.8676
M2_S26_subsampled_depth_16G_contig_13738	0	0	0	0	0	0	0	0	0	0	0	0	0	0	0	0	0	0	0	0	0	0	0	0	0	0	0	0	0	0	0	0	0	0	0	0	0	0	0	0	0	0	0	0	0	0	0	0	0	0	0	0	0	0	9.02133	7.814092	17635	174.44807	17.760014	525.59705	7.612798	6.6295824	17637	122.98017	13.976537	412.71622	9.71047	8.418514	17637	193.75392	17.456987	513.07623
M2_S26_subsampled_depth_16G_contig_13843	0	0	0	0	0	0	0	0	0	0	0	0	0	0	0	0	0	0	0	0	0	0	0	0	0	0	0	0	0	0	0	0	0	0	0	0	0	0	0	0	0	0	0	0	0	0	0	0	0	0	0	0	0	0	47.63325	43.560696	38116	5414.241	91.28477	2701.518	46.41782	42.591454	38116	4389.9277	85.57944	2527.094	45.735607	42.00644	38116	4438.6543	82.62258	2428.3506
M2_S26_subsampled_depth_16G_contig_19916	82.95109	79.45574	10618	2169.4854	8.1721735	296.49625	84.3504	80.69614	10618	2593.2134	8.339156	304.23688	90.088745	86.082466	10618	3114.2415	8.983705	327.45328	95.13737	91.042984	10618	3408.2751	9.606123	367.04922	98.272446	93.67247	10618	3899.4949	9.760415	370.4595	96.23701	91.88601	10618	3563.7896	9.675625	366.69583	4.1447268	3.8407981	9871	15.45961	0.3408327	3.013248	4.361674	4.144555	10221	8.912841	0.33773476	2.5867543	5.020539	4.749098	10133	15.641979	0.39025322	3.1401443	8.673386	8.3414345	10486	34.262188	19.263552	570.0934	7.234333	6.938548	10618	21.541433	14.000847	413.43417	8.69507	8.277329	10618	38.481197	17.01489	500.08267
M2_S26_subsampled_depth_16G_contig_22354	4.470801	4.4141517	15080	5.7974334	0.37682322	13.671603	4.8610697	4.7604847	15332	7.4201	0.40732604	14.860454	4.701813	4.602409	14887	8.413339	0.39941064	14.558399	5.420404	5.2254643	15104	11.588414	0.46480325	17.760092	5.2549524	5.1821637	15413	7.063607	0.44236916	16.790257	5.312964	5.1258154	15481	8.132429	0.4501735	17.061089	0	0	0	0	0	0	0	0	0	0	0	0	0	0	0	0	0	0	4.199974	3.9782064	14463	9.734207	7.1675963	212.12074	5.2986383	5.1789374	15537	6.7159204	8.854605	261.4697	5.772472	5.567711	15415	12.180804	9.493927	279.0349
M2_S26_subsampled_depth_16G_contig_23823	118.71786	104.771065	17046	13985.791	9.911903	359.6158	115.55122	101.536415	17062	13164.292	9.640427	351.71103	119.453156	104.063965	17067	15424.838	10.053484	366.4464	143.32742	121.395485	17050	27632.807	12.089685	461.9459	141.0658	119.613716	17060	26602.27	11.822989	448.74515	143.04971	121.11079	17067	28363.518	12.056312	456.92126	40.18088	38.470547	17033	988.0843	2.7835424	24.608864	32.879528	30.978722	16925	700.0467	2.231072	17.08807	40.861797	39.07211	17011	924.7465	2.7648165	22.246912	2.5853283	2.4921522	15324	3.0765007	4.472497	132.36089	2.3108115	2.2018783	15174	2.7230875	3.8663664	114.17079	2.972513	2.8851383	15530	4.1689653	4.797264	140.99582
M2_S26_subsampled_depth_16G_contig_23865	0	0	0	0	0	0	0	0	0	0	0	0	0	0	0	0	0	0	0	0	0	0	0	0	0	0	0	0	0	0	0	0	0	0	0	0	0	0	0	0	0	0	0	0	0	0	0	0	0	0	0	0	0	0	7.2183332	7.08224	17036	11.48276	13.253337	392.22473	5.134341	5.0447273	16898	5.773816	8.6237335	254.6522	7.1859283	6.9897037	16974	13.678313	11.774829	346.07275
M2_S26_subsampled_depth_16G_contig_24930	0	0	0	0	0	0	0	0	0	0	0	0	0	0	0	0	0	0	0	0	0	0	0	0	0	0	0	0	0	0	0	0	0	0	0	0	0	0	0	0	0	0	0	0	0	0	0	0	0	0	0	0	0	0	4.911234	4.7626476	9807	8.510827	8.812019	260.7866	6.6601806	6.588589	10120	7.5570955	11.342141	334.92465	7.5588765	7.3509026	10120	10.81813	12.523172	368.06714
M2_S26_subsampled_depth_16G_contig_26015	6.3625827	6.1972036	18175	9.490359	0.54156554	19.648659	6.417605	6.2809052	18252	8.831448	0.5426506	19.797478	6.2002206	6.106941	18236	7.4459753	0.529856	19.313084	5.2090507	5.0683103	18124	7.316082	0.4477436	17.108242	5.7198124	5.63196	18157	6.6295323	0.4857164	18.435513	6.0199227	5.9010916	18153	7.3232417	0.51615226	19.561623	0	0	0	0	0	0	0	0	0	0	0	0	0	0	0	0	0	0	8.483443	8.301386	18239	12.882554	14.913711	441.36246	8.723676	8.6020975	18270	10.488071	14.682383	433.55945	15.768654	15.608291	18263	24.301355	25.828342	759.1179
M2_S26_subsampled_depth_16G_contig_28314	0	0	0	0	0	0	0	0	0	0	0	0	0	0	0	0	0	0	0	0	0	0	0	0	0	0	0	0	0	0	0	0	0	0	0	0	0	0	0	0	0	0	0	0	0	0	0	0	0	0	0	0	0	0	5.947604	5.8743424	12115	6.771132	10.43387	308.78427	6.589056	6.495987	12193	7.3862495	11.031149	325.74115	5.7638464	5.662607	12180	6.8899164	9.569753	281.26367
M2_S26_subsampled_depth_16G_contig_28517	0	0	0	0	0	0	0	0	0	0	0	0	0	0	0	0	0	0	0	0	0	0	0	0	0	0	0	0	0	0	0	0	0	0	0	0	0	0	0	0	0	0	0	0	0	0	0	0	0	0	0	0	0	0	4.199866	4.0063696	16028	7.661728	7.3604207	217.8272	5.3672237	5.186814	16391	9.7837105	9.015269	266.2138	4.890461	4.635994	16209	10.799956	8.044724	236.44153
M2_S26_subsampled_depth_16G_contig_29096	0	0	0	0	0	0	0	0	0	0	0	0	0	0	0	0	0	0	0	0	0	0	0	0	0	0	0	0	0	0	0	0	0	0	0	0	0	0	0	0	0	0	0	0	0	0	0	0	0	0	0	0	0	0	17.713255	15.252034	28680	330.25623	32.623283	965.4669	20.002382	17.323898	28691	420.33405	35.512318	1048.6512	19.338741	16.690193	28363	428.29404	33.483738	984.1167
M2_S26_subsampled_depth_16G_contig_29721	0	0	0	0	0	0	0	0	0	0	0	0	0	0	0	0	0	0	0	0	0	0	0	0	0	0	0	0	0	0	0	0	0	0	0	0	0	0	0	0	0	0	0	0	0	0	0	0	0	0	0	0	0	0	39.84464	31.323256	43327	14263.471	86.109955	2548.3733	42.022583	32.79653	43327	18484.701	88.6086	2616.544	38.505013	29.730064	43327	16349.355	78.795845	2315.8801
M2_S26_subsampled_depth_16G_contig_30009	0	0	0	0	0	0	0	0	0	0	0	0	0	0	0	0	0	0	0	0	0	0	0	0	0	0	0	0	0	0	0	0	0	0	0	0	0	0	0	0	0	0	0	0	0	0	0	0	0	0	0	0	0	0	6.6764593	6.4976716	23242	14.844986	11.81477	349.6511	6.9326925	6.788721	23539	13.157607	11.624007	343.24796	5.821699	5.6882553	23302	10.651893	9.465924	278.21176
M2_S26_subsampled_depth_16G_contig_32679	20.884678	16.429674	10526	1142.2339	1.7353349	62.960068	20.776054	16.845879	11242	940.75543	1.7259051	62.966072	19.442041	15.476684	10513	930.3238	1.632859	59.5172	21.633766	16.049646	10078	1384.5701	1.8204503	69.55924	21.230646	15.447009	10999	1372.3938	1.7747866	67.36257	24.775969	18.238153	11033	1843.2584	2.081361	78.8814	0	0	0	0	0	0	0	0	0	0	0	0	0	0	0	0	0	0	2.2749937	2.0097032	9396	5.3293076	3.9299674	116.30509	3.170949	3.049741	10986	4.319824	5.3134913	156.90327	3.4974136	3.4014132	11377	4.0639563	5.6650014	166.49944
M2_S26_subsampled_depth_16G_contig_32915	0	0	0	0	0	0	0	0	0	0	0	0	0	0	0	0	0	0	0	0	0	0	0	0	0	0	0	0	0	0	0	0	0	0	0	0	0	0	0	0	0	0	0	0	0	0	0	0	0	0	0	0	0	0	11.908735	10.459103	15731	391.52618	26.978363	798.4089	13.849881	12.283106	15731	464.4556	29.218454	862.7985	13.399525	11.748485	15731	438.31924	27.831043	817.9789
M2_S26_subsampled_depth_16G_contig_34755	0	0	0	0	0	0	0	0	0	0	0	0	0	0	0	0	0	0	0	0	0	0	0	0	0	0	0	0	0	0	0	0	0	0	0	0	0	0	0	0	0	0	0	0	0	0	0	0	0	0	0	0	0	0	7.887389	7.840499	10595	14.083322	13.749407	406.9055	8.779876	8.635172	10744	14.543254	14.966175	441.93948	8.158392	8.026846	10607	16.583044	13.575483	398.99548
M2_S26_subsampled_depth_16G_contig_34863	0	0	0	0	0	0	0	0	0	0	0	0	0	0	0	0	0	0	0	0	0	0	0	0	0	0	0	0	0	0	0	0	0	0	0	0	0	0	0	0	0	0	0	0	0	0	0	0	0	0	0	0	0	0	23.007517	16.46545	13720	3142.238	53.18696	1574.0364	22.203169	15.369248	13720	3296.2144	52.149723	1539.9408	25.287989	17.99083	13720	3902.2903	57.156353	1679.8761
M2_S26_subsampled_depth_16G_contig_35524	0	0	0	0	0	0	0	0	0	0	0	0	0	0	0	0	0	0	0	0	0	0	0	0	0	0	0	0	0	0	0	0	0	0	0	0	0	0	0	0	0	0	0	0	0	0	0	0	0	0	0	0	0	0	6.9207773	6.768776	11339	12.982544	12.349312	365.47058	7.7177076	7.5129113	11422	13.729192	13.280939	392.17572	7.930447	7.7397003	11421	14.01983	13.434965	394.86545
M2_S26_subsampled_depth_16G_contig_36346	0	0	0	0	0	0	0	0	0	0	0	0	0	0	0	0	0	0	0	0	0	0	0	0	0	0	0	0	0	0	0	0	0	0	0	0	0	0	0	0	0	0	0	0	0	0	0	0	0	0	0	0	0	0	4.266292	4.0897985	11464	9.723126	7.444187	220.3062	5.074639	4.946763	12323	9.010562	8.46091	249.84398	5.233788	5.118602	11983	9.594026	8.534022	250.82231
M2_S26_subsampled_depth_16G_contig_36995	0	0	0	0	0	0	0	0	0	0	0	0	0	0	0	0	0	0	0	0	0	0	0	0	0	0	0	0	0	0	0	0	0	0	0	0	0	0	0	0	0	0	0	0	0	0	0	0	0	0	0	0	0	0	21.834675	13.720691	12441	15545.248	85.06344	2517.4026	20.485233	11.572449	12441	18733.598	84.153	2484.9724	25.671873	16.377747	12441	20182.908	94.99182	2791.8933
M2_S26_subsampled_depth_16G_contig_39015	0	0	0	0	0	0	0	0	0	0	0	0	0	0	0	0	0	0	0	0	0	0	0	0	0	0	0	0	0	0	0	0	0	0	0	0	0	0	0	0	0	0	0	0	0	0	0	0	0	0	0	0	0	0	11.143027	10.953342	29443	20.285784	19.695671	582.8819	12.223711	11.954175	29452	20.018715	20.79222	613.97815	11.877493	11.716077	29487	17.652977	19.53627	574.18835
M2_S26_subsampled_depth_16G_contig_39042	0	0	0	0	0	0	0	0	0	0	0	0	0	0	0	0	0	0	0	0	0	0	0	0	0	0	0	0	0	0	0	0	0	0	0	0	0	0	0	0	0	0	0	0	0	0	0	0	0	0	0	0	0	0	6.253708	6.126271	21977	11.223884	11.315593	334.8783	8.049272	7.9142	22333	11.066411	13.596141	401.48355	6.7956996	6.6580014	22264	10.031383	11.217813	329.7016
M2_S26_subsampled_depth_16G_contig_39183	0	0	0	0	0	0	0	0	0	0	0	0	0	0	0	0	0	0	0	0	0	0	0	0	0	0	0	0	0	0	0	0	0	0	0	0	0	0	0	0	0	0	0	0	0	0	0	0	0	0	0	0	0	0	55.86546	55.476345	54304	400.563	99.668816	2949.6396	62.771133	62.27856	54304	558.29803	108.231766	3195.9998	57.830112	57.36504	54304	435.6863	96.61107	2839.4841
M2_S26_subsampled_depth_16G_contig_469|provirus_104390_175504	36.75815	36.761967	64808	331.78253	3.0932949	112.2285	37.51637	37.551033	65282	348.1319	3.15809	115.216354	36.907406	36.85002	64686	334.35803	3.1313937	114.13834	48.613895	48.66157	65211	576.12177	4.143015	158.30423	50.129036	50.513363	65702	552.3736	4.2330413	160.66641	49.1784	49.055096	64845	613.1176	4.1788964	158.37567	14.191419	13.570261	63243	89.158264	0.99851024	8.827674	12.294103	11.836916	63203	63.964558	0.8460416	6.4799466	13.754935	13.133038	63221	83.19432	0.9456635	7.609219	251.25899	254.08443	71115	1917.1249	439.1299	12995.793	257.03403	260.49875	71115	1625.1873	432.96094	12784.999	232.2179	235.16425	71115	1204.5787	379.5025	11153.912
M2_S26_subsampled_depth_16G_contig_3971|provirus_13670_25655	1.7270193	1.6534635	9832	1.6499363	0.14356463	5.2087	2.4737241	2.3141544	10700	3.564751	0.20784266	7.582713	2.4034302	2.369157	11003	2.1220632	0.20324214	7.4081125	1.929368	1.8473812	9993	2.0685215	0.16635592	6.3564434	1.7954545	1.6473625	8996	2.8408785	0.15230405	5.780745	0	0	0	0	0	0	1.8664244	1.73578	9645	2.5593424	0.1317682	1.1649413	0	0	0	0	0	0	0	0	0	0	0	0	6.811423	6.8020463	11915	7.3680663	11.706386	346.44354	7.9520955	7.8870845	11986	9.856854	13.457552	397.39124	7.640166	7.5126715	11986	9.787112	12.557363	369.0719
M2_S26_subsampled_depth_16G_contig_4050|provirus_129736_179775	12.045721	11.406975	50040	49.86568	1.0280942	37.300507	12.492443	11.6898575	50023	63.396168	1.0727614	39.137486	12.552235	11.957307	50040	49.270832	1.0837537	39.50249	13.1365	12.438666	50013	63.300526	1.1397254	43.54882	12.35899	11.616031	49951	65.3197	1.0617534	40.299168	12.451133	11.72538	50034	59.349346	1.079451	40.910023	0	0	0	0	0	0	0	0	0	0	0	0	0	0	0	0	0	0	611.235	613.6619	50040	27456.959	1070.7325	31687.703	676.87213	678.9411	50040	29004.895	1143.1735	33757.023	700.6503	703.37555	50040	33046.05	1147.5908	33728.707
M2_S26_subsampled_depth_16G_contig_7218|provirus_2_32606	12.95483	12.790627	32521	53.85196	1.1090748	40.238567	13.159667	12.913834	32407	56.9737	1.1321204	41.303097	12.72448	12.493479	32235	50.089005	1.1054589	40.293636	12.238237	11.98706	32531	49.0546	1.0662835	40.742603	12.809768	12.494574	32476	53.184986	1.103447	41.881653	13.6197815	13.26288	32264	67.13089	1.1889825	45.06115	2.741026	2.5550306	26426	5.772303	0.19440003	1.7186596	2.3469727	2.2067373	26402	3.919447	0.1632544	1.2503873	2.8005238	2.5819383	27417	5.8516235	0.19329949	1.555371	67.6701	67.34809	32605	129.51463	119.65454	3541.1057	76.59945	75.63908	32605	205.75412	130.084	3841.2795	71.67841	70.89792	32605	221.0363	118.3908	3479.6108
M2_S26_subsampled_depth_16G_contig_13201|provirus_203917_232117	18.405975	18.586168	25247	75.99832	1.5613402	56.64734	18.280132	18.378105	24945	80.9847	1.5515091	56.603596	17.876617	18.125084	25216	68.415115	1.5322638	55.850536	16.637054	16.80469	24945	66.58738	1.4236112	54.396072	16.356743	16.46952	25247	62.672997	1.3939928	52.9094	15.964993	16.028717	26393	58.598698	1.3723972	52.01237	4.773662	4.415416	23999	18.166557	0.3356541	2.9674656	4.0313	3.7487621	23608	12.314029	0.28004405	2.1448958	4.9890556	4.7194123	24118	15.937243	0.3435735	2.764542	42.742077	42.313187	28201	549.7767	79.34445	2348.1519	44.983707	44.46255	28201	700.11707	80.01353	2362.7373	46.42116	46.04464	28201	772.50323	79.8571	2347.0706
M2_S26_subsampled_depth_16G_contig_20983|provirus_3_27696	3.528391	3.337515	25536	6.951958	0.2987961	10.840687	3.5307145	3.3857603	25715	6.381803	0.29817432	10.87828	3.58746	3.3520372	25321	8.167567	0.3057997	11.146302	3.875835	3.6995158	25907	7.2465363	0.33322644	12.732549	3.7354052	3.56071	26080	7.0550637	0.31768525	12.057833	3.6931818	3.5133522	25240	7.631052	0.31378585	11.89215	0	0	0	0	0	0	0	0	0	0	0	0	0	0	0	0	0	0	4.7052717	4.4292054	26382	12.533906	8.349086	247.08633	6.056927	5.758007	26934	17.64226	10.297768	304.08517	6.4858046	6.2942314	27316	15.751171	10.60414	311.665
M2_S26_subsampled_depth_16G_contig_21201|provirus_2_32473	0	0	0	0	0	0	0	0	0	0	0	0	0	0	0	0	0	0	0	0	0	0	0	0	0	0	0	0	0	0	0	0	0	0	0	0	0	0	0	0	0	0	0	0	0	0	0	0	0	0	0	0	0	0	31.28736	16.478344	32469	5374.5576	67.508606	1997.8772	32.649155	18.046133	32472	5252.8564	68.625206	2026.4497	39.692066	19.618528	32472	9621.2705	80.7905	2374.5037
M2_S26_subsampled_depth_16G_contig_22778|provirus_180981_236657	8.108794	7.7031517	55047	25.484201	0.71107036	25.798502	7.7888775	7.3232017	55495	23.807945	0.6786526	24.75924	7.949736	7.5777287	55258	24.346481	0.69753516	25.424948	7.7542095	7.4315357	55394	19.7467	0.68617994	26.218893	7.173141	6.8088245	55227	19.25641	0.62683564	23.79173	7.655411	7.26023	55271	24.054758	0.6715273	25.45018	0	0	0	0	0	0	0	0	0	0	0	0	0	0	0	0	0	0	36.699245	35.38385	55677	331.2567	67.04496	1984.1555	45.364452	44.16072	55677	435.4927	80.20174	2368.296	41.32838	39.850006	55677	426.3654	71.15358	2091.2666
M2_S26_subsampled_depth_16G_contig_23804|provirus_277876_356413	0	0	0	0	0	0	0	0	0	0	0	0	0	0	0	0	0	0	0	0	0	0	0	0	0	0	0	0	0	0	0	0	0	0	0	0	0	0	0	0	0	0	0	0	0	0	0	0	0	0	0	0	0	0	88.65325	78.31278	78538	8540.729	161.55458	4781.113	100.11743	89.67126	78538	8689.204	175.58798	5184.978	98.36739	87.338684	78538	8747.961	167.55026	4924.449
M2_S26_subsampled_depth_16G_contig_24435|provirus_1_17155	0	0	0	0	0	0	0	0	0	0	0	0	0	0	0	0	0	0	0	0	0	0	0	0	0	0	0	0	0	0	0	0	0	0	0	0	0	0	0	0	0	0	0	0	0	0	0	0	0	0	0	0	0	0	11.649044	11.442405	17140	21.32707	21.066984	623.4649	12.492972	12.211238	17155	24.271488	21.42858	632.7693	13.007351	12.780856	17155	21.448483	21.50553	632.0664
M2_S26_subsampled_depth_16G_contig_31554|provirus_22850_63980	1615.7417	1658.0697	41131	543381.5	135.38171	4911.811	1585.947	1626.1749	41131	524654	132.8347	4846.2	1573.9852	1614.061	41131	514712.28	132.94913	4845.9556	1578.0648	1620.6472	41131	517045.94	133.62016	5105.615	1615.5834	1659.101	41131	537176.1	135.7435	5152.185	1610.4052	1652.3308	41131	539910.75	136.11064	5158.4487	558.222	560.232	41131	85777.07	38.91153	344.0107	483.33374	484.83453	41033	65454.266	32.888435	251.89697	575.08936	577.30676	41083	91077.35	39.178043	315.2435	15.594153	15.471382	41131	25.976135	27.380985	810.32404	18.777142	18.699888	41131	25.364763	31.625385	933.87305	18.761866	18.67199	41131	31.326721	30.62169	899.99866
M2_S26_subsampled_depth_16G_contig_36954|provirus_36900_76544	0	0	0	0	0	0	0	0	0	0	0	0	0	0	0	0	0	0	0	0	0	0	0	0	0	0	0	0	0	0	0	0	0	0	0	0	0	0	0	0	0	0	0	0	0	0	0	0	0	0	0	0	0	0	29.641829	13.429741	39645	11919.432	68.74704	2034.5275	34.01109	14.586604	39645	16098.789	77.381165	2285.006	31.247551	13.227446	39645	15239.605	70.507454	2072.2761
M2_S26_subsampled_depth_16G_contig_37447|provirus_1_128232	0	0	0	0	0	0	1.6869818	1.5744834	97910	2.155624	0.14210531	5.184417	0	0	0	0	0	0	2.1048546	1.9892256	108103	2.757566	0.18001525	6.8783703	2.0918708	1.9677811	105199	2.9313946	0.17715967	6.7241483	2.2692728	2.1366222	107553	3.2912302	0.1929538	7.3127475	0	0	0	0	0	0	0	0	0	0	0	0	0	0	0	0	0	0	18.189722	18.066555	128232	31.022463	32.668335	966.8002	14.166979	14.049152	128232	22.25868	23.919697	706.33014	18.996946	18.843044	128232	28.026983	31.135014	915.08527
M2_S26_subsampled_depth_16G_contig_39846|provirus_84926_108051	0	0	0	0	0	0	0	0	0	0	0	0	0	0	0	0	0	0	0	0	0	0	0	0	0	0	0	0	0	0	0	0	0	0	0	0	0	0	0	0	0	0	0	0	0	0	0	0	0	0	0	0	0	0	8.7490425	8.580851	23126	13.436823	15.093514	446.68372	13.003874	12.906238	23126	19.875288	21.952444	648.23883	10.962526	10.77002	23126	16.604168	17.945717	527.4403
M3_S27_subsampled_depth_16G_contig_356	0	0	0	0	0	0	0	0	0	0	0	0	0	0	0	0	0	0	0	0	0	0	0	0	0	0	0	0	0	0	0	0	0	0	0	0	0	0	0	0	0	0	0	0	0	0	0	0	0	0	0	0	0	0	6.854636	6.635476	43227	12.827821	12.30297	364.0992	8.381595	8.153737	43193	14.553148	14.367037	424.2473	8.041516	7.829315	43290	13.815868	13.290149	390.60913
M3_S27_subsampled_depth_16G_contig_1113	7.4984293	6.495492	35727	111.539116	0.64514834	23.406775	6.8764853	5.876028	35876	95.042145	0.5914606	21.578224	7.121848	6.057888	35743	105.60954	0.6187471	22.553135	6.8789988	6.063534	36103	68.42837	0.59503865	22.736374	6.603229	5.834229	36163	60.956852	0.56947875	21.61474	7.0392866	6.238715	35773	68.379585	0.608988	23.079998	0	0	0	0	0	0	2.0136874	1.8307076	28718	3.657181	0.13787967	1.0560391	0	0	0	0	0	0	12.910526	11.232675	36753	340.06522	27.665041	818.73047	13.121875	11.085542	36753	483.01187	27.529858	812.93567	15.008524	12.84634	36753	568.9367	30.087383	884.2946
M3_S27_subsampled_depth_16G_contig_1390	0	0	0	0	0	0	0	0	0	0	0	0	0	0	0	0	0	0	0	0	0	0	0	0	0	0	0	0	0	0	0	0	0	0	0	0	0	0	0	0	0	0	0	0	0	0	0	0	0	0	0	0	0	0	470.501	464.168	38389	6356.1616	829.22723	24540.492	491.63138	483.90573	38389	5568.0127	833.15814	24602.52	493.00122	484.68198	38389	5208.516	810.3249	23816.164
M3_S27_subsampled_depth_16G_contig_1460	0	0	0	0	0	0	0	0	0	0	0	0	0	0	0	0	0	0	0	0	0	0	0	0	0	0	0	0	0	0	0	0	0	0	0	0	0	0	0	0	0	0	0	0	0	0	0	0	0	0	0	0	0	0	403.09302	338.98257	33714	135464.61	716.7181	21210.852	430.6682	359.46652	33714	164689.67	738.64685	21811.668	406.18628	335.78268	33714	164245.33	676.69727	19888.729
M3_S27_subsampled_depth_16G_contig_1463	0	0	0	0	0	0	0	0	0	0	0	0	0	0	0	0	0	0	0	0	0	0	0	0	0	0	0	0	0	0	0	0	0	0	0	0	0	0	0	0	0	0	0	0	0	0	0	0	0	0	0	0	0	0	5.816546	5.678689	10814	9.478631	10.2364025	302.9404	6.811816	6.7423744	10796	10.722677	11.586648	342.1446	7.430996	7.372733	10932	7.2431273	11.99661	352.5909
M3_S27_subsampled_depth_16G_contig_2702	2.3743162	2.229982	8015	4.448279	0.19992422	7.253494	2.089836	1.998614	8014	2.7922742	0.17229447	6.2858105	2.0946348	1.9920034	7986	2.9754934	0.1761869	6.421957	0	0	0	0	0	0	0	0	0	0	0	0	0	0	0	0	0	0	0	0	0	0	0	0	0	0	0	0	0	0	0	0	0	0	0	0	3.183703	2.902335	9589	7.643731	5.749763	170.16087	3.7975814	3.5584817	9961	8.66962	6.53053	192.84145	4.1658506	3.958098	10149	8.174832	7.0045047	205.86855
M3_S27_subsampled_depth_16G_contig_3411	0	0	0	0	0	0	0	0	0	0	0	0	0	0	0	0	0	0	0	0	0	0	0	0	0	0	0	0	0	0	0	0	0	0	0	0	0	0	0	0	0	0	0	0	0	0	0	0	0	0	0	0	0	0	8.638195	8.574865	10074	9.932142	15.123753	447.57855	8.157031	8.082027	10078	6.9727197	13.948264	411.88144	7.84861	7.768017	10078	8.724835	12.818601	376.75
M3_S27_subsampled_depth_16G_contig_4916	0	0	0	0	0	0	0	0	0	0	0	0	0	0	0	0	0	0	0	0	0	0	0	0	0	0	0	0	0	0	0	0	0	0	0	0	0	0	0	0	0	0	0	0	0	0	0	0	0	0	0	0	0	0	6.33065	6.2468204	31702	8.680241	11.265868	333.40674	6.443204	6.2901816	31807	9.625652	10.8812475	321.3149	7.170294	7.0522013	31945	8.883884	11.739568	345.03632
M3_S27_subsampled_depth_16G_contig_5311	0	0	0	0	0	0	0	0	0	0	0	0	0	0	0	0	0	0	0	0	0	0	0	0	0	0	0	0	0	0	0	0	0	0	0	0	0	0	0	0	0	0	0	0	0	0	0	0	0	0	0	0	0	0	59.733	59.89061	19271	155.72195	104.6913	3098.2778	47.68069	47.8293	19285	92.08864	80.16716	2367.274	61.263916	61.472916	19260	111.52545	100.151115	2943.5293
M3_S27_subsampled_depth_16G_contig_5612	0	0	0	0	0	0	0	0	0	0	0	0	0	0	0	0	0	0	0	0	0	0	0	0	0	0	0	0	0	0	0	0	0	0	0	0	0	0	0	0	0	0	0	0	0	0	0	0	0	0	0	0	0	0	35.34143	34.536957	17029	130.35295	64.75656	1916.4325	26.791279	26.028435	17029	79.50124	46.51478	1373.5452	35.578114	34.55157	17029	122.15763	59.926872	1761.3036
M3_S27_subsampled_depth_16G_contig_7559	0	0	0	0	0	0	0	0	0	0	0	0	0	0	0	0	0	0	0	0	0	0	0	0	0	0	0	0	0	0	0	0	0	0	0	0	0	0	0	0	0	0	0	0	0	0	0	0	0	0	0	0	0	0	12.924216	12.419304	10614	40.44527	23.390297	692.22205	12.457569	12.026439	10614	23.802656	21.414122	632.3425	12.202982	11.810363	10614	29.579554	20.185371	593.266
M3_S27_subsampled_depth_16G_contig_8594	39.567463	39.46995	10075	295.22986	3.2910025	119.40158	36.18138	36.187668	10082	155.9096	2.9998455	109.44321	36.32606	36.188786	10092	237.46416	3.038228	110.74248	38.16358	37.789207	10088	280.06546	3.211878	122.725555	40.15554	39.89924	10088	262.12045	3.3438373	126.916275	38.860546	39.024128	10086	220.07481	3.2533526	123.29852	20.34788	20.48369	10070	73.434135	1.4079201	12.447199	16.276794	16.206434	10043	45.473404	1.0959494	8.394018	20.612709	20.53072	10037	86.11687	1.3934376	11.2122	3.173336	2.9987712	8913	6.021032	5.431908	160.75407	2.5817413	2.4234807	8906	4.004228	4.307237	127.189384	3.4161472	3.3462913	9363	4.9008117	5.5602007	163.41927
M3_S27_subsampled_depth_16G_contig_9244	0	0	0	0	0	0	0	0	0	0	0	0	0	0	0	0	0	0	0	0	0	0	0	0	0	0	0	0	0	0	0	0	0	0	0	0	0	0	0	0	0	0	0	0	0	0	0	0	0	0	0	0	0	0	7.046809	6.7041574	14773	15.310459	12.827298	379.61633	7.282079	6.9365835	14848	15.460196	12.753622	376.60468	7.8662405	7.498564	14848	14.759003	13.240694	389.1557
M3_S27_subsampled_depth_16G_contig_9840	60.26578	59.420982	18486	216.6583	5.107169	185.29434	61.63963	60.89195	18503	261.9912	5.237237	191.06976	64.977615	63.70246	18496	313.3053	5.5784345	203.3322	76.919426	76.08282	18504	300.6922	6.6085057	252.51054	76.87401	76.011406	18502	308.88562	6.5490203	248.57011	77.22514	76.288666	18498	348.21103	6.6203136	250.9027	18.765076	18.66908	18173	97.20946	1.3037646	11.526378	17.185917	16.765423	18321	103.67596	1.1727531	8.982275	19.776867	19.390862	18019	145.13681	1.3453635	10.825376	5.2439423	4.9727154	17983	11.945596	10.796556	319.51782	3.6778224	3.4727755	17214	7.2346363	6.4173574	189.4997	5.262849	4.8903174	18173	15.396268	8.705734	255.86938
M3_S27_subsampled_depth_16G_contig_10202	7.7591553	7.457073	16269	24.810207	0.6596478	23.932821	7.902588	7.7181606	16504	18.111488	0.67075574	24.471136	7.6359863	7.427506	16498	15.322286	0.65722835	23.95577	8.406433	8.093585	16534	24.910246	0.73440164	28.061434	7.9727173	7.7564087	16486	19.943405	0.68086076	25.842258	7.5460815	7.3634205	16501	16.106646	0.65292656	24.745218	0	0	0	0	0	0	0	0	0	0	0	0	0	0	0	0	0	0	7.784912	7.6302047	16429	14.874443	14.970578	443.04553	6.2524414	6.094127	16265	12.161989	10.795592	318.78552	8.708374	8.535467	16534	15.146226	14.529561	427.03662
M3_S27_subsampled_depth_16G_contig_13353	0	0	0	0	0	0	0	0	0	0	0	0	0	0	0	0	0	0	0	0	0	0	0	0	0	0	0	0	0	0	0	0	0	0	0	0	0	0	0	0	0	0	0	0	0	0	0	0	0	0	0	0	0	0	6.6496506	6.44024	23425	16.511738	11.638089	344.42236	5.772501	5.614755	23680	10.772706	9.755975	288.08636	6.1678314	6.0516944	23587	11.291651	10.030034	294.7916
M3_S27_subsampled_depth_16G_contig_13847	5.4220195	2.5495808	15069	513.0927	0.5949686	21.586168	5.0554175	2.8922184	16642	294.8463	0.53504336	19.519955	4.8669972	2.4295433	15475	399.09137	0.54163957	19.742592	5.2269487	2.6876209	17084	404.46976	0.5608759	21.431015	5.6282263	2.9746087	16483	426.35843	0.5947934	22.575558	5.9495964	3.135167	16736	483.1133	0.63144946	23.931246	2.2840028	2.0009968	14610	6.1821375	0.1681439	1.4865336	0	0	0	0	0	0	2.3920937	2.0803964	16080	6.441578	0.17358576	1.3967462	4.9987335	4.3287983	18268	38.70981	10.037956	297.06738	5.6107035	4.8765025	18325	51.425766	10.948637	323.30487	5.6197286	4.80801	18686	48.713036	10.5899315	311.24738
M3_S27_subsampled_depth_16G_contig_13944	85.65395	83.37834	23566	696.1307	7.432368	269.6554	90.85574	88.51157	23566	720.566	7.871498	287.17538	95.34605	93.18538	23566	712.96625	8.329279	303.59952	104.73693	103.10197	23566	791.35565	9.165646	350.2186	109.65306	106.94254	23566	968.5654	9.527534	361.6203	107.78711	105.85372	23566	874.4415	9.426704	357.26193	6.375	6.064813	20339	25.153284	0.45848206	4.0533686	6.58033	6.315952	20958	24.804821	0.45651376	3.496499	7.841134	7.6000667	21215	27.168268	0.5444348	4.380756	14.608473	14.168296	23566	43.048496	29.23556	865.2091	12.008841	11.768647	23566	23.855957	20.909597	617.44403	14.189956	13.783688	23566	32.035748	24.02871	706.22504
M3_S27_subsampled_depth_16G_contig_15539	6.870057	6.47365	30413	23.802986	0.60049284	21.786615	6.3485403	5.960987	30040	20.867264	0.5545894	20.233047	6.3924794	5.9224415	30280	24.205793	0.5691989	20.747122	5.8996086	5.450192	30451	20.1511	0.5255956	20.082968	5.6876073	5.1766353	29922	22.446121	0.50375944	19.120348	5.9500146	5.4420376	29809	25.761211	0.5296569	20.073431	0	0	0	0	0	0	0	0	0	0	0	0	0	0	0	0	0	0	12.18966	10.655207	31054	111.74863	22.351006	661.4647	12.322771	10.195423	30869	174.52014	21.622585	638.49805	19.7729	18.17606	31079	134.25578	33.340305	979.90094
M3_S27_subsampled_depth_16G_contig_16564	0	0	0	0	0	0	0	0	0	0	0	0	0	0	0	0	0	0	0	0	0	0	0	0	0	0	0	0	0	0	0	0	0	0	0	0	0	0	0	0	0	0	0	0	0	0	0	0	0	0	0	0	0	0	12.137834	8.425563	14664	428.45538	23.475441	694.74176	12.523796	8.75681	14678	410.57996	23.61371	697.2944	12.465078	9.293552	14711	302.37888	22.578833	663.612
M3_S27_subsampled_depth_16G_contig_16918	0	0	0	0	0	0	0	0	0	0	0	0	0	0	0	0	0	0	0	0	0	0	0	0	0	0	0	0	0	0	0	0	0	0	0	0	0	0	0	0	0	0	0	0	0	0	0	0	0	0	0	0	0	0	36.343803	35.27846	17785	140.45412	64.629074	1912.6594	43.993137	42.674667	17785	158.00624	75.129555	2218.5176	33.68058	32.44346	17785	122.49572	55.904713	1643.0892
M3_S27_subsampled_depth_16G_contig_18095	0	0	0	0	0	0	0	0	0	0	0	0	0	0	0	0	0	0	0	0	0	0	0	0	0	0	0	0	0	0	0	0	0	0	0	0	0	0	0	0	0	0	0	0	0	0	0	0	0	0	0	0	0	0	54.053043	6.122064	12850	143151.03	219.63078	6499.8423	57.011475	5.505719	12834	169423.34	236.54584	6985.017	61.063103	7.8644023	12875	179588.14	240.31743	7063.143
M3_S27_subsampled_depth_16G_contig_18303	0	0	0	0	0	0	0	0	0	0	0	0	0	0	0	0	0	0	0	0	0	0	0	0	0	0	0	0	0	0	0	0	0	0	0	0	0	0	0	0	0	0	0	0	0	0	0	0	0	0	0	0	0	0	13.946853	12.181932	16860	193.66985	27.12245	802.6727	14.843905	12.939954	16877	223.81248	28.582672	844.024	13.264841	11.51365	16877	192.87927	25.040693	735.96796
M3_S27_subsampled_depth_16G_contig_19415	39.691803	38.087246	14549	794.34216	3.3112319	120.13556	36.28582	34.562454	14795	668.68713	3.023394	110.302315	35.46299	33.61468	14136	683.35645	2.9824557	108.70953	41.6154	38.800648	14716	1090.2324	3.5092223	134.08713	40.396717	37.528248	14611	1091.0684	3.3749905	128.09871	39.914925	35.936882	14877	1330.9436	3.3520272	127.03822	0	0	0	0	0	0	0	0	0	0	0	0	0	0	0	0	0	0	3.132614	3.0394292	14199	4.276725	5.376543	159.11566	3.786944	3.664705	14317	5.72273	6.381117	188.42943	4.592161	4.5386934	14927	5.102014	7.536912	221.51653
M3_S27_subsampled_depth_16G_contig_19777	0	0	0	0	0	0	0	0	0	0	0	0	0	0	0	0	0	0	0	0	0	0	0	0	0	0	0	0	0	0	0	0	0	0	0	0	0	0	0	0	0	0	0	0	0	0	0	0	0	0	0	0	0	0	4.475754	4.2228127	16390	12.267992	7.8411117	232.05305	5.0831456	4.879625	17402	10.081638	8.532802	251.96712	4.917248	4.8311877	17514	6.8687077	7.999758	235.11981
M3_S27_subsampled_depth_16G_contig_19814	0	0	0	0	0	0	0	0	0	0	0	0	0	0	0	0	0	0	0	0	0	0	0	0	0	0	0	0	0	0	0	0	0	0	0	0	0	0	0	0	0	0	0	0	0	0	0	0	0	0	0	0	0	0	108.90334	44.787388	44460	532847.1	304.6586	9016.188	120.78932	48.707924	44460	650711.1	335.5075	9907.277	113.88081	42.99852	44460	629623.56	314.0654	9230.662
M3_S27_subsampled_depth_16G_contig_19925	0	0	0	0	0	0	0	0	0	0	0	0	0	0	0	0	0	0	0	0	0	0	0	0	0	0	0	0	0	0	0	0	0	0	0	0	0	0	0	0	0	0	0	0	0	0	0	0	0	0	0	0	0	0	5.993417	5.909997	10573	5.2223787	10.642414	314.9559	7.3555	7.258878	10631	8.90147	12.390343	365.8772	8.654995	8.563341	10631	9.255958	13.973425	410.6914
M3_S27_subsampled_depth_16G_contig_23391	3.8036845	3.5620403	12726	8.620399	0.31798372	11.536836	4.080167	3.9245284	13168	7.1336956	0.34031564	12.41571	3.9854634	3.7588744	13061	7.629008	0.3368805	12.279188	3.4719343	3.376719	12137	5.8562837	0.2911959	11.12657	4.1370177	4.0380554	12847	7.1619377	0.3456761	13.120247	3.3504605	3.1301568	12739	6.567344	0.28344828	10.742393	0	0	0	0	0	0	0	0	0	0	0	0	0	0	0	0	0	0	3.365573	3.257995	13191	5.061597	6.0499883	179.04585	3.0225964	2.8349056	12536	5.719964	5.309933	156.79826	4.022093	3.9068596	13421	5.872344	6.7714767	199.0198
M3_S27_subsampled_depth_16G_contig_24417	1.7844287	1.681235	13241	2.277694	0.15147637	5.495747	0	0	0	0	0	0	1.812042	1.698756	14247	2.1255515	0.15639827	5.7006674	0	0	0	0	0	0	0	0	0	0	0	0	0	0	0	0	0	0	0	0	0	0	0	0	0	0	0	0	0	0	0	0	0	0	0	0	6.201794	5.9908814	16577	15.216548	11.025666	326.298	6.1014247	5.90751	16850	12.007186	10.4615135	308.92038	5.7827873	5.4971666	16981	14.732191	9.559203	280.9535
M3_S27_subsampled_depth_16G_contig_25277	0	0	0	0	0	0	0	0	0	0	0	0	0	0	0	0	0	0	0	0	0	0	0	0	0	0	0	0	0	0	0	0	0	0	0	0	0	0	0	0	0	0	0	0	0	0	0	0	0	0	0	0	0	0	62.636543	53.340427	62072	5371.328	118.77887	3515.191	67.364296	57.122787	62072	6182.5854	124.17221	3666.7085	62.532944	51.339493	62072	7009.215	112.78901	3314.9685
M3_S27_subsampled_depth_16G_contig_26478	0	0	0	0	0	0	0	0	0	0	0	0	0	0	0	0	0	0	0	0	0	0	0	0	0	0	0	0	0	0	0	0	0	0	0	0	0	0	0	0	0	0	0	0	0	0	0	0	0	0	0	0	0	0	34.136856	29.797804	53294	11780.306	70.418274	2083.987	27.619883	22.986326	53294	14245.005	57.34029	1693.2146	34.191742	29.800335	53294	12812.411	65.85798	1935.6241
M3_S27_subsampled_depth_16G_contig_26625	2.9923997	2.8609824	9489	4.9332013	0.2544649	9.232294	2.867921	2.71661	9918	4.391619	0.24160807	8.814567	2.6943183	2.605087	10002	3.0200093	0.22735871	8.287156	2.909074	2.824426	10117	3.1748052	0.25121686	9.598977	2.7711558	2.6596644	9728	3.914348	0.23293872	8.841255	3.0190008	2.9292555	10304	3.724797	0.2578022	9.770431	0	0	0	0	0	0	0	0	0	0	0	0	0	0	0	0	0	0	5.930114	5.848934	10824	8.952474	10.636336	314.77603	5.78682	5.6848936	10890	6.5798745	9.892038	292.1042	7.99518	7.931418	10939	7.903017	12.997347	382.00342
M3_S27_subsampled_depth_16G_contig_27151	2.1794949	2.0391374	10976	3.2370791	0.18754448	6.8043447	2.4035823	2.2946124	11593	3.1137543	0.20524772	7.4880347	1.8348198	1.6969773	10569	2.7496583	0.16163754	5.8916354	2.2547402	2.1389792	11332	3.164229	0.19514015	7.456289	1.921382	1.7909068	10166	3.031819	0.17005654	6.454548	0	0	0	0	0	0	7.1551375	6.8572736	11539	32.12778	0.49611157	4.386044	6.100877	5.7333665	11600	28.36443	0.41493818	3.1780684	9.226336	8.911067	11952	47.083084	0.62557536	5.033648	2.5635915	2.2838705	10761	6.721166	5.0896163	150.62427	2.7124336	2.4837205	11439	5.976286	4.6281576	136.66591	3.1160908	2.8295445	12400	6.972206	5.250416	154.31435
M3_S27_subsampled_depth_16G_contig_30162	0	0	0	0	0	0	0	0	0	0	0	0	0	0	0	0	0	0	0	0	0	0	0	0	0	0	0	0	0	0	0	0	0	0	0	0	0	0	0	0	0	0	0	0	0	0	0	0	0	0	0	0	0	0	31.324387	11.066422	10345	10351.837	78.8673	2334.0315	32.92239	12.464313	10369	10699.385	82.86647	2446.983	35.776573	13.994079	10471	11930.019	87.088165	2559.5981
M3_S27_subsampled_depth_16G_contig_31064	135.31665	124.3967	22391	12436.542	11.313543	410.46902	127.81166	117.61449	22371	10688.438	10.678451	389.58127	131.90855	121.00659	22384	12013.484	11.110572	404.977	155.45012	138.95467	22382	22602.404	13.1274395	501.59845	153.163	136.15369	22326	22403.89	12.848099	487.65347	154.11267	136.68265	22380	22165.04	13.005561	492.89688	51.225777	50.48023	22165	1102.0632	3.569895	31.56088	40.67922	39.99895	22208	660.50354	2.7628279	21.160864	50.061028	49.017475	22254	1019.63885	3.4039135	27.389362	2.5693421	2.4347913	19698	3.689542	4.4770093	132.49437	2.191084	2.110046	19452	2.4627886	3.6678896	108.30988	2.7076218	2.6177852	20264	3.1474442	4.4098377	129.60895
M3_S27_subsampled_depth_16G_contig_31584	6.628405	2.8902736	12207	308.7868	0.55879676	20.273823	6.4370723	2.613125	11997	319.20212	0.54573286	19.909945	6.960743	2.7762582	13003	388.13083	0.5908485	21.536243	6.219592	2.5868263	11195	295.37234	0.5276587	20.1618	6.2408595	2.6961482	12515	275.1525	0.5242588	19.898403	6.092862	2.658116	12428	257.78983	0.51759595	19.616343	0	0	0	0	0	0	0	0	0	0	0	0	0	0	0	0	0	0	7.9028406	7.760641	13880	12.245347	13.793073	408.19785	6.9924984	6.8972325	13801	10.267622	11.857994	350.15747	6.8793883	6.794708	13880	7.7806287	11.32069	332.7251
M3_S27_subsampled_depth_16G_contig_32903	0	0	0	0	0	0	0	0	0	0	0	0	0	0	0	0	0	0	0	0	0	0	0	0	0	0	0	0	0	0	0	0	0	0	0	0	0	0	0	0	0	0	0	0	0	0	0	0	0	0	0	0	0	0	5.2237763	5.0598674	13404	9.301807	9.22651	273.0532	5.6369524	5.467899	13526	10.350373	9.590223	283.1919	5.085462	4.8939233	13491	10.000131	8.316902	244.44115
M3_S27_subsampled_depth_16G_contig_32947	0	0	0	0	0	0	0	0	0	0	0	0	0	0	0	0	0	0	0	0	0	0	0	0	0	0	0	0	0	0	0	0	0	0	0	0	0	0	0	0	0	0	0	0	0	0	0	0	0	0	0	0	0	0	7.420026	7.2495356	10903	10.861182	13.691171	405.18213	6.2402935	6.120537	10809	10.210997	10.700354	315.97308	7.788408	7.7234263	10916	11.0974455	12.575604	369.608
M3_S27_subsampled_depth_16G_contig_34060	0	0	0	0	0	0	0	0	0	0	0	0	0	0	0	0	0	0	0	0	0	0	0	0	0	0	0	0	0	0	0	0	0	0	0	0	0	0	0	0	0	0	0	0	0	0	0	0	0	0	0	0	0	0	72.61752	72.424706	15207	152.65436	127.24284	3765.6768	54.105465	53.856934	15207	90.65655	90.99166	2686.9136	65.913795	65.84048	15207	114.88895	107.89011	3170.986
M3_S27_subsampled_depth_16G_contig_35935	3.1848192	3.109574	9530	4.038983	0.26616487	9.656787	2.7838507	2.6667764	9290	3.7515352	0.23522866	8.581833	2.2619095	2.1731446	9039	2.5671585	0.19128878	6.972418	2.2958095	2.161177	8864	3.181145	0.19418992	7.419977	2.2776241	2.1387792	8929	3.4236584	0.19260255	7.310286	2.228899	2.1694114	9155	2.3129258	0.18889901	7.159075	0	0	0	0	0	0	0	0	0	0	0	0	0	0	0	0	0	0	6.821902	6.7692137	10188	9.799848	11.932861	353.14584	7.5507016	7.452569	10239	10.719729	12.729882	375.90353	7.3748765	7.3140097	10268	9.657912	11.865194	348.7285
M3_S27_subsampled_depth_16G_contig_37530	4.415629	3.4807668	22926	37.60693	0.39771342	14.429519	4.24919	3.3145409	23351	34.634987	0.3852253	14.05416	4.3013	3.2823193	22132	38.933765	0.39051175	14.234032	4.3962293	3.2385185	20705	45.2643	0.39730397	15.18096	3.9622545	2.931827	21262	36.608654	0.35420787	13.444072	4.1884537	3.032959	22056	45.47725	0.3882312	14.713554	0	0	0	0	0	0	0	0	0	0	0	0	0	0	0	0	0	0	10.74636	8.528037	25722	152.38223	19.7382	584.1404	11.250049	8.006852	25656	269.75198	19.808813	584.9389	17.720793	14.724142	25769	265.1723	29.832033	876.78986
M3_S27_subsampled_depth_16G_contig_42057	0	0	0	0	0	0	0	0	0	0	0	0	0	0	0	0	0	0	0	0	0	0	0	0	0	0	0	0	0	0	0	0	0	0	0	0	0	0	0	0	0	0	0	0	0	0	0	0	0	0	0	0	0	0	7.0242577	6.9134746	15551	10.255782	12.170264	360.17184	7.475322	7.33719	15609	10.541681	12.731136	375.94064	7.348341	7.2398133	15609	8.675197	11.951266	351.25818
M3_S27_subsampled_depth_16G_contig_42093	0	0	0	0	0	0	0	0	0	0	0	0	0	0	0	0	0	0	0	0	0	0	0	0	0	0	0	0	0	0	0	0	0	0	0	0	0	0	0	0	0	0	0	0	0	0	0	0	0	0	0	0	0	0	6.162963	6.0050898	10302	9.586074	10.915808	323.0469	6.949025	6.869071	10386	8.443543	11.633342	343.52353	7.0710526	6.8852067	10410	10.971946	11.397222	334.97446
M3_S27_subsampled_depth_16G_contig_42483	12.969688	13.111574	13887	28.621185	1.078189	39.118008	13.419374	13.442051	13964	37.744316	1.1186117	40.810265	11.881007	11.980582	14291	27.23736	1.0006537	36.473537	11.086974	11.177184	13683	26.95918	0.93370706	35.676876	11.315333	11.355582	13433	30.41813	0.9457783	35.89728	11.037684	11.137667	13859	25.88006	0.9287196	35.19749	0	0	0	0	0	0	0	0	0	0	0	0	0	0	0	0	0	0	4.942108	4.80446	14364	7.3380833	8.981069	265.78943	4.71334	4.6231036	14314	6.492614	7.9274707	234.09196	5.1540823	5.0568113	14733	5.529272	8.464908	248.79115
M3_S27_subsampled_depth_16G_contig_2015|provirus_2_17769	98.544556	95.64302	17768	809.9563	8.495418	308.22412	99.280624	96.10285	17768	834.74713	8.608155	314.0507	105.65251	102.03998	17768	1026.7544	9.223998	336.21194	111.8644	107.69517	17768	1105.1298	9.822212	375.30585	117.87104	114.1784	17768	1132.4866	10.242074	388.741	114.17965	110.30647	17768	1072.8297	9.9848585	378.4154	3.105347	2.97238	16331	4.937985	0.22251597	1.9672291	2.5444999	2.3633497	15007	4.6370897	0.17595202	1.34764	3.2179022	3.076113	16351	5.1767316	0.22342274	1.7977557	16.423431	15.8996725	17768	36.245728	32.40802	959.09625	13.735328	13.0437	17768	43.40937	24.033154	709.6805	17.912703	17.254066	17768	50.4726	30.24171	888.8307
M3_S27_subsampled_depth_16G_contig_3042|provirus_13495_49371	130.12543	129.90279	35877	3382.1418	11.008548	399.40338	136.9735	136.55304	35877	3648.2292	11.57453	422.27286	140.1065	139.4744	35877	3905.563	11.956501	435.81085	156.68047	156.34286	35877	5083.616	13.406923	512.2776	156.07661	155.79857	35877	4789.935	13.266589	503.5374	158.59322	158.02556	35877	5281.036	13.53849	513.09436	18.33546	15.649323	35662	487.73532	1.2845064	11.356121	15.857979	13.758358	34868	330.6046	1.0824133	8.290349	17.609594	15.568216	34968	361.9767	1.200605	9.660591	17.189045	16.943865	35877	59.862705	33.52528	992.16064	13.187953	12.976334	35873	34.38938	22.353048	660.06824	18.73776	18.560411	35877	54.638416	30.781023	904.6812
M3_S27_subsampled_depth_16G_contig_8235|provirus_2_26970	8.116112	7.8279963	25242	35.295486	0.6929445	25.14087	7.9668145	7.7360287	26072	30.458662	0.68412143	24.958761	8.1117115	7.8493724	25791	32.578987	0.6970875	25.408636	8.874417	8.525208	26157	39.473747	0.7673084	29.3188	8.997501	8.753056	26321	33.21645	0.77184767	29.295713	9.126477	8.900825	25826	38.458164	0.7901755	29.946798	1.9817667	1.8221965	20489	3.3162832	0.14039499	1.2412094	2.0495543	1.8644931	21574	3.595389	0.14206196	1.0880712	1.9441813	1.8213679	20681	2.9704466	0.1365752	1.0989429	37.51277	21.37164	26969	5518.415	69.98054	2071.0325	37.323986	16.443888	26969	8892.605	67.77869	2001.4518	45.47899	26.791954	26969	7312.9697	78.65135	2311.6326
M3_S27_subsampled_depth_16G_contig_9802|provirus_250_24739	0	0	0	0	0	0	0	0	0	0	0	0	0	0	0	0	0	0	0	0	0	0	0	0	0	0	0	0	0	0	0	0	0	0	0	0	0	0	0	0	0	0	0	0	0	0	0	0	0	0	0	0	0	0	33.12198	31.791428	24490	159.2416	58.51441	1731.6992	35.750946	34.380764	24490	154.69765	61.198265	1807.1371	36.006123	34.778145	24490	153.90485	59.687084	1754.2563
M3_S27_subsampled_depth_16G_contig_10359|provirus_15208_32846	0	0	0	0	0	0	0	0	0	0	0	0	0	0	0	0	0	0	0	0	0	0	0	0	0	0	0	0	0	0	0	0	0	0	0	0	0	0	0	0	0	0	0	0	0	0	0	0	0	0	0	0	0	0	9.580765	9.062639	17493	60.747147	17.926058	530.51105	13.106124	12.516358	17639	85.94288	23.34892	689.4757	10.642861	9.853123	17639	128.595	18.900328	555.4975
M3_S27_subsampled_depth_16G_contig_17133|provirus_1_11555	0	0	0	0	0	0	0	0	0	0	0	0	0	0	0	0	0	0	0	0	0	0	0	0	0	0	0	0	0	0	0	0	0	0	0	0	0	0	0	0	0	0	0	0	0	0	0	0	0	0	0	0	0	0	257.94363	229.45874	11555	75595.39	528.7777	15648.868	266.74863	237.65787	11555	80968.695	534.64075	15787.532	260.19614	231.89157	11555	79952.266	507.51633	14916.355
M3_S27_subsampled_depth_16G_contig_21043|provirus_209421_233008	6.028629	5.901261	23412	9.0863085	0.503683	18.274225	5.777626	5.6777115	23530	7.479669	0.4841048	17.66157	5.487883	5.349355	23298	7.3878937	0.464469	16.92974	5.813636	5.7426524	23280	8.654777	0.49906427	19.069212	5.3994794	5.3351345	23225	7.033182	0.4584386	17.400179	5.2120914	5.137609	23338	6.294606	0.4403573	16.689075	3.0248315	2.786642	21359	6.623269	0.21683313	1.9169871	2.354083	2.1690369	19389	4.2458706	0.1611251	1.2340779	3.1924653	2.9507015	21251	6.8698554	0.2177443	1.7520642	15.058324	14.836178	23579	25.371315	26.73674	791.2578	14.136701	13.989761	23588	18.056833	23.955547	707.3888	14.068563	13.948521	23588	19.552534	23.24766	683.269
M3_S27_subsampled_depth_16G_contig_23846|provirus_1_13017	3.7313282	3.5262067	9906	10.085825	0.31784815	11.531919	0	0	0	0	0	0	3.6654232	3.5213711	10579	8.461576	0.31648	11.535592	0	0	0	0	0	0	0	0	0	0	0	0	3.427217	3.1890166	9780	9.518778	0.2999732	11.3686695	0	0	0	0	0	0	0	0	0	0	0	0	0	0	0	0	0	0	11.278697	11.097919	12914	35.612038	20.229963	598.69385	10.984845	10.750972	12940	35.741966	19.150745	565.5067	12.182794	11.979881	13017	36.59894	20.733887	609.3875
M3_S27_subsampled_depth_16G_contig_28477|provirus_57339_105519	10303.582	10554.11	47919	20787730	863.6967	31335.965	10059.867	10306.831	48050	19682980	842.9137	30751.975	10228.794	10485.327	47973	20110752	864.439	31508.54	10319.412	10576.157	47686	20932420	874.13947	33400.793	10436.26	10709.307	47918	20752756	877.2658	33296.89	10488.168	10752.9	47940	21342594	886.9697	33615.2	1926.4636	1752.2751	43480	2451196.3	134.08781	1185.449	1608.1603	1461.412	42951	1694527.4	109.29497	837.1048	2122.8408	1954.2461	42593	2613076.8	144.44717	1162.2842	101.21345	100.520645	48181	2729.6294	183.54555	5431.9224	122.5281	121.1647	48181	4330.351	215.68898	6369.1294	115.2194	113.72479	48181	4469.5957	197.56367	5806.571
M3_S27_subsampled_depth_16G_contig_38465|provirus_3_34115	0	0	0	0	0	0	0	0	0	0	0	0	0	0	0	0	0	0	0	0	0	0	0	0	0	0	0	0	0	0	0	0	0	0	0	0	0	0	0	0	0	0	0	0	0	0	0	0	0	0	0	0	0	0	10.475076	10.2056465	33983	29.240791	19.146542	566.6304	7.8821955	7.717375	34006	17.846409	13.4072075	395.90445	11.802462	11.641018	34091	26.81885	19.416449	570.66675
M3_S27_subsampled_depth_16G_contig_39710|provirus_1_77415	3.484372	2.7518659	69400	411.50226	0.3654513	13.259012	3.1600854	2.5029552	68731	331.3388	0.33061925	12.061961	3.4417396	2.763212	69411	328.29703	0.35866416	13.073197	3.021847	2.4496613	69075	255.7448	0.31634307	12.087444	3.058047	2.4540474	69612	275.31625	0.31686854	12.026836	3.0171747	2.4124737	67680	305.12924	0.31895378	12.08801	0	0	0	0	0	0	0	0	0	0	0	0	0	0	0	0	0	0	7.3814793	6.9625964	76830	90.4625	13.867986	410.4148	7.2228303	6.7316327	76525	161.24469	13.174389	389.02954	12.530149	12.080516	77415	144.78006	21.37703	628.2898
