Contig	F3_S19_subsampled_depth_5G_combined_mapped Mean	F3_S19_subsampled_depth_5G_combined_mapped Trimmed Mean	F3_S19_subsampled_depth_5G_combined_mapped Covered Bases	F3_S19_subsampled_depth_5G_combined_mapped Variance	F3_S19_subsampled_depth_5G_combined_mapped RPKM	F3_S19_subsampled_depth_5G_combined_mapped TPM	F4_S20_subsampled_depth_5G_combined_mapped Mean	F4_S20_subsampled_depth_5G_combined_mapped Trimmed Mean	F4_S20_subsampled_depth_5G_combined_mapped Covered Bases	F4_S20_subsampled_depth_5G_combined_mapped Variance	F4_S20_subsampled_depth_5G_combined_mapped RPKM	F4_S20_subsampled_depth_5G_combined_mapped TPM	F5_S21_subsampled_depth_5G_combined_mapped Mean	F5_S21_subsampled_depth_5G_combined_mapped Trimmed Mean	F5_S21_subsampled_depth_5G_combined_mapped Covered Bases	F5_S21_subsampled_depth_5G_combined_mapped Variance	F5_S21_subsampled_depth_5G_combined_mapped RPKM	F5_S21_subsampled_depth_5G_combined_mapped TPM	F6_S22_subsampled_depth_5G_combined_mapped Mean	F6_S22_subsampled_depth_5G_combined_mapped Trimmed Mean	F6_S22_subsampled_depth_5G_combined_mapped Covered Bases	F6_S22_subsampled_depth_5G_combined_mapped Variance	F6_S22_subsampled_depth_5G_combined_mapped RPKM	F6_S22_subsampled_depth_5G_combined_mapped TPM	F7_S23_subsampled_depth_5G_combined_mapped Mean	F7_S23_subsampled_depth_5G_combined_mapped Trimmed Mean	F7_S23_subsampled_depth_5G_combined_mapped Covered Bases	F7_S23_subsampled_depth_5G_combined_mapped Variance	F7_S23_subsampled_depth_5G_combined_mapped RPKM	F7_S23_subsampled_depth_5G_combined_mapped TPM	F8_S24_subsampled_depth_5G_combined_mapped Mean	F8_S24_subsampled_depth_5G_combined_mapped Trimmed Mean	F8_S24_subsampled_depth_5G_combined_mapped Covered Bases	F8_S24_subsampled_depth_5G_combined_mapped Variance	F8_S24_subsampled_depth_5G_combined_mapped RPKM	F8_S24_subsampled_depth_5G_combined_mapped TPM	GP3_S28_subsampled_depth_5G_combined_mapped Mean	GP3_S28_subsampled_depth_5G_combined_mapped Trimmed Mean	GP3_S28_subsampled_depth_5G_combined_mapped Covered Bases	GP3_S28_subsampled_depth_5G_combined_mapped Variance	GP3_S28_subsampled_depth_5G_combined_mapped RPKM	GP3_S28_subsampled_depth_5G_combined_mapped TPM	GP4_S29_subsampled_depth_5G_combined_mapped Mean	GP4_S29_subsampled_depth_5G_combined_mapped Trimmed Mean	GP4_S29_subsampled_depth_5G_combined_mapped Covered Bases	GP4_S29_subsampled_depth_5G_combined_mapped Variance	GP4_S29_subsampled_depth_5G_combined_mapped RPKM	GP4_S29_subsampled_depth_5G_combined_mapped TPM	GP5_S30_subsampled_depth_5G_combined_mapped Mean	GP5_S30_subsampled_depth_5G_combined_mapped Trimmed Mean	GP5_S30_subsampled_depth_5G_combined_mapped Covered Bases	GP5_S30_subsampled_depth_5G_combined_mapped Variance	GP5_S30_subsampled_depth_5G_combined_mapped RPKM	GP5_S30_subsampled_depth_5G_combined_mapped TPM	M1_S25_subsampled_depth_5G_combined_mapped Mean	M1_S25_subsampled_depth_5G_combined_mapped Trimmed Mean	M1_S25_subsampled_depth_5G_combined_mapped Covered Bases	M1_S25_subsampled_depth_5G_combined_mapped Variance	M1_S25_subsampled_depth_5G_combined_mapped RPKM	M1_S25_subsampled_depth_5G_combined_mapped TPM	M2_S26_subsampled_depth_5G_combined_mapped Mean	M2_S26_subsampled_depth_5G_combined_mapped Trimmed Mean	M2_S26_subsampled_depth_5G_combined_mapped Covered Bases	M2_S26_subsampled_depth_5G_combined_mapped Variance	M2_S26_subsampled_depth_5G_combined_mapped RPKM	M2_S26_subsampled_depth_5G_combined_mapped TPM	M3_S27_subsampled_depth_5G_combined_mapped Mean	M3_S27_subsampled_depth_5G_combined_mapped Trimmed Mean	M3_S27_subsampled_depth_5G_combined_mapped Covered Bases	M3_S27_subsampled_depth_5G_combined_mapped Variance	M3_S27_subsampled_depth_5G_combined_mapped RPKM	M3_S27_subsampled_depth_5G_combined_mapped TPM
F3_S19_subsampled_depth_5G_contig_261	580.51215	499.3522	125598	297672.22	154.65953	6672.5435	594.8987	515.2251	125540	294003.56	158.41719	6887.4126	566.8258	484.27072	125618	303806.4	152.29128	6615.0757	796.6715	718.5078	125556	288577.06	214.89297	9570.915	821.5579	750.0798	125628	265666.06	220.04977	9874.23	798.13525	721.08655	125603	288836.44	214.7988	9529.789	449.1436	394.1042	125627	167350.22	101.20675	872.97723	375.6996	331.10773	125628	110978.89	82.50648	613.2914	397.1516	345.4711	125627	143328.69	87.210815	678.84784	0	0	0	0	0	0	0	0	0	0	0	0	0	0	0	0	0	0
F3_S19_subsampled_depth_5G_contig_403	14.880473	14.54505	28562	46.702473	4.137081	178.48802	14.720013	14.443454	28562	49.02761	4.0887074	177.76233	16.840736	16.369467	28562	74.83207	4.733343	205.6021	16.495495	16.056507	28562	71.92878	4.6716	208.06398	16.622026	16.213398	28562	61.991253	4.6621113	209.20166	17.0951	16.631042	28562	71.48313	4.7856793	212.32211	4.6136494	4.3132334	27742	11.639084	1.0528518	9.081562	4.0863366	3.893829	26226	9.225554	0.9052822	6.7291903	4.2993455	4.0983496	26933	9.078493	0.94930744	7.3894	0	0	0	0	0	0	0	0	0	0	0	0	0	0	0	0	0	0
F3_S19_subsampled_depth_5G_contig_458	123.55644	122.85976	40697	1504.528	32.885517	1418.7947	124.06198	123.47979	40697	1465.657	32.99823	1434.645	124.164696	123.84762	40697	1499.9308	33.321934	1447.4044	180.37085	180.96977	40697	2684.9915	48.59588	2164.3662	184.73425	185.4617	40697	2512.0117	49.395214	2216.4978	183.44815	183.39859	40697	2746.6711	49.308544	2187.6287	76.13448	71.22229	40697	2195.948	17.160683	148.02258	65.396255	60.974243	40697	1659.4152	14.354619	106.7015	72.969765	68.72214	40697	1815.9219	16.031034	124.78535	6.3046837	6.135971	40359	11.206235	42.68012	1215.9962	5.2939796	5.1078563	39926	9.177323	33.19443	938.59	7.476681	7.3290496	40581	11.910342	46.064312	1291.7292
F3_S19_subsampled_depth_5G_contig_625	3709.3032	3702.2156	43261	127520.99	986.6548	42567.684	3588.0935	3579.284	43261	125353.56	954.04266	41478.367	3648.8496	3640.9177	43261	116867.98	978.7094	42512.19	3371.7563	3365.3037	43261	94530.28	908.09827	40444.93	3170.6587	3166.13	43261	80169.484	847.7319	38040.023	3286.3335	3278.4983	43261	96120.04	883.0485	39177.445	1802.3777	1716.7926	43261	709290.94	405.41116	3496.948	1537.7332	1464.162	43261	533442.7	336.9385	2504.5483	1768.1548	1686.5371	43261	609950.4	387.35538	3015.17	6.685695	6.552692	42975	9.700331	43.500008	1239.3555	7.540419	7.428726	43261	8.347794	46.754566	1322.01	7.9996057	7.885235	43261	9.978543	48.59061	1362.5709
F3_S19_subsampled_depth_5G_contig_776	600.5956	598.2821	34334	6750.8193	159.63759	6887.3145	591.52826	589.2176	34334	6471.955	157.17865	6833.567	585.68604	583.2765	34334	5994.787	156.98949	6819.1504	587.3212	584.8797	34334	6156.514	158.01648	7037.744	602.7956	600.6523	34334	5470.7373	161.03008	7225.8564	596.66254	594.8005	34334	6445.766	160.11981	7103.895	206.91505	204.93558	34334	3493.8376	46.55966	401.60898	178.04788	175.78896	34334	2766.4155	39.050755	290.27414	210.72379	208.89684	34334	3707.7817	46.183563	359.49237	4.903785	4.8019567	33657	6.3430524	32.27472	919.53625	6.2023463	6.1306314	34220	6.704367	38.479107	1088.0168	6.1806984	6.137782	34107	7.4825134	37.35457	1047.4918
F3_S19_subsampled_depth_5G_contig_1069	74.01854	72.468376	50044	357.67517	19.808815	854.6208	75.79312	74.19256	50044	388.14456	20.297256	882.4522	74.888885	73.10691	50044	411.77078	20.21719	878.17395	67.44719	66.2634	50033	279.6535	18.286623	814.4504	71.28068	69.727745	50044	334.87537	19.185272	860.8954	68.94905	67.32009	50044	350.00693	18.64452	827.1854	49.23558	48.028458	50022	568.0218	11.083683	95.60429	39.295345	38.44582	49797	358.63788	8.620722	64.079994	45.640076	44.537434	49928	466.34854	10.0191345	77.98881	0	0	0	0	0	0	0	0	0	0	0	0	0	0	0	0	0	0
F3_S19_subsampled_depth_5G_contig_1465	68.10404	66.06571	18748	394.0129	18.644999	804.4096	67.965645	66.11469	18748	374.3349	18.533098	805.7528	74.356384	72.060455	18748	420.8682	20.436129	887.6842	75.79767	74.058784	18748	342.12573	20.88776	930.3001	73.28809	71.04887	18748	360.23486	20.065977	900.415	75.39219	73.207405	18748	377.0508	20.755657	920.8482	20.372944	19.439665	18748	209.70366	4.567408	39.397	16.959726	16.161768	18602	155.37425	3.7134185	27.602758	19.106087	18.134468	18518	171.50551	4.179197	32.530823	2.5762985	2.4048984	16424	4.311837	20.31306	578.7376	0	0	0	0	0	0	2.460157	2.3437276	16126	3.605849	15.4284115	432.64127
F3_S19_subsampled_depth_5G_contig_3821	19.324682	19.11503	34556	25.676327	5.17796	223.39513	18.916294	18.744106	34555	24.426754	5.070976	220.46803	19.994856	19.788542	34555	30.746403	5.4044394	234.7526	19.67651	19.608667	34555	24.022264	5.335538	237.63441	19.53976	19.362526	34555	26.53652	5.2544694	235.78221	18.748386	18.563683	34555	26.056532	5.0771904	225.25525	10.799105	10.655881	33899	32.258728	2.432147	20.978933	9.260071	9.141607	33786	24.002987	2.0317905	15.102809	10.171075	10.113738	33737	23.023958	2.2359943	17.404957	29.963436	29.820318	34555	47.609707	197.96832	5640.299	29.633814	29.483692	34555	34.322453	184.4824	5216.3364	28.078852	27.920881	34555	36.05688	170.64813	4785.2915
F3_S19_subsampled_depth_5G_contig_4125	24.514467	23.9985	17189	122.05238	7.00503	302.221	24.963964	24.16496	17189	139.49359	7.1881347	312.51443	26.14643	25.403795	17189	123.58325	7.5075183	326.10388	29.55367	28.72537	17189	133.31932	8.463927	376.96686	31.552849	30.940275	17189	136.69011	8.960571	402.08514	30.27842	29.460585	17189	176.6924	8.7131405	386.5683	2.6861906	2.5538893	15487	3.7346556	0.6217269	5.3628197	3.120723	3.028102	16448	3.6018705	0.6995655	5.200044	3.1232467	2.9976528	16109	4.0963244	0.7055329	5.4918594	3.984917	3.7475386	16437	11.685241	32.152355	916.05005	3.5308998	3.4228988	16113	5.236265	23.220293	656.5659	4.640765	4.47004	16702	9.31049	30.58625	857.6953
F3_S19_subsampled_depth_5G_contig_4215	17.255247	15.440673	18446	944.7017	6.16889	266.1473	17.755903	15.979415	18446	951.6881	6.350562	276.09985	18.731636	16.703669	18446	1107.4384	6.7591414	293.59665	21.990982	19.683325	18446	1635.0973	8.052204	358.62946	21.733385	19.530787	18446	1513.7421	7.780043	349.11166	22.522846	20.260506	18446	1582.8883	8.112799	359.93353	0	0	0	0	0	0	0	0	0	0	0	0	0	0	0	0	0	0	0	0	0	0	0	0	0	0	0	0	0	0	0	0	0	0	0	0
F3_S19_subsampled_depth_5G_contig_4469	8.654527	8.467026	12533	14.18592	2.3426423	101.06968	8.952516	8.877434	12501	13.892753	2.4150498	104.997765	10.276346	10.172275	12472	14.939781	2.816952	122.35988	10.639586	10.42611	12533	18.493332	2.9441733	131.12773	9.99249	9.924809	12533	14.441957	2.7252681	122.29024	10.472584	10.185105	12434	21.08887	2.8889558	128.17178	0	0	0	0	0	0	0	0	0	0	0	0	0	0	0	0	0	0	0	0	0	0	0	0	0	0	0	0	0	0	1.4669305	1.3368326	9498	1.783412	9.289748	260.5017
F3_S19_subsampled_depth_5G_contig_4801	26.318716	25.189045	10617	233.99683	8.250889	355.9718	26.37107	25.135761	10617	316.47073	8.216583	357.22772	27.545525	26.335314	10617	303.83423	8.722759	378.89044	30.278877	29.00775	10617	337.84875	9.627388	428.78506	31.161652	29.57425	10617	383.33102	9.784034	439.0361	29.5696	28.313873	10617	329.72482	9.494705	421.2434	0	0	0	0	0	0	0	0	0	0	0	0	0	0	0	0	0	0	2.6855834	2.4971871	9567	5.723892	23.359089	665.5219	2.5847902	2.4535613	9797	4.230412	18.052046	510.431	2.8241138	2.5839083	9816	7.35192	20.133305	564.57526
F3_S19_subsampled_depth_5G_contig_5054	42.62786	41.786022	43134	191.83249	11.335322	489.04483	39.65571	38.9923	43134	123.17353	10.547117	458.55106	42.127674	41.501553	43134	144.92892	11.311699	491.34622	37.47406	36.886395	43134	118.21022	10.081982	449.03177	37.16811	36.427208	43134	128.58838	9.936447	445.87527	37.627304	37.000336	43134	132.21613	10.109587	448.52332	17.751629	16.992453	43134	90.18319	3.9954169	34.463196	14.336544	13.759681	43134	56.36668	3.143494	23.36638	16.549786	15.980277	43134	67.96308	3.6215096	28.18978	44.84699	44.785866	43134	67.1471	294.58646	8393.039	48.278965	48.115467	43134	68.43836	299.34235	8464.063	42.974384	42.91255	43134	54.833958	260.159	7295.3413
F3_S19_subsampled_depth_5G_contig_5298	6.380604	5.995523	38463	26.954403	1.6971028	73.21886	5.806695	5.403069	37427	24.392588	1.5434346	67.10302	5.822584	5.458679	37297	22.028355	1.5589904	67.717865	6.1397834	5.730846	37632	25.939762	1.6540259	73.667046	5.976382	5.631001	38235	20.897263	1.5994893	71.773445	6.409113	5.958243	38179	28.877022	1.7258978	76.57137	2.0202732	1.887822	32347	2.8193052	0.4536307	3.912873	1.9328704	1.8103055	32260	2.4987118	0.4213527	3.1320214	1.9414105	1.7835844	31560	3.064433	0.42564067	3.3131824	3.856998	3.5931296	33579	11.004561	25.841173	736.2389	3.7810242	3.5690553	34711	8.871232	23.957716	677.417	3.360305	3.1273546	33888	8.626385	21.218037	594.993
F3_S19_subsampled_depth_5G_contig_5597	8.031253	7.879934	11605	11.191096	2.2189107	95.73147	7.840594	7.7273784	11585	11.690845	2.1798089	94.77032	7.493409	7.3515663	11605	9.417608	2.1187449	92.03193	6.8086424	6.6853848	11598	8.690638	1.9413437	86.46366	7.014055	6.7869267	11602	12.595316	1.9644443	88.149925	6.3187256	6.1288915	11581	10.978638	1.8356887	81.44235	0	0	0	0	0	0	0	0	0	0	0	0	0	0	0	0	0	0	2.7923179	2.3333333	9504	13.426132	24.411873	695.5168	3.0853775	2.5804482	10356	14.539593	23.890879	675.52704	3.1655173	2.7644262	10342	14.065845	24.532862	687.94696
F3_S19_subsampled_depth_5G_contig_5858	1311.6349	1305.3792	42821	56741.336	349.2286	15066.925	1313.8033	1306.5038	42821	58165.098	349.70767	15204.042	1242.2994	1236.146	42821	47490.49	333.49982	14486.225	1174.1447	1167.9071	42821	42233.82	316.4129	14092.412	1191.3617	1184.4417	42821	41613.926	318.67355	14299.742	1211.2249	1203.3113	42821	44930.37	325.65106	14447.883	50.79743	46.578312	42821	1363.4874	11.415691	98.46813	47.228493	43.491707	42821	1149.2472	10.328818	76.776695	63.160484	58.402554	42821	2005.7164	13.808294	107.48361	2.1136134	1.9409713	34107	3.5998876	14.967135	426.4276	2.187856	2.0037756	34691	3.822689	14.166148	400.5554	2.589112	2.3739877	36958	5.111247	16.334978	458.06326
F3_S19_subsampled_depth_5G_contig_6005	104.94675	91.056694	38308	15377.695	27.970446	1206.7416	97.42117	84.460106	38308	12859.162	25.95248	1128.3212	101.80568	87.36697	38238	15366.98	27.349403	1187.9755	117.968056	98.23978	38289	26087.166	31.823603	1417.3611	114.01203	94.7721	38247	24032.078	30.547096	1370.7311	116.24312	95.824104	38296	26481.367	31.290798	1388.2518	41.2166	38.2661	36064	1347.2006	9.258003	79.85661	32.477726	30.131842	35712	805.8777	7.109033	52.84324	40.23644	37.176655	35855	1284.4194	8.8135195	68.60436	9.813539	3.5847602	32070	1065.0676	73.97742	2107.6848	10.631689	3.820289	34004	1286.7052	77.47511	2190.6497	11.016851	4.156825	35452	1314.4028	77.52517	2173.9502
F3_S19_subsampled_depth_5G_contig_6037	16.433794	14.33958	18532	166.92351	4.6728334	201.60214	14.843815	12.562802	18532	178.71751	4.209735	183.0242	16.217659	14.149722	18532	159.31104	4.661216	202.46918	13.741159	11.408729	18532	187.02847	3.995371	177.94601	12.079263	10.7125845	18532	79.117	3.4535837	154.97165	13.333043	11.631528	18528	117.95546	3.8223104	169.58107	0	0	0	0	0	0	0	0	0	0	0	0	0	0	0	0	0	0	0	0	0	0	0	0	0	0	0	0	0	0	7.9297137	1.7720624	14548	949.137	57.32837	1607.5938
F3_S19_subsampled_depth_5G_contig_6179	61.798912	61.5415	45076	110.09051	16.457312	710.0251	64.33535	64.035515	45076	109.13024	17.12062	744.3437	64.1419	63.77185	45076	126.66123	17.20593	747.37384	61.736412	61.297474	45076	138.87146	16.64852	741.4927	65.99853	65.59133	45076	130.79506	17.65225	792.1042	62.672573	62.139538	45076	134.35237	16.849375	747.54175	37.413036	35.628754	45076	299.7456	8.422143	72.64671	32.994034	31.8525	45076	188.1616	7.2369905	53.79439	37.88913	36.602512	45076	249.79686	8.325038	64.80197	42.39498	42.13246	45076	76.21217	280.47302	7990.933	44.941658	44.756145	45076	64.80788	280.48083	7930.7437	41.17362	40.946976	45076	65.59786	250.94835	7037.0596
F3_S19_subsampled_depth_5G_contig_6299	10.546468	10.073952	18945	44.914837	3.0793538	132.85396	9.5978985	9.213717	18619	41.379066	2.8540595	124.08437	10.685898	10.165478	18928	48.990604	3.1729164	137.8219	9.528793	8.990564	18893	50.640797	2.8963168	128.99632	9.40327	8.900926	18853	38.122612	2.7974696	125.530045	9.018577	8.630536	18788	40.33904	2.738266	121.48631	0	0	0	0	0	0	0	0	0	0	0	0	0	0	0	0	0	0	172.25996	170.09996	18991	8499.699	1170.2233	33340.742	183.97728	182.9132	18983	10193.919	1187.2885	33571.195	219.42604	218.60359	18984	12154.3545	1375.5313	38572.457
F3_S19_subsampled_depth_5G_contig_6514	51.4262	49.7243	50441	342.55795	13.751073	593.2685	52.382015	50.769745	50441	353.98386	13.977116	607.6749	53.904217	52.21408	50441	386.05368	14.542059	631.66327	64.18107	62.322426	50441	471.4273	17.366096	773.45184	62.976498	61.18406	50441	468.10547	16.926985	759.5597	65.715515	63.844707	50441	500.34378	17.751057	787.5456	14.520868	14.392794	50441	24.041897	3.2789505	28.283195	12.717802	12.519873	50441	21.824408	2.8027575	20.83361	14.570063	14.414732	50441	27.950329	3.1965785	24.88214	2.7916527	2.6353977	44490	4.5675263	21.950224	625.38214	1.9896005	1.8966926	42453	2.2658494	12.634788	357.25513	2.8219163	2.7312596	46474	3.4139404	17.329607	485.95456
F3_S19_subsampled_depth_5G_contig_6773	2.2535212	2.2838542	888	1.2141472	0.5604156	24.178267	3.620892	3.608073	883	4.950115	0.92022556	40.008102	5.3368545	5.2265625	976	8.707784	1.3722442	59.606155	0	0	0	0	0	0	0	0	0	0	0	0	0	0	0	0	0	0	21401.627	21794.576	1002	126898184	4280.916	36925.816	27424.137	27959.521	1002	199701900	5344.6313	39727.984	28660.674	29198.908	1002	220526720	5582.8223	43456.62	0	0	0	0	0	0	0	0	0	0	0	0	0	0	0	0	0	0
F3_S19_subsampled_depth_5G_contig_7457	25.634747	25.49194	31030	39.792576	6.9219365	298.6362	24.327915	24.278065	31030	35.39297	6.5761275	285.9066	24.67241	24.570057	31030	38.33424	6.7210255	291.94125	25.742617	25.703115	31030	34.139187	7.0420184	313.63766	23.58724	23.467976	31030	36.7338	6.391528	286.80505	25.088568	24.982693	31030	41.077854	6.8235793	302.73593	0	0	0	0	0	0	0	0	0	0	0	0	0	0	0	0	0	0	0	0	0	0	0	0	0	0	0	0	0	0	0	0	0	0	0	0
F3_S19_subsampled_depth_5G_contig_7482	8374.33	8165.6514	95571	2255229.5	2230.283	96222.08	8677.124	8455.307	95571	2556421.8	2310.1707	100437.98	8683.5205	8438.198	95571	2825265	2332.2651	101306.55	8987.06	8707.778	95571	3673612.3	2423.7537	107949.28	9393.146	9126.547	95571	3534482.5	2514.938	112852.08	8917.088	8647.531	95571	3441855.8	2399.1582	106441.375	4441.898	4377.0693	95571	1340498.3	1000.9571	8633.941	3897.6746	3838.2559	95571	1000305.9	855.7901	6361.304	4302.595	4237.541	95571	1161878	944.5372	7352.2686	16.459501	16.154554	95571	30.014713	108.95939	3104.3528	17.344086	17.017233	95571	29.473906	107.415726	3037.2363	17.51409	17.2582	95571	28.886	105.9964	2972.336
F3_S19_subsampled_depth_5G_contig_7788	7.5701294	7.462748	27601	10.958958	2.0203643	87.16549	7.492123	7.383919	27226	13.31442	1.9946991	86.7224	6.468328	6.307232	27388	13.976627	1.7429001	75.70636	6.0081134	5.9104176	27489	9.126299	1.6187384	72.09547	6.2435145	6.1323524	26858	11.808729	1.6761265	75.21233	6.048936	5.892145	27246	10.913812	1.6370132	72.62794	0	0	0	0	0	0	0	0	0	0	0	0	0	0	0	0	0	0	2.4635983	2.3156002	22615	4.2532682	16.839325	479.7679	2.635219	2.4724503	23059	5.04165	16.429388	464.5496	2.503111	2.3841615	23711	3.6989145	15.469896	433.8047
F3_S19_subsampled_depth_5G_contig_8446	3.4191437	3.3442838	12485	3.1870232	0.91577613	39.509727	3.3388789	3.2093737	11587	5.4716525	0.88720566	38.572556	2.6589923	2.5372756	11626	3.606067	0.7153488	31.07258	3.1897817	3.0396845	12040	4.660322	0.86355305	38.46096	3.89072	3.8268945	12001	5.112958	1.0357481	46.47682	3.618781	3.480508	12376	5.1072226	0.98150074	43.545376	0	0	0	0	0	0	0	0	0	0	0	0	0	0	0	0	0	0	0	0	0	0	0	0	0	0	0	0	0	0	0	0	0	0	0	0
F3_S19_subsampled_depth_5G_contig_8455	305.42294	299.98303	94237	3224.5657	81.34612	3509.5518	315.58206	310.06375	94237	3368.7783	84.00754	3652.347	323.45575	317.30713	94237	3946.1904	86.861755	3773.014	343.06296	336.00046	94237	4577.9663	92.52289	4120.789	333.71152	327.25195	94237	4422.839	89.35523	4009.611	336.38644	330.38312	94237	4073.166	90.5033	4015.2817	147.04999	146.25665	94237	2027.9551	33.134396	285.80682	128.84096	127.78361	94237	1570.8658	28.279184	210.2062	146.30762	145.21825	94237	1934.6086	32.116123	249.99152	1.7261896	1.5921067	71269	2.4726324	11.512452	328.0002	1.772466	1.661073	73684	2.1690896	11.047643	312.37796	0	0	0	0	0	0
F3_S19_subsampled_depth_5G_contig_8872	5237.3867	5205.937	24926	4767811	1397.0344	60272.883	5032.555	5001.4297	24926	4501392	1342.2228	58355.047	4857.424	4830.64	24926	4083259.3	1306.5657	56753.273	4437.2446	4415.024	24926	3390892.3	1198.5208	53379.773	4165.9385	4148.0894	24926	2977495.5	1117.0703	50125.973	4341.056	4317.6924	24926	3220756.5	1169.8752	51902.836	2880.667	2830.4607	24926	986405.06	648.7905	5596.261	2195.5742	2158.5737	24926	592103.06	481.82672	3581.5386	3098.6875	3049.8145	24926	1098149.6	680.133	5294.148	104.72478	104.08915	24926	1543.0032	684.50934	19502.299	125.08008	124.240585	24926	2235.2861	776.7113	21961.92	112.52305	112.017265	24926	1685.6044	682.1065	19127.535
F3_S19_subsampled_depth_5G_contig_9086	5.2430587	5.1357617	12770	6.6077166	1.3805215	59.56047	4.918902	4.833217	12449	8.133356	1.3052502	56.74759	5.7402353	5.666957	12633	8.937926	1.5361251	66.72466	4.582196	4.4820495	12725	6.3049135	1.2461205	55.499786	5.2157645	5.1059604	12694	7.02435	1.395681	62.62801	4.952941	4.8845415	12645	6.93637	1.3311732	59.05899	2.7763138	2.7146218	12380	2.5241232	0.62982273	5.432652	2.213098	2.1015162	11218	2.640365	0.49154747	3.653796	2.5933332	2.4878006	10487	4.199736	0.56814176	4.4224095	2.1614902	2.0430465	10045	3.3802252	13.752768	391.82916	2.6497254	2.4923317	11531	4.103826	16.371826	462.9221	2.1265883	2.0223074	10573	2.802391	12.903585	361.84055
F3_S19_subsampled_depth_5G_contig_9236	175.58104	175.76685	42987	1788.1019	46.71866	2015.6044	171.63188	171.50136	42987	1783.8364	45.643482	1984.4158	168.07137	167.50584	42987	1808.0374	45.073193	1957.844	167.17705	166.56621	42987	1496.567	45.05332	2006.5872	166.3543	166.53123	42987	1377.5852	44.494465	1996.5878	171.95921	171.48022	42987	1511.8693	46.22107	2050.65	0	0	0	0	0	0	0	0	0	0	0	0	0	0	0	0	0	0	29.266943	26.587187	42987	295.6941	192.43849	5482.752	42.2249	38.949215	42987	463.68362	263.8321	7459.9917	33.716763	30.84578	42987	324.11398	205.73688	5769.2437
F3_S19_subsampled_depth_5G_contig_9264	165.29564	164.6255	37683	552.4459	43.958614	1896.5256	159.76584	159.2922	37683	478.0211	42.446297	1845.4132	163.5011	162.46358	37683	582.4785	43.841766	1904.3544	142.6639	142.00296	37683	548.8833	38.393612	1709.9769	134.96143	134.38916	37683	435.98593	36.070995	1618.603	140.5673	140.12572	37683	488.09036	37.75967	1675.2501	68.06978	65.89784	37683	705.9851	15.299141	131.9655	53.09874	51.60392	37683	462.488	11.635122	86.48683	64.298294	62.16222	37683	696.82214	14.092359	109.694725	0	0	0	0	0	0	0	0	0	0	0	0	0	0	0	0	0	0
F3_S19_subsampled_depth_5G_contig_9279	16.480211	16.344683	38883	30.587215	4.384086	189.14456	15.504247	15.377155	38875	22.278955	4.13446	179.75159	16.061007	15.900806	38883	27.749329	4.312109	187.30501	15.739757	15.563093	38883	27.185093	4.2417164	188.91777	16.390055	16.285734	38883	24.822912	4.399374	197.41191	16.68541	16.484037	38883	30.16884	4.4778147	198.66331	8.351871	7.490118	37863	55.75806	1.8814427	16.22873	6.1948986	5.604056	37039	28.445461	1.3603916	10.11213	7.4219913	6.6830554	38103	40.61173	1.6262484	12.658693	2.2157333	2.066464	31245	3.618696	15.455781	440.3492	1.983709	1.8939502	32224	2.1813674	12.490268	353.1689	2.2664394	2.1400707	33476	3.0036235	14.012515	392.9368
F3_S19_subsampled_depth_5G_contig_9302	49.609585	41.63173	54966	2333.6357	13.22616	570.6221	49.803616	41.95028	54966	2171.2954	13.275023	577.1505	48.818447	40.556145	54966	2568.6362	13.127125	570.2027	42.739418	36.44874	54966	1613.7122	11.546712	514.2679	44.19675	38.31634	54966	1425.3997	11.840278	531.3054	43.180332	37.010906	54966	1549.6482	11.627833	515.88196	34.503376	33.435707	54966	234.10168	7.777072	67.08254	26.553232	26.05412	54966	111.52976	5.830838	43.34207	33.239475	32.475838	54966	156.6599	7.291707	56.758575	0	0	0	0	0	0	0	0	0	0	0	0	0	0	0	0	0	0
F3_S19_subsampled_depth_5G_contig_9312	45.615463	37.160183	56826	2628.9495	12.148117	524.1117	45.623596	37.49857	56826	2418.699	12.147727	528.1397	46.935917	38.469692	56826	2738.1504	12.602803	547.428	48.442852	39.96567	56826	2537.5427	13.066067	581.9371	49.86153	42.51033	56826	2187.5308	13.359389	599.47205	48.78564	41.061184	56826	2337.1716	13.121658	582.1572	25.443203	24.529152	56823	151.9002	5.7267237	49.396908	22.45206	21.969162	56796	103.67559	4.9363613	36.69323	24.235832	23.46038	56819	127.6632	5.318552	41.39956	76.3824	71.528564	56826	964.3991	511.17416	14563.823	76.15481	71.61906	56826	769.16907	473.49155	13388.218	99.53308	92.83003	56826	1425.3218	605.9498	16991.959
F3_S19_subsampled_depth_5G_contig_275|provirus_54099_83492	199.35043	199.29251	29394	1561.6592	53.280437	2298.7017	187.24152	187.54794	29394	1325.6079	50.0134	2174.4045	186.89745	187.2551	29394	1385.7577	50.381145	2188.405	188.7683	188.80046	29394	1005.6271	51.095875	2275.7102	174.9947	174.96751	29394	1135.2854	46.988316	2108.4932	184.50739	184.90866	29394	1240.0654	49.796627	2209.2834	2.1627684	1.9033434	22362	5.2103825	0.49202776	4.244076	2.0566611	1.862994	22352	3.9114013	0.45380077	3.3732169	2.823998	2.562804	25492	6.2828407	0.6227849	4.847751	0	0	0	0	0	0	0	0	0	0	0	0	0	0	0	0	0	0
F3_S19_subsampled_depth_5G_contig_582|provirus_36920_60697	23.232817	23.155413	23778	35.615883	6.2345705	268.98096	23.57906	23.457867	23778	36.406124	6.312403	274.44077	25.8156	25.652262	23778	45.80463	6.9867516	303.48346	28.384798	28.20869	23778	42.2833	7.678894	342.00305	28.461866	28.226135	23778	40.38435	7.670073	344.1769	28.308956	28.133688	23778	38.03896	7.6647086	340.05344	0	0	0	0	0	0	0	0	0	0	0	0	0	0	0	0	0	0	2.578297	2.425468	20585	4.0609536	19.141113	545.34784	2.2042916	2.112574	19939	2.8503358	13.772995	389.43863	3.7885137	3.7258065	23283	3.6288238	23.105247	647.914
F3_S19_subsampled_depth_5G_contig_590|provirus_101060_115056	16.00881	15.930354	13997	17.528746	4.2926626	185.20035	14.6392	14.524994	13997	16.711357	3.9210525	170.47339	14.999567	14.960362	13997	16.269825	4.0507298	175.95155	13.839026	13.83784	13997	13.741749	3.7643874	167.65846	11.522496	11.412501	13997	14.995572	3.0848086	138.42374	12.9055395	12.833828	13997	14.748411	3.4982417	155.20343	0	0	0	0	0	0	0	0	0	0	0	0	0	0	0	0	0	0	0	0	0	0	0	0	0	0	0	0	0	0	0	0	0	0	0	0
F3_S19_subsampled_depth_5G_contig_938|provirus_72663_90043	29.95717	29.432264	17381	79.74533	8.18764	353.24304	30.08299	29.694113	17381	71.7253	8.236625	358.09903	32.512276	31.883873	17381	80.919266	8.985821	390.31702	34.48674	33.935135	17381	85.17763	9.573213	426.3723	36.9509	36.291378	17381	102.12214	10.170896	456.3958	34.45366	33.741055	17381	91.365204	9.54196	423.33978	0	0	0	0	0	0	0	0	0	0	0	0	0	0	0	0	0	0	5.4372354	5.311045	17250	8.299586	39.759834	1132.7946	4.244501	4.1265073	16757	6.194483	27.353138	773.42456	4.9908304	4.8234572	17124	8.6053705	31.452034	881.97345
F3_S19_subsampled_depth_5G_contig_1070|provirus_13187_34423	16.99962	16.647663	21217	58.361187	4.5347037	195.64264	17.483236	17.347015	21237	48.91198	4.666481	202.88185	18.040642	17.727804	21164	66.636154	4.878723	211.91692	18.719305	18.468887	21130	60.68631	5.04621	224.74843	17.87547	17.512356	21218	64.46443	4.7964954	215.23175	18.822165	18.513725	21222	62.174286	5.0975823	226.15996	8.8338785	8.734812	20965	19.869534	1.9970019	17.225512	6.859487	6.6712685	21024	13.868379	1.5253925	11.338634	10.078057	9.848938	21090	22.84338	2.2176578	17.262234	0	0	0	0	0	0	0	0	0	0	0	0	0	0	0	0	0	0
F3_S19_subsampled_depth_5G_contig_1083|provirus_26296_56511	20.556276	20.05787	30170	59.70361	5.6044264	241.79431	18.340218	17.99564	30145	40.852585	4.983366	216.65892	18.779585	18.3034	30172	52.93504	5.1608386	224.17131	17.445387	17.102772	30203	40.326977	4.805477	214.02655	15.199029	14.867923	30149	41.184334	4.182966	187.70108	16.255138	15.995455	30214	36.682453	4.4727817	198.43987	2.121067	1.9455285	24047	3.7172563	0.49091545	4.234482	1.9915519	1.847524	24498	3.0126677	0.44036818	3.2733681	2.4348433	2.3053215	26089	3.5035708	0.5416689	4.2163444	0	0	0	0	0	0	0	0	0	0	0	0	0	0	0	0	0	0
F3_S19_subsampled_depth_5G_contig_2102|provirus_30152_59576	6.106473	6.0480094	29166	6.70107	1.6343784	70.51274	6.0065584	5.9138865	29108	7.177316	1.6090429	69.95547	6.6301966	6.5468516	28952	9.3161335	1.7963018	78.02593	7.7037063	7.616987	29177	9.350751	2.081744	92.716774	7.561503	7.4846864	29177	8.6815605	2.0423057	91.64375	7.3989067	7.349994	29211	8.390846	1.9998966	88.72766	0	0	0	0	0	0	0	0	0	0	0	0	0	0	0	0	0	0	0	0	0	0	0	0	0	0	0	0	0	0	0	0	0	0	0	0
F3_S19_subsampled_depth_5G_contig_2227|provirus_4278_24814	68.01619	67.24808	20537	680.9434	18.214127	785.82007	68.804726	67.873566	20537	647.6413	18.415905	800.65784	71.705696	70.63529	20537	838.87177	19.354973	840.7218	77.45107	76.57142	20537	776.20325	20.97562	934.2133	75.17913	74.720314	20537	676.3948	20.273369	909.7209	77.46765	77.06224	20537	630.7164	20.937424	928.91266	7.5153284	6.827075	18524	53.895714	1.687513	14.555956	6.0175114	5.4790454	17734	33.116295	1.3118215	9.751098	7.5793886	7.1401167	18378	42.70648	1.6563225	12.892788	6.726934	6.575181	20315	13.3380165	48.07759	1369.7745	5.227547	5.194888	19961	7.149683	32.34612	914.60364	6.8095355	6.730721	20470	10.332845	41.411755	1161.2626
F3_S19_subsampled_depth_5G_contig_3460|provirus_68891_79730	69.78082	69.040535	10840	198.33202	19.148335	826.12506	67.97624	67.027954	10840	217.65834	18.613663	809.2556	64.68812	63.86583	10840	169.22949	17.937231	779.1391	59.02376	58.233425	10840	123.39321	16.435799	732.0186	55.10215	54.501663	10840	104.05898	15.160004	680.2704	59.01244	58.397423	10840	139.90602	16.330894	724.53845	0	0	0	0	0	0	0	0	0	0	0	0	0	0	0	0	0	0	0	0	0	0	0	0	0	0	0	0	0	0	2.142563	2.0704634	9278	2.2146819	13.593608	381.19006
F3_S19_subsampled_depth_5G_contig_4631|provirus_138754_189679	13.058354	12.453917	50926	88.502464	3.6623793	158.0077	11.628033	11.102604	50889	71.48139	3.2677388	142.06955	12.218627	11.59488	50926	89.417915	3.465496	150.53064	13.376044	12.71744	50926	98.47164	3.8037803	169.41296	12.390145	11.793457	50926	86.32313	3.4997911	157.04504	13.253683	12.652954	50926	81.83096	3.7656405	167.0668	0	0	0	0	0	0	0	0	0	0	0	0	0	0	0	0	0	0	0	0	0	0	0	0	0	0	0	0	0	0	0	0	0	0	0	0
F3_S19_subsampled_depth_5G_contig_5213|provirus_7404_22652	21.253792	19.21573	15249	809.4267	6.5915813	284.3835	22.454533	20.15525	15249	946.0779	6.9143057	300.60928	24.29227	21.654772	15249	1282.0393	7.6378536	331.76532	28.010662	25.42896	15249	1306.5878	8.704843	387.69675	25.857738	23.142078	15249	1301.0062	8.085193	362.80463	27.04093	24.3946	15249	1239.7854	8.453834	375.0638	0	0	0	0	0	0	0	0	0	0	0	0	0	0	0	0	0	0	0	0	0	0	0	0	0	0	0	0	0	0	0	0	0	0	0	0
F3_S19_subsampled_depth_5G_contig_5310|provirus_2_39110	31.22788	29.78172	39109	218.75954	8.588279	370.5279	32.142536	30.846144	39109	222.73233	8.798256	382.51672	33.639004	32.197376	39109	236.10934	9.323037	404.96463	35.121	33.34975	39109	301.69006	9.819038	437.32092	35.495956	33.916527	39109	243.03502	9.803543	439.91144	35.42894	33.878567	39109	250.40793	9.857643	437.34552	2.5631561	2.1072009	30582	10.901288	0.5861695	5.0561113	0	0	0	0	0	0	0	0	0	0	0	0	2.6166227	2.4195352	32560	5.1979537	19.570274	557.57513	2.0654278	1.9400257	32193	2.838961	13.250722	374.6711	2.7790241	2.5881934	35411	4.7357826	17.443497	489.14813
F3_S19_subsampled_depth_5G_contig_7770|provirus_71541_86886	26.175179	25.98969	15346	32.048008	7.12493	307.39395	28.054356	27.799166	15346	46.092335	7.5968475	330.2838	28.978876	28.766998	15346	36.51058	7.868914	341.80203	30.254738	30.068357	15346	48.924976	8.308589	370.04834	32.355816	32.07947	15346	48.439552	8.813611	395.49063	31.93597	31.740604	15346	47.89962	8.743487	387.91476	0	0	0	0	0	0	0	0	0	0	0	0	0	0	0	0	0	0	2.2193341	2.093581	12451	3.2819982	17.67397	503.54773	2.2900763	2.0927768	12870	4.233323	14.368591	406.27945	2.4844697	2.4086123	13701	2.7147968	15.055235	422.17685
F4_S20_subsampled_depth_5G_contig_212	7.3129463	7.1698613	36324	15.691751	1.9766477	85.27942	7.061946	6.90128	36766	14.688185	1.908731	82.98477	6.673129	6.4481163	36675	15.390839	1.8219835	79.14152	6.3119726	6.1559515	36640	12.420639	1.732655	77.16906	6.2853665	6.10557	36605	13.0973215	1.7105209	76.755684	6.471393	6.304723	36165	14.684361	1.7624958	78.19509	0	0	0	0	0	0	0	0	0	0	0	0	0	0	0	0	0	0	11.092283	5.0320253	29384	941.1854	82.46956	2349.6335	11.778932	5.234813	28324	1133.7373	84.1337	2378.9236	11.743754	5.1980414	28696	1100.6145	81.24988	2278.3975
F4_S20_subsampled_depth_5G_contig_258	2.1547654	2.0789168	8447	2.75298	0.5700497	24.593895	2.1517308	2.0193868	9074	3.001065	0.57726353	25.097342	2.0950212	2.0027394	8726	2.6884284	0.5596302	24.308664	2.1719298	2.1074703	9577	2.023453	0.58071786	25.864054	0	0	0	0	0	0	2.0355618	1.8944263	8782	2.6883216	0.5415189	24.025093	0	0	0	0	0	0	0	0	0	0	0	0	0	0	0	0	0	0	22.856236	22.800337	10499	100.10907	148.77261	4238.67	28.800379	28.758718	10474	118.170425	176.76813	4998.2095	26.324799	26.281004	10443	105.168724	157.59543	4419.2686
F4_S20_subsampled_depth_5G_contig_617	14.037037	13.931096	40704	15.000728	3.7533908	161.93425	13.828451	13.694767	40704	16.69355	3.7081907	161.21881	13.515313	13.429562	40704	16.302837	3.6522343	158.64201	14.340583	14.139835	40704	22.155895	3.898371	173.62592	14.8343935	14.718137	40704	20.793825	3.9987123	179.43301	14.967919	14.709479	40704	23.76374	4.052619	179.79907	6.4679685	6.3032603	38848	15.838751	1.4552101	12.552184	5.957464	5.8077536	38351	14.254719	1.3100241	9.737743	6.7455983	6.607781	38511	17.445028	1.4832475	11.545586	0	0	0	0	0	0	0	0	0	0	0	0	0	0	0	0	0	0
F4_S20_subsampled_depth_5G_contig_701	15.36483	13.703891	15083	128.40065	4.4303412	191.14012	15.066966	13.531062	15083	115.68303	4.2846117	186.27963	14.197281	12.960345	15083	94.116844	4.1022673	178.19005	13.265251	11.696228	15074	119.992	3.86744	172.2483	14.106609	12.600699	15076	118.209366	4.027004	180.70259	13.439296	12.403839	15083	70.611176	3.831728	169.999	0	0	0	0	0	0	0	0	0	0	0	0	0	0	0	0	0	0	17.109087	15.693177	15083	128.20581	118.42353	3373.9941	25.268198	22.844505	15083	290.8539	166.23868	4700.4863	24.175718	21.683283	15083	287.5397	156.31343	4383.3184
F4_S20_subsampled_depth_5G_contig_1030	59.66486	59.983486	72206	96.74609	15.908692	686.35583	62.77108	63.00276	72206	117.34614	16.75138	728.2901	64.482346	64.86725	72205	108.499115	17.351713	753.7062	63.501457	63.74069	72206	108.76958	17.154593	764.032	66.90699	67.33765	72204	115.7347	17.94065	805.0454	63.665344	63.990963	72206	104.64584	17.162405	761.4294	40.328953	38.44648	72206	331.1999	9.11049	78.58421	34.529533	33.01132	72203	238.22191	7.604191	56.52387	38.42038	37.167088	72204	239.90773	8.441479	65.70837	0	0	0	0	0	0	0	0	0	0	0	0	0	0	0	0	0	0
F4_S20_subsampled_depth_5G_contig_1220	5.547205	5.4298153	13367	9.511858	1.4831342	63.987537	5.3426375	5.217312	13297	9.128674	1.4261787	62.005127	4.466154	4.4170465	12940	6.7913423	1.217792	52.89719	5.1977015	5.045187	13158	9.288649	1.4321061	63.78319	5.5431004	5.4116573	13213	8.626726	1.4893574	66.83147	5.2705426	5.142277	13234	8.814021	1.4348035	63.656677	0	0	0	0	0	0	0	0	0	0	0	0	0	0	0	0	0	0	0	0	0	0	0	0	0	0	0	0	0	0	0	0	0	0	0	0
F4_S20_subsampled_depth_5G_contig_1556	24.809101	22.738306	35331	223.15022	7.002262	302.1017	25.12089	22.836054	35331	262.85907	7.113389	309.26468	27.232655	24.981083	35331	278.9195	7.7548532	336.84753	30.824736	28.284433	35331	356.91388	8.853758	394.32916	30.120405	27.697186	35331	308.5077	8.56155	384.17996	29.488474	27.216972	35331	281.98923	8.40246	372.78458	0	0	0	0	0	0	0	0	0	0	0	0	0	0	0	0	0	0	1.7660953	1.5461264	26813	3.956003	14.038857	399.9801	0	0	0	0	0	0	0	0	26501	0	11.430785	320.54056
F4_S20_subsampled_depth_5G_contig_2103	26.482239	26.63978	29730	64.80989	7.052826	304.28333	24.223595	24.27172	29765	48.65244	6.441902	280.07092	26.738892	26.752064	29729	67.32254	7.1694665	311.4202	23.355923	23.355154	29766	48.078506	6.2896056	280.12677	21.651608	21.774797	29757	45.337128	5.7806835	259.3948	22.083704	22.14567	29766	52.95975	5.925515	262.89215	5.9439154	5.7670317	29077	12.013435	1.3341844	11.508254	4.99112	4.8671217	28846	7.9750338	1.0949368	8.138944	5.88881	5.6730194	29198	13.477997	1.2951472	10.081405	0	0	0	0	0	0	0	0	0	0	0	0	0	0	0	0	0	0
F4_S20_subsampled_depth_5G_contig_3774	5.07563	4.7847714	6327	15.238448	1.4105526	60.85608	11.927122	11.582421	6945	48.435352	3.3086045	143.84625	17.801506	17.504025	6909	90.082306	5.149728	223.68867	2.5867865	2.453799	5751	4.4468217	0.73104817	32.55944	2.7848449	2.6276562	5885	5.2585845	0.7767745	34.855972	2.6922631	2.349002	5471	8.472158	0.769575	34.14306	80260.43	78524.55	7052	1768476800	17720.328	152849.9	105284.484	102925.21	7043	2985325800	22648.145	168349.36	110328.914	107841.43	7043	3350808300	23727.36	184693.55	0	0	0	0	0	0	0	0	0	0	0	0	0	0	0	0	0	0
F4_S20_subsampled_depth_5G_contig_4037	2.758092	2.6242197	20567	4.008351	0.73952615	31.905697	3.0886953	2.9688785	21626	4.0478096	0.8224444	35.756954	3.1073403	3.0026135	21321	4.1859155	0.8401474	36.493473	3.2278807	3.1012535	21193	5.27494	0.8749393	38.9681	3.037116	2.9153478	20912	4.4916954	0.81410295	36.53101	2.6670442	2.504961	20780	4.279438	0.72744566	32.27394	0	0	0	0	0	0	0	0	0	0	0	0	0	0	0	0	0	0	0	0	0	0	0	0	0	0	0	0	0	0	0	0	0	0	0	0
F4_S20_subsampled_depth_5G_contig_5470	3.4765317	3.4027483	14937	4.583369	0.92235285	39.793484	3.3623621	3.2685695	15356	3.9947243	0.89166874	38.766567	3.3336928	3.178365	14326	5.812715	0.8918533	38.739407	3.6387796	3.554334	14581	5.0220017	0.9768309	43.50615	3.2399466	3.1818182	15043	3.410167	0.86295635	38.72319	3.2951288	3.2346723	14983	3.8917708	0.88044167	39.06179	2.0055182	1.9043692	13342	2.4762778	0.44481188	3.8368034	0	0	0	0	0	0	1.7415959	1.6209302	12349	2.2780375	0.37994912	2.9575207	4.381073	4.1193094	13308	14.069301	28.946375	824.7089	4.146835	3.8780832	14876	11.587764	26.5389	750.4013	3.7631612	3.5645525	12835	10.3829775	23.602888	661.86884
F4_S20_subsampled_depth_5G_contig_5894	126.39983	112.39181	43588	9969.428	33.614967	1450.2651	128.53175	115.07564	43588	9846.326	34.183228	1486.1646	123.77892	109.133316	43588	10836.028	33.21701	1442.8467	158.21992	143.57507	43588	11133.941	42.61516	1897.9966	155.59943	140.84004	43588	11209.554	41.619785	1867.5929	160.82391	144.57503	43588	12939.51	43.246918	1918.6984	5.153115	4.988618	42521	9.574709	1.1609267	10.013784	4.632211	4.4744987	41378	8.824279	1.017571	7.563863	6.8117776	6.6955442	42688	11.888367	1.4944392	11.632699	0	0	0	0	0	0	0	0	0	0	0	0	0	0	0	0	0	0
F4_S20_subsampled_depth_5G_contig_6574	3.8834026	3.801796	21814	5.270977	1.0365322	44.719563	4.4533167	4.322652	22240	6.1980987	1.1820096	51.38955	3.8937814	3.692806	21534	6.8447313	1.0379912	45.087196	4.1083384	3.9785552	22243	5.3179297	1.113146	49.57738	4.235845	4.0387673	21960	7.35615	1.1292415	50.672115	3.8815033	3.7332418	21838	5.845725	1.0484025	46.51354	4.0305185	3.8772206	20886	7.705486	0.9111487	7.859279	3.3508081	3.2272549	20838	5.433529	0.74093235	5.5075364	3.856329	3.7290215	21268	6.477966	0.8392321	6.5325756	0	0	0	0	0	0	0	0	0	0	0	0	0	0	0	0	0	0
F4_S20_subsampled_depth_5G_contig_6921	37.17556	36.88312	21254	80.0499	9.969878	430.135	37.07861	36.593346	21254	78.2611	9.957381	432.91138	37.72157	37.40413	21254	72.08378	10.217715	443.82684	42.70811	42.411446	21254	99.94048	11.618009	517.4435	42.756397	42.262768	21254	103.55424	11.531567	517.4528	42.661297	41.985363	21254	93.40354	11.593297	514.3498	5.291935	4.8952303	20431	17.37423	1.1943877	10.302404	4.514168	4.1867957	20241	12.50115	0.9970499	7.41132	5.9283075	5.476624	20627	21.335854	1.306645	10.170906	0	0	0	0	0	0	0	0	0	0	0	0	0	0	0	0	0	0
F4_S20_subsampled_depth_5G_contig_7028	20.274603	16.155886	17171	573.1542	6.201815	267.56766	20.500969	16.56629	17171	569.3767	6.292125	273.55908	23.08989	18.568771	17171	752.598	7.0914555	308.03162	24.770988	20.362621	17171	760.66736	7.619374	339.35205	24.52306	19.892029	17171	821.1995	7.5273576	337.77304	25.28453	20.25341	17171	897.316	7.861368	348.77853	0	0	0	0	0	0	0	0	0	0	0	0	0	0	0	0	0	0	0	0	0	0	0	0	1.8431937	1.4879562	13122	6.1644235	13.491641	381.48322	2.402209	1.8388929	12917	13.167831	17.481045	490.20093
F4_S20_subsampled_depth_5G_contig_7076	12.381701	12.407935	44212	18.742025	3.298269	142.2987	11.829465	11.779724	44229	16.187508	3.1434472	136.6658	12.069648	12.047362	44225	16.623032	3.2368035	140.59703	11.041335	10.938145	44229	16.589828	2.9791744	132.68657	10.564985	10.544955	44167	16.496836	2.8321853	127.08778	10.389709	10.358884	44199	13.556774	2.7928727	123.90889	5.650151	5.5157914	42862	10.154998	1.2744423	10.992935	5.41505	5.3002796	42547	9.5502	1.1915029	8.856741	6.3467865	6.2269807	42900	12.856825	1.3977298	10.879909	0	0	0	0	0	0	0	0	0	0	0	0	0	0	0	0	0	0
F4_S20_subsampled_depth_5G_contig_8828	2.9414616	2.8519568	13842	3.9291253	0.780244	33.66242	3.2010214	3.1123235	14629	3.8476114	0.8526432	37.069893	2.7702985	2.6684854	14129	3.5885148	0.7552174	32.804356	3.1569538	3.0463407	14207	4.6478148	0.85545504	38.100307	3.6225772	3.5518696	14629	4.4000087	0.9846209	44.18259	3.492339	3.4327078	14507	4.0538993	0.94803625	42.06069	0	0	0	0	0	0	0	0	0	0	0	0	0	0	0	0	0	0	0	0	0	0	0	0	0	0	0	0	0	0	0	0	0	0	0	0
F4_S20_subsampled_depth_5G_contig_8923	75.53986	74.24623	32298	326.06137	20.084667	866.5216	74.24686	72.93007	32298	330.8083	19.723549	857.50964	73.84742	72.18156	32308	376.9774	19.803623	860.2097	64.572945	62.940575	32298	337.41272	17.375599	773.87537	65.24599	63.74713	32298	339.4755	17.418915	781.6338	66.08085	64.44123	32294	319.1572	17.746937	787.36273	3.202332	2.9562604	27657	7.6505623	0.71890795	6.2010713	3.1321828	2.869403	27509	8.336612	0.6853633	5.094479	4.587562	4.240499	29382	15.598602	1.0029552	7.8069954	0	0	0	0	0	0	0	0	0	0	0	0	0	0	0	0	0	0
F4_S20_subsampled_depth_5G_contig_9349	10.993276	10.843524	34893	16.231623	2.9171977	125.858	11.440131	11.221129	34946	19.188951	3.037334	132.05235	11.024195	10.87909	34951	14.747572	2.9540062	128.31317	9.930318	9.731713	34923	16.617126	2.666655	118.76765	10.067699	9.973309	34945	12.649037	2.6874313	120.59229	10.108474	9.992082	34900	13.085503	2.7115319	120.30019	0	0	0	0	0	0	0	0	0	0	0	0	1.8344876	1.6696466	26673	2.9775472	0.40152243	3.1254451	0	0	0	0	0	0	0	0	0	0	0	0	0	0	0	0	0	0
F4_S20_subsampled_depth_5G_contig_692|provirus_52207_67061	15.178307	15.028108	14855	20.994322	4.1068277	177.18263	15.7317915	15.505251	14855	30.850517	4.25052	184.7974	17.074736	16.908953	14855	25.180681	4.6715913	202.91997	18.31343	18.15391	14855	30.958412	5.017121	223.45265	17.90255	17.709332	14855	28.204792	4.896813	219.73337	18.4661	18.328749	14855	32.483356	5.035617	223.41089	0	0	0	0	0	0	0	0	0	0	0	0	0	0	0	0	0	0	0	0	0	0	0	0	0	0	0	0	0	0	0	0	0	0	0	0
F4_S20_subsampled_depth_5G_contig_6139|provirus_164_23462	12.984363	12.849436	23299	28.725355	3.4723103	149.80742	12.488661	12.401008	23299	19.263618	3.3449771	145.42767	12.381312	12.322774	23299	22.845829	3.3395503	145.06006	12.005659	11.943269	23274	24.442469	3.2510893	144.79718	12.069939	11.976722	23297	20.366339	3.2483134	145.76064	11.400925	11.298872	23252	24.55089	3.0750275	136.4271	0	0	0	0	0	0	0	0	0	0	0	0	1.9310122	1.8200624	17869	2.7577684	0.42882282	3.3379517	0	0	0	0	0	0	0	0	0	0	0	0	0	0	0	0	0	0
F4_S20_subsampled_depth_5G_contig_9048|provirus_293_15459	17.865553	17.856773	15167	25.16832	4.8104196	207.53802	19.001997	18.712658	15167	29.475094	5.135791	223.28586	19.8832	19.792261	15167	32.90004	5.410066	234.99696	20.093561	19.814753	15167	36.914207	5.4893446	244.48474	22.021109	21.873566	15167	35.878963	5.964561	267.64603	21.19964	20.83887	15167	45.30191	5.7678304	255.89621	0	0	0	0	0	0	0	0	0	0	0	0	0	0	0	0	0	0	3.9398015	3.8537397	14678	4.981325	29.518467	841.0085	3.545049	3.4904194	14646	3.929393	22.26732	629.62024	4.30299	4.2498336	14737	4.962667	26.207811	734.9159
F5_S21_subsampled_depth_5G_contig_239	3.436768	3.3430157	10398	4.6333494	0.9052983	39.057693	2.962415	2.8498235	9944	4.2032356	0.782766	34.03188	3.4147072	3.3687344	10611	4.0587993	0.9091492	39.490704	2.6453018	2.5606656	10260	2.9596145	0.7089742	31.576324	3.477803	3.4244075	10565	3.7594268	0.9271346	41.603035	2.8724468	2.7470498	10064	3.865788	0.7617615	33.796394	2.745892	2.632476	9803	3.862879	0.6129546	5.287154	2.3182933	2.2286434	9645	2.7846434	0.5002511	3.718495	0	0	0	0	0	0	0	0	0	0	0	0	0	0	0	0	0	0	1.9694054	1.8832073	9058	2.2430263	12.138822	340.39526
F5_S21_subsampled_depth_5G_contig_1178	26.138247	24.538946	19051	423.63702	7.114106	306.927	24.873499	23.173946	19039	379.2376	6.752835	293.5891	23.427437	21.676973	19051	393.32925	6.444722	279.9393	27.696154	25.33643	19051	589.90094	7.6771674	341.92606	26.035395	23.012463	19024	645.3754	7.1756706	321.9919	27.616053	24.435835	19044	764.0149	7.6574535	339.73157	0	0	0	0	0	0	0	0	0	0	0	0	0	0	0	0	0	0	2.2731602	2.1793544	16396	2.858766	14.968112	426.45526	3.2336915	3.1317382	18104	4.1276603	20.169415	570.30054	3.313793	3.2117453	18294	4.082322	20.29178	569.0193
F5_S21_subsampled_depth_5G_contig_1236	5.5936303	5.0825343	11292	26.24748	1.6197423	69.88125	6.418646	5.9474154	11291	29.335217	1.8371425	79.87237	6.7052755	6.2372246	11391	22.770159	1.9029315	82.65762	6.897696	6.4759316	11094	32.531174	2.0312698	90.46877	6.9364824	6.4432144	11372	24.202724	1.973062	88.53663	7.037363	6.4817634	11356	36.851097	2.0230603	89.75541	0	0	0	0	0	0	0	0	0	0	0	0	0	0	0	0	0	0	0	0	0	0	0	0	0	0	0	0	0	0	0	0	0	0	0	0
F5_S21_subsampled_depth_5G_contig_1946	4.561022	4.4415035	11261	6.668912	1.2269427	52.934536	4.4138618	4.29977	11490	5.6000457	1.1750938	51.08888	5.655446	5.5319333	11711	8.372942	1.5127412	65.70893	4.088728	3.96519	11419	5.793421	1.106839	49.296436	4.316071	4.2529726	10787	6.1605997	1.1600187	52.05316	4.4415674	4.4031453	11124	6.2319326	1.1974788	53.127525	3.1378388	3.026467	10552	4.9081464	0.72676075	6.268809	2.4999137	2.408995	9708	3.4804058	0.5598965	4.1618485	2.9085102	2.8186612	10364	3.9448445	0.64409405	5.013622	2.584585	2.4941504	10353	3.5562892	17.807741	507.35898	2.56715	2.3891447	10045	4.5313993	16.172276	457.2796	2.5084584	2.3926928	10655	3.1704507	15.113446	423.809
F5_S21_subsampled_depth_5G_contig_2080	135.3939	135.51578	20543	952.7862	36.13645	1559.0511	135.45158	134.92204	20534	1101.1267	36.116558	1570.2191	133.82469	133.45432	20540	1245.3746	35.985912	1563.12	123.23479	122.97107	20529	997.8321	33.278103	1482.1418	125.81484	125.604034	20538	1086.6833	33.75686	1514.762	121.00907	120.09006	20542	1246.7886	32.6183	1447.1477	56.535526	56.010296	20527	419.36798	12.719935	109.71816	46.095474	45.46903	20540	319.84308	10.091678	75.01398	56.385574	55.963608	20543	359.4235	12.368396	96.27549	0	0	0	0	0	0	0	0	0	0	0	0	0	0	0	0	0	0
F5_S21_subsampled_depth_5G_contig_2358	7.833733	7.67361	10973	20.728931	2.082344	89.8395	8.784146	8.593247	11338	22.887903	2.3274107	101.18754	9.175597	8.995459	11403	19.08132	2.436452	105.83217	7.480139	7.3020043	11362	16.51127	2.0113325	89.58078	7.2740602	7.081647	11095	17.196482	1.928599	86.54146	7.2799253	7.2325006	11100	15.638664	1.9463452	86.35184	0	0	0	0	0	0	0	0	0	0	0	0	0	0	0	0	0	0	0	0	0	0	0	0	1.7801476	1.6482377	9331	2.4235768	10.851595	306.83453	1.5453657	1.4768486	8919	1.4122015	9.332882	261.71143
F5_S21_subsampled_depth_5G_contig_2816	70.758255	67.23567	86815	1070.4551	18.904228	815.5933	74.83068	71.266426	86815	1176.7344	19.980494	868.68036	78.26453	74.09647	86815	1406.0123	21.105728	916.76935	75.076546	71.13008	86815	1287.887	20.321674	905.0877	78.62351	74.94293	86815	1256.8589	21.126547	948.0056	76.36166	72.601715	86815	1313.9744	20.617538	914.7205	47.292564	44.360004	86815	912.66595	10.673912	92.06976	40.46231	37.965027	86815	652.01404	8.895356	66.12143	45.53692	42.731716	86815	841.011	10.02379	78.02503	0	0	0	0	0	0	0	0	0	0	0	0	0	0	0	0	0	0
F5_S21_subsampled_depth_5G_contig_3187	2718.7312	2773.9998	17863	367875.25	720.0407	31065.037	2795.0493	2849.027	17940	389346.16	739.9671	32171.123	2290.9514	2335.424	17954	221166.97	611.9848	26582.777	3708.3513	3795.4429	17939	798935.1	993.7359	44259.063	3375.2014	3444.5183	17927	628556.44	898.07434	40299.027	3496.5251	3567.8875	17941	626143.44	935.07825	41485.8	135.09537	135.10852	17937	2909.3972	30.214321	260.61926	116.14682	115.5503	17932	2416.9275	25.260479	187.7675	151.34375	151.38573	17935	3475.4556	32.93699	256.38107	4.086947	3.9717922	17141	5.5899234	26.953981	767.94385	4.512076	4.388293	17361	6.834826	27.672033	782.4411	5.5408335	5.520719	17579	5.5784593	33.43734	937.6448
F5_S21_subsampled_depth_5G_contig_3693	4.140407	4.0344667	12023	3.6933923	1.1056489	47.701477	4.722549	4.6481414	11932	4.606273	1.2548875	54.558006	5.594333	5.458715	12044	6.4091206	1.4874871	64.61197	3.910459	3.8170185	11817	4.4659567	1.0549409	46.985004	4.4688077	4.3285074	11925	5.9868765	1.1972386	53.723335	3.4915924	3.4420886	11676	3.5591235	0.9617312	42.668285	0	0	0	0	0	0	0	0	0	0	0	0	0	0	0	0	0	0	0	0	0	0	0	0	0	0	0	0	0	0	0	0	0	0	0	0
F5_S21_subsampled_depth_5G_contig_3829	5.5025806	5.4852133	9982	5.6498165	1.471477	63.484623	5.065378	4.991904	9977	5.4627295	1.3708314	59.598877	6.467463	6.3925557	10031	6.0333786	1.7335821	75.30161	6.7605505	6.695491	9944	8.966144	1.8210541	81.1062	6.0225687	5.894074	10017	7.884612	1.6141735	72.43233	6.7629795	6.6529856	10031	7.299687	1.816882	80.60799	0	0	0	0	0	0	0	0	0	0	0	0	0	0	0	0	0	0	0	0	0	0	0	0	0	0	0	0	0	0	0	0	0	0	0	0
F5_S21_subsampled_depth_5G_contig_4382	11.538264	11.393342	18795	32.159782	3.157779	136.2374	11.957437	11.79161	18875	29.045877	3.2794008	142.57664	12.568544	12.269804	18875	34.83333	3.4838047	151.32603	13.119359	12.909749	18875	34.277946	3.6066225	160.63194	13.395621	13.193141	18875	31.729078	3.7002456	166.04007	13.903391	13.651101	18875	37.512085	3.838679	170.30731	3.233645	2.9823177	16865	7.548751	0.75194514	6.4860425	2.8581042	2.706165	15257	5.632343	0.6457803	4.8002462	3.083311	2.9916928	17102	4.3135033	0.6860422	5.3401446	0	0	0	0	0	0	0	0	0	0	0	0	0	0	0	0	0	0
F5_S21_subsampled_depth_5G_contig_4395	5.041774	4.8717394	30450	10.917528	1.339414	57.786922	4.6809053	4.549031	30847	7.988222	1.2410665	53.957165	5.6595	5.5059633	31514	9.506886	1.5146998	65.79402	4.629025	4.474787	30578	8.568001	1.2490447	55.630035	4.886605	4.7397823	31431	8.189677	1.3047712	58.54861	4.865765	4.7030616	31127	8.803141	1.3145018	58.319355	0	0	0	0	0	0	0	0	0	0	0	0	0	0	0	0	0	0	0	0	0	0	0	0	0	0	0	0	0	0	0	0	0	0	0	0
F5_S21_subsampled_depth_5G_contig_4591	3.1548896	3.017827	14726	5.637992	0.8423889	36.34357	3.3138964	3.163404	15550	5.6149187	0.88286626	38.38386	3.2307599	3.0496469	15103	6.8341746	0.8663295	37.630756	3.2778685	3.0637066	14851	7.2001853	0.881775	39.272533	3.13515	2.9371006	15134	6.2444196	0.8459236	37.9589	3.6055708	3.318399	15103	9.250738	0.9648141	42.805065	0	0	0	0	0	0	0	0	0	0	0	0	0	0	0	0	0	0	0	0	0	0	0	0	0	0	0	0	0	0	0	0	0	0	0	0
F5_S21_subsampled_depth_5G_contig_4694	2.8848233	2.782333	30234	3.5813894	0.7682691	33.14578	2.9416633	2.819459	29807	4.096475	0.78495175	34.12688	2.9696405	2.8632708	30999	3.7033541	0.8004315	34.768326	3.1213157	3.0196152	30387	4.1039743	0.8404746	37.433105	3.2718916	3.157566	30756	4.437496	0.8755831	39.289803	3.5520296	3.4758544	31071	4.423599	0.95922136	42.55694	0	0	0	0	0	0	0	0	0	0	0	0	0	0	0	0	0	0	0	0	0	0	0	0	0	0	0	0	0	0	0	0	0	0	0	0
F5_S21_subsampled_depth_5G_contig_4837	6.456297	6.2822614	10556	11.121112	1.9327259	83.38444	5.7873297	5.54046	10429	16.054548	1.7613161	76.57575	7.410868	7.209114	10584	12.455822	2.1893992	95.10087	6.860552	6.6354346	10479	17.228806	2.086429	92.92551	6.474794	6.296742	10469	12.187854	1.8913634	84.87059	7.147786	7.031729	10565	10.244429	2.0969553	93.033775	0	0	0	0	0	0	0	0	0	0	0	0	0	0	0	0	0	0	0	0	0	0	0	0	0	0	0	0	0	0	0	0	0	0	0	0
F5_S21_subsampled_depth_5G_contig_5304	46.602425	46.66368	35386	170.82219	12.497883	539.2018	49.442474	49.567413	35386	165.42325	13.2371435	575.50354	50.34039	50.490005	35386	170.65453	13.626184	591.8803	57.09175	57.308254	35386	224.9369	15.480891	689.48883	55.675304	55.749355	35386	206.55382	15.044225	675.07526	58.569958	58.59125	35386	241.46037	15.867757	703.99084	6.207288	5.4753423	34294	36.252533	1.4004799	12.080092	5.358724	4.6949296	32710	29.408306	1.1791528	8.764942	5.5286636	4.852242	33675	30.164154	1.2101926	9.420123	5.9250197	5.7616196	34824	10.673588	42.96983	1224.2496	4.4996877	4.385634	34257	6.7227187	28.106533	794.72675	6.17712	6.100177	35017	8.493589	37.632114	1055.2745
F5_S21_subsampled_depth_5G_contig_5890	5.4829	5.437312	10758	6.755976	1.4744875	63.6145	5.3145094	5.281499	10819	4.9563403	1.4258581	61.99123	5.231572	5.140387	10881	5.6294065	1.3937429	60.540024	4.703569	4.6244955	10738	5.320228	1.2758859	56.825462	5.145187	5.0532146	10662	7.825888	1.3955357	62.6215	5.705526	5.656797	10775	7.586344	1.537233	68.201096	0	0	0	0	0	0	0	0	0	0	0	0	0	0	0	0	0	0	0	0	0	0	0	0	0	0	0	0	0	0	0	0	0	0	0	0
F5_S21_subsampled_depth_5G_contig_6324	23.058784	22.044643	26381	223.99168	6.2214885	268.4164	21.31844	20.343513	26381	196.64494	5.7579455	250.33482	21.76566	20.637892	26381	240.62746	5.929464	257.55814	20.62186	19.420898	26381	226.81296	5.6486897	251.58174	20.958523	19.725275	26354	227.02661	5.7147465	256.43613	20.156418	19.19751	26381	179.30687	5.494509	243.77	4.1181426	3.9469693	24428	7.9905024	0.9328732	8.04667	3.8860128	3.7105765	24615	7.6888747	0.85807616	6.378298	4.388586	4.20632	25193	8.72673	0.9630078	7.4960375	0	0	0	0	0	0	0	0	0	0	0	0	0	0	0	0	0	0
F5_S21_subsampled_depth_5G_contig_6634	4.9369564	4.8272333	26467	7.292278	1.3286629	57.323116	5.1886144	5.105584	26865	6.6354485	1.3941095	60.610905	5.040346	4.9819455	26933	5.664793	1.3574134	58.96197	11.445025	11.390813	27162	14.45886	3.0909827	137.66635	10.850331	10.709654	27210	15.802203	2.926763	131.33173	10.587104	10.400024	27199	16.685545	2.873163	127.47111	0	0	0	0	0	0	0	0	0	0	0	0	0	0	0	0	0	0	0	0	0	0	0	0	0	0	0	0	0	0	0	0	0	0	0	0
F5_S21_subsampled_depth_5G_contig_6800	7.0015984	6.906241	33959	12.552797	1.864895	80.45799	6.6205792	6.547509	33630	11.799921	1.7700163	76.95395	6.988435	6.832693	33677	15.005271	1.874439	81.41999	6.2705083	6.158751	33964	10.331712	1.6947649	75.48151	5.8344812	5.7479095	33372	10.485564	1.567398	70.33342	6.0298142	5.9167337	33022	12.335097	1.6252623	72.106606	0	0	0	0	0	0	0	0	0	0	0	0	0	0	0	0	0	0	15.259117	15.059891	33906	73.500694	104.08365	2965.439	16.493069	16.288542	34371	79.48018	103.66284	2931.1213	16.987679	16.861073	34071	86.27697	104.189285	2921.6616
F5_S21_subsampled_depth_5G_contig_7138	6.107875	6.0354834	14568	7.7173533	1.6189741	69.84814	5.5442395	5.498515	14433	7.243536	1.4767503	64.203804	5.953327	5.8558593	14580	9.376917	1.5857003	68.87807	5.719553	5.6016903	14404	8.886389	1.5338497	68.31468	5.589953	5.548542	14562	6.3603625	1.4891484	66.82216	5.1365223	5.067235	14550	6.707338	1.3764778	61.06898	2.157083	2.0240614	11808	3.2663448	0.48941562	4.2215466	1.6780893	1.5587451	11817	1.988416	0.36998066	2.7501583	2.3187582	2.1851063	11517	3.833342	0.51725245	4.0262885	3.9730656	3.908475	14011	5.3356004	26.212763	746.8259	3.639161	3.5652175	14607	3.2041926	22.721478	642.4616	3.819889	3.6862864	13990	5.359196	23.016056	645.413
F5_S21_subsampled_depth_5G_contig_7331	2514.318	2601.6543	13830	459670	664.03534	28648.771	2255.0354	2331.9539	13853	379010.03	595.4088	25886.246	2574.2124	2665.2642	13947	448646.78	685.5719	29779.18	2492.284	2579.4744	13897	420458.75	666.5809	29688.213	2606.2024	2699.905	13722	442455.28	692.0506	31054.19	2676.6086	2772.2927	13872	479940.4	714.21924	31687.137	2401.2666	2336.8757	13920	3423672.3	536.6324	4628.8213	2055.4004	1999.3549	13919	2529921.5	447.60123	3327.132	2412.498	2357.3435	13910	3252441.3	525.2204	4088.309	3.9573095	3.8313873	13168	7.1078463	26.506275	755.1884	3.9541204	3.816813	12779	7.203099	24.215132	684.6956	4.2288904	4.140591	12924	5.837283	25.50028	715.0751
F5_S21_subsampled_depth_5G_contig_7697	3.157045	3.0586417	13955	4.2889724	0.8646316	37.303177	3.1592836	3.0419085	13746	4.4489822	0.8642022	37.57241	3.5642087	3.4330294	14328	4.625406	0.97496897	42.349728	2.85096	2.719002	13502	4.0759535	0.7850967	34.96668	3.1643035	3.0157533	13647	4.5777516	0.8574401	38.47567	3.628112	3.520992	13659	5.457891	0.98456216	43.681217	0	0	0	0	0	0	0	0	0	0	0	0	0	0	0	0	0	0	0	0	0	0	0	0	0	0	0	0	0	0	0	0	0	0	0	0
F5_S21_subsampled_depth_5G_contig_8639	2.2644434	2.1353004	15195	2.9438784	0.59848624	25.820778	2.289484	2.210592	16012	2.42894	0.6093493	26.49233	2.7965302	2.6450627	16299	4.3425393	0.74752855	32.470383	2.700129	2.4962885	16117	5.272509	0.723226	32.21106	2.230644	2.1070426	14597	3.271449	0.59426993	26.666498	2.486834	2.325931	16432	3.4615197	0.6651965	29.512196	2.431475	2.2803319	15428	3.7676091	0.5424483	4.678989	2.1165571	2.0202107	15423	2.4635615	0.46279418	3.4400659	2.2746055	2.094629	14720	4.130371	0.4940544	3.8457124	0	0	0	0	0	0	0	0	0	0	0	0	0	0	0	0	0	0
F5_S21_subsampled_depth_5G_contig_8678	256.48413	249.7928	67545	18825.229	68.30898	2947.0852	253.27185	247.08138	67547	18020.25	67.40957	2930.727	257.82904	250.37943	67571	20023.361	69.20953	3006.2534	276.16095	259.79086	67538	29639.676	74.43989	3315.4077	262.40106	246.11412	67614	27505.729	70.23048	3151.4324	272.4792	257.41843	67541	27823.186	73.30218	3252.1333	122.436	120.16517	65272	6917.051	27.551552	237.65097	102.25954	100.11868	64704	4747.724	22.418926	166.6456	117.78877	115.49906	64510	6057.7764	25.820402	200.98573	5.905836	5.719077	64607	13.972876	40.270203	1147.3352	4.5673256	4.453188	62818	8.6114025	28.367636	802.10956	6.1872907	6.062669	64680	12.54177	37.72727	1057.9429
F5_S21_subsampled_depth_5G_contig_8689	7.241546	7.064901	10678	10.959319	1.9645436	84.75719	6.781155	6.6401434	10667	8.052416	1.8321629	79.65588	7.004844	6.865344	10678	10.347939	1.89744	82.41904	5.494491	5.3210216	10669	8.273932	1.4940226	66.54083	6.6983285	6.5520263	10676	10.493389	1.8068163	81.07673	6.543313	6.4884973	10647	8.327183	1.7788584	78.92105	0	0	0	0	0	0	0	0	0	0	0	0	0	0	0	0	0	0	0	0	0	0	0	0	0	0	0	0	0	0	0	0	0	0	0	0
F5_S21_subsampled_depth_5G_contig_8889	130.02313	129.05237	60273	428.889	34.603664	1492.9213	128.85727	127.812775	60273	408.71347	34.269875	1489.9316	126.77749	125.48482	60273	503.7203	34.035847	1478.415	132.66026	129.51657	60273	1157.2416	35.76843	1593.0562	133.97841	130.99341	60273	1078.8102	35.848152	1608.6036	135.09149	131.81802	60273	1223.443	36.318787	1611.3243	43.809574	44.2126	60249	194.42334	9.858753	85.03846	39.160522	39.284676	60140	168.04657	8.582032	63.79244	45.549225	45.929996	60123	211.63354	9.979696	77.68186	0	0	0	0	0	0	1.9303262	1.82571	50309	2.3130825	11.962996	338.25995	1.9720906	1.8788971	50167	2.155736	12.073027	338.55026
F5_S21_subsampled_depth_5G_contig_1972|provirus_24731_35879	20.154833	18.761438	11149	98.627686	5.4251947	234.0616	20.33894	19.313402	11149	94.42376	5.469246	237.78336	22.286207	21.065851	11149	104.223404	6.039466	262.33615	23.885807	22.68276	11149	93.099335	6.4991546	289.45975	23.698336	22.534794	11149	105.882095	6.3872623	286.61368	24.087826	22.706999	11149	109.36307	6.5387545	290.09924	0	0	0	0	0	0	0	0	0	0	0	0	0	0	0	0	0	0	0	0	0	0	0	0	0	0	0	0	0	0	1.8090736	1.6406424	0	3.0062788	0	0
F5_S21_subsampled_depth_5G_contig_3012|provirus_5419_17116	7.3125215	7.1334424	11635	10.852267	2.0778344	89.64488	8.215362	8.110833	11605	13.914561	2.309843	100.423744	8.058711	7.9304404	11698	9.102468	2.2954967	99.70945	6.9399896	6.862998	11698	8.599415	1.9536705	87.01267	7.4517665	7.414951	11689	7.3792434	2.0796669	93.32026	7.804815	7.6453724	11698	10.049023	2.2019322	97.69122	0	0	0	0	0	0	0	0	0	0	0	0	0	0	0	0	0	0	2.33876	2.1469116	9697	4.587405	18.500809	527.10516	1.5902321	1.3876275	8834	3.0493617	11.53234	326.08304	2.760478	2.6027515	10376	4.9468675	19.361399	542.9296
F5_S21_subsampled_depth_5G_contig_3117|provirus_1_32087	39.18217	38.9992	32087	410.6294	10.724016	462.67096	42.458904	42.268047	32087	496.12814	11.585782	503.70844	44.45452	44.218266	32087	569.3362	12.269505	532.9504	48.298054	48.033535	32087	665.4058	13.392365	596.46985	47.880264	47.75074	32087	597.2437	13.204249	592.51056	48.397312	48.210888	32087	642.4693	13.375569	593.4222	0	0	0	0	0	0	0	0	0	0	0	0	0	0	0	0	0	0	4.2026176	3.5957558	26841	140.75845	38.095455	1085.3748	3.5477345	2.9809358	27304	128.17996	29.314539	828.884	4.6140213	4.104018	28504	114.70363	34.726093	973.7846
F5_S21_subsampled_depth_5G_contig_6713|provirus_49773_61550	5.998538	5.921842	11755	6.895413	1.6346306	70.52363	6.02967	5.9131474	11774	6.534513	1.6508377	71.772484	5.852253	5.6825914	11648	10.5661125	1.6206553	70.39637	4.623151	4.5695586	11577	4.238638	1.289005	57.409775	5.0246816	4.930728	11693	4.7382736	1.3884265	62.302444	4.543688	4.436461	11675	5.3988814	1.2619814	55.989246	0	0	0	0	0	0	0	0	0	0	0	0	0	0	0	0	0	0	0	0	0	0	0	0	0	0	0	0	0	0	0	0	0	0	0	0
F5_S21_subsampled_depth_5G_contig_7002|provirus_5675_21251	19.468723	19.42391	15577	26.692581	5.216816	225.07144	17.275686	17.215773	15577	19.8674	4.6403003	201.7437	19.17113	19.11127	15577	18.700651	5.1949754	225.6541	15.0132885	14.912208	15577	17.620924	4.0731435	181.40984	13.922992	13.796831	15577	17.43605	3.7803497	169.63461	15.77306	15.577025	15577	22.927038	4.3004127	190.79263	0	0	0	0	0	0	0	0	0	0	0	0	0	0	0	0	0	0	0	0	0	0	0	0	1.6643547	1.5343896	12496	2.1462486	10.930205	309.05737	0	0	0	0	0	0
F6_S22_subsampled_depth_5G_contig_189	21.010891	20.775888	40815	39.453823	5.585199	240.96469	20.741997	20.505331	40853	46.280796	5.510078	239.55852	20.222416	20.087702	40853	33.79941	5.423211	235.56802	18.628868	18.516617	41006	34.22291	5.0090766	223.0945	18.651459	18.379854	40837	35.018604	4.987853	223.81863	18.8633	18.63698	40819	35.273014	5.0627866	224.61621	12.49229	11.687534	40791	68.64089	2.8034837	24.181955	9.37429	8.890052	40714	34.501144	2.0527194	15.258381	12.511651	11.989802	40815	45.560505	2.7386665	21.317741	0	0	0	0	0	0	0	0	0	0	0	0	0	0	0	0	0	0
F6_S22_subsampled_depth_5G_contig_611	5851.9844	5877.294	40501	876572.9	1555.9216	67127.82	5881.1055	5912.995	40515	872582.1	1563.1707	67961.08	5589.7427	5618.0864	40446	771508.6	1498.5375	65091.953	5037.393	5063.1025	40746	613155.1	1355.6879	60379.69	5016.3374	5044.4434	40491	602157.94	1340.0364	60131.063	5155.9785	5180.92	40437	663225.3	1384.4078	61420.82	164.07802	161.19115	40307	5489.4043	36.84001	317.7702	147.0722	144.6377	40257	4358.683	32.162895	239.0749	217.20374	215.02263	40307	8005.009	47.5134	369.84372	14.751651	14.686683	40207	26.318365	98.046234	2793.4272	17.608902	17.623844	40251	30.565489	109.51037	3096.4626	18.657257	18.596859	40181	33.510853	113.09131	3171.29
F6_S22_subsampled_depth_5G_contig_956	4.5211306	4.2905636	14259	11.298767	1.2479181	53.839508	4.4351277	4.1158967	14533	11.683455	1.2152479	52.834625	4.329004	4.0434427	14203	12.33182	1.2151114	52.780785	5.3337145	5.0007477	14542	16.375805	1.4793168	65.88589	4.901144	4.628234	14842	9.624318	1.3417071	60.206024	4.7775235	4.5874085	14355	10.140554	1.3167325	58.418324	0	0	0	0	0	0	0	0	0	0	0	0	0	0	0	0	0	0	0	0	0	0	0	0	0	0	0	0	0	0	0	0	0	0	0	0
F6_S22_subsampled_depth_5G_contig_1050	3.7805886	3.6942542	13567	5.2832026	1.0152606	43.80182	4.269236	4.150654	13673	6.5272684	1.1482038	49.91978	3.8240364	3.7501557	13479	5.206892	1.0264459	44.58572	4.4760337	4.3147774	13898	8.14362	1.2104805	53.91241	4.875613	4.7569294	13915	7.1534247	1.3016344	58.407852	4.6714787	4.472127	13903	8.259296	1.261071	55.94884	0	0	0	0	0	0	0	0	0	0	0	0	0	0	0	0	0	0	0	0	0	0	0	0	0	0	0	0	0	0	0	0	0	0	0	0
F6_S22_subsampled_depth_5G_contig_1051	5.549992	5.4436493	12433	8.082477	1.4994894	64.69317	5.0377555	4.9737926	12347	6.0055776	1.355248	58.92133	5.4379325	5.354562	12486	6.5074997	1.4636163	63.575077	5.8858476	5.781664	12572	5.8241787	1.5756872	70.17805	5.4492836	5.3060822	12536	7.6927433	1.464132	65.69959	5.678715	5.652594	12515	5.677864	1.5398626	68.31774	2.049026	1.9119856	10830	2.7000356	0.48267984	4.163445	0	0	0	0	0	0	0	0	0	0	0	0	0	0	0	0	0	0	1.412172	1.3605546	9689	1.1708944	8.658497	244.82355	1.672597	1.6107335	10153	1.5758352	10.129143	284.04007
F6_S22_subsampled_depth_5G_contig_1582	5.7650585	5.690656	17289	6.260418	1.555054	67.09035	6.4502125	6.417071	17251	7.6023273	1.7370023	75.518654	6.5572367	6.4698353	17284	8.212981	1.7755426	77.124245	6.7615666	6.6484966	17333	7.1136184	1.8243924	81.25492	6.6126404	6.4508243	17098	10.345929	1.7939566	80.499664	7.4466043	7.280569	17307	8.873167	2.023497	89.77475	0	0	0	0	0	0	0	0	0	0	0	0	0	0	0	0	0	0	0	0	0	0	0	0	0	0	0	0	0	0	0	0	0	0	0	0
F6_S22_subsampled_depth_5G_contig_1637	39.70268	38.96312	35610	270.8108	10.62835	458.5436	39.20809	38.31234	35610	264.3531	10.495857	456.32224	39.505527	38.852448	35610	267.51962	10.651352	462.66257	34.67239	33.892117	35610	237.22772	9.401097	418.7065	35.79983	34.986465	35610	222.21568	9.628953	432.0772	35.50601	34.858086	35610	238.90375	9.611575	426.42844	2.5002255	2.3806794	31987	3.3048592	0.5661353	4.8833036	2.1502538	2.0299242	29040	3.0717576	0.47976577	3.5662196	2.763057	2.6583943	32292	3.6329618	0.61467254	4.7846065	0	0	0	0	0	0	0	0	0	0	0	0	0	0	0	0	0	0
F6_S22_subsampled_depth_5G_contig_2996	7.5631385	7.3986177	28681	14.740513	2.0298905	87.57645	8.131941	7.9354105	28818	15.354971	2.1896405	95.197784	8.394642	8.271523	28472	18.180527	2.260538	98.19093	9.844951	9.730561	28826	22.056225	2.6675851	118.809	9.508305	9.322446	28926	21.585033	2.5661104	115.14836	9.58027	9.442205	28875	22.457901	2.6012719	115.408356	0	0	0	0	0	0	0	0	0	0	0	0	0	0	0	0	0	0	0	0	0	0	0	0	0	0	0	0	0	0	0	0	0	0	0	0
F6_S22_subsampled_depth_5G_contig_3540	4.1735544	3.8952267	14627	11.695513	1.1113784	47.94868	4.6215196	4.4162936	15309	9.521959	1.2284139	53.407024	3.9727857	3.6639137	14451	11.452293	1.0675535	46.371323	5.380307	5.007629	15521	15.866257	1.4414377	64.198845	3.9126244	3.656775	14894	9.093165	1.0481743	47.03441	4.34062	4.082587	15032	11.030384	1.1651677	51.694008	0	0	0	0	0	0	0	0	0	0	0	0	0	0	0	0	0	0	0	0	0	0	0	0	1.5034018	1.3826988	12222	1.9047638	9.464064	267.60135	0	0	0	0	0	0
F6_S22_subsampled_depth_5G_contig_4057	2.5455236	2.471961	20969	2.5078819	0.6744733	29.099102	2.0770748	1.9435239	18379	2.8828537	0.54929787	23.881498	2.1704957	2.0824502	19271	2.49086	0.58109313	25.240929	3.0941377	2.9910932	20837	4.302227	0.8306832	36.997	2.418738	2.334478	19865	2.7976892	0.6450508	28.94516	2.4456089	2.3480122	19591	2.8512266	0.6558172	29.096079	2.1340857	2.0387123	18909	2.6176348	0.48441386	4.178401	2.2146535	2.1269343	19388	2.6372342	0.48231953	3.5851998	1.9312105	1.825148	18300	2.4513767	0.42399678	3.300385	0	0	0	0	0	0	0	0	0	0	0	0	0	0	0	0	0	0
F6_S22_subsampled_depth_5G_contig_4210	106.29986	104.29304	14570	3233.5735	29.706541	1281.6427	115.45381	112.95908	14570	3879.503	32.26447	1402.744	121.07226	118.59108	14570	4018.495	34.018047	1477.6418	118.02503	115.04677	14570	4739.407	33.48043	1491.1533	126.371155	123.7824	14570	4373.056	35.351795	1586.3309	121.4276	118.68377	14570	4300.5093	34.25432	1519.7316	64.79709	65.38041	14570	1186.6761	14.787687	127.55391	53.261234	53.953846	14570	650.43677	11.870094	88.23344	63.04279	63.870087	14570	919.22327	14.005663	109.01996	0	0	0	0	0	0	0	0	0	0	0	0	0	0	0	0	0	0
F6_S22_subsampled_depth_5G_contig_4232	3.0415285	2.952363	16553	3.6098852	0.80688876	34.81196	3.2737286	3.1864269	16498	4.5260015	0.8668071	37.68567	3.0704691	2.8969843	16267	5.0456133	0.8225638	35.729687	3.8674347	3.764313	17335	5.205141	1.0383022	46.243958	4.144254	4.038147	17099	6.362183	1.1043075	49.553272	3.756617	3.6834614	16791	4.832017	1.0065836	44.658234	0	0	0	0	0	0	0	0	0	0	0	0	0	0	0	0	0	0	0	0	0	0	0	0	0	0	0	0	0	0	0	0	0	0	0	0
F6_S22_subsampled_depth_5G_contig_4374	3.3648312	3.1882977	10112	6.0591087	0.9019147	38.911728	4.536538	4.41111	10600	7.197391	1.2031673	52.309444	4.050832	3.821505	10221	8.589896	1.0853649	47.144974	3.8920856	3.7317472	10634	6.206776	1.0416094	46.39127	3.159206	3.0824058	10067	4.2269034	0.85091895	38.18306	3.6489568	3.576228	10138	5.0744967	0.98781264	43.825424	0	0	0	0	0	0	0	0	0	0	0	0	0	0	0	0	0	0	0	0	0	0	0	0	0	0	0	0	0	0	0	0	0	0	0	0
F6_S22_subsampled_depth_5G_contig_4503	9.322819	9.139482	22304	15.877399	2.5277293	109.0549	9.22846	9.057525	22342	14.974618	2.4977639	108.593895	9.975171	9.791328	22320	17.647223	2.729603	118.56575	11.321557	11.097426	22342	20.820484	3.1123605	138.61845	10.758967	10.534194	22342	22.017384	2.9511755	132.42717	11.319845	11.100681	22342	17.715368	3.1106682	138.00827	0	0	0	0	0	0	0	0	0	0	0	0	0	0	0	0	0	0	0	0	0	0	0	0	0	0	0	0	0	0	1.4391222	1.3378392	16958	1.6648982	8.834597	247.7385
F6_S22_subsampled_depth_5G_contig_4566	8.273067	7.8696566	22324	86.01901	3.2326884	139.46924	7.8395205	7.426719	22342	102.46959	3.2795224	142.58195	9.533429	9.058164	22337	121.135765	3.869262	168.06909	10.543792	10.042397	22346	158.01155	4.3198295	192.3969	10.600469	10.015767	22346	167.09741	4.302501	193.06483	10.41931	9.912404	22346	152.40146	4.2483106	188.481	0	0	0	0	0	0	0	0	0	0	0	0	0	0	0	0	0	0	0	0	0	0	0	0	0	0	0	0	0	0	0	0	0	0	0	0
F6_S22_subsampled_depth_5G_contig_4922	6.1541157	5.9006	13854	10.880865	1.6705157	72.071815	6.5389667	6.4940815	13755	7.3088512	1.7622856	76.6179	6.7312465	6.5969677	13854	8.275501	1.8156637	78.86696	5.41944	5.3029027	13766	6.9954777	1.4767599	65.772	6.772913	6.6928005	13788	7.5422397	1.8287058	82.05896	5.5933304	5.486055	13830	7.262691	1.5172272	67.31351	2.3951402	2.258959	0	4.1704235	0	0	2.0901196	1.9483541	10660	3.4758596	0.45295605	3.366937	2.8212202	2.694341	12016	4.514777	0.61679345	4.8011117	0	0	0	0	0	0	0	0	0	0	0	0	0	0	0	0	0	0
F6_S22_subsampled_depth_5G_contig_5481	5.4331946	5.3422613	13468	7.9062796	1.4375631	62.02145	5.5666595	5.4830775	13647	7.3624663	1.4774054	64.232346	5.829206	5.792306	13253	8.849846	1.5633969	67.909294	6.729929	6.6850095	13617	8.005739	1.8127518	80.736465	6.2155747	6.0098205	13640	11.693367	1.6589701	74.44249	6.6021624	6.5515785	13247	11.757406	1.7676271	78.422806	3.506173	3.3590617	13100	5.3388176	0.79415244	6.85011	3.041274	2.9027677	12949	4.312367	0.66711307	4.9588184	3.4101834	3.2642643	13254	4.278917	0.74570405	5.804555	0	0	0	0	0	0	0	0	0	0	0	0	0	0	0	0	0	0
F6_S22_subsampled_depth_5G_contig_6417	23.754171	23.338127	18787	60.2253	6.4167933	276.8426	23.463789	23.229202	18791	66.95873	6.354044	276.25107	22.007648	21.607618	18791	86.02215	5.9847984	259.9617	19.697369	19.375446	18846	68.35999	5.393488	240.21533	21.569159	21.0681	18782	77.981735	5.817513	261.0476	20.844137	20.568636	18791	52.870605	5.694887	252.6601	0	0	0	0	0	0	0	0	0	0	0	0	0	0	0	0	0	0	15.338842	14.028702	18779	104.779366	104.88149	2988.17	27.354408	24.669895	18782	293.20425	178.06886	5034.99	25.504547	23.17566	18791	236.76991	162.12122	4546.18
F6_S22_subsampled_depth_5G_contig_6560	18.15755	17.997318	45323	28.933743	4.847011	209.1167	18.42676	17.985415	45323	46.461502	4.9065213	213.31804	18.767405	18.407507	45323	39.9998	5.0476327	219.25401	18.01284	17.649925	45323	41.198906	4.862457	216.56432	19.046333	18.781563	45323	36.83671	5.1090727	229.25792	19.332388	18.989006	45322	45.363235	5.2042856	230.8941	11.890444	10.866788	45264	95.442276	2.67778	23.097681	9.354814	8.520968	44926	59.518265	2.0572715	15.292222	10.974985	10.318838	45018	66.172134	2.4074707	18.739727	0	0	0	0	0	0	0	0	0	0	0	0	0	0	0	0	0	0
F6_S22_subsampled_depth_5G_contig_6870	12.665062	11.79548	23161	98.53109	3.4189649	147.50597	12.552244	11.742711	23200	89.56271	3.374076	146.69273	13.539579	12.9500265	23147	94.937	3.6789753	159.80363	17.728867	16.998844	23205	179.33296	4.8386607	215.5045	17.833746	16.907715	23184	200.98549	4.8219094	216.3721	17.355585	16.407787	23201	183.62344	4.7193646	209.37991	10.67699	10.452942	22672	31.898651	2.3913286	20.626839	8.386988	8.273867	22444	20.733814	1.8349376	13.639555	9.47378	9.334875	22714	26.301374	2.0649877	16.07385	0	0	0	0	0	0	0	0	0	0	0	0	0	0	0	0	0	0
F6_S22_subsampled_depth_5G_contig_7494	9.648178	9.382703	19279	22.960804	2.5922894	111.84034	8.189608	8.058779	19102	17.954165	2.2063026	95.922104	8.903863	8.780623	19069	23.134155	2.4123125	104.7836	10.7126875	10.562119	19279	23.548882	2.8930557	128.851	9.252706	9.101121	19271	23.396088	2.494527	111.93616	10.10654	9.807167	19275	28.17047	2.739375	121.535446	7.0766377	6.8894114	18849	17.701046	1.5930334	13.741	6.1767473	5.9424405	18815	14.699051	1.349704	10.032692	7.504783	7.2627053	19003	22.83887	1.6331369	12.712323	0	0	0	0	0	0	0	0	0	0	0	0	0	0	0	0	0	0
F6_S22_subsampled_depth_5G_contig_7565	4.9776673	4.754126	18568	11.927585	1.3300533	57.38306	4.684048	4.482973	18607	10.220531	1.2607387	54.812405	5.643201	5.2816133	18710	19.999367	1.538305	66.81935	6.0966525	5.820374	19179	14.42091	1.6515393	73.556335	5.965115	5.7486634	18767	13.52015	1.6094499	72.22036	6.530387	6.3467574	18743	16.993795	1.7738594	78.69926	0	0	0	0	0	0	0	0	0	0	0	0	0	0	0	0	0	0	0	0	0	0	0	0	0	0	0	0	0	0	0	0	0	0	0	0
F6_S22_subsampled_depth_5G_contig_8077	6437.2417	6688.6333	65900	2839619	1713.9308	73944.89	6343.926	6594.867	65900	2733623.5	1688.4569	73408.086	6152.8867	6389.9653	65900	2639617	1652.0244	71758.98	6093.1943	6328.5557	65900	2597509.8	1642.6244	73159.28	5796.257	6020.1567	65900	2307169.5	1551.4065	69615.82	5918.508	6147.08	65900	2433012.5	1591.8212	70622.93	7371.2363	7456.2173	65900	7382115	1659.9644	14318.328	5668.046	5730.0483	65900	4357557.5	1243.7074	9244.793	6699.434	6773.821	65900	5938926	1469.7461	11440.486	9.207893	9.19224	64232	18.075127	61.707333	1758.0992	9.780867	9.829644	64490	17.266127	60.75009	1717.7406	8.393992	8.3592	64527	14.711866	50.90431	1427.4515
F6_S22_subsampled_depth_5G_contig_8653	8.50881	8.464494	18393	11.023868	2.2728276	98.05759	8.044052	7.8935432	18394	12.309609	2.1476693	93.37296	8.405549	8.225377	18386	15.843239	2.2828093	99.1584	8.271424	8.095088	18424	13.584178	2.2407405	99.7982	8.028292	7.9851656	18253	11.260131	2.1555665	96.726074	7.9918466	7.86205	18408	12.869466	2.1652634	96.06437	3.5300426	3.3591318	16299	7.135008	0.8124377	7.007829	3.2531466	3.1605058	17422	4.3317986	0.72221905	5.368438	4.0760098	3.9682636	17266	6.937527	0.8990589	6.9982653	0	0	0	0	0	0	2.0609062	1.9916707	15776	2.2070384	12.877077	364.10602	2.3194702	2.2116368	16086	2.8232327	14.169254	397.3321
F6_S22_subsampled_depth_5G_contig_8984	3.221294	3.1179519	18014	4.7276196	0.8508375	36.708073	3.3849702	3.2429092	18123	5.8686056	0.895281	38.923603	3.2741952	3.1566238	17963	5.015037	0.87431884	37.977764	3.2325714	3.1586173	18139	3.9231982	0.8672904	38.627403	3.4799569	3.3925276	18278	4.766247	0.92612046	41.55755	2.969397	2.8830163	18125	3.444749	0.7931948	35.190983	0	0	0	0	0	0	0	0	0	0	0	0	0	0	0	0	0	0	0	0	0	0	0	0	0	0	0	0	0	0	0	0	0	0	0	0
F6_S22_subsampled_depth_5G_contig_9023	3.3537433	3.2368844	20328	4.5678997	0.89480025	38.604755	3.615198	3.5236366	20514	4.7505198	0.95757437	41.631927	3.0136378	2.835971	19425	5.418777	0.80652857	35.033165	5.0507216	4.861865	21170	9.302609	1.3555582	60.373913	4.939891	4.856157	21368	6.3357134	1.3170086	59.097755	5.216524	5.0876446	21210	7.502204	1.4031695	62.25321	0	0	0	0	0	0	0	0	0	0	0	0	0	0	0	0	0	0	0	0	0	0	0	0	0	0	0	0	0	0	0	0	0	0	0	0
F6_S22_subsampled_depth_5G_contig_9109	9.219027	9.048817	10756	16.714397	2.5655918	110.688416	8.89572	8.51058	10756	21.748291	2.519591	109.54282	8.685272	8.410015	10741	15.578636	2.4589357	106.8088	8.020177	7.7374816	10756	13.157726	2.2644095	100.85237	7.6287007	7.509114	10713	10.375654	2.1195033	95.10786	8.625118	8.137858	10691	24.244366	2.4550211	108.919785	0	0	0	0	0	0	0	0	0	0	0	0	0	0	0	0	0	0	14.701302	13.779698	10756	133.42326	104.92329	2989.3613	19.221195	18.08307	10756	145.52655	128.79675	3641.7964	16.368282	15.253718	10756	117.58354	107.82225	3023.5361
F6_S22_subsampled_depth_5G_contig_9264	2.9267385	2.8149402	13790	3.8210135	0.7769768	33.52146	2.8305912	2.7707815	13964	2.9721115	0.7497192	32.595104	3.0637145	2.9303393	13293	4.944139	0.8186296	35.558804	2.8733158	2.83307	14199	2.2765422	0.7727396	34.41633	3.0507143	2.9406455	13439	4.4778585	0.81263435	36.465122	2.989031	2.91236	13957	3.1683517	0.798116	35.409332	0	0	0	0	0	0	0	0	0	0	0	0	0	0	0	0	0	0	26.16345	26.01941	14911	56.54493	169.65756	4833.701	34.274086	33.98315	14894	97.775055	210.28528	5945.9253	31.23292	31.099977	14904	81.259	187.35783	5253.8633
F6_S22_subsampled_depth_5G_contig_9621	3.1337872	3.0626616	16122	3.8259485	0.82814497	35.729042	3.0307517	2.9544222	16589	3.32259	0.80066884	34.81023	3.1774185	3.096577	15946	4.3734803	0.8486321	36.86204	3.334071	3.1997101	17125	4.572685	0.89522254	39.87147	2.826213	2.703839	15928	4.06722	0.7545761	33.859882	3.218156	3.1447394	16550	3.5189621	0.8658296	38.41353	0	0	0	0	0	0	0	0	0	0	0	0	0	0	0	0	0	0	4.7240853	4.589359	16796	9.052498	32.08523	914.138	4.9330497	4.697031	16605	13.284782	30.62015	865.8005	5.8174186	5.62775	17076	11.499117	35.30925	990.1369
F6_S22_subsampled_depth_5G_contig_9628	17.090393	16.413134	32606	56.999477	4.5423036	195.97055	16.232252	15.52859	32594	60.47413	4.312677	187.49982	16.3625	15.481539	32608	63.81477	4.3876314	190.5855	16.803751	15.861034	32619	101.82344	4.5286207	201.696	15.981613	15.265818	32596	65.59856	4.262541	191.27177	16.608734	15.458098	32616	106.75715	4.462373	197.97827	7.0825095	6.990521	31643	14.088699	1.5905927	13.719956	5.987311	5.8445063	31241	12.442305	1.3093947	9.733064	6.0953526	6.0303526	31618	9.66708	1.3370321	10.407445	7.362438	7.2289634	32513	11.455614	48.665123	1386.5146	7.2628045	7.1896453	32558	8.671384	45.408115	1283.9377	7.1560564	7.017863	32594	10.725707	43.696568	1225.333
F6_S22_subsampled_depth_5G_contig_963|provirus_14973_41816	9.974339	9.47765	26625	42.100758	2.7298656	117.77575	10.638907	10.109507	26743	39.380756	2.9092157	126.48225	9.376002	8.979564	26758	33.377777	2.5806575	112.09597	8.826179	8.339715	26805	30.810526	2.4452167	108.905235	8.660561	8.337009	26732	24.537046	2.3812122	106.85139	9.776767	9.323732	26781	34.229977	2.6885548	119.28071	0	0	0	0	0	0	0	0	0	0	0	0	0	0	0	0	0	0	0	0	0	0	0	0	0	0	0	0	0	0	2.277628	2.0625572	21115	4.8901024	14.36705	402.8789
F6_S22_subsampled_depth_5G_contig_3279|provirus_7138_34158	28.753265	28.659168	27021	34.672348	7.6787577	331.28824	23.768152	23.672647	27021	29.11885	6.3530087	276.206	25.759666	25.528427	27021	38.044735	6.9264727	300.86508	22.781511	22.721191	27021	25.228954	6.165389	274.59442	20.774143	20.715816	27021	26.121939	5.5734286	250.09477	21.879274	21.73955	27021	24.013994	5.906952	262.06854	5.0586877	4.9222245	26747	7.379994	1.146582	9.890053	5.002903	4.8590035	26594	8.306652	1.1040336	8.206558	6.3652635	6.2778997	26705	8.787491	1.4084735	10.963548	0	0	0	0	0	0	0	0	0	0	0	0	0	0	0	0	0	0
F6_S22_subsampled_depth_5G_contig_7480|provirus_30152_137958	10.661313	10.529337	107680	24.353895	2.8547506	123.16383	10.859739	10.77439	107597	22.52312	2.9009316	126.1221	11.842453	11.774576	107718	25.2291	3.1975453	138.89171	14.011936	13.969667	107748	30.496767	3.797375	169.12772	13.837381	13.740828	107795	33.23194	3.7305212	167.39853	13.962994	13.911604	107807	30.962511	3.772521	167.3722	0	0	0	0	0	0	0	0	0	0	0	0	0	0	0	0	0	0	0	0	0	0	0	0	0	0	0	0	0	0	0	0	0	0	0	0
F7_S23_subsampled_depth_5G_contig_123	107.89719	108.185814	13358	754.2861	28.597486	1233.794	105.20859	105.94894	13358	841.1158	27.862999	1211.3838	101.69155	102.120125	13358	566.58075	27.168446	1180.1158	136.11395	137.73822	13358	1533.2039	36.496914	1625.5016	135.29921	135.56738	13358	1349.2529	36.0054	1615.6598	132.7185	133.81401	13358	1323.4521	35.464306	1573.4142	123.01067	123.82638	13355	2756.2754	27.551987	237.65459	100.704346	101.577896	13354	1782.2894	21.96874	163.29913	144.68845	145.68826	13354	3749.8647	31.537	245.48354	0	0	0	0	0	0	0	0	0	0	0	0	0	0	0	0	0	0
F7_S23_subsampled_depth_5G_contig_409	3.360065	3.2735026	10441	3.8595936	0.8827504	38.084904	3.0938318	3.0387278	10527	3.0223536	0.83230233	36.185524	3.1837804	3.0872881	10274	4.405257	0.84679663	36.78229	4.461212	4.3210597	10967	5.579082	1.1972189	53.321777	4.0304346	3.9964883	10801	4.114049	1.0694875	47.990814	4.5227127	4.3913918	10774	6.695857	1.2053022	53.4746	0	0	0	0	0	0	0	0	0	0	0	0	0	0	0	0	0	0	0	0	0	0	0	0	0	0	0	0	0	0	0	0	0	0	0	0
F7_S23_subsampled_depth_5G_contig_898	38.282555	37.4106	17903	135.83899	10.298721	444.32233	34.414017	33.855072	17903	94.941666	9.258207	402.5137	34.3338	33.748955	17903	113.43311	9.291897	403.6121	34.446983	33.55003	17903	122.73889	9.388068	418.1263	35.31991	34.725517	17927	103.7835	9.524106	427.37256	34.573437	33.793827	17910	127.22592	9.398189	416.96118	4.3548965	3.9214425	16445	16.027449	0.9910465	8.548457	3.6228273	3.1966753	16113	13.303109	0.7990551	5.939577	4.488271	4.0505595	16539	17.332798	0.9936495	7.734555	0	0	0	0	0	0	0	0	0	0	0	0	0	0	0	0	0	0
F7_S23_subsampled_depth_5G_contig_1338	4.0923533	3.9952867	9403	7.5610385	1.099752	47.447086	3.4679823	3.4195988	9617	4.2580776	0.9199027	39.99406	3.730735	3.658884	9979	4.230727	1.0144615	44.065147	4.4099655	4.2732654	9841	7.9253597	1.1880009	52.911217	4.131722	4.0460377	9867	6.526856	1.1004503	49.380188	4.086433	3.9948483	9130	8.202318	1.1143986	49.44154	4.5811543	4.212211	9292	15.363626	1.0325171	8.906163	3.913271	3.7147868	9524	8.116713	0.86888534	6.458643	3.3988159	3.1772444	8777	8.037693	0.75093985	5.845307	0	0	0	0	0	0	0	0	0	0	0	0	0	0	0	0	0	0
F7_S23_subsampled_depth_5G_contig_1471	9.17189	8.688795	13071	37.25087	2.6052463	112.399345	8.430462	8.009373	13068	29.30772	2.432196	105.74319	8.811856	8.410955	13071	25.887278	2.53084	109.93203	8.306323	8.048413	13071	19.619007	2.369574	105.53626	8.585249	8.219193	13071	30.14167	2.4158819	108.40713	8.730361	8.418437	13071	20.044935	2.4725924	109.699326	0	0	0	0	0	0	0	0	0	0	0	0	0	0	0	0	0	0	0	0	0	0	0	0	0	0	0	0	0	0	0	0	0	0	0	0
F7_S23_subsampled_depth_5G_contig_2852	43.97053	44.16923	16605	211.35164	11.643129	502.32468	41.348343	41.35183	16605	180.11885	10.934905	475.41074	43.975758	44.332928	16588	153.59239	11.746546	510.23468	52.12468	52.463615	16604	270.13428	13.966175	622.02625	48.11174	48.49899	16608	206.59087	12.797884	574.27576	52.569996	53.07925	16577	258.52585	14.046352	623.18225	18.396038	18.069529	16528	88.814156	4.120688	35.54375	14.42806	13.964966	16342	75.372986	3.1355214	23.307116	21.687143	21.472795	16456	129.38826	4.715723	36.707127	0	0	0	0	0	0	0	0	0	0	0	0	0	0	0	0	0	0
F7_S23_subsampled_depth_5G_contig_3271	4.884363	4.748042	12151	7.035312	1.3313631	57.439568	5.576627	5.4053907	12120	11.233739	1.4994737	65.191734	4.8361745	4.7752686	12185	5.920949	1.3030647	56.60122	4.12416	4.010563	11773	7.3153763	1.1370862	50.643612	4.830028	4.6721907	12149	8.067656	1.304341	58.529297	4.5976887	4.50947	11981	6.0277076	1.2557983	55.71488	2.0576954	1.8913677	9483	3.7221034	0.47490087	4.0963445	1.9602524	1.8554908	10440	2.2784786	0.44685835	3.3216105	1.8774791	1.7466763	10036	2.5053546	0.4470062	3.4794912	0	0	0	0	0	0	0	0	0	0	0	0	1.9833634	1.9053906	9842	2.3751843	12.224182	342.78867
F7_S23_subsampled_depth_5G_contig_3834	5.813447	5.615726	21499	12.69215	1.5495783	66.854164	5.263112	4.9670887	20895	16.09331	1.4006937	60.897182	6.0801873	5.896265	21305	16.613604	1.6324642	70.909325	6.097272	5.8290644	21441	18.167452	1.6478769	73.39322	5.2514467	5.065517	20756	12.918491	1.4109442	63.31291	5.9122806	5.6686907	21142	16.896452	1.579446	70.07392	0	0	0	0	0	0	0	0	0	0	0	0	0	0	0	0	0	0	0	0	0	0	0	0	0	0	0	0	0	0	0	0	0	0	0	0
F7_S23_subsampled_depth_5G_contig_3840	8.620212	7.108703	10069	90.16458	2.6779563	115.53632	8.42363	7.1005473	9946	77.15288	2.6369138	114.643555	10.189744	8.867613	10095	84.917435	3.2008154	139.03378	10.593866	8.950397	10095	122.15272	3.373729	150.25928	10.838914	9.160876	10095	114.8566	3.4033852	152.71913	10.444042	8.776562	10037	112.419464	3.2657018	144.88655	0	0	0	0	0	0	0	0	0	0	0	0	0	0	0	0	0	0	0	0	0	0	0	0	0	0	0	0	0	0	0	0	0	0	0	0
F7_S23_subsampled_depth_5G_contig_3944	5.5006485	5.3460984	14497	9.928652	1.4714947	63.485344	5.5778446	5.4278455	14537	9.271534	1.4843068	64.53234	4.931745	4.7740955	14049	9.512201	1.336097	58.036057	5.7265716	5.56859	14695	10.956632	1.5578004	69.38142	5.320934	5.219762	14739	6.359247	1.4286855	64.10896	4.971401	4.8550844	14419	8.483074	1.3599526	60.33587	2.315337	2.162281	12951	3.5128424	0.52615285	4.5384283	2.4406526	2.278077	12845	3.6892247	0.5438422	4.0425134	2.668828	2.5414424	13184	3.9371438	0.5928731	4.614917	0	0	0	0	0	0	0	0	0	0	0	0	0	0	0	0	0	0
F7_S23_subsampled_depth_5G_contig_4400	3.0879855	3.012396	22413	3.4497004	0.82365376	35.535244	2.8282552	2.7989857	22382	2.4320865	0.750853	32.644413	3.5760891	3.4818048	22790	4.136622	0.95442635	41.457397	3.1747453	3.0722637	21871	3.9078877	0.8540399	38.03728	2.988632	2.908297	23039	2.7259715	0.7949726	35.672592	3.1647298	3.1213317	22629	2.9333055	0.8503825	37.728176	2.3658876	2.2801332	20772	2.748886	0.52806306	4.554905	1.9688966	1.9139785	20507	1.7550972	0.43460461	3.2305243	2.1846764	2.0987933	19806	2.6964314	0.47477287	3.6956284	0	0	0	0	0	0	0	0	0	0	0	0	0	0	0	0	0	0
F7_S23_subsampled_depth_5G_contig_5145	10.195918	8.325958	34017	227.95992	2.7359676	118.0391	9.963394	8.358309	33604	186.83592	2.6743546	116.27138	8.93901	7.1687846	33809	179.98476	2.4254222	105.353035	9.644507	7.841601	33687	217.81166	2.6351984	117.36661	9.552688	7.8656945	34306	196.10645	2.5809708	115.8152	9.857321	7.732873	34084	263.56494	2.6912026	119.398285	0	0	0	0	0	0	0	0	0	0	0	0	0	0	0	0	0	0	18.455236	18.280447	34563	69.41031	119.92545	3416.7866	28.773108	28.844666	34519	135.88887	178.36926	5043.4844	21.99074	21.997969	34509	78.25985	133.47662	3742.9326
F7_S23_subsampled_depth_5G_contig_5930	91.46357	91.92788	41995	480.63702	24.44025	1054.4365	86.97706	87.24766	41995	452.21756	23.21382	1009.254	87.30714	87.403786	41995	490.72327	23.523966	1021.81024	86.62192	86.42875	41995	555.2196	23.4348	1043.7405	80.74145	80.40554	41995	495.52853	21.684639	973.04846	82.990944	82.708984	41995	532.4428	22.40995	994.243	44.040077	42.298477	41703	740.2946	9.900615	85.39954	33.65028	32.471096	41009	414.1364	7.3673763	54.763554	40.327923	38.878895	41687	534.35504	8.832507	68.75212	0	0	0	0	0	0	0	0	0	0	0	0	0	0	0	0	0	0
F7_S23_subsampled_depth_5G_contig_6004	35.381004	35.78545	31319	188.04836	9.423282	406.55292	34.789135	35.280888	31265	191.84518	9.253565	402.31204	35.729942	36.308502	31336	181.05371	9.59528	416.79	31.352627	31.662355	31328	142.16803	8.444851	376.11725	31.47624	31.905836	31326	161.80933	8.428106	378.19208	31.180113	31.597584	31219	150.87703	8.399654	372.6602	16.531553	15.44663	30368	147.9427	3.7460728	32.312435	14.76871	14.089283	29995	103.703606	3.256535	24.206646	16.117905	15.141763	29565	135.69836	3.559671	27.708443	0	0	0	0	0	0	0	0	0	0	0	0	0	0	0	0	0	0
F7_S23_subsampled_depth_5G_contig_6151	3.373498	3.2475584	11409	5.3629074	0.8917538	38.473324	3.6831195	3.5851626	11826	4.640101	0.9679829	42.084446	3.58045	3.3713825	11621	7.5805373	0.9506773	41.29455	3.3201065	3.1886032	11203	5.285086	0.88309634	39.33138	3.2384064	3.1253471	11086	5.2144923	0.8569797	38.455017	3.3868053	3.2625213	11284	5.6706624	0.9036648	40.092133	0	0	0	0	0	0	0	0	0	0	0	0	0	0	0	0	0	0	0	0	0	0	0	0	0	0	0	0	0	0	0	0	0	0	0	0
F7_S23_subsampled_depth_5G_contig_6508	5.0819654	4.907629	16489	10.427022	1.3545375	58.43939	5.7754045	5.54259	16930	11.903128	1.5409272	66.993996	5.1135626	4.937308	16676	8.880476	1.3775126	59.834995	4.199529	4.035432	16584	6.6675534	1.1435738	50.932575	4.3990583	4.246911	16597	6.6030126	1.179328	52.919643	4.51015	4.3670654	16665	7.0594916	1.2141827	53.868576	0	0	0	0	0	0	0	0	0	0	0	0	0	0	0	0	0	0	0	0	0	0	0	0	0	0	0	0	0	0	1.5614593	1.4349219	12976	2.0785313	9.655681	270.76324
F7_S23_subsampled_depth_5G_contig_6999	2.6282454	2.4564033	14968	4.506337	0.7006685	30.229263	2.8291442	2.6165977	14995	5.8576646	0.752022	32.69523	2.678751	2.5166569	14641	4.5057354	0.7206763	31.304014	3.0644035	2.8915172	15428	5.389335	0.82333595	36.669758	3.9633923	3.8337605	16257	6.559992	1.0530517	47.253273	3.5115619	3.3632302	15952	5.413235	0.9449045	41.921734	0	0	0	0	0	0	0	0	0	0	0	0	0	0	0	0	0	0	0	0	0	0	0	0	0	0	0	0	0	0	0	0	0	0	0	0
F7_S23_subsampled_depth_5G_contig_7828	4.7105036	4.5751634	13802	6.5370507	1.2555648	54.169376	4.67872	4.5830545	13737	6.3960185	1.2350216	53.694344	5.586813	5.503746	13927	7.689852	1.5041882	65.33738	4.7770844	4.6827674	13913	5.9396143	1.2851094	57.23626	5.7634525	5.721425	13970	7.0261264	1.5295823	68.6365	5.4995694	5.4305754	13971	5.75809	1.4690278	65.17507	2.700244	2.6194005	12578	3.235676	0.60782063	5.242868	2.4535801	2.3508687	12404	3.093238	0.53172046	3.9524102	2.2552016	2.1903396	12531	2.2493541	0.50856763	3.958687	0	0	0	0	0	0	0	0	0	0	0	0	0	0	0	0	0	0
F7_S23_subsampled_depth_5G_contig_8662	0	0	0	0	0	0	0	0	0	0	0	0	0	0	0	0	0	0	3.7612457	3.7413573	953	2.6692584	0.9978692	44.443165	4.125721	4.1805377	1017	2.086948	0.99011916	44.42935	2.6424453	2.62484	909	2.9528387	0.83628976	37.10293	0	0	0	0	0	0	2.235294	2.2663252	887	1.2471131	0.48458302	3.6020272	0	0	0	0	0	0	0	0	0	0	0	0	0	0	0	0	0	0	0	0	0	0	0	0
F7_S23_subsampled_depth_5G_contig_8831	2.6526682	2.532309	13922	3.7913148	0.70508844	30.41996	3.470982	3.271171	14686	6.2058496	0.92042327	40.016727	3.3794127	3.2644355	14770	4.906688	0.8981232	39.011753	2.8896747	2.8116186	14646	3.6117384	0.77453625	34.49634	3.1985476	3.0606189	15169	4.627748	0.8516722	38.21683	3.2800758	3.186978	14598	4.5425577	0.8791749	39.00558	0	0	0	0	0	0	0	0	0	0	0	0	1.7823808	1.5827545	0	3.1693878	0	0	0	0	0	0	0	0	0	0	0	0	0	0	0	0	0	0	0	0
F7_S23_subsampled_depth_5G_contig_2119|provirus_47329_92302	13.003926	12.905657	44974	16.24387	3.463026	149.40694	13.037413	12.936344	44974	16.475927	3.4791343	151.26038	12.60133	12.515666	44974	14.78419	3.3909016	147.29062	13.029783	12.978732	44974	15.722453	3.5210242	156.8195	12.160272	12.113281	44974	14.253319	3.25993	146.28188	13.279092	13.229884	44974	14.366519	3.5813975	158.89276	0	0	0	0	0	0	0	0	0	0	0	0	0	0	0	0	0	0	0	0	0	0	0	0	0	0	0	0	0	0	0	0	0	0	0	0
F7_S23_subsampled_depth_5G_contig_3572|provirus_24147_81289	4.4127173	4.0892487	54436	12.349315	1.1785216	50.84551	4.3494816	4.026708	54405	12.127649	1.1716223	50.93797	4.884056	4.592514	55455	12.463464	1.3227156	57.454796	5.078115	4.771011	55484	13.74074	1.3752983	61.25312	5.1139264	4.808929	55250	13.998024	1.3765996	61.77176	5.3248997	4.96678	55932	15.53788	1.4387703	63.83267	0	0	0	0	0	0	0	0	0	0	0	0	0	0	0	0	0	0	0	0	0	0	0	0	0	0	0	0	0	0	0	0	0	0	0	0
F8_S24_subsampled_depth_5G_contig_410	20.694664	20.3533	53239	44.30233	5.624059	242.64116	21.29217	21.003286	53239	48.243427	5.7906938	251.75864	24.176233	23.863083	53239	62.196014	6.6215153	287.61856	26.148035	25.693016	53239	69.74902	7.2091856	321.08304	25.587147	25.026558	53239	71.19526	7.0200415	315.00815	25.331255	24.904459	53239	63.582016	6.969776	309.22192	0	0	0	0	0	0	0	0	0	0	0	0	0	0	0	0	0	0	0	0	0	0	0	0	0	0	0	0	0	0	1.7183409	1.5896486	40195	2.4622016	10.712398	300.39548
F8_S24_subsampled_depth_5G_contig_532	26.458105	25.806889	23566	101.278175	7.333994	316.41364	28.118765	27.258066	23566	122.36784	7.799875	339.11072	29.683464	29.030224	23566	98.606705	8.271444	359.28674	32.65485	31.784447	23566	135.29831	9.179402	408.83267	33.683678	32.884987	23566	154.29413	9.386703	421.20685	33.462975	32.71517	23566	140.76959	9.39382	416.76736	0	0	0	0	0	0	0	0	0	0	0	0	2.2936454	2.1659708	18741	3.953145	0.50903606	3.9623282	4.513538	4.294933	22577	10.346347	34.448635	981.4736	3.3867013	3.2898083	22381	4.684665	21.871819	618.437	4.127605	3.932008	22759	8.380215	26.285137	737.08405
F8_S24_subsampled_depth_5G_contig_984	6.9146433	6.7400866	26890	13.796166	1.8550575	80.03356	6.769426	6.6367426	27126	12.122889	1.8057292	78.50661	7.153753	6.9946446	27202	11.640251	1.9310393	83.87853	8.137969	7.973837	27113	16.445	2.2027037	98.104164	7.8529434	7.7829695	26868	13.469337	2.1222243	95.22993	9.337785	9.188906	27247	19.291134	2.51182	111.4397	0	0	0	0	0	0	0	0	0	0	0	0	0	0	0	0	0	0	0	0	0	0	0	0	0	0	0	0	0	0	0	0	0	0	0	0
F8_S24_subsampled_depth_5G_contig_1156	3.7611914	3.5604627	52077	7.870151	1.0057259	43.39046	3.7468708	3.531119	52929	7.478012	1.0073682	43.79676	3.9200222	3.6876576	52615	9.040013	1.0543586	45.798176	3.9433422	3.706327	51721	9.0830555	1.0670086	47.522488	3.9606807	3.7615023	53353	7.6522512	1.0651773	47.797382	4.170991	3.970458	53329	8.7611265	1.1208216	49.72654	3.7428708	3.3003988	50366	13.971811	0.85132277	7.3432384	3.457422	3.0691824	50515	11.380723	0.75594014	5.6190934	3.6096816	3.3008552	50952	10.170583	0.7954045	6.1914215	0	0	0	0	0	0	0	0	0	0	0	0	0	0	0	0	0	0
F8_S24_subsampled_depth_5G_contig_1541	4.094361	3.9179857	16228	7.578014	1.081264	46.649475	3.520073	3.2860694	15760	7.8834496	0.9333552	40.57896	3.982576	3.720471	15570	9.417722	1.0618731	46.12455	3.3195198	3.2094834	15333	5.303565	0.89296776	39.771023	3.5513892	3.4573576	16191	4.8677306	0.94243765	42.28971	4.2196846	4.007979	16242	8.47543	1.129604	50.116165	0	0	0	0	0	0	0	0	0	0	0	0	0	0	0	0	0	0	0	0	0	0	0	0	0	0	0	0	0	0	0	0	0	0	0	0
F8_S24_subsampled_depth_5G_contig_1822	3.6177876	3.400903	35165	7.630887	0.9644553	41.609936	3.6571512	3.473749	35459	6.909126	0.97767216	42.505707	3.4895391	3.3186176	35618	6.087267	0.9437224	40.992466	3.9417198	3.7185824	35812	8.092508	1.0603569	47.2262	3.9719548	3.7819893	36617	7.468186	1.0648232	47.78152	4.2831173	4.0393105	36707	9.229351	1.1569086	51.32754	0	0	0	0	0	0	0	0	0	0	0	0	0	0	0	0	0	0	0	0	0	0	0	0	0	0	0	0	0	0	0	0	0	0	0	0
F8_S24_subsampled_depth_5G_contig_2057	3.8985033	3.8162584	14520	4.5931726	1.0321971	44.532516	4.5655484	4.429844	14537	6.489087	1.2093782	52.579426	4.0189095	3.9678545	14404	4.5225286	1.0674714	46.36774	3.92062	3.8228657	14434	4.834727	1.0473269	46.645916	3.7955365	3.7411284	14695	3.6709886	1.0072176	45.19659	4.0102234	3.9411285	14845	4.5539217	1.0690413	47.42922	0	0	0	0	0	0	0	0	0	0	0	0	0	0	0	0	0	0	12.320259	12.2274685	14980	20.41029	80.312874	2288.1877	17.549646	17.35412	14975	34.723186	108.69632	3073.4458	14.034278	13.825835	14966	28.140678	84.90615	2380.9255
F8_S24_subsampled_depth_5G_contig_2152	396.84134	392.71985	45617	8717.487	105.54938	4553.765	402.55823	398.17267	45614	8241.444	107.09638	4656.1694	385.44452	380.1054	45626	9033.269	103.412186	4491.913	405.6063	401.15756	45663	9400.102	109.255165	4866.012	394.69348	390.51288	45616	8555.082	105.55906	4736.72	413.1356	407.8964	45744	9694.457	111.02704	4925.84	15.779796	15.444804	45599	53.79065	3.5493054	30.615189	14.696495	14.199508	45568	62.193054	3.2162352	23.907091	24.086634	23.583708	45591	117.22484	5.2713995	41.032516	3.1300828	2.980456	40791	5.2269316	22.315672	635.7941	2.412006	2.3006628	39955	3.057212	15.111782	427.2935	4.2892923	4.1830344	44504	5.367803	25.969168	728.22375
F8_S24_subsampled_depth_5G_contig_2309	4.350613	4.264766	25550	5.8911405	1.1541615	49.7945	4.2109413	4.100105	25656	6.095292	1.1189958	48.649918	4.2288623	4.1548104	25210	6.226823	1.1348622	49.294975	4.02392	3.9221547	24957	6.8017974	1.084316	48.293327	4.4564424	4.359757	25380	6.8162518	1.1922485	53.499397	4.435918	4.2676587	26222	7.1619153	1.1942693	52.985092	0	0	0	0	0	0	0	0	0	0	0	0	0	0	0	0	0	0	0	0	0	0	0	0	0	0	0	0	0	0	0	0	0	0	0	0
F8_S24_subsampled_depth_5G_contig_4032	4.0786247	4.001382	11195	4.278225	1.0795802	46.57684	4.324005	4.147355	10695	9.197809	1.1598846	50.42765	3.9989338	3.9150217	10920	5.347844	1.0743096	46.66478	3.577914	3.4575603	11014	4.6867766	0.96803284	43.1143	4.267324	4.1409397	10979	6.868647	1.1476736	51.49925	4.4325695	4.28484	11295	6.2835016	1.1895149	52.774143	1.8688699	1.7445717	8663	2.7360687	0.42857385	3.6967423	0	0	0	0	0	0	1.9196873	1.8069483	9269	2.6202931	0.42645174	3.3194952	0	0	0	0	0	0	0	0	0	0	0	0	0	0	0	0	0	0
F8_S24_subsampled_depth_5G_contig_4293	9.359664	8.508827	39460	65.21262	2.5194132	108.69617	9.070376	8.07275	39415	76.305565	2.4465318	106.366425	9.41453	8.285274	39578	86.538666	2.5737948	111.7979	18.01488	16.969715	39714	136.93646	4.9013953	218.29865	18.352388	17.156221	39714	153.51045	4.9504995	222.1423	18.167227	17.073957	39737	157.4545	4.929915	218.72125	0	0	0	0	0	0	0	0	0	0	0	0	0	0	0	0	0	0	0	0	0	0	0	0	0	0	0	0	0	0	0	0	0	0	0	0
F8_S24_subsampled_depth_5G_contig_4503	4.0784187	3.9320197	13583	6.3123198	1.1193417	48.292267	3.981339	3.8962488	13790	4.4065185	1.096184	47.658188	3.9459403	3.884457	13909	3.852409	1.0829824	47.0415	3.597436	3.5088634	13211	4.979322	0.9955232	44.338684	3.2827635	3.2251503	13249	3.8946807	0.9054755	40.631165	3.6002848	3.49723	13608	4.3277154	0.97326344	43.179935	0	0	0	0	0	0	0	0	0	0	0	0	0	0	0	0	0	0	0	0	0	0	0	0	0	0	0	0	0	0	0	0	0	0	0	0
F8_S24_subsampled_depth_5G_contig_4802	3.6638298	3.6346352	10230	4.147133	0.9771261	42.15659	3.9957447	3.8304214	10121	7.970933	1.0717444	46.59563	3.6831636	3.5529292	9764	6.589309	0.99626166	43.274586	3.3404255	3.1780062	10062	5.3808146	0.8963123	39.919987	3.60185	3.487667	10011	6.0359306	0.9702011	43.535538	3.933765	3.8273382	10547	5.640168	1.0494608	46.560493	0	0	0	0	0	0	0	0	0	0	0	0	0	0	0	0	0	0	5.1706753	4.961665	10387	12.737727	35.933685	1023.78406	5.149584	5.017986	10725	8.254891	32.597305	921.70575	5.571138	5.3362794	10537	14.751205	34.35886	963.4866
F8_S24_subsampled_depth_5G_contig_5319	39.070503	38.409508	12019	113.57733	10.569595	456.00882	37.74975	37.255474	12019	83.763245	10.130835	440.45255	37.54237	36.97913	12019	82.7294	10.222902	444.05206	34.76718	34.34026	12019	86.72315	9.488207	422.5863	36.978943	36.651318	12019	82.82697	9.984077	448.01266	36.70182	36.026016	12022	85.962975	9.971797	442.4101	0	0	0	0	0	0	0	0	0	0	0	0	0	0	0	0	0	0	0	0	0	0	0	0	0	0	0	0	0	0	0	0	0	0	0	0
F8_S24_subsampled_depth_5G_contig_5485	12.456258	11.780765	9851	74.92334	3.4324918	148.08951	12.904516	12.103825	9728	80.73671	3.538749	153.8522	12.556095	11.626997	10026	77.25711	3.4890616	151.55437	12.544451	12.0265465	10026	41.633163	3.469826	154.53923	11.950385	11.505625	9888	52.136074	3.282183	147.2805	13.296375	12.575478	10026	74.29261	3.671932	162.90933	2.0139732	1.8785152	7787	2.9006653	0.45730105	3.9445326	0	0	0	0	0	0	1.9242609	1.7200224	0	3.8443897	0	0	0	0	0	0	0	0	0	0	0	0	0	0	0	0	0	0	0	0
F8_S24_subsampled_depth_5G_contig_5734	6.394771	6.3407316	11269	8.651907	1.7264078	74.483185	6.2471986	6.1010327	11584	11.262552	1.6705527	72.62967	7.6764526	7.691402	11357	12.306441	2.0596642	89.465614	6.0642753	6.077777	10868	9.055282	1.6706501	74.4075	5.864414	5.822638	11319	9.172459	1.5678842	70.355225	6.528446	6.349223	11663	8.785349	1.7501638	77.64802	2.346478	2.2094953	10139	3.453344	0.5492048	4.7372684	2.8070009	2.6697867	10830	3.6736584	0.6225581	4.627631	2.8092592	2.693139	10921	3.4193132	0.6340358	4.935328	0	0	0	0	0	0	0	0	0	0	0	0	0	0	0	0	0	0
F8_S24_subsampled_depth_5G_contig_6111	4.7998843	4.56182	68557	11.051097	1.2861091	55.48719	4.783055	4.525003	67688	11.802598	1.2798175	55.641922	5.1575546	4.900727	68703	13.447593	1.3919556	60.46236	5.786008	5.560831	69368	13.9055395	1.5706378	69.95313	5.7965636	5.533575	69511	14.989575	1.5663905	70.28822	6.251932	6.008023	69280	16.50522	1.6898214	74.97085	0	0	0	0	0	0	0	0	0	0	0	0	0	0	0	0	0	0	0	0	0	0	0	0	0	0	0	0	0	0	0	0	0	0	0	0
F8_S24_subsampled_depth_5G_contig_6312	12.906964	12.451484	11565	76.31778	3.5653107	153.81978	13.142445	12.707834	11565	86.82552	3.636336	158.09483	14.775121	14.102093	11565	129.32098	4.157731	180.59938	15.093737	14.575669	11565	113.40807	4.2471175	189.15845	15.533421	14.9380045	11564	120.9894	4.36389	195.81961	15.914323	15.32545	11565	118.7081	4.4299955	196.54178	0	0	0	0	0	0	0	0	0	0	0	0	0	0	0	0	0	0	0	0	0	0	0	0	0	0	0	0	0	0	0	0	0	0	0	0
F8_S24_subsampled_depth_5G_contig_6788	4.487562	4.2285995	20801	10.595808	1.2038295	51.93733	4.545404	4.3486595	20174	9.960681	1.2161894	52.875603	4.529967	4.2650204	20260	10.575255	1.2193688	52.96574	6.1720834	5.9187374	20965	18.047623	1.6606954	73.96412	6.097224	5.7927365	21253	16.339891	1.6384984	73.52387	6.9261637	6.7508397	21293	14.3484955	1.8625994	82.63634	0	0	0	0	0	0	0	0	0	0	0	0	0	0	0	0	0	0	0	0	0	0	0	0	0	0	0	0	0	0	0	0	0	0	0	0
F8_S24_subsampled_depth_5G_contig_7192	9.522324	9.372254	33809	15.884184	2.551016	110.05959	9.692602	9.528696	33773	19.687212	2.590033	112.60534	9.104554	8.970447	33809	15.11016	2.45853	106.79108	8.669002	8.4270735	33738	17.66019	2.353827	104.83487	8.887372	8.669734	33809	16.60118	2.3974462	107.57991	8.70801	8.53615	33738	17.80478	2.3496313	104.24407	4.4316034	4.0858564	30082	13.661745	1.0033246	8.654356	3.7024283	3.449139	29560	9.83272	0.8136973	6.0484185	5.104227	4.7716866	31161	15.633043	1.121875	8.732661	0	0	0	0	0	0	0	0	0	0	0	0	0	0	0	0	0	0
F8_S24_subsampled_depth_5G_contig_7588	1.9787169	1.8989452	10996	2.165078	0.52216744	22.528112	2.0212831	1.9105989	11112	2.2292383	0.5340456	23.218376	2.5254939	2.4433482	11658	2.983004	0.67034096	29.117592	1.9836166	1.8981797	11100	2.2375386	0.53153527	23.67354	1.7869393	1.7314563	10982	1.6096816	0.47253233	21.20381	2.0898025	2.0102925	11572	2.1491203	0.56097174	24.888142	0	0	0	0	0	0	0	0	0	0	0	0	0	0	0	0	0	0	0	0	0	0	0	0	0	0	0	0	0	0	0	0	0	0	0	0
F8_S24_subsampled_depth_5G_contig_7925	18.770954	17.891785	6617	154.6999	5.3338985	230.12273	35.533245	34.023235	6644	428.67722	9.936044	431.98367	45.343643	43.94025	6659	657.7818	12.90703	560.6424	4.8589573	4.6321993	6280	11.517761	1.3643816	60.766884	6.8290753	6.526971	6577	19.015612	1.9659312	88.21669	7.702226	7.165975	6543	31.102142	2.201683	97.68014	59048.883	59436.2	6833	587493700	13160.587	113519.05	57966.453	58327.92	6833	566468000	12585.843	93553.734	43261.652	43553.313	6833	314556350	9390.412	73094.85	0	0	0	0	0	0	0	0	0	0	0	0	0	0	0	0	0	0
F8_S24_subsampled_depth_5G_contig_9151	6.0284133	6.0068655	13950	8.190426	1.5955944	68.83945	5.76616	5.644413	13796	11.097977	1.5412662	67.00875	6.235829	6.1502523	13878	10.613701	1.6656125	72.349205	5.5468106	5.3963857	14110	8.998129	1.5035619	66.9657	4.5269213	4.465751	13302	7.1776147	1.2201179	54.750027	5.9607186	5.877999	13688	9.43605	1.5940526	70.72192	3.4185255	3.2735164	13233	5.618104	0.7700706	6.6423883	2.8240516	2.7691762	12736	3.154023	0.6280915	4.6687636	3.203793	3.115767	13831	3.3538618	0.697597	5.430088	0	0	0	0	0	0	0	0	0	0	0	0	0	0	0	0	0	0
F8_S24_subsampled_depth_5G_contig_9253	4.92938	4.747478	14032	9.82519	1.3475279	58.13699	5.7182875	5.595142	13536	11.505894	1.5380793	66.870224	5.405001	5.2690516	13918	9.381613	1.4620878	63.50872	4.2309303	4.1316934	13696	6.7680426	1.1448965	50.991478	4.6535344	4.480599	13854	8.753303	1.2612994	56.597927	5.0804696	5.048192	14225	5.606656	1.3606495	60.36672	3.5747416	3.3437839	11568	9.938318	0.8156627	7.035646	3.5934618	3.3631072	12553	9.257418	0.7903667	5.874994	3.5832634	3.3873196	11711	9.728518	0.79062825	6.1542406	0	0	0	0	0	0	0	0	0	0	0	0	4.3572226	1.6301413	11473	2047.4183	61.746456	1731.4854
F8_S24_subsampled_depth_5G_contig_9578	6.1275964	6.031812	12832	11.127131	1.6230428	70.02368	5.3507943	5.132338	12956	10.023401	1.4103774	61.318176	6.4822083	6.289108	12958	14.114079	1.7188733	74.66269	5.338195	5.2805395	12893	8.695924	1.4280905	63.604362	6.9037876	6.8538346	13018	11.029152	1.8366255	82.41432	6.346747	6.1629624	13090	11.95849	1.6908256	75.0154	0	0	0	0	0	0	0	0	0	0	0	0	1.5755956	1.4645402	10183	1.8704208	0.33992052	2.6459367	4.0555897	3.9357822	12215	7.2656384	26.646812	759.1925	3.534209	3.4770954	12602	4.0254045	21.914465	619.6431	4.448839	4.3376317	12448	7.705515	27.124475	760.62085
F8_S24_subsampled_depth_5G_contig_9647	12.065265	11.633768	53063	27.003902	3.207389	138.3778	13.166469	12.87823	53063	27.018461	3.5056787	152.41432	12.508607	12.220361	53056	23.32974	3.3550212	145.73201	12.990552	12.4692745	53006	38.348797	3.499991	155.88281	12.597226	12.237073	53063	27.745739	3.3741488	151.40717	13.305802	12.865424	53005	31.713823	3.575151	158.61554	3.0070102	2.4517436	42134	13.907569	0.6739579	5.813347	2.6813107	2.3243897	40515	8.902176	0.5880955	4.371462	3.3209758	2.7959523	42924	14.537934	0.72638345	5.654163	10.162368	10.045369	53039	14.149154	66.99536	1908.759	11.484269	11.400558	53073	13.637882	71.5233	2022.3588	10.585756	10.451533	53073	12.5554495	64.37259	1805.127
F8_S24_subsampled_depth_5G_contig_9776	7.0993066	6.800376	11945	14.320738	2.0537317	88.60505	7.5373034	7.236184	11955	15.535321	2.1699138	94.340096	7.798173	7.4135337	11962	19.13632	2.3003855	99.921814	9.327102	8.889755	11946	22.684893	2.7295039	121.56675	8.979445	8.434304	11971	25.999487	2.6645684	119.56635	8.708171	8.403948	11964	16.706978	2.5608704	113.61587	0	0	0	0	0	0	0	0	0	0	0	0	0	0	0	0	0	0	0	0	0	0	0	0	0	0	0	0	0	0	0	0	0	0	0	0
F8_S24_subsampled_depth_5G_contig_224|provirus_43_12086	3.396166	3.3201008	11622	3.721455	0.9058328	39.080753	3.2703044	3.210723	11364	3.407548	0.8687683	37.770943	3.024466	3.0080328	11214	2.7703593	0.8058621	35.00421	3.7331429	3.602933	11463	5.5256863	0.9976438	44.43312	3.5800405	3.432094	11632	4.7489543	0.94976467	42.618507	2.876072	2.7781618	10887	4.057288	0.77005756	34.16446	0	0	0	0	0	0	0	0	0	0	0	0	0	0	0	0	0	0	0	0	0	0	0	0	0	0	0	0	0	0	0	0	0	0	0	0
GP3_S28_subsampled_depth_5G_contig_9	0	0	0	0	0	0	0	0	0	0	0	0	0	0	0	0	0	0	0	0	0	0	0	0	0	0	0	0	0	0	0	0	0	0	0	0	76.05661	75.63055	5379	156.90685	17.580141	151.64067	50.95659	50.728065	5379	111.225136	11.458537	85.174164	50.06961	50.18568	5379	84.215904	11.199599	87.17755	0	0	0	0	0	0	0	0	0	0	0	0	0	0	0	0	0	0
GP3_S28_subsampled_depth_5G_contig_17	207.53844	25.04885	3547	695213.06	90.72988	3914.4	227.50014	35.47652	3668	772805.8	97.76463	4250.4575	242.2278	42.8566	3653	833780	104.36488	4533.296	265.56143	30.563505	3013	1151591.5	115.3513	5137.522	0	0	0	0	0	0	270.16425	31.821936	3180	1186713.6	116.77316	5180.772	83117.85	84055.21	3675	880114700	18567.262	160155.33	107312.8	108476.58	3675	1676601600	23057.127	171389.45	110976.82	112265.21	3675	1832509700	23795.41	185223.23	0	0	0	0	0	0	0	0	0	0	0	0	0	0	0	0	0	0
GP3_S28_subsampled_depth_5G_contig_76	81.56732	81.09103	12769	233.46457	21.966282	947.7009	80.33473	79.92711	12768	216.21652	21.628853	940.34515	79.68611	78.52637	12768	286.89365	21.707382	942.9031	76.08297	75.40426	12765	229.59962	20.810076	926.8402	77.03162	76.57012	12766	278.7665	20.881876	937.02625	72.655754	72.05846	12769	220.68474	19.728403	875.2731	47.943024	48.09684	12759	202.15027	11.009565	94.96501	41.554718	41.774277	12737	127.847046	9.267972	68.891136	54.128456	54.49617	12768	254.63876	12.079117	94.02375	0	0	0	0	0	0	0	0	0	0	0	0	0	0	0	0	0	0
GP3_S28_subsampled_depth_5G_contig_134	0	0	0	0	0	0	5.416637	5.302792	2788	11.010841	1.4957885	65.031525	11.57062	11.2143135	2819	58.690567	3.3032353	143.48262	0	0	0	0	0	0	0	0	0	0	0	0	0	0	0	0	0	0	36816.92	37688.332	2975	226513300	7988.8774	68909.51	47620.195	48746.73	2975	389017440	10066.446	74826.43	50112.04	51240.043	2975	432654180	10590.731	82438.14	0	0	0	0	0	0	0	0	0	0	0	0	0	0	0	0	0	0
GP3_S28_subsampled_depth_5G_contig_304	2.1614213	2.0447648	9938	2.7256052	0.5751483	24.81389	2.1640153	2.0839577	9840	2.4693358	0.57486266	24.992964	2.248487	2.164073	9233	3.076165	0.60751015	26.388418	2.462995	2.3392892	10122	3.4234037	0.6617723	29.474028	2.2090611	2.1470702	10057	2.2253776	0.5844374	26.225294	2.868667	2.8082614	10869	3.0431042	0.76741815	34.047367	2.5217016	2.3901057	10462	3.8872507	0.57261765	4.9392176	2.2213385	2.106244	9527	3.0353112	0.482333	3.5853026	2.7879128	2.6837656	10055	3.994012	0.6059209	4.7164826	1.7392356	1.4863592	8861	3.854175	11.733533	334.29916	0	0	0	0	0	0	0	0	0	0	0	0
GP3_S28_subsampled_depth_5G_contig_339	4408.5786	4106.9395	21948	6341568	1175.1052	50698.086	4399.259	4103.611	21948	6337999	1172.2749	50966.324	4377.7354	4088.031	21948	6122496.5	1176.9044	51121.188	3873.048	3626.4678	21948	4504658.5	1045.2854	46554.973	4118.871	3854.6475	21948	5047027	1103.4823	49516.242	4005.3074	3746.6895	21948	4832465.5	1078.4529	47846.777	1832.3358	1769.106	21948	700927.1	413.1625	3563.8079	1616.0587	1562.619	21948	537135.1	354.9996	2638.8018	1811.8422	1750.6338	21948	680870.44	398.1502	3099.1968	5.183274	4.846942	21473	14.7348175	34.237335	975.453	5.779796	5.3607035	21451	20.067947	35.946938	1016.4187	6.214699	5.9391947	21737	14.732633	37.58905	1054.0665
GP3_S28_subsampled_depth_5G_contig_494	95.711075	88.518234	22057	2358.8745	25.859777	1115.6799	95.76868	89.04159	22053	2252.0325	25.87783	1125.0756	99.26336	93.176735	22057	2068.8428	27.033894	1174.2714	100.702995	93.51874	22059	2469.846	27.570112	1227.919	101.375465	94.93544	22058	2090.0872	27.53675	1235.6486	105.18038	97.84127	22050	2474.7505	28.713202	1273.8939	18.832808	17.447233	21984	242.02269	4.2303014	36.48923	16.1451	14.947918	21863	192.1475	3.5224366	26.18316	19.209732	18.214462	21882	206.85901	4.1895857	32.61168	6.0484276	5.893859	21986	8.696256	44.634068	1271.6652	5.3316903	5.2502155	21872	6.739664	33.40415	944.51953	6.5215664	6.4966784	21907	7.7953744	39.70905	1113.5159
GP3_S28_subsampled_depth_5G_contig_686	0	0	0	0	0	0	0	0	0	0	0	0	0	0	0	0	0	0	0	0	0	0	0	0	0	0	0	0	0	0	0	0	0	0	0	0	2489.956	2477.7988	4392	3991441.5	572.1917	4935.5425	1793.6865	1781.5459	4337	2114931.5	400.9653	2980.477	1978.4004	1967.0521	4369	2536114	441.7816	3438.823	0	0	0	0	0	0	0	0	0	0	0	0	0	0	0	0	0	0
GP3_S28_subsampled_depth_5G_contig_708	0	0	0	0	0	0	0	0	0	0	0	0	0	0	0	0	0	0	0	0	0	0	0	0	0	0	0	0	0	0	0	0	0	0	0	0	520.09705	519.4621	4838	5540.1304	120.49538	1039.3551	449.561	449.83743	4838	5466.555	101.58616	755.11566	347.176	345.70404	4838	2946.1072	78.32583	609.6875	0	0	0	0	0	0	0	0	0	0	0	0	0	0	0	0	0	0
GP3_S28_subsampled_depth_5G_contig_754	35.736496	20.043493	33710	7935.8496	10.319781	445.23093	34.740967	19.050478	33693	7886.974	10.091122	438.72595	37.559418	19.719639	33671	10079.1	10.984288	477.12445	38.683678	19.441462	33674	11715.614	11.491628	511.81467	38.22099	19.626791	33705	10869.723	11.2626095	505.38382	38.901302	19.450035	33677	11956.1045	11.464099	508.61783	25.097298	22.17454	33710	452.38522	5.7352357	49.470314	20.421545	17.960114	33687	319.49234	4.5544686	33.854523	24.655882	21.538446	33707	489.54907	5.48686	42.70965	0	0	0	0	0	0	0	0	0	0	0	0	0	0	0	0	0	0
GP3_S28_subsampled_depth_5G_contig_884	4.520126	4.385395	6330	6.827399	1.2630565	54.49259	9.4739	9.341894	6456	18.582117	2.6972878	117.26849	8.544654	8.143431	6484	25.49793	2.4227233	105.23575	0	0	0	0	0	0	0	0	0	0	0	0	0	0	0	0	0	0	24704.6	24837.465	6510	7219719.5	5485.6045	47317.086	29338.758	29505.479	6510	10189957	6346.5244	47175.313	14201.96	14287.581	6510	2424775.3	3071.4846	23908.402	0	0	0	0	0	0	0	0	0	0	0	0	0	0	0	0	0	0
GP3_S28_subsampled_depth_5G_contig_937	2.678198	2.5349517	12796	4.680089	0.72298765	31.192175	2.9397128	2.8277516	13701	3.8902147	0.7975678	34.67541	2.5690875	2.4899228	13784	2.6911566	0.69115806	30.021833	2.6357138	2.5126245	12966	3.8912952	0.712734	31.743776	2.47515	2.3778377	13151	3.2063727	0.66686404	29.924019	2.320116	2.1977224	12723	3.236944	0.6272831	27.83013	11.222469	10.924402	14979	31.96419	2.5207293	21.743006	9.170139	9.009141	14979	22.153072	2.0025613	14.885545	12.147144	11.885367	14953	38.428448	2.6570692	20.682602	1.9494909	1.8075972	12347	2.8641198	13.642259	388.68057	2.5659857	2.4707425	13493	2.8171487	16.211332	458.3838	2.3035944	2.209635	12416	3.0088494	14.209606	398.46368
GP3_S28_subsampled_depth_5G_contig_1008	62.73429	60.69185	46461	740.30945	16.725767	721.60706	60.79885	58.76212	46357	725.8399	16.192345	703.98553	65.45618	63.128506	46494	825.4299	17.60491	764.70416	81.368675	79.37574	46494	1032.9427	21.968624	978.43945	75.90674	74.07379	46494	901.26337	20.354734	913.372	80.65631	78.94706	46328	941.982	21.719683	963.61847	17.598288	17.15289	46494	108.40841	3.9582863	34.14293	15.528807	15.148549	46321	80.61619	3.4137993	25.37563	17.389608	16.969767	46385	105.12183	3.8192635	29.729113	0	0	0	0	0	0	0	0	0	0	0	0	0	0	0	0	0	0
GP3_S28_subsampled_depth_5G_contig_1089	69.47649	70.06478	16637	312.98868	18.597431	802.35736	70.399635	70.989494	16650	277.4316	18.848238	819.45416	69.05891	69.47582	16646	308.34402	18.656223	810.37	77.557396	78.24619	16644	338.48596	21.006128	935.5721	76.404305	77.260605	16627	303.68	20.591396	923.99176	76.70079	77.066666	16650	356.61264	20.814487	923.45844	4.4940605	4.371448	16338	5.998934	1.016437	8.7674675	3.5254545	3.4246464	14950	5.653816	0.77746326	5.779081	5.317091	5.2321887	16469	7.212013	1.1744763	9.142112	5.4463634	5.32835	16428	7.8797216	39.720272	1131.6671	4.2505455	4.1492257	15842	6.42295	26.318897	744.1804	5.7032123	5.598384	16415	8.390425	34.417183	965.12164
GP3_S28_subsampled_depth_5G_contig_1207	0	0	0	0	0	0	0	0	0	0	0	0	0	0	0	0	0	0	0	0	0	0	0	0	0	0	0	0	0	0	0	0	0	0	0	0	4.412302	4.3917456	1792	2.7933414	0.9406391	8.113656	0	0	0	0	0	0	0	0	0	0	0	0	0	0	0	0	0	0	0	0	0	0	0	0	0	0	0	0	0	0
GP3_S28_subsampled_depth_5G_contig_1266	0	0	0	0	0	0	0	0	0	0	0	0	0	0	0	0	0	0	0	0	0	0	0	0	0	0	0	0	0	0	0	0	0	0	0	0	6.016973	6.003667	2196	4.736505	1.2766514	11.011991	2.2767563	2.2231536	1865	2.4304457	0.49188054	3.6562743	3.1263554	3.116815	2041	2.7953475	0.6512338	5.0691957	0	0	0	0	0	0	0	0	0	0	0	0	0	0	0	0	0	0
GP3_S28_subsampled_depth_5G_contig_1268	0	0	0	0	0	0	0	0	0	0	0	0	0	0	0	0	0	0	0	0	0	0	0	0	0	0	0	0	0	0	0	0	0	0	0	0	4.8336515	4.8021812	3817	2.9024897	1.0598639	9.142051	2.8352878	2.7267494	3648	2.9384925	0.61113065	4.542689	2.6812108	2.6358678	3394	2.6192951	0.57689154	4.4905143	0	0	0	0	0	0	0	0	0	0	0	0	0	0	0	0	0	0
GP3_S28_subsampled_depth_5G_contig_1379	0	0	0	0	0	0	0	0	0	0	0	0	0	0	0	0	0	0	0	0	0	0	0	0	0	0	0	0	0	0	0	0	0	0	0	0	1656.0762	1650.8408	5392	44002.887	367.6301	3171.0603	1829.4391	1823.764	5392	60862.62	395.4632	2939.5767	2342.984	2333.7366	5392	99172.52	506.35083	3941.429	0	0	0	0	0	0	0	0	0	0	0	0	0	0	0	0	0	0
GP3_S28_subsampled_depth_5G_contig_1388	0	0	0	0	0	0	0	0	0	0	0	0	0	0	0	0	0	0	0	0	0	0	0	0	0	0	0	0	0	0	0	0	0	0	0	0	424.16833	420.24854	6453	8275.641	94.43994	814.6088	395.32065	393.5283	6453	5765.172	85.80516	637.8115	382.36603	378.93707	6453	6003.693	83.11386	646.95734	0	0	0	0	0	0	0	0	0	0	0	0	0	0	0	0	0	0
GP3_S28_subsampled_depth_5G_contig_1391	0	0	0	0	0	0	0	0	0	0	0	0	0	0	0	0	0	0	0	0	0	0	0	0	0	0	0	0	0	0	0	0	0	0	0	0	25.887789	25.6982	5389	32.058857	5.7072105	49.228596	46.42637	46.244022	5399	76.528534	10.016462	74.45484	29.141932	28.967196	5399	44.045208	6.2517076	48.66323	0	0	0	0	0	0	0	0	0	0	0	0	0	0	0	0	0	0
GP3_S28_subsampled_depth_5G_contig_1269|provirus_221_53013	18.925232	18.8409	52767	22.543596	5.05465	218.07495	18.107327	17.998924	52792	20.682535	4.8486266	210.80104	18.146837	18.013803	52789	22.23316	4.8933783	212.55368	18.501017	18.461174	52793	19.438206	5.0002527	222.70145	18.094238	18.056122	52760	21.268038	4.868339	218.45546	18.031971	17.96034	52792	21.5458	4.86682	215.92192	17.500845	16.868254	52793	70.921074	3.9604673	34.161724	12.51458	12.065915	52762	40.129395	2.7656395	20.557692	15.222556	14.744106	52764	46.36632	3.3598325	26.15289	0	0	0	0	0	0	0	0	0	0	0	0	0	0	0	0	0	0
GP4_S29_subsampled_depth_5G_contig_6	3.0798066	3.0013423	1622	4.648195	0.82265	35.491962	6.8954053	6.628188	1787	10.42765	1.800042	78.25941	11.192865	10.62349	1745	57.324543	3.0039206	130.48131	0	0	0	0	0	0	1.2877872	1.2664429	0	0.784642	0	0	0	0	0	0	0	0	46527.715	47282.906	1804	250391300	9783.279	84387.48	61485.625	62357.273	1804	462632600	12601.628	93671.09	63627.773	64646.95	1804	479382240	13040.666	101508.38	0	0	0	0	0	0	0	0	0	0	0	0	0	0	0	0	0	0
GP4_S29_subsampled_depth_5G_contig_44	0	0	0	0	0	0	0	0	0	0	0	0	0	0	0	0	0	0	0	0	0	0	0	0	0	0	0	0	0	0	0	0	0	0	0	0	4.705263	4.58577	1258	6.2853107	1.0714827	9.242275	4.9754386	4.98538	1161	4.865068	0.9932824	7.383321	1.8263158	1.7563353	1037	2.0137055	0.40763533	3.1730292	0	0	0	0	0	0	0	0	0	0	0	0	0	0	0	0	0	0
GP4_S29_subsampled_depth_5G_contig_66	3295.0344	3235.126	14609	617254	886.5712	38249.73	3153.8452	3095.0989	14609	559678	847.86597	36862.184	3084.595	3032.0144	14609	539195.7	836.2526	36324.293	2809.7266	2757.7283	14609	450262.25	764.9822	34070.813	2641.344	2592.0964	14609	393623.97	714.1282	32044.873	2747.8188	2696.324	14609	426235	746.5571	33121.844	3365.6362	3360.3977	14609	1591440.8	765.3816	6601.9385	2534.6216	2526.4836	14609	893160.3	561.65643	4174.9336	3444.5876	3433.9844	14609	1548345.3	762.6714	5936.6245	67.98499	66.295586	14609	342.84167	455.11136	12966.539	83.15928	80.776184	14609	493.74298	525.0869	14847.1045	75.366486	74.002686	14609	357.29092	462.30118	12963.782
GP4_S29_subsampled_depth_5G_contig_131	18.6114	17.356094	6623	194.91597	5.235111	225.86078	34.36171	32.708775	6635	440.78967	9.754509	424.0912	44.717426	42.530556	6650	821.5557	12.706855	551.9476	5.0252	4.633834	6189	15.841075	1.4083894	62.726933	8.260141	7.8262205	6563	34.869003	2.2927876	102.88359	7.9279346	7.5276546	6187	35.572647	2.2324445	99.0449	54422.027	54355.387	6658	501280740	12085.999	104250	53712.223	53603.742	6658	475514140	11619.456	86370.336	39633.016	39593.652	6658	263361940	8574.021	66740.1	0	0	0	0	0	0	0	0	0	0	0	0	0	0	0	0	0	0
GP4_S29_subsampled_depth_5G_contig_153	0	0	0	0	0	0	3.1890686	2.904644	1623	8.637782	1.0316477	44.85235	5.6257668	5.4043345	1604	17.979849	1.8732249	81.36721	0	0	0	0	0	0	1.4612381	1.2910217	1489	2.1214042	0.5182456	23.255072	0	0	0	0	0	0	16224.433	16481.855	1942	72305280	3428.0566	29569.332	22591.879	22969.8	1942	136088400	4650.762	34570.28	22461.19	22844.879	1943	134703250	4621.6	35974.48	0	0	0	0	0	0	0	0	0	0	0	0	0	0	0	0	0	0
GP4_S29_subsampled_depth_5G_contig_165	12.37281	12.282079	16346	19.883045	3.2856894	141.75597	12.437232	12.39536	16369	25.318758	3.2986531	143.41368	12.156889	12.12682	16361	17.939264	3.2416477	140.80743	11.97673	11.89951	16319	23.654066	3.204606	142.72682	12.023944	11.971425	16408	19.532719	3.1992695	143.55983	10.770973	10.707919	16390	19.34138	2.8900714	128.2213	4.0703	3.8729758	15366	8.493311	0.9103194	7.852124	3.8379056	3.723772	15617	6.1756344	0.84329796	6.268444	5.1017146	4.818002	15824	12.392679	1.1088151	8.631005	0	0	0	0	0	0	0	0	0	0	0	0	0	0	0	0	0	0
GP4_S29_subsampled_depth_5G_contig_251	0	0	0	0	0	0	0	0	0	0	0	0	0	0	0	0	0	0	0	0	0	0	0	0	0	0	0	0	0	0	0	0	0	0	0	0	2456.853	2423.7454	3082	173435.06	555.95	4795.449	1767.5924	1743.6012	3082	109867.586	389.51294	2895.3472	1963.6447	1938.8334	3082	107815.66	432.32874	3365.2422	0	0	0	0	0	0	0	0	0	0	0	0	0	0	0	0	0	0
GP4_S29_subsampled_depth_5G_contig_253	0	0	0	0	0	0	0	0	0	0	0	0	0	0	0	0	0	0	0	0	0	0	0	0	0	0	0	0	0	0	0	0	0	0	0	0	4.001857	3.8757732	2304	5.5299544	0.90719414	7.8251677	4.989322	4.9572163	2291	3.4885063	1.0694898	7.9497914	5.7195916	5.7438145	2180	7.1911902	1.1982249	9.326968	0	0	0	0	0	0	0	0	0	0	0	0	0	0	0	0	0	0
GP4_S29_subsampled_depth_5G_contig_299	0	0	0	0	0	0	0	0	0	0	0	0	0	0	0	0	0	0	0	0	0	0	0	0	0	0	0	0	0	0	0	0	0	0	0	0	773.9803	781.33435	3047	117514.195	173.50642	1496.6113	569.1664	573.6898	3089	61013.37	123.79286	920.1837	629.2089	633.04004	3058	79359.086	136.96304	1066.1188	0	0	0	0	0	0	0	0	0	0	0	0	0	0	0	0	0	0
GP4_S29_subsampled_depth_5G_contig_358	76.48405	74.60598	11403	454.36295	21.329958	920.24774	79.836136	77.537766	11403	441.23206	22.127981	962.04553	73.04532	70.71784	11403	383.6399	20.456264	888.55865	70.569626	69.02202	11403	359.61563	19.814295	882.49005	74.77384	72.83217	11403	387.22592	20.660028	927.07135	67.93868	66.63649	11403	267.80136	19.09052	846.97235	51.882343	51.223713	11403	716.1387	12.112614	104.47956	39.48307	39.423832	11403	395.36926	8.940474	66.4568	53.476406	52.80541	11403	759.096	12.142662	94.51831	0	0	0	0	0	0	0	0	0	0	0	0	0	0	0	0	0	0
GP4_S29_subsampled_depth_5G_contig_774	43.053093	42.527256	23483	256.24646	11.582787	499.7213	40.704185	40.23209	23477	191.72014	10.944286	475.81848	41.34732	40.99591	23498	235.96541	11.219039	487.3213	37.344025	37.124107	23506	165.92053	10.178551	453.33282	35.705643	35.486774	23497	154.74356	9.647129	432.89282	35.514473	35.34697	23460	143.0593	9.636615	427.53928	23.46746	23.204927	23291	175.05443	5.351032	46.156322	18.068975	17.65655	23393	107.58414	4.025424	29.921991	21.751627	21.391209	23348	138.06989	4.8558764	37.798077	0	0	0	0	0	0	0	0	0	0	0	0	0	0	0	0	0	0
GP4_S29_subsampled_depth_5G_contig_496|provirus_26386_36568	145.62694	134.9556	10173	32052.813	38.912327	1678.8119	141.14174	130.5903	10065	30558.03	37.86546	1646.2551	135.33829	125.46263	10125	28352.66	36.461494	1583.7778	142.1192	132.53394	10094	29953.814	38.66391	1722.015	135.5742	126.4283	10166	27141.895	36.496666	1637.7046	141.35812	131.85805	10100	29618.035	38.29692	1699.0864	135.86206	119.99402	10169	33571.023	30.769321	265.40643	105.29283	93.38323	10170	19538.379	23.333534	173.44403	127.86056	111.55785	10167	28485.375	28.201866	219.52307	0	0	0	0	0	0	0	0	0	0	0	0	0	0	0	0	0	0
GP5_S30_subsampled_depth_5G_contig_45	0	0	0	0	0	0	2.8432074	2.6298187	1734	6.091398	0.8177716	35.553783	4.215526	4.038549	1797	10.525831	1.1126988	48.332306	0	0	0	0	0	0	0	0	0	0	0	0	0	0	0	0	0	0	13184.896	12912.61	2108	95934504	2832.2341	24429.947	17445.691	17205.639	2108	156279340	3648.48	27120.076	17777.502	17489.969	2108	165864260	3717.3208	28935.586	0	0	0	0	0	0	0	0	0	0	0	0	0	0	0	0	0	0
GP5_S30_subsampled_depth_5G_contig_97	1.974772	1.869516	17887	2.402243	0.52919126	22.831131	1.9700505	1.8435941	17894	2.6147406	0.52892846	22.995916	2.329584	2.1955974	18471	3.6605573	0.6358097	27.617662	2.4883118	2.3724735	19595	3.1448846	0.66993064	29.837389	2.2362635	2.128941	18637	2.9370482	0.6017729	27.003176	2.1552563	2.0621302	19011	2.3965962	0.5827518	25.854437	3.0695274	2.945276	19239	4.874992	0.69275457	5.9754786	3.177429	2.973821	18813	7.0492973	0.6992939	5.1980267	2.7910938	2.5223987	18133	7.2008243	0.6149174	4.7865095	0	0	0	0	0	0	0	0	0	0	0	0	0	0	0	0	0	0
GP5_S30_subsampled_depth_5G_contig_193	45.39322	37.62742	14308	4976.072	12.383007	534.2455	43.944157	36.904663	14327	4354.6606	11.979678	520.83356	45.4676	37.981903	14270	4966.222	12.454188	540.97235	43.735317	36.388172	14292	4580.404	12.050831	536.7205	39.313755	32.539288	14321	3721.661	10.77697	483.59186	41.235283	34.621544	14326	3963.8499	11.376144	504.71555	6.4579425	6.3008227	13961	14.82673	1.4441831	12.4570675	5.6278644	5.3797884	13963	13.297833	1.233227	9.166888	6.7288303	6.5619273	14317	9.6177635	1.4698144	11.441019	0	0	0	0	0	0	0	0	0	0	0	0	0	0	0	0	0	0
GP5_S30_subsampled_depth_5G_contig_477	5.3014436	4.861822	6174	17.940296	1.4570037	62.860176	12.815724	12.537359	6383	41.798935	3.6467178	158.54628	13.44011	13.029683	6521	56.944344	3.8000553	165.06294	0	0	0	0	0	0	0	0	0	0	0	0	0	0	0	0	0	0	39057.117	40369.934	6662	112852770	8645.927	74577.01	56985.695	58913.54	6662	237593700	12292.319	91371.88	51161.27	52897.54	6662	193622430	11034.258	85890.555	0	0	0	0	0	0	0	0	0	0	0	0	0	0	0	0	0	0
GP5_S30_subsampled_depth_5G_contig_485	0	0	0	0	0	0	0	0	0	0	0	0	0	0	0	0	0	0	0	0	0	0	0	0	0	0	0	0	0	0	0	0	0	0	0	0	4.1867514	4.1051536	2746	6.614681	0.8959737	7.728384	0	0	0	0	0	0	3.251497	3.2527015	2591	2.326093	0.6871263	5.3485847	0	0	0	0	0	0	0	0	0	0	0	0	0	0	0	0	0	0
GP5_S30_subsampled_depth_5G_contig_714	12.599392	12.483768	30086	18.025278	3.4063365	146.96117	13.020236	12.836716	30045	20.165623	3.5032146	152.30722	12.764518	12.584165	30095	16.728561	3.4828277	151.2836	12.694995	12.402664	30074	21.595205	3.4919128	155.52301	13.208268	13.064965	30086	19.368196	3.6079879	161.90013	13.377968	13.181649	30070	22.160656	3.6575027	162.26927	10.306408	9.802842	30035	42.464252	2.3444288	20.222303	8.165359	7.84703	29995	24.363625	1.8153774	13.494155	11.086886	10.822765	30027	35.115475	2.4591596	19.142076	0	0	0	0	0	0	0	0	0	0	0	0	0	0	0	0	0	0
GP5_S30_subsampled_depth_5G_contig_865	101.56181	100.21776	10221	795.7845	28.301682	1221.032	99.8032	98.22471	10221	704.1261	27.726738	1205.4597	99.39341	97.80817	10221	713.7762	27.771673	1206.3181	91.617714	90.46674	10221	406.7564	25.803228	1149.2253	84.89862	83.91252	10221	506.9434	23.679756	1062.575	89.46083	88.114395	10221	690.93463	25.209179	1118.4338	6.624665	6.442912	10149	12.6187935	1.5238408	13.144167	5.930196	5.781136	9822	13.662556	1.3404188	9.963667	8.595274	8.336679	10221	18.759521	1.9518069	15.192837	0	0	0	0	0	0	0	0	0	0	0	0	0	0	0	0	0	0
GP5_S30_subsampled_depth_5G_contig_1185	5811.402	5610.4272	72897	16360653	1547.3446	66757.766	5776.809	5578.308	72827	16098108	1537.5055	66845.234	5804.4326	5581.6704	72861	17198840	1558.505	67696.75	6551.7217	6345.676	72933	15808611	1766.8743	78693.13	6403.362	6216.816	72897	14845916	1714.2368	76922.46	6579.422	6369.1274	72944	16800384	1770.0973	78532.36	5229.46	4752.5596	72927	16746026	1177.6078	10157.67	4404.6396	3985.8584	72989	12035315	966.3808	7183.35	4744.445	4285.0903	73201	14216612	1040.8677	8102.101	25.600777	25.081762	72734	141.93756	172.66573	4919.406	24.414915	24.16173	72740	94.13385	151.33131	4278.972	28.5037	28.20242	72744	120.02977	172.82428	4846.314
M1_S25_subsampled_depth_5G_contig_299	2.9455328	2.8122325	22678	4.1314464	0.7991239	34.47697	3.267531	3.1192875	23343	4.721275	0.87628937	38.097946	3.112952	3.0694003	23108	3.0442784	0.8423442	36.58889	3.0322247	2.9450045	21818	3.8490984	0.82212627	36.615906	2.8921013	2.8095632	22649	3.5485015	0.799161	35.86053	2.4317608	2.2968843	21831	3.3050008	0.66019535	29.290323	0	0	0	0	0	0	0	0	0	0	0	0	0	0	0	0	0	0	17.70364	17.626997	24293	26.575367	116.503174	3319.2817	22.461458	22.39781	24293	32.090298	139.55913	3946.108	23.78093	23.67357	24293	30.760023	143.9674	4037.1143
M1_S25_subsampled_depth_5G_contig_393	0	0	0	0	0	0	0	0	0	0	0	0	0	0	0	0	0	0	0	0	0	0	0	0	0	0	0	0	0	0	0	0	0	0	0	0	0	0	0	0	0	0	0	0	0	0	0	0	0	0	0	0	0	0	87.829414	78.486946	11130	8180.874	686.41565	19556.611	90.64526	80.43554	11130	8536.294	679.5212	19213.818	96.74353	84.78689	11130	10706.522	709.6164	19898.96
M1_S25_subsampled_depth_5G_contig_1224	0	0	0	0	0	0	0	0	0	0	0	0	0	0	0	0	0	0	0	0	0	0	0	0	0	0	0	0	0	0	0	0	0	0	0	0	0	0	0	0	0	0	0	0	0	0	0	0	0	0	0	0	0	0	10.503147	10.189387	27160	27.14933	77.46131	2206.9448	8.184857	7.911312	27077	26.19897	57.99469	1639.83	10.695224	10.316536	27160	28.90018	71.73625	2011.6185
M1_S25_subsampled_depth_5G_contig_3488	0	0	0	0	0	0	0	0	0	0	0	0	0	0	0	0	0	0	0	0	0	0	0	0	0	0	0	0	0	0	0	0	0	0	0	0	0	0	0	0	0	0	0	0	0	0	0	0	0	0	0	0	0	0	22.36012	22.191711	54304	40.61328	150.79474	4296.281	24.916128	24.629154	54304	44.556774	158.51299	4482.037	23.168556	22.9484	54304	41.422543	144.13454	4041.8008
M1_S25_subsampled_depth_5G_contig_4145	0	0	0	0	0	0	0	0	0	0	0	0	0	0	0	0	0	0	0	0	0	0	0	0	0	0	0	0	0	0	0	0	0	0	0	0	0	0	0	0	0	0	0	0	0	0	0	0	0	0	0	0	0	0	161.25833	141.26694	14976	12361.721	1105.0583	31484.127	187.6927	165.16599	14976	14968.865	1225.5365	34652.688	180.94995	158.82741	14976	14842.273	1157.829	32467.674
M1_S25_subsampled_depth_5G_contig_5101	0	0	0	0	0	0	0	0	0	0	0	0	0	0	0	0	0	0	0	0	0	0	0	0	0	0	0	0	0	0	0	0	0	0	0	0	0	0	0	0	0	0	0	0	0	0	0	0	0	0	0	0	0	0	28.738735	23.722075	21565	1422.8906	210.3215	5992.2544	30.167032	24.637094	21565	1746.9413	213.04074	6023.8394	29.211393	23.466356	21559	1895.4595	201.06882	5638.3438
M1_S25_subsampled_depth_5G_contig_5108	15.562561	15.401359	14349	78.42803	4.1711235	179.95656	15.365247	15.168463	14368	74.923325	4.113279	178.83066	16.216785	15.950953	14291	88.85789	4.3996577	191.10786	15.692324	15.694705	14221	74.2507	4.280709	190.65439	15.458175	15.347001	14348	77.229065	4.171815	187.20071	15.659919	15.429866	14184	82.41636	4.2539988	188.73337	0	0	0	0	0	0	0	0	0	0	0	0	0	0	0	0	0	0	154.76543	154.71196	14376	4226.823	1031.1962	29379.723	163.69598	165.04639	14376	4545.4106	1024.4163	28965.906	184.1519	184.37059	14376	4731.6875	1125.9868	31574.764
M1_S25_subsampled_depth_5G_contig_5212	2.194242	2.0526185	10348	3.6875718	0.60822034	26.240707	2.663309	2.4642947	11572	5.127572	0.7449979	32.389847	3.1053898	2.8732982	11355	7.276067	0.8657521	37.605644	2.3654063	2.2284307	10346	4.425106	0.65176225	29.028202	3.311283	3.1474986	11670	6.755072	0.92813456	41.64793	2.7795985	2.6103733	11544	5.0365195	0.7646682	33.92537	0	0	0	0	0	0	0	0	0	0	0	0	0	0	0	0	0	0	116.34902	114.13522	13453	734.9788	780.2686	22230.572	126.332405	124.267685	13453	792.21893	800.8487	22644.416	132.89348	131.17891	13452	749.68335	821.70013	23041.998
M1_S25_subsampled_depth_5G_contig_6767	0	0	0	0	0	0	0	0	0	0	0	0	0	0	0	0	0	0	0	0	0	0	0	0	0	0	0	0	0	0	0	0	0	0	0	0	0	0	0	0	0	0	0	0	0	0	0	0	0	0	0	0	0	0	58.720673	53.68374	21147	964.1748	403.65765	11500.58	63.469925	58.07662	21147	1095.0391	410.74576	11614.05	58.110157	52.442932	21147	1173.6282	370.68646	10394.735
M1_S25_subsampled_depth_5G_contig_7768	85.909996	85.68816	18638	141.88522	23.211918	1001.44196	89.917625	89.72338	18638	162.35635	24.262968	1054.8671	94.99724	95.18474	18638	174.84027	25.887957	1124.4948	105.13852	105.329506	18638	168.59804	28.758139	1280.8314	103.514336	103.56016	18638	219.26955	28.093927	1260.6505	105.136734	104.79615	18638	220.38297	28.685734	1272.6747	3.9919949	3.8379207	17336	7.2071624	0.9025936	7.7854857	3.512819	3.391226	16844	6.217827	0.7791496	5.791616	3.6290567	3.5258412	16915	5.942774	0.80409455	6.2590656	11.198236	11.071514	18638	17.874966	84.02426	2393.9285	8.034184	7.9735575	18638	8.094032	50.567463	1429.8215	12.706188	12.595552	18638	15.277546	78.3782	2197.8704
M1_S25_subsampled_depth_5G_contig_8475	0	0	0	0	0	0	0	0	0	0	0	0	0	0	0	0	0	0	0	0	0	0	0	0	0	0	0	0	0	0	0	0	0	0	0	0	0	0	0	0	0	0	0	0	0	0	0	0	0	0	0	0	0	0	5.25792	5.0466204	10505	12.861134	33.98343	968.2192	5.1254086	4.9047866	10557	10.74726	32.153076	909.145	5.600785	5.479078	10523	11.425657	34.11722	956.7101
M1_S25_subsampled_depth_5G_contig_9106	0	0	0	0	0	0	0	0	0	0	0	0	0	0	0	0	0	0	0	0	0	0	0	0	0	0	0	0	0	0	0	0	0	0	0	0	0	0	0	0	0	0	0	0	0	0	0	0	0	0	0	0	0	0	167.22375	166.78375	18764	461.24323	1113.345	31720.22	163.89325	163.98549	18764	250.8131	1015.31757	28708.633	228.70464	228.88289	18764	374.7918	1383.7858	38803.92
M1_S25_subsampled_depth_5G_contig_9111	0	0	0	0	0	0	0	0	0	0	0	0	0	0	0	0	0	0	0	0	0	0	0	0	0	0	0	0	0	0	0	0	0	0	0	0	0	0	0	0	0	0	0	0	0	0	0	0	0	0	0	0	0	0	23.05364	22.15304	34396	213.63872	161.13672	4590.934	17.637592	16.505322	34396	295.60736	120.93661	3419.5461	22.009548	20.803095	34396	281.28064	144.09798	4040.7754
M1_S25_subsampled_depth_5G_contig_9222	133.68367	136.33752	8768	6714.5063	35.273922	1521.8389	129.88939	132.80196	9016	6272.1216	34.30692	1491.5424	130.36606	132.94566	9553	6474.008	34.737415	1508.8889	127.91394	130.16353	9111	6276.9414	34.189957	1522.7542	131.0972	133.9988	8994	6529.8716	34.795567	1561.3716	127.02554	129.88658	8755	6027.5615	33.87635	1502.9625	0	0	0	0	0	0	62.90778	61.695282	8487	1730.1736	13.665735	101.58086	0	0	0	0	0	0	7.1243773	5.7443895	10950	135.94366	62.759136	1788.0653	6.2727604	4.6226225	10810	129.93639	53.21692	1504.736	7.67796	5.9732313	11066	172.99458	63.165325	1771.2731
M1_S25_subsampled_depth_5G_contig_10051	0	0	0	0	0	0	0	0	0	0	0	0	0	0	0	0	0	0	0	0	0	0	0	0	0	0	0	0	0	0	0	0	0	0	0	0	0	0	0	0	0	0	0	0	0	0	0	0	0	0	0	0	0	0	6.294175	6.1731906	11446	7.794198	40.49424	1153.7178	5.770892	5.6306057	11346	7.738385	35.602573	1006.68115	5.774965	5.669355	11395	7.872507	35.760845	1002.8004
M1_S25_subsampled_depth_5G_contig_10822	0	0	0	0	0	0	0	0	0	0	0	0	0	0	0	0	0	0	0	0	0	0	0	0	0	0	0	0	0	0	0	0	0	0	0	0	0	0	0	0	0	0	0	0	0	0	0	0	0	0	0	0	0	0	4.6260657	4.491126	15654	7.0690556	29.689327	845.8765	5.0522194	4.9782534	15703	6.815598	31.018534	877.0654	4.5299616	4.389197	15474	7.0779886	27.253202	764.2302
M1_S25_subsampled_depth_5G_contig_11316	0	0	0	0	0	0	0	0	0	0	0	0	0	0	0	0	0	0	0	0	0	0	0	0	0	0	0	0	0	0	0	0	0	0	0	0	0	0	0	0	0	0	0	0	0	0	0	0	0	0	0	0	0	0	5.9329624	5.7001905	35458	11.874091	40.082176	1141.9779	4.541045	4.3969793	34879	6.8563094	28.38734	802.66656	6.077232	5.911848	35382	11.026558	37.012714	1037.9055
M1_S25_subsampled_depth_5G_contig_11668	0	0	0	0	0	0	0	0	0	0	0	0	0	0	0	0	0	0	0	0	0	0	0	0	0	0	0	0	0	0	0	0	0	0	0	0	0	0	0	0	0	0	0	0	0	0	0	0	0	0	0	0	0	0	4.5310965	4.411818	1372	3.1452239	28.434238	810.11774	3.1767595	3.1554546	1345	2.8041117	18.987377	536.87787	4.695581	4.6454544	1372	4.5919375	31.822636	892.3661
M1_S25_subsampled_depth_5G_contig_13322	0	0	0	0	0	0	0	0	0	0	0	0	0	0	0	0	0	0	0	0	0	0	0	0	0	0	0	0	0	0	0	0	0	0	0	0	0	0	0	0	0	0	0	0	0	0	0	0	0	0	0	0	0	0	11.845329	11.43603	14044	29.36908	81.74743	2329.0586	12.785807	12.282265	14044	33.216774	83.604485	2363.961	11.031596	10.758037	14044	20.801636	70.920586	1988.7449
M1_S25_subsampled_depth_5G_contig_17289	0	0	0	0	0	0	0	0	0	0	0	0	0	0	0	0	0	0	0	0	0	0	0	0	0	0	0	0	0	0	0	0	0	0	0	0	0	0	0	0	0	0	0	0	0	0	0	0	0	0	0	0	0	0	23.258463	22.028656	22366	339.0067	177.08235	5045.238	24.810991	23.579716	22366	347.81705	176.8332	5000.0522	23.474298	22.282406	22366	345.4022	167.27052	4690.576
M1_S25_subsampled_depth_5G_contig_18097	0	0	0	0	0	0	0	0	0	0	0	0	0	0	0	0	0	0	0	0	0	0	0	0	0	0	0	0	0	0	0	0	0	0	0	0	0	0	0	0	0	0	0	0	0	0	0	0	0	0	0	0	0	0	24.72981	22.308216	11901	441.67123	174.74994	4978.7876	28.139902	25.487473	11901	585.7818	188.5623	5331.6978	30.855076	27.66796	11901	714.216	201.24098	5643.172
M1_S25_subsampled_depth_5G_contig_18242	0	0	0	0	0	0	0	0	0	0	0	0	0	0	0	0	0	0	0	0	0	0	0	0	0	0	0	0	0	0	0	0	0	0	0	0	0	0	0	0	0	0	0	0	0	0	0	0	0	0	0	0	0	0	4.323366	4.1928773	12115	5.2087126	28.193079	803.247	4.654518	4.593172	11550	6.1915174	28.620094	809.2483	4.602253	4.4783287	11661	6.7902613	27.757479	778.37115
M1_S25_subsampled_depth_5G_contig_20665	0	0	0	0	0	0	0	0	0	0	0	0	0	0	0	0	0	0	0	0	0	0	0	0	0	0	0	0	0	0	0	0	0	0	0	0	0	0	0	0	0	0	0	0	0	0	0	0	0	0	0	0	0	0	8.747115	4.4907126	12783	2709.969	91.00456	2592.8044	7.73495	3.3330426	12288	3021.8015	84.37017	2385.6108	8.937996	4.3987093	12569	3103.5518	90.3176	2532.6733
M1_S25_subsampled_depth_5G_contig_21269	0	0	0	0	0	0	0	0	0	0	0	0	0	0	0	0	0	0	0	0	0	0	0	0	0	0	0	0	0	0	0	0	0	0	0	0	0	0	0	0	0	0	0	0	0	0	0	0	0	0	0	0	0	0	37.26061	37.050934	31323	67.34194	246.39497	7020.0205	41.9054	41.71768	31323	56.105095	260.76105	7373.154	42.641422	42.432655	31323	68.30739	259.55295	7278.3467
M1_S25_subsampled_depth_5G_contig_21485	0	0	0	0	0	0	0	0	0	0	0	0	0	0	0	0	0	0	0	0	0	0	0	0	0	0	0	0	0	0	0	0	0	0	0	0	0	0	0	0	0	0	0	0	0	0	0	0	0	0	0	0	0	0	17.097857	16.687374	54290	60.02582	120.293915	3427.284	17.920742	17.554344	54290	64.49397	119.206726	3370.6333	16.100111	15.686574	54290	58.505688	105.08367	2946.741
M1_S25_subsampled_depth_5G_contig_21550	3.9156513	3.6942804	9813	10.624395	1.0941492	47.205395	3.6610606	3.4529076	9524	9.045841	1.0290763	44.74059	4.0800586	3.8206863	9854	13.084724	1.1340154	49.25823	4.000086	3.762345	9840	12.264053	1.138291	50.69725	3.709456	3.4867492	9539	10.013921	1.0373201	46.54735	3.4582117	3.2943757	9015	8.202792	1.0018717	44.449184	0	0	0	0	0	0	0	0	0	0	0	0	0	0	0	0	0	0	25.517591	25.306005	11804	39.63838	167.13667	4761.878	32.707397	32.636227	11804	57.00665	201.5406	5698.6646	30.35121	30.150333	11804	62.713936	183.6301	5149.3286
M1_S25_subsampled_depth_5G_contig_21686	0	0	0	0	0	0	0	0	0	0	0	0	0	0	0	0	0	0	0	0	0	0	0	0	0	0	0	0	0	0	0	0	0	0	0	0	0	0	0	0	0	0	0	0	0	0	0	0	0	0	0	0	0	0	9.918899	9.783507	21654	15.652543	66.230125	1886.9575	12.443917	12.378371	21654	15.087209	77.20954	2183.1396	10.069987	9.977679	21654	11.124662	61.622734	1728.0155
M1_S25_subsampled_depth_5G_contig_472|provirus_3_11988	0	0	0	0	0	0	0	0	0	0	0	0	0	0	0	0	0	0	0	0	0	0	0	0	0	0	0	0	0	0	0	0	0	0	0	0	0	0	0	0	0	0	0	0	0	0	0	0	0	0	0	0	0	0	146.4984	146.70528	11986	341.36713	969.38153	27618.574	152.5229	152.8302	11986	272.9734	954.0562	26976.436	151.71764	151.85274	11986	249.43102	927.6584	26013.264
M1_S25_subsampled_depth_5G_contig_563|provirus_12490_22953	0	0	0	0	0	0	0	0	0	0	0	0	0	0	0	0	0	0	0	0	0	0	0	0	0	0	0	0	0	0	0	0	0	0	0	0	0	0	0	0	0	0	0	0	0	0	0	0	0	0	0	0	0	0	22.110529	21.963701	10464	39.082325	144.95555	4129.9165	32.855827	32.800407	10464	49.6917	206.18832	5830.084	23.554392	23.46284	10464	39.05692	144.90617	4063.4382
M1_S25_subsampled_depth_5G_contig_1061|provirus_11758_45076	1.9661733	1.828292	26426	2.9810674	0.52726877	22.748194	2.203865	2.0830066	28586	2.83989	0.5895739	25.63257	2.1577678	2.0583527	28797	2.5177703	0.5838124	25.359058	2.0723267	1.9947073	28526	2.2215836	0.56408376	25.123205	2.3561156	2.2604094	30114	2.6517596	0.6370699	28.587046	2.3106816	2.1940508	29002	2.9196038	0.6296457	27.934952	0	0	0	0	0	0	0	0	0	0	0	0	0	0	0	0	0	0	211.43468	211.6664	33319	626.56006	1397.6685	39820.86	199.17805	198.8627	33319	318.4638	1238.2374	35011.81	206.6652	206.6347	33319	289.79474	1257.0397	35249.727
M1_S25_subsampled_depth_5G_contig_1341|provirus_1_14966	0	0	0	0	0	0	0	0	0	0	0	0	0	0	0	0	0	0	0	0	0	0	0	0	0	0	0	0	0	0	0	0	0	0	0	0	0	0	0	0	0	0	0	0	0	0	0	0	0	0	0	0	0	0	4.644641	4.520246	14351	7.299901	31.156195	887.66895	5.291577	5.128599	14602	8.956083	33.010326	933.3842	5.0458965	4.8890224	14829	7.2101774	30.93578	867.49646
M1_S25_subsampled_depth_5G_contig_1577|provirus_53555_66339	6.5501385	6.463554	12764	8.539574	1.7348994	74.84954	5.9739614	5.8696036	12781	8.276115	1.6023388	69.664	6.188682	6.1523786	12751	7.944292	1.6638157	72.27114	5.633558	5.5236087	12671	6.939954	1.5145103	67.45334	4.8339534	4.7600455	12589	5.9442477	1.2979707	58.243484	6.2973485	6.2186756	12718	8.141194	1.6821016	74.6283	0	0	0	0	0	0	0	0	0	0	0	0	0	0	0	0	0	0	13.863396	13.843489	12785	15.681989	90.45135	2577.0422	20.966364	20.824144	12785	24.77416	130.33345	3685.2463	19.023981	18.921305	12785	22.533302	115.682816	3243.962
M1_S25_subsampled_depth_5G_contig_1684|provirus_6632_41561	0	0	0	0	0	0	0	0	0	0	0	0	0	0	0	0	0	0	0	0	0	0	0	0	0	0	0	0	0	0	0	0	0	0	0	0	0	0	0	0	0	0	0	0	0	0	0	0	0	0	0	0	0	0	15.754198	15.682065	34930	25.090889	104.26648	2970.647	16.969868	16.84116	34930	21.971664	105.663414	2987.6885	18.388931	18.310843	34930	21.034231	112.36504	3150.9246
M1_S25_subsampled_depth_5G_contig_1824|provirus_237_37281	0	0	0	0	0	0	0	0	0	0	0	0	0	0	0	0	0	0	0	0	0	0	0	0	0	0	0	0	0	0	0	0	0	0	0	0	0	0	0	0	0	0	0	0	0	0	0	0	0	0	0	0	0	0	15.837621	15.629325	37045	27.967365	105.35931	3001.7827	19.695704	19.433733	37045	28.965591	124.36897	3516.599	19.163084	18.79179	37045	32.78022	118.49683	3322.8718
M1_S25_subsampled_depth_5G_contig_1957|provirus_27377_41995	3.0956528	3.0466099	14108	2.7613776	0.82310164	35.51146	3.1167324	3.011902	14047	3.6289635	0.8391468	36.483105	3.062271	2.9847193	13877	3.4023287	0.8188309	35.567554	3.0900545	3.0103662	13546	4.3216515	0.8441322	37.595997	2.6694312	2.5314443	13074	3.749094	0.72185844	32.39176	2.8841662	2.8460417	13521	2.7813008	0.7784793	34.538116	0	0	0	0	0	0	0	0	0	0	0	0	0	0	0	0	0	0	44.39802	44.416573	14619	58.220108	295.89322	8430.269	47.69528	47.67058	14619	61.433647	296.50775	8383.911	50.85058	50.710358	14619	71.96648	308.30103	8645.336
M1_S25_subsampled_depth_5G_contig_3434|provirus_108644_143515	0	0	0	0	0	0	0	0	0	0	0	0	0	0	0	0	0	0	0	0	0	0	0	0	0	0	0	0	0	0	0	0	0	0	0	0	0	0	0	0	0	0	0	0	0	0	0	0	0	0	0	0	0	0	16.260124	16.041151	34872	34.323868	107.95585	3075.7622	18.851362	18.58672	34861	33.83779	118.19194	3341.9385	19.115633	18.890335	34848	39.970306	117.69045	3300.258
M1_S25_subsampled_depth_5G_contig_3440|provirus_59119_103940	49.90466	49.840496	44818	866.98773	13.322785	574.7911	50.835243	50.92531	44815	897.2357	13.568397	589.9054	49.080387	49.26235	44822	810.1582	13.224341	574.42554	50.915516	50.88999	44822	887.4764	13.750577	612.42377	51.609978	51.547405	44798	898.9161	13.843276	621.18536	48.880013	48.99157	44785	804.707	13.193191	585.3306	28.09807	26.835646	35626	498.89038	6.372146	54.964104	23.278854	22.086704	37108	354.55603	5.163284	38.379986	29.102547	27.601501	36078	560.94403	6.437176	50.106895	20.510813	20.343058	44822	29.278301	136.52393	3889.6926	20.20899	20.111874	44822	27.852545	125.47756	3547.944	23.177427	23.065563	44822	27.641893	140.75598	3947.06
M1_S25_subsampled_depth_5G_contig_4438|provirus_579_51595	4.2512236	4.048863	48713	8.47754	1.14314	49.319004	3.7041698	3.561674	48920	5.436409	0.9979826	43.388725	3.7009258	3.5479348	48430	5.9969172	1.0098916	43.866653	3.8713706	3.6802385	49267	6.933734	1.0598488	47.203594	3.4122121	3.2010005	48384	7.52964	0.930034	41.733135	3.7648377	3.5457067	49534	7.3701296	1.027254	45.575275	0	0	0	0	0	0	0	0	0	0	0	0	0	0	0	0	0	0	17.250633	14.882593	51017	418.8463	116.249855	3312.066	20.566065	18.128525	51017	447.23886	131.77835	3726.101	18.84662	16.176296	51017	488.4308	119.06401	3338.7751
M1_S25_subsampled_depth_5G_contig_4785|provirus_101088_150083	0	0	0	0	0	0	0	0	0	0	0	0	0	0	0	0	0	0	0	0	0	0	0	0	0	0	0	0	0	0	0	0	0	0	0	0	0	0	0	0	0	0	0	0	0	0	0	0	0	0	0	0	0	0	378.40567	376.86667	48996	2054.6194	2499.2893	71207.06	382.6376	381.32874	48996	1092.3756	2377.9453	67237.65	392.33636	389.55362	48996	1107.903	2384.731	66872.29
M1_S25_subsampled_depth_5G_contig_5031|provirus_105226_142667	0	0	0	0	0	0	0	0	0	0	0	0	0	0	0	0	0	0	0	0	0	0	0	0	0	0	0	0	0	0	0	0	0	0	0	0	0	0	0	0	0	0	0	0	0	0	0	0	0	0	0	0	0	0	16.436636	16.335388	37442	27.820627	107.14468	3052.65	20.81516	20.636753	37442	30.420275	129.46123	3660.5837	17.180387	17.13291	37442	19.488335	104.58349	2932.7163
M1_S25_subsampled_depth_5G_contig_5085|provirus_3613_42685	12.93333	12.585596	38778	39.824677	3.449153	148.80841	12.310588	11.938711	38305	36.758644	3.2760937	142.43285	12.583665	12.232537	38764	39.333332	3.380334	146.83157	17.212086	16.967571	38429	50.246647	4.6470428	206.97015	16.726383	16.568981	38306	41.10575	4.477973	200.93877	17.41785	17.211298	38305	46.540413	4.6882234	207.9983	4.118516	3.7677772	36049	12.520586	0.9387353	8.097238	3.7675667	3.4754076	35909	9.384826	0.83496904	6.2065325	4.496005	4.1693645	37172	11.626282	1.0026307	7.804464	83.124504	82.459076	39073	208.36041	557.3634	15879.793	83.70005	83.25304	39073	171.69951	522.9928	14787.895	122.96015	122.279526	39073	271.5472	749.78375	21025.33
M1_S25_subsampled_depth_5G_contig_5191|provirus_139863_178318	0	0	0	0	0	0	0	0	0	0	0	0	0	0	0	0	0	0	0	0	0	0	0	0	0	0	0	0	0	0	0	0	0	0	0	0	0	0	0	0	0	0	0	0	0	0	0	0	0	0	0	0	0	0	26.198793	25.95713	38456	46.01783	174.2684	4965.0674	25.7072	25.460987	38456	49.25033	161.49095	4566.2417	27.312536	27.009892	38456	41.39961	167.3208	4691.986
M1_S25_subsampled_depth_5G_contig_6058|provirus_16310_56569	0	0	0	0	0	0	0	0	0	0	0	0	0	0	0	0	0	0	0	0	0	0	0	0	0	0	0	0	0	0	0	0	0	0	0	0	0	0	0	0	0	0	0	0	0	0	0	0	0	0	0	0	0	0	28.081003	27.929031	40260	44.553192	184.15538	5246.7554	28.114534	27.96928	40260	38.815228	174.47539	4933.383	27.379158	27.31532	40260	30.192724	166.21722	4661.039
M1_S25_subsampled_depth_5G_contig_6372|provirus_35704_82862	4.415686	4.1955614	45511	8.925077	1.1822249	51.005245	4.618754	4.4942684	44568	9.06223	1.2462454	54.182297	4.603927	4.475336	44966	8.555916	1.2477243	54.197388	4.8483906	4.670708	45260	10.1090555	1.3187082	58.732716	4.239571	4.061831	44958	9.189669	1.1419188	51.24097	5.1492906	4.9968567	46269	9.230264	1.3964146	61.95353	0	0	0	0	0	0	0	0	0	0	0	0	0	0	0	0	0	0	56.232212	56.290127	47159	540.9607	369.8153	10536.379	70.386246	70.65816	47159	750.8247	438.62616	12402.381	62.056137	62.25408	47159	577.3506	378.56317	10615.615
M1_S25_subsampled_depth_5G_contig_6421|provirus_7450_60515	2.942418	2.8248227	48380	4.0815563	0.8027089	34.631622	3.105488	3.02001	49820	3.5589755	0.8325292	36.195393	2.9136746	2.814177	49407	3.6701066	0.78952086	34.294415	2.8030274	2.7286775	49163	3.1610684	0.77490354	34.5127	2.7249603	2.6509469	49323	2.9425883	0.7392835	33.173637	2.6598194	2.539621	47183	3.6524124	0.7227566	32.065903	0	0	0	0	0	0	0	0	0	0	0	0	0	0	0	0	0	0	13.807412	13.49725	53066	25.558472	92.48959	2635.1138	17.198938	16.898857	53066	31.370367	109.24522	3088.9668	14.870928	14.629719	53066	24.821516	92.88633	2604.7056
M1_S25_subsampled_depth_5G_contig_8848|provirus_33578_68248	0	0	0	0	0	0	0	0	0	0	0	0	0	0	0	0	0	0	0	0	0	0	0	0	0	0	0	0	0	0	0	0	0	0	0	0	0	0	0	0	0	0	0	0	0	0	0	0	0	0	0	0	0	0	13.575997	13.469085	34671	18.47697	89.694435	2555.4773	16.430666	16.315943	34671	22.198725	102.40073	2895.434	14.709076	14.5596895	34671	18.413296	89.8552	2519.706
M1_S25_subsampled_depth_5G_contig_9920|provirus_66_15637	0	0	0	0	0	0	0	0	0	0	0	0	0	0	0	0	0	0	0	0	0	0	0	0	0	0	0	0	0	0	0	0	0	0	0	0	0	0	0	0	0	0	0	0	0	0	0	0	0	0	0	0	0	0	16.124239	15.737824	15572	36.665455	113.4521	3232.355	16.358513	16.134943	15572	27.759338	107.00701	3025.678	15.225717	14.7533865	15572	34.86799	96.84766	2715.7876
M1_S25_subsampled_depth_5G_contig_10553|provirus_82121_117752	0	0	0	0	0	0	0	0	0	0	0	0	0	0	0	0	0	0	0	0	0	0	0	0	0	0	0	0	0	0	0	0	0	0	0	0	0	0	0	0	0	0	0	0	0	0	0	0	0	0	0	0	0	0	23.805649	23.169256	35632	68.901665	155.8079	4439.111	24.577477	24.158358	35632	49.225895	152.48729	4311.6587	23.673496	23.208305	35632	47.254925	143.97528	4037.3337
M1_S25_subsampled_depth_5G_contig_11067|provirus_3_30345	4.4423213	4.2179947	28071	11.160699	1.2068747	52.068752	4.843573	4.551316	28809	12.911705	1.3080094	56.867584	4.6476665	4.3926773	27761	11.720982	1.2661505	54.99777	4.4014177	4.059209	28202	12.605488	1.2040334	53.62531	4.30411	4.027415	28479	10.806029	1.1694611	52.476883	4.491273	4.159963	28881	12.297361	1.2319741	54.657948	0	0	0	0	0	0	0	0	0	0	0	0	0	0	0	0	0	0	20.971914	20.834444	30343	32.36122	139.55888	3976.1626	23.965687	23.800957	30343	32.36712	149.78458	4235.2373	22.436426	22.284931	30343	30.146545	137.77502	3863.468
M1_S25_subsampled_depth_5G_contig_13781|provirus_8220_71567	1.4688914	1.3729782	48450	1.5800486	0.39382875	16.991138	0	0	0	0	0	0	0	0	0	0	0	0	0	0	0	0	0	0	0	0	0	0	0	0	0	0	0	0	0	0	0	0	0	0	0	0	0	0	0	0	0	0	0	0	0	0	0	0	20.53989	20.35023	63348	34.47844	135.48322	3860.0413	25.82096	25.457525	63348	43.52039	161.80482	4575.1167	22.030792	21.7048	63348	38.993717	135.07259	3787.687
M1_S25_subsampled_depth_5G_contig_14373|provirus_52157_107585	0	0	0	0	0	0	0	0	0	0	0	0	0	0	0	0	0	0	0	0	0	0	0	0	0	0	0	0	0	0	0	0	0	0	0	0	0	0	0	0	0	0	0	0	0	0	0	0	0	0	0	0	0	0	16.791422	16.627941	55429	25.162252	111.051994	3163.9736	18.472313	18.371033	55429	21.173576	114.96117	3250.5862	16.474648	16.347275	55429	20.676453	100.7746	2825.9065
M1_S25_subsampled_depth_5G_contig_16603|provirus_21763_107753	0	0	0	0	0	0	0	0	0	0	0	0	0	0	0	0	0	0	0	0	0	0	0	0	0	0	0	0	0	0	0	0	0	0	0	0	0	0	0	0	0	0	0	0	0	0	0	0	0	0	0	0	0	0	16.603127	14.626869	85991	319.1147	117.339226	3343.1018	16.239292	14.18089	85991	357.3066	108.99585	3081.915	15.664834	13.527292	85991	355.7387	103.197174	2893.8398
M1_S25_subsampled_depth_5G_contig_17495|provirus_70403_88142	0	0	0	0	0	0	0	0	0	0	0	0	0	0	0	0	0	0	0	0	0	0	0	0	0	0	0	0	0	0	0	0	0	0	0	0	0	0	0	0	0	0	0	0	0	0	0	0	0	0	0	0	0	0	11.287493	9.757327	17738	141.42027	94.87483	2703.0723	16.201307	13.773244	17740	333.67422	127.914345	3616.8445	14.868619	12.92351	17740	233.98679	115.16092	3229.3264
M1_S25_subsampled_depth_5G_contig_22259|provirus_24179_48744	6.1030474	6.003094	24438	7.4986176	1.639265	70.72353	6.627662	6.5683475	24539	7.685117	1.7836921	77.54855	5.9662924	5.8935204	24477	7.5537705	1.6215189	70.43391	5.9321756	5.841054	24177	8.735024	1.6078035	71.608406	5.8516955	5.762832	24426	7.7154207	1.5789204	70.85045	6.0818725	5.918138	24516	8.355002	1.6535789	73.362915	0	0	0	0	0	0	0	0	0	0	0	0	1.8450606	1.6906171	19348	2.811258	0.40804392	3.176208	14.386304	14.335457	24566	25.388102	96.90822	2761.004	15.268799	15.034174	24566	27.958591	96.12099	2717.8708	15.827245	15.666409	24566	26.57478	97.26904	2727.6055
M1_S25_subsampled_depth_5G_contig_23296|provirus_9696_22059	0	0	0	0	0	0	0	0	0	0	0	0	0	0	0	0	0	0	0	0	0	0	0	0	0	0	0	0	0	0	0	0	0	0	0	0	0	0	0	0	0	0	0	0	0	0	0	0	0	0	0	0	0	0	24.238415	24.158997	12364	39.250122	160.16759	4563.321	23.847061	23.72094	12364	29.365942	147.63898	4174.57	23.43139	23.294525	12364	29.315647	143.23724	4016.6377
M2_S26_subsampled_depth_5G_contig_154	0	0	0	0	0	0	0	0	0	0	0	0	0	0	0	0	0	0	0	0	0	0	0	0	0	0	0	0	0	0	0	0	0	0	0	0	0	0	0	0	0	0	0	0	0	0	0	0	0	0	0	0	0	0	11.893817	10.316076	14851	124.15166	90.12696	2567.8008	10.714305	9.177991	14851	103.92204	77.182	2182.361	12.029522	9.997732	14851	195.60565	86.11497	2414.8242
M2_S26_subsampled_depth_5G_contig_2133	0	0	0	0	0	0	0	0	0	0	0	0	0	0	0	0	0	0	0	0	0	0	0	0	0	0	0	0	0	0	0	0	0	0	0	0	0	0	0	0	0	0	0	0	0	0	0	0	0	0	0	0	0	0	9.45752	6.5240927	40859	3645.6514	83.26643	2372.3374	9.787853	7.078994	40905	3223.6697	81.26153	2297.7131	8.612312	6.075913	41069	2792.0657	71.20176	1996.6294
M2_S26_subsampled_depth_5G_contig_4135	0	0	0	0	0	0	0	0	0	0	0	0	0	0	0	0	0	0	0	0	0	0	0	0	0	0	0	0	0	0	0	0	0	0	0	0	0	0	0	0	0	0	0	0	0	0	0	0	0	0	0	0	0	0	30.246553	22.42446	29677	1922.7401	223.2537	6360.704	31.223083	23.39127	29677	1981.7704	218.76205	6185.6123	32.44593	24.134413	29677	2072.0325	220.37276	6179.663
M2_S26_subsampled_depth_5G_contig_4354	0	0	0	0	0	0	0	0	0	0	0	0	0	0	0	0	0	0	0	0	0	0	0	0	0	0	0	0	0	0	0	0	0	0	0	0	0	0	0	0	0	0	0	0	0	0	0	0	0	0	0	0	0	0	88.964165	86.696556	12429	1003.4421	630.74335	17970.463	96.07981	93.63937	12429	1297.3492	649.2983	18359.25	89.86106	87.32815	12429	1350.1343	596.59143	16729.535
M2_S26_subsampled_depth_5G_contig_5726	0	0	0	0	0	0	0	0	0	0	0	0	0	0	0	0	0	0	0	0	0	0	0	0	0	0	0	0	0	0	0	0	0	0	0	0	0	0	0	0	0	0	0	0	0	0	0	0	0	0	0	0	0	0	24.323616	24.235146	49032	34.140873	159.79085	4552.5884	30.540382	30.486452	49008	42.49152	189.19957	5349.7153	28.304283	28.270763	48994	34.321312	171.87584	4819.717
M2_S26_subsampled_depth_5G_contig_7803	15196.044	14989.407	41286	53243916	4046.1047	174562.92	15153.277	14942.691	41286	52875610	4033.1716	175347.95	15057.64	14850.072	41286	52092508	4042.9639	175614.2	13219.818	13031.523	41286	41063612	3563.885	158728.53	13904.25	13709.899	41286	44999892	3721.259	166982.95	13606.57	13415.694	41286	43285504	3659.439	162355.19	6996.9956	6774.2935	41286	13601071	1574.7461	13583.265	6095.006	5907.7036	41285	10223976	1336.3644	9933.53	7025.57	6802.688	41286	13635633	1540.3995	11990.453	17.712637	17.284788	41222	95.38697	116.83203	3328.652	19.564201	19.078192	41265	118.80187	121.17088	3426.1692	21.224524	20.684853	41251	129.3901	128.42224	3601.198
M2_S26_subsampled_depth_5G_contig_8427	0	0	0	0	0	0	0	0	0	0	0	0	0	0	0	0	0	0	0	0	0	0	0	0	0	0	0	0	0	0	0	0	0	0	0	0	0	0	0	0	0	0	0	0	0	0	0	0	0	0	0	0	0	0	11.612079	11.232155	17785	26.750212	77.76555	2215.6123	13.336433	12.975052	17785	23.23607	83.33413	2356.3162	9.711256	9.393058	17768	17.682524	59.73625	1675.1152
M2_S26_subsampled_depth_5G_contig_8787	0	0	0	0	0	0	0	0	0	0	0	0	0	0	0	0	0	0	0	0	0	0	0	0	0	0	0	0	0	0	0	0	0	0	0	0	0	0	0	0	0	0	0	0	0	0	0	0	0	0	0	0	0	0	13.325995	13.200142	21998	20.344307	88.6209	2524.8909	15.067826	15.001576	22000	18.305254	94.34914	2667.7717	16.60279	16.471727	22000	22.053892	101.83351	2855.6013
M2_S26_subsampled_depth_5G_contig_13201	28.006428	26.572468	40621	272.1919	7.471749	322.3569	27.285078	26.01507	40889	240.93712	7.2786775	316.45105	28.42708	26.933125	40568	283.11078	7.639767	331.84857	37.183838	35.480614	40434	480.6127	10.05246	447.7169	37.885857	35.899647	40789	509.53516	10.17052	456.3788	37.440155	35.847595	40561	454.02713	10.083665	447.37308	8.420654	7.9231606	37487	37.65643	1.8969028	16.362082	6.67179	6.3294325	37136	21.55619	1.4590726	10.84565	8.080568	7.715748	37976	29.337584	1.7692306	13.771671	111.699234	109.96055	41072	485.86145	743.2714	21176.484	107.816605	104.76465	41072	644.48865	684.01337	19340.836	99.94409	96.59864	41072	653.20984	622.07025	17444.01
M2_S26_subsampled_depth_5G_contig_13583	0	0	0	0	0	0	0	0	0	0	0	0	0	0	0	0	0	0	0	0	0	0	0	0	0	0	0	0	0	0	0	0	0	0	0	0	0	0	0	0	0	0	0	0	0	0	0	0	0	0	0	0	0	0	9.302212	4.9128194	11019	1416.9158	108.6276	3094.8994	11.116729	6.1750546	11325	1612.6989	119.61344	3382.1318	9.720974	5.3200912	10809	1471.7278	107.976616	3027.8662
M2_S26_subsampled_depth_5G_contig_16083	0	0	0	0	0	0	0	0	0	0	0	0	0	0	0	0	0	0	0	0	0	0	0	0	0	0	0	0	0	0	0	0	0	0	0	0	0	0	0	0	0	0	0	0	0	0	0	0	0	0	0	0	0	0	93.31072	69.50757	15923	80197.234	946.81866	26975.734	95.10981	72.54476	15923	73703.89	898.18646	25396.695	92.982185	69.9533	15923	76183.96	869.32404	24377.46
M2_S26_subsampled_depth_5G_contig_16519	0	0	0	0	0	0	0	0	0	0	0	0	0	0	0	0	0	0	0	0	0	0	0	0	0	0	0	0	0	0	0	0	0	0	0	0	0	0	0	0	0	0	0	0	0	0	0	0	0	0	0	0	0	0	35.911934	24.842863	10642	5221.9336	259.4012	7390.581	40.629433	28.53166	10642	6180.012	277.92545	7858.4897	43.026974	29.522236	10642	7651.295	287.87094	8072.4385
M2_S26_subsampled_depth_5G_contig_17174	0	0	0	0	0	0	0	0	0	0	0	0	0	0	0	0	0	0	0	0	0	0	0	0	0	0	0	0	0	0	0	0	0	0	0	0	0	0	0	0	0	0	0	0	0	0	0	0	0	0	0	0	0	0	58.878483	55.828125	38309	682.00085	396.42715	11294.574	60.905186	57.515415	38309	759.63275	387.12262	10946.096	54.35811	51.64149	38309	580.23016	340.0334	9535.166
M2_S26_subsampled_depth_5G_contig_19258	0	0	0	0	0	0	0	0	0	0	0	0	0	0	0	0	0	0	0	0	0	0	0	0	0	0	0	0	0	0	0	0	0	0	0	0	0	0	0	0	0	0	0	0	0	0	0	0	0	0	0	0	0	0	4.4621463	4.4045916	37634	5.3830476	30.232794	861.3602	3.9292006	3.813804	38468	4.2072363	24.441515	691.09644	4.482578	4.3404217	37474	6.79581	27.12525	760.64264
M2_S26_subsampled_depth_5G_contig_20191	0	0	0	0	0	0	0	0	0	0	0	0	0	0	0	0	0	0	0	0	0	0	0	0	0	0	0	0	0	0	0	0	0	0	0	0	0	0	0	0	0	0	0	0	0	0	0	0	0	0	0	0	0	0	14.378339	13.316213	38116	281.37463	102.93498	2932.7136	14.279935	13.403658	38116	183.77438	96.074646	2716.5608	13.983854	13.067077	38116	191.68742	92.13857	2583.737
M2_S26_subsampled_depth_5G_contig_22558	0	0	0	0	0	0	0	0	0	0	0	0	0	0	0	0	0	0	0	0	0	0	0	0	0	0	0	0	0	0	0	0	0	0	0	0	0	0	0	0	0	0	0	0	0	0	0	0	0	0	0	0	0	0	13.371189	13.097233	14124	35.007057	97.79118	2786.16	13.887219	13.610271	14124	24.464771	93.341156	2639.2698	14.514313	14.241851	14124	37.327175	97.309616	2728.7424
M2_S26_subsampled_depth_5G_contig_626|provirus_1_21062	0	0	0	0	0	0	0	0	0	0	0	0	0	0	0	0	0	0	0	0	0	0	0	0	0	0	0	0	0	0	0	0	0	0	0	0	0	0	0	0	0	0	0	0	0	0	0	0	0	0	0	0	0	0	7.468248	6.6739454	20989	40.691257	50.142654	1428.6104	8.243497	7.483742	20930	40.79815	53.008152	1498.833	7.2524867	6.6129527	20897	32.094154	45.907394	1287.329
M2_S26_subsampled_depth_5G_contig_3147|provirus_12665_51897	0	0	0	0	0	0	0	0	0	0	0	0	0	0	0	0	0	0	0	0	0	0	0	0	0	0	0	0	0	0	0	0	0	0	0	0	0	0	0	0	0	0	0	0	0	0	0	0	0	0	0	0	0	0	5.851521	5.6736317	38426	12.034885	38.78009	1104.8804	6.3597474	6.1926084	39025	11.81306	39.745094	1123.8135	5.7358956	5.5902205	38801	10.232943	35.008575	981.70575
M2_S26_subsampled_depth_5G_contig_3808|provirus_321_25375	0	0	0	0	0	0	0	0	0	0	0	0	0	0	0	0	0	0	0	0	0	0	0	0	0	0	0	0	0	0	0	0	0	0	0	0	0	0	0	0	0	0	0	0	0	0	0	0	0	0	0	0	0	0	16.413652	12.632479	25055	360.01205	111.4029	3173.971	16.063923	12.223377	25055	358.07117	103.00851	2912.62	16.713633	13.2433195	25055	313.15955	104.88228	2941.0938
M2_S26_subsampled_depth_5G_contig_5625|provirus_128_29359	0	0	0	0	0	0	0	0	0	0	0	0	0	0	0	0	0	0	0	0	0	0	0	0	0	0	0	0	0	0	0	0	0	0	0	0	0	0	0	0	0	0	0	0	0	0	0	0	0	0	0	0	0	0	13.007427	12.921105	29232	19.977804	85.66586	2440.7	12.379788	12.271415	29232	15.714736	76.89523	2174.253	12.87714	12.760564	29232	17.84918	78.32018	2196.2432
M2_S26_subsampled_depth_5G_contig_7393|provirus_3_13024	0	0	0	0	0	0	0	0	0	0	0	0	0	0	0	0	0	0	0	0	0	0	0	0	0	0	0	0	0	0	0	0	0	0	0	0	0	0	0	0	0	0	0	0	0	0	0	0	0	0	0	0	0	0	9.946706	8.973157	13003	82.24485	72.256714	2058.6602	11.498835	10.387795	13022	95.54518	78.734474	2226.2585	11.881914	10.910496	13022	82.19023	77.88363	2184.0017
M2_S26_subsampled_depth_5G_contig_12494|provirus_117_60219	0	0	0	0	0	0	0	0	0	0	0	0	0	0	0	0	0	0	0	0	0	0	0	0	0	0	0	0	0	0	0	0	0	0	0	0	0	0	0	0	0	0	0	0	0	0	0	0	0	0	0	0	0	0	8.407419	8.173632	59193	24.232128	55.71287	1587.3108	8.749387	8.567654	59979	22.84877	54.241158	1533.6973	7.8285155	7.633796	59267	21.215372	47.399593	1329.1727
M2_S26_subsampled_depth_5G_contig_12957|provirus_129695_155233	2.877703	2.7140605	22693	4.856203	0.7852646	33.879005	2.978219	2.8411448	21761	5.4092073	0.8178394	35.556736	3.262476	3.089099	22679	6.129387	0.8994244	39.06827	3.3099375	3.1496215	23715	5.229482	0.91235226	40.63438	2.9528537	2.7555907	23136	5.3030787	0.8153707	36.587875	3.1528614	2.9540064	22211	7.176609	0.8690307	38.555527	0	0	0	0	0	0	0	0	0	0	0	0	0	0	0	0	0	0	117.52255	117.44164	25539	357.03104	772.17017	21999.836	133.39781	133.09378	25539	551.4013	826.8114	23378.527	136.10596	135.64746	25539	529.90454	826.1131	23165.748
M2_S26_subsampled_depth_5G_contig_14026|provirus_6462_23117	4.958924	4.773829	16236	9.778501	1.3244693	57.142178	3.9246335	3.8420167	15609	5.852059	1.0470146	45.520454	4.223555	4.10171	15863	6.949597	1.1265941	48.935856	4.5383496	4.4555736	15792	7.590804	1.2332025	54.924435	5.7762027	5.679793	16251	10.328097	1.5549221	69.77357	5.0238094	4.904281	15577	10.222697	1.3543875	60.08895	0	0	0	0	0	0	0	0	0	0	0	0	0	0	0	0	0	0	4.8739247	4.758683	16266	7.7814393	32.28898	919.9424	5.607476	5.419292	16483	10.870757	34.744072	982.4067	4.7370048	4.669157	16264	6.047219	28.889097	810.1038
M2_S26_subsampled_depth_5G_contig_16960|provirus_2455_21359	3.2479873	3.1566257	17721	4.0124564	0.8719972	37.62096	3.2929351	3.2192407	17688	4.07575	0.8842876	38.445667	2.9728072	2.894793	17701	3.291891	0.8021855	34.84454	3.140176	3.0660505	18212	3.362081	0.8631851	38.444565	2.9607038	2.880872	17913	3.0581234	0.8117395	36.424942	3.5318582	3.47746	17942	4.054267	0.961896	42.675613	0	0	0	0	0	0	0	0	0	0	0	0	0	0	0	0	0	0	46.042442	45.949707	18905	59.134586	307.91403	8772.754	44.931644	44.832592	18905	46.886692	279.828	7912.2837	49.738308	49.634857	18905	54.845367	303.55185	8512.159
M2_S26_subsampled_depth_5G_contig_17227|provirus_146410_167078	0	0	0	0	0	0	0	0	0	0	0	0	0	0	0	0	0	0	0	0	0	0	0	0	0	0	0	0	0	0	0	0	0	0	0	0	0	0	0	0	0	0	0	0	0	0	0	0	0	0	0	0	0	0	13.377212	10.513563	20476	447.14163	123.80796	3527.4028	18.730932	14.993881	20669	705.65485	164.20879	4643.089	18.158098	14.804104	20669	612.5884	155.03944	4347.5938
M2_S26_subsampled_depth_5G_contig_18340|provirus_1_70183	11.614853	11.551633	63864	38.819584	3.099257	133.71259	11.777491	11.657724	63962	40.101852	3.1411302	136.56522	11.559722	11.398566	63829	41.25701	3.1115878	135.15799	15.589322	15.388999	63450	72.43429	4.219373	187.92264	15.694259	15.677159	63846	59.705822	4.208985	188.86859	15.414348	15.2126255	63792	70.34892	4.156039	184.38739	4.457656	4.1995845	61264	11.913506	1.0106595	8.717626	3.932389	3.7233741	61194	8.836687	0.871657	6.479248	4.234732	4.000698	61763	10.301665	0.9361004	7.2865934	80.74346	80.29932	70183	171.75075	531.66486	15147.62	82.324875	82.03119	70183	130.2986	511.82047	14471.995	74.01504	73.799225	70183	114.29964	450.16516	12623.469
M2_S26_subsampled_depth_5G_contig_19138|provirus_7268_55448	3218.3494	3296.7573	46638	2024496.9	855.1965	36896.125	3143.279	3221.1902	46703	1921507.9	834.9228	36299.465	3196.6787	3277.3381	46811	1972769.4	856.5903	37207.7	3227.216	3306.483	46263	2055338.9	868.1803	38667.06	3259.494	3343.7905	46744	2024674.9	870.51355	39062.305	3282.937	3365.886	45907	2088499.1	881.1108	39091.477	601.85016	546.68146	42682	239993.97	135.04243	1164.8331	502.48114	457.64307	42180	163975.05	109.81147	816.25635	661.3359	608.50024	42026	255438.3	144.52992	1125.0193	31.84508	31.37653	48181	287.6678	216.49626	6168.178	37.92863	37.32816	48181	436.84848	245.81796	6950.633	35.424225	34.883667	48181	420.08804	225.26123	6316.744
M2_S26_subsampled_depth_5G_contig_21100|provirus_28925_47977	3.421626	3.3472052	18259	3.9483461	0.9136425	39.417667	2.59435	2.5056722	17867	2.7654998	0.69436014	30.188295	3.1006718	3.0343268	18169	3.473041	0.8384051	36.417786	2.7270803	2.617234	17671	3.3639297	0.7478221	33.306526	2.5641432	2.5303004	17755	2.2361643	0.6849361	30.734955	3.2065809	3.106742	18107	3.8541052	0.8715231	38.6661	0	0	0	0	0	0	0	0	0	0	0	0	0	0	0	0	0	0	13.744115	13.614295	19053	19.351881	89.262985	2543.1838	16.958578	16.906248	19053	17.877077	105.28013	2976.8508	14.936042	14.863281	19053	15.045273	90.99311	2551.6162
M2_S26_subsampled_depth_5G_contig_22870|provirus_1_14593	0	0	0	0	0	0	0	0	0	0	0	0	0	0	0	0	0	0	0	0	0	0	0	0	0	0	0	0	0	0	0	0	0	0	0	0	0	0	0	0	0	0	0	0	0	0	0	0	0	0	0	0	0	0	5.4571767	5.29333	14341	9.853362	36.66269	1044.554	6.7231183	6.5932765	14580	9.820506	41.50472	1173.5671	5.323617	5.2020154	14143	9.553347	32.412148	908.89703
M2_S26_subsampled_depth_5G_contig_23915|provirus_61_15257	0	0	0	0	0	0	0	0	0	0	0	0	0	0	0	0	0	0	0	0	0	0	0	0	0	0	0	0	0	0	0	0	0	0	0	0	0	0	0	0	0	0	0	0	0	0	0	0	0	0	0	0	0	0	8.6598	8.593147	15171	12.005683	58.12582	1656.0582	8.99475	8.901942	15197	9.4731245	56.01757	1583.9258	7.2620454	7.2357674	15146	7.231806	45.18956	1267.1993
M3_S27_subsampled_depth_5G_contig_1955	0	0	0	0	0	0	0	0	0	0	0	0	0	0	0	0	0	0	0	0	0	0	0	0	0	0	0	0	0	0	0	0	0	0	0	0	0	0	0	0	0	0	0	0	0	0	0	0	0	0	0	0	0	0	4.381707	4.2530575	16915	6.95971	29.296967	834.69775	4.927497	4.8146253	17075	6.5055203	30.30212	856.8083	4.3755403	4.3172183	17229	4.545533	26.454765	741.8407
M3_S27_subsampled_depth_5G_contig_2839	23.247412	23.078442	16845	41.245213	6.262763	270.1973	24.541615	24.483414	16844	37.028484	6.6210146	287.85812	26.117094	26.044937	16837	46.380325	7.120255	309.28235	30.580446	30.443995	16846	60.208473	8.396459	373.96194	28.24077	28.152363	16849	63.23522	7.660066	343.72803	29.885	29.801702	16848	54.67323	8.153862	361.75534	0	0	0	0	0	0	0	0	0	0	0	0	0	0	0	0	0	0	3.0342846	2.876022	15115	5.280359	23.29979	663.8323	2.0749717	1.9461544	13031	3.1634188	12.91047	365.0503	3.8270807	3.7170777	16487	4.601978	23.302254	653.43835
M3_S27_subsampled_depth_5G_contig_2936	2.4453442	2.2926323	3049	3.8900805	0.7040985	30.377226	2.8682654	2.7360775	3277	2.9929214	0.81110036	35.263752	1.8505138	1.7592529	2941	1.8823199	0.5414573	23.51928	2.1672375	2.0200622	3108	2.6122098	0.628043	27.971794	2.6318903	2.566932	2990	2.5199049	0.7430048	33.340656	2.749922	2.7073677	3197	2.187598	0.8073554	35.81921	0	0	0	0	0	0	0	0	0	0	0	0	0	0	0	0	0	0	2.233572	1.9647181	2852	4.6893525	15.752619	448.80655	2.55341	2.4908335	2854	3.2621775	16.332195	461.80142	5.796325	5.7651334	3361	7.043239	35.18227	986.57587
M3_S27_subsampled_depth_5G_contig_4170	0	0	0	0	0	0	0	0	0	0	0	0	0	0	0	0	0	0	0	0	0	0	0	0	0	0	0	0	0	0	0	0	0	0	0	0	0	0	0	0	0	0	0	0	0	0	0	0	0	0	0	0	0	0	154.34445	152.41827	11957	3127.458	1027.6642	29279.098	168.66309	166.25218	11957	3849.9434	1063.5155	30071.453	159.11171	156.53214	11957	3327.439	980.4964	27494.94
M3_S27_subsampled_depth_5G_contig_4220	0	0	0	0	0	0	0	0	0	0	0	0	0	0	0	0	0	0	0	0	0	0	0	0	0	0	0	0	0	0	0	0	0	0	0	0	0	0	0	0	0	0	0	0	0	0	0	0	0	0	0	0	0	0	14.2529125	10.332488	12423	2931.107	131.89203	3757.7256	13.846493	9.791889	12423	3332.83	128.43953	3631.6948	14.035362	9.721915	12423	3764.5144	129.23116	3623.881
M3_S27_subsampled_depth_5G_contig_5071	0	0	0	0	0	0	0	0	0	0	0	0	0	0	0	0	0	0	0	0	0	0	0	0	0	0	0	0	0	0	0	0	0	0	0	0	0	0	0	0	0	0	0	0	0	0	0	0	0	0	0	0	0	0	11.676486	11.437223	19228	29.667414	81.107864	2310.838	9.197715	9.007454	19228	16.756422	59.0319	1669.1575	12.42127	12.112974	19228	26.418474	77.72352	2179.5115
M3_S27_subsampled_depth_5G_contig_5228	0	0	0	0	0	0	0	0	0	0	0	0	0	0	0	0	0	0	0	0	0	0	0	0	0	0	0	0	0	0	0	0	0	0	0	0	0	0	0	0	0	0	0	0	0	0	0	0	0	0	0	0	0	0	10.658378	10.520006	34694	14.489231	71.00118	2022.8892	12.618718	12.504213	34678	15.038156	78.814514	2228.522	10.399896	10.301962	34694	12.683778	63.47306	1779.9023
M3_S27_subsampled_depth_5G_contig_6164	8393.354	8480.07	18340	2298076.5	2224.8945	95989.6	8376.88	8463.533	18340	2229885	2220.054	96520	8342.607	8435.122	18340	2134825.5	2230.0654	96867.32	7274.369	7352.603	18340	1585395.4	1952.4854	86959.9	7683.113	7763.33	18340	1757832.4	2047.6709	91884.56	7506.4893	7589.8296	18340	1698567.5	2010.0613	89178.63	4022.4844	4029.375	18340	1240382.9	901.6882	7777.6753	3525.5227	3529.5408	18340	948089.44	770.32153	5725.9956	4074.0056	4075.1147	18340	1366538.5	889.9123	6927.068	10.068059	9.944173	18278	16.629377	66.65043	1898.9327	10.174216	10.166382	18280	18.234035	62.752552	1774.3611	11.992798	11.87894	18306	17.97427	72.46026	2031.9205
M3_S27_subsampled_depth_5G_contig_6420	0	0	0	0	0	0	0	0	0	0	0	0	0	0	0	0	0	0	0	0	0	0	0	0	0	0	0	0	0	0	0	0	0	0	0	0	0	0	0	0	0	0	0	0	0	0	0	0	0	0	0	0	0	0	145.14328	143.06084	38389	778.6926	963.91144	27462.725	151.6152	149.39044	38389	675.3621	945.6983	26740.115	154.29387	152.20177	38389	612.92096	940.99176	26387.162
M3_S27_subsampled_depth_5G_contig_6771	29.502989	28.26875	10353	130.69739	7.9003463	340.84808	29.912315	28.967672	10337	139.83406	8.028029	349.0301	32.698246	31.8893	10354	124.348274	8.832402	383.65292	33.816105	33.020355	10327	168.98192	9.155739	407.77878	33.37817	32.823227	10353	107.57539	8.979629	402.94037	34.022728	33.313923	10351	128.4682	9.220793	409.09085	3.220143	3.044084	8924	6.7772236	0.71611	6.176937	2.755266	2.5523021	8294	6.177607	0.5995504	4.45661	2.9014401	2.6071622	8196	8.453737	0.63465476	4.940145	3.9714901	3.921193	9865	5.189369	28.967766	825.3183	2.8025866	2.7414825	9595	2.913307	17.517078	495.30453	4.345939	4.269729	10142	5.1676955	25.996012	728.9763
M3_S27_subsampled_depth_5G_contig_7708	0	0	0	0	0	0	0	0	0	0	0	0	0	0	0	0	0	0	0	0	0	0	0	0	0	0	0	0	0	0	0	0	0	0	0	0	0	0	0	0	0	0	0	0	0	0	0	0	0	0	0	0	0	0	16.584696	15.072264	10771	276.05164	119.16305	3395.0647	15.79169	13.581662	10788	336.4156	110.39008	3121.3362	19.458357	17.587929	10788	362.12552	132.03827	3702.598
M3_S27_subsampled_depth_5G_contig_7839	0	0	0	0	0	0	0	0	0	0	0	0	0	0	0	0	0	0	0	0	0	0	0	0	0	0	0	0	0	0	0	0	0	0	0	0	0	0	0	0	0	0	0	0	0	0	0	0	0	0	0	0	0	0	3.3170824	3.2216625	2556	5.525508	23.586721	672.00745	2.4474678	2.388749	2505	2.65792	15.3067045	432.8051	4.7226	4.68178	2796	2.5733047	27.977589	784.54333
M3_S27_subsampled_depth_5G_contig_9815	0	0	0	0	0	0	0	0	0	0	0	0	0	0	0	0	0	0	0	0	0	0	0	0	0	0	0	0	0	0	0	0	0	0	0	0	0	0	0	0	0	0	0	0	0	0	0	0	0	0	0	0	0	0	5.1221557	5.017202	11533	8.194333	34.439693	981.2185	6.06929	6.0111194	11702	7.718186	37.16811	1050.9479	5.4804106	5.4240637	11589	6.296347	32.8807	922.0359
M3_S27_subsampled_depth_5G_contig_10956	0	0	0	0	0	0	0	0	0	0	0	0	0	0	0	0	0	0	0	0	0	0	0	0	0	0	0	0	0	0	0	0	0	0	0	0	0	0	0	0	0	0	0	0	0	0	0	0	0	0	0	0	0	0	11.653136	11.531993	11088	17.566425	78.57711	2238.734	11.106052	10.875686	11015	19.947964	70.56735	1995.3284	11.545164	11.428093	11088	16.054506	70.303444	1971.439
M3_S27_subsampled_depth_5G_contig_11159	4.327574	4.223145	8937	7.9274454	1.1816945	50.982388	3.4584217	3.3002582	9083	6.0276012	0.94967437	41.28845	3.511266	3.3669324	9169	5.9376507	0.9660399	41.961853	4.297363	4.131777	9032	8.4345045	1.191901	53.08493	4.044458	3.9107645	9505	7.70154	1.0984558	49.2907	4.048702	3.9521832	9614	6.0388575	1.1125797	49.36084	0	0	0	0	0	0	0	0	0	0	0	0	0	0	0	0	0	0	6.8052945	6.0371532	10011	93.45188	59.260876	1688.3966	5.962413	5.381412	10016	61.426636	49.172142	1390.3678	9.038093	8.382197	10047	76.73531	66.90476	1876.1339
M3_S27_subsampled_depth_5G_contig_11356	0	0	0	0	0	0	0	0	0	0	0	0	0	0	0	0	0	0	0	0	0	0	0	0	0	0	0	0	0	0	0	0	0	0	0	0	0	0	0	0	0	0	0	0	0	0	0	0	0	0	0	0	0	0	10.612935	10.41157	15534	20.535751	72.347	2061.2327	13.658238	13.448689	15535	18.932463	85.462135	2416.4863	11.031004	10.71965	15535	17.566574	67.8026	1901.3102
M3_S27_subsampled_depth_5G_contig_12057	0	0	0	0	0	0	0	0	0	0	0	0	0	0	0	0	0	0	0	0	0	0	0	0	0	0	0	0	0	0	0	0	0	0	0	0	0	0	0	0	0	0	0	0	0	0	0	0	0	0	0	0	0	0	18.06372	16.591305	26829	113.97249	129.82945	3698.961	21.028486	19.44351	26829	145.95024	143.18628	4048.6675	19.20162	17.725315	26829	132.28062	129.51137	3631.74
M3_S27_subsampled_depth_5G_contig_12315	0	0	0	0	0	0	0	0	0	0	0	0	0	0	0	0	0	0	0	0	0	0	0	0	0	0	0	0	0	0	0	0	0	0	0	0	0	0	0	0	0	0	0	0	0	0	0	0	0	0	0	0	0	0	101.7523	71.19686	11680	125246.305	935.5319	26654.168	106.03808	73.37136	11680	146848.89	949.8971	26858.838	104.17771	71.34332	11680	150328.4	924.082	25912.98
M3_S27_subsampled_depth_5G_contig_13561	4.2416286	4.1047916	13975	7.8007035	1.1597471	50.035458	4.198567	4.061926	13231	9.058343	1.1318322	49.208035	4.814248	4.6537046	14078	8.487509	1.3347906	57.9793	4.3305087	4.0248775	14257	9.9328575	1.2041799	53.631805	5.5039964	5.375383	14492	8.92457	1.5161949	68.03576	4.9257956	4.7136407	14463	9.858823	1.3478011	59.79672	0	0	0	0	0	0	0	0	0	0	0	0	0	0	0	0	0	0	4.8187957	4.6005816	14269	10.192892	32.621296	929.41064	4.993937	4.813227	14279	9.359297	31.215742	882.6412	4.476712	4.34729	14079	7.7307673	27.665049	775.77924
M3_S27_subsampled_depth_5G_contig_15645	0	0	0	0	0	0	0	0	0	0	0	0	0	0	0	0	0	0	0	0	0	0	0	0	0	0	0	0	0	0	0	0	0	0	0	0	0	0	0	0	0	0	0	0	0	0	0	0	0	0	0	0	0	0	5.676349	5.5929284	11839	7.5931187	38.151894	1086.9824	4.649322	4.5522404	11565	6.7371526	29.318579	828.9982	5.8879347	5.802544	12027	5.242661	35.545902	996.77313
M3_S27_subsampled_depth_5G_contig_16603	0	0	0	0	0	0	0	0	0	0	0	0	0	0	0	0	0	0	0	0	0	0	0	0	0	0	0	0	0	0	0	0	0	0	0	0	0	0	0	0	0	0	0	0	0	0	0	0	0	0	0	0	0	0	8.435974	8.314863	15550	13.041809	57.702305	1643.9912	6.5174026	6.353824	15517	9.22965	41.4633	1172.3965	9.27487	9.158225	15550	11.861776	56.74013	1591.0983
M3_S27_subsampled_depth_5G_contig_19036	0	0	0	0	0	0	0	0	0	0	0	0	0	0	0	0	0	0	0	0	0	0	0	0	0	0	0	0	0	0	0	0	0	0	0	0	0	0	0	0	0	0	0	0	0	0	0	0	0	0	0	0	0	0	5.9986663	5.8259435	19383	11.213355	40.428032	1151.8323	5.780907	5.614784	19465	9.008529	36.137295	1021.801	5.415461	5.318591	19294	7.7230897	33.153706	929.69165
M3_S27_subsampled_depth_5G_contig_19110	0	0	0	0	0	0	0	0	0	0	0	0	0	0	0	0	0	0	0	0	0	0	0	0	0	0	0	0	0	0	0	0	0	0	0	0	0	0	0	0	0	0	0	0	0	0	0	0	0	0	0	0	0	0	7.1417828	6.875132	11652	13.267292	47.722862	1359.6685	8.265064	8.057439	11714	10.957921	52.486313	1484.0782	8.498487	8.406397	11717	9.188284	51.857197	1454.1722
M3_S27_subsampled_depth_5G_contig_21439	85.037636	83.074814	42865	1343.8832	22.810804	984.13684	85.939	83.855545	42876	1219.0955	23.036972	1001.5651	86.973625	84.86987	42875	1225.0701	23.52447	1021.8322	93.06682	90.52535	42876	1458.672	25.253897	1124.7596	92.70851	90.28977	42859	1473.2867	25.01549	1122.5131	95.04901	92.683205	42876	1639.098	25.749573	1142.4088	11.695104	9.891845	41269	187.31734	2.633249	22.713575	11.015611	9.732096	40170	134.56755	2.4214232	17.999044	13.070893	11.6434965	41208	167.10895	2.8729422	22.36295	6.9021673	6.707677	42240	14.590357	49.848118	1420.2188	5.8588214	5.629505	42485	11.290965	36.520008	1032.6223	6.9512477	6.7332916	42655	11.964362	42.450405	1190.3883
M3_S27_subsampled_depth_5G_contig_21973	0	0	0	0	0	0	0	0	0	0	0	0	0	0	0	0	0	0	0	0	0	0	0	0	0	0	0	0	0	0	0	0	0	0	0	0	0	0	0	0	0	0	0	0	0	0	0	0	0	0	0	0	0	0	5.7980833	5.721282	19914	9.081592	39.600807	1128.2635	4.2599015	4.1431537	20019	5.5543947	26.277601	743.0132	6.029779	5.863398	20500	7.6566877	36.38388	1020.2713
M3_S27_subsampled_depth_5G_contig_23424	2359.5122	2365.8792	12500	164262.23	628.85345	27130.902	2235.9456	2239.751	12500	165006.7	595.66425	25897.352	2430.9006	2441.2861	12500	152862.5	653.43024	28383.045	2201.159	2208.5044	12500	119886.03	594.2407	26466.322	2192.4553	2198.8704	12500	126829.23	587.8017	26376.254	2210.5542	2215.298	12500	110928.33	595.49725	26419.91	755.2779	760.0584	12500	90935.7	169.1235	1458.8059	616.5141	621.66455	12500	54552.17	134.70438	1001.29156	891.35925	896.3568	12500	106872.71	194.7852	1516.2058	6.167692	6.0483985	12411	9.422924	41.24102	1174.995	6.6615386	6.552807	12417	6.209673	41.60666	1176.4503	6.250688	6.0946383	12500	7.485616	37.6937	1057.0015
M3_S27_subsampled_depth_5G_contig_24289	234.59717	219.6237	32857	27505.773	62.31167	2688.34	228.88852	215.91342	32368	23856.549	60.79383	2643.0984	235.01431	220.08496	32838	28059.914	62.972397	2735.3315	261.79025	239.3805	33112	45781.906	70.44041	3137.2786	251.9511	230.16359	33662	42430.133	67.312386	3020.4885	263.4805	241.6147	32793	44381.375	70.73012	3138.0208	73.42745	71.23064	32167	2141.1533	16.512922	142.4353	62.53071	60.092	32354	1624.5952	13.719274	101.97883	72.767426	70.711296	32665	1910.3418	15.9478	124.13751	5.2376456	5.181619	34959	6.3053136	34.971355	996.3664	4.3059955	4.192763	34818	5.7922864	26.650192	753.5481	5.346988	5.2299504	35316	7.068563	32.40905	908.80994
M3_S27_subsampled_depth_5G_contig_24771	33.723785	33.043114	9738	835.29565	8.884709	383.31702	33.72613	33.26569	8475	844.7064	8.894574	386.70438	32.643204	32.266293	9824	765.753	8.6664095	376.44275	48.735607	48.040005	9228	1799.2936	13.007065	579.30914	47.27883	47.039402	9553	1661.7465	12.554616	563.3597	48.971035	48.579807	9516	1769.6486	13.038564	578.4705	0	0	0	0	0	0	0	0	0	0	0	0	0	0	0	0	0	0	5.1997833	5.029577	10892	9.885542	35.31159	1006.0592	4.1211877	3.9852617	10617	7.577317	25.595428	723.72424	6.40453	6.256467	11142	13.585188	38.547733	1080.95
M3_S27_subsampled_depth_5G_contig_26621	0	0	0	0	0	0	0	0	0	0	0	0	0	0	0	0	0	0	0	0	0	0	0	0	0	0	0	0	0	0	0	0	0	0	0	0	0	0	0	0	0	0	0	0	0	0	0	0	0	0	0	0	0	0	4.833607	4.599411	26353	9.2757225	32.93923	938.46875	5.5186706	5.3070283	26628	12.169524	35.239105	996.4039	4.612584	4.4070616	26401	9.828133	28.709894	805.07886
M3_S27_subsampled_depth_5G_contig_27499	134.35226	133.25066	12070	1209.0579	36.60388	1579.2178	139.8573	138.61177	12070	1207.0801	38.040497	1653.8652	142.80226	141.56572	12070	1217.4498	39.181046	1701.9066	153.4417	152.61679	12070	1454.0709	42.345524	1885.987	147.73523	146.73723	12070	1012.7088	40.50163	1817.418	154.40587	153.48042	12070	1308.0865	42.500168	1885.568	7.24849	6.940343	11904	22.153704	1.6814356	14.503523	6.207131	5.9305553	11581	19.39035	1.4208922	10.561847	6.9442115	6.783464	11938	18.900568	1.5765686	12.271988	9.871392	9.747763	12070	17.97666	71.56853	2039.0535	8.789262	8.712714	12070	10.258631	55.036644	1556.1893	11.872987	11.82541	12070	17.98755	73.551506	2062.5208
M3_S27_subsampled_depth_5G_contig_27867	0	0	0	0	0	0	0	0	0	0	0	0	0	0	0	0	0	0	0	0	0	0	0	0	0	0	0	0	0	0	0	0	0	0	0	0	0	0	0	0	0	0	0	0	0	0	0	0	0	0	0	0	0	0	13.6975565	11.407561	11405	205.70059	100.33717	2858.6982	14.74829	12.13128	11405	240.04195	102.868126	2908.651	14.147401	11.673477	11405	226.81967	97.140656	2724.005
M3_S27_subsampled_depth_5G_contig_28536	0	0	0	0	0	0	0	0	0	0	0	0	0	0	0	0	0	0	0	0	0	0	0	0	0	0	0	0	0	0	0	0	0	0	0	0	0	0	0	0	0	0	0	0	0	0	0	0	0	0	0	0	0	0	6.29838	6.149656	18287	9.51602	42.220535	1202.9016	5.0074472	4.950296	18329	4.980482	30.75185	869.52496	8.085616	7.942324	18546	9.877368	48.89832	1371.1998
M3_S27_subsampled_depth_5G_contig_5015|provirus_248_50287	3.332732	3.148412	44728	6.185265	0.91056496	39.284893	3.1429143	3.0146542	46485	4.58091	0.85803765	37.30442	3.292243	3.1218655	45595	6.0351005	0.9075753	39.422333	3.3016436	3.129482	46293	5.69295	0.9142421	40.71856	3.164642	3.0165026	44185	5.594933	0.87253004	39.15279	3.2949889	3.137299	46329	5.9514446	0.9121475	40.468433	0	0	0	0	0	0	0	0	0	0	0	0	0	0	0	0	0	0	142.01949	138.80243	50039	2398.297	931.6361	26543.17	157.31358	154.54596	50039	3214.7078	975.0599	27570.322	163.5342	160.09059	50038	3294.8064	991.2499	27796.486
M3_S27_subsampled_depth_5G_contig_8356|provirus_3_17025	0	0	0	0	0	0	0	0	0	0	0	0	0	0	0	0	0	0	0	0	0	0	0	0	0	0	0	0	0	0	0	0	0	0	0	0	0	0	0	0	0	0	0	0	0	0	0	0	0	0	0	0	0	0	18.95324	18.998816	17023	22.40019	124.13428	3536.6995	14.940496	14.870021	16993	14.976425	92.475204	2614.7854	19.487524	19.370186	17008	21.589008	118.94277	3335.376
M3_S27_subsampled_depth_5G_contig_12856|provirus_13178_57011	0	0	0	0	0	0	0	0	0	0	0	0	0	0	0	0	0	0	0	0	0	0	0	0	0	0	0	0	0	0	0	0	0	0	0	0	0	0	0	0	0	0	0	0	0	0	0	0	0	0	0	0	0	0	10.52589	10.432013	43796	12.842971	68.35963	1947.6285	13.3727455	13.229906	43834	18.793478	83.37223	2357.394	11.297134	11.225201	43834	14.175388	68.913895	1932.4729
M3_S27_subsampled_depth_5G_contig_14949|provirus_380_39350	0	0	0	0	0	0	0	0	0	0	0	0	0	0	0	0	0	0	0	0	0	0	0	0	0	0	0	0	0	0	0	0	0	0	0	0	0	0	0	0	0	0	0	0	0	0	0	0	0	0	0	0	0	0	8.776436	8.636739	38845	20.210375	57.75084	1645.3746	9.464027	9.3652935	38735	18.778954	58.82476	1663.3003	8.203446	8.087982	38865	12.558604	49.855	1398.027
M3_S27_subsampled_depth_5G_contig_23129|provirus_71370_106812	3.3829656	3.1875648	32860	6.335085	0.9109936	39.303406	3.6344318	3.4339683	34094	6.295915	0.971621	42.24263	3.5670247	3.2248387	33023	8.871718	0.9687181	42.078182	5.63548	5.3366284	34795	12.194588	1.5289925	68.098335	5.563936	5.3204155	34626	10.669472	1.4989346	67.26128	5.595557	5.444703	34772	9.103225	1.5106347	67.02103	0	0	0	0	0	0	0	0	0	0	0	0	0	0	0	0	0	0	9.1765785	9.111003	35423	12.174133	60.249706	1716.5697	10.870881	10.760775	35443	13.837145	67.488945	1908.2858	10.962655	10.851787	35443	13.6757555	66.44321	1863.1908
