Contig	F3_S19_subsampled_depth_10G_combined_mapped Mean	F3_S19_subsampled_depth_10G_combined_mapped Trimmed Mean	F3_S19_subsampled_depth_10G_combined_mapped Covered Bases	F3_S19_subsampled_depth_10G_combined_mapped Variance	F3_S19_subsampled_depth_10G_combined_mapped RPKM	F3_S19_subsampled_depth_10G_combined_mapped TPM	F4_S20_subsampled_depth_10G_combined_mapped Mean	F4_S20_subsampled_depth_10G_combined_mapped Trimmed Mean	F4_S20_subsampled_depth_10G_combined_mapped Covered Bases	F4_S20_subsampled_depth_10G_combined_mapped Variance	F4_S20_subsampled_depth_10G_combined_mapped RPKM	F4_S20_subsampled_depth_10G_combined_mapped TPM	F5_S21_subsampled_depth_10G_combined_mapped Mean	F5_S21_subsampled_depth_10G_combined_mapped Trimmed Mean	F5_S21_subsampled_depth_10G_combined_mapped Covered Bases	F5_S21_subsampled_depth_10G_combined_mapped Variance	F5_S21_subsampled_depth_10G_combined_mapped RPKM	F5_S21_subsampled_depth_10G_combined_mapped TPM	F6_S22_subsampled_depth_10G_combined_mapped Mean	F6_S22_subsampled_depth_10G_combined_mapped Trimmed Mean	F6_S22_subsampled_depth_10G_combined_mapped Covered Bases	F6_S22_subsampled_depth_10G_combined_mapped Variance	F6_S22_subsampled_depth_10G_combined_mapped RPKM	F6_S22_subsampled_depth_10G_combined_mapped TPM	F7_S23_subsampled_depth_10G_combined_mapped Mean	F7_S23_subsampled_depth_10G_combined_mapped Trimmed Mean	F7_S23_subsampled_depth_10G_combined_mapped Covered Bases	F7_S23_subsampled_depth_10G_combined_mapped Variance	F7_S23_subsampled_depth_10G_combined_mapped RPKM	F7_S23_subsampled_depth_10G_combined_mapped TPM	F8_S24_subsampled_depth_10G_combined_mapped Mean	F8_S24_subsampled_depth_10G_combined_mapped Trimmed Mean	F8_S24_subsampled_depth_10G_combined_mapped Covered Bases	F8_S24_subsampled_depth_10G_combined_mapped Variance	F8_S24_subsampled_depth_10G_combined_mapped RPKM	F8_S24_subsampled_depth_10G_combined_mapped TPM	GP3_S28_subsampled_depth_10G_combined_mapped Mean	GP3_S28_subsampled_depth_10G_combined_mapped Trimmed Mean	GP3_S28_subsampled_depth_10G_combined_mapped Covered Bases	GP3_S28_subsampled_depth_10G_combined_mapped Variance	GP3_S28_subsampled_depth_10G_combined_mapped RPKM	GP3_S28_subsampled_depth_10G_combined_mapped TPM	GP4_S29_subsampled_depth_10G_combined_mapped Mean	GP4_S29_subsampled_depth_10G_combined_mapped Trimmed Mean	GP4_S29_subsampled_depth_10G_combined_mapped Covered Bases	GP4_S29_subsampled_depth_10G_combined_mapped Variance	GP4_S29_subsampled_depth_10G_combined_mapped RPKM	GP4_S29_subsampled_depth_10G_combined_mapped TPM	GP5_S30_subsampled_depth_10G_combined_mapped Mean	GP5_S30_subsampled_depth_10G_combined_mapped Trimmed Mean	GP5_S30_subsampled_depth_10G_combined_mapped Covered Bases	GP5_S30_subsampled_depth_10G_combined_mapped Variance	GP5_S30_subsampled_depth_10G_combined_mapped RPKM	GP5_S30_subsampled_depth_10G_combined_mapped TPM	M1_S25_subsampled_depth_10G_combined_mapped Mean	M1_S25_subsampled_depth_10G_combined_mapped Trimmed Mean	M1_S25_subsampled_depth_10G_combined_mapped Covered Bases	M1_S25_subsampled_depth_10G_combined_mapped Variance	M1_S25_subsampled_depth_10G_combined_mapped RPKM	M1_S25_subsampled_depth_10G_combined_mapped TPM	M2_S26_subsampled_depth_10G_combined_mapped Mean	M2_S26_subsampled_depth_10G_combined_mapped Trimmed Mean	M2_S26_subsampled_depth_10G_combined_mapped Covered Bases	M2_S26_subsampled_depth_10G_combined_mapped Variance	M2_S26_subsampled_depth_10G_combined_mapped RPKM	M2_S26_subsampled_depth_10G_combined_mapped TPM	M3_S27_subsampled_depth_10G_combined_mapped Mean	M3_S27_subsampled_depth_10G_combined_mapped Trimmed Mean	M3_S27_subsampled_depth_10G_combined_mapped Covered Bases	M3_S27_subsampled_depth_10G_combined_mapped Variance	M3_S27_subsampled_depth_10G_combined_mapped RPKM	M3_S27_subsampled_depth_10G_combined_mapped TPM
F3_S19_subsampled_depth_10G_contig_578	52.261395	50.146374	10617	846.85675	8.32197	277.46744	52.842648	50.5682	10617	1096.1287	8.474995	281.73587	56.423042	54.102962	10617	1261.6836	9.089577	305.70477	59.726475	57.325123	10617	1222.9885	9.759546	356.72742	62.463264	59.531155	10617	1458.9254	10.016067	363.75388	60.414158	57.748116	10617	1279.5117	9.813062	347.63904	2.4080443	2.1810849	9205	7.2581925	0.33769348	3.1165783	2.7568548	2.56183	9719	4.8087325	0.34108013	2.8247733	3.1023216	2.8868484	9374	6.569598	0.39444712	3.5410328	5.4266744	5.19361	10241	14.962017	19.567612	553.55347	4.323397	4.093621	10488	11.847534	13.571243	383.09244	5.0758576	4.698546	10570	21.580526	16.436638	458.71878
F3_S19_subsampled_depth_10G_contig_671	8.796231	8.71138	20605	12.37414	1.192249	39.751423	8.88308	8.909362	20319	11.3726015	1.2081167	40.161663	9.353251	9.289488	20549	12.004772	1.2829843	43.149925	8.595343	8.51177	20599	12.150308	1.1810386	43.1689	8.251758	8.138045	20505	11.158852	1.1325519	41.130936	8.659442	8.59834	20601	10.387852	1.1867573	42.042244	4.2708454	4.2077456	19980	5.279566	0.48552057	4.4808764	3.6984475	3.6012692	19127	5.8062935	0.40735105	3.3736188	4.3542767	4.2303643	20095	6.047747	0.48515967	4.3553786	0	0	0	0	0	0	0	0	0	0	0	0	0	0	0	0	0	0
F3_S19_subsampled_depth_10G_contig_782	25.137707	24.029518	13323	288.36273	3.7037451	123.488686	25.555227	24.576452	13323	310.25592	3.7375371	124.24767	28.057693	26.873323	13323	399.2176	4.176928	140.48042	29.868063	28.73796	13323	420.37418	4.435533	162.12602	30.274576	28.986338	13323	471.27133	4.4782696	162.63751	30.470963	29.051193	13323	450.01154	4.5038495	159.55405	0	0	0	0	0	0	0	0	0	0	0	0	0	0	0	0	0	0	0	0	0	0	0	0	0	0	0	0	0	0	2.6086693	2.292654	10051	8.9441	7.9961896	223.16003
F3_S19_subsampled_depth_10G_contig_799	130.24059	117.69611	14914	9875.115	18.063698	602.27185	138.18193	123.88629	14914	12773.752	19.086824	634.50726	143.77419	129.03093	14914	13195.979	20.051287	674.3742	143.06259	127.74593	14914	14426.854	20.011364	731.4481	149.14142	133.91278	14914	14761.99	20.735924	753.0675	144.45143	129.84889	14914	13797.613	20.08106	711.39453	66.49831	66.5581	14914	948.05365	7.6754737	70.837074	55.78136	56.1396	14914	593.8465	6.2584476	51.83149	64.28021	65.06299	14914	780.97217	7.2269535	64.877846	0	0	0	0	0	0	0	0	0	0	0	0	0	0	0	0	0	0
F3_S19_subsampled_depth_10G_contig_897	6359.0854	6224.0737	12806	1940821.1	870.825	29034.662	6090.186	5956.0244	12806	1784531.5	833.67737	27714.105	5913.5693	5780.828	12806	1657954.6	816.4638	27459.688	5407.6167	5282.9795	12806	1405379.5	748.6197	27363.283	5085.341	4967.021	12806	1235726.5	698.8084	25378.652	5293.508	5165.5234	12806	1377369.4	729.55334	25845.264	6314.9116	6279.556	12806	5461474	728.9808	6727.776	4768.3193	4744.184	12806	3095526	532.67096	4411.4976	6516.626	6467.482	12806	5582002.5	731.08203	6563.0713	135.4601	132.4455	12806	814.02325	388.12842	10979.871	164.00475	160.57857	12806	1110.3217	450.05743	12704.337	149.60548	146.45541	12806	956.4188	400.61615	11180.5205
F3_S19_subsampled_depth_10G_contig_1291	160.1957	158.71593	11065	709.36926	22.299635	743.5044	164.03519	162.71532	11065	611.94574	22.82465	758.76434	154.79909	152.44905	11065	687.0324	21.776855	732.4093	149.40541	148.03838	11065	603.3379	21.061962	769.8493	154.63509	153.3831	11065	597.6674	21.553707	782.7669	145.67119	144.08733	11065	606.814	20.395521	722.53467	104.010445	103.36193	11065	289.65805	12.225976	112.833664	89.156845	88.90626	11065	232.4825	10.103349	83.6744	119.177826	118.25293	11065	547.59796	13.575403	121.86913	0	0	0	0	0	0	0	0	0	0	0	0	0	0	0	0	0	0
F3_S19_subsampled_depth_10G_contig_1697	227.3099	224.11734	40697	7963.5107	30.862604	1029.0071	227.25055	224.02315	40697	8497.991	30.824657	1024.7104	228.99551	225.60132	40697	8212.873	31.34431	1054.1868	328.2002	326.1537	40697	15128.238	45.023605	1645.6869	339.00952	337.39032	40697	15640.522	46.199337	1677.8235	338.11603	335.85962	40697	15855.4795	46.18711	1636.2316	133.53331	125.56468	40697	5659.098	15.289711	141.10895	113.34957	106.5246	40697	3991.9822	12.566687	104.0754	128.39113	120.587814	40697	5201.049	14.298193	128.35783	11.19745	10.889595	40546	29.669487	32.6352	923.22595	9.154265	8.911846	40207	22.720423	25.053219	707.2087	13.477224	13.346833	40398	37.691547	35.91547	1002.33966
F3_S19_subsampled_depth_10G_contig_1807	26.732786	26.42775	34104	143.02818	3.7573729	125.27663	27.888968	27.66875	34104	133.18387	3.8999927	129.64825	29.62941	29.398201	34104	176.52661	4.1928177	141.01479	30.01231	29.784359	34104	159.19518	4.2431507	155.09409	30.047033	29.75059	34104	188.83044	4.2262855	153.48613	30.501472	30.230137	34104	202.65443	4.3057413	152.53589	10.532338	9.773593	34006	71.13012	1.236388	11.410641	9.5191145	9.006283	33586	53.715664	1.0842303	8.979423	9.884226	9.253599	33573	61.590965	1.1276711	10.123334	0	0	0	0	0	0	0	0	0	0	0	0	2.1653414	1.971335	27194	4.9481273	5.9794655	166.87666
F3_S19_subsampled_depth_10G_contig_2155	9.474739	9.2382145	10748	17.367191	1.3120352	43.745293	9.157681	8.998223	10606	19.501106	1.2673208	42.12982	9.483018	9.248772	10714	23.0448	1.3284925	44.68047	8.869696	8.602801	10537	18.586235	1.2368441	45.208702	8.36184	8.159821	10704	14.6771145	1.170616	42.51333	8.838084	8.521793	10569	21.126493	1.238981	43.892303	0	0	0	0	0	0	0	0	0	0	0	0	0	0	0	0	0	0	2.2933483	2.1405873	8733	3.8164604	6.870139	194.35132	2.0202277	1.9134525	8744	2.654559	5.739622	162.01953	2.4912975	2.365841	9559	3.8363235	7.0068927	195.5505
F3_S19_subsampled_depth_10G_contig_2272	151.93678	148.99536	32249	1133.1458	20.616386	687.3823	148.90984	145.52673	32249	1167.2214	20.198666	671.4684	147.50432	143.88419	32249	1349.24	20.185228	678.8789	130.33229	126.90561	32249	1147.3593	17.867487	653.086	128.7512	125.41958	32249	1090.4485	17.525084	636.45935	131.70679	128.46678	32249	1037.8137	17.971815	636.67206	6.4760895	6.091897	30794	25.4768	0.73939544	6.823892	6.1084146	5.8038144	30450	20.671339	0.67528665	5.5926194	9.15178	8.685266	31239	46.06918	1.0150785	9.112569	0	0	0	0	0	0	0	0	0	0	0	0	0	0	0	0	0	0
F3_S19_subsampled_depth_10G_contig_2851	6.7420235	6.397839	15036	21.989866	0.90974706	30.332386	6.514554	5.9617405	14797	27.601923	0.87797964	29.186844	6.5401983	6.1802707	14460	24.208166	0.9008468	30.297693	5.946047	5.5929847	14922	17.089682	0.8165361	29.845757	6.0773997	5.862281	14778	12.883164	0.8294556	30.123358	5.9479785	5.450973	14656	23.840818	0.81561977	28.894274	2.4732566	2.2689261	13257	4.5070953	0.28849164	2.6624937	2.3861985	2.1642122	0	5.8209977	0	0	2.4349563	2.257974	11563	4.9041924	0.27068666	2.4300077	0	0	0	0	0	0	0	0	0	0	0	0	0	0	0	0	0	0
F3_S19_subsampled_depth_10G_contig_3134	25.812666	24.36085	23205	324.31158	3.547369	118.27483	24.801908	23.51848	23205	292.26468	3.4078555	113.28803	25.38252	24.37473	23205	283.83582	3.5212083	118.42687	34.30128	33.097828	23205	652.5637	4.757455	173.89287	34.8586	33.114693	23205	740.1801	4.7992797	174.29567	34.577488	33.00901	23205	619.6957	4.7797546	169.32832	20.235481	20.074068	22782	94.32315	2.3079667	21.300264	17.365128	17.381813	22702	69.1187	1.9156064	15.864753	18.473173	18.453857	22897	81.3502	2.0477421	18.383	0	0	0	0	0	0	0	0	0	0	0	0	0	0	0	0	0	0
F3_S19_subsampled_depth_10G_contig_3285	8589.5	7898.932	17909	45549544	1212.7218	40434.023	8598.294	7909.8154	17800	45450616	1213.718	40347.88	8555.96	7879.495	17793	44414880	1218.0708	40966.71	7489.7075	6904.5835	17875	33173494	1067.8556	39031.883	7928.9634	7305.6987	17810	36943548	1123.0436	40785.62	7725.688	7123.461	17803	35338130	1096.3326	38838.844	3798.805	3570.9487	17841	7714076	449.31607	4146.7446	3336.9063	3144.621	17801	5859665	381.50266	3159.5457	3816.7825	3585.9294	17826	7889269.5	438.11877	3933.0818	9.978659	9.043353	17086	78.41744	29.615349	837.79645	11.827243	10.767907	17336	104.592285	33.24996	938.5886	12.479081	11.688645	17640	85.97635	34.048996	950.2499
F3_S19_subsampled_depth_10G_contig_3386	17.102568	16.965014	6692	52.888893	2.4283454	80.96485	44.707428	45.032948	6680	321.3148	6.4570203	214.65205	69.89606	69.609886	6692	1007.1527	10.255206	344.90784	9.296699	9.003567	6595	25.815796	1.3250586	48.43308	9.252064	9.112262	6548	24.554255	1.3183489	47.87854	9.114797	8.9127035	6264	30.620825	1.3160919	46.624077	307550.13	314313.84	6446	11162632000	34685.19	320110.2	402283.5	410735.44	6297	19836482000	43918.598	363727.03	420702.13	429025.47	6571	21542365000	46108.695	413927.13	0	0	0	0	0	0	0	0	0	0	0	0	0	0	0	0	0	0
F3_S19_subsampled_depth_10G_contig_3924	12.139588	11.951921	25016	36.74814	1.6518263	55.074448	11.971447	11.761886	24991	34.717533	1.6333008	54.296146	12.044357	11.853217	24994	38.70364	1.6620163	55.897694	15.279378	15.124218	24979	49.403038	2.1069586	77.01283	14.965254	14.898257	24926	41.304325	2.0504065	74.46472	15.493485	15.420107	25015	47.87756	2.126381	75.32948	3.1059277	3.0160859	22232	4.900744	0.35315678	3.259288	2.446634	2.2749329	21255	4.184503	0.27158585	2.2492316	3.0321724	2.8208222	21578	6.511332	0.3368142	3.0236483	0	0	0	0	0	0	0	0	0	0	0	0	0	0	0	0	0	0
F3_S19_subsampled_depth_10G_contig_4242	8.161242	7.942445	37571	19.248806	1.1122569	37.084393	7.995115	7.797097	37529	17.898653	1.0918734	36.297367	7.8030214	7.5818043	37437	17.16925	1.0760498	36.190216	8.637506	8.420202	37714	21.31843	1.1899797	43.495697	8.744105	8.550446	37676	19.00904	1.197478	43.48885	8.975228	8.710307	37600	21.870058	1.233121	43.68472	0	0	0	0	0	0	0	0	0	0	0	0	0	0	0	0	0	0	0	0	0	0	0	0	0	0	0	0	0	0	0	0	0	0	0	0
F3_S19_subsampled_depth_10G_contig_4333	28.220484	28.021988	40779	39.50261	3.8570313	128.59947	27.563858	27.371784	40779	39.281925	3.7645962	125.1473	27.165817	26.979134	40779	44.177094	3.7458405	125.98181	28.3164	27.92228	40779	62.287537	3.9211514	143.32454	29.566542	29.282906	40779	52.805798	4.059766	147.43874	29.451378	29.072414	40779	58.082012	4.0465236	143.35269	13.654557	13.442093	40396	53.451584	1.5653135	14.446303	11.769992	11.595975	39863	43.95524	1.3075857	10.829227	13.418174	13.222496	40087	55.861008	1.4970721	13.439521	0	0	0	0	0	0	0	0	0	0	0	0	0	0	0	0	0	0
F3_S19_subsampled_depth_10G_contig_4444	2.9012988	2.7799428	19225	4.35146	0.39261734	13.090475	2.173911	2.0710602	18111	2.6573179	0.29422086	9.780845	2.2409623	2.1212294	18379	2.950985	0.30455357	10.242888	2.7152905	2.602761	19235	3.599327	0.37245262	13.613759	2.6863132	2.6138058	19660	2.865396	0.36397302	13.218421	2.3333802	2.1954155	18582	3.2044296	0.31905758	11.302983	1.922774	1.8114092	16972	2.6526217	0.22364677	2.0640404	1.5821729	1.5097681	16323	1.7146086	0.17711836	1.4668672	1.7275754	1.6387601	16674	2.0348501	0.18955407	1.7016654	0	0	0	0	0	0	0	0	0	0	0	0	0	0	0	0	0	0
F3_S19_subsampled_depth_10G_contig_4628	3.461413	3.340917	18524	4.316753	0.46821135	15.6109	2.9697304	2.8362381	17398	4.2298284	0.39946812	13.279601	3.001316	2.9051936	17166	4.4248996	0.40737262	13.700946	2.7655296	2.6513042	17393	3.6417832	0.37677413	13.771711	3.1429248	3.0242717	18088	4.2778077	0.42650375	15.489357	2.724363	2.6144578	17066	3.7394454	0.37079972	13.136009	0	0	0	0	0	0	0	0	0	0	0	0	0	0	0	0	0	0	0	0	0	0	0	0	0	0	0	0	0	0	0	0	0	0	0	0
F3_S19_subsampled_depth_10G_contig_4737	5.92821	5.782441	13803	10.3960905	0.80735266	26.918379	5.660443	5.5676956	13655	10.107028	0.76862353	25.551517	5.3807354	5.2478695	13750	8.424837	0.7430394	24.990248	4.8657546	4.716273	13353	9.02048	0.6762631	24.71852	5.5769286	5.4341536	13622	11.514564	0.7682194	27.899462	5.198509	5.0212255	13550	11.914053	0.71008646	25.155617	0	0	0	0	0	0	0	0	0	0	0	0	0	0	0	0	0	0	328.38907	325.63635	13942	17545.254	943.3757	26687.406	322.9272	324.49445	13940	15040.125	879.259	24819.953	334.58627	335.5492	13946	16195.414	888.5396	24797.637
F3_S19_subsampled_depth_10G_contig_4981	3.7747655	3.7063584	1081	5.5734334	0.4613753	15.382968	0	0	0	0	0	0	3.3566215	3.3398843	856	5.346592	0.48374876	16.269653	2.649635	2.6716764	994	1.9501851	0.3354862	12.26257	1.9781022	1.9803468	952	1.3116285	0.2775093	10.078319	0	0	0	0	0	0	0	0	0	0	0	0	0	0	0	0	0	0	0	0	0	0	0	0	21.091763	20.628902	1102	124.10013	59.91683	1695.0032	23.105318	22.846243	1109	89.699745	63.86102	1802.6858	22.637121	23.100578	1068	65.705345	59.14291	1650.5784
F3_S19_subsampled_depth_10G_contig_5784	9.356719	9.19521	15829	15.188664	1.280052	42.67891	9.547165	9.35563	15829	16.368343	1.3280921	44.150032	8.724792	8.568129	15829	13.701971	1.2162036	40.903934	8.005038	7.897541	15797	12.079131	1.1269146	41.190598	8.323362	8.21668	15829	11.113188	1.1523014	41.848156	7.868359	7.7467585	15817	13.960725	1.102404	39.05393	0	0	0	0	0	0	0	0	0	0	0	0	0	0	0	0	0	0	5.2081127	5.02317	15110	11.035332	16.032751	453.55466	3.9784424	3.8657975	14810	6.1452174	11.725451	330.98886	5.869762	5.7141643	15800	9.47481	16.448948	459.06232
F3_S19_subsampled_depth_10G_contig_6794	4.830245	4.7358956	16858	7.028767	0.655493	21.855164	4.6617804	4.4881434	16176	9.265769	0.63118064	20.982456	4.4425354	4.3427362	16599	6.8471932	0.60447615	20.33003	5.123666	5.06013	16253	8.622892	0.7040473	25.734097	4.811188	4.6349835	16432	9.665632	0.6559203	23.821085	4.1659436	4.145733	16420	4.934403	0.56934553	20.169724	0	0	0	0	0	0	0	0	0	0	0	0	0	0	0	0	0	0	0	0	0	0	0	0	0	0	0	0	0	0	0	0	0	0	0	0
F3_S19_subsampled_depth_10G_contig_6852	3.120571	3.04254	13940	3.2210507	0.42159945	14.056787	3.4851375	3.371181	13714	4.7592645	0.4677455	15.549358	3.3692307	3.3189728	14004	3.3135333	0.45773795	15.394855	3.202715	3.114626	13779	3.6399114	0.4357507	15.927407	3.2361991	3.1468017	14060	3.3338609	0.43819	15.913758	3.3523843	3.1865573	13848	4.900044	0.45649627	16.171904	5.1878176	5.038673	13956	9.944394	0.59446895	5.486363	3.3580925	3.1753423	12955	6.353242	0.36964703	3.0613594	3.651166	3.4783819	13496	7.118838	0.403466	3.621996	0	0	0	0	0	0	0	0	0	0	0	0	0	0	0	0	0	0
F3_S19_subsampled_depth_10G_contig_6889	8.248376	8.140016	14616	10.900419	1.1384342	37.95716	7.905157	7.834639	14616	10.319802	1.0997212	36.55826	8.291788	8.185177	14600	13.652636	1.1660835	39.21826	7.1768975	7.1017666	14591	8.348034	1.0182108	37.21729	8.021914	7.913825	14564	11.061463	1.1159799	40.52907	7.366722	7.328034	14509	10.111688	1.019315	36.1104	0	0	0	0	0	0	0	0	0	0	0	0	0	0	0	0	0	0	3.8613992	3.6864054	14170	5.9525137	12.296742	347.86588	3.4031522	3.2159755	13090	6.564453	9.607463	271.20203	4.090004	3.8988478	14041	7.449486	11.177987	311.95877
F3_S19_subsampled_depth_10G_contig_6996	6.650542	6.409776	25486	15.48069	0.89995474	30.005892	5.5288806	5.420161	25011	9.736701	0.7465628	24.818129	5.7331743	5.5314794	25372	12.2026005	0.7821587	26.305927	5.781393	5.590789	25021	13.33891	0.7899496	28.873972	5.410739	5.231588	25011	11.446734	0.7362608	26.73882	6.538501	6.3602	25128	13.317594	0.8920422	31.6016	3.4417896	3.2301977	21831	9.249202	0.39216396	3.6192856	3.4802315	3.2516186	22046	8.537769	0.38555664	3.1931188	3.846975	3.611775	23585	10.198444	0.4294247	3.855032	2.6618435	2.4870737	21091	4.9709406	7.6412764	216.16606	2.5142934	2.360504	21245	4.1357656	6.931136	195.65384	3.2223613	3.090202	23761	4.816803	8.793762	245.41893
F3_S19_subsampled_depth_10G_contig_7466	39.69861	38.801735	23459	341.8356	5.64921	188.35342	42.48786	41.348156	23461	346.88663	6.05335	201.23276	44.354797	43.284386	23453	374.7272	6.342621	213.31804	49.350334	48.368744	23461	461.78174	7.073431	258.54547	51.47868	50.259842	23457	589.29486	7.355301	267.12274	50.56812	49.41078	23462	497.527	7.250723	256.86517	3.2792983	3.0135832	17785	10.807709	0.38751543	3.5763862	3.251716	3.0163474	18099	9.419541	0.3646229	3.0197496	3.7283373	3.4744067	19289	10.869142	0.4195695	3.7665603	6.681366	6.391955	22935	20.716537	21.8894	619.2349	5.3807054	5.226146	23035	11.169158	15.162283	428.00473	6.862603	6.619579	23346	16.626957	18.97594	529.5864
F3_S19_subsampled_depth_10G_contig_7895	33.826286	10.4413185	13062	26774.326	7.7497964	258.39017	32.965225	9.910256	13046	26504.873	7.597823	252.57605	34.92457	10.720616	13026	28045.45	8.061093	271.11438	33.38778	10.496128	13062	27449.885	7.915306	289.31732	32.00945	10.158923	13062	24951.057	7.5600386	274.5583	33.119038	10.620375	13062	26128.51	7.700517	272.79968	5.950511	4.7767167	12386	81.34005	0.81688124	7.53901	4.409929	3.071072	11716	86.031235	0.6066112	5.0238595	5.8267503	4.2114096	12610	136.15317	0.81366694	7.304453	463.7985	360.8926	13062	748825.7	1662.5332	47031.848	479.3064	375.79453	13062	757758.25	1661.4313	46899.305	560.999	448.25082	13062	869532.9	1860.9602	51936.242
F3_S19_subsampled_depth_10G_contig_8626	34.43261	30.869625	18446	3710.536	6.267802	208.97833	35.29241	31.77842	18446	3916.1162	6.457766	214.67682	38.311928	34.41863	18446	4480.2827	6.992386	235.17116	43.627296	39.216965	18446	6016.2456	8.065723	294.8155	43.068596	38.67185	18446	6115.9795	7.8705206	285.83408	44.615765	39.947655	18446	6339.8994	8.1826935	289.88132	0	0	0	0	0	0	0	0	0	0	0	0	0	0	0	0	0	0	2.994917	2.570136	15211	33.31722	13.562822	383.6822	2.0095103	1.6946199	13920	14.471623	7.369914	208.03976	3.1363685	2.7535827	16314	32.28908	10.925871	304.9224
F3_S19_subsampled_depth_10G_contig_8911	7.436703	6.3240576	11276	65.88039	1.2111707	40.382305	6.850422	5.758229	11155	64.85488	1.1032879	36.676823	6.0554857	4.8933773	11175	61.410053	0.99074155	33.32108	5.419016	4.431977	10915	49.920753	0.919222	33.599075	5.7609982	4.7651105	10998	46.109344	0.96333355	34.98542	5.7117076	4.687313	11026	51.24982	0.9424796	33.388416	0	0	0	0	0	0	0	0	0	0	0	0	0	0	0	0	0	0	0	0	0	0	0	0	0	0	0	0	0	0	2.8944156	2.4039497	9384	11.102975	9.578603	267.32254
F3_S19_subsampled_depth_10G_contig_10445	5.1966376	4.9995427	17132	7.463213	0.7012625	23.381184	4.7034273	4.523937	16556	8.213685	0.643487	21.391565	5.0998178	4.9787736	17097	6.8953853	0.696168	23.413849	5.1329727	4.9819083	16652	9.953981	0.70701593	25.842604	4.6233616	4.505976	16679	6.3676586	0.63006574	22.882116	4.7633295	4.64261	17053	5.961032	0.652311	23.108873	0	0	0	0	0	0	0	0	0	0	0	0	0	0	0	0	0	0	2.155958	1.9689113	13357	4.1582155	6.22789	176.18243	2.437129	2.1952844	14188	5.359054	6.996771	197.50662	2.3092117	2.1394422	13891	4.3818665	6.2773595	175.19038
F3_S19_subsampled_depth_10G_contig_10526	123.16759	122.63605	45076	303.60965	16.73707	558.04004	128.19121	127.38752	45076	347.2283	17.401546	578.4832	128.34789	127.431366	45076	401.3555	17.576405	591.13763	124.12064	123.32005	45076	374.45255	17.037949	622.7652	131.2148	130.5335	45076	380.0827	17.874022	649.1315	124.88287	123.87985	45076	387.73172	17.066734	604.60864	76.09369	72.60832	45076	1131.9951	8.722249	80.49775	66.08051	63.898056	45076	696.731	7.331994	60.72245	75.77111	73.1175	45076	920.289	8.444481	75.80779	84.62051	84.16105	45076	230.1457	241.23293	6824.3022	90.60161	90.157394	45076	163.86938	247.25998	6979.72	83.19739	82.85997	45076	143.72433	221.72876	6188.0757
F3_S19_subsampled_depth_10G_contig_10674	30.590351	30.091413	17186	129.98563	4.187624	139.62189	31.93556	31.271305	17189	170.92622	4.3578763	144.86969	31.656319	31.270914	17185	124.04105	4.3766737	147.19835	37.758495	37.162354	17189	193.47136	5.214016	190.58095	39.82047	39.356655	17188	224.58774	5.4799237	199.01468	39.77164	39.32177	17186	214.8747	5.4697685	193.77278	3.7925348	3.6378691	16495	6.6916075	0.43312907	3.9973528	3.6590176	3.5358284	16403	4.9999347	0.4029834	3.3374455	3.8550384	3.660364	16199	7.0289903	0.43194285	3.8776383	5.3392806	5.1955404	16514	9.650641	17.092978	483.54782	4.4436293	4.303123	16313	8.909005	12.123766	342.23273	6.1677327	5.927561	16946	16.424969	16.373177	456.9476
F3_S19_subsampled_depth_10G_contig_10861	59.76205	59.48748	24466	107.96673	8.273309	275.8451	53.60812	53.193047	24466	84.670204	7.428988	246.96335	58.42104	58.041397	24466	121.629036	8.174728	274.93637	50.623993	50.27241	24466	96.62587	7.0957503	259.36142	47.881763	47.625195	24466	69.323296	6.6417117	241.20724	48.398422	48.09947	24466	92.97775	6.7546844	239.29251	12.854211	12.635566	24466	29.343204	1.4829469	13.686136	10.73832	10.459472	24466	26.127987	1.2085336	10.008885	14.002015	13.726355	24466	47.12807	1.5869029	14.245941	0	0	0	0	0	0	0	0	0	0	0	0	0	0	0	0	0	0
F3_S19_subsampled_depth_10G_contig_11261	4.384775	4.2424273	10135	9.507313	0.59395236	19.803291	3.940666	3.7382874	10459	6.470725	0.5344979	17.768427	4.1621547	4.047794	10145	6.390212	0.57001424	19.170977	3.513725	3.4517345	10070	4.3453064	0.48064545	17.568388	3.9775493	3.8646894	9978	7.1885524	0.5400767	19.613985	4.0275445	3.9017923	10341	5.7103744	0.5474136	19.392761	0	0	0	0	0	0	0	0	0	0	0	0	0	0	0	0	0	0	0	0	0	0	0	0	0	0	0	0	0	0	0	0	0	0	0	0
F3_S19_subsampled_depth_10G_contig_11814	9.003414	8.864115	6536	19.615948	1.310012	43.67784	19.536396	19.137783	6523	65.89851	2.8318894	94.14111	16.814838	16.401793	6471	70.64826	2.4505117	82.41675	0	0	0	0	0	0	1.6618035	1.5714779	0	2.0717278	0	0	1.9731492	1.7009829	0	4.8544483	0	0	48926.15	49655.53	6582	53419916	5517.727	50923.184	58130.85	59011.3	6586	75917420	6346.0576	52557.074	28103.201	28526.033	6533	17707946	3080.555	27654.762	0	0	0	0	0	0	0	0	0	0	0	0	0	0	0	0	0	0
F3_S19_subsampled_depth_10G_contig_12154	6.0852733	5.9352913	11722	11.921091	0.83403546	27.808058	6.0469856	5.96883	11388	11.108914	0.8299059	27.588732	5.5345783	5.3550925	11200	12.713945	0.7696177	25.884142	5.272704	5.070393	11529	10.614353	0.73789203	26.97116	5.8179417	5.6014214	11571	13.674934	0.7963647	28.921595	4.7876697	4.7109427	11335	7.351465	0.66877335	23.69206	0	0	0	0	0	0	0	0	0	0	0	0	0	0	0	0	0	0	3.524772	3.3235433	9784	7.828803	11.020803	311.77054	3.6965976	3.5058267	11075	7.226376	10.280935	290.21295	5.341349	5.2452865	11558	9.44965	14.291289	398.84576
F3_S19_subsampled_depth_10G_contig_12429	91.64759	74.899826	56826	10378.84	12.4756775	415.95853	91.4401	74.98675	56826	9560.274	12.4395075	413.529	93.29288	76.242165	56826	10682.877	12.801594	430.5491	96.721985	79.80431	56826	10091.319	13.301835	486.20395	100.03342	84.91237	56826	8688.4	13.667653	496.36874	97.48402	81.69716	56826	9223.272	13.344086	472.7295	50.472034	48.879375	56826	492.69513	5.7945433	53.477917	44.35006	43.284767	56826	344.89337	4.9401636	40.91369	49.047092	47.357655	56826	468.25894	5.4731708	49.133755	153.07147	143.6964	56826	3348.8115	440.8547	12471.458	153.14116	143.57289	56826	2859.2642	416.3838	11753.788	200.10878	185.75476	56826	5941.3936	532.1496	14851.3955
F3_S19_subsampled_depth_10G_contig_12633	10.290293	10.158962	37916	13.543066	1.3978539	46.60661	10.663579	10.575512	37933	13.358198	1.4473759	48.11542	11.192903	11.08301	37919	15.601614	1.536	51.65946	11.014979	10.86315	37936	16.595884	1.5141565	55.34492	11.5634365	11.485356	37936	13.131414	1.5797845	57.373104	11.442968	11.256292	37936	17.741524	1.5611249	55.30461	6.6061506	6.451423	37519	12.998137	0.76285464	7.040398	5.7535067	5.6299987	37615	8.971129	0.637984	5.283686	6.3040543	6.127029	37566	10.440433	0.70369637	6.3172226	0	0	0	0	0	0	0	0	0	0	0	0	0	0	0	0	0	0
F3_S19_subsampled_depth_10G_contig_12932	98.39715	83.116486	54966	8817.517	13.377058	446.01202	99.02899	83.123314	54966	8886.55	13.450138	447.1257	96.89631	81.09644	54966	9092.279	13.279459	446.62088	86.4549	73.34336	54966	6188.7456	11.8747425	434.0414	87.70377	75.5116	54966	5736.358	11.9622	434.4317	86.392296	73.64815	54966	6136.3174	11.807718	418.302	69.74573	67.81515	54966	787.313	8.002689	73.85691	53.695034	52.585453	54966	399.65674	5.9523115	49.296104	65.56246	64.16953	54966	561.8106	7.3051085	65.57947	0	0	0	0	0	0	0	0	0	0	0	0	0	0	0	0	0	0
F3_S19_subsampled_depth_10G_contig_13137	30.198236	27.022001	18532	390.2545	4.3634567	145.48442	28.353117	24.944029	18532	437.7474	4.1005487	136.31537	30.641117	27.739483	18532	365.40646	4.4491935	149.63736	25.574203	22.763298	18532	302.8271	3.7341938	136.491	22.653847	20.41447	18532	206.93533	3.2770817	119.013916	24.528126	22.276716	18532	224.40308	3.562136	126.192726	0	0	0	0	0	0	0	0	0	0	0	0	0	0	0	0	0	0	4.6826243	2.6544366	16071	158.24756	15.854261	448.50534	4.2838645	2.3117142	15976	183.0916	13.727009	387.48956	5.6592317	3.3595865	17578	268.01117	17.95368	501.0568
F3_S19_subsampled_depth_10G_contig_13173	12.379359	12.227187	40953	19.520931	1.6896833	56.336697	11.537068	11.274787	40953	19.955309	1.5709472	52.223312	11.920741	11.635623	40945	24.900875	1.637479	55.072453	10.871922	10.735888	40953	19.266232	1.5000191	54.828194	12.603044	12.477657	40953	20.910679	1.7194097	62.443897	11.426586	11.175912	40953	20.609652	1.5626909	55.360123	5.011298	4.604689	39434	15.294587	0.57512605	5.3078475	4.008382	3.6548758	38036	12.494023	0.44577292	3.691824	5.159204	4.863628	39439	13.120037	0.5789289	5.1971636	13.972527	10.457996	40860	6824.64	58.567722	1656.8378	13.479156	10.027422	40876	7747.632	57.525578	1623.8467	14.62042	11.077935	40944	8051.475	59.695236	1665.9928
F3_S19_subsampled_depth_10G_contig_13241	15.94784	15.811564	42827	20.913548	2.1653666	72.19667	15.316267	15.131679	42845	22.098715	2.0791044	69.116066	16.68186	16.548964	42845	25.584673	2.285147	76.85508	15.494062	15.421318	42845	19.237644	2.1289601	77.81696	15.35681	15.288807	42845	20.242939	2.0940988	76.05146	15.423985	15.318448	42845	20.710756	2.1098883	74.745255	5.866284	5.3199573	42108	22.157578	0.6714461	6.1967854	4.806886	4.3847294	40524	17.077312	0.5330945	4.415005	5.4858413	5.1147633	41793	15.947654	0.60905075	5.46757	0	0	0	0	0	0	0	0	0	0	0	0	0	0	0	0	0	0
F3_S19_subsampled_depth_10G_contig_13305	33.812897	33.583317	38880	71.502785	4.5956836	153.22726	31.769009	31.605003	38883	67.55391	4.317894	143.54066	31.80301	31.488798	38883	75.40225	4.3551464	146.47424	32.633	32.405125	38883	74.50852	4.4775534	163.66193	32.32897	32.00115	38883	69.00155	4.414971	160.3387	33.557716	33.169388	38883	77.81602	4.5862455	162.47304	17.141844	15.141476	38864	240.68251	1.9632627	18.11898	12.830945	11.632828	38768	113.91054	1.4213294	11.771236	15.189993	13.834084	38856	139.7375	1.6919359	15.188852	4.4467506	4.2698717	37320	7.8314943	13.136001	371.60776	3.932693	3.846763	37479	4.789567	10.834249	305.8319	4.7990603	4.6858954	38482	6.2051806	13.014243	363.2055
F3_S19_subsampled_depth_10G_contig_13323	10.989498	10.908889	12148	11.858855	1.492708	49.76919	10.26171	10.157222	12116	11.459714	1.3887938	46.167946	11.518253	11.445556	12148	13.187255	1.5762361	53.012688	12.611519	12.539907	12148	17.573757	1.7270105	63.125046	10.23929	10.00713	12132	18.048018	1.3916827	50.541805	11.138106	10.975463	12147	15.053112	1.5211427	53.888256	5.330055	5.253611	11972	7.608816	0.6072142	5.603991	3.6351058	3.5092592	11723	5.0918145	0.4115887	3.4087148	4.4569097	4.3962035	11605	6.1252995	0.49856147	4.475687	0	0	0	0	0	0	0	0	0	0	0	0	0	0	0	0	0	0
F3_S19_subsampled_depth_10G_contig_13361	5.3243437	5.2834325	10978	6.753413	0.7232209	24.113308	5.134667	5.054861	11069	7.381522	0.70100135	23.303514	4.7650476	4.6622024	11058	6.5409346	0.65094125	21.892754	5.439364	5.402976	11042	7.1710587	0.75043243	27.42954	5.632613	5.5305557	11213	6.7516804	0.76659214	27.84035	5.523933	5.415774	11152	8.224265	0.7561625	26.787926	0	0	0	0	0	0	0	0	0	0	0	0	0	0	0	0	0	0	0	0	0	0	0	0	0	0	0	0	0	0	2.115467	2.0430555	9462	2.3959725	5.779828	161.30525
F3_S19_subsampled_depth_10G_contig_13408	333.29202	331.65836	37683	2114.2544	45.222282	1507.7813	318.99896	318.05573	37683	1629.7389	43.247185	1437.6747	324.927	323.24927	37683	2081.1392	44.432396	1494.3706	285.33444	283.6305	37683	2022.1865	39.102512	1429.2612	269.80182	268.478	37683	1360.59	36.7358	1334.1357	281.32825	280.11847	37683	1738.0131	38.386944	1359.9019	136.13521	131.80344	37683	2964.732	15.583501	143.82033	107.74108	104.99535	37683	1689.6553	11.954018	99.00136	129.092	124.587166	37683	2748.2898	14.384045	129.12851	0	0	0	0	0	0	0	0	0	0	0	0	1.9583566	1.8571386	31460	2.2957451	5.179482	144.55061
F3_S19_subsampled_depth_10G_contig_13447	22.09063	21.841064	34951	42.75138	2.992314	99.76842	22.485819	22.294212	34946	41.908493	3.048363	101.33732	21.464441	21.20357	34951	37.753246	2.9370513	98.7803	19.939283	19.668657	34948	40.785603	2.7304485	99.80239	19.703571	19.5549	34951	32.165344	2.6797793	97.32168	19.635038	19.387249	34951	34.80365	2.6776838	94.86002	2.9737937	2.8198972	31620	4.682245	0.34013543	3.1391144	2.7281687	2.6226814	30971	3.7717376	0.30132234	2.4955034	3.626189	3.4937901	33162	5.6148877	0.4029023	3.6169355	0	0	0	0	0	0	0	0	0	0	0	0	0	0	0	0	0	0
F3_S19_subsampled_depth_10G_contig_13484	351.7263	351.23083	42987	6937.913	47.75685	1592.2876	343.67026	343.80295	42987	6531.8965	46.627224	1550.0381	335.3286	334.3862	42987	6661.2593	45.898533	1543.6808	333.7895	333.21826	42987	5465.9014	45.79814	1673.9973	332.2851	333.00815	42987	5174.928	45.28129	1644.482	343.0515	342.25723	42987	5985.9453	46.83673	1659.2452	0	0	0	0	0	0	0	0	0	0	0	0	0	0	0	0	0	0	58.01898	52.23582	42987	1207.8604	164.37247	4649.977	84.645164	77.93749	42987	1756.7411	231.66573	6539.5205	65.93286	60.66671	42987	1032.7605	176.18808	4917.1123
F3_S19_subsampled_depth_10G_contig_13515	83.708496	82.231895	43134	587.3902	11.3568945	378.65656	79.264305	77.67818	43134	432.04095	10.755879	357.55984	82.863045	81.3622	43134	555.7546	11.344877	381.55612	74.982994	73.82425	43134	408.25946	10.278294	375.68848	73.68176	72.31448	43134	424.676	10.031228	364.3045	75.90587	74.57961	43134	470.8239	10.36331	367.1322	36.304276	34.696945	43134	318.84662	4.158379	38.37775	28.724804	27.633278	43134	217.25473	3.1825285	26.357206	33.27729	32.09489	43134	226.50615	3.7006066	33.221096	91.025246	90.73006	43134	182.78557	257.47632	7283.815	97.62879	97.386345	43134	154.49866	264.5258	7467.102	85.383026	85.15054	43134	145.47063	226.16368	6311.8457
F3_S19_subsampled_depth_10G_contig_13591	50.952785	50.78933	31030	102.670555	7.024472	234.20674	48.94809	48.834377	31030	77.30969	6.746515	224.27588	50.010365	49.84571	31030	97.412094	6.94818	233.68445	51.241093	51.085743	31030	101.397064	7.1374664	260.8861	47.770046	47.570812	31030	87.14388	6.59618	239.55371	51.109844	51.095963	31030	98.92503	7.0679317	250.38951	0	0	0	0	0	0	0	0	0	0	0	0	0	0	0	0	0	0	0	0	0	0	0	0	2.0895402	1.9993883	26251	2.5297265	5.7452707	162.17891	2.2945273	2.1759498	26660	3.0302887	6.149075	171.61032
F3_S19_subsampled_depth_10G_contig_13792	6.874567	6.0725846	15266	39.475704	0.96129644	32.051105	6.6831517	5.8922114	15090	41.522366	0.95389074	31.710373	7.017443	6.240618	14935	50.439846	0.99584496	33.492733	9.246553	8.269217	15455	55.05002	1.3131671	47.998413	8.583067	7.9670467	15262	41.69	1.2039263	43.72302	10.008231	9.11345	15419	53.2022	1.4111692	49.992294	0	0	0	0	0	0	0	0	0	0	0	0	0	0	0	0	0	0	43.689487	35.957104	15439	5363.3784	129.3548	3659.353	46.142483	38.15787	15432	5763.7163	130.68846	3689.1074	53.21317	43.144516	15382	8864.003	146.5371	4089.6018
F3_S19_subsampled_depth_10G_contig_13840	7415.5693	7398.7085	43261	497234.44	1006.4863	33557.824	7167.2813	7149.7217	43261	479120.47	972.0723	32314.793	7305.846	7290.282	43261	450631.06	999.762	33624.457	6749.41	6734.9033	43261	367565.6	925.60126	33832.25	6344.382	6334.585	43261	322644.3	864.0226	31378.742	6575.838	6565.6704	43261	370872.8	897.6826	31801.436	3602.1003	3430.81	43261	2809327.3	412.70978	3808.9048	3064.2954	2914.633	43261	2105711.5	339.82535	2814.3806	3522.5178	3357.2014	43261	2434636.8	392.10394	3519.9963	13.156734	13.089997	43243	19.04565	37.214977	1052.7847	15.415022	15.34146	43261	17.392218	41.69859	1177.0789	15.689917	15.591789	43261	19.014822	41.50533	1158.3438
F3_S19_subsampled_depth_10G_contig_1490|provirus_84784_105135	11.295367	11.245683	20352	14.502772	1.554706	51.836334	12.528067	12.459465	20352	14.02745	1.7192202	57.15237	13.909068	13.845012	20352	17.40587	1.9354275	65.09321	13.774428	13.715652	20352	16.47359	1.9052827	69.64121	13.509059	13.395006	20352	20.8197	1.859975	67.548805	14.668301	14.483555	20352	21.057993	2.0140982	71.351746	0	0	0	0	0	0	0	0	0	0	0	0	0	0	0	0	0	0	2.1329076	1.9932351	15855	3.4656773	7.119898	201.4167	1.8721908	1.7771972	16339	2.3877037	5.0797787	143.39331	1.8487773	1.7467276	15612	2.4517112	4.9220243	137.36539
F3_S19_subsampled_depth_10G_contig_2244|provirus_2_29395	397.4914	397.81854	29394	5933.6904	54.23992	1808.444	372.844	373.46313	29394	5205.9795	50.82111	1689.4564	374.00616	374.7511	29394	4771.4766	51.4173	1729.2905	375.69235	376.37515	29394	4107.3804	51.788113	1892.9406	350.53708	351.0215	29394	4188.3047	47.95999	1741.7645	368.1433	368.55228	29394	4918.9873	50.495842	1788.873	3.9135208	3.4778116	26985	13.349666	0.45054358	4.158072	4.311175	3.907219	27385	13.43632	0.4837453	4.006306	5.5104294	5.1014056	27913	19.859106	0.6147332	5.518583	2.1667352	2.0324087	25234	2.9281878	6.1008677	172.58916	2.6140404	2.4628038	26215	4.039417	7.2005033	203.25775	2.5552592	2.463032	25659	3.2526658	6.8835006	192.10684
F3_S19_subsampled_depth_10G_contig_2402|provirus_8952_26046	24.72039	24.4881	17095	93.55675	3.448016	114.962265	25.79693	25.771229	17095	90.16478	3.5923185	119.42014	25.95987	25.546326	17095	90.93712	3.6717086	123.48857	28.557686	28.38732	17095	103.49068	4.0009336	146.24072	28.455591	28.302471	17095	89.24652	3.9978213	145.18906	29.866037	29.708937	17095	105.79474	4.196205	148.65535	6.465683	6.2996526	16451	19.132809	0.76665944	7.0755067	6.1251698	5.8997445	16032	18.478252	0.70253974	5.8183217	6.6996164	6.5337353	16650	18.155752	0.76322836	6.8516583	2.3260548	2.2378204	14488	2.9249024	7.7271104	218.59425	2.1367955	2.0038686	14332	2.9145956	6.023787	170.04099	2.3414576	2.1974952	14334	3.6689286	6.720151	187.54791
F3_S19_subsampled_depth_10G_contig_2574|provirus_293_15459	36.344677	36.175632	15167	62.07472	5.00094	166.73906	37.349205	36.817043	15167	77.99204	5.150534	171.22026	40.82786	40.423912	15167	101.70312	5.671662	190.75188	42.053207	41.640305	15167	101.01625	5.849163	213.79665	43.95532	43.54694	15167	92.72396	6.0765615	220.6828	42.468937	41.961308	15167	110.63046	5.8923497	208.7433	0	0	0	0	0	0	0	0	0	0	0	0	0	0	0	0	0	0	7.7669306	7.558778	15146	12.65625	25.046026	708.53357	6.5798097	6.492121	15142	8.085151	17.926477	506.03323	8.724246	8.618258	15167	8.711844	23.221184	648.0639
F3_S19_subsampled_depth_10G_contig_2957|provirus_17236_70027	37.414402	37.374226	52792	51.03995	5.096105	169.91212	36.783424	36.63783	52792	52.40987	5.0152154	166.72173	36.255974	36.189857	52792	47.335575	4.984899	167.65446	36.65294	36.460045	52792	48.08427	5.048394	184.52705	35.86813	35.715607	52792	54.766514	4.9085484	178.26399	35.927376	35.760056	52792	50.86955	4.924992	174.47345	35.14536	33.842545	52792	238.70778	4.0455675	37.336594	25.336025	24.480835	52792	131.57706	2.8287416	23.427206	30.14969	29.158323	52792	167.05025	3.3766234	30.312635	0	0	0	0	0	0	0	0	0	0	0	0	0	0	0	0	0	0
F3_S19_subsampled_depth_10G_contig_3006|provirus_47329_90805	26.444897	26.344942	43477	39.125904	3.5936723	119.81861	25.74164	25.727606	43477	30.421871	3.5037005	116.47425	24.703049	24.568766	43477	34.01955	3.3914196	114.06185	26.735708	26.675522	43477	33.046993	3.6840017	134.65636	24.13585	24.05316	43477	29.834187	3.2943969	119.64278	26.037252	25.94466	43477	35.464016	3.5658612	126.3247	0	0	0	0	0	0	0	0	0	0	0	0	0	0	0	0	0	0	1.7082189	1.5821772	0	2.3803096	0	0	2.5569506	2.4465702	39908	3.1448834	6.9558053	196.35031	2.263831	2.1833313	37489	2.6026206	6.0069785	167.64455
F3_S19_subsampled_depth_10G_contig_3371|provirus_2_39110	49.6119	48.901096	39109	406.4685	6.8686037	229.00989	51.93329	50.630573	39109	501.29184	7.18192	238.75	54.296722	53.217854	39109	528.86255	7.591577	255.32336	56.824276	55.410637	39109	548.1805	7.9768705	291.56784	58.186066	57.352745	39109	574.5714	8.098489	294.11316	56.767986	55.86254	39109	534.87573	7.9108863	280.2521	2.8464797	2.602795	34448	6.0788236	0.32765898	3.0239685	2.0707154	1.8461144	29861	4.4024897	0.23105954	1.9135989	2.5997586	2.4109795	33468	4.856872	0.28967428	2.6004648	4.42306	4.0767717	34899	14.025543	14.288314	404.20587	3.563798	3.2730927	35200	9.306668	9.939049	280.56204	4.885264	4.5908456	36799	13.176219	13.335443	372.16953
F3_S19_subsampled_depth_10G_contig_5413|provirus_53451_65000	27.702719	27.48382	11550	46.858627	3.7832217	126.13846	28.63921	28.411793	11550	56.219757	3.9270656	130.54828	31.958948	31.51881	11550	78.15677	4.412585	148.40605	35.75386	35.435867	11550	70.51961	4.9625125	181.38803	35.525352	35.39883	11550	63.10115	4.881492	177.28134	37.661316	37.31355	11538	94.2559	5.166714	183.03677	0	0	0	0	0	0	0	0	0	0	0	0	0	0	0	0	0	0	2.380263	2.2274854	9936	3.4896533	8.144382	230.39854	0	0	0	0	0	0	2.7520175	2.609844	10125	3.9580624	7.365158	205.54918
F3_S19_subsampled_depth_10G_contig_5429|provirus_201_22580	12.131084	12.079068	22380	16.531918	1.6561675	55.219234	11.024291	10.956767	22380	14.897156	1.502209	49.93821	12.2583	12.173981	22380	18.339962	1.6908977	56.869053	12.661359	12.558227	22380	14.876726	1.751104	64.00573	14.876204	14.84996	22380	19.585642	2.0517185	74.51238	13.394647	13.272491	22380	17.854189	1.84446	65.34212	0	0	0	0	0	0	0	0	0	0	0	0	0	0	0	0	0	0	13.019973	12.941673	22330	21.902256	37.52474	1061.5474	15.203778	15.1215515	22380	17.865166	41.338768	1166.9211	13.111966	13.072521	22380	15.866402	34.93772	975.0526
F3_S19_subsampled_depth_10G_contig_6696|provirus_7138_34158	35.82911	35.117676	27020	187.9869	4.8725696	162.45909	32.90499	32.499195	27021	109.83707	4.465939	148.46211	35.228203	34.724335	26993	132.18727	4.823017	162.20999	29.479513	29.12053	26992	125.59546	4.0557575	148.24466	27.504707	26.990738	27019	114.579124	3.7623575	136.63763	27.879126	27.440935	27019	107.36717	3.8123066	135.0553	7.3673477	7.142402	26779	17.033155	0.84690094	7.816061	6.517621	6.329791	26815	11.346464	0.7266374	6.017895	8.041383	7.8840604	27003	14.9491625	0.90088797	8.087452	0	0	0	0	0	0	0	0	0	0	0	0	0	0	0	0	0	0
F3_S19_subsampled_depth_10G_contig_6997|provirus_45798_76332	43.79714	44.53439	30535	142.96129	5.9459405	198.24693	42.779037	43.38403	30535	133.87454	5.803089	192.91316	43.797466	44.521152	30535	160.06595	5.9938216	201.58696	39.289352	39.730904	30535	127.33109	5.389618	196.99947	38.43097	39.01225	30535	115.689835	5.2369723	190.1913	39.17851	39.76641	30535	122.47617	5.3535237	189.65465	19.667665	19.204958	30512	108.176674	2.253934	20.801586	16.662563	16.16766	30186	84.4481	1.847989	15.304755	19.7844	19.29974	30400	104.16953	2.1993017	19.743591	0	0	0	0	0	0	0	0	0	0	0	0	0	0	0	0	0	0
F3_S19_subsampled_depth_10G_contig_7650|provirus_26296_56056	46.68694	44.063225	29761	401.2518	6.471935	215.7844	42.40225	40.46377	29761	300.92178	5.8804874	195.48616	44.84492	42.66579	29761	325.62155	6.2745004	211.02693	39.77897	37.44895	29761	313.66843	5.5624294	203.31592	35.75668	33.973473	29761	217.66849	4.992624	181.3173	37.664146	35.78815	29761	232.51888	5.2521343	186.06285	5.946101	5.1823945	28438	33.96967	0.69342	6.3995805	5.5026846	4.792015	28946	26.849054	0.61452776	5.089424	6.696599	6.0215	29504	29.57218	0.7534746	6.7640953	0	0	0	0	0	0	0	0	0	0	0	0	0	0	0	0	0	0
F3_S19_subsampled_depth_10G_contig_7676|provirus_3224_17917	31.315113	27.246601	14694	606.721	4.5936356	153.15887	30.182894	26.558746	14694	558.20905	4.376926	145.50302	27.948088	24.826662	14694	452.04318	4.1101794	138.2355	28.545517	25.238045	14694	459.6163	4.2017374	153.58041	29.210121	25.905424	14694	527.31635	4.265687	154.91713	27.882908	25.23155	14694	366.2233	4.062619	143.92296	2.1549091	1.6530939	11028	11.22093	0.27668557	2.5535352	0	0	0	0	0	0	2.8559544	2.3012986	12670	13.363489	0.35653856	3.2007196	35.17409	32.03728	14694	513.8169	103.16386	2918.43	51.48068	45.575096	14694	1363.0112	148.77615	4199.6924	50.108154	44.38625	14694	1304.5167	141.21498	3941.0718
F3_S19_subsampled_depth_10G_contig_8065|provirus_49773_61550	21.47248	21.32362	11778	27.391783	2.9593	98.667694	22.207344	21.89719	11778	41.498344	3.0922952	102.79777	19.588923	19.296198	11778	37.368797	2.7662325	93.035194	19.576883	19.399866	11778	23.114325	2.755255	100.70916	19.942982	19.822186	11769	26.966824	2.7715104	100.65308	19.558737	19.430155	11778	29.766653	2.737763	96.9884	0	0	0	0	0	0	0	0	0	0	0	0	0	0	0	0	0	0	3.8451152	3.5668833	11023	8.687198	12.506867	353.81012	3.4249227	3.2027519	10534	7.462755	10.021775	282.8971	4.758514	4.397191	11568	11.044286	13.230152	369.23102
F3_S19_subsampled_depth_10G_contig_8214|provirus_36830_60607	45.991703	45.849854	23778	99.631775	6.2997355	210.0429	45.9275	45.776546	23778	89.64194	6.268754	208.39342	51.121635	50.837955	23778	104.16431	7.0427914	236.8665	56.490223	56.31487	23778	114.57045	7.7913337	284.78598	56.364185	56.23037	23778	116.039276	7.730401	280.7454	56.279118	55.959324	23778	123.28057	7.752364	274.63635	0	0	0	0	0	0	0	0	0	0	0	0	0	0	0	0	0	0	5.0566278	4.921565	23344	7.7505503	16.24517	459.5641	4.4666076	4.379244	23469	5.314541	12.187731	344.03842	7.205011	7.1076837	23778	9.179368	19.191853	535.61194
F3_S19_subsampled_depth_10G_contig_9040|provirus_30152_137958	24.296051	24.116232	107807	39.873077	3.3224757	110.77649	25.124321	24.99482	107807	35.03203	3.43128	114.06675	27.987349	27.893728	107807	36.767	3.8577626	129.7461	32.37158	32.222153	107807	44.316265	4.471493	163.44044	31.43634	31.316494	107807	44.388012	4.3157516	156.73534	31.89434	31.775845	107807	44.367874	4.3823233	155.24887	0	0	0	0	0	0	0	0	0	0	0	0	0	0	0	0	0	0	2.6010385	2.470168	92217	4.0865088	8.959476	253.457	1.6100022	1.5049075	82592	1.9396741	4.4399548	125.332184	2.8688984	2.7594976	98952	3.6886716	7.6510577	213.52809
F3_S19_subsampled_depth_10G_contig_10853|provirus_116083_130496	32.182697	32.105312	14414	49.1696	4.396047	146.57108	28.871355	28.736252	14414	40.204235	3.9540398	131.44499	30.022364	30.033962	14414	47.976723	4.1613917	139.95782	26.508553	26.34024	14414	32.589706	3.675342	134.33978	23.712774	23.702057	14414	30.539719	3.2624803	118.48369	25.728127	25.65493	14414	41.248108	3.5447907	125.5783	0	0	0	0	0	0	0	0	0	0	0	0	0	0	0	0	0	0	2.3260655	2.1758063	12018	3.7563255	6.7205234	190.11877	2.5470414	2.4140832	12615	3.8456452	6.918306	195.29181	3.3990467	3.2569716	13686	5.546002	9.073224	253.2183
F3_S19_subsampled_depth_10G_contig_11011|provirus_35720_53100	60.83669	59.789154	17381	263.56772	8.488797	283.0296	60.30892	59.151653	17381	238.24016	8.417106	279.81143	62.933666	61.516216	17381	283.8115	8.892895	299.08997	68.08456	66.50377	17381	318.50552	9.639745	352.34857	72.66995	71.106064	17381	380.008	10.187178	369.96808	69.497765	67.379395	17381	342.87442	9.774472	346.27182	1.7769717	1.6805081	13867	2.0596578	0.20825043	1.921946	0	0	0	0	0	0	2.1006906	1.8909665	13650	4.11621	0.2342243	2.1026795	10.216471	9.969824	17381	19.16567	32.67984	924.48846	8.467877	8.114772	17381	17.721764	23.839172	672.93835	10.39104	10.16816	17325	19.114292	28.565248	797.20746
F3_S19_subsampled_depth_10G_contig_12223|provirus_61766_80777	13.391475	13.332941	19012	15.747382	1.8279141	60.945522	13.971795	13.803251	19012	17.93643	1.9070828	63.39749	13.308345	13.288231	19012	15.722642	1.8298178	61.541264	13.143463	13.105207	19012	19.267788	1.8123477	66.244255	12.722829	12.582411	19012	18.68888	1.753652	63.68746	12.039922	11.962418	19012	14.375212	1.6505947	58.474174	3.8677764	3.6751885	16436	10.519922	0.44754022	4.1303554	3.7169442	3.5596726	17542	6.680228	0.41414484	3.4298847	5.046867	4.8146796	18171	12.277111	0.5704301	5.1208653	17.787085	17.745995	19004	26.190605	53.373104	1509.8864	18.088167	17.673656	19012	45.773952	50.139187	1415.3418	19.453186	19.111156	19012	40.382694	52.773006	1472.8058
F3_S19_subsampled_depth_10G_contig_13712|provirus_68890_79729	140.54482	138.98555	10840	639.04517	19.6774	656.07526	134.7159	132.85825	10840	590.0297	18.82738	625.8824	129.88289	128.62991	10840	536.04865	18.254395	613.9404	119.11806	117.718666	10840	457.63336	16.865618	616.4662	109.08999	107.91031	10840	328.81552	15.285684	555.1308	118.362206	117.409164	10840	446.57553	16.629272	589.1111	2.1021516	1.9846185	9048	2.9514875	0.25320303	2.3368132	0	0	0	0	0	0	2.4943874	2.368946	9723	3.2998564	0.2893646	2.5976863	3.2025256	2.8076284	9564	13.654274	10.856512	307.12292	3.0970066	2.8119934	9901	9.236823	8.898918	251.201	3.8383536	3.4851382	10473	12.953381	11.111269	310.09662
F3_S19_subsampled_depth_10G_contig_13825|provirus_71541_86886	51.885628	51.625385	15346	79.31879	7.173849	239.18733	55.682484	55.275333	15346	116.776505	7.6916533	255.69519	57.918335	57.645123	15346	85.20934	8.019006	269.69888	61.87273	61.424187	15346	130.91939	8.647161	316.068	63.649185	63.34347	15346	117.05666	8.852098	321.48196	63.812714	63.48399	15346	129.76862	8.864829	314.0468	0	0	0	0	0	0	0	0	0	0	0	0	0	0	0	0	0	0	4.8541064	4.776356	14651	7.3026366	15.859178	448.64438	4.1766253	4.0042405	14716	6.952546	11.431421	322.6891	5.1981444	5.0759616	15246	6.943493	13.884169	387.48364
F4_S20_subsampled_depth_10G_contig_445	32.403866	31.49007	4289	192.85884	4.656273	155.24739	66.070045	63.450348	4288	672.215	9.357322	311.06723	80.4186	78.18652	4288	1044.2623	11.43754	384.67273	8.371015	8.258185	4274	15.006554	1.1948905	43.67522	13.271014	12.990606	4243	27.02487	1.9082419	69.30167	13.342996	12.991412	4276	41.48609	1.8803003	66.61182	97554.7	99161.96	4290	460077860	10894.199	100542.73	95870.45	97425.55	4290	448493120	10362.665	85821.984	70999.2	72173.04	4290	252327060	7703.268	69153.79	0	0	0	0	0	0	0	0	0	0	0	0	0	0	0	0	0	0
F4_S20_subsampled_depth_10G_contig_459	6.298378	6.051653	38189	16.075218	0.8574125	28.587482	6.821122	6.5881433	38552	18.429354	0.9256199	30.770555	6.856513	6.6556563	38136	17.35791	0.93552715	31.464083	6.7312474	6.470401	37902	20.356241	0.92449194	33.791687	6.320571	6.130926	38551	14.170451	0.8595314	31.215622	6.404936	6.2257752	38166	16.608114	0.8752029	31.005064	2.289972	2.0056665	31130	5.7515626	0.26232544	2.421005	0	0	0	0	0	0	0	0	0	0	0	0	0	0	0	0	0	0	0	0	0	0	0	0	0	0	0	0	0	0
F4_S20_subsampled_depth_10G_contig_495	5.5543127	5.406487	25244	11.04812	0.7605486	25.357872	5.8308063	5.6911187	25705	9.139558	0.79954374	26.579384	5.731886	5.585632	25221	10.8676605	0.79634255	26.78297	5.978719	5.8429394	25631	9.977332	0.8241601	30.124393	6.141677	6.019183	25386	11.223028	0.84670067	30.74967	5.945902	5.817867	25624	10.584851	0.8236851	29.179996	2.2529523	2.1313818	21558	3.1344845	0.26057142	2.4048188	0	0	0	0	0	0	1.9269205	1.8460573	21698	1.977782	0.21528988	1.9327022	3.3837938	3.2010999	22202	7.450568	9.957947	281.70285	2.7074482	2.56463	21307	5.0613546	7.396964	208.80342	4.082044	3.8942537	24229	9.010692	10.874704	303.49445
F4_S20_subsampled_depth_10G_contig_976	72.045654	70.27888	35604	927.6512	9.77351	325.86417	71.54379	69.1488	35609	964.4543	9.703451	322.57373	71.51546	69.524345	35609	968.33435	9.788426	329.20895	63.6674	62.004795	35609	774.3614	8.732227	319.17734	66.07211	64.3527	35606	772.8202	9.001405	326.90445	65.62025	63.918156	35610	819.4352	8.95633	317.28842	4.8119287	4.6916714	34512	8.031382	0.55399275	5.112809	4.150028	4.010842	33264	7.297042	0.45901284	3.801474	5.4628034	5.2936954	35202	9.494568	0.6053512	5.4343624	0	0	0	0	0	0	0	0	0	0	0	0	0	0	0	0	0	0
F4_S20_subsampled_depth_10G_contig_1450	48.93735	44.90042	35331	845.4165	7.0649223	235.55545	49.614906	45.37792	35331	886.5267	7.159824	238.01546	54.189106	49.66412	35331	987.68176	7.867233	264.59445	61.879482	56.664528	35331	1265.7938	9.025835	329.9092	59.18146	54.049805	35331	1224.9647	8.570169	311.2432	59.78403	55.04314	35331	1130.4615	8.6776	307.4139	0	0	0	0	0	0	0	0	0	0	0	0	0	0	0	0	0	0	3.3536	2.972997	31917	13.779739	11.680866	330.44324	2.5605867	2.25923	29574	10.092045	7.7646546	219.18272	3.5975385	3.2306793	33347	19.004448	10.632275	296.72876
F4_S20_subsampled_depth_10G_contig_2599	10.919731	10.701609	39792	22.18699	1.4854134	49.525967	10.573835	10.370956	39775	22.122751	1.4358835	47.73338	10.48706	10.303016	39770	18.56885	1.4373932	48.343094	11.38149	11.266047	39750	20.95839	1.5645624	57.187317	10.650699	10.562307	39523	18.946798	1.4545382	52.824497	11.040765	10.8204775	39792	21.341238	1.5115811	53.54952	6.7683268	5.965497	37156	55.180607	0.77555674	7.1576276	5.276071	4.5744715	35685	35.0065	0.58610183	4.8540053	5.8720045	5.204384	36209	39.653603	0.6549409	5.8795395	7.7247615	7.1491957	39198	36.41538	22.261679	629.7667	8.089753	7.405264	39508	42.626385	22.625986	638.6923	6.923894	6.215791	39208	43.453785	19.02048	530.82935
F4_S20_subsampled_depth_10G_contig_2828	7.2400937	6.4732456	32637	132.9292	1.126477	37.55848	7.5642223	6.83707	32648	102.27094	1.1491289	38.200726	6.8902097	6.12693	32569	131.37466	1.0887215	36.616394	6.9321203	6.2375712	32596	114.52909	1.0793288	39.451252	6.8290663	6.129538	32653	87.677185	1.0408623	37.801033	7.208516	6.540707	32731	99.57968	1.1101184	39.327217	0	0	0	0	0	0	0	0	0	0	0	0	0	0	0	0	0	0	0	0	0	0	0	0	0	0	0	0	0	0	0	0	0	0	0	0
F4_S20_subsampled_depth_10G_contig_3272	116.89213	117.54093	35766	292.57516	15.910461	530.4797	123.59968	123.87179	35766	311.75583	16.8082	558.7584	126.26325	126.579765	35766	348.36737	17.332094	582.9211	125.41734	125.62584	35766	377.74152	17.259407	630.85956	129.71176	129.99051	35766	339.29883	17.715477	643.37366	127.46195	127.41543	35766	456.26797	17.460558	618.5603	80.58693	75.557526	35766	1485.5094	9.260728	85.467415	69.5937	65.566605	35766	1054.3699	7.7506056	64.18929	73.523895	69.3818	35765	1157.7546	8.207504	73.6804	0	0	0	0	0	0	0	0	0	0	0	0	0	0	0	0	0	0
F4_S20_subsampled_depth_10G_contig_3316	15.833506	15.235155	20415	117.76441	2.1744833	72.50068	14.187367	13.816931	20300	88.997505	1.9443066	64.63495	15.951246	15.418499	20336	128.71072	2.20538	74.172356	17.2529	16.969297	20296	123.353386	2.3884284	87.30102	16.344337	15.95548	20415	108.691055	2.2471921	81.61138	17.157413	16.639782	20412	127.10193	2.3626893	83.70098	12.509055	12.123746	20157	74.314674	1.4318529	13.21459	11.127115	10.641592	20022	62.591022	1.2327216	10.209205	12.706045	12.35923	20189	90.56296	1.4089798	12.648701	0	0	0	0	0	0	0	0	0	0	0	0	0	0	0	0	0	0
F4_S20_subsampled_depth_10G_contig_3667	277.5018	274.73666	20542	3378.0142	37.886444	1263.1929	280.99637	278.76364	20542	3990.388	38.31123	1273.5876	278.8139	275.87268	20542	4300.0713	38.366592	1290.3632	256.12177	253.75749	20542	3610.0288	35.325207	1291.1947	259.36023	257.22153	20542	3582.841	35.52104	1290.0193	251.96013	249.16525	20542	3838.987	34.61217	1226.1758	116.11833	114.492424	20542	1457.9397	13.316413	122.89737	93.81782	92.210365	20542	1030.0121	10.416991	86.27191	117.22087	115.36733	20542	1417.0134	13.074319	117.370865	1.8507748	1.7377138	16227	2.388451	5.8848653	166.47849	0	0	0	0	0	0	1.9438015	1.7828267	16782	2.9970865	5.3796296	150.13637
F4_S20_subsampled_depth_10G_contig_3674	5081.0024	5237.962	13622	1500310.1	684.625	22826.463	4591.3965	4725.9595	13757	1252963	618.1892	20550.588	5206.476	5365.744	13622	1430405.4	707.3594	23790.24	5062.2236	5217.808	13622	1365926.6	689.2332	25192.611	5279.3545	5438.969	13622	1410900.1	713.98975	25929.992	5420.1504	5588.2295	13622	1521843.1	734.70294	26027.695	4867.4595	4740.3887	13733	13594886	553.2674	5106.112	4165.5366	4051.9102	13733	10046186	458.4817	3797.074	4879.0557	4767.288	13733	12863261	539.1212	4839.799	7.5727935	7.465012	13569	13.739646	21.589989	610.76495	7.7527742	7.665061	13424	13.530529	20.79935	587.1295	8.80488	8.808769	13361	14.7601795	23.116205	645.1343
F4_S20_subsampled_depth_10G_contig_4804	2.5596755	2.4638083	9861	3.141986	0.34384048	11.464174	3.5156431	3.4240024	11051	4.0404706	0.47846258	15.905625	3.5028968	3.387365	10690	4.528673	0.4736923	15.931433	2.4376504	2.3052778	9613	3.373787	0.33088934	12.094548	2.8718245	2.8116646	10898	2.6161249	0.38800204	14.091093	2.546127	2.4708388	10646	2.6165872	0.34570804	12.247108	0	0	0	0	0	0	0	0	0	0	0	0	0	0	0	0	0	0	0	0	0	0	0	0	0	0	0	0	0	0	0	0	0	0	0	0
F4_S20_subsampled_depth_10G_contig_5327	18.852173	18.600044	25443	28.241905	2.5885923	86.30771	18.171946	18.003735	25443	25.706835	2.4851909	82.61569	18.723007	18.520405	25443	26.302517	2.5999997	87.44441	19.991974	19.804392	25443	29.175688	2.77188	101.316826	18.105484	17.932001	25443	25.959059	2.4893508	90.40589	19.21682	19.106173	25443	26.91179	2.6479437	93.80647	0	0	0	0	0	0	0	0	0	0	0	0	0	0	0	0	0	0	1.859645	1.7206237	19620	3.3165326	5.6952467	161.11429	1.9936346	1.8226664	21145	5.0080647	5.8870497	166.18106	1.9399834	1.7407863	20283	5.5582356	5.7338724	160.02278
F4_S20_subsampled_depth_10G_contig_5909	6.875505	6.7624216	29027	7.880996	0.93729997	31.251038	7.316504	7.2148256	29098	8.211502	0.99203235	32.97832	7.041406	6.9693437	29069	8.23164	0.9633855	32.401028	6.266464	6.179949	29006	7.386375	0.8663554	31.666706	6.2732673	6.186318	28988	7.828934	0.8620786	31.308136	6.5630765	6.4723554	29059	8.2943125	0.8978518	31.807446	3.148116	3.0633082	26524	4.1236954	0.36304584	3.350556	3.2274063	3.0990293	27621	4.372411	0.35953802	2.977637	3.506993	3.3965008	27547	4.697812	0.39494684	3.5455203	0	0	0	0	0	0	0	0	0	0	0	0	0	0	0	0	0	0
F4_S20_subsampled_depth_10G_contig_6159	89.63805	90.641174	16579	678.8415	12.102123	403.50357	80.11346	80.75025	16641	625.38947	10.806763	359.25143	88.35189	89.4454	16640	605.5427	12.027363	404.50974	105.01376	106.086235	16639	936.45795	14.320096	523.4231	96.24644	97.07222	16579	752.8432	13.029604	473.1966	105.09647	106.5034	16580	840.8432	14.268791	505.4882	36.549633	36.104427	16624	315.9129	4.1708508	38.492847	28.968407	28.613285	16417	236.1874	3.1832945	26.363539	41.95519	42.03793	16611	402.67773	4.6361265	41.61946	0	0	0	0	0	0	0	0	0	0	0	0	0	0	0	0	0	0
F4_S20_subsampled_depth_10G_contig_6511	3.9536636	3.8132887	9449	6.456337	0.5613675	18.716866	4.0949845	3.9603574	9731	6.5198264	0.5609059	18.646315	4.4030557	4.1933	9223	10.713485	0.61703056	20.752249	4.1842394	3.9743161	9348	9.368846	0.59763795	21.84466	3.9103427	3.814182	9587	5.61862	0.54853356	19.921112	3.975877	3.828699	9381	7.172921	0.55626625	19.706364	3.2244446	2.9132328	8064	10.413331	0.38389128	3.5429378	2.262539	1.9872696	7672	5.778473	0.26481906	2.1931903	3.268469	2.971636	8633	9.6753025	0.38328913	3.4408631	0	0	0	0	0	0	0	0	0	0	0	0	0	0	0	0	0	0
F4_S20_subsampled_depth_10G_contig_7074	17.65955	17.465193	37289	32.451977	2.4364097	81.233696	17.342821	17.007568	37289	35.835453	2.3883393	79.39605	16.19322	15.879798	37289	33.024006	2.2449276	75.50245	14.870648	14.632662	37289	23.93356	2.075338	75.85705	15.612725	15.300895	37289	28.617077	2.162368	78.5308	15.375024	15.112723	37289	28.922842	2.1367466	75.696686	0	0	0	0	0	0	0	0	0	0	0	0	0	0	0	0	0	0	23.137646	11.068448	35341	3829.0347	75.293465	2129.997	23.820162	10.858198	35660	4422.7266	75.61059	2134.3557	24.805595	11.480151	36705	4478.581	75.65617	2111.4358
F4_S20_subsampled_depth_10G_contig_7354	10.639729	9.972347	6337	41.717415	1.5373372	51.257202	25.966059	25.442987	6322	99.70207	3.7240086	123.79797	28.474867	28.051895	6253	143.41106	4.1189346	138.52992	1.908033	1.7396301	4869	3.1139138	0.27724835	10.133881	2.5616615	2.4178488	5493	4.0431986	0.36585802	13.286885	3.1925004	2.9782727	5570	6.357538	0.45786116	16.220264	81971.59	82491.2	6337	196604940	9239.651	85272.875	119726.836	120529.61	6337	407838080	13065.581	108207.12	107568.836	108322.74	6337	339718620	11783.931	105786.73	0	0	0	0	0	0	0	0	0	0	0	0	0	0	0	0	0	0
F4_S20_subsampled_depth_10G_contig_7432	5.1819983	5.088091	18886	7.5817237	0.7115051	23.722696	5.0373263	4.8760486	18898	8.502825	0.68873674	22.895803	5.096986	4.994852	18706	8.764698	0.6991961	23.515692	4.4544225	4.35485	18417	7.356015	0.6214036	22.713337	4.9173303	4.766846	18747	8.830419	0.68040884	24.710434	4.674944	4.509457	18455	8.582379	0.6409628	22.706839	0	0	0	0	0	0	0	0	0	0	0	0	0	0	0	0	0	0	0	0	0	0	0	0	0	0	0	0	0	0	0	0	0	0	0	0
F4_S20_subsampled_depth_10G_contig_7617	8.756528	7.6919785	17934	69.6189	1.3713104	45.721634	9.05289	8.113626	17990	54.805996	1.3939431	46.339138	8.194041	7.1960697	18038	53.644543	1.3242861	44.539013	7.6353493	6.7634516	18008	48.04032	1.2213796	44.643414	7.746262	6.8731093	18023	46.83524	1.2180449	44.235798	8.280351	7.3177533	17950	59.419865	1.3024772	46.141754	0	0	0	0	0	0	0	0	0	0	0	0	0	0	0	0	0	0	3.9901807	3.5368211	15726	18.300524	14.373505	406.61594	3.2232761	2.837094	16190	11.934746	10.269014	289.87634	3.9782972	3.5285149	16824	15.184096	12.624318	352.32336
F4_S20_subsampled_depth_10G_contig_9205	2.0013847	1.9062637	8144	2.5450568	0.2673027	8.91229	1.8355094	1.6970329	8458	2.3111537	0.24914446	8.28236	2.525717	2.4624176	9434	2.4553182	0.3418847	11.498425	2.2481701	2.1421978	8992	2.4594262	0.30420288	11.119112	2.3486648	2.3017583	9018	2.2542245	0.3159567	11.474609	2.3598418	2.2394505	8886	2.9070032	0.31688973	11.226173	2.521266	2.4558241	9243	2.433765	0.28256446	2.607791	0	0	0	0	0	0	1.9837785	1.872088	8282	2.5172954	0.21953475	1.9708081	0	0	0	0	0	0	0	0	0	0	0	0	0	0	0	0	0	0
F4_S20_subsampled_depth_10G_contig_10370	3.2926052	3.254285	13045	3.3489697	0.4428542	14.765451	2.2114146	2.118854	11917	2.6285589	0.2974353	9.887705	2.9222133	2.8207934	12527	3.835177	0.39620578	13.325374	2.4931557	2.3658164	11399	3.8739028	0.33765757	12.34194	2.9259796	2.8661785	12995	3.2121072	0.39396763	14.307741	2.802057	2.7228615	12316	3.4064915	0.37891296	13.42342	0	0	0	0	0	0	0	0	0	0	0	0	0	0	0	0	0	0	0	0	0	0	0	0	0	0	0	0	0	0	0	0	0	0	0	0
F4_S20_subsampled_depth_10G_contig_11354	4.831818	4.6296296	11678	8.284196	0.65499955	21.838703	6.448569	6.228582	11948	10.119755	0.8788474	29.215694	4.769781	4.6506734	11462	7.230015	0.64662695	21.74765	6.174579	5.990741	11788	11.665286	0.8470616	30.961481	6.0063133	5.827815	11843	10.347885	0.8220519	29.854494	6.74133	6.54798	11929	12.104228	0.9219801	32.662197	0	0	0	0	0	0	0	0	0	0	0	0	0	0	0	0	0	0	2.0306396	1.8917882	0	3.2057283	0	0	1.903367	1.7805836	9556	2.7698514	5.2104263	147.08118	2.5429294	2.3921623	10163	4.1931233	6.740853	188.12581
F4_S20_subsampled_depth_10G_contig_11590	12.77584	12.630746	42345	19.366781	1.7411501	58.052666	13.3317375	13.159523	42352	24.198242	1.8169746	60.402077	13.359414	13.129983	42315	24.941778	1.8338077	61.675453	12.767239	12.6153965	42352	23.30766	1.7569616	64.21985	13.038032	12.8102	42344	23.707354	1.7779108	64.56848	12.669233	12.556764	42321	20.319933	1.7345734	61.449245	5.5911093	5.074351	40682	22.228247	0.6464533	5.966129	4.887541	4.524064	41051	14.071238	0.5483211	4.541108	5.5564666	5.20852	41280	15.992749	0.6259892	5.6196294	0	0	0	0	0	0	0	0	0	0	0	0	0	0	0	0	0	0
F4_S20_subsampled_depth_10G_contig_11793	5.045698	4.8427634	14359	11.709131	0.6858441	22.867107	6.6622953	6.549702	15201	10.795805	0.8985082	29.869276	5.4981127	5.353322	14373	11.890892	0.7550417	25.393908	5.232333	5.153263	14796	8.020994	0.72246957	26.40745	4.736936	4.5658894	14786	8.716461	0.65121114	23.65005	5.191006	5.060996	14853	9.579886	0.71116054	25.19367	0	0	0	0	0	0	0	0	0	0	0	0	0	0	0	0	0	0	0	0	0	0	0	0	0	0	0	0	0	0	0	0	0	0	0	0
F4_S20_subsampled_depth_10G_contig_11971	15.67245	15.328404	33809	57.31939	2.15387	71.81336	15.570308	15.157584	33809	55.161224	2.1297188	70.79871	14.567782	14.209341	33805	57.393326	2.0194938	67.92056	13.808937	13.435319	33809	50.975296	1.9147987	69.98903	14.134912	13.816834	33809	47.02224	1.9492208	70.78993	14.645325	14.299291	33809	50.658134	2.0140157	71.348816	6.760421	6.5420036	31776	19.753996	0.7788508	7.188027	5.3946047	5.195346	31732	13.422511	0.595978	4.9357986	7.5588994	7.3413763	32692	21.241484	0.84289294	7.5668206	0	0	0	0	0	0	0	0	0	0	0	0	0	0	0	0	0	0
F4_S20_subsampled_depth_10G_contig_12821	66.88111	65.4001	17889	752.11053	9.067268	302.317	63.179436	62.341507	17952	663.7288	8.558703	284.5186	60.90099	59.531822	17890	710.391	8.33118	280.19812	61.628834	59.97086	17896	771.0677	8.446987	308.7513	64.271706	62.668415	17899	821.6351	8.741172	317.45337	62.96939	61.718643	17892	695.6244	8.587061	304.20642	5.9072785	5.6154375	17683	14.120299	0.6735312	6.2160277	5.234022	5.0113564	17225	10.991398	0.57726693	4.780834	6.4404135	6.271808	17490	12.940203	0.71641004	6.431359	0	0	0	0	0	0	0	0	0	0	0	0	0	0	0	0	0	0
F4_S20_subsampled_depth_10G_contig_563|provirus_7119_34388	22.980936	22.959152	27270	113.2461	3.1326594	104.44778	22.543474	22.706408	27270	98.06346	3.0648422	101.88512	22.07452	22.129343	27180	98.49349	3.031882	101.96969	20.914454	20.957638	27157	101.16627	2.881021	105.30602	20.310472	20.388807	27214	84.23224	2.782272	101.04385	20.462538	20.408964	27184	108.70806	2.8055801	99.39093	0	0	0	0	0	0	2.4783924	2.2930596	23103	4.8370275	0.27654922	2.2903392	3.2199116	3.0388398	23729	6.845991	0.35975686	3.2296093	2.2815635	2.127827	21490	4.1175556	7.221913	204.30252	2.123267	2.0163472	23037	2.739368	5.8210006	164.31674	2.400258	2.2289414	21887	4.3812895	6.355528	177.37216
F4_S20_subsampled_depth_10G_contig_1047|provirus_15411_26738	15.727501	15.243987	11257	125.00581	2.153619	71.80501	13.751297	13.18058	11328	109.93045	1.8882827	62.77253	14.584184	14.041145	11272	111.00378	2.0218449	67.99963	13.47504	12.949215	11139	107.89761	1.8447249	67.42774	13.97334	13.446134	11328	92.08911	1.9234864	69.85532	14.2979965	13.848738	11297	99.64467	1.9891123	70.46656	0	0	0	0	0	0	0	0	0	0	0	0	0	0	0	0	0	0	1.8597244	1.712582	8779	2.8821733	5.1944118	146.94603	0	0	0	0	0	0	0	0	0	0	0	0
F4_S20_subsampled_depth_10G_contig_1099|provirus_3319_18567	40.992252	36.56133	15249	3695.7468	6.504111	216.85716	41.245777	36.729527	15249	3789.2666	6.538994	217.37709	47.10193	41.950775	15249	4908.846	7.520648	252.93784	53.34598	47.815247	15249	5774.4453	8.464957	309.40802	48.61514	43.100212	15249	5619.7676	7.8091516	283.60538	52.01073	46.742405	15249	5369.6865	8.293725	293.81458	0	0	0	0	0	0	0	0	0	0	0	0	0	0	0	0	0	0	2.9943042	2.4282982	13117	40.44188	11.130041	314.8607	2.4430094	1.941579	12699	35.744316	8.407897	237.34023	3.711504	3.0988889	14358	58.219852	11.91311	332.47482
F4_S20_subsampled_depth_10G_contig_1937|provirus_1_51046	26.877573	25.014954	51046	529.5737	3.8278165	127.62534	24.392998	22.73258	51046	443.80673	3.46732	115.26482	24.694338	22.793594	51046	579.77124	3.5478275	119.32213	27.86331	25.869936	51046	555.8869	3.9872725	145.74132	25.63997	23.866072	51046	476.68497	3.6463566	132.4249	27.370737	25.56523	51046	499.04886	3.9058506	138.36923	0	0	0	0	0	0	0	0	0	0	0	0	0	0	0	0	0	0	2.6387339	1.8717254	41099	59.865143	8.931703	252.67145	3.0561733	2.0972974	43694	78.98691	10.501281	296.4329	2.8112228	1.9713587	42697	63.03512	9.399307	262.3186
F4_S20_subsampled_depth_10G_contig_7256|provirus_160257_185399	46.019726	45.28304	25140	409.70102	6.2589097	208.6818	43.85228	42.990444	25142	413.2605	5.9731603	198.5669	43.942585	43.30522	25142	362.22385	6.0367436	203.0305	42.926098	41.530697	25141	419.66116	5.902569	215.7486	42.17977	41.067482	25143	391.03217	5.7692604	209.52254	40.867283	40.124607	25143	315.44687	5.587418	197.94069	10.958268	9.858635	24866	97.83721	1.2540262	11.573432	9.306806	8.43134	24665	67.93075	1.033288	8.557528	11.351858	10.356746	24675	105.34482	1.2634752	11.342473	0	0	0	0	0	0	0	0	0	0	0	0	0	0	0	0	0	0
F5_S21_subsampled_depth_10G_contig_823	806.6757	753.3146	67424	250589.14	109.608635	3654.523	793.02466	744.76715	67424	227383.13	107.65353	3578.7473	807.62115	753.4224	67502	261244.05	110.629364	3720.739	868.6801	778.9508	67424	432576.13	119.266014	4359.37	830.5154	744.9819	67473	394246.72	113.25487	4113.082	864.4344	778.31085	67491	413705.56	118.13945	4185.225	346.2037	349.04263	65770	28709.592	39.65597	365.98557	292.1916	293.71497	65613	20460.926	32.415295	268.4584	335.70596	337.96133	65788	25848.105	37.387074	335.63144	18.05532	18.204659	66311	49.293137	52.587357	1487.6577	14.289642	14.377677	66058	34.06579	38.837822	1096.324	18.545477	18.785658	66441	47.20972	49.378365	1378.0667
F5_S21_subsampled_depth_10G_contig_859	69.27608	68.51629	12016	714.4559	9.423915	314.20798	67.3412	67.43806	12017	593.2479	9.117455	303.09326	67.60005	67.14247	12041	721.96906	9.252563	311.18652	65.66123	65.26674	12013	613.31854	9.007924	329.2545	65.99538	66.14835	12003	537.30475	8.970416	325.77905	67.38978	66.220985	12004	694.2444	9.210385	326.28836	2.223212	2.0380917	9037	4.3458686	0.25199994	2.32571	0	0	0	0	0	0	2.6535003	2.5445802	9822	4.236038	0.29217854	2.6229458	0	0	0	0	0	0	0	0	0	0	0	0	0	0	0	0	0	0
F5_S21_subsampled_depth_10G_contig_871	4.0248466	3.8628201	21432	6.988056	0.54791206	18.268232	4.369208	4.2178564	21688	7.1076345	0.59020346	19.620253	4.4587455	4.313355	21861	7.036274	0.61202955	20.584057	3.8486814	3.7284756	21372	5.6078334	0.52944964	19.352262	4.0350537	3.8921163	21445	6.7166696	0.5483537	19.914577	3.9080896	3.775081	21464	6.0473814	0.5335012	18.899895	0	0	0	0	0	0	0	0	0	0	0	0	0	0	0	0	0	0	0	0	0	0	0	0	0	0	0	0	0	0	0	0	0	0	0	0
F5_S21_subsampled_depth_10G_contig_1244	2.4116282	2.3146799	8887	2.9486556	0.32357472	10.788489	2.7252448	2.6668162	9268	2.5128324	0.37210992	12.370126	2.6747754	2.6059213	9263	2.932175	0.36314738	12.21354	2.3385484	2.245374	8604	2.8813353	0.33295095	12.169904	2.4634097	2.3700795	9283	2.6357243	0.33865497	12.298946	1.9491268	1.8631827	8292	2.1314719	0.26394877	9.350685	0	0	0	0	0	0	0	0	0	0	0	0	0	0	0	0	0	0	0	0	0	0	0	0	0	0	0	0	0	0	0	0	0	0	0	0
F5_S21_subsampled_depth_10G_contig_1375	39.07666	38.67929	34653	63.66402	5.3303075	177.7208	37.95047	37.543877	34653	69.274826	5.184293	172.34245	39.915718	39.50179	34653	76.79091	5.494711	184.80057	38.90056	38.68412	34653	68.27529	5.3670893	196.17587	37.821724	37.466106	34653	75.59828	5.177107	188.0171	37.976902	37.549286	34653	71.643875	5.222086	184.99841	22.028084	21.857824	34106	114.09046	2.5202317	23.259264	17.923775	17.759863	34314	74.531334	1.9831083	16.423803	19.915833	19.9193	34351	69.61611	2.2162411	19.89565	59.23969	59.093033	34653	125.15054	168.74161	4773.577	59.082806	59.027565	34559	63.219757	160.33997	4526.118	55.158566	54.89882	34556	99.935074	146.28094	4082.4534
F5_S21_subsampled_depth_10G_contig_1539	2.9567766	2.847415	19107	4.118255	0.39883748	13.297863	3.6145842	3.5068831	20088	5.1420593	0.48973453	16.280348	3.3247423	3.1857924	19586	5.441995	0.45441523	15.283109	3.2793436	3.2266183	20014	3.494203	0.44647124	16.319256	3.5576942	3.456757	20414	4.724527	0.48364145	17.564432	3.3859358	3.3431063	20214	3.2761114	0.45898023	16.259897	3.1991394	2.9784575	17857	7.6256533	0.36329272	3.352835	2.720893	2.570723	18508	4.76324	0.29952627	2.4806309	2.6804123	2.4479823	16588	6.831697	0.2977162	2.6726568	0	0	0	0	0	0	0	0	0	0	0	0	0	0	0	0	0	0
F5_S21_subsampled_depth_10G_contig_1571	3.8258398	3.528391	12425	14.814382	0.5351094	17.841372	4.382695	4.1610513	15038	9.318668	0.606135	20.149862	4.584891	4.3673396	14640	10.84983	0.6342887	21.332687	4.647301	4.4138107	14522	14.230277	0.6460946	23.615835	4.6325316	4.3716235	14280	17.391329	0.6479671	23.532248	5.003006	4.7259655	14518	16.273699	0.6964908	24.673983	4.439224	4.209701	14535	10.618325	0.50957274	4.7028556	3.1114233	2.9367557	12751	7.1233926	0.3504569	2.902431	3.4845119	3.2939298	13780	8.95522	0.388718	3.4896	0	0	0	0	0	0	0	0	0	0	0	0	0	0	0	0	0	0
F5_S21_subsampled_depth_10G_contig_1878	6.5519257	6.4354706	35004	9.197834	0.89278024	29.766676	6.3577533	6.252136	34432	10.929576	0.86536586	28.76752	6.443432	6.2958097	35061	11.101963	0.88426995	29.740173	6.52911	6.40933	34976	11.409441	0.89929336	32.87065	6.6611314	6.528293	34894	10.120699	0.9106982	33.07388	6.067392	5.9338565	34944	9.037532	0.8310951	29.442507	0	0	0	0	0	0	0	0	0	0	0	0	0	0	0	0	0	0	0	0	0	0	0	0	0	0	0	0	0	0	0	0	0	0	0	0
F5_S21_subsampled_depth_10G_contig_2459	4.9752336	4.877934	15159	5.8841534	0.67770225	22.595654	4.6873055	4.502097	14947	8.946453	0.63691854	21.173216	4.85001	4.787359	15058	5.497568	0.66158956	22.25088	5.0085425	4.8492384	15046	7.782113	0.68171585	24.91783	4.5791006	4.40983	14684	7.269851	0.62287444	22.620945	4.7600822	4.585902	14725	8.923297	0.6463021	22.896	2.2913713	2.1131632	12193	4.307547	0.26433077	2.4395137	2.705715	2.41785	13368	6.3006754	0.30061626	2.4896557	2.5051982	2.3304393	12143	4.8136983	0.2789708	2.5043771	2.6195617	2.458171	13156	4.4359856	7.6115303	215.32454	2.471757	2.3281584	13981	3.2693512	6.8055	192.10739	2.9481492	2.8137002	14164	4.015126	7.8975906	220.40833
F5_S21_subsampled_depth_10G_contig_2651	12.5399685	11.963397	49113	74.67135	1.7083204	56.958065	12.689437	12.186544	49073	64.68312	1.7301614	57.516087	12.391803	11.645258	49003	83.56907	1.7076117	57.431187	14.75284	14.095942	49126	93.57659	2.0311368	74.241425	14.1072	13.624785	49187	80.45365	1.9307746	70.12004	13.981146	13.225116	48991	94.02639	1.9193503	67.995224	0	0	0	0	0	0	0	0	0	0	0	0	0	0	0	0	0	0	4.419086	4.2529635	45116	9.945492	12.968074	366.85727	4.6788087	4.4770155	45992	11.205226	12.781411	360.79703	5.5477257	5.3815494	46929	13.384211	14.8389225	414.12927
F5_S21_subsampled_depth_10G_contig_2946	4.6101966	4.493321	23203	6.9418464	0.62965006	20.993504	4.3145237	4.204561	23352	5.8538985	0.59167373	19.66913	4.717272	4.5836163	23637	6.7563	0.6528308	21.956318	4.0332203	3.923109	22481	6.369363	0.55587244	20.318052	3.6458883	3.516686	22183	5.8246202	0.49966925	18.146511	3.8398893	3.7033744	22822	6.218352	0.53112775	18.815802	0	0	0	0	0	0	0	0	0	0	0	0	0	0	0	0	0	0	0	0	0	0	0	0	0	0	0	0	0	0	0	0	0	0	0	0
F5_S21_subsampled_depth_10G_contig_3031	10.666787	10.310859	24911	40.948444	1.4681413	48.950092	10.421914	10.164593	24926	26.034307	1.4269563	47.436592	10.306884	9.993712	24894	37.82313	1.4274452	48.00853	8.767048	8.515407	24945	26.207354	1.2188225	44.549976	8.5939	8.341628	24945	22.8362	1.1803625	42.867283	8.871684	8.662653	24611	27.562605	1.2240758	43.36432	2.9952638	2.812932	21041	5.8461685	0.3442536	3.177123	2.5114188	2.302787	20346	5.135647	0.27701947	2.2942324	2.824403	2.6894984	20359	5.1892414	0.31418917	2.820539	0	0	0	0	0	0	0	0	0	0	0	0	0	0	0	0	0	0
F5_S21_subsampled_depth_10G_contig_3356	10725.883	10978.931	68659	21900296	1456.5358	48563.164	10550.05	10806.075	68659	20969086	1431.6454	47592.473	10242.615	10479.79	68659	20273442	1402.4552	47168.027	10148.151	10379.098	68659	19918980	1392.4232	50895.363	9654.24	9875.871	68659	17854506	1315.6714	47781.297	9844.424	10071.046	68659	18678628	1344.6971	47637.43	12308.65	12227.171	68659	41664270	1410.1821	13014.589	9457.021	9387.641	68213	24649266	1048.9434	8687.186	11187.935	11115.417	68639	33717770	1245.8243	11184.019	15.688654	15.583711	67275	66.11368	45.24145	1279.8473	16.268446	16.211664	67409	68.356865	44.034454	1243.016	13.638938	13.630889	67536	42.920315	36.069565	1006.64087
F5_S21_subsampled_depth_10G_contig_3380	6.3197317	5.9345365	7474	22.967165	0.9236903	30.797274	6.6006713	6.215479	7598	22.96456	0.97136444	32.291275	7.5017447	7.2016106	7600	15.47919	1.0995615	36.980984	5.504161	4.9188786	7563	29.437288	0.8512644	31.115105	4.6255035	4.367283	7452	11.480622	0.6776071	24.608677	5.035436	4.660006	7390	20.334358	0.7852046	27.816755	0	0	0	0	0	0	0	0	0	0	0	0	0	0	0	0	0	0	0	0	0	0	0	0	0	0	0	0	0	0	0	0	0	0	0	0
F5_S21_subsampled_depth_10G_contig_3515	2.7411947	2.668637	16034	3.0618186	0.3708187	12.363674	3.3504713	3.2584336	15998	4.655416	0.4525895	15.045522	3.6453645	3.5457175	16387	5.5848107	0.50043434	16.830832	3.27656	3.179721	16300	4.193146	0.44679025	16.330917	3.625065	3.5119193	16421	5.5118737	0.4917255	17.85802	3.5664217	3.491422	16571	4.150287	0.48373875	17.136997	0	0	0	0	0	0	0	0	0	0	0	0	0	0	0	0	0	0	0	0	0	0	0	0	0	0	0	0	0	0	0	0	0	0	0	0
F5_S21_subsampled_depth_10G_contig_3882	148.72632	145.12155	49912	1357.363	20.307098	677.0701	152.6845	148.95615	49912	1472.9274	20.826307	692.333	149.48503	145.33316	49912	1613.0159	20.562641	691.57245	136.88542	133.57779	49912	1199.2042	18.875284	689.9226	142.03976	138.50679	49912	1214.7731	19.457457	706.6373	138.58134	134.91864	49912	1318.1941	19.027185	674.0598	98.22632	95.967285	49912	2167.0125	11.28282	104.12932	78.82864	76.80302	49887	1385.9136	8.768553	72.61976	92.11579	90.27497	49908	1764.5955	10.290511	92.37997	0	0	0	0	0	0	0	0	0	0	0	0	0	0	0	0	0	0
F5_S21_subsampled_depth_10G_contig_3903	5.171941	5.068962	10597	7.3136916	0.6936549	23.127546	5.872101	5.7834115	10507	11.266323	0.78966177	26.250893	5.6215606	5.4444447	10734	9.923076	0.762373	25.640469	4.553761	4.3541994	10291	10.06325	0.61631966	22.527514	4.6136727	4.5097547	10299	8.866702	0.6250722	22.700777	4.7103953	4.6178403	10592	6.929833	0.64406776	22.816853	3.5721664	3.3254042	10013	7.5949283	0.40984002	3.78242	2.6786554	2.4439228	9068	6.524827	0.29379985	2.4332032	3.8522866	3.6217005	9898	9.088152	0.42178974	3.7864912	2.8981125	2.6576943	9291	6.65425	8.340099	235.93517	3.4659593	3.369014	9833	6.2454834	9.460375	267.0499	3.394685	3.2809598	10059	4.9263835	9.09209	253.7448
F5_S21_subsampled_depth_10G_contig_6044	259.00085	257.1779	60273	1403.8059	35.182003	1173.0228	257.25397	255.05559	60273	1472.9814	34.913197	1160.6261	253.56331	250.83586	60273	1654.7985	34.731915	1168.1198	265.76843	258.955	60273	4392.9536	36.481007	1333.4407	267.5719	261.13065	60273	4306.6436	36.463768	1324.256	269.48004	263.1385	60273	4437.3477	36.82238	1304.4752	88.18284	89.05161	60250	742.2497	10.091254	93.13231	77.43303	77.723015	60222	601.36176	8.580249	71.06029	91.913246	92.85648	60246	764.6117	10.226204	91.8027	3.4060676	3.2921402	55640	4.8539343	9.968508	282.00174	3.8151789	3.7104285	58333	4.949141	10.372575	292.79974	3.9387755	3.8380551	58612	4.893078	10.479761	292.47238
F5_S21_subsampled_depth_10G_contig_8156	11.285346	11.205644	43159	16.774408	1.533965	51.144794	11.562444	11.3988695	43189	18.863192	1.5677421	52.11674	11.713423	11.539768	43189	18.461626	1.6043003	53.956543	10.208416	10.068849	43178	15.031333	1.403216	51.289864	10.448686	10.375558	43189	15.630193	1.4270679	51.826893	10.262901	10.125616	43189	16.780619	1.4046004	49.759556	6.802714	6.5242276	42954	17.127184	0.7796961	7.195825	5.443691	5.142138	42408	13.730871	0.6019257	4.9850535	5.958642	5.7122645	42166	14.192629	0.6621472	5.9442296	2.40145	1.9470532	33661	26.044374	8.128281	229.94305	2.5451798	2.2196865	38106	10.516518	7.40743	209.09875	2.4537745	2.127759	36843	15.4693	7.096293	198.0455
F5_S21_subsampled_depth_10G_contig_8286	5.2169943	5.0332255	19398	9.327722	0.7141805	23.811886	4.076346	3.9821398	19093	4.9850864	0.55823904	18.557648	5.265833	5.185576	19216	7.8301682	0.71896774	24.180664	3.8164837	3.6623008	19220	5.833013	0.53179014	19.437809	4.153968	4.010546	19296	6.7468867	0.57982224	21.057428	4.0602193	3.9456258	19253	5.6168694	0.5575644	19.752365	0	0	0	0	0	0	0	0	0	0	0	0	0	0	0	0	0	0	0	0	0	0	0	0	0	0	0	0	0	0	0	0	0	0	0	0
F5_S21_subsampled_depth_10G_contig_8301	4802.7617	4157.6274	14823	18528456	730.3485	24350.955	4806.728	4158.33	14823	18579966	729.89276	24263.973	4808.785	4156.787	14823	18730732	736.9114	24784.143	4266.1426	3695.1792	14823	14244363	654.0699	23907.332	4521.4214	3929.9373	14823	15431059	687.5313	24969.102	4426.4517	3838.333	14823	15252573	675.335	23924.518	2506.8062	2022.94	14823	9590946	334.65115	3088.5012	2208.3313	1784.8601	14823	7311582	284.8103	2358.7544	2500.214	2013.72	14823	9666528	325.34995	2920.7327	5.29878	4.7914743	14464	23.49115	16.391733	463.71014	5.8743954	5.3146057	14667	25.300539	17.738407	500.7243	6.9730797	5.8755207	14542	58.278378	20.381107	568.80225
F5_S21_subsampled_depth_10G_contig_8451	10.288514	10.196827	14437	16.904995	1.4644322	48.826447	9.140198	8.993001	14437	15.263493	1.2989157	43.1801	9.273396	9.023797	14437	16.458359	1.3663408	45.953407	9.77994	9.647328	14437	13.138046	1.3973544	51.07558	9.818856	9.720662	14437	15.47901	1.3955723	50.683037	9.403093	9.27576	14437	12.689316	1.3597836	48.171894	0	0	0	0	0	0	0	0	0	0	0	0	0	0	0	0	0	0	15.514104	14.584105	14412	102.59086	48.96503	1385.185	16.32869	15.056692	14374	144.74426	48.74569	1376.0055	21.879541	20.979937	14437	167.43315	63.686733	1777.3885
F5_S21_subsampled_depth_10G_contig_9253	5.2555165	5.0678415	30480	9.61276	0.71527517	23.848385	4.856686	4.703148	29826	9.009184	0.6601156	21.944363	4.9685006	4.7511396	30738	9.81288	0.6793222	22.847271	4.3803186	4.234825	30416	6.90414	0.60208756	22.0073	4.641424	4.4645176	30218	8.354327	0.6359055	23.0942	4.588279	4.465379	29777	8.036284	0.6271977	22.2192	4.942655	4.778815	29171	11.199637	0.5702909	5.2632227	3.5973897	3.4384937	28037	7.126153	0.3994855	3.3084776	4.322101	4.1458774	28879	9.099464	0.48332512	4.3389072	0	0	0	0	0	0	0	0	0	0	0	0	0	0	0	0	0	0
F5_S21_subsampled_depth_10G_contig_9499	10.656982	10.330616	44708	20.018858	1.492824	49.773083	9.737189	9.5689	44722	15.001492	1.3553317	45.05556	10.628668	10.40191	44722	18.174088	1.4930191	50.213905	8.511061	8.224125	44720	16.481596	1.2030582	43.973755	8.489029	8.228538	44620	15.060723	1.1928064	43.319183	8.613951	8.402931	44595	15.20446	1.2110528	42.902946	0	0	0	0	0	0	1.6439245	1.4971333	33674	2.3645358	0.18645936	1.5442269	0	0	0	0	0	0	0	0	0	0	0	0	0	0	0	0	0	0	0	0	0	0	0	0
F5_S21_subsampled_depth_10G_contig_9563	2.8194706	2.7238684	9515	2.95184	0.37986284	12.665214	3.0380688	2.9018614	9412	4.0643845	0.4135102	13.7464	3.299891	3.174028	9570	4.6390877	0.4474643	15.049324	3.05978	2.906157	9562	4.3956923	0.41593763	15.203215	3.1842966	3.0485737	9512	4.5455475	0.4289028	15.5764885	2.984832	2.7644014	9160	5.207682	0.40604773	14.3847	0	0	0	0	0	0	0	0	0	0	0	0	0	0	0	0	0	0	0	0	0	0	0	0	0	0	0	0	0	0	0	0	0	0	0	0
F5_S21_subsampled_depth_10G_contig_9702	3.9013555	3.751918	10517	7.78384	0.5392751	17.980276	3.8302498	3.71526	11292	6.1027484	0.5319456	17.683563	4.323983	4.1366863	11479	8.569991	0.5957888	20.037836	4.2446074	4.053519	11293	8.369647	0.5846461	21.369787	3.5853868	3.453538	11034	5.9407177	0.4974282	18.065115	3.9009292	3.7576964	11026	8.101372	0.547401	19.392317	0	0	0	0	0	0	0	0	0	0	0	0	0	0	0	0	0	0	56.4974	56.379368	11839	558.52356	163.39719	4622.3853	60.23122	60.292603	11867	598.0256	163.6107	4618.444	63.718815	63.764137	11862	725.60333	169.0907	4719.0366
F5_S21_subsampled_depth_10G_contig_10996	11582.938	11717.4795	41121	4583178	1571.3401	52390.93	11637.799	11779.186	41110	4571216.5	1577.6772	52447.043	11080.64	11217.46	41176	4053011.5	1515.494	50969.8	9959.48	10083.879	41076	3237569.5	1364.7463	49883.74	9921.628	10052.454	41079	3176086.3	1349.9823	49027.348	10209.792	10331.855	41173	3502940.3	1392.7499	49339.758	324.72202	319.7902	40640	22329.615	37.09116	342.31482	292.4659	289.08514	40623	17269.389	32.335335	267.79614	426.0921	422.90494	40640	33669.047	47.30746	424.68857	29.462658	29.604837	40489	76.905594	84.25524	2383.5188	35.3509	35.51446	40605	94.27237	96.14092	2713.8909	36.266853	36.480473	40581	98.62113	96.21151	2685.1
F5_S21_subsampled_depth_10G_contig_11716	9.727454	9.555247	41572	23.381577	1.3227003	44.10088	9.176096	9.059714	41761	17.320713	1.2462876	41.430565	10.440961	10.268063	41779	24.393862	1.4327003	48.185215	8.981949	8.883291	41390	19.146196	1.23497	45.1402	9.012891	8.952367	41426	17.221853	1.2288033	44.626476	9.002424	8.935031	41507	18.553188	1.2299709	43.573128	6.9913826	6.8308306	41737	12.380047	0.8029699	7.410621	5.5075974	5.3746634	41172	9.556013	0.6110663	5.0607567	6.69584	6.571943	41137	11.951246	0.74705565	6.7064724	4.6832137	4.5416455	39534	9.573967	13.671957	386.76965	5.4288387	5.2341914	40855	11.0606785	15.245447	430.35245	4.5200796	4.3841577	39530	8.844831	12.55031	350.258
F5_S21_subsampled_depth_10G_contig_1058|provirus_13187_34423	32.05406	31.504084	21220	183.97278	4.37338	145.81528	32.306114	31.685547	21237	198.94513	4.4054117	146.44994	34.465214	33.777756	21219	214.76193	4.767613	160.34665	35.13373	34.491436	21237	228.96594	4.8352857	176.73761	34.56518	33.78745	21234	197.43665	4.727155	171.67628	35.46095	34.68718	21220	196.44054	4.8787065	172.83377	17.796415	17.467728	21191	64.72738	2.048492	18.905556	12.693792	12.209916	21234	48.257412	1.4243557	11.796296	18.983686	18.658676	21221	67.82756	2.1227999	19.056814	0	0	0	0	0	0	0	0	0	0	0	0	2.0366576	1.8876653	17473	2.966834	5.3720374	149.92447
F5_S21_subsampled_depth_10G_contig_5964|provirus_110_32085	63.79127	62.46369	31976	1197.2538	8.868053	295.67484	66.88764	65.83731	31976	1237.6459	9.304598	309.3145	72.324234	70.415794	31976	1681.8572	10.171039	342.0771	77.74914	76.38664	31976	1804.2472	10.943113	399.9887	78.43198	76.829704	31976	1781.8751	10.966327	398.26462	77.6961	76.319336	31976	1664.9122	10.900892	386.17664	0	0	0	0	0	0	0	0	0	0	0	0	0	0	0	0	0	0	7.1215043	5.9997554	30066	502.5015	28.216429	798.2223	5.732609	4.712086	29725	492.25577	21.766577	614.4324	7.665368	6.6713448	30723	453.8607	26.019289	726.15436
F5_S21_subsampled_depth_10G_contig_6491|provirus_173146_188722	38.326763	38.299316	15577	58.34967	5.2529693	175.1421	36.161793	36.103924	15577	50.291584	4.962455	164.9679	37.218708	37.194744	15577	53.369766	5.1620793	173.6135	29.87859	29.892473	15577	47.414074	4.130751	150.98569	28.16335	28.099749	15577	36.30199	3.8789954	140.87364	30.186037	29.938711	15577	54.711784	4.1731524	147.83876	0	0	0	0	0	0	0	0	0	0	0	0	0	0	0	0	0	0	2.358268	2.189341	13815	4.450982	7.503628	212.27211	3.0071952	2.885416	14730	4.1876187	8.884097	250.78261	3.8402152	3.7051494	14729	7.1763988	11.075318	309.09335
F5_S21_subsampled_depth_10G_contig_8102|provirus_47730_66043	9.519984	9.390323	18282	14.204908	1.3030505	43.44574	10.260185	10.1635065	18253	16.334326	1.4024746	46.622746	11.45414	11.288048	18314	19.835531	1.578458	53.087414	12.083241	11.926597	18314	17.347258	1.6714969	61.095955	11.962453	11.838451	18314	17.470152	1.6535639	60.052513	11.4170885	11.299669	18314	17.29858	1.583165	56.08544	0	0	0	0	0	0	0	0	0	0	0	0	0	0	0	0	0	0	0	0	0	0	0	0	0	0	0	0	0	0	0	0	0	0	0	0
F5_S21_subsampled_depth_10G_contig_8363|provirus_97_77212	17.466389	17.127876	77116	49.313168	2.3936455	79.807884	17.417976	17.089273	77116	66.5746	2.38929	79.42763	18.805004	18.48659	77116	56.96462	2.6007574	87.46994	20.690084	20.340336	77116	70.96634	2.8650112	104.720856	20.715471	20.401169	77116	78.490845	2.8547826	103.67727	21.690228	21.366594	77033	84.046616	2.9969006	106.168594	0	0	0	0	0	0	0	0	0	0	0	0	0	0	0	0	0	0	2.014396	1.8819547	61443	2.9266038	6.275583	177.53157	0	0	0	0	0	0	2.0549984	1.8947741	63838	3.4625633	5.4485483	152.05977
F6_S22_subsampled_depth_10G_contig_40	212.80855	214.16568	13360	3206.9019	28.768148	959.17487	208.81598	210.23036	13360	2824.908	28.22559	938.309	203.47615	204.97838	13360	1903.175	27.744358	933.111	273.18365	276.12616	13360	6055.304	37.301342	1363.4255	271.86722	272.98865	13360	5416.879	36.87719	1339.2706	267.00067	269.16998	13360	5316.496	36.276028	1285.1199	248.91612	251.56837	13357	11128.896	28.338318	261.53476	196.5455	199.08588	13356	6580.449	21.667953	179.45064	287.4143	290.58142	13356	14373.802	31.773252	285.23502	2.1691144	1.9704794	10505	6.144008	6.8911805	194.94646	2.2372446	2.1141295	11021	3.2685652	6.3673396	179.73889	0	0	0	0	0	0
F6_S22_subsampled_depth_10G_contig_486	5547.8276	4406.8013	946	139169180	1025.4138	34188.895	5588.942	4441.402	1061	141033580	1030.6033	34260.55	5512.9033	4385.38	1006	137203700	1025.2502	34481.69	4829.036	3842.408	1061	105294620	902.4135	32984.7	5134.0386	4087.2766	1061	119053780	952.1057	34577.66	4907.0747	3904.637	1051	108785600	911.5315	32292.049	8211.684	8471.901	1061	5039601.5	1069.416	9869.654	6233.9077	6348.9185	1060	4678780	791.9532	6558.835	6941.5356	7075.7505	1060	5728764.5	881.9587	7917.5225	0	0	0	0	0	0	0	0	0	0	0	0	0	0	0	0	0	0
F6_S22_subsampled_depth_10G_contig_556	9.121669	9.057215	17086	22.843214	1.2337105	41.133835	7.896311	7.8059864	16701	18.536354	1.0651909	35.410347	7.8149076	7.6891003	16728	21.798094	1.0688224	35.94713	8.394856	8.321115	17057	20.968664	1.1505675	42.055157	8.289946	8.192462	16597	24.53199	1.1290607	41.004154	8.276621	8.167377	16972	21.094152	1.1264598	39.906128	6.755033	6.6572924	16428	18.991137	0.7668864	7.0776057	6.4286046	6.1456556	15907	21.413841	0.71193707	5.8961544	8.76958	8.5398245	16157	36.04059	0.968202	8.691742	3.6695566	3.5137057	15539	7.1902475	10.321217	291.97968	3.6380193	3.5228214	16187	5.2922378	10.166165	286.97305	3.5684278	3.3765192	16234	6.8179245	9.6764	270.052
F6_S22_subsampled_depth_10G_contig_838	19.259382	16.592766	23864	365.96176	3.0634735	102.14098	18.0245	15.75759	23864	269.4224	2.8450077	94.57719	19.864637	17.442467	23864	318.73013	3.1654434	106.461716	15.2582445	13.257684	23864	232.70276	2.4745755	90.44978	15.848486	13.574728	23864	255.24036	2.5465934	92.48469	15.297672	13.129169	23864	234.03247	2.4747827	87.67204	0	0	0	0	0	0	0	0	0	0	0	0	0	0	0	0	0	0	0	0	0	0	0	0	0	0	0	0	0	0	0	0	0	0	0	0
F6_S22_subsampled_depth_10G_contig_1705	9.267366	8.9970875	60680	21.653986	1.2681408	42.281807	9.643764	9.402942	60659	25.181286	1.3185486	43.83278	8.980993	8.70692	60723	20.340498	1.2367626	41.595375	11.526524	11.212524	60711	41.423832	1.5900276	58.11814	12.34839	12.09704	60764	39.040916	1.6926713	61.472805	12.37892	12.142226	60686	41.32764	1.7034223	60.345707	0	0	0	0	0	0	0	0	0	0	0	0	0	0	0	0	0	0	0	0	0	0	0	0	0	0	0	0	0	0	0	0	0	0	0	0
F6_S22_subsampled_depth_10G_contig_2064	2.8086073	2.7387707	10009	2.7132444	0.37850547	12.619965	3.535977	3.4651837	9851	4.089526	0.47371745	15.747885	2.536557	2.4916184	9617	2.1359105	0.3442236	11.577086	2.633172	2.5529766	9776	2.6135628	0.36255682	13.252048	2.8264024	2.7816463	9883	2.7470152	0.3813967	13.851201	2.9692457	2.9145713	9200	3.8872442	0.4041012	14.315753	0	0	0	0	0	0	0	0	0	0	0	0	0	0	0	0	0	0	0	0	0	0	0	0	0	0	0	0	0	0	0	0	0	0	0	0
F6_S22_subsampled_depth_10G_contig_4406	5.1235614	4.9860616	11398	8.772548	0.6940501	23.140696	5.1583457	5.0536385	11483	7.0779004	0.70745367	23.518023	4.0937095	3.9965394	11390	5.462575	0.5675294	19.087406	5.127369	4.9964433	11669	6.7478824	0.69917077	25.555855	4.086701	3.9879842	11089	6.1977434	0.5608183	20.36725	4.649044	4.494761	11453	7.892741	0.6398146	22.666164	0	0	0	0	0	0	0	0	0	0	0	0	0	0	0	0	0	0	3.3214502	3.2106123	10020	5.646141	10.599572	299.85394	2.4193995	2.2014804	9624	4.7525244	6.6405787	187.45207	3.801592	3.564837	10705	9.255629	10.152568	283.34097
F6_S22_subsampled_depth_10G_contig_4514	2.3659475	2.318742	10501	2.1163766	0.3194323	10.650371	2.2966716	2.2156653	9908	2.6355498	0.31035274	10.317112	1.9966804	1.9039115	9950	2.1654618	0.27400163	9.215352	2.1699135	2.0471706	9674	2.9846685	0.29764906	10.879557	1.9313357	1.827526	9658	2.2946033	0.2636079	9.573452	1.9113305	1.8383965	9892	1.8417788	0.25728872	9.11475	0	0	0	0	0	0	0	0	0	0	0	0	0	0	0	0	0	0	9.191317	9.137436	11553	13.318452	25.68027	726.47577	10.057395	9.872659	11478	17.2519	26.98975	761.87354	8.015201	7.8314085	11494	12.1418295	20.943336	584.4931
F6_S22_subsampled_depth_10G_contig_5500	38.91803	36.112354	52522	1167.1179	5.372475	179.12663	41.10796	38.44467	52522	1299.2554	5.6846037	188.97435	45.06746	42.1599	52522	1540.1713	6.2857456	211.40501	49.10603	45.866493	52522	1834.7019	6.885826	251.6883	47.9911	44.68523	52522	1721.9147	6.6701756	242.24117	49.08856	46.032543	52522	1764.7891	6.8364034	242.18758	0	0	0	0	0	0	0	0	0	0	0	0	0	0	0	0	0	0	4.271786	3.669658	40034	29.148716	14.350973	405.97852	0	0	0	0	0	0	4.6706066	4.138684	42325	31.169552	12.540983	349.99756
F6_S22_subsampled_depth_10G_contig_5582	0	0	0	0	0	0	0	0	0	0	0	0	0	0	0	0	0	0	4.317556	4.258365	4586	7.3826747	0.590193	21.572525	3.5537865	3.458413	4405	5.7522173	0.48748633	17.70405	3.7121344	3.628107	4423	6.065168	0.51036996	18.080437	0	0	0	0	0	0	2.5040877	2.4333174	4319	2.643409	0.2769692	2.2938144	0	0	0	0	0	0	0	0	0	0	0	0	0	0	0	0	0	0	0	0	0	0	0	0
F6_S22_subsampled_depth_10G_contig_5648	9.0659485	8.918285	23666	16.088938	1.2333131	41.120575	9.105797	8.929885	23640	19.297	1.2374728	41.13756	9.584451	9.4437475	23606	17.964563	1.310383	44.071407	9.633594	9.483213	23698	17.376247	1.317023	48.139378	9.431548	9.337656	23699	14.397933	1.2848116	46.660553	10.6654215	10.605574	23707	17.015585	1.4552133	51.552616	4.2901883	4.110477	23150	6.91897	0.49552318	4.57319	3.472373	3.363212	22252	5.2425003	0.38106212	3.155897	5.1002803	4.979489	22542	10.196073	0.5698979	5.116087	2.8486674	2.672482	20547	5.3801446	8.203586	232.07341	2.6845188	2.5849679	21440	3.4307475	7.3289413	206.88313	3.2498727	3.141126	22543	4.0560513	8.649583	241.39526
F6_S22_subsampled_depth_10G_contig_6000	21.385757	19.171297	28742	541.63495	2.9652302	98.8654	20.261261	18.014801	28928	471.02664	2.804739	93.23851	19.418331	17.213507	28587	494.55417	2.7215562	91.53265	23.058672	20.238455	29299	738.86646	3.2419863	118.49996	21.576832	18.194315	28904	888.63837	3.0309799	110.07617	22.993492	19.293951	28747	1089.2988	3.2338495	114.56289	0	0	0	0	0	0	0	0	0	0	0	0	0	0	0	0	0	0	3.1464055	2.9809964	26626	5.5599136	8.819899	249.50848	4.0446677	3.873713	27928	7.4388375	10.955109	309.2437	4.273697	4.1162176	28058	7.6958117	11.359411	317.02194
F6_S22_subsampled_depth_10G_contig_8772	6.2961397	6.1934013	15960	8.055415	0.86211604	28.744293	6.332217	6.2320113	15896	8.061998	0.86140704	28.635944	7.0890884	7.0233765	15785	9.027574	0.97118217	32.663254	8.209263	8.072096	15914	11.82996	1.1229442	41.04547	8.264232	8.187996	15939	9.949893	1.1287856	40.994144	7.7393064	7.6051245	15881	10.728572	1.0625689	37.642746	0	0	0	0	0	0	0	0	0	0	0	0	0	0	0	0	0	0	0	0	0	0	0	0	0	0	0	0	0	0	0	0	0	0	0	0
F6_S22_subsampled_depth_10G_contig_9484	18.967356	16.30298	23492	2017.892	3.7366462	124.58558	18.76176	15.915413	23492	2580.707	3.76317	125.0998	20.678005	17.543032	23492	3079.4045	4.2098393	141.58722	23.45476	19.85615	23492	4086.766	4.7855597	174.9201	23.284037	19.632902	23492	4013.6296	4.7258	171.627	23.987705	20.504904	23492	3652.6877	4.820343	170.76611	0	0	0	0	0	0	0	0	0	0	0	0	0	0	0	0	0	0	0	0	0	0	0	0	0	0	0	0	0	0	0	0	0	0	0	0
F6_S22_subsampled_depth_10G_contig_9641	29.052572	27.454287	3453	422.71857	4.1269655	137.59941	55.198284	51.603176	3644	1345.7479	7.815737	259.82016	75.54857	73.578094	3639	1828.403	10.723895	360.67108	8.956	8.246667	3565	57.032642	1.2515066	45.744617	10.153143	9.439683	3455	66.51669	1.4558772	52.87313	10.9068575	10.510794	3494	52.49432	1.5503802	54.92402	72578.33	73408.2	3650	1097242000	8077.7324	74549.53	71372.31	72170.83	3650	1066052700	7687.3125	63665.12	52921.96	53495.523	3650	595563600	5722.165	51369.023	0	0	0	0	0	0	0	0	0	0	0	0	0	0	0	0	0	0
F6_S22_subsampled_depth_10G_contig_9867	0	0	0	0	0	0	0	0	0	0	0	0	0	0	0	0	0	0	2.104019	2.0647418	1217	1.8850706	0.26219463	9.583647	1.5468873	1.5546807	1084	0.7779655	0.18796577	6.826359	2.2301025	2.1942258	0	2.8933833	0	0	0	0	0	0	0	0	0	0	0	0	0	0	0	0	0	0	0	0	0	0	0	0	0	0	0	0	0	0	0	0	0	0	0	0	0	0
F6_S22_subsampled_depth_10G_contig_9974	7.180536	6.7491856	39491	24.093422	0.9748194	32.501984	7.0698338	6.5686407	39816	25.886652	0.9602344	31.921278	6.7685485	6.4223113	39283	19.74379	0.926636	31.165058	8.6317625	8.28066	39739	22.989832	1.1841761	43.283585	8.667594	8.407918	39743	23.052427	1.182098	42.930286	8.4359665	8.1322975	39516	25.92341	1.1547676	40.908966	2.3574631	2.1415408	32097	4.902286	0.26978552	2.4898553	1.9817334	1.7785016	30175	3.9497266	0.22018926	1.8235742	2.2019093	1.9956568	30427	4.54548	0.24406998	2.1910665	0	0	0	0	0	0	0	0	0	0	0	0	0	0	0	0	0	0
F6_S22_subsampled_depth_10G_contig_10186	9.807585	9.748997	29022	14.979884	1.3267275	44.23517	9.074579	8.870525	29165	17.168531	1.2283998	40.83596	9.210226	8.923095	29053	20.999123	1.2585082	42.32675	9.514803	9.302922	28963	19.660013	1.3024167	47.605495	9.552075	9.316562	29051	20.020563	1.3019322	47.282352	9.789018	9.604775	29092	17.535229	1.3374532	47.380844	3.0795999	2.8625789	24619	7.011647	0.3538524	3.26571	3.0681155	2.888023	25779	6.0561194	0.3398048	2.8142114	2.8177629	2.6369054	24776	5.4446096	0.31334	2.8129182	6.8300037	6.467316	28239	25.4417	19.635775	555.48157	5.94526	5.6337347	28854	16.547241	16.387823	462.59967	6.0878863	5.704107	28529	21.224379	16.344866	456.15756
F6_S22_subsampled_depth_10G_contig_10207	9.833187	9.413978	13824	29.555471	1.3605996	45.364525	10.096833	9.923626	13779	16.278515	1.3771937	45.782326	9.563266	9.324225	13795	18.631914	1.3180934	44.330738	9.693229	9.318631	13832	22.703669	1.347244	49.244	10.597563	10.275823	13853	28.196135	1.4631861	53.13857	9.222635	8.950381	13822	20.631231	1.2773846	45.25283	3.5189726	3.3680072	11379	7.866968	0.3987116	3.679715	2.9674547	2.862656	11803	4.8053336	0.32373548	2.681127	4.0012407	3.8801687	12842	6.626358	0.44559819	4.000224	0	0	0	0	0	0	0	0	0	0	0	0	0	0	0	0	0	0
F6_S22_subsampled_depth_10G_contig_10592	12.0393915	11.703763	41082	52.597767	1.6367164	54.570652	11.252257	10.866301	41120	41.24476	1.5253592	50.70779	11.073675	10.569284	41333	51.17424	1.5181755	51.059998	10.88703	10.442498	41348	41.11847	1.495389	54.658936	11.012275	10.65214	41388	42.727203	1.5011852	54.51858	10.832288	10.373308	41392	42.71012	1.4788119	52.388626	5.2643633	4.942028	38752	16.341982	0.60377836	5.5722823	4.9692516	4.790843	39279	11.607501	0.5529996	4.5798593	5.409002	5.182337	39302	14.257948	0.6025356	5.4090834	3.3003898	2.3272536	35665	600.1202	14.3301325	405.3891	3.6952038	2.581632	35300	836.76434	16.04406	452.89594	4.476963	3.4052672	38834	741.7146	17.318573	483.33206
F6_S22_subsampled_depth_10G_contig_10656	4.4426827	4.1274185	19743	13.179048	0.6080805	20.274345	3.973524	3.4959886	19388	15.180863	0.5433724	18.063444	4.4171505	4.0069213	19526	15.4426	0.6082115	20.455664	4.5873804	4.272718	20372	13.066805	0.6334865	23.154978	4.7139554	4.4007654	20545	11.967778	0.64708126	23.500088	4.7763934	4.452834	20941	11.919602	0.6653856	23.572048	3.1776865	2.805988	18253	11.005476	0.36899185	3.4054298	2.7387795	2.3480678	17118	9.364128	0.31059936	2.5723362	2.469772	2.2254732	17449	5.8146067	0.2752235	2.4707384	0	0	0	0	0	0	0	0	0	0	0	0	0	0	0	0	0	0
F6_S22_subsampled_depth_10G_contig_11031	5.376395	5.297705	11754	7.433075	0.7340771	24.475267	5.0049143	4.891264	11951	7.1650743	0.6779582	22.537504	5.051641	4.982602	12065	5.8378983	0.6925443	23.291962	5.847243	5.706552	12156	6.5607533	0.7991732	29.211098	5.8379145	5.7584677	12069	7.4964232	0.8084676	29.361162	6.162419	6.1093836	12150	6.1790323	0.85486805	30.284666	0	0	0	0	0	0	0	0	0	0	0	0	0	0	0	0	0	0	0	0	0	0	0	0	0	0	0	0	0	0	0	0	0	0	0	0
F6_S22_subsampled_depth_10G_contig_699|provirus_31_11241	4785.707	4473.7207	11211	35226020	646.1687	21544.271	4755.113	4452.9917	11211	34579500	641.6334	21329.95	4738.355	4434.469	11211	34370280	645.0737	21695.418	4121.984	3850.108	11211	25958742	562.7237	20568.479	4374.849	4098.8047	11211	29142932	592.86456	21531.086	4261.119	3994.226	11211	27665524	578.8942	20507.99	0	0	0	0	0	0	2076.3613	1940.3335	8895	6700139	228.8811	1895.5583	0	0	0	0	0	0	7.8675528	7.2675037	10555	55.494843	25.31478	716.1366	6.834373	6.34003	10290	39.975098	19.3872	547.26666	9.741796	9.139427	10565	77.621574	26.522078	740.18634
F6_S22_subsampled_depth_10G_contig_1380|provirus_24731_35879	54.50514	49.718212	11149	1099.1428	7.706415	256.94385	57.74625	52.45874	11149	1110.8187	8.175142	271.768	60.41522	55.21937	11149	1249.6576	8.61328	289.6859	66.50559	60.752552	11149	1500.5288	9.45514	345.60095	66.28166	60.142307	11149	1568.5721	9.370663	340.31476	67.149925	61.62933	11149	1408.0461	9.569985	339.02777	0	0	0	0	0	0	0	0	0	0	0	0	0	0	0	0	0	0	4.4878626	3.949803	9933	19.411179	14.505001	410.33594	3.0542777	2.4157157	9127	16.319931	8.834818	249.39168	5.288208	4.3756185	10645	31.911108	14.582691	406.97827
F6_S22_subsampled_depth_10G_contig_1558|provirus_15114_26378	15.377687	15.13833	11265	25.908089	2.1384108	71.297935	16.272514	16.184109	11265	23.810644	2.2401266	74.46898	16.51318	16.308746	11265	20.253262	2.3170607	77.92851	14.981017	14.886157	11265	20.677614	2.1009126	76.79178	14.556995	14.5248375	11251	14.158067	2.0307736	73.75168	16.444805	16.3999	11265	22.354406	2.2778947	80.69706	3.1107512	2.982009	10344	4.816148	0.36090705	3.330816	2.4809716	2.4028986	9599	2.94338	0.27722242	2.2959135	3.2819612	3.1667166	10630	5.0023694	0.37916276	3.4038193	4.5788574	4.4615693	10794	6.978192	14.604373	413.14703	3.3750787	3.1977012	10490	6.1167264	9.249685	261.10263	5.0576696	4.9587207	11073	7.283429	13.585632	379.15213
F6_S22_subsampled_depth_10G_contig_3861|provirus_3_19082	14.4148445	13.722914	19080	49.373516	2.1421287	71.421936	15.861384	15.1050005	19080	57.94877	2.310782	76.81779	17.43344	16.478048	19080	70.17436	2.5867884	87.00006	19.27813	18.404037	19080	69.50851	2.8588722	104.4965	18.306286	17.19609	19080	82.15565	2.732399	99.23266	18.023401	17.09021	19080	67.94899	2.6908567	95.3267	0	0	0	0	0	0	0	0	0	0	0	0	0	0	0	0	0	0	2.236133	2.0907383	15577	3.462966	7.3637834	208.31612	0	0	0	0	0	0	2.4602218	2.2778494	16676	3.957237	7.1043825	198.27133
F7_S23_subsampled_depth_10G_contig_731	23.480928	20.390156	10715	1006.1242	3.4056897	113.55098	24.99044	21.392576	10646	1189.5131	3.5632045	118.452286	26.356838	22.268692	10715	1384.0884	3.7993822	127.78256	29.908566	25.476181	10715	1743.5112	4.3210526	157.94157	28.575958	24.222841	10715	1556.5702	4.0747156	147.98164	29.434263	24.836996	10715	1711.0592	4.280715	151.6492	0	0	0	0	0	0	0	0	0	0	0	0	0	0	0	0	0	0	0	0	0	0	0	0	0	0	0	0	0	0	0	0	0	0	0	0
F7_S23_subsampled_depth_10G_contig_929	15.702723	15.6053295	32718	41.805836	2.1607106	72.04144	15.7	15.652131	32718	36.53813	2.1502156	71.480064	15.192413	15.072293	32719	36.59156	2.1048431	70.79108	12.576354	12.527768	32650	23.22292	1.7434533	63.726105	13.396696	13.227448	32840	31.96505	1.8511702	67.22901	13.601591	13.4467745	32809	32.25816	1.8766879	66.4838	0	0	0	0	0	0	0	0	0	0	0	0	0	0	0	0	0	0	5.020771	4.885426	30809	10.272106	14.82186	419.2995	5.3719487	5.2202096	31834	10.703614	14.711798	415.28845	4.7468643	4.6373463	31069	8.827566	12.842883	358.4231
F7_S23_subsampled_depth_10G_contig_1669	2.4163702	2.3454545	1364	2.5309286	0.32904515	10.970879	3.3288257	3.3486166	1406	2.7294037	0.42083144	13.989785	0	0	0	0	0	0	3.1765125	3.1359684	1434	3.4830666	0.39877194	14.575765	3.8427045	3.6806324	1553	5.4545856	0.4881903	17.72963	2.8042705	2.7438736	1317	3.4068196	0.4102322	14.532945	0	0	0	0	0	0	0	0	0	0	0	0	0	0	0	0	0	0	28.610676	28.76917	1555	54.131077	81.60206	2308.4624	29.762989	30.130434	1555	79.43309	78.78695	2224.0188	33.129536	33.618973	1555	110.46043	84.615105	2361.4644
F7_S23_subsampled_depth_10G_contig_1882	7.414681	7.3222938	10013	9.497056	1.0199578	34.006996	6.497009	6.3605947	9964	9.69739	0.8904527	29.601494	6.5317855	6.4645715	10013	8.18635	0.9067061	30.494753	6.6097536	6.5490594	10006	7.138404	0.91654223	33.501137	7.089932	6.924524	10013	8.919007	0.96100676	34.90091	7.054243	6.9292555	10013	9.572092	0.97412014	34.50934	2.287438	2.0788555	8818	4.191251	0.2706893	2.4981942	2.185035	2.0823476	8481	2.766509	0.24552698	2.033417	3.6738315	3.479554	9458	6.861257	0.40990928	3.6798377	39.25925	40.023884	10013	113.44555	112.13494	3172.214	38.83788	39.76242	9820	125.54695	105.6884	2983.399	42.575687	43.36172	10013	140.30643	113.26294	3160.977
F7_S23_subsampled_depth_10G_contig_1912	3.0077717	2.9241297	11531	3.4375117	0.4128422	13.764805	2.4526663	2.3469276	10338	3.4890563	0.32900012	10.937022	2.6248863	2.5507486	10736	3.29776	0.36060607	12.128066	3.826788	3.7010195	11244	6.5167956	0.528347	19.311962	3.7219512	3.6556444	11986	3.5113215	0.50434244	18.316223	2.5780902	2.4906769	10720	2.969571	0.3562669	12.621156	0	0	0	0	0	0	0	0	0	0	0	0	0	0	0	0	0	0	0	0	0	0	0	0	0	0	0	0	0	0	0	0	0	0	0	0
F7_S23_subsampled_depth_10G_contig_3627	685.5684	693.79926	52855	102200.336	93.15623	3105.974	695.25946	703.0352	52935	103856.97	94.440605	3139.5083	670.56793	676.053	52935	100436.97	91.89355	3090.6064	699.5898	706.8179	52933	108788.63	96.047325	3510.6882	680.9042	688.8973	52935	100464.25	92.85815	3372.3325	710.7458	717.9837	52935	110838.805	97.14801	3441.5806	27.401175	26.852528	48016	278.1768	3.1372962	28.95416	25.333977	24.87107	49264	237.85283	2.8057237	23.236563	42.193428	41.475044	49234	638.39545	4.696978	42.165718	5.6241546	5.45347	48808	13.427642	17.52842	495.8663	4.530643	4.385838	48477	9.125845	12.494781	352.70593	7.39282	7.2976613	51352	15.191156	19.74982	551.1841
F7_S23_subsampled_depth_10G_contig_4565	7.9013176	7.8382864	12631	11.253438	1.0770199	35.909508	6.5371656	6.424643	12675	7.0483823	0.89704746	29.820719	6.5021157	6.440167	12588	8.738517	0.9018616	30.331837	7.2311378	7.1608267	12541	10.720207	1.0077997	36.836735	8.188423	8.095449	12675	11.846799	1.1266242	40.915638	6.572455	6.5354385	12664	7.6192513	0.90915614	32.207897	0	0	0	0	0	0	0	0	0	0	0	0	0	0	0	0	0	0	2.5092216	2.3699105	10422	4.1431003	7.4846697	211.73592	2.909541	2.7747717	10945	4.8866587	8.060165	227.52437	3.819002	3.5756233	10615	9.638987	10.56896	294.96173
F7_S23_subsampled_depth_10G_contig_4656	3.6007895	3.5477216	13203	3.8550975	0.48550284	16.18741	3.6059809	3.4231987	13185	6.402722	0.4880615	16.22472	3.6207502	3.4218178	12911	6.602064	0.49394444	16.612568	4.3790307	4.0796847	13144	10.451966	0.5949614	21.74682	3.8966148	3.745837	13126	6.495014	0.52676654	19.130598	4.414784	4.229551	13272	7.5606856	0.5967808	21.14164	0	0	0	0	0	0	0	0	0	0	0	0	0	0	0	0	0	0	2.0198143	1.8438795	10838	3.4074023	5.5872955	158.06046	0	0	0	0	0	0	2.5099072	2.435058	12312	2.8828542	6.612264	184.5371
F7_S23_subsampled_depth_10G_contig_4943	4.3347406	4.103053	14263	8.876012	0.59069633	19.694733	4.704329	4.586895	14144	7.7401986	0.6417692	21.334457	4.7674575	4.607893	14613	8.503523	0.6557567	22.05472	4.3896933	4.1787786	14477	8.173912	0.60478556	22.105911	5.580954	5.444825	14795	9.008291	0.7541482	27.388424	4.836215	4.663812	14822	8.243129	0.66626555	23.603226	0	0	0	0	0	0	1.814167	1.6434103	11711	2.8930824	0.20389311	1.6886114	1.9847876	1.8095309	11837	3.4362001	0.22029218	1.9776069	2.4670956	2.332688	13468	3.4589064	7.356668	208.11478	2.4061787	2.2903202	12595	3.5893807	6.5622616	185.24133	3.3071303	3.1725986	13906	5.548785	8.756236	244.3717
F7_S23_subsampled_depth_10G_contig_5358	4.7458825	4.598647	18152	7.954936	0.6466508	21.560349	4.951731	4.7902045	18204	7.5123463	0.67037606	22.285452	4.861173	4.728788	18332	6.3388476	0.67195684	22.599556	4.7125072	4.663023	18273	5.4214215	0.6441513	23.544796	4.936131	4.805604	18296	6.4213924	0.67037344	24.345972	4.456814	4.304306	18009	6.643343	0.6102214	21.617792	0	0	0	0	0	0	0	0	0	0	0	0	0	0	0	0	0	0	0	0	0	0	0	0	2.073925	1.9147291	14901	3.3199315	5.7716537	162.92361	2.2997227	2.1620266	14576	3.7779586	6.1726136	172.26718
F7_S23_subsampled_depth_10G_contig_6729	11.588247	8.280036	10156	513.481	2.0132082	67.1235	12.534879	9.050632	10156	544.46967	2.0679324	68.74472	12.095443	8.841439	10156	487.28296	2.041839	68.67205	12.414151	8.955363	10156	561.211	2.106451	76.99425	11.673096	8.625583	10156	431.91705	1.9575773	71.09343	11.867979	8.995892	10139	387.09412	2.022117	71.63579	0	0	0	0	0	0	0	0	0	0	0	0	0	0	0	0	0	0	0	0	0	0	0	0	0	0	0	0	0	0	0	0	0	0	0	0
F7_S23_subsampled_depth_10G_contig_6838	182.80391	184.22609	42024	1963.1118	24.939222	831.5126	173.82848	175.25249	42033	1823.9175	23.697126	787.7683	173.82576	174.24208	42032	2061.7126	23.933378	804.9387	173.01077	173.23082	42033	2322.318	23.878677	872.80493	162.23471	161.99005	42035	2108.7666	22.224066	807.1122	164.75624	164.59995	42031	2139.6328	22.63139	801.74286	86.98348	84.05308	40671	2783.4292	9.9609165	91.92947	66.81616	64.43956	40567	1596.5398	7.389398	61.197834	80.37612	77.49725	40704	2115.7253	8.93949	80.25162	0	0	0	0	0	0	0	0	0	0	0	0	0	0	0	0	0	0
F7_S23_subsampled_depth_10G_contig_6932	6.562873	6.438364	21714	8.473603	0.8929996	29.774	6.745456	6.643132	21726	7.752061	0.916685	30.47356	6.6445913	6.5461693	21622	7.250286	0.9050304	30.438416	5.6348333	5.5786443	21658	6.013626	0.7765487	28.384146	6.557832	6.4707365	21594	8.100243	0.8961486	32.545467	5.97868	5.8665023	21734	6.6816726	0.8137355	28.82753	3.8770292	3.6949284	20149	8.168162	0.44121265	4.071958	3.2859454	3.03674	19286	7.417954	0.36239073	3.001263	3.6919484	3.5501773	20151	6.3739276	0.40997028	3.680385	3.608426	1.9186578	17430	1093.0554	19.377361	548.1714	3.633076	1.7216998	17750	1492.502	20.768923	586.2703	3.8724506	2.0902317	18218	1329.7562	20.466219	571.1774
F7_S23_subsampled_depth_10G_contig_7523	12.892946	12.218824	18233	83.42951	1.7453884	58.193962	13.220892	12.543293	18141	81.180374	1.7931727	59.610813	14.00171	13.531773	18270	70.12802	1.9131448	64.3438	11.6889305	11.301857	18226	47.584873	1.6010209	58.51992	11.740775	11.129481	18281	56.8291	1.591454	57.7969	10.871656	10.426558	18227	54.29698	1.480213	52.438213	0	0	0	0	0	0	0	0	0	0	0	0	0	0	0	0	0	0	4.223209	4.1369567	17621	5.6592216	12.04301	340.6879	3.8484914	3.7116857	17460	5.345439	10.59803	299.16385	3.3689814	3.2802255	17445	3.7948987	9.023987	251.84412
F7_S23_subsampled_depth_10G_contig_8159	5414.2803	5531.9395	18063	1604779.8	730.91974	24370	5542.2075	5660.186	18067	1658888.3	747.5934	24852.402	4551.418	4650.528	18062	971844.8	619.52515	20836.16	7357.134	7540.293	18050	3501636.5	1003.2156	36669.184	6716.834	6865.248	18067	2735956	909.6665	33036.39	6950.009	7107.0894	18065	2717340.8	943.4215	33421.793	266.4407	266.54593	18067	11171.272	30.39235	280.4914	228.45213	228.47404	18066	9317.451	25.201405	208.71405	295.33572	294.35767	18066	14603.245	32.72746	293.80112	8.657923	8.603956	17766	14.350323	24.327	688.193	8.987833	8.8845415	17721	16.827494	24.240658	684.2716	11.074734	11.096732	17663	17.13234	29.196796	814.8334
F7_S23_subsampled_depth_10G_contig_8391	2.1200671	2.0478806	9503	2.0433357	0.28810298	9.605801	2.6299095	2.5782983	10195	2.4242258	0.35559922	11.821253	2.586622	2.5191212	9932	2.6319575	0.34930623	11.748021	3.1968467	3.1244688	10177	3.4816802	0.4354914	15.9179325	3.1411512	3.1401181	10232	2.5737493	0.4266155	15.493404	2.9934695	2.9228935	10185	3.5429695	0.40704957	14.420192	1.4663681	1.382423	8199	1.584216	0.16572113	1.5294431	0	0	0	0	0	0	0	0	0	0	0	0	0	0	0	0	0	0	0	0	0	0	0	0	0	0	0	0	0	0
F7_S23_subsampled_depth_10G_contig_8889	5.93462	5.9196095	11304	9.333681	0.8145568	27.1586	6.097855	6.0899606	11070	10.122575	0.8260604	27.460896	5.8289256	5.6873384	11621	8.645611	0.80190676	26.970104	6.9036956	6.745813	11683	11.439379	0.945683	34.566257	7.2217245	7.0633554	11685	11.599177	0.97883683	35.548462	7.748213	7.665614	11540	14.19857	1.0639755	37.692535	0	0	0	0	0	0	0	0	0	0	0	0	0	0	0	0	0	0	2.305539	2.1806872	9483	3.622437	7.012439	198.37666	1.8060126	1.7275337	9693	1.9272175	5.088211	143.63132	2.7095356	2.5925925	10215	3.8684144	7.268058	202.83908
F7_S23_subsampled_depth_10G_contig_9210	5.8816695	5.4499755	13338	21.267263	0.79161626	26.393703	6.026166	5.561637	13614	22.395046	0.8116633	26.982273	6.3304343	5.7218614	13505	30.03239	0.86222565	28.998762	5.5201726	5.0045476	13497	22.523275	0.7501575	27.419497	5.3628125	5.0154295	13360	16.477085	0.7253401	26.342203	5.257784	4.76815	13267	18.853138	0.7140928	25.297558	2.389636	2.2573493	12124	3.371234	0.27036452	2.495199	0	0	0	0	0	0	2.739731	2.5926588	12294	4.0921116	0.30155873	2.7071545	0	0	0	0	0	0	0	0	0	0	0	0	0	0	0	0	0	0
F7_S23_subsampled_depth_10G_contig_9239	5.955425	5.819194	11550	9.843715	0.8185945	27.293224	5.378887	5.1481767	11545	10.471725	0.7464186	24.813347	6.145646	5.9887714	11541	8.535851	0.848155	28.525555	6.2931066	6.1238003	11514	10.9180565	0.87078464	31.828625	6.7100034	6.597025	11726	7.087646	0.90985316	33.04317	7.407308	7.2798467	11662	11.375945	1.0213426	36.182243	0	0	0	0	0	0	0	0	0	0	0	0	0	0	0	0	0	0	0	0	0	0	0	0	2.135107	2.0726488	10445	2.10114	5.69262	160.69263	2.4459226	2.347121	10119	3.2680905	6.4749107	180.7038
F7_S23_subsampled_depth_10G_contig_9741	4.269972	4.2138	17159	4.323943	0.58253884	19.422745	4.4981985	4.400407	16923	6.551166	0.61800367	20.544422	4.910505	4.676917	17491	7.825514	0.68088907	22.899975	5.064219	4.8467503	17110	9.305552	0.699654	25.573507	5.738777	5.538662	17365	10.8160095	0.7840667	28.474974	5.03048	4.876803	17492	7.332309	0.693043	24.551853	1.8658432	1.6938814	13384	3.1503642	0.21981731	2.0286984	0	0	0	0	0	0	0	0	0	0	0	0	0	0	0	0	0	0	0	0	0	0	0	0	0	0	0	0	0	0
F7_S23_subsampled_depth_10G_contig_10002	34.20378	32.61016	6565	361.82425	4.888686	162.99637	63.445206	61.497375	6609	961.846	9.047145	300.75607	82.20195	79.74987	6598	1410.169	11.846495	398.42682	9.368999	9.068417	6583	25.201468	1.3397869	48.971428	13.32617	13.164606	6697	42.081097	1.9199514	69.726944	14.279683	13.950212	6603	52.73045	2.0513382	72.671036	112266.09	113501.67	6691	1680944000	12630.461	116566.72	110103.03	111302.13	6690	1608084600	11989.549	99295.58	82096.15	82966.586	6673	909352600	8974.326	80564.34	0	0	0	0	0	0	0	0	0	0	0	0	0	0	0	0	0	0
F7_S23_subsampled_depth_10G_contig_10205	4.465869	4.219924	46700	11.036735	0.6076423	20.259733	4.3711514	4.173808	47453	9.559993	0.59194344	19.678099	4.4560966	4.285225	46888	9.147595	0.60928863	20.491884	4.7026515	4.45122	47844	11.075653	0.6448116	23.568924	4.3928714	4.2149763	48221	8.530363	0.5988404	21.748106	4.446869	4.2501454	46466	9.728514	0.60763586	21.526203	4.6948137	4.4282966	44883	14.914194	0.53721976	4.9580097	3.6186533	3.4194763	45082	7.7179837	0.40174997	3.3272314	3.9867222	3.7120216	45346	11.565761	0.4440792	3.9865904	0	0	0	0	0	0	0	0	0	0	0	0	0	0	0	0	0	0
F7_S23_subsampled_depth_10G_contig_10458	253.97324	225.23474	43679	40791.35	34.544342	1151.762	255.3772	228.43114	43676	39156.863	34.71627	1154.0798	247.20679	218.07697	43680	43675.414	33.90029	1140.1504	311.34378	281.55182	43682	45636.895	42.8112	1564.8195	311.67407	282.28595	43689	44927.043	42.549362	1545.2671	319.81778	288.58746	43661	48518.31	43.786118	1551.1731	9.955258	9.736596	43557	26.662754	1.1481099	10.595926	9.398975	9.056217	43400	28.59838	1.0528163	8.719264	13.944671	13.76727	43519	36.390465	1.5585164	13.991119	2.9975884	2.8506138	38007	5.0908346	9.959321	281.7418	1.930545	1.8332355	35939	2.221415	5.3196397	150.16415	2.5738993	2.4390488	38551	3.6367993	6.960487	194.25534
F7_S23_subsampled_depth_10G_contig_10596	24.825916	24.075665	53063	73.10676	3.3681037	112.29777	25.929293	25.214104	53063	89.2283	3.521771	117.07495	25.618559	25.014256	53063	74.50618	3.508355	117.994644	25.657993	24.695555	53052	110.69695	3.5214744	128.71565	25.47569	24.643908	53073	92.43188	3.473073	126.13172	26.6302	25.487267	53073	118.21738	3.6380317	128.88148	5.951987	5.0606747	47425	42.334324	0.6794183	6.2703633	5.4022446	4.673658	47491	33.322723	0.5993726	4.963909	6.6838994	5.8104177	49474	46.546635	0.74223125	6.6631603	19.812746	19.696249	53073	27.488152	56.264893	1591.6925	23.232187	23.10703	53073	34.88666	63.208744	1784.2727	21.960793	21.79106	53073	29.47604	58.24904	1625.6317
F7_S23_subsampled_depth_10G_contig_10688	6.5580697	6.142548	56065	22.126614	0.89014834	29.678917	6.538038	6.203512	56058	20.214136	0.8876275	29.50758	6.9871073	6.5662556	56116	26.5757	0.9584246	32.23417	7.126454	6.6394978	56232	29.544546	0.9792594	35.793533	7.6879616	7.196223	56587	33.852478	1.0466964	38.012913	6.896946	6.465903	56183	24.618992	0.94250447	33.38931	2.6680348	2.3189888	45871	8.527936	0.3070218	2.8335097	0	0	0	0	0	0	2.3591363	2.0259213	44679	7.0309615	0.26095748	2.342668	0	0	0	0	0	0	0	0	0	0	0	0	0	0	0	0	0	0
F7_S23_subsampled_depth_10G_contig_11151	23.307302	23.356892	49233	63.57901	3.16901	105.65972	22.298666	22.421232	49245	53.552002	3.0331032	100.83006	22.761116	22.894472	49245	57.355644	3.118631	104.887276	20.625563	20.618599	49245	51.457123	2.839064	103.77242	20.414543	20.463282	49245	58.447083	2.788121	101.25626	19.896141	19.923393	49245	46.763412	2.7253172	96.54747	10.628353	10.407291	48691	32.851368	1.2181805	11.242609	9.726449	9.457533	48394	33.562145	1.080767	8.950747	11.481007	11.293955	48247	40.697235	1.2806975	11.497087	0	0	0	0	0	0	0	0	0	0	0	0	0	0	0	0	0	0
F7_S23_subsampled_depth_10G_contig_11285	2.2258832	2.1505687	12523	2.3651547	0.3010213	10.036519	2.5541923	2.4774888	12789	2.7110782	0.34333605	11.41359	1.9650168	1.8960898	12350	1.8527339	0.26626036	8.95499	2.098079	1.9612868	11812	3.0676425	0.288234	10.535429	2.2139652	2.0880978	12414	2.9521823	0.3017652	10.959219	2.1285052	2.03513	10962	3.115435	0.2898077	10.266771	0	0	0	0	0	0	0	0	0	0	0	0	0	0	0	0	0	0	8.577538	8.412058	14343	16.83112	24.021708	679.55646	10.899537	10.806123	14303	16.11422	29.282787	826.60223	8.582656	8.536843	14313	12.445383	22.55896	629.5824
F7_S23_subsampled_depth_10G_contig_12000	41.994637	41.29588	40831	129.00307	5.694883	189.87633	41.524963	41.039906	40847	129.44443	5.625311	187.00336	39.861687	39.544315	40823	98.69649	5.4563346	183.5099	38.165974	37.97953	40808	97.873634	5.2261944	191.02603	37.899338	37.339783	40970	107.48495	5.15709	187.29018	37.650024	37.257145	40830	106.14243	5.135654	181.93636	24.955341	23.452257	40819	215.63644	2.8488955	26.292507	18.991327	18.008057	40799	123.96397	2.1042778	17.427313	24.824057	23.66702	40837	168.7662	2.7574253	24.753975	0	0	0	0	0	0	0	0	0	0	0	0	1.5536747	1.4578366	31334	1.7646537	4.0944614	114.269485
F7_S23_subsampled_depth_10G_contig_447|provirus_7803_32018	126.843636	125.24215	24216	2463.0173	17.304832	576.97	130.60861	128.9602	24216	2478.1138	17.802351	591.8072	134.28168	132.40858	24216	2795.5566	18.473747	621.31775	144.45804	143.0583	24216	2854.0383	19.908308	727.6813	143.36363	142.15587	24216	2703.0193	19.66061	714.015	144.8913	143.66695	24216	2585.548	19.879272	704.24603	12.84825	11.466297	23073	191.23416	1.4677955	13.54631	10.41195	9.54506	21846	101.43088	1.1496704	9.52139	13.2600765	12.271052	23167	150.30048	1.4709989	13.205457	11.592995	11.448246	24210	29.589289	36.250042	1025.4872	9.783055	9.661357	24124	24.153927	26.65747	752.49384	12.529211	12.467082	24216	27.012249	33.290157	929.0721
F7_S23_subsampled_depth_10G_contig_8831|provirus_23_30662	14.8870125	13.838022	30640	67.9876	2.0626922	68.77337	14.652837	13.563261	30640	68.76626	2.0276246	67.404724	14.628993	13.40602	30640	79.35239	2.055967	69.147255	15.579961	14.129619	30640	103.80391	2.1978397	80.334625	15.495343	14.099555	30640	94.61353	2.1668935	78.69514	15.583109	14.23905	30640	90.25386	2.1867242	77.46717	11.443752	11.216092	30640	28.622717	1.3151413	12.137462	10.305871	10.135121	30640	20.787743	1.1504251	9.527639	11.655986	11.560272	30640	20.69653	1.3068908	11.7322235	0	0	0	0	0	0	0	0	0	0	0	0	0	0	0	0	0	0
F8_S24_subsampled_depth_10G_contig_164	9.579209	9.290896	19756	25.329182	1.3180938	43.9473	10.087423	9.8515005	19732	28.652058	1.3810024	45.908947	9.257845	9.02249	19611	23.710953	1.2913665	43.43186	7.9063215	7.674634	19707	16.843422	1.0985298	40.153084	8.035905	7.692942	19658	25.879496	1.109065	40.277958	7.2877483	6.994858	19563	19.845686	1.0043259	35.57939	3.6190307	3.4483247	18849	6.061395	0.4138623	3.8195422	3.075319	2.9402158	17689	5.023266	0.34039056	2.8190625	3.5380664	3.3678024	18448	6.393818	0.3966318	3.5606463	0	0	0	0	0	0	0	0	0	0	0	0	0	0	0	0	0	0
F8_S24_subsampled_depth_10G_contig_1503	13.272346	11.925303	13967	79.86278	1.9181492	63.9541	12.384816	11.305379	13967	59.138744	1.790655	59.527134	12.500615	11.377985	13967	60.447617	1.8407425	61.9087	11.559238	10.803651	13934	38.09365	1.685599	61.611435	11.722444	10.781941	13967	48.764076	1.7348607	63.004997	11.583267	10.693173	13967	46.958046	1.6810511	59.553143	5.993414	5.682158	13659	15.16679	0.7221916	6.6651173	5.1157994	4.798585	13722	12.166381	0.59347045	4.9150324	6.278787	5.9146094	13767	15.130872	0.71794015	6.4450936	8.6305275	8.051298	13959	30.235588	25.449667	719.9525	9.16154	8.281419	13962	42.523705	26.518957	748.584	10.113266	9.40082	13967	37.45221	28.29004	789.52716
F8_S24_subsampled_depth_10G_contig_1556	52.235046	51.390606	14938	366.63763	7.351527	245.11136	49.925663	48.953777	14971	339.61874	7.0311413	233.7377	47.290024	46.373432	14971	397.7201	6.742902	226.78047	43.332035	42.085873	14934	342.8944	6.193476	226.38179	45.851124	44.957066	14966	306.0137	6.454968	234.4253	45.34951	44.57004	15028	253.21866	6.4137807	227.21559	0	0	0	0	0	0	0	0	0	0	0	0	0	0	0	0	0	0	43.693306	36.262768	14955	2189.2407	136.82979	3870.8145	66.19982	57.90614	14972	2820.9995	196.3338	5542.1616	62.45705	54.140755	14972	2795.8193	181.95937	5078.1787
F8_S24_subsampled_depth_10G_contig_1646	5.7484508	5.6360903	13835	9.335621	0.7804635	26.021852	5.09881	5.004828	14006	7.501563	0.6918935	23.000765	6.3453016	6.257697	14096	8.559797	0.8653752	29.10471	5.8488283	5.7268696	14077	9.4849825	0.8042337	29.396072	6.7790127	6.767867	13810	10.065158	0.92845815	33.718838	6.854385	6.7681046	13992	13.1101675	0.93119985	32.988823	0	0	0	0	0	0	0	0	0	0	0	0	0	0	0	0	0	0	0	0	0	0	0	0	57.903397	52.592087	0	6390.527	0	0	0	0	0	0	0	0
F8_S24_subsampled_depth_10G_contig_1848	4.214874	4.1622562	13444	4.376903	0.5795358	19.322628	5.012091	4.919398	13711	5.9367714	0.6821995	22.678488	5.83808	5.729546	13686	9.620707	0.805785	27.10054	6.4199142	6.2982116	13860	7.425276	0.8876091	32.443577	6.5844564	6.5044103	13820	9.341515	0.9047135	32.856518	6.8523564	6.7747836	13879	8.266733	0.9340729	33.0906	0	0	0	0	0	0	0	0	0	0	0	0	0	0	0	0	0	0	0	0	0	0	0	0	0	0	0	0	0	0	0	0	0	0	0	0
F8_S24_subsampled_depth_10G_contig_2332	5.7994213	5.3860927	36266	19.912434	0.8032716	26.782307	6.4174666	5.83421	36569	25.922249	0.8857916	29.44655	6.1413736	5.57403	36136	24.634968	0.8537412	28.713415	9.508317	9.086396	36712	30.205683	1.3179195	48.172123	9.368296	8.848965	36568	30.95759	1.2916162	46.907684	9.744138	9.339423	37120	28.49225	1.3491987	47.79692	0	0	0	0	0	0	0	0	0	0	0	0	0	0	0	0	0	0	15.330809	15.147639	37103	39.259792	43.29271	1224.7191	18.349552	18.231932	37123	48.039978	50.06233	1413.1722	18.181131	18.144455	37123	60.086445	48.325077	1348.6713
F8_S24_subsampled_depth_10G_contig_2350	0	0	0	0	0	0	0	0	0	0	0	0	0	0	0	0	0	0	0	0	0	0	0	0	1.7700994	1.730692	1837	1.4884684	0.23433337	8.510291	2.2168021	2.1745236	2108	1.9421304	0.29595783	10.484642	0	0	0	0	0	0	1.5745257	1.5165497	1794	1.5089034	0.1686419	1.3966662	0	0	0	0	0	0	0	0	0	0	0	0	0	0	0	0	0	0	0	0	0	0	0	0
F8_S24_subsampled_depth_10G_contig_2356	3.2704058	3.130093	18541	4.9713283	0.44534725	14.848568	2.9968896	2.8817234	18095	4.4593525	0.40628698	13.506283	2.532534	2.4114597	18088	3.4425123	0.34829658	11.714078	4.0353684	3.842595	19346	6.8780885	0.5557748	20.314486	3.729544	3.5751631	19296	5.7085576	0.51591796	18.736618	4.1177444	3.9711833	19450	6.597665	0.566624	20.073298	2.097928	1.9401928	16725	3.2962494	0.24087888	2.223076	1.9022726	1.788529	16982	2.2494292	0.21091783	1.7467889	0	0	0	0	0	0	0	0	0	0	0	0	0	0	0	0	0	0	0	0	0	0	0	0
F8_S24_subsampled_depth_10G_contig_3425	204.52586	177.40933	38456	59725.707	27.790297	926.57153	190.00581	164.54495	38592	51214.555	25.797544	857.5931	199.49162	171.86104	38647	58993.645	27.323204	918.9468	232.0492	192.2752	38438	104426.43	31.859404	1164.5138	225.64474	187.21748	38649	97002.484	30.771269	1117.5212	230.70595	190.56279	38649	106284.52	31.52501	1116.8094	81.58261	75.500244	35825	5348.3965	9.329807	86.10489	65.08257	60.17812	35735	3361.9226	7.2042584	59.664562	79.005066	73.01836	35814	4871.5747	8.785026	78.86493	16.36349	4.7326775	36047	3865.7373	52.354637	1481.0745	16.968077	4.39589	35675	4455.1357	53.235466	1502.7448	18.699162	5.237309	36748	5124.1523	56.48623	1576.4354
F8_S24_subsampled_depth_10G_contig_3685	13.831758	12.278271	27337	140.62938	1.9270971	64.25244	14.099422	12.627774	27275	122.31511	1.958427	65.10438	14.56928	13.044015	27325	128.31693	2.041712	68.66779	14.871519	13.44538	27337	115.800415	2.0906339	76.41613	14.475301	13.268421	27337	99.012375	2.0219226	73.43025	14.806636	13.302996	27337	123.86833	2.0655308	73.173836	0	0	0	0	0	0	0	0	0	0	0	0	0	0	0	0	0	0	0	0	0	0	0	0	0	0	0	0	0	0	0	0	0	0	0	0
F8_S24_subsampled_depth_10G_contig_3944	75.791595	75.32722	21313	270.77466	10.311458	343.79996	71.76547	71.1991	21316	267.84375	9.752546	324.2058	74.73711	74.33686	21254	272.38605	10.256339	344.94598	86.29511	85.79335	21254	371.53647	11.87491	434.04764	86.93594	86.203156	21399	375.4406	11.883801	431.58444	86.817856	85.95785	21474	341.99014	11.890147	421.2221	10.684346	10.105878	20960	50.625732	1.2214416	11.272702	8.855562	8.5285015	21200	30.225819	0.98240936	8.136158	12.465907	11.990829	21095	56.049816	1.3876674	12.4573765	0	0	0	0	0	0	0	0	0	0	0	0	0	0	0	0	0	0
F8_S24_subsampled_depth_10G_contig_4201	2615.3005	2610.533	42950	237542.44	354.848	11831.185	2614.788	2608.5898	42980	252719.67	354.51202	11785.115	2478.9414	2473.8884	42918	205699.92	339.09778	11404.696	2340.1416	2333.127	42918	184001.52	320.71753	11722.758	2366.265	2359.0225	42932	177585.31	322.0457	11695.744	2404.6536	2396.3025	43081	196222.53	328.10184	11623.386	100.910416	92.75121	42886	5467.201	11.526859	106.38154	94.75654	86.903725	42910	4795.66	10.470074	86.71156	127.20719	117.49942	42911	8075.8237	14.115391	126.71673	4.2824764	4.0061336	40726	10.321254	13.156784	372.1958	4.3543825	4.137167	41362	8.809048	12.3010845	347.2381	5.1907477	4.9270425	41810	11.759679	14.320436	399.65906
F8_S24_subsampled_depth_10G_contig_4929	21.390997	20.243008	39915	112.81121	3.0083325	100.302475	21.939444	20.536505	39915	129.52243	3.070925	102.087326	24.534868	23.021822	39915	163.4182	3.4754024	116.8863	27.486105	25.5982	39915	229.08665	3.8977995	142.47104	27.430052	25.714521	39915	201.12152	3.858763	140.13881	26.790268	24.920227	39915	201.80498	3.7763298	133.78084	0	0	0	0	0	0	0	0	0	0	0	0	0	0	0	0	0	0	0	0	0	0	0	0	0	0	0	0	0	0	0	0	0	0	0	0
F8_S24_subsampled_depth_10G_contig_5134	11605.755	11208.869	73187	65802570	1577.3219	52590.363	11544.755	11149.333	73186	64685616	1567.9945	52125.15	11596.845	11165.881	73183	68583520	1589.1978	53448.633	13086.366	12682.522	73183	63530570	1797.4873	65701.1	12793.914	12435.866	73174	59494292	1745.2147	63381.03	13143.606	12733.246	73346	67488696	1797.0433	63662.33	10447.21	9502.468	73171	66816604	1197.1852	11048.841	8787.694	7956.4204	73173	47977600	975.0044	8074.837	9483.325	8567.252	73185	57051604	1056.3314	9482.899	51.6339	49.685493	72966	1383.9015	156.60918	4430.3584	49.308678	47.24272	73119	1827.7572	140.82019	3975.1082	58.641182	57.14105	73033	1293.643	160.91037	4490.7354
F8_S24_subsampled_depth_10G_contig_6245	0	0	0	0	0	0	1.2753816	1.1709653	1277	1.1306219	0.17278025	5.7437673	0	0	0	0	0	0	1.748507	1.6720707	1299	1.6266162	0.22453481	8.207121	0	0	0	0	0	0	2.6914399	2.6396463	1427	3.9956968	0.3477234	12.318492	0	0	0	0	0	0	0	0	0	0	0	0	0	0	0	0	0	0	0	0	0	0	0	0	0	0	0	0	0	0	0	0	0	0	0	0
F8_S24_subsampled_depth_10G_contig_6334	23.7648	20.336367	34570	746.6518	3.222819	107.45379	23.14571	19.783321	34605	738.099	3.135334	104.22857	22.756987	19.560278	34636	665.55853	3.1100414	104.59839	23.397257	19.643059	34616	909.39264	3.2035856	117.09639	22.172733	18.428696	34625	847.28015	3.015043	109.49739	23.269487	19.151354	34712	985.45526	3.1739285	112.44009	0	0	0	0	0	0	0	0	0	0	0	0	0	0	0	0	0	0	47.064087	47.03906	34618	103.577095	131.81865	3729.0532	72.14927	72.08805	34625	146.36104	195.5963	5521.342	56.436752	56.339966	34616	95.139145	149.25024	4165.322
F8_S24_subsampled_depth_10G_contig_6606	5.201598	5.0212536	16014	10.063733	0.7072694	23.58147	4.368144	4.2168417	15905	7.135213	0.5962678	19.821848	4.83969	4.739373	16152	7.7167463	0.66476613	22.357723	5.5610847	5.297619	16394	12.595379	0.7688505	28.102757	5.124228	4.948009	16247	9.41582	0.70163167	25.481192	6.0259113	5.724038	16303	15.928373	0.82839483	29.346828	0	0	0	0	0	0	0	0	0	0	0	0	0	0	0	0	0	0	0	0	0	0	0	0	0	0	0	0	0	0	0	0	0	0	0	0
F8_S24_subsampled_depth_10G_contig_6626	8.657326	8.563193	21273	12.19714	1.1861494	39.548065	8.279763	8.090096	21107	13.683517	1.1294237	37.54566	8.037491	7.8920736	21154	12.113438	1.1143677	37.47894	7.567479	7.5277443	21150	8.065849	1.0414991	38.068527	7.2093253	7.096776	21156	10.153587	0.9942759	36.109165	8.086248	7.9587126	21275	10.6643095	1.1065087	39.19934	0	0	0	0	0	0	0	0	0	0	0	0	0	0	0	0	0	0	0	0	0	0	0	0	0	0	0	0	0	0	0	0	0	0	0	0
F8_S24_subsampled_depth_10G_contig_6696	4.47163	4.351214	10951	7.330369	0.61399823	20.471666	4.304934	4.181676	10798	8.405113	0.5868197	19.507765	3.7237885	3.5552075	9829	9.015867	0.5131523	17.25858	4.0521584	3.9038763	11006	7.3117566	0.55898	20.431644	4.6118064	4.2991385	10958	13.15161	0.6315726	22.936846	5.0120707	4.908183	11210	8.9739485	0.6853293	24.278593	0	0	0	0	0	0	0	0	0	0	0	0	0	0	0	0	0	0	2.8702202	2.728563	10537	4.1293364	8.07537	228.44624	3.435859	3.2702622	10311	5.984211	9.308423	262.76053	3.90837	3.851997	11131	4.307578	10.577277	295.1939
F8_S24_subsampled_depth_10G_contig_7578	2.7438622	2.6412034	24211	3.5426667	0.37118548	12.375907	2.5564015	2.449837	24397	3.0833926	0.3467088	11.525717	2.728522	2.59688	23548	4.1367197	0.37193024	12.5089245	2.6179476	2.5084808	24468	3.5248578	0.3595988	13.1439295	2.4033353	2.2731624	23933	3.405214	0.326632	11.862315	2.7524421	2.6376956	24597	3.614777	0.37548187	13.301871	0	0	0	0	0	0	0	0	0	0	0	0	0	0	0	0	0	0	10.117446	9.966159	26847	22.554815	28.388153	803.0801	12.851651	12.619537	27022	30.933418	34.684017	979.06903	12.076255	11.933474	27004	24.207952	31.891413	890.0356
F8_S24_subsampled_depth_10G_contig_7998	10.463064	10.146533	55069	37.094986	1.4650598	48.84736	10.407637	10.068766	55069	40.383873	1.4601414	48.539803	10.097598	9.801675	55069	31.770548	1.4253168	47.93693	9.558422	9.217038	55052	35.14608	1.3617388	49.773792	9.543273	9.3147745	55063	27.31201	1.3457314	48.872986	9.952184	9.643812	55069	32.701347	1.396788	49.482815	4.192338	3.7612333	44859	19.097622	0.49000415	4.5222564	3.476356	3.0419593	43855	15.023509	0.3903272	3.232629	4.108906	3.6633759	46839	16.50875	0.46658462	4.1886225	10.495639	4.651561	53214	1864.9703	37.00566	1046.8627	8.138368	2.6645086	50089	1634.5355	27.428492	774.25854	10.119667	4.5892696	54174	1596.2655	31.78999	887.20514
F8_S24_subsampled_depth_10G_contig_8564	3.1084328	2.9673803	11133	5.001755	0.42487726	14.166063	3.5455835	3.4250765	11118	5.793489	0.48685935	16.184757	3.4812746	3.39431	11012	4.837925	0.4742413	15.949905	3.265243	3.1883051	11303	4.2824936	0.44782317	16.368668	4.0807405	3.9780374	11398	5.753407	0.5560717	20.19488	4.01468	3.7472894	11746	7.999451	0.54754275	19.397327	0	0	0	0	0	0	0	0	0	0	0	0	0	0	0	0	0	0	2.9309366	2.7948291	10916	4.307542	8.276812	234.14487	3.6546834	3.4508386	10945	8.079612	9.99198	282.0561	3.4494953	3.3653045	10851	5.2930155	9.169072	255.89328
F8_S24_subsampled_depth_10G_contig_9081	5.5155735	5.3018947	18543	9.547813	0.75142896	25.053818	4.9760075	4.8757396	18536	6.0369763	0.6755116	22.45617	5.1009197	4.9747176	18190	7.964315	0.6992065	23.516027	5.7550163	5.632359	18453	8.978067	0.7974906	29.149597	5.0413146	4.869464	18080	9.806127	0.6864975	24.931545	5.5176716	5.395254	18682	6.134465	0.7489216	26.531393	0	0	0	0	0	0	0	0	0	0	0	0	0	0	0	0	0	0	0	0	0	0	0	0	0	0	0	0	0	0	0	0	0	0	0	0
F8_S24_subsampled_depth_10G_contig_9187	6.6486106	6.5286674	25081	9.213327	0.90542173	30.18818	6.73305	6.610772	25056	9.76041	0.9201625	30.589155	6.0637903	5.922885	24858	9.113935	0.83058	27.934471	7.067319	7.0002675	25059	8.72117	0.97289425	35.56087	6.8593483	6.7665167	25065	8.590322	0.9387322	34.091976	7.633455	7.5548625	25091	9.686167	1.0407395	36.86939	2.8038971	2.5928187	21788	5.469361	0.3254372	3.003465	2.2096949	2.07217	21117	3.3454409	0.24760269	2.0506065	2.5933604	2.4450037	21152	4.225335	0.28925985	2.596745	0	0	0	0	0	0	0	0	0	0	0	0	0	0	0	0	0	0
F8_S24_subsampled_depth_10G_contig_9451	4.203293	4.098211	10668	7.090123	0.5782549	19.279922	4.4959736	4.3700795	10458	8.72052	0.6138906	20.407692	4.0531497	3.913519	10720	6.422051	0.5647591	18.994234	4.8222084	4.724851	11206	6.8975153	0.677066	24.747885	5.15918	5.028131	11205	8.71014	0.7173588	26.052345	6.097799	5.925845	11236	11.422472	0.8303057	29.414524	3.2345204	3.0986083	10372	6.011125	0.36956555	3.4107277	3.287849	3.1099403	9810	6.5760164	0.37106133	3.0730717	3.4976735	3.3322067	9886	7.921605	0.39479816	3.5441816	0	0	0	0	0	0	0	0	0	0	0	0	0	0	0	0	0	0
F8_S24_subsampled_depth_10G_contig_9900	10317.236	10231.144	13171	47249570	1395.235	46519.31	10314.114	10232.923	13171	47361876	1394.0364	46342.234	10257.256	10181.299	13171	46483744	1398.8258	47045.97	8981.969	8921.57	13171	34869736	1227.502	44867.223	9484.011	9412.964	13171	38894332	1287.2024	46747.39	9259.934	9196.261	13171	37144372	1259.8688	44632.285	4959.273	4818.4775	13171	12665441	566.95703	5232.454	4338.7334	4213.994	13171	9489858	480.32315	3977.962	4995.193	4848.417	13171	12888530	554.9699	4982.0767	10.652177	10.388599	12908	56.875248	30.786686	870.93286	12.17779	11.813636	12869	87.92147	32.942505	929.9098	14.191153	13.9314785	13016	93.986275	37.24318	1039.3937
F8_S24_subsampled_depth_10G_contig_11012	28.34648	24.311949	39809	8050.085	4.9915924	166.42754	28.781689	23.844124	39809	13181.538	5.297247	176.09744	28.30147	24.512482	39809	5850.6313	4.886708	164.352	53.31925	49.73265	39809	6065.245	8.345963	305.05853	53.31965	49.13489	39809	9690.653	8.460654	307.26587	53.067097	50.10444	39809	2492.429	7.8942895	279.66418	0	0	0	0	0	0	0	0	0	0	0	0	0	0	0	0	0	0	3.981921	2.0283513	30063	3748.1055	33.554226	949.2242	0	0	0	0	0	0	3.2121081	1.7589018	31057	1953.7649	21.338974	595.53455
F8_S24_subsampled_depth_10G_contig_11085	7.414966	6.6009927	15033	34.794777	1.1230688	37.444855	7.5175405	6.6233697	15109	39.847122	1.1491522	38.201492	9.126584	8.225549	15142	45.397293	1.3843031	46.557518	9.905829	9.007113	15141	48.33929	1.4863496	54.328518	10.0845	9.041198	15144	54.117657	1.5119638	54.910034	10.219821	9.189316	15144	54.135098	1.51507	53.673096	0	0	0	0	0	0	0	0	0	0	0	0	0	0	0	0	0	0	0	0	0	0	0	0	0	0	0	0	0	0	0	0	0	0	0	0
F8_S24_subsampled_depth_10G_contig_11245	9.231333	8.909839	39055	20.016964	1.2545656	41.82916	8.412132	8.106754	38967	20.491467	1.1425276	37.981277	9.272896	8.957218	38935	28.605227	1.273264	42.82299	8.68842	8.386177	38976	21.271463	1.1913314	43.545124	7.9516	7.6949024	39004	19.59695	1.0858796	39.43594	8.591415	8.206198	38849	23.46697	1.1786579	41.75531	3.7894871	3.6783378	36411	5.8200684	0.43484727	4.013212	3.6553657	3.4761958	37331	5.9815216	0.4061893	3.363997	4.2192006	4.061088	37861	6.865687	0.46992972	4.218657	0	0	0	0	0	0	0	0	0	0	0	0	0	0	0	0	0	0
F8_S24_subsampled_depth_10G_contig_11377	1.8319571	1.7844037	2156	1.7986811	0.26259646	8.755368	0	0	0	0	0	0	2.9318745	2.8165138	2239	4.6277404	0.4091451	13.760552	0	0	0	0	0	0	1.9715111	1.8444954	2057	2.7612703	0.27919966	10.139701	3.5462427	3.4454129	2414	5.1434617	0.47204074	16.722578	0	0	0	0	0	0	0	0	0	0	0	0	0	0	0	0	0	0	0	0	0	0	0	0	2.1907516	2.0633028	2310	2.8789232	6.330051	178.68626	6.1742363	6.0279818	2481	13.3294	17.000904	474.46658
F8_S24_subsampled_depth_10G_contig_12233	3.274796	3.1422179	18251	4.8026943	0.44192407	14.734434	3.649979	3.5712543	17921	4.7587237	0.49144852	16.33732	3.2886586	3.1688945	18028	4.6303525	0.44874594	15.092428	3.4052103	3.323085	18293	4.180029	0.46562028	17.019194	3.7617702	3.7128327	18073	4.455722	0.5101076	18.525608	4.376491	4.1552367	18769	7.849825	0.5949248	21.075891	0	0	0	0	0	0	0	0	0	0	0	0	0	0	0	0	0	0	0	0	0	0	0	0	0	0	0	0	0	0	0	0	0	0	0	0
F8_S24_subsampled_depth_10G_contig_693|provirus_13280_37495	9.985706	9.9338875	24216	11.990656	1.3793155	45.98852	10.250935	10.154894	24216	11.449392	1.3976042	46.460827	9.220685	9.129779	24216	11.903631	1.2729937	42.813923	8.9110775	8.804017	24216	12.896645	1.2342398	45.11352	8.270382	8.161911	24216	10.697346	1.1310889	41.077816	9.027757	8.924931	24216	9.969562	1.2363999	43.800896	1.9351367	1.8190212	19420	2.6725013	0.2217278	2.0463302	0	0	0	0	0	0	2.23153	2.0962143	20217	3.3210852	0.24734831	2.2204952	4.5447936	4.439658	23298	6.4527826	15.009136	424.59744	2.5812764	2.4677286	21193	3.6289847	7.10978	200.6967	3.9723678	3.8598337	23616	5.155063	10.702752	298.69577
F8_S24_subsampled_depth_10G_contig_1595|provirus_85286_116336	14.275072	14.105749	30943	39.709904	1.9523395	65.09407	15.063687	14.802848	31025	52.954514	2.0633523	68.59246	15.684735	15.510734	31010	52.989143	2.1589978	72.61243	17.256561	17.055878	31050	60.086926	2.3850908	87.17896	17.194298	16.826866	31013	57.874546	2.3635302	85.83638	18.096405	17.81759	31047	63.810017	2.4878094	88.13344	0	0	0	0	0	0	0	0	0	0	0	0	0	0	0	0	0	0	0	0	0	0	0	0	0	0	0	0	0	0	0	0	0	0	0	0
F8_S24_subsampled_depth_10G_contig_3654|provirus_1_15393	27.387129	26.320066	15393	95.35786	3.8505359	128.38293	27.83973	26.366062	15393	134.04733	3.8965242	129.53294	26.317654	25.384212	15393	81.288	3.7278273	125.37605	23.552647	22.215322	15393	113.77067	3.3462508	122.311005	24.188284	23.43786	15393	78.27946	3.4108672	123.87261	25.114939	23.857132	15393	116.65179	3.5412543	125.452965	0	0	0	0	0	0	0	0	0	0	0	0	0	0	0	0	0	0	5.735813	5.361615	15205	14.319452	18.593239	525.9891	5.170964	4.738319	15241	14.188064	15.151287	427.69443	6.2580857	5.90269	15101	17.094652	18.051123	503.77637
GP3_S28_subsampled_depth_10G_contig_42	0	0	0	0	0	0	0	0	0	0	0	0	0	0	0	0	0	0	0	0	0	0	0	0	0	0	0	0	0	0	0	0	0	0	0	0	2565.6707	2547.3618	2815	103068.09	311.55386	2875.3342	1851.7789	1843.1396	2815	59153.945	218.23553	1807.3921	2073.452	2056.911	2815	80606.21	245.08347	2200.1633	0	0	0	0	0	0	0	0	0	0	0	0	0	0	0	0	0	0
GP3_S28_subsampled_depth_10G_contig_220	0	0	0	0	0	0	2.4068682	2.3435557	2398	2.9889894	0.3975743	13.216644	1.6860769	1.5122254	2296	2.5463	0.28445247	9.566845	0	0	0	0	0	0	0	0	0	0	0	0	1.5281821	1.493162	2334	1.0409343	0.23276378	8.245925	4689.907	4691.3086	2829	67531.305	553.9468	5112.383	3341.1113	3352.2192	2829	45782.75	381.28314	3157.7275	3708.5427	3710.6013	2829	68539.1	425.0308	3815.5872	0	0	0	0	0	0	0	0	0	0	0	0	0	0	0	0	0	0
GP3_S28_subsampled_depth_10G_contig_240	0	0	0	0	0	0	0	0	0	0	0	0	0	0	0	0	0	0	0	0	0	0	0	0	0	0	0	0	0	0	0	0	0	0	0	0	17.142086	16.901388	3100	56.47913	1.9452426	17.952673	13.268646	13.029246	3108	64.799515	1.4300704	11.843618	12.288221	12.118485	3084	28.18767	1.3399166	12.028705	0	0	0	0	0	0	0	0	0	0	0	0	0	0	0	0	0	0
GP3_S28_subsampled_depth_10G_contig_257	103.11419	99.76194	50576	1289.7126	14.054202	468.58884	105.79332	101.87765	50576	1512.8629	14.403314	478.81213	108.224464	104.41638	50576	1430.8813	14.888234	500.7279	128.19049	124.3345	50576	1850.1305	17.64704	645.02844	127.928925	124.08322	50576	1743.9565	17.505491	635.74744	132.36287	128.69328	50576	1770.1309	18.156096	643.2003	28.831318	28.4506	50576	67.511154	3.3056748	30.508104	25.714214	25.22801	50576	75.73093	2.8554652	23.648516	28.868143	28.468668	50576	76.74344	3.2108433	28.824396	5.5905285	5.4186497	49828	10.02743	18.678408	528.3984	4.1804824	4.058501	49090	6.0599	11.508262	324.85825	5.817832	5.6595497	50284	8.913369	15.467884	431.68262
GP3_S28_subsampled_depth_10G_contig_510	147.56097	143.8516	25590	1770.6709	20.249065	675.13544	150.99065	147.50179	25590	1686.1978	20.665543	686.9888	159.91168	155.84805	25590	1901.125	22.093187	743.0483	165.1033	161.87798	25590	1869.9993	22.847305	835.10657	157.42036	153.75882	25590	1760.6987	21.642866	786.0048	163.13113	159.19531	25590	1926.1716	22.502066	797.1615	33.771187	31.155268	25569	818.06854	3.8512166	35.54294	29.10291	27.394043	25447	476.91977	3.2216303	26.681047	31.893122	29.753668	25533	601.0678	3.5429597	31.805866	6.2520833	5.9459295	25313	16.175257	20.147346	569.9537	3.976769	3.7121768	23522	9.756879	10.831659	305.759	6.879874	6.4642735	25145	22.197683	18.314447	511.12518
GP3_S28_subsampled_depth_10G_contig_815	137.96065	136.16553	11991	552.2108	19.280361	642.83734	131.19432	129.59369	11991	535.12756	18.30435	608.49524	134.66008	132.62166	11991	763.4669	18.969763	637.9999	120.61135	118.89772	11991	424.19214	17.08769	624.5832	113.34997	111.86328	11991	556.79395	15.914466	577.96625	122.43966	120.92371	11991	578.7025	17.250254	611.10986	8.4121275	8.23196	11991	12.131488	0.9713877	8.964953	6.724432	6.5823402	11948	10.980052	0.76607525	6.3445187	9.458407	9.280567	11991	17.571262	1.0825329	9.718112	3.3768263	2.884583	10384	25.609678	12.284704	347.52533	2.7180982	2.1646805	10178	24.416132	9.130931	257.7503	3.0460265	2.5004222	10807	28.463675	10.276769	286.80725
GP3_S28_subsampled_depth_10G_contig_1166	175.26491	174.87465	12675	690.97156	24.143332	804.9763	181.78172	182.14087	12675	470.76843	25.047953	832.67426	196.17413	196.868	12675	606.9652	27.275616	917.3461	213.90834	214.28706	12675	694.3673	29.765968	1087.9951	218.62762	218.7949	12675	840.6796	30.281265	1099.7256	216.52678	216.53375	12675	814.0658	29.961567	1061.4227	9.69493	9.620243	12660	15.861331	1.1165655	10.304801	8.41509	8.348975	12609	14.404419	0.9370436	7.760452	8.594012	8.453384	12513	17.589792	0.95039934	8.531923	21.95505	21.850706	12675	39.51052	70.93067	2006.5767	16.346506	16.235252	12662	21.007685	44.79653	1264.5282	24.560879	24.472988	12675	29.12576	66.23633	1848.5441
GP3_S28_subsampled_depth_10G_contig_1219	16710.479	16311.269	95698	9122283	2270.541	75703.37	17319.434	16889.875	95698	10350961	2351.6992	78177.99	17358.914	16883.746	95698	11417919	2378.3896	79991.11	17957.156	17410.338	95698	15109374	2465.3125	90111.22	18777.545	18263.305	95698	14199295	2560.483	92989.17	17831.545	17307.506	95698	14092228	2437.116	86337.64	8859.25	8730.902	95698	5300024	1015.87604	9375.536	7783.3916	7663.2456	95698	3973237.5	863.97565	7155.311	8592.11	8460.665	95698	4602600.5	957.47186	8595.418	32.787174	32.221714	95698	81.410194	93.4568	2643.8245	34.37245	33.661034	95698	85.13343	93.0429	2626.4392	34.97488	34.396088	95698	77.24031	92.50137	2581.556
GP3_S28_subsampled_depth_10G_contig_1554	4.0376306	3.9436634	11621	5.3696074	0.562738	18.762564	4.0646305	4.0045934	11840	3.5172138	0.5622752	18.691822	4.1454606	4.045838	11671	5.01892	0.56905264	19.138645	3.3464394	3.2458756	11606	4.102398	0.4736012	17.310898	4.1450386	4.03937	11631	5.5755367	0.57096654	20.735807	4.5781302	4.523997	11911	4.440523	0.6463774	22.898663	8.294971	8.273435	12002	12.184863	0.9447699	8.719296	6.857155	6.7701535	11917	10.414406	0.78059757	6.4647865	5.8569016	5.751781	11810	10.382357	0.66171384	5.940336	0	0	0	0	0	0	0	0	0	0	0	0	0	0	0	0	0	0
GP3_S28_subsampled_depth_10G_contig_1719	2711.0222	686.3372	756	105175600	1195.9565	39875.055	3538.4836	930.78296	866	177125260	1485.3274	49377.04	2604.5046	691.4328	825	95419920	1116.1874	37540.137	0	0	0	0	0	0	0	0	0	0	0	0	0	0	790	0	665.0214	23559.146	21677.844	21576.193	1008	291590460	2534.3057	23389.148	27146.947	27027.584	925	452068770	3105.4756	25719.072	28390.01	28329.646	922	474119070	3304.5024	29665.197	0	0	0	0	0	0	0	0	0	0	0	0	0	0	0	0	0	0
GP3_S28_subsampled_depth_10G_contig_1753	152.59595	149.99196	11208	1012.1791	21.456339	715.3878	155.41689	151.81404	11208	1135.5004	21.88024	727.369	145.17545	141.48663	11208	992.67163	20.676088	695.38776	137.69199	135.35533	11208	830.59326	19.526281	713.7175	150.01546	147.7834	11208	823.7509	21.102976	766.3976	136.64632	134.3699	11208	776.40936	19.367857	686.1284	103.42738	102.53074	11208	2694.1492	12.290389	113.42814	77.69551	76.97689	11208	1550.85	8.855468	73.33962	104.76162	103.85001	11208	2639.9487	12.0490265	108.16661	0	0	0	0	0	0	0	0	0	0	0	0	0	0	0	0	0	0
GP3_S28_subsampled_depth_10G_contig_1904	0	0	0	0	0	0	0	0	0	0	0	0	0	0	0	0	0	0	0	0	0	0	0	0	0	0	0	0	0	0	0	0	0	0	0	0	5.553042	5.4298096	1432	6.34418	0.5989701	5.527906	0	0	0	0	0	0	2.7137287	2.743501	1378	1.6736444	0.30293342	2.7194948	0	0	0	0	0	0	0	0	0	0	0	0	0	0	0	0	0	0
GP3_S28_subsampled_depth_10G_contig_1942	37.26074	36.862736	45248	108.12224	5.0695944	169.02823	36.073467	35.464607	45247	120.45417	4.9048615	163.05327	37.37428	36.53141	45247	132.32423	5.130563	172.55345	36.793476	36.275246	45235	118.91586	5.0624547	185.0411	37.352924	36.88518	45243	110.306	5.0979605	185.14278	38.387665	37.672287	45240	140.94844	5.250076	185.98993	23.335112	21.447668	45341	353.11322	2.6745152	24.683136	18.643026	17.015686	45234	226.18185	2.0710454	17.152073	21.704521	20.18275	45233	266.7212	2.4157975	21.687113	0	0	0	0	0	0	0	0	0	0	0	0	0	0	0	0	0	0
GP3_S28_subsampled_depth_10G_contig_2307	118.9199	116.07543	49754	3614.2705	16.203297	540.24304	115.131996	112.26833	49764	3298.039	15.68297	521.3521	123.5591	120.544235	49773	3897.2778	16.980669	571.10175	152.30618	149.86888	49773	5226.5903	20.964525	766.2879	142.15344	139.94797	49773	4457.9595	19.457794	706.6495	151.02556	149.09149	49773	4970.2886	20.698084	733.2532	33.42968	32.698483	49773	420.7891	3.8315277	35.36121	29.167181	28.468103	49742	328.587	3.2432826	26.860373	32.795155	31.961264	49673	433.9688	3.6551814	32.8133	2.2344477	2.0300486	39527	7.101214	7.366716	208.39899	0	0	0	0	0	0	2.4158556	2.1968608	43262	8.776479	6.8044977	189.90204
GP3_S28_subsampled_depth_10G_contig_2506	53.22103	52.453796	12892	753.8135	7.1651335	238.89667	52.707928	51.378685	12913	743.6604	7.083331	235.47256	52.7134	51.48196	12886	860.1969	7.1614146	240.85602	48.633987	48.114666	12892	720.3673	6.6144247	241.76804	47.769894	47.249325	12907	528.89465	6.4545603	234.41054	50.214302	49.317135	12912	773.70844	6.7902994	240.55415	7.426336	7.193254	12537	23.06024	0.8450561	7.7990327	6.198889	5.806659	11793	24.805824	0.6795561	5.6279745	7.6988497	7.4118056	12488	26.974482	0.8464253	7.5985303	0	0	0	0	0	0	0	0	0	0	0	0	0	0	0	0	0	0
GP3_S28_subsampled_depth_10G_contig_2804	16.770224	16.728416	11377	65.475136	2.27506	75.854004	18.226593	18.1492	11398	71.91514	2.4765983	82.33003	17.77765	17.664865	11379	80.11881	2.4376662	81.98473	18.91053	18.716726	11386	89.693504	2.5934033	94.79318	18.233135	18.20892	11387	82.61152	2.484762	90.23921	20.345858	20.280817	11425	81.77303	2.7721913	98.20807	4.790735	4.610058	11017	10.504126	0.5418315	5.0005717	3.199894	3.078676	10142	5.2888627	0.34784877	2.8808303	3.5726285	3.3468225	10261	7.720963	0.39305934	3.5285735	0	0	0	0	0	0	0	0	0	0	0	0	0	0	0	0	0	0
GP3_S28_subsampled_depth_10G_contig_2820	0	0	0	0	0	0	0	0	0	0	0	0	0	0	0	0	0	0	0	0	0	0	0	0	0	0	0	0	0	0	0	0	0	0	0	0	6.783199	6.7004237	2507	8.628275	0.7526907	6.946593	9.635553	9.5751295	2487	22.859056	1.0800279	8.94462	8.020365	8.044748	2492	13.017409	0.89179975	8.005863	0	0	0	0	0	0	0	0	0	0	0	0	0	0	0	0	0	0
GP3_S28_subsampled_depth_10G_contig_2871	0	0	0	0	0	0	0	0	0	0	0	0	0	0	0	0	0	0	0	0	0	0	0	0	0	0	0	0	0	0	0	0	0	0	0	0	6.7842064	6.695986	5007	9.626722	0.7603947	7.017694	2.7450264	2.5976546	4532	3.3709145	0.2977978	2.4663148	0	0	0	0	0	0	0	0	0	0	0	0	0	0	0	0	0	0	0	0	0	0	0	0
GP3_S28_subsampled_depth_10G_contig_2874	0	0	0	0	0	0	0	0	0	0	0	0	0	0	0	0	0	0	0	0	0	0	0	0	0	0	0	0	0	0	0	0	0	0	0	0	5.3135114	5.25876	2622	4.4079432	0.5953699	5.494678	0	0	0	0	0	0	2.1666667	2.0871518	2315	1.8718467	0.2481697	2.2278705	0	0	0	0	0	0	0	0	0	0	0	0	0	0	0	0	0	0
GP3_S28_subsampled_depth_10G_contig_2919	0	0	0	0	0	0	0	0	0	0	0	0	0	0	0	0	0	0	0	0	0	0	0	0	0	0	0	0	0	0	0	0	0	0	0	0	855.45135	850.1264	6453	32405.936	96.53629	890.93494	793.2989	789.2951	6453	24979.336	86.75009	718.4508	762.4545	757.04425	6453	25250.508	83.68952	751.2978	0	0	0	0	0	0	0	0	0	0	0	0	0	0	0	0	0	0
GP3_S28_subsampled_depth_10G_contig_2921	0	0	0	0	0	0	0	0	0	0	0	0	0	0	0	0	0	0	0	0	0	0	0	0	0	0	0	0	0	0	0	0	0	0	0	0	48.830444	48.38815	5399	100.782585	5.499991	50.759514	89.94399	89.76592	5399	226.7925	9.81167	81.25872	57.99619	57.546455	5399	122.85442	6.304254	56.594585	0	0	0	0	0	0	0	0	0	0	0	0	0	0	0	0	0	0
GP3_S28_subsampled_depth_10G_contig_2926	0	0	0	0	0	0	0	0	0	0	0	0	0	0	0	0	0	0	0	0	0	0	0	0	0	0	0	0	0	0	0	0	0	0	0	0	3297.1768	3285.4458	5392	235678.66	371.67563	3430.2004	3676.6921	3667.4727	5392	292073.88	401.02927	3321.2622	4703.024	4687.464	5392	461705.4	515.1105	4624.2505	0	0	0	0	0	0	0	0	0	0	0	0	0	0	0	0	0	0
GP3_S28_subsampled_depth_10G_contig_1115|provirus_205_31638	23.787592	23.64409	31411	78.33609	3.3010662	110.06263	23.715988	23.440262	31408	76.0755	3.2781837	108.97734	24.059456	23.827923	31366	88.10872	3.3687212	113.2984	23.583364	23.117737	31376	98.10942	3.3298736	121.71233	24.344841	24.10797	31344	76.09865	3.397992	123.40498	24.747412	24.510086	31412	79.81805	3.4721804	123.00596	16.802807	16.430317	31428	51.72306	1.9198813	17.71861	13.823105	13.488351	31412	46.861202	1.5351408	12.713802	17.79098	17.284948	31396	64.38896	1.97876	17.763735	0	0	0	0	0	0	0	0	0	0	0	0	0	0	0	0	0	0
GP4_S29_subsampled_depth_10G_contig_376	286.35745	285.1226	10744	12927.151	40.09505	1336.8314	291.48724	290.06763	10744	14052.863	40.93191	1360.7081	267.0677	265.38077	10744	11947.555	37.95273	1276.444	310.4564	309.01636	10744	11149.162	43.994247	1608.0621	318.07355	316.46402	10744	11374.086	44.697067	1623.2654	312.96442	312.0325	10744	12134.311	44.22191	1566.612	10.866906	10.675021	10744	16.597977	1.264554	11.67059	8.596092	8.365877	10744	17.186886	0.98486155	8.156466	13.430149	13.369232	10744	25.822407	1.5342914	13.773643	0	0	0	0	0	0	0	0	0	0	0	0	0	0	0	0	0	0
GP4_S29_subsampled_depth_10G_contig_570	0	0	0	0	0	0	0	0	0	0	0	0	0	0	0	0	0	0	0	0	0	0	0	0	0	0	0	0	0	0	0	0	0	0	0	0	10.60481	10.567423	2645	10.996128	1.2517276	11.552217	5.672545	5.579884	2645	6.0013924	0.609183	5.045158	5.492184	5.3239875	2625	7.9781885	0.62449133	5.606183	0	0	0	0	0	0	0	0	0	0	0	0	0	0	0	0	0	0
GP4_S29_subsampled_depth_10G_contig_597	146.75949	144.1975	11430	779.7383	19.830944	661.19446	148.40807	146.67494	11430	755.7017	20.023964	665.6606	151.78653	149.08116	11430	986.89246	20.682487	695.603	160.85922	158.67297	11430	796.4891	21.971704	803.1019	157.04414	155.21257	11430	773.8672	21.31777	774.1983	163.20444	160.82053	11430	942.11896	22.210674	786.8388	11.856206	11.705279	11425	18.802088	1.3567518	12.521481	10.304167	9.973897	11430	20.888853	1.140841	9.448267	10.210372	10.058413	11430	15.683638	1.1269068	10.116471	4.6024823	4.4418836	10990	8.276754	14.428568	408.17368	3.6849291	3.397557	10975	7.540051	10.042019	283.46854	5.1570034	4.9897556	11118	8.334687	13.598182	379.50232
GP4_S29_subsampled_depth_10G_contig_696	0	0	0	0	0	0	0	0	0	0	0	0	0	0	0	0	0	0	0	0	0	0	0	0	0	0	0	0	0	0	0	0	0	0	0	0	16.200233	15.905008	2709	67.89414	1.8024205	16.634556	13.839036	13.374352	2683	51.648907	1.4768248	12.230838	12.421073	12.247841	2675	19.584974	1.3485014	12.105776	0	0	0	0	0	0	0	0	0	0	0	0	0	0	0	0	0	0
GP4_S29_subsampled_depth_10G_contig_803	9.813091	9.453972	2583	51.567627	1.4289254	47.642605	23.00492	23.079445	2672	149.1427	3.455888	114.88477	26.445705	25.90164	2685	330.46442	3.9745634	133.67435	2.6038592	2.443884	2282	4.352097	0.39222807	14.3365755	4.1748013	4.0290036	2565	7.998956	0.60971236	22.14294	4.2425275	4.1101303	2545	10.003611	0.61151284	21.663546	40614.31	40411.734	2759	485642600	4573.4355	42208.305	40877.074	40746.76	2793	461901900	4458.6787	36926.08	29508.96	29385.375	2765	248666510	3231.719	29011.793	0	0	0	0	0	0	0	0	0	0	0	0	0	0	0	0	0	0
GP4_S29_subsampled_depth_10G_contig_868	45.248013	42.60553	32709	2043.2375	7.079999	236.05827	44.97076	42.029312	32709	2064.9111	7.0391645	234.00446	45.504562	42.28326	32709	2564.61	7.3094015	245.83307	46.373413	43.106125	32709	2914.7747	7.510444	274.51904	44.758747	41.362633	32709	2884.8823	7.228594	262.5211	45.02411	41.665382	32709	2701.536	7.265668	257.3946	50.403484	47.522198	32709	815.6131	5.9095955	54.53975	39.566357	37.154583	32709	522.049	4.5046186	37.306557	50.280045	47.508923	32709	827.35486	5.7324286	51.46115	0	0	0	0	0	0	0	0	0	0	0	0	0	0	0	0	0	0
GP4_S29_subsampled_depth_10G_contig_999	4686.824	4702.5884	12597	693721.44	636.6729	21227.668	4434.383	4450.353	12597	662098	601.8959	20008.945	4814.783	4834.8706	12597	587531.5	659.7967	22190.586	4364.115	4381.006	12597	477642.78	599.34186	21906.932	4354.7876	4373.7075	12597	501996.63	593.76385	21563.744	4393.2515	4411.425	12597	459905.5	600.75604	21282.473	1494.4147	1506.3004	12597	369834.8	170.85599	1576.8324	1218.1296	1229.0939	12597	230906.48	134.9298	1117.4679	1784.8535	1797.6132	12597	476546.53	198.45544	1781.5752	14.055274	13.929126	12596	21.883005	40.19719	1137.1489	13.640878	13.473623	12597	17.561205	37.22233	1050.7214	12.546799	12.462465	12597	14.736019	33.22856	927.353
GP4_S29_subsampled_depth_10G_contig_1301	71.80669	56.022022	10932	13484.344	11.9722	399.17188	76.23092	60.2057	10930	15129.848	12.634921	420.02512	76.96934	59.94217	10849	16315.371	12.984218	436.6912	84.57623	65.799446	10933	18607.957	14.258793	521.1824	88.37588	69.51914	10930	19441.451	14.66156	532.4645	86.49435	67.76024	10931	18982.268	14.477385	512.87787	5.4417377	4.6298623	10058	68.98642	0.85098636	7.853765	6.2762136	5.4954724	10296	69.44033	0.9075017	7.5157866	5.809652	4.9556494	10488	96.181366	0.9176096	8.237569	13.199241	10.050525	10426	561.0207	48.490913	1371.772	9.786403	7.528401	9892	279.8938	32.87116	927.8953	15.26584	12.005042	10529	653.7826	48.154667	1343.915
GP4_S29_subsampled_depth_10G_contig_1315	0	0	0	0	0	0	0	0	0	0	0	0	0	0	0	0	0	0	2.38499	2.2645335	2012	4.5875187	0.3082667	11.267662	2.0827587	2.0387561	2044	2.4136028	0.26676267	9.688029	0	0	0	0	0	0	0	0	0	0	0	0	1.4503043	1.4118973	2072	1.067436	0.16515942	1.3678248	0	0	0	0	0	0	0	0	0	0	0	0	0	0	0	0	0	0	0	0	0	0	0	0
GP4_S29_subsampled_depth_10G_contig_1796	0	0	0	0	0	0	0	0	0	0	0	0	0	0	0	0	0	0	0	0	0	0	0	0	0	0	0	0	0	0	0	0	0	0	0	0	0	0	0	0	0	0	4.331504	4.229268	1972	3.396909	0.45487136	3.7671742	0	0	0	0	0	0	0	0	0	0	0	0	0	0	0	0	0	0	0	0	0	0	0	0
GP4_S29_subsampled_depth_10G_contig_1878	0	0	0	0	0	0	0	0	0	0	0	0	0	0	0	0	0	0	1.5683385	1.4815459	2660	1.6445916	0.21040988	7.6908274	0	0	0	0	0	0	0	0	0	0	0	0	1.531348	1.4968663	2679	1.1540815	0.1746267	1.6116331	4.9404387	4.8154597	3340	4.880114	0.55204976	4.571991	0	0	0	0	0	0	0	0	0	0	0	0	0	0	0	0	0	0	0	0	0	0	0	0
GP4_S29_subsampled_depth_10G_contig_1979	0	0	0	0	0	0	0	0	0	0	0	0	0	0	0	0	0	0	2.0846233	2.098511	948	1.6581209	0.29554498	10.802656	1.7832817	1.7640321	948	1.3703401	0.23835874	8.656485	0	0	0	0	0	0	0	0	0	0	0	0	3.749226	3.7147765	1119	1.820312	0.38596237	3.1964796	0	0	0	0	0	0	0	0	0	0	0	0	0	0	0	0	0	0	0	0	0	0	0	0
GP4_S29_subsampled_depth_10G_contig_2012	218.50139	216.07149	12412	3690.279	30.62901	1021.21893	211.44682	209.33446	12412	3003.2095	29.639984	985.3281	209.4735	206.96783	12412	3209.0623	29.57415	994.6517	194.89839	192.44002	12412	2568.909	27.692238	1012.1968	182.07169	180.57747	12412	2345.0178	25.610117	930.0836	190.40001	188.76387	12412	2648.0613	26.86119	951.58844	12.550318	12.161743	12412	44.12499	1.4567232	13.444122	10.311695	10.01477	12412	34.685486	1.167015	9.665041	16.209265	15.90386	12383	76.564125	1.8375689	16.49623	3.9486217	3.2915912	11099	57.794277	14.190025	401.42538	3.0021203	2.1947265	9482	66.31792	11.051121	311.95404	4.106834	3.420986	11950	44.222824	13.54718	378.07883
GP4_S29_subsampled_depth_10G_contig_2196	0	0	0	0	0	0	0	0	0	0	0	0	0	0	0	0	0	0	0	0	0	0	0	0	0	0	0	0	0	0	0	0	0	0	0	0	0	0	0	0	0	0	4.0878925	3.9860697	1265	6.1718016	0.42020494	3.4800718	0	0	0	0	0	0	0	0	0	0	0	0	0	0	0	0	0	0	0	0	0	0	0	0
GP4_S29_subsampled_depth_10G_contig_2418	79.765175	63.933735	22098	13558.276	11.053727	368.54852	76.99044	62.2511	22031	11868.531	10.635919	353.572	77.00196	62.462288	22051	12298.132	10.726003	360.74194	76.96549	61.202843	22065	13244.97	10.763373	393.41904	69.90785	56.83464	22033	9852.995	9.697769	352.1942	71.03851	56.578533	22074	11296.571	9.912503	351.1619	11.51318	10.81476	20943	91.3073	1.3279907	12.256047	11.53007	10.790683	21980	83.28443	1.2814268	10.612582	13.186889	12.178411	21539	137.6221	1.4689124	13.18673	0	0	0	0	0	0	0	0	0	0	0	0	0	0	0	0	0	0
GP4_S29_subsampled_depth_10G_contig_2473	7.418947	7.351557	39147	14.490581	1.0047845	33.50107	7.279467	7.1788187	38986	14.161439	0.98847306	32.859997	7.4772725	7.4051857	39067	13.094091	1.0244479	34.45472	7.8340173	7.7318563	39244	14.004498	1.0737088	39.24584	7.5692205	7.5030684	39303	13.187011	1.0285006	37.35209	8.120756	8.006053	38951	16.985487	1.1089289	39.28508	7.3652577	7.2304206	39073	13.412787	0.8447786	7.796474	6.351373	6.1930633	38935	12.061852	0.7031407	5.8233013	6.47408	6.350459	38490	12.171245	0.71972466	6.461113	0	0	0	0	0	0	0	0	0	0	0	0	0	0	0	0	0	0
GP4_S29_subsampled_depth_10G_contig_2498	0	0	0	0	0	0	0	0	0	0	0	0	0	0	0	0	0	0	3.7520072	3.6838453	1223	6.9705873	0.48787594	17.832663	2.5985727	2.5629337	1194	2.1512125	0.35513622	12.897498	2.0909903	2.087215	1115	1.1649278	0.2752338	9.750474	0	0	0	0	0	0	2.4237287	2.406343	1101	2.0694008	0.24831891	2.0565388	0	0	0	0	0	0	0	0	0	0	0	0	0	0	0	0	0	0	0	0	0	0	0	0
GP4_S29_subsampled_depth_10G_contig_2546	609.7967	598.9078	94312	11656.065	82.858604	2762.6343	631.3504	620.112	94312	12360.395	85.714645	2849.429	647.6287	635.4524	94312	13998.25	88.72848	2984.1572	684.2338	669.62427	94312	17487.605	93.952	3434.1003	667.60803	655.24475	94312	15971.359	91.033165	3306.0542	669.03827	656.0915	94312	15777.513	91.4558	3239.927	293.9072	292.79245	94312	7445.356	33.69986	311.0165	258.06223	256.50854	94312	5955.8354	28.639183	237.18521	292.07523	290.37302	94312	7138.496	32.55497	292.2527	3.5098553	3.3951337	87823	5.368713	10.10566	285.8818	3.742072	3.6222477	90540	5.214566	10.159157	286.77527	3.2909985	3.1798904	87889	4.6901517	8.691046	242.5523
GP4_S29_subsampled_depth_10G_contig_2549	0	0	0	0	0	0	0	0	0	0	0	0	0	0	0	0	0	0	0	0	0	0	0	0	0	0	0	0	0	0	0	0	0	0	0	0	21.477606	21.535358	2235	41.624146	2.3265467	21.471725	7.391325	7.326349	2176	9.913772	0.7899659	6.5423765	9.988685	10.08067	2229	12.469679	1.0359025	9.299505	0	0	0	0	0	0	0	0	0	0	0	0	0	0	0	0	0	0
GP5_S30_subsampled_depth_10G_contig_193	108.58458	101.31668	13741	2305.7104	15.296708	510.01624	102.39217	94.78092	13741	2416.4226	14.447742	480.28934	103.97601	97.82163	13741	1849.7833	14.733884	495.53677	96.087776	89.97474	13741	1659.1326	13.653932	499.07358	87.52174	81.62928	13741	1440.5302	12.339279	448.1261	91.83386	86.03556	13741	1476.3706	12.950774	458.796	15.887425	15.505354	13741	48.133167	1.8364222	16.948364	13.516445	13.239761	13741	36.22709	1.526816	12.644854	17.855272	17.334913	13741	83.49069	2.0216818	18.149038	3.1654036	2.7787132	11397	11.90509	10.108423	285.95978	1.969833	1.7731546	11509	3.1752489	5.6279917	158.86836	2.651387	2.340881	11579	6.952485	7.521515	209.91273
GP5_S30_subsampled_depth_10G_contig_273	67.5566	68.24082	10213	584.2072	9.093826	303.20224	62.329597	63.19222	10208	388.86765	8.372634	278.33304	62.394585	63.068554	10211	351.91586	8.470143	284.87183	58.941364	59.43249	10219	386.16708	8.028216	293.44467	59.707413	59.899483	10217	480.66522	8.067272	292.97937	59.95922	60.540615	10219	448.80652	8.119259	287.63394	4.6923304	4.450678	8656	16.529562	0.5282695	4.8754067	4.8248835	4.478783	8593	21.375662	0.53427446	4.424776	6.0194464	5.631103	9471	24.827564	0.66386247	5.959629	0	0	0	0	0	0	0	0	0	0	0	0	0	0	0	0	0	0
GP5_S30_subsampled_depth_10G_contig_505	5.772504	5.6408615	30297	8.969803	0.7914373	26.387762	6.549293	6.422822	30183	10.742736	0.89072466	29.610558	5.6639967	5.462665	30252	10.228717	0.78436524	26.38014	5.3163586	5.1821146	29771	8.935117	0.73963124	27.03474	5.5893073	5.450947	29816	9.733758	0.7691674	27.933886	5.0217543	4.8621235	29798	8.397443	0.6904478	24.459913	14.985398	14.269748	30450	110.191	1.7138189	15.816864	12.581298	11.964624	30255	79.83809	1.3898534	11.510548	17.346485	16.39693	30489	141.44861	1.9295499	17.321962	4.0534625	3.931849	29103	6.245543	12.117995	342.80927	4.4418077	4.331307	29925	6.041334	12.255122	345.94077	4.5665317	4.450727	29854	6.3663535	12.13827	338.75854
GP5_S30_subsampled_depth_10G_contig_601	67.697876	64.63224	44003	1261.811	9.225625	307.5966	65.94844	63.13659	44003	1074.0597	8.981953	298.58896	68.25695	65.035194	44003	1189.7588	9.3816185	315.5271	58.439606	55.842663	44003	889.6098	8.047003	294.1311	59.32276	56.711117	44003	880.0457	8.108399	294.47296	58.15903	55.662445	44003	821.07043	7.9714727	282.39868	37.73573	34.967926	44003	825.915	4.3327765	39.987274	31.133308	28.614761	44003	578.377	3.4632046	28.681723	35.74467	33.110035	44003	751.41223	3.990391	35.82256	0	0	0	0	0	0	0	0	0	0	0	0	0	0	0	0	0	0
GP5_S30_subsampled_depth_10G_contig_782	0	0	0	0	0	0	0	0	0	0	0	0	0	0	0	0	0	0	0	0	0	0	0	0	0	0	0	0	0	0	0	0	0	0	0	0	1033.1714	1033.0691	5215	22333.523	117.02892	1080.0616	892.5443	892.27594	5215	15564.12	98.05562	812.0813	692.5149	690.50494	5215	13112.095	76.21186	684.1695	0	0	0	0	0	0	0	0	0	0	0	0	0	0	0	0	0	0
GP5_S30_subsampled_depth_10G_contig_929	0	0	0	0	0	0	0	0	0	0	0	0	0	0	0	0	0	0	0	0	0	0	0	0	0	0	0	0	0	0	0	0	0	0	0	0	4.7067704	4.6365604	2082	6.996821	0.5139343	4.743109	7.4364343	7.4261765	2183	8.849392	0.7992692	6.61942	5.8806624	5.83775	2182	3.4560242	0.6437561	5.7791305	0	0	0	0	0	0	0	0	0	0	0	0	0	0	0	0	0	0
GP5_S30_subsampled_depth_10G_contig_977	21.660194	21.603777	10763	101.25316	2.912015	97.091125	22.011425	21.969759	10695	82.35447	2.9658265	98.593575	22.811148	22.599546	10767	115.71284	3.0908084	103.95151	24.450998	24.229332	10790	116.50218	3.331009	121.7539	23.131166	22.985138	10781	109.130714	3.1372592	113.93596	23.397213	23.496233	10743	90.748	3.1672616	112.20389	3.7268927	3.4184127	10041	10.380442	0.4227725	3.9017723	3.1805851	2.9979358	9508	7.0965204	0.34850857	2.8862946	4.25072	4.170709	10423	5.7913704	0.47080803	4.2265377	0	0	0	0	0	0	0	0	0	0	0	0	0	0	0	0	0	0
GP5_S30_subsampled_depth_10G_contig_1030	32.931732	32.09396	21986	123.56479	4.4747148	149.19392	27.541779	26.848043	21982	90.43471	3.7512803	124.704575	30.696991	30.002645	21990	102.3185	4.2156982	141.78438	26.607893	26.22333	21966	76.40897	3.6628497	133.8832	24.684813	23.966322	21986	74.95249	3.3792577	122.724625	25.78426	25.245815	21983	82.18972	3.5239825	124.84119	6.1635914	5.9934883	21907	11.184821	0.7098631	6.551336	5.5203056	5.4043345	21682	9.077621	0.61788833	5.117258	7.4441648	7.2750673	21870	13.042594	0.825469	7.410402	0	0	0	0	0	0	0	0	0	0	0	0	0	0	0	0	0	0
GP5_S30_subsampled_depth_10G_contig_1050	0	0	0	0	0	0	0	0	0	0	0	0	0	0	0	0	0	0	0	0	0	0	0	0	0	0	0	0	0	0	0	0	0	0	0	0	142.6137	142.00829	5379	358.5044	16.583645	153.05069	98.154526	97.19652	5379	261.9493	11.135915	92.22592	91.79575	91.65838	5379	217.14192	10.391067	93.28271	2.46376	2.2914808	4504	4.0612817	7.590509	214.73006	1.7726142	1.6832377	4409	1.9450341	4.91847	138.83981	2.552687	2.5060549	4956	2.4882813	6.9466686	193.86964
GP5_S30_subsampled_depth_10G_contig_1141	3.6712127	3.4952927	0	9.562951	0	0	10.853667	10.450266	2517	56.917	1.5356976	51.051525	16.643936	15.898895	2521	149.7109	2.4143574	81.20077	2.395503	2.271797	2188	4.16911	0.31766185	11.611064	0	0	0	0	0	0	0	0	0	0	0	0	54478.95	55648.84	2787	950958850	6035.923	55705.613	76201.33	77886.85	2800	1909245400	8167.183	67639.35	75217.17	76875.555	2863	1836055800	8093.5254	72657.21	0	0	0	0	0	0	0	0	0	0	0	0	0	0	0	0	0	0
GP5_S30_subsampled_depth_10G_contig_1374	183.24586	181.15591	98053	5869.858	24.9637	832.3285	195.05522	192.82047	98053	6561.8335	26.555952	882.80493	201.48721	198.68517	98053	7400.443	27.696985	931.5177	197.06073	194.5373	98053	6848.49	27.14317	992.12744	205.16049	202.89755	98053	7039.1997	28.046482	1018.565	197.61203	194.85239	98053	7126.709	27.098452	959.9939	123.06599	117.88726	98053	5334.093	14.140269	130.50072	105.659386	101.77662	98053	3794.4524	11.745414	97.27371	119.67304	115.1549	98053	4850.9336	13.363299	119.96509	0	0	0	0	0	0	0	0	0	0	0	0	0	0	0	0	0	0
GP5_S30_subsampled_depth_10G_contig_1746	10478.635	10418.941	24926	19090020	1426.2876	47554.656	10075.513	10010.688	24926	18076356	1370.6414	45564.5	9710.93	9656.935	24926	16339105	1332.7756	44824.54	8868.918	8824.76	24926	13494549	1219.6909	44581.707	8317.0625	8277.521	24926	11820822	1135.8971	41252.418	8687.931	8643.755	24926	12893321	1189.3765	42135.03	5745.1714	5642.8926	24926	3938244	658.6859	6079.022	4370.156	4293.2715	24926	2362074.8	485.09567	4017.488	6172.091	6075.988	24926	4418231	687.75055	6174.075	207.17468	205.4391	24926	6373.514	584.228	16527.379	251.77846	250.2049	24926	8947.226	683.90063	19305.324	228.6461	227.90439	24926	6962.154	606.0121	16912.773
GP5_S30_subsampled_depth_10G_contig_1920	9.735012	9.614886	16443	15.907018	1.3156227	43.864895	9.470327	9.266721	16406	18.365646	1.27765	42.47317	9.879551	9.7324705	16516	15.882631	1.3437371	45.193184	9.161407	8.963929	16475	18.971941	1.2466438	45.566887	8.650485	8.567894	16473	12.712596	1.1720582	42.565662	8.99375	8.8003645	16443	19.155554	1.2175905	43.134537	5.64284	5.380596	16141	12.6976	0.6457439	5.9595776	4.8850727	4.64199	15536	12.234501	0.5393904	4.46715	7.1792474	6.894687	16566	16.090813	0.7956056	7.1423125	0	0	0	0	0	0	0	0	0	0	0	0	0	0	0	0	0	0
GP5_S30_subsampled_depth_10G_contig_1949	5.847711	5.6960444	10041	10.186628	0.79901457	26.64039	6.8255086	6.7043033	10080	11.351337	0.91860384	30.537333	5.4225354	5.2390785	10219	9.016791	0.733936	24.684078	5.6983566	5.4878287	10059	11.317981	0.779048	28.475489	6.0357003	5.9116497	9960	9.924481	0.8187888	29.735977	5.92811	5.7771134	10218	6.7426543	0.8093052	28.670565	4.2347417	4.052923	9378	8.239717	0.4911209	4.5325627	3.5398083	3.4249077	9943	4.09682	0.38910046	3.2224686	4.525528	4.398283	10313	5.154783	0.4969688	4.46139	0	0	0	0	0	0	0	0	0	0	0	0	0	0	0	0	0	0
GP5_S30_subsampled_depth_10G_contig_2369	41326.555	41965.64	21872	146766850	5690.21	189720.42	41163.832	41789.8	21872	145687620	5663.876	188285.38	40881.176	41501.74	21872	144414900	5675.981	190897.22	36011.242	36538.008	21872	113613576	5008.7	183076.23	37842.78	38405.652	21872	123568800	5227.8193	189858.89	37071.434	37621.273	21872	119597040	5133.2036	181849.64	18684.82	18783.9	21872	44572324	2169.8872	20025.918	16270.487	16357.58	21872	33795468	1828.7411	15145.353	18681.092	18770.902	21872	45508228	2108.1958	18925.705	48.21476	48.687057	21872	213.37784	139.07216	3934.2483	54.684467	55.01882	21872	336.5274	150.02806	4235.0317	59.79592	60.40005	21872	364.7497	160.33519	4474.6846
GP5_S30_subsampled_depth_10G_contig_2411	1160.1083	999.17554	125444	1180836.1	157.73969	5259.287	1189.5774	1031.2948	125444	1170572.1	161.61342	5372.549	1131.8738	967.5239	125444	1205474	155.16885	5218.712	1596.899	1442.4247	125445	1148957.8	219.36046	8017.987	1642.5985	1497.6514	125444	1075533.6	224.13033	8139.748	1598.886	1445.4795	125444	1153497.3	218.64914	7745.898	897.1903	786.82587	125538	670144	102.876236	949.4465	748.3044	658.9814	125518	439970.84	83.08298	688.08044	796.75507	693.13745	125637	571518.5	88.831505	797.4584	2.713277	2.5033426	105808	5.6711164	7.9014425	223.52596	2.6361854	2.4313478	107723	5.0513396	7.166147	202.28777	2.869843	2.675462	111621	5.2942576	7.5966988	212.01112
GP5_S30_subsampled_depth_10G_contig_2458	5.585108	5.457076	15622	8.40726	0.7573524	25.251305	5.930575	5.786797	15659	8.667859	0.80321807	26.701538	5.7540483	5.7056947	15364	8.485374	0.78699064	26.468441	5.1642866	5.09456	15328	5.9752393	0.7048261	25.762556	5.2285476	5.177858	15620	5.392136	0.7138779	25.925941	5.394173	5.287222	15545	7.392019	0.7367768	26.101162	7.1097794	6.797847	15450	19.569206	0.8146115	7.5180593	5.308747	5.0742316	15113	12.739672	0.586365	4.8561816	6.5617113	6.4241395	15690	10.851371	0.72697663	6.526218	2.6385312	2.4674883	12922	4.9045887	7.532567	213.09073	3.2342854	2.9959626	14562	6.4163213	8.841605	249.58322	2.3945556	2.2469897	13710	3.3273256	6.451162	180.04102
GP5_S30_subsampled_depth_10G_contig_2616	10.973508	10.596971	72562	49.431637	1.4975704	49.931355	11.069153	10.694144	72596	53.260925	1.5063459	50.07575	11.04153	10.647654	72403	48.367905	1.5145682	50.93865	11.816881	11.429998	72823	55.958946	1.6267815	59.461544	11.369547	10.908153	72800	54.123013	1.5550972	56.476563	11.684269	11.333581	72485	53.281246	1.6010873	56.720318	11.694866	11.059445	73070	67.40849	1.3428956	12.3936	10.236172	9.708839	72896	50.976982	1.1364377	9.411799	10.596715	10.082949	73066	55.10788	1.1793349	10.587129	0	0	0	0	0	0	0	0	0	0	0	0	0	0	0	0	0	0
GP5_S30_subsampled_depth_10G_contig_3211	0	0	0	0	0	0	0	0	0	0	0	0	0	0	0	0	0	0	0	0	0	0	0	0	0	0	0	0	0	0	0	0	0	0	0	0	0	0	0	0	0	0	0	0	0	0	0	0	6.076343	5.9994764	2231	6.7466445	0.6462361	5.8013954	0	0	0	0	0	0	0	0	0	0	0	0	0	0	0	0	0	0
M1_S25_subsampled_depth_10G_contig_786	0	0	0	0	0	0	0	0	0	0	0	0	0	0	0	0	0	0	0	0	0	0	0	0	0	0	0	0	0	0	0	0	0	0	0	0	0	0	0	0	0	0	0	0	0	0	0	0	0	0	0	0	0	0	173.65723	171.76653	12441	857.4044	501.7351	14193.719	185.68611	183.61827	12441	670.3678	512.9246	14478.966	172.75975	170.77113	12441	627.1598	466.94324	13031.598
M1_S25_subsampled_depth_10G_contig_938	0	0	0	0	0	0	0	0	0	0	0	0	0	0	0	0	0	0	0	0	0	0	0	0	0	0	0	0	0	0	0	0	0	0	0	0	0	0	0	0	0	0	0	0	0	0	0	0	0	0	0	0	0	0	8.940699	8.75307	21684	13.834824	26.02867	736.332	9.466054	9.36699	21684	10.604497	26.016088	734.389	9.568264	9.468269	21684	12.031266	25.701527	717.2859
M1_S25_subsampled_depth_10G_contig_1670	0	0	0	0	0	0	0	0	0	0	0	0	0	0	0	0	0	0	0	0	0	0	0	0	0	0	0	0	0	0	0	0	0	0	0	0	0	0	0	0	0	0	0	0	0	0	0	0	0	0	0	0	0	0	20.473259	17.139755	11406	507.83722	70.32935	1989.5653	23.109985	19.71822	11406	526.8194	75.65205	2135.5251	19.591417	16.647652	11406	416.1793	63.08056	1760.4716
M1_S25_subsampled_depth_10G_contig_2430	0	0	0	0	0	0	0	0	0	0	0	0	0	0	0	0	0	0	0	0	0	0	0	0	0	0	0	0	0	0	0	0	0	0	0	0	0	0	0	0	0	0	0	0	0	0	0	0	0	0	0	0	0	0	44.881706	44.548935	54304	106.087715	130.10236	3680.4998	49.684288	49.206894	54304	130.77562	138.31743	3904.4604	46.397663	46.05638	54304	114.30185	126.07452	3518.5261
M1_S25_subsampled_depth_10G_contig_2884	0	0	0	0	0	0	0	0	0	0	0	0	0	0	0	0	0	0	0	0	0	0	0	0	0	0	0	0	0	0	0	0	0	0	0	0	0	0	0	0	0	0	0	0	0	0	0	0	0	0	0	0	0	0	9.98924	6.5699615	14631	489.1314	37.219543	1052.9137	9.31094	5.330728	14377	637.7939	36.428604	1028.316	9.660367	5.6244445	14402	636.85077	35.19751	982.30316
M1_S25_subsampled_depth_10G_contig_3172	15920.491	15962.652	14358	15927753	2166.0452	72219.3	15870.852	15920.58	14358	15802521	2157.5725	71724.63	15800.898	15854.157	14358	15387375	2167.2244	72889.12	13816.228	13851.6045	14358	11912403	1898.7542	69402.6	14520.579	14565.061	14358	13030164	1982.1508	71985.86	14186.863	14232.622	14358	12529642	1941.2118	68769.64	7703.058	7510.554	14358	6867602.5	887.75104	8193.065	6756.8594	6581.3105	14358	5287418	754.0812	6245.182	7815.8647	7610.9077	14358	7237385	875.623	7860.6484	17.537584	17.314749	14354	44.075737	50.40536	1425.9303	18.704954	18.651001	14358	40.106373	50.91322	1437.1915	22.175535	22.045824	14358	60.772015	58.915287	1644.2263
M1_S25_subsampled_depth_10G_contig_3500	0	0	0	0	0	0	0	0	0	0	0	0	0	0	0	0	0	0	0	0	0	0	0	0	0	0	0	0	0	0	0	0	0	0	0	0	0	0	0	0	0	0	0	0	0	0	0	0	0	0	0	0	0	0	49.70955	49.631588	49022	82.47198	140.78088	3982.5872	60.283638	60.169052	49022	81.08932	163.81522	4624.2173	57.277275	57.18247	49022	77.81163	152.16257	4246.6006
M1_S25_subsampled_depth_10G_contig_6152	0	0	0	0	0	0	0	0	0	0	0	0	0	0	0	0	0	0	0	0	0	0	0	0	0	0	0	0	0	0	0	0	0	0	0	0	0	0	0	0	0	0	0	0	0	0	0	0	0	0	0	0	0	0	35.22676	32.25683	26830	386.11737	108.68789	3074.7004	39.936733	37.139637	26830	442.20383	119.0726	3361.2122	37.821888	34.758705	26830	460.50494	110.74926	3090.8245
M1_S25_subsampled_depth_10G_contig_6326	0	0	0	0	0	0	0	0	0	0	0	0	0	0	0	0	0	0	0	0	0	0	0	0	0	0	0	0	0	0	0	0	0	0	0	0	0	0	0	0	0	0	0	0	0	0	0	0	0	0	0	0	0	0	23.38021	22.608906	12551	69.27375	71.471985	2021.8901	24.77026	24.00663	12551	68.57746	72.51229	2046.8954	22.158777	21.493952	12551	58.093246	63.470177	1771.345
M1_S25_subsampled_depth_10G_contig_6691	0	0	0	0	0	0	0	0	0	0	0	0	0	0	0	0	0	0	0	0	0	0	0	0	0	0	0	0	0	0	0	0	0	0	0	0	0	0	0	0	0	0	0	0	0	0	0	0	0	0	0	0	0	0	147.98259	139.78076	20877	4140.115	446.82208	12640.268	157.02557	146.74147	20877	5596.7617	457.22498	12906.666	154.0387	143.89156	20877	5283.299	439.09686	12254.452
M1_S25_subsampled_depth_10G_contig_7560	0	0	0	0	0	0	0	0	0	0	0	0	0	0	0	0	0	0	0	0	0	0	0	0	0	0	0	0	0	0	0	0	0	0	0	0	0	0	0	0	0	0	0	0	0	0	0	0	0	0	0	0	0	0	8.300589	8.215944	13068	11.535481	39.78985	1125.6256	6.3114257	6.161679	13034	6.546576	31.925146	901.1912	9.042809	9.010062	13012	12.22601	39.574776	1104.4647
M1_S25_subsampled_depth_10G_contig_9050	0	0	0	0	0	0	0	0	0	0	0	0	0	0	0	0	0	0	0	0	0	0	0	0	0	0	0	0	0	0	0	0	0	0	0	0	0	0	0	0	0	0	0	0	0	0	0	0	0	0	0	0	0	0	60.68902	55.07813	22833	1340.6976	178.18616	5040.7554	64.24326	57.752876	22833	1818.1704	182.64574	5155.7705	57.61676	52.410236	22833	1193.3146	160.46373	4478.2705
M1_S25_subsampled_depth_10G_contig_9431	0	0	0	0	0	0	0	0	0	0	0	0	0	0	0	0	0	0	0	0	0	0	0	0	0	0	0	0	0	0	0	0	0	0	0	0	0	0	0	0	0	0	0	0	0	0	0	0	0	0	0	0	0	0	177.63995	157.82051	11132	33109.08	596.26044	16867.768	184.38309	163.81253	11132	34162.91	605.23175	17084.635	199.02878	175.13881	11132	43370.35	638.04755	17806.826
M1_S25_subsampled_depth_10G_contig_9918	0	0	0	0	0	0	0	0	0	0	0	0	0	0	0	0	0	0	0	0	0	0	0	0	0	0	0	0	0	0	0	0	0	0	0	0	0	0	0	0	0	0	0	0	0	0	0	0	0	0	0	0	0	0	17.836134	17.856401	12770	35.744926	51.125237	1446.2957	19.170048	19.08602	12770	30.11976	52.973457	1495.3486	18.10206	17.950872	12770	30.114153	48.840755	1363.0629
M1_S25_subsampled_depth_10G_contig_11519	5.902746	5.706015	24121	9.964693	0.8121603	27.078684	6.0269227	5.895531	23916	10.268516	0.81738496	27.172485	6.01371	5.958811	23967	7.6356764	0.8281357	27.852247	5.6813154	5.563533	24185	7.1253443	0.7844829	28.674147	5.6901793	5.6119013	24081	7.0215597	0.7862966	28.555958	5.533695	5.403102	24066	7.7427874	0.76151234	26.977438	0	0	0	0	0	0	0	0	0	0	0	0	0	0	0	0	0	0	35.433376	35.30922	24293	65.33966	100.16667	2833.6409	44.415524	44.09232	24293	85.842476	120.835	3410.9622	45.573	45.426525	24293	59.93066	120.59703	3365.6594
M1_S25_subsampled_depth_10G_contig_14744	2.8467665	2.7265508	33528	4.0430727	0.40307206	13.439047	2.6501105	2.514168	32977	3.8105288	0.37440985	12.446582	2.9354935	2.7577355	33667	5.650713	0.42598125	14.326802	2.7457929	2.620723	33814	3.6991103	0.39471883	14.42762	2.6556473	2.526957	33297	4.171173	0.38177475	13.864933	2.778987	2.6437252	33542	4.054883	0.3940817	13.960796	0	0	0	0	0	0	0	0	0	0	0	0	0	0	0	0	0	0	31.947905	31.032852	36813	171.53459	94.67594	2678.3125	39.588085	38.38231	36813	346.03915	113.97022	3217.1812	39.380028	37.913994	36813	366.09406	110.72415	3090.1245
M1_S25_subsampled_depth_10G_contig_15032	0	0	0	0	0	0	0	0	0	0	0	0	0	0	0	0	0	0	0	0	0	0	0	0	0	0	0	0	0	0	0	0	0	0	0	0	0	0	0	0	0	0	0	0	0	0	0	0	0	0	0	0	0	0	31.591663	11.697318	11834	9831.603	130.66685	3696.4695	30.635313	9.436763	11631	11099.62	128.05002	3614.6292	34.92597	12.646348	11834	12178.6	137.75536	3844.5193
M1_S25_subsampled_depth_10G_contig_16614	0	0	0	0	0	0	0	0	0	0	0	0	0	0	0	0	0	0	0	0	0	0	0	0	0	0	0	0	0	0	0	0	0	0	0	0	0	0	0	0	0	0	0	0	0	0	0	0	0	0	0	0	0	0	6.133471	6.018929	13015	10.058818	17.627295	498.6633	4.3350143	4.22027	12794	6.2192826	11.928743	336.72775	6.6748414	6.560818	13214	10.312051	17.80532	496.91623
M1_S25_subsampled_depth_10G_contig_17684	0	0	0	0	0	0	0	0	0	0	0	0	0	0	0	0	0	0	0	0	0	0	0	0	0	0	0	0	0	0	0	0	0	0	0	0	0	0	0	0	0	0	0	0	0	0	0	0	0	0	0	0	0	0	23.18554	22.511497	17785	64.75768	67.09349	1898.0256	27.275759	26.482895	17785	73.00975	74.99646	2117.0188	19.973291	19.305172	17785	56.62201	53.932903	1505.1758
M1_S25_subsampled_depth_10G_contig_19391	0	0	0	0	0	0	0	0	0	0	0	0	0	0	0	0	0	0	0	0	0	0	0	0	0	0	0	0	0	0	0	0	0	0	0	0	0	0	0	0	0	0	0	0	0	0	0	0	0	0	0	0	0	0	7.3167048	7.196375	14984	10.924299	30.74821	869.84424	7.833288	7.729928	14952	10.153218	30.667921	865.7022	8.197856	8.116462	14984	10.823186	30.322763	846.25696
M1_S25_subsampled_depth_10G_contig_19991	10.963125	10.818505	12001	15.040242	1.5348678	51.1749	10.048182	9.830505	12001	21.093122	1.3904691	46.223633	11.191967	10.898097	12001	19.486435	1.5714728	52.852512	12.2888365	11.950876	12001	26.774704	1.7378306	63.520596	14.725002	14.427018	12001	27.533566	2.0720632	75.25121	13.529323	13.313678	12001	19.667225	1.8929975	67.06163	0	0	0	0	0	0	0	0	0	0	0	0	0	0	0	0	0	0	15.333727	15.077529	12001	30.290897	44.628365	1262.5033	15.638343	15.233711	12001	27.691298	43.479923	1227.3628	13.516834	13.280679	12001	18.042648	36.634308	1022.4015
M1_S25_subsampled_depth_10G_contig_22157	1.9750725	1.8401576	14771	2.9718175	0.2694123	8.982626	1.5798324	1.5031635	14355	1.6822042	0.21360885	7.101046	1.6133019	1.5042975	14104	1.9986326	0.21992908	7.396761	2.037606	1.9657395	15850	2.156325	0.28530413	10.42834	2.009294	1.9131551	14522	2.822833	0.27335837	9.927568	2.5508757	2.3753133	15915	4.511004	0.35422197	12.548712	0	0	0	0	0	0	0	0	0	0	0	0	0	0	0	0	0	0	337.26514	336.35706	18764	1380.513	963.7284	27263.168	327.6637	328.2185	18764	714.72797	887.92633	25064.615	453.83636	453.63583	18764	1049.1902	1200.544	33505.15
M1_S25_subsampled_depth_10G_contig_23115	0	0	0	0	0	0	0	0	0	0	0	0	0	0	0	0	0	0	0	0	0	0	0	0	0	0	0	0	0	0	0	0	0	0	0	0	0	0	0	0	0	0	0	0	0	0	0	0	0	0	0	0	0	0	10.612588	9.842517	18056	177.13965	35.293423	998.4252	11.153021	10.394825	18028	191.18217	34.895355	985.035	9.458058	8.615724	18056	225.6855	30.007141	837.44855
M1_S25_subsampled_depth_10G_contig_23268	0	0	0	0	0	0	0	0	0	0	0	0	0	0	0	0	0	0	0	0	0	0	0	0	0	0	0	0	0	0	0	0	0	0	0	0	0	0	0	0	0	0	0	0	0	0	0	0	0	0	0	0	0	0	46.351368	44.120174	22366	1222.6094	152.39426	4311.122	49.995632	47.80101	22366	1383.3623	156.63242	4421.461	46.757156	44.169483	22366	1378.7852	146.1478	4078.737
M1_S25_subsampled_depth_10G_contig_24004	1.9203976	1.8482811	9169	2.2008545	0.26543728	8.850097	0	0	0	0	0	0	1.9336214	1.8934127	9629	1.8783839	0.26936546	9.059425	2.1822817	2.0489726	10046	3.053727	0.29805252	10.89431	2.0139153	1.906376	9333	2.8867457	0.2748463	9.981605	1.8793432	1.7700211	9479	2.412271	0.2633674	9.3300905	0	0	0	0	0	0	0	0	0	0	0	0	0	0	0	0	0	0	4.0973206	3.9579413	11347	6.4581575	11.783213	333.33838	3.621089	3.3881314	11289	6.8986826	9.967183	281.35623	3.8338807	3.6159978	10830	8.089957	10.209141	284.91992
M1_S25_subsampled_depth_10G_contig_25578	0	0	0	0	0	0	0	0	0	0	0	0	0	0	0	0	0	0	0	0	0	0	0	0	0	0	0	0	0	0	0	0	0	0	0	0	0	0	0	0	0	0	0	0	0	0	0	0	0	0	0	0	0	0	8.054022	7.8591266	5111	11.522079	24.04389	680.1841	9.383794	9.189474	5111	17.08614	26.280054	741.8399	9.0385	8.967301	5111	11.035415	24.966028	696.7596
M1_S25_subsampled_depth_10G_contig_26865	2404.1775	2257.041	52268	9026981	326.441	10884.051	2375.42	2231.3127	52268	8735017	322.3031	10714.385	2295.4216	2159.792	52268	7985309.5	314.3109	10571.053	2285.1423	2149.4634	52268	7796867.5	313.5916	11462.29	2192.3542	2060.603	52268	7126125	298.8817	10854.503	2228.088	2096.5156	52268	7348920	304.4009	10783.753	2553.3838	2244.936	50598	13135994	292.20718	2696.7844	1945.8907	1714.7173	51168	7564986.5	215.6183	1785.717	2325.5593	2046.4028	51846	10828481	258.68442	2322.263	17.097528	16.88177	52268	67.96915	52.635983	1489.0331	14.43626	14.354545	52117	31.423105	39.59021	1117.5627	16.617271	16.485567	51981	59.479958	44.43757	1240.1771
M1_S25_subsampled_depth_10G_contig_27108	0	0	0	0	0	0	0	0	0	0	0	0	0	0	0	0	0	0	0	0	0	0	0	0	0	0	0	0	0	0	0	0	0	0	0	0	0	0	0	0	0	0	0	0	0	0	0	0	0	0	0	0	0	0	12.254611	9.002664	10994	1288.2212	63.352795	1792.2045	12.919402	9.226947	10994	1740.071	66.38084	1873.8157	13.809756	10.263729	10994	1625.0919	64.97446	1813.3269
M1_S25_subsampled_depth_10G_contig_27235	0	0	0	0	0	0	0	0	0	0	0	0	0	0	0	0	0	0	0	0	0	0	0	0	0	0	0	0	0	0	0	0	0	0	0	0	0	0	0	0	0	0	0	0	0	0	0	0	0	0	0	0	0	0	26.55984	22.118448	11405	702.85864	83.67259	2367.0356	29.265127	24.344093	11405	837.2839	88.54207	2499.3882	28.035362	23.066727	11405	876.5047	83.928894	2342.313
M1_S25_subsampled_depth_10G_contig_28073	0	0	0	0	0	0	0	0	0	0	0	0	0	0	0	0	0	0	0	0	0	0	0	0	0	0	0	0	0	0	0	0	0	0	0	0	0	0	0	0	0	0	0	0	0	0	0	0	0	0	0	0	0	0	4.108828	3.9685566	29858	5.499738	11.734345	331.9562	3.0077214	2.9350514	28420	3.3938422	8.120045	229.21463	3.9265642	3.8594625	29525	4.1121874	10.4077215	290.46188
M1_S25_subsampled_depth_10G_contig_28672	0	0	0	0	0	0	0	0	0	0	0	0	0	0	0	0	0	0	0	0	0	0	0	0	0	0	0	0	0	0	0	0	0	0	0	0	0	0	0	0	0	0	0	0	0	0	0	0	0	0	0	0	0	0	5.078906	4.872453	12856	8.238348	14.973589	423.5918	3.802617	3.6393871	12623	5.2351537	10.244907	289.19598	4.45181	4.3109	12635	5.704951	11.729561	327.3521
M1_S25_subsampled_depth_10G_contig_28796	102.02154	102.486465	36123	903.3475	13.923448	464.22937	106.580925	107.342255	36184	916.73785	14.525763	482.88287	109.79059	110.185616	36088	899.2437	15.134873	509.02304	122.41492	123.06235	36088	1253.4794	16.89208	617.4334	120.98624	121.531296	36088	1092.0496	16.606993	603.1168	124.135124	124.89069	36088	1206.6344	17.045591	603.8595	12.892962	11.424303	35009	172.5218	1.4801118	13.659978	10.699811	9.536754	34843	114.70019	1.186254	9.824371	11.559195	10.34688	34052	130.78079	1.2869453	11.553164	13.318671	13.216515	36184	23.808392	48.332333	1367.2863	9.739774	9.63462	36184	12.476147	33.588562	948.1466	13.766942	13.693605	36184	19.249813	43.361156	1210.1367
M1_S25_subsampled_depth_10G_contig_29839	0	0	0	0	0	0	0	0	0	0	0	0	0	0	0	0	0	0	0	0	0	0	0	0	0	0	0	0	0	0	0	0	0	0	0	0	0	0	0	0	0	0	0	0	0	0	0	0	0	0	0	0	0	0	18.482477	17.106314	11164	197.34189	55.898293	1581.3215	19.726257	18.7673	11164	150.67334	57.53146	1624.0125	18.08108	16.86847	11164	179.15686	52.73337	1471.6993
M1_S25_subsampled_depth_10G_contig_31009	0	0	0	0	0	0	0	0	0	0	0	0	0	0	0	0	0	0	0	0	0	0	0	0	0	0	0	0	0	0	0	0	0	0	0	0	0	0	0	0	0	0	0	0	0	0	0	0	0	0	0	0	0	0	20.080982	20.238943	11881	40.678516	56.668964	1603.1233	20.237576	20.373993	11881	41.969204	55.053005	1554.0508	20.78902	21.021309	11881	44.411148	54.9377	1533.2183
M1_S25_subsampled_depth_10G_contig_31602	18.740288	16.908047	8564	288.1464	2.74491	91.51956	18.09846	15.941715	8418	319.08102	2.6525655	88.17977	17.293095	15.375096	8216	264.4612	2.5491717	85.73494	15.463388	13.678993	8672	216.19284	2.3107953	84.463394	15.550919	13.885749	8353	206.81978	2.2616105	82.13499	15.762544	13.828568	8409	233.383	2.302535	81.56999	0	0	0	0	0	0	0	0	0	0	0	0	0	0	0	0	0	0	194.61838	199.34839	10215	9427.088	562.55804	15914.353	191.2922	196.22917	10215	9170.754	525.244	14826.722	250.63805	257.2189	10215	15141.8955	672.48224	18767.842
M1_S25_subsampled_depth_10G_contig_33592	0	0	0	0	0	0	0	0	0	0	0	0	0	0	0	0	0	0	0	0	0	0	0	0	0	0	0	0	0	0	0	0	0	0	0	0	0	0	0	0	0	0	0	0	0	0	0	0	0	0	0	0	0	0	46.190533	44.12762	34669	970.46936	143.63203	4063.2444	35.249397	32.663235	34669	1174.6833	109.0081	3077.1086	44.61853	41.838165	34669	1227.6876	131.44533	3668.417
M1_S25_subsampled_depth_10G_contig_33650	192.10103	194.31204	15107	2355.404	26.410015	880.5511	200.53935	202.52945	15107	2401.382	27.542969	915.6164	207.49	210.44196	15107	2795.8257	28.737278	966.50555	220.76051	223.34657	15107	3329.8508	30.70556	1122.3386	219.06659	221.50456	15107	3086.3354	30.256298	1098.8193	222.2207	225.34071	15107	3492.335	30.771992	1090.133	8.644849	8.510659	14952	15.886559	1.0083538	9.306114	7.373671	7.1423903	14901	16.20076	0.8378735	6.939137	9.302935	9.159251	15107	14.488261	1.0514184	9.438792	17.159792	17.093441	15107	39.66343	53.152653	1503.65	14.879521	14.813415	15040	28.243832	40.710308	1149.1815	18.701813	18.771225	15079	31.7839	49.810707	1390.1324
M1_S25_subsampled_depth_10G_contig_34681	0	0	0	0	0	0	0	0	0	0	0	0	0	0	0	0	0	0	0	0	0	0	0	0	0	0	0	0	0	0	0	0	0	0	0	0	0	0	0	0	0	0	0	0	0	0	0	0	0	0	0	0	0	0	21.13244	20.948568	34694	34.87627	60.953484	1724.3296	25.382961	25.270987	34694	33.18325	69.32307	1956.8696	19.74502	19.56597	34694	25.85149	52.842728	1474.751
M1_S25_subsampled_depth_10G_contig_35654	0	0	0	0	0	0	0	0	0	0	0	0	0	0	0	0	0	0	0	0	0	0	0	0	0	0	0	0	0	0	0	0	0	0	0	0	0	0	0	0	0	0	0	0	0	0	0	0	0	0	0	0	0	0	55.61868	46.97354	21565	5293.7056	174.25926	4929.6675	60.298203	50.92109	21565	6422.3403	183.3063	5174.417	56.27322	46.197823	21565	6914.4478	167.65	4678.826
M1_S25_subsampled_depth_10G_contig_627|provirus_104366_122105	2.5268903	1.9322258	15061	22.951889	0.48224595	16.078835	3.025412	2.5246968	16368	19.853296	0.53602856	17.8193	2.608414	2.152918	15175	13.409219	0.47804227	16.077745	2.9550881	2.5107377	15942	13.349736	0.5091685	18.610943	2.431893	1.9911572	14080	11.472165	0.44064534	16.002943	2.7075043	2.1911318	14943	18.056292	0.4964649	17.587831	0	0	0	0	0	0	0	0	0	0	0	0	0	0	0	0	0	0	35.14821	28.68949	17740	2317.901	128.9766	3648.6533	50.311028	41.7728	17740	4297.3887	176.29984	4976.6367	46.820408	38.636242	17740	3546.539	161.08873	4495.7144
M1_S25_subsampled_depth_10G_contig_1301|provirus_2_17124	43.31126	41.138573	12934	2613.7385	5.846066	194.9169	43.186474	41.027428	14877	2510.4502	5.8257327	193.666	0	0	0	0	0	0	66.2012	63.42469	15105	5895.936	9.035364	330.25735	66.29576	63.32899	14131	5996.709	8.9842825	326.28244	66.3287	63.306866	14933	5958.963	9.002401	318.92023	0	0	0	0	0	0	0	0	0	0	0	0	0	0	0	0	0	0	10.429741	10.222425	17105	25.076803	30.600748	865.67255	8.727862	8.544806	17014	20.517086	23.81804	672.3418	12.887704	12.749689	17123	34.159203	34.381554	959.53076
M1_S25_subsampled_depth_10G_contig_2028|provirus_18267_28730	0	0	0	0	0	0	0	0	0	0	0	0	0	0	0	0	0	0	0	0	0	0	0	0	0	0	0	0	0	0	0	0	0	0	0	0	0	0	0	0	0	0	0	0	0	0	0	0	0	0	0	0	0	0	42.46015	42.209606	10464	92.06012	120.30819	3403.4302	66.91691	67.07583	10464	114.115585	183.75127	5186.979	48.606167	48.60545	10464	86.54591	130.75655	3649.1946
M1_S25_subsampled_depth_10G_contig_3425|provirus_1_21062	0	0	0	0	0	0	0	0	0	0	0	0	0	0	0	0	0	0	0	0	0	0	0	0	0	0	0	0	0	0	0	0	0	0	0	0	0	0	0	0	0	0	0	0	0	0	0	0	0	0	0	0	0	0	21.055183	19.971151	21062	102.43396	60.930702	1723.685	23.854916	22.705185	21062	99.748055	66.40056	1874.3723	22.860128	21.810276	21062	97.441444	62.301174	1738.7207
M1_S25_subsampled_depth_10G_contig_4295|provirus_50_20224	0	0	0	0	0	0	0	0	0	0	0	0	0	0	0	0	0	0	0	0	0	0	0	0	0	0	0	0	0	0	1.5555556	1.4372191	15692	2.1348605	0.23255181	8.23841	0	0	0	0	0	0	0	0	0	0	0	0	0	0	0	0	0	0	26.606243	26.558786	20175	43.306534	76.10923	2153.0742	30.484344	30.30206	20175	42.941444	83.80523	2365.6763	33.300972	33.182823	20175	45.904465	89.21609	2489.8696
M1_S25_subsampled_depth_10G_contig_4547|provirus_380_45956	0	0	0	0	0	0	0	0	0	0	0	0	0	0	0	0	0	0	0	0	0	0	0	0	0	0	0	0	0	0	0	0	0	0	0	0	0	0	0	0	0	0	0	0	0	0	0	0	0	0	0	0	0	0	18.590948	18.42617	45577	32.809692	54.461334	1540.6709	14.389856	14.304782	45577	17.867334	39.25818	1108.1903	18.678825	18.612375	45577	21.068903	49.687916	1386.7057
M1_S25_subsampled_depth_10G_contig_5763|provirus_9696_22059	0	0	0	0	0	0	0	0	0	0	0	0	0	0	0	0	0	0	0	0	0	0	0	0	0	0	0	0	0	0	0	0	0	0	0	0	0	0	0	0	0	0	0	0	0	0	0	0	0	0	0	0	0	0	48.231785	48.158268	12364	83.32244	136.33223	3856.7388	47.017357	46.61306	12364	75.69049	128.05861	3614.8723	47.0018	46.954792	12364	54.277737	125.35584	3498.469
M1_S25_subsampled_depth_10G_contig_5806|provirus_66386_101056	0	0	0	0	0	0	0	0	0	0	0	0	0	0	0	0	0	0	0	0	0	0	0	0	0	0	0	0	0	0	0	0	0	0	0	0	0	0	0	0	0	0	0	0	0	0	0	0	0	0	0	0	0	0	27.553953	27.494223	34671	39.183228	78.49661	2220.612	31.933634	31.75033	34671	54.55918	87.037094	2456.906	29.684366	29.351702	34671	52.002926	79.29374	2212.9539
M1_S25_subsampled_depth_10G_contig_5866|provirus_3613_42685	25.59944	24.791243	38834	140.99696	3.4806802	116.051254	24.905813	24.36739	38305	121.62232	3.3862274	112.56905	25.49837	24.715595	38824	138.39551	3.4953744	117.55805	33.264523	32.766266	38945	150.54005	4.5732183	167.1586	34.256763	33.998688	38603	122.68742	4.6718044	169.66617	34.69609	34.100826	38912	160.88197	4.748272	168.21292	8.127277	7.4947906	38179	38.491688	0.9391008	8.666976	7.6676774	7.161114	38416	27.962605	0.8634454	7.150921	8.520849	8.046558	38605	29.286978	0.9594961	8.613589	167.27467	165.77994	39073	727.2099	482.94122	13662.052	167.84729	166.69875	39073	525.0425	458.36752	12938.919	242.03716	240.19571	39073	894.167	645.1165	18004.11
M1_S25_subsampled_depth_10G_contig_6674|provirus_2_11838	67.452126	67.48702	11220	2966.1685	9.079172	302.71368	68.33987	68.02528	10601	3167.821	9.1960945	305.70767	66.29109	66.023575	10877	2919.4949	8.98946	302.33774	97.53555	97.38834	11320	6307.522	13.292016	485.84518	103.75854	103.7032	10965	7126.9795	14.020742	509.19196	101.75614	101.118454	11169	6947.9707	13.782258	488.25238	0	0	0	0	0	0	30.101908	29.34319	9477	658.602	3.3048441	27.370197	34.765293	34.077667	9573	868.09235	3.8282917	34.36736	9.842217	9.61137	11826	25.127935	29.183771	825.58746	8.913322	8.751022	11665	22.025778	24.207458	683.33417	11.594592	11.426086	11827	30.578566	30.727678	857.55743
M1_S25_subsampled_depth_10G_contig_7456|provirus_186218_231039	99.30516	99.61113	44822	3254.4968	13.535122	451.28195	102.72249	102.81729	44822	3621.9377	13.985709	464.92984	98.8305	99.227005	44822	3228.5952	13.584428	456.87766	100.92985	100.9517	44822	3453.7285	13.887078	507.5956	103.957825	104.15189	44822	3536.6594	14.204842	515.8778	99.022095	99.06253	44822	3222.0535	13.575583	480.93054	57.076714	54.316643	37294	2063.6748	6.587082	60.792274	47.43096	44.96916	39110	1459.8492	5.3144665	44.01357	58.747	55.655624	39879	2185.9143	6.593155	59.18811	42.512985	42.389668	44822	71.6699	121.259796	3430.3508	40.9649	40.839478	44822	69.28885	111.340416	3142.946	46.835804	46.65167	44822	64.549576	124.303444	3469.0994
M1_S25_subsampled_depth_10G_contig_7945|provirus_139862_178317	0	0	0	0	0	0	1.6872553	1.5812739	28967	2.0787709	0.23025674	7.6544757	1.7921474	1.699008	30733	2.0173628	0.24627858	8.282952	0	0	0	0	0	0	1.6534225	1.566162	29297	1.9154898	0.22461347	8.157298	0	0	0	0	0	0	0	0	0	0	0	0	0	0	0	0	0	0	0	0	0	0	0	0	51.166683	50.776947	38456	122.79175	146.58966	4146.915	50.59633	50.120373	38456	125.034485	138.65175	3913.898	53.942253	53.518593	38456	99.20198	144.13637	4022.6025
M1_S25_subsampled_depth_10G_contig_7958|provirus_47900_59444	0	0	0	0	0	0	0	0	0	0	0	0	0	0	0	0	0	0	0	0	0	0	0	0	0	0	0	0	0	0	0	0	0	0	0	0	0	0	0	0	0	0	0	0	0	0	0	0	0	0	0	0	0	0	160.77481	142.90114	11545	29278.729	535.12695	15138.349	165.59421	147.67847	11545	33001.16	535.0342	15103.084	163.44897	146.12527	11545	30776.965	517.4715	14441.753
M1_S25_subsampled_depth_10G_contig_8082|provirus_66_15637	0	0	0	0	0	0	0	0	0	0	0	0	0	0	0	0	0	0	0	0	0	0	0	0	0	0	0	0	0	0	0	0	0	0	0	0	0	0	0	0	0	0	0	0	0	0	0	0	0	0	0	0	0	0	32.361107	31.65389	15572	82.72317	97.886955	2769.1497	31.815588	30.999496	15572	96.27297	91.11737	2572.085	29.8661	28.904682	15572	102.38211	83.755264	2337.4673
M1_S25_subsampled_depth_10G_contig_8699|provirus_32184_61415	0	0	0	0	0	0	0	0	0	0	0	0	0	0	0	0	0	0	0	0	0	0	0	0	0	0	0	0	0	0	0	0	0	0	0	0	0	0	0	0	0	0	0	0	0	0	0	0	0	0	0	0	0	0	24.90059	24.807327	29232	42.616005	70.9596	2007.3948	24.799051	24.6691	29232	36.096283	67.40541	1902.7378	25.512104	25.402842	29232	31.06076	67.89743	1894.9022
M1_S25_subsampled_depth_10G_contig_9583|provirus_105226_142667	0	0	0	0	0	0	0	0	0	0	0	0	0	0	0	0	0	0	0	0	0	0	0	0	0	0	0	0	0	0	0	0	0	0	0	0	0	0	0	0	0	0	0	0	0	0	0	0	0	0	0	0	0	0	32.692078	32.5421	37442	65.27982	91.749084	2595.5146	42.03663	41.929836	37442	59.27414	114.45804	3230.9512	34.369194	34.228577	37442	51.835323	91.35706	2549.6216
M1_S25_subsampled_depth_10G_contig_9607|provirus_82514_111307	0	0	0	0	0	0	0	0	0	0	0	0	0	0	0	0	0	0	0	0	0	0	0	0	0	0	0	0	0	0	0	0	0	0	0	0	0	0	0	0	0	0	0	0	0	0	0	0	0	0	0	0	0	0	65.666664	48.735336	28794	8981.964	203.99466	5770.8584	66.52625	49.071995	28794	9073.795	198.74742	5610.294	69.12195	50.51369	28794	9683.021	201.7932	5631.7065
M1_S25_subsampled_depth_10G_contig_10129|provirus_33030_69180	0	0	0	0	0	0	0	0	0	0	0	0	0	0	0	0	0	0	0	0	0	0	0	0	0	0	0	0	0	0	0	0	0	0	0	0	0	0	0	0	0	0	0	0	0	0	0	0	0	0	0	0	0	0	15.919724	15.821024	36151	26.104834	45.486485	1286.7792	16.963667	16.852875	36151	24.249125	46.07162	1300.5215	15.005361	14.878553	36151	19.821388	40.036	1117.3368
M1_S25_subsampled_depth_10G_contig_10850|provirus_55368_86127	0	0	0	0	0	0	0	0	0	0	0	0	0	0	0	0	0	0	0	0	0	0	0	0	0	0	0	0	0	0	473.94296	420.29282	23389	593431.06	65.62678	2324.9043	0	0	0	0	0	0	0	0	0	0	0	0	0	0	0	0	0	0	456.15024	455.50543	30760	2275.7688	1300.7009	36795.875	446.55182	446.50525	30760	836.28217	1213.8289	34264.277	440.4598	440.3236	30760	855.24023	1170.0243	32653.398
M1_S25_subsampled_depth_10G_contig_11173|provirus_11758_45076	4.396364	4.270358	32691	6.4503136	0.6013629	20.050377	4.074256	3.9913912	32300	4.98306	0.5548365	18.444551	4.5983295	4.5117073	32619	5.7257466	0.6335221	21.306908	4.3313937	4.257127	32629	5.389089	0.60050565	21.94947	4.142814	3.9762168	32596	6.542707	0.5739073	20.842611	4.6999907	4.5720363	32776	6.5719237	0.6478611	22.951221	0	0	0	0	0	0	0	0	0	0	0	0	0	0	0	0	0	0	423.1758	423.18735	33319	1997.8871	1204.5394	34075.53	397.7952	397.13538	33319	838.0367	1082.3673	30553.342	412.38907	411.6292	33319	764.56006	1096.4241	30599.34
M1_S25_subsampled_depth_10G_contig_12840|provirus_35704_82862	11.945691	11.839136	47121	25.010168	1.6300725	54.349144	12.021762	11.930038	47159	25.956741	1.6430417	54.61996	11.787041	11.6227045	47100	25.450285	1.6293831	54.800175	12.601565	12.540996	47129	25.453274	1.7391651	63.569313	11.194857	11.108701	47159	25.109194	1.5322958	55.64845	12.642005	12.579167	46969	28.412111	1.7397227	61.631714	0	0	0	0	0	0	0	0	0	0	0	0	0	0	0	0	0	0	140.36136	139.99837	47159	396.3938	396.94345	11229.237	173.76299	173.64653	47159	528.4857	472.9533	13350.649	157.24774	156.8228	47159	458.18448	418.09613	11668.355
M1_S25_subsampled_depth_10G_contig_18130|provirus_50_34921	2.3416853	2.20848	29965	3.5075095	0.31869033	10.625627	2.4059675	2.272672	30219	3.402364	0.3348481	11.13142	2.121796	2.003008	28898	3.0079181	0.29584977	9.950155	2.839007	2.719552	31624	4.0516133	0.3953508	14.4507265	2.3938136	2.208384	28021	4.6483397	0.3288916	11.9443655	2.7357006	2.552096	30489	5.0560617	0.37648025	13.337248	0	0	0	0	0	0	0	0	0	0	0	0	0	0	0	0	0	0	32.54755	32.31149	34872	74.72382	93.28798	2639.0483	37.75439	37.411263	34872	108.488266	104.01992	2936.3013	38.859802	38.556545	34872	96.00691	104.59884	2919.1758
M1_S25_subsampled_depth_10G_contig_18602|provirus_17246_72674	0	0	0	0	0	0	0	0	0	0	0	0	0	0	0	0	0	0	0	0	0	0	0	0	0	0	0	0	0	0	0	0	0	0	0	0	0	0	0	0	0	0	0	0	0	0	0	0	0	0	0	0	0	0	33.936394	33.588867	55429	62.327835	96.92872	2742.0427	36.126595	36.011497	55429	48.240566	98.39057	2777.3948	33.081856	32.88244	55429	47.244293	88.217285	2461.9946
M1_S25_subsampled_depth_10G_contig_21307|provirus_7268_55286	6464.9434	6622.935	47234	8191564.5	876.6506	29228.895	6308.4614	6464.214	47103	7762634.5	854.84357	28417.734	6405.915	6568.391	47585	7904161	875.883	29458.104	6468.552	6629.7324	46958	8243420.5	886.11615	32389.008	6542.0713	6711.497	47766	8177151	890.0684	32324.646	6578.164	6743.5415	47079	8421017	897.1527	31782.66	1207.4591	1098.3121	43318	960667.9	137.83908	1272.1189	1010.0535	918.6659	42418	666821.1	111.61027	924.3386	1328.5173	1223.3387	42015	1021622.2	147.40816	1323.313	63.36763	62.703594	48019	978.40094	185.00981	5233.7915	76.68401	75.78084	48019	1505.7498	216.18741	6102.5933	71.393616	70.5501	48019	1596.0095	197.65088	5516.1025
M1_S25_subsampled_depth_10G_contig_22149|provirus_82121_117752	0	0	0	0	0	0	0	0	0	0	0	0	0	0	0	0	0	0	0	0	0	0	0	0	0	0	0	0	0	0	0	0	0	0	0	0	0	0	0	0	0	0	0	0	0	0	0	0	0	0	0	0	0	0	47.45361	46.04171	35632	219.83574	133.86362	3786.9033	50.05045	48.97335	35632	177.68265	136.04724	3840.3767	46.64475	45.689453	35632	143.93678	123.954765	3459.368
M1_S25_subsampled_depth_10G_contig_26895|provirus_89733_142861	5.9264803	5.134891	50253	62.48119	0.8521173	28.41093	5.409294	4.635845	49692	52.431255	0.77174056	25.655119	5.5161858	4.7667093	49005	54.019913	0.8015971	26.959692	5.709281	4.8770633	49696	66.5152	0.8310044	30.374561	5.121841	4.2231193	48981	60.663303	0.74300414	26.983715	5.5197906	4.64847	50218	65.02631	0.8021339	28.416512	0	0	0	0	0	0	0	0	0	0	0	0	0	0	0	0	0	0	32.78046	20.97649	53095	4443.008	101.11731	2860.5347	40.14502	26.383596	53129	6280.538	118.952644	3357.8257	39.575153	23.804941	53129	8007.1753	116.31542	3246.167
M1_S25_subsampled_depth_10G_contig_27539|provirus_3_11988	0	0	0	0	0	0	0	0	0	0	0	0	0	0	0	0	0	0	0	0	0	0	0	0	0	0	0	0	0	0	0	0	0	0	0	0	0	0	0	0	0	0	0	0	0	0	0	0	0	0	0	0	0	0	293.53278	293.69965	11986	768.67596	836.8439	23673.7	303.6749	304.3486	11986	515.70154	831.3632	23467.936	299.0609	299.7994	11986	622.9631	799.435	22310.877
M1_S25_subsampled_depth_10G_contig_31152|provirus_21709_107699	0	0	0	0	0	0	0	0	0	0	0	0	0	0	0	0	0	0	0	0	0	0	0	0	0	0	0	0	0	0	0	0	0	0	0	0	0	0	0	0	0	0	0	0	0	0	0	0	0	0	0	0	0	0	32.879288	28.932653	85991	1221.6168	100.459465	2841.925	32.730083	28.570135	85991	1331.5258	96.03418	2710.8774	31.535269	27.269749	85991	1307.9396	90.56365	2527.4783
M1_S25_subsampled_depth_10G_contig_33696|provirus_12665_51897	0	0	0	0	0	0	0	0	0	0	0	0	0	0	0	0	0	0	0	0	0	0	0	0	0	0	0	0	0	0	0	0	0	0	0	0	0	0	0	0	0	0	0	0	0	0	0	0	0	0	0	0	0	0	18.4242	18.265415	39233	32.58367	52.52418	1485.8705	20.606453	20.558151	39233	25.565157	56.084484	1583.167	17.898037	17.772623	39233	23.414616	47.559998	1327.3196
M1_S25_subsampled_depth_10G_contig_35316|provirus_2_34931	0	0	0	0	0	0	0	0	0	0	0	0	0	0	0	0	0	0	0	0	0	0	0	0	0	0	0	0	0	0	0	0	0	0	0	0	0	0	0	0	0	0	0	0	0	0	0	0	0	0	0	0	0	0	32.194336	32.075363	34930	62.220764	91.563095	2590.2527	33.5429	33.3502	34930	47.38063	91.367355	2579.1418	35.42412	35.374	34930	48.684578	94.52434	2638.014
M2_S26_subsampled_depth_10G_contig_582	0	0	0	0	0	0	0	0	0	0	0	0	0	0	0	0	0	0	0	0	0	0	0	0	0	0	0	0	0	0	0	0	0	0	0	0	0	0	0	0	0	0	0	0	0	0	0	0	0	0	0	0	0	0	13.8361225	11.452422	12280	346.78763	44.262745	1252.16	15.079713	12.956407	12281	313.9151	46.830265	1321.9369	14.46847	12.020057	12246	384.69537	44.376602	1238.4758
M2_S26_subsampled_depth_10G_contig_682	30.807884	30.243765	31438	296.1554	4.194775	139.8603	30.365295	29.670866	31340	282.34204	4.1292143	137.26834	30.322418	29.50275	31353	276.35437	4.159858	139.90631	29.93387	28.447723	31504	462.83093	4.114983	150.40938	29.053267	27.787281	31342	406.79196	3.9623451	143.90059	29.353842	27.919523	31350	413.06824	4.0164986	142.28908	12.414647	12.332684	30937	50.69776	1.4288868	13.187222	10.128374	9.981487	30749	38.490322	1.1285163	9.3462	11.247856	11.140747	31113	42.964344	1.2549336	11.265792	15.921698	15.600332	34900	33.65812	45.924126	1299.1603	16.01925	15.6519375	34900	34.573544	44.002724	1242.1206	14.460892	14.055282	34900	32.830254	38.840004	1083.9586
M2_S26_subsampled_depth_10G_contig_2496	0	0	0	0	0	0	0	0	0	0	0	0	0	0	0	0	0	0	0	0	0	0	0	0	0	0	0	0	0	0	0	0	0	0	0	0	0	0	0	0	0	0	0	0	0	0	0	0	0	0	0	0	0	0	623.0912	597.5323	19800	34412.426	1793.3093	50731.4	646.60876	619.66833	19800	31639.576	1782.1615	50307.31	654.28436	628.3109	19800	31432.771	1761.2192	49152.65
M2_S26_subsampled_depth_10G_contig_3086	0	0	0	0	0	0	0	0	0	0	0	0	0	0	0	0	0	0	0	0	0	0	0	0	0	0	0	0	0	0	0	0	0	0	0	0	0	0	0	0	0	0	0	0	0	0	0	0	0	0	0	0	0	0	7.904249	7.4585495	22625	33.335766	25.919182	733.2347	7.568276	7.031786	22625	41.677048	23.728724	669.8205	7.973615	7.464531	22625	36.413963	24.351456	679.608
M2_S26_subsampled_depth_10G_contig_4126	0	0	0	0	0	0	0	0	0	0	0	0	0	0	0	0	0	0	0	0	0	0	0	0	0	0	0	0	0	0	0	0	0	0	0	0	0	0	0	0	0	0	0	0	0	0	0	0	0	0	0	0	0	0	249.08798	208.88191	31623	55920.066	718.9306	20338.021	268.0931	223.36862	31623	68950.32	741.3229	20926.254	252.53795	208.60466	31623	67579.914	683.27374	19069.014
M2_S26_subsampled_depth_10G_contig_4148	0	0	0	0	0	0	0	0	0	0	0	0	0	0	0	0	0	0	0	0	0	0	0	0	0	0	0	0	0	0	0	0	0	0	0	0	0	0	0	0	0	0	0	0	0	0	0	0	0	0	0	0	0	0	110.19561	103.71937	21534	1897.7561	321.11874	9084.214	118.14062	111.8182	21534	1644.6299	329.2998	9295.561	106.19201	99.179726	21534	1990.0897	290.51938	8107.9063
M2_S26_subsampled_depth_10G_contig_4781	0	0	0	0	0	0	0	0	0	0	0	0	0	0	0	0	0	0	0	0	0	0	0	0	0	0	0	0	0	0	0	0	0	0	0	0	0	0	0	0	0	0	0	0	0	0	0	0	0	0	0	0	0	0	6.7780414	6.2329564	10220	35.75168	21.01033	594.3669	7.5298944	6.897354	10269	60.910526	22.552895	636.629	6.5152683	5.846196	10269	64.897545	19.664633	548.8067
M2_S26_subsampled_depth_10G_contig_5242	6.207437	5.98858	22041	9.016857	0.86542714	28.854704	6.4624734	6.2854385	22017	8.600454	0.8925496	29.671219	6.5287104	6.327361	21933	9.872484	0.9202384	30.949879	6.9353614	6.6728415	22041	10.971748	0.9715433	35.511494	6.4128637	6.196924	21969	10.744292	0.90945476	33.02871	6.573158	6.3879614	21951	10.698838	0.92614454	32.80974	0	0	0	0	0	0	0	0	0	0	0	0	0	0	0	0	0	0	94.698875	92.758514	22041	668.67065	280.5519	7936.607	92.225845	90.33406	22041	627.0509	260.02817	7340.141	101.22831	99.152664	22041	637.2782	277.90317	7755.8066
M2_S26_subsampled_depth_10G_contig_5440	4.986791	4.3792076	9743	29.484446	0.8018078	26.733517	4.796878	4.2784276	9589	23.809362	0.78810644	26.199171	5.5824866	5.1366997	10499	25.361555	0.8873113	29.842455	4.826898	4.4524837	10003	18.404028	0.762684	27.87736	4.462405	4.073276	9754	18.470135	0.71593314	26.000568	4.883521	4.444889	9732	23.641397	0.7967889	28.227175	0	0	0	0	0	0	0	0	0	0	0	0	0	0	0	0	0	0	62.270924	57.079742	10976	1888.4583	186.39493	5272.9746	72.70931	66.39142	10976	2646.2869	209.48148	5913.297	69.56808	63.977627	10976	2113.6912	195.8587	5466.0845
M2_S26_subsampled_depth_10G_contig_7670	0	0	0	0	0	0	0	0	0	0	0	0	24.998808	18.847878	8955	2554.431	3.5681245	120.00479	25.010382	18.73726	10161	2544.4348	3.5552332	129.94968	24.32295	18.648766	9435	2399.6204	3.435909	124.78202	0	0	0	0	0	0	0	0	0	0	0	0	0	0	0	0	0	0	0	0	0	0	0	0	49.086887	44.298477	11901	1793.3618	151.49112	4285.572	57.782825	52.964264	11901	2077.4673	169.60117	4787.546	61.21266	55.01853	11901	2750.879	175.62544	4901.409
M2_S26_subsampled_depth_10G_contig_7769	97.037506	95.75231	10256	570.19696	13.683653	456.23434	103.04641	101.30365	10256	735.32947	14.595591	485.2041	105.79131	103.94481	10256	659.6465	15.141339	509.24054	113.46428	112.01089	10256	739.64496	16.270117	594.6994	109.88057	106.886765	10256	863.2677	15.745981	571.8473	113.05541	111.265724	10256	766.38654	16.1436	571.90564	0	0	0	0	0	0	1.7600435	1.558817	7719	3.0597827	0.19759846	1.6364788	0	0	0	0	0	0	7.8916483	7.6687555	10222	15.37064	26.188871	740.8639	6.1098356	6.047054	10256	5.669282	16.906345	477.2366	7.643677	7.5895996	10219	10.038384	20.813568	580.8714
M2_S26_subsampled_depth_10G_contig_7866	36.07305	35.510372	19000	95.523506	5.083259	169.48373	39.41369	38.765884	19000	128.38867	5.5171347	183.4072	39.357613	38.528175	19000	147.27185	5.5830574	187.77197	42.815014	42.0023	19000	152.43344	6.081237	222.2792	43.58472	42.673523	19000	147.49742	6.137879	222.90947	42.546898	41.830956	19000	141.62311	6.032537	213.7096	0	0	0	0	0	0	0	0	0	0	0	0	0	0	0	0	0	0	9.019363	8.9489565	18950	14.913576	28.736444	812.9329	7.7792044	7.6251917	19000	9.089026	21.293692	601.0838	9.792732	9.657668	19000	12.964574	26.445013	738.03577
M2_S26_subsampled_depth_10G_contig_9588	0	0	0	0	0	0	0	0	0	0	0	0	0	0	0	0	0	0	0	0	0	0	0	0	0	0	0	0	0	0	0	0	0	0	0	0	0	0	0	0	0	0	0	0	0	0	0	0	0	0	0	0	0	0	323.4459	284.354	14976	47185.324	961.77576	27207.928	376.17322	332.74747	14976	56776	1083.7893	30593.482	359.33704	315.4794	14976	58174.563	1010.3432	28196.969
M2_S26_subsampled_depth_10G_contig_10137	3.797438	3.7020009	18070	4.8454304	0.5158552	17.199411	3.1522298	3.0845046	17590	3.5498083	0.42735097	14.206514	3.452187	3.4012625	17976	3.8153493	0.47727743	16.052023	3.8745177	3.752382	18150	5.585701	0.5352618	19.564703	3.3955295	3.338673	17547	4.0772114	0.4647624	16.878798	3.5515115	3.4762387	18273	3.6898687	0.48583066	17.211111	0	0	0	0	0	0	0	0	0	0	0	0	0	0	0	0	0	0	9.341713	9.192889	18750	12.819546	26.648954	753.8795	8.915094	8.84844	18797	9.986572	24.413544	689.15186	8.47009	8.328489	18791	12.077473	22.807375	636.51514
M2_S26_subsampled_depth_10G_contig_11321	0	0	0	0	0	0	0	0	0	0	0	0	0	0	0	0	0	0	0	0	0	0	0	0	0	0	0	0	0	0	0	0	0	0	0	0	0	0	0	0	0	0	0	0	0	0	0	0	0	0	0	0	0	0	5.1236386	5.0325294	15039	7.2110057	14.708667	416.0974	3.905445	3.7801204	14880	5.5233397	10.54026	297.53323	5.700163	5.572629	15199	9.495066	15.171431	423.40906
M2_S26_subsampled_depth_10G_contig_11480	4.0659947	3.9923565	9870	6.0947905	0.5493473	18.3161	4.573796	4.4973626	10305	4.107535	0.6172633	20.519808	3.8877797	3.7936268	10121	4.4235363	0.5321531	17.897629	4.4343443	4.306707	9724	8.309679	0.6199522	22.660265	3.7226474	3.6503391	9757	4.8371987	0.5036696	18.291782	4.4268823	4.3739905	9518	7.1045337	0.5995053	21.238174	2.1481733	1.9955862	8728	3.324718	0.24579	2.2683995	0	0	0	0	0	0	0	0	0	0	0	0	5.315147	5.0860157	10283	10.901446	15.523624	439.1519	6.577963	6.476262	10425	8.550401	18.00089	508.13373	6.765772	6.699968	10329	10.6459465	18.111877	505.47183
M2_S26_subsampled_depth_10G_contig_13909	0	0	0	0	0	0	0	0	0	0	0	0	0	0	0	0	0	0	0	0	0	0	0	0	0	0	0	0	0	0	0	0	0	0	0	0	0	0	0	0	0	0	0	0	0	0	0	0	0	0	0	0	0	0	7.510974	7.422131	10994	10.382523	21.408876	605.64136	7.6365733	7.580635	10994	8.572048	20.806486	587.3308	6.8016415	6.6955943	10994	7.2747684	18.874048	526.7426
M2_S26_subsampled_depth_10G_contig_15042	0	0	0	0	0	0	0	0	0	0	0	0	0	0	0	0	0	0	0	0	0	0	0	0	0	0	0	0	0	0	0	0	0	0	0	0	0	0	0	0	0	0	0	0	0	0	0	0	0	0	0	0	0	0	29.555998	27.000175	38116	2093.1377	91.43943	2586.7546	29.056578	26.766169	38116	1731.8743	86.17561	2432.5876	28.385214	25.992216	38116	1850.1469	83.22348	2322.626
M2_S26_subsampled_depth_10G_contig_16378	110.57052	110.564575	11608	270.60434	15.156011	505.32504	118.31899	118.26197	11608	383.96213	16.24813	540.1398	118.35128	117.7262	11608	449.3644	16.451183	553.2938	131.53822	131.18654	11608	336.99887	18.299646	668.88214	129.95976	129.61702	11608	330.06598	17.954306	652.04736	131.7819	131.48071	11608	399.07516	18.207644	645.02655	0	0	0	0	0	0	0	0	0	0	0	0	0	0	0	0	0	0	9.246378	9.121679	11536	17.91599	30.069857	850.6543	8.16783	8.042854	11608	13.907153	22.230541	627.52936	10.59321	10.555071	11608	12.183376	28.251846	788.4613
M2_S26_subsampled_depth_10G_contig_16673	6.589068	6.257388	10507	29.24492	0.92935467	30.986113	6.0582633	5.6969495	9865	27.162401	0.8592926	28.565626	6.775442	6.438322	9716	32.84882	0.96491265	32.452396	6.5785136	6.2267876	10120	32.24643	0.93507355	34.178474	6.680882	6.319447	9909	30.84787	0.95424736	34.655445	6.0211086	5.6639657	9268	29.957506	0.86641425	30.69371	0	0	0	0	0	0	0	0	0	0	0	0	0	0	0	0	0	0	48.034237	47.75653	11804	76.9374	135.23784	3825.7783	62.941135	62.85653	11804	89.61572	169.13286	4774.326	55.328987	55.536987	11804	82.27641	145.3795	4057.2966
M2_S26_subsampled_depth_10G_contig_20746	3.70207	3.6017878	10852	4.7007804	0.50194573	16.735647	3.1483324	3.0515215	10282	4.0851183	0.42675894	14.186829	3.451686	3.3369489	10248	5.9967384	0.47292185	15.905535	3.7024314	3.6437683	10543	4.894631	0.5050826	18.461603	3.953358	3.8365974	10795	5.762605	0.5397816	19.60327	3.6918557	3.632319	10634	4.5630565	0.5010017	17.748562	0	0	0	0	0	0	0	0	0	0	0	0	0	0	0	0	0	0	3.716442	3.5362058	9910	8.042621	10.316878	291.8569	4.1157913	3.9765995	10884	6.450974	11.071238	312.52188	3.964476	3.8942451	10784	5.206385	10.458045	291.86636
M2_S26_subsampled_depth_10G_contig_21049	0	0	0	0	0	0	0	0	0	0	0	0	0	0	0	0	0	0	0	0	0	0	0	0	0	0	0	0	0	0	0	0	0	0	0	0	0	0	0	0	0	0	0	0	0	0	0	0	0	0	0	0	0	0	6.94261	6.8257365	27009	10.753772	20.015862	566.2339	7.7002	7.493212	27158	10.380624	21.11696	596.09485	7.08964	6.979842	27156	9.084011	19.042755	531.4511
M2_S26_subsampled_depth_10G_contig_21588	0	0	0	0	0	0	0	0	0	0	0	0	0	0	0	0	0	0	0	0	0	0	0	0	0	0	0	0	0	0	0	0	0	0	0	0	0	0	0	0	0	0	0	0	0	0	0	0	0	0	0	0	0	0	5.793235	5.3098383	16964	113.41171	21.08611	596.51056	6.655703	6.320957	17237	45.773235	20.6144	581.9088	5.8347282	5.4883933	17013	44.076042	17.918829	500.08438
M2_S26_subsampled_depth_10G_contig_22139	63.78421	63.02193	11540	491.86737	8.75014	291.74338	68.44377	67.41988	11536	541.81946	9.389193	312.12695	71.105965	69.88918	11541	626.05914	9.839885	330.93964	79.254036	78.14327	11537	542.10614	11.016669	402.67746	74.97307	73.53021	11541	609.7577	10.374059	376.75504	77.16807	75.679924	11540	554.9146	10.687971	378.6336	5.0895615	4.189084	9243	55.15287	0.59855115	5.524038	3.776579	3.3265107	8893	22.049473	0.4314604	3.5732872	5.6014915	4.7251463	9846	56.635193	0.63560534	5.70596	5.7988596	5.643665	11425	10.0531435	18.50681	523.54395	4.681579	4.5999026	11366	5.7471833	13.003569	367.0681	6.560351	6.453801	11429	8.804673	17.586897	490.82056
M2_S26_subsampled_depth_10G_contig_23429	0	0	0	0	0	0	0	0	0	0	0	0	0	0	0	0	0	0	0	0	0	0	0	0	0	0	0	0	0	0	0	0	0	0	0	0	0	0	0	0	0	0	0	0	0	0	0	0	0	0	0	0	0	0	4.645497	4.4927855	55411	7.950402	13.619899	385.29706	3.528359	3.4161565	54588	4.980752	9.603145	271.08	5.0779867	4.99339	55836	7.1151657	13.448923	375.33664
M2_S26_subsampled_depth_10G_contig_24946	3.6582222	3.466919	6450	7.0280805	0.51018214	17.010271	3.8871112	3.7294273	6482	7.0357056	0.53050876	17.635803	3.3333333	3.2797894	6112	3.5759373	0.4515501	15.186738	3.2425184	3.130349	6176	5.079271	0.45233643	16.533634	3.9567409	3.8186307	6478	6.348106	0.55307204	20.085936	3.714963	3.6138906	6738	4.581952	0.5338293	18.911505	0	0	0	0	0	0	0	0	0	0	0	0	0	0	0	0	0	0	4.725926	4.492594	6765	8.821599	13.400936	379.1026	5.6167407	5.5859118	6651	8.3510895	15.219093	429.6086	8.982963	8.947663	6652	15.993638	23.908333	667.2413
M2_S26_subsampled_depth_10G_contig_26617	2.718419	2.570583	14637	4.0319667	0.36830318	12.279808	2.4203742	2.2933621	14231	3.6563866	0.32874694	10.928597	2.8752496	2.7610464	15154	4.075175	0.39111415	13.154137	2.2822468	2.1821911	14465	2.9309251	0.31244427	11.420351	2.1413352	2.0135853	13704	3.1134973	0.29167858	10.592906	2.9766963	2.8622637	14665	4.5325675	0.403631	14.299093	0	0	0	0	0	0	0	0	0	0	0	0	0	0	0	0	0	0	3.1837056	3.1113055	15733	3.6549306	9.076166	256.75815	3.3356335	3.277759	15803	3.5025368	9.0335455	255.00119	4.013619	3.8473334	16045	5.826873	10.563124	294.7989
M2_S26_subsampled_depth_10G_contig_26686	318.49847	317.45502	40052	4829.1104	43.88016	1463.0331	321.39282	319.63828	40052	5001.3994	44.22343	1470.1283	327.30597	325.4386	40052	5313.1694	45.51098	1530.6464	343.62073	342.0485	40052	5271.3667	47.8434	1748.755	342.13522	341.08246	40052	4776.8726	47.3178	1718.4426	348.28418	347.27844	40052	5186.3047	48.26313	1709.7772	47.999924	40.697456	40052	2977.869	5.5045867	50.801888	42.176384	35.77882	40052	2325.3801	4.681187	38.76886	50.14423	43.750137	40052	2553.4202	5.588763	50.171444	23.35081	23.256014	40052	53.723213	73.33745	2074.6628	19.485113	19.37564	40052	38.303	53.281178	1504.035	24.635431	24.576075	40052	41.244278	65.782234	1835.871
M2_S26_subsampled_depth_10G_contig_28366	0	0	0	0	0	0	0	0	0	0	0	0	0	0	0	0	0	0	0	0	0	0	0	0	0	0	0	0	0	0	0	0	0	0	0	0	0	0	0	0	0	0	0	0	0	0	0	0	0	0	0	0	0	0	5.0042024	4.914966	16403	7.3403206	14.670232	415.01013	4.474847	4.367547	16332	5.5353284	12.011128	339.0533	5.5332575	5.4206347	16664	6.7547636	14.615806	407.90247
M2_S26_subsampled_depth_10G_contig_33985	0	0	0	0	0	0	0	0	0	0	0	0	0	0	0	0	0	0	0	0	0	0	0	0	0	0	0	0	0	0	0	0	0	0	0	0	0	0	0	0	0	0	0	0	0	0	0	0	0	0	0	0	0	0	6.15346	6.03614	11473	10.047217	17.604456	498.01718	4.552768	4.403595	11559	6.4768414	12.235	345.37277	6.098443	5.9377165	11587	8.96669	15.988743	446.21878
M2_S26_subsampled_depth_10G_contig_36495	28.310875	27.337673	15306	131.54976	3.8695865	129.01797	29.036928	27.92944	15329	134.02718	3.977782	132.2342	31.439796	30.320942	15290	161.35037	4.327963	145.56006	34.471485	33.42773	15344	126.61197	4.7670393	174.24315	35.66837	34.829853	15313	170.09508	4.8954973	177.78996	35.71551	34.691204	15344	147.06313	4.903282	173.70442	2.1264977	1.8662254	11693	5.033631	0.2480357	2.289125	2.060499	1.7242308	0	6.509959	0	0	3.0386302	2.718557	13860	8.722054	0.34076783	3.0591414	5.039874	4.819088	15059	8.886244	15.831908	447.87317	3.6989458	3.6300285	15172	3.3700726	10.133992	286.0648	4.078439	4.0063286	14649	5.4383206	10.799296	301.39008
M2_S26_subsampled_depth_10G_contig_426|provirus_3_46437	0	0	0	0	0	0	0	0	0	0	0	0	0	0	0	0	0	0	0	0	0	0	0	0	0	0	0	0	0	0	0	0	0	0	0	0	0	0	0	0	0	0	0	0	0	0	0	0	0	0	0	0	0	0	34.039604	23.365892	46435	6594.8706	111.63402	3158.0452	36.482014	25.052332	46435	7948.012	115.18638	3251.51	33.990322	22.956501	46435	7310.5195	105.88622	2955.105
M2_S26_subsampled_depth_10G_contig_430|provirus_104390_176845	22.618164	22.500921	64598	149.03882	3.07807	102.627625	22.71196	22.55767	64262	151.95586	3.0919082	102.78493	22.606491	22.511095	64516	144.63016	3.104061	104.39719	29.787445	29.718468	64277	247.1029	4.106207	150.08856	30.712734	30.775171	64975	244.41452	4.198808	152.48831	29.975466	29.750185	64736	260.04602	4.11067	145.62518	8.618081	8.148181	63169	40.10545	0.9955655	9.1880865	7.549277	7.237169	63106	27.270323	0.8443628	6.9928813	8.467582	8.001106	63020	37.420628	0.9484934	8.514821	159.70538	159.47046	72456	618.307	453.01416	12815.4375	163.5373	163.39523	72456	458.11804	444.49103	12547.212	145.89586	145.92056	72456	354.3151	387.52158	10815.073
M2_S26_subsampled_depth_10G_contig_1110|provirus_9895_24513	4.838275	4.7353144	14122	8.604338	0.6594003	21.985441	4.6292763	4.538509	13852	7.45614	0.630881	20.972492	4.6513925	4.5060277	13977	9.372659	0.6337337	21.31402	5.0980716	4.9488597	14179	10.200153	0.7055318	25.788342	4.57834	4.499731	13544	7.47653	0.62453985	22.68143	4.6763425	4.555018	13961	8.690304	0.6362373	22.539438	0	0	0	0	0	0	0	0	0	0	0	0	0	0	0	0	0	0	69.82044	69.98073	14598	526.4208	199.50041	5643.7207	74.63017	74.539505	14591	574.34753	202.07727	5704.2896	79.69176	79.7324	14617	842.1714	210.57072	5876.673
M2_S26_subsampled_depth_10G_contig_3022|provirus_16310_56569	2.05637	1.9255955	32780	2.8855755	0.2806152	9.356144	1.9113936	1.7958449	32999	2.4022312	0.26057467	8.662333	1.9189479	1.8077009	32580	2.3223093	0.26496887	8.911558	2.1489904	2.0340166	34570	2.7389772	0.29572117	10.809097	2.333832	2.1944044	33701	3.6731408	0.3174915	11.530357	2.548691	2.4295845	35112	3.4857116	0.35011864	12.403355	0	0	0	0	0	0	0	0	0	0	0	0	0	0	0	0	0	0	57.162327	56.90446	40260	110.21526	161.38776	4565.5405	56.389378	56.186287	40260	102.869484	153.31577	4327.8364	54.420044	54.304264	40260	78.50727	144.47086	4031.937
M2_S26_subsampled_depth_10G_contig_5367|provirus_22850_63980	1010.3497	1036.046	41131	212715.23	136.95924	4566.4336	992.9873	1018.30884	41131	205882.38	134.50584	4471.4063	983.395	1008.28937	41131	200873.92	134.38899	4519.8335	985.5632	1011.56726	41131	202517.31	134.94263	4932.376	1008.678	1036.4523	41072	208350.56	137.16151	4981.3	1004.77496	1031.837	41131	210506.4	136.94969	4851.599	350.29776	351.81754	40989	33596.234	40.047474	369.59882	302.88263	303.9252	41033	25545.639	33.50677	277.4979	359.2962	360.90594	40855	35564.11	39.91682	358.3414	9.551548	9.425101	41122	14.695766	27.308052	772.52454	12.096874	12.008703	41131	14.366459	32.754948	924.615	11.685049	11.559065	41086	18.109175	30.984503	864.7253
M2_S26_subsampled_depth_10G_contig_9286|provirus_168_20433	6.968682	6.761405	20190	12.201159	0.96041375	32.021687	5.868115	5.635093	20142	9.866126	0.80927277	26.902826	5.9671903	5.773445	20244	9.106951	0.829789	27.907843	5.8235235	5.6220036	20143	9.237957	0.81389534	29.749222	6.1071286	5.980283	20255	7.9552636	0.8423122	30.590294	6.373434	6.2281566	20034	11.482712	0.88135344	31.22295	0	0	0	0	0	0	0	0	0	0	0	0	0	0	0	0	0	0	28.698599	27.524412	20266	133.67313	81.73249	2312.1526	34.945316	33.77212	20266	146.81114	96.80486	2732.6328	31.61712	30.447641	20266	136.70947	84.971	2371.3967
M2_S26_subsampled_depth_10G_contig_9707|provirus_3_31155	10.364223	10.256675	25549	42.374977	1.4269406	47.576405	10.387672	10.305057	25247	43.423374	1.430362	47.549824	10.186175	10.142063	25247	39.19248	1.4134245	47.536945	9.328807	9.234025	25851	33.741436	1.2931403	47.266388	8.884108	8.774684	25318	32.753387	1.2249854	44.48786	9.16292	9.007849	25931	34.479065	1.2761616	45.20948	0	0	0	0	0	0	0	0	0	0	0	0	0	0	0	0	0	0	24.780537	24.39684	31111	232.25237	74.51188	2107.8867	26.295036	25.91345	31153	280.06174	75.007706	2117.337	26.422153	26.012974	31138	331.60602	73.84208	2060.8071
M2_S26_subsampled_depth_10G_contig_10540|provirus_9972_58967	0	0	0	0	0	0	0	0	0	0	0	0	0	0	0	0	0	0	1.8331901	1.7001729	38219	2.6340225	0.2539625	9.282749	1.9640093	1.8541467	38981	2.6619046	0.27093273	9.839477	1.9932646	1.8582412	38657	2.9783351	0.27467272	9.730595	0	0	0	0	0	0	0	0	0	0	0	0	0	0	0	0	0	0	758.03827	753.797	48996	6960.6006	2158.1028	61051.14	761.4365	757.5545	48996	3253.6213	2070.2844	58440.52	783.3421	776.53357	48996	3875.6274	2080.7397	58069.918
M2_S26_subsampled_depth_10G_contig_10722|provirus_129695_155233	5.484816	5.151766	24703	14.799802	0.758913	25.30335	5.541534	5.398801	25056	10.118462	0.77430344	25.740332	5.712789	5.4356046	24929	14.332744	0.7958119	26.765123	6.2288	5.8722596	25199	16.694733	0.8700381	31.80132	5.398401	5.088618	24279	15.316102	0.7495413	27.221117	5.829375	5.515426	25061	16.095037	0.81218517	28.772598	0	0	0	0	0	0	0	0	0	0	0	0	0	0	0	0	0	0	232.3657	228.63774	25534	3120.9958	654.65436	18519.691	259.7927	252.86557	25538	5525.5586	701.63885	19806.043	268.0522	260.5906	25533	5817.239	707.1602	19735.645
M2_S26_subsampled_depth_10G_contig_14244|provirus_3_31227	8.730266	8.386463	30360	32.72752	1.1981733	39.948967	9.095897	8.610175	30543	38.249992	1.244342	41.3659	8.547031	8.207408	30028	31.866962	1.1841689	39.826515	8.671344	8.139583	30553	37.621243	1.2034419	43.987766	8.751569	8.246881	30846	35.57115	1.2031054	43.69322	9.095575	8.534449	30512	43.92155	1.2593795	44.614983	0	0	0	0	0	0	0	0	0	0	0	0	1.8857603	1.7278773	23538	3.1398098	0.21159706	1.899551	41.935123	41.65551	31225	67.20879	120.22093	3400.9626	47.917168	47.29343	31225	105.18504	130.88585	3694.6792	44.28457	43.992958	31225	73.69106	118.62345	3310.58
M2_S26_subsampled_depth_10G_contig_25268|provirus_2_13023	0	0	0	0	0	0	0	0	0	0	0	0	0	0	0	0	0	0	0	0	0	0	0	0	0	0	0	0	0	0	0	0	0	0	0	0	0	0	0	0	0	0	0	0	0	0	0	0	0	0	0	0	0	0	20.492075	18.66658	13022	277.46216	63.99931	1810.4939	22.705173	20.547644	13022	338.24893	68.48302	1933.1559	23.476072	21.82289	13022	232.09003	67.67657	1888.7383
M2_S26_subsampled_depth_10G_contig_32590|provirus_117_60220	0	0	0	0	0	0	0	0	0	0	0	0	0	0	0	0	0	0	0	0	0	0	0	0	0	0	0	0	0	0	0	0	0	0	0	0	0	0	0	0	0	0	0	0	0	0	0	0	0	0	0	0	0	0	25.24402	25.139067	60104	38.83602	71.85386	2032.6927	25.410097	25.33636	60104	30.371208	68.918304	1945.4437	24.212347	24.107597	60104	34.494987	64.29875	1794.4696
M2_S26_subsampled_depth_10G_contig_36124|provirus_1_26662	0	0	0	0	0	0	0	0	0	0	0	0	0	0	0	0	0	0	0	0	0	0	0	0	0	0	0	0	0	0	0	0	0	0	0	0	0	0	0	0	0	0	0	0	0	0	0	0	0	0	0	0	0	0	7.27844	7.142109	26417	12.55783	20.50833	580.1655	7.774819	7.73594	26516	8.042313	21.112888	595.98	7.108668	6.935839	26496	12.313601	18.890097	527.1906
M3_S27_subsampled_depth_10G_contig_1939	2.8519576	2.7143843	22300	4.24947	0.3889262	12.967403	2.4503765	2.2477696	21107	4.3184886	0.33056772	10.989131	2.5455675	2.401683	21081	3.8557315	0.3513644	11.817251	2.8750517	2.7420676	21924	4.1185293	0.40128696	14.6677	2.7141378	2.595512	21505	3.9244463	0.37132126	13.485291	2.7151313	2.5020692	21275	5.131503	0.37157136	13.163335	0	0	0	0	0	0	0	0	0	0	0	0	0	0	0	0	0	0	6.92691	4.869677	23318	475.5894	22.572987	638.57324	7.819841	5.351099	23663	745.97424	25.045464	706.9899	8.245882	5.6439805	23586	806.759	25.948158	724.16925
M3_S27_subsampled_depth_10G_contig_1958	10.588391	6.5188813	11382	531.47217	1.6243889	54.159668	11.268727	6.939979	11544	598.1606	1.7250339	57.345642	10.584282	6.6153336	11665	484.1083	1.625446	54.667747	10.496276	6.2714734	11347	534.2375	1.6038173	58.62214	9.941358	6.135737	11387	458.96634	1.5260861	55.422935	10.0119	5.872919	11231	518.5173	1.5392891	54.531063	0	0	0	0	0	0	0	0	0	0	0	0	0	0	0	0	0	0	14.974831	10.597546	11725	614.3295	47.637997	1347.644	16.277802	10.562542	11829	958.98	48.989918	1382.9001	21.97329	15.611528	11831	1195.4647	64.40965	1797.5648
M3_S27_subsampled_depth_10G_contig_2079	0	0	0	0	0	0	0	0	0	0	0	0	0	0	0	0	0	0	0	0	0	0	0	0	0	0	0	0	0	0	0	0	0	0	0	0	0	0	0	0	0	0	0	0	0	0	0	0	0	0	0	0	0	0	65.94764	26.884455	44057	249314.36	246.59438	6975.9736	72.65124	29.428347	44057	304588.75	266.49487	7522.686	68.12558	25.875952	44057	291887.47	247.14012	6897.262
M3_S27_subsampled_depth_10G_contig_2495	0	0	0	0	0	0	0	0	0	0	0	0	0	0	0	0	0	0	0	0	0	0	0	0	0	0	0	0	0	0	0	0	0	0	0	0	0	0	0	0	0	0	0	0	0	0	0	0	0	0	0	0	0	0	8.595381	8.444727	30282	14.197368	25.432718	719.4728	6.424034	6.3451695	30228	7.6116667	17.554028	495.51978	9.84402	9.782264	30282	11.642524	26.05711	727.20984
M3_S27_subsampled_depth_10G_contig_4740	5.3435535	5.0299044	20727	16.555368	0.7444454	24.820969	4.5598407	4.18626	21009	12.508281	0.6348879	21.105701	4.578986	4.285325	20509	12.785695	0.6529187	21.959269	4.418054	4.105231	20237	13.366268	0.6246279	22.831175	4.4110246	3.908437	20046	17.92558	0.62096196	22.551502	4.358398	3.9554517	20093	15.402231	0.6133451	21.728455	0	0	0	0	0	0	0	0	0	0	0	0	0	0	0	0	0	0	7.409591	6.9363375	21521	26.746208	21.784742	616.27454	6.39877	5.720327	21651	30.422993	17.739697	500.76062	11.099704	10.556417	21774	32.314434	30.15936	841.69696
M3_S27_subsampled_depth_10G_contig_5157	0	0	0	0	0	0	0	0	0	0	0	0	0	0	0	0	0	0	0	0	0	0	0	0	0	0	0	0	0	0	0	0	0	0	0	0	0	0	0	0	0	0	0	0	0	0	0	0	0	0	0	0	0	0	83.65109	80.04149	38309	1779.7742	244.76596	6924.251	85.40106	81.80504	38309	1830.2968	239.71486	6766.732	75.65104	72.19863	38309	1581.1343	208.93015	5830.887
M3_S27_subsampled_depth_10G_contig_9582	43.03489	39.9508	51480	1257.7943	5.8750877	195.8846	42.12841	38.811367	51470	1260.5461	5.7442555	190.95738	43.917942	40.321373	51030	1419.8695	6.042902	203.2376	57.366074	52.830967	50671	2444.953	7.902196	288.8382	57.228855	52.455997	51604	2365.1716	7.8293843	284.34012	57.77318	53.321373	51051	2363.7278	7.921836	280.64017	0	0	0	0	0	0	10.209517	9.372913	40854	87.440735	1.1307917	9.365035	0	0	0	0	0	0	177.83754	180.25252	53721	5993.2124	508.77023	14392.736	169.42166	171.37051	53721	5199.7725	467.0971	13185.335	159.4137	161.59152	53721	4092.619	430.3365	12009.965
M3_S27_subsampled_depth_10G_contig_10314	0	0	0	0	0	0	0	0	0	0	0	0	0	0	0	0	0	0	0	0	0	0	0	0	0	0	0	0	0	0	0	0	0	0	0	0	0	0	0	0	0	0	0	0	0	0	0	0	0	0	0	0	0	0	293.22018	289.39108	38389	2671.6394	838.3426	23716.092	307.63815	302.9542	38389	2448.9954	839.59674	23700.357	308.35028	303.39578	38389	2029.4363	822.05023	22942.033
M3_S27_subsampled_depth_10G_contig_11749	0	0	0	0	0	0	0	0	0	0	0	0	0	0	0	0	0	0	0	0	0	0	0	0	0	0	0	0	0	0	0	0	0	0	0	0	0	0	0	0	0	0	0	0	0	0	0	0	0	0	0	0	0	0	14.240494	10.149161	13668	1298.4474	53.974995	1526.9132	13.825862	9.664366	13668	1311.2448	51.815826	1462.6703	15.719041	11.298817	13668	1512.443	57.061653	1592.4941
M3_S27_subsampled_depth_10G_contig_11836	0	0	0	0	0	0	0	0	0	0	0	0	0	0	0	0	0	0	0	0	0	0	0	0	0	0	0	0	0	0	0	0	0	0	0	0	0	0	0	0	0	0	0	0	0	0	0	0	0	0	0	0	0	0	6.2304	6.0460916	12716	15.775007	19.048197	538.85944	4.8385572	4.428412	12816	16.027029	14.043841	396.4332	7.7278075	7.4547253	13071	18.593319	21.257816	593.26965
M3_S27_subsampled_depth_10G_contig_13010	0	0	0	0	0	0	1.3611401	1.2492526	14223	1.4468992	0.19270174	6.4060225	0	0	0	0	0	0	0	0	0	0	0	0	0	0	0	0	0	0	0	0	0	0	0	0	0	0	0	0	0	0	0	0	0	0	0	0	0	0	0	0	0	0	4.672909	4.527061	17855	7.419148	13.496274	381.79968	4.0663958	3.9096346	17837	6.2811265	11.107259	313.53867	8.050415	7.965831	18359	9.083133	21.327381	595.21094
M3_S27_subsampled_depth_10G_contig_13442	3.6356637	3.538936	10900	4.332243	0.49715728	16.575994	3.4607465	3.3898559	10476	4.6509876	0.47507212	15.792913	3.9248054	3.8289409	10816	5.2598786	0.5358468	18.021854	3.9651778	3.8387866	10968	5.841849	0.544083	19.887135	4.09462	3.9979115	11191	4.578781	0.55275524	20.074446	4.172142	4.13814	10973	4.2995496	0.56529355	20.026163	0	0	0	0	0	0	0	0	0	0	0	0	1.8163996	1.6765788	8938	2.504605	0.20338139	1.8257946	5.642825	5.5371456	11160	8.596139	15.981808	452.11356	6.3190403	6.21273	11137	12.101782	17.0057	480.04138	7.3190403	7.2684236	11090	13.408857	19.206703	536.0266
M3_S27_subsampled_depth_10G_contig_15228	0	0	0	0	0	0	0	0	0	0	0	0	0	0	0	0	0	0	0	0	0	0	0	0	0	0	0	0	0	0	0	0	0	0	0	0	0	0	0	0	0	0	0	0	0	0	0	0	0	0	0	0	0	0	10.930928	7.6399126	11819	1226.35	39.016113	1103.7372	10.550518	6.7732077	11819	1655.8644	37.53738	1059.615	15.574513	11.363039	11819	2025.2039	50.483593	1408.9119
M3_S27_subsampled_depth_10G_contig_16312	3.2784655	3.0708084	18323	6.169066	0.44420928	14.810637	3.4088695	3.2887022	18650	4.926438	0.4603208	15.302536	3.3068805	3.1891983	18378	4.6465716	0.449915	15.131758	3.575198	3.3712933	18682	6.7056155	0.48816997	17.843414	3.7293992	3.595614	18757	5.4855585	0.50419915	18.311016	3.695758	3.5053558	18664	6.63215	0.50257933	17.804455	0	0	0	0	0	0	0	0	0	0	0	0	0	0	0	0	0	0	0	0	0	0	0	0	0	0	0	0	0	0	2.775015	2.6778104	18268	3.3618717	7.386542	206.14577
M3_S27_subsampled_depth_10G_contig_16779	0	0	0	0	0	0	0	0	0	0	0	0	0	0	0	0	0	0	0	0	0	0	0	0	0	0	0	0	0	0	0	0	0	0	0	0	0	0	0	0	0	0	0	0	0	0	0	0	0	0	0	0	0	0	188.06505	141.71472	15923	242834.45	819.9325	23195.29	192.73727	146.95428	15923	228808.02	797.915	22523.75	185.06891	137.90547	15923	241884.05	763.4438	21306.428
M3_S27_subsampled_depth_10G_contig_17593	7.61301	7.2597227	41103	23.63347	1.0623233	35.419533	8.178327	7.6482863	41271	30.907185	1.1338549	37.692966	8.362527	7.8976417	41351	30.14065	1.176359	39.56387	8.236874	7.832698	41029	28.81959	1.1629742	42.508625	8.011192	7.5031695	41160	32.351288	1.1202964	40.685833	8.123453	7.7088256	41408	28.737024	1.1389692	40.349277	0	0	0	0	0	0	0	0	0	0	0	0	0	0	0	0	0	0	362.89203	364.91324	41518	14828.296	1030.7905	29160.305	409.72424	413.24173	41518	16474.81	1115.0712	31476.516	419.9874	423.62598	41518	18434.66	1116.4672	31158.709
M3_S27_subsampled_depth_10G_contig_17713	0	0	0	0	0	0	0	0	0	0	0	0	0	0	0	0	0	0	0	0	0	0	0	0	0	0	0	0	0	0	0	0	0	0	0	0	0	0	0	0	0	0	0	0	0	0	0	0	0	0	0	0	0	0	37.188293	37.350693	19268	76.785515	105.52567	2985.2446	29.987457	30.000523	19285	43.55728	81.172295	2291.352	37.73133	37.749172	19260	59.873524	99.95002	2789.4355
M3_S27_subsampled_depth_10G_contig_18690	0	0	0	0	0	0	0	0	0	0	0	0	0	0	0	0	0	0	0	0	0	0	0	0	0	0	0	0	0	0	0	0	0	0	0	0	0	0	0	0	0	0	0	0	0	0	0	0	0	0	0	0	0	0	7.4017444	7.201938	16052	18.63869	21.124199	597.5881	7.5062966	7.387975	16098	14.8794155	20.513388	579.05725	6.964064	6.734457	16234	15.9236965	18.70332	521.97797
M3_S27_subsampled_depth_10G_contig_21379	0	0	0	0	0	0	0	0	0	0	0	0	0	0	0	0	0	0	0	0	0	0	0	0	0	0	0	0	0	0	0	0	0	0	0	0	0	0	0	0	0	0	0	0	0	0	0	0	0	0	0	0	0	0	22.940044	22.491823	17613	70.814026	68.27141	1931.3481	18.016779	17.400267	17613	53.618484	50.493595	1425.3463	23.10147	22.445187	17613	73.16461	63.19388	1763.6342
M3_S27_subsampled_depth_10G_contig_21436	0	0	0	0	0	0	0	0	0	0	0	0	0	0	0	0	0	0	0	0	0	0	0	0	0	0	0	0	0	0	0	0	0	0	0	0	0	0	0	0	0	0	0	0	0	0	0	0	0	0	0	0	0	0	11.854332	10.376179	24989	126.64792	36.552814	1034.0522	13.710354	12.00456	25001	166.22823	39.967987	1128.2264	13.10563	11.455582	25001	171.91075	37.746235	1053.4333
M3_S27_subsampled_depth_10G_contig_21758	0	0	0	0	0	0	0	0	0	0	0	0	0	0	0	0	0	0	0	0	0	0	0	0	0	0	0	0	0	0	0	0	0	0	0	0	0	0	0	0	0	0	0	0	0	0	0	0	0	0	0	0	0	0	7.783486	7.6968718	13932	11.466943	22.525522	637.23035	9.064867	8.963802	13932	10.5152025	25.387768	716.6524	6.7864604	6.714689	13932	7.1552525	18.545998	517.5875
M3_S27_subsampled_depth_10G_contig_23400	6.826748	4.4501176	10824	260.7302	1.1937461	39.801342	6.9451046	5.012688	10874	177.0399	1.1741855	39.033676	6.438703	3.9389133	10515	302.37155	1.1566296	38.9003	7.383071	5.137317	10807	245.10222	1.2431476	45.439087	7.2322006	5.257137	10607	189.1258	1.1929681	43.325047	7.7885237	5.121048	10902	322.64136	1.3011839	46.095924	3.6197844	3.5138648	10411	5.0818415	0.42547286	3.926697	3.0894353	2.8622737	9774	6.2901773	0.36974204	3.0621479	3.0314083	2.8994167	10272	3.8314562	0.35773376	3.2114484	7.0627246	6.727003	11007	19.379725	22.36549	632.70325	7.2796354	6.9618335	10961	21.598108	22.371988	631.52234	8.140002	7.6653023	11007	27.77977	24.016129	670.2496
M3_S27_subsampled_depth_10G_contig_24756	0	0	0	0	0	0	0	0	0	0	0	0	0	0	0	0	0	0	0	0	0	0	0	0	0	0	0	0	0	0	0	0	0	0	0	0	0	0	0	0	0	0	0	0	0	0	0	0	0	0	0	0	0	0	5.2167034	5.0590787	9725	9.588889	15.2043	430.1186	7.195774	7.059635	10136	11.848598	19.636335	554.2994	7.0995393	6.8629284	10136	12.112074	18.746128	523.17255
M3_S27_subsampled_depth_10G_contig_25983	0	0	0	0	0	0	0	0	0	0	0	0	0	0	0	0	0	0	0	0	0	0	0	0	0	0	0	0	0	0	0	0	0	0	0	0	0	0	0	0	0	0	0	0	0	0	0	0	0	0	0	0	0	0	6.8439093	6.721134	15272	13.192258	20.469847	579.07715	5.902859	5.8636494	15081	8.6922655	16.130375	455.33243	8.626909	8.460546	15424	17.24312	22.897804	639.03906
M3_S27_subsampled_depth_10G_contig_26461	0	0	0	0	0	0	0	0	0	0	0	0	0	0	0	0	0	0	0	0	0	0	0	0	0	0	0	0	0	0	0	0	0	0	0	0	0	0	0	0	0	0	0	0	0	0	0	0	0	0	0	0	0	0	8.1417885	6.8122826	10008	299.68912	31.680311	896.21295	8.91905	7.4493093	10023	386.10025	33.46943	944.78345	8.371703	7.140339	10045	276.33646	29.71942	829.4185
M3_S27_subsampled_depth_10G_contig_27589	0	0	0	0	0	0	0	0	0	0	0	0	0	0	0	0	0	0	0	0	0	0	0	0	0	0	0	0	0	0	0	0	0	0	0	0	0	0	0	0	0	0	0	0	0	0	0	0	0	0	0	0	0	0	7.840626	7.7606955	10794	12.442267	22.48683	636.13586	6.479528	6.4213595	10723	7.83787	17.938614	506.37598	6.633561	6.4571667	10823	7.488744	17.482744	487.91373
M3_S27_subsampled_depth_10G_contig_28539	0	0	0	0	0	0	0	0	0	0	0	0	0	0	0	0	0	0	0	0	0	0	0	0	0	0	0	0	0	0	0	0	0	0	0	0	0	0	0	0	0	0	0	0	0	0	0	0	0	0	0	0	0	0	10.900112	8.2655945	12569	1415.8655	48.304043	1366.486	10.6246805	7.971921	12607	1580.3359	48.18392	1360.1483	9.25192	6.7661276	12654	1371.0583	41.466408	1157.2572
M3_S27_subsampled_depth_10G_contig_29089	0	0	0	0	0	0	0	0	0	0	0	0	0	0	0	0	0	0	0	0	0	0	0	0	0	0	0	0	0	0	0	0	0	0	0	0	0	0	0	0	0	0	0	0	0	0	0	0	0	0	0	0	0	0	19.24683	10.159854	32272	2060.9329	68.62251	1941.28	20.607748	11.641138	32414	2044.2192	70.69367	1995.5598	24.899519	12.433589	32415	3762.608	83.13232	2320.0823
M3_S27_subsampled_depth_10G_contig_30720	1.9543829	1.8417809	41509	2.3880236	0.26612496	8.873014	1.8791448	1.7593668	40287	2.4556012	0.25648263	8.526302	1.9958603	1.8832	41955	2.5408082	0.2749127	9.245995	1.6159921	1.5156522	38253	1.9638872	0.22238372	8.128495	1.7655842	1.6607869	40889	2.0088131	0.24088538	8.74824	1.783188	1.6917564	39310	2.1094394	0.24448271	8.661077	0	0	0	0	0	0	0	0	0	0	0	0	0	0	0	0	0	0	4.8012137	4.674318	48580	7.8754373	14.066851	397.94073	5.0385437	4.893136	49194	8.329977	13.928395	393.1743	8.175214	8.072433	49912	9.705175	21.822067	609.01685
M3_S27_subsampled_depth_10G_contig_30957	0	0	0	0	0	0	0	0	0	0	0	0	0	0	0	0	0	0	0	0	0	0	0	0	0	0	0	0	0	0	0	0	0	0	0	0	0	0	0	0	0	0	0	0	0	0	0	0	0	0	0	0	0	0	6.8808174	6.841362	4555	8.11045	19.77272	559.35583	7.801816	7.704918	4555	11.492276	22.339312	630.59973	7.6599317	7.602774	4555	8.745363	19.98469	557.73895
M3_S27_subsampled_depth_10G_contig_34087	0	0	0	0	0	0	0	0	0	0	0	0	0	0	0	0	0	0	0	0	0	0	0	0	0	0	0	0	0	0	0	0	0	0	0	0	0	0	0	0	0	0	0	0	0	0	0	0	0	0	0	0	0	0	22.621063	21.493837	14754	118.78497	69.861786	1976.3391	18.231306	17.418213	14754	64.202866	53.105453	1499.0746	23.932348	23.050821	14754	104.304665	67.81468	1892.5933
M3_S27_subsampled_depth_10G_contig_34243	3.4877832	3.3952563	27399	4.0805573	0.47937596	15.983145	3.067662	2.969032	26591	3.6912868	0.41838765	13.908545	3.4069293	3.2952602	27161	4.2514186	0.4709173	15.838118	2.7744956	2.695205	26018	3.2995608	0.38059798	13.911475	2.899181	2.8307788	26224	3.207262	0.39588347	14.377321	2.6954856	2.5547457	26039	3.6679957	0.36946937	13.088878	0	0	0	0	0	0	0	0	0	0	0	0	0	0	0	0	0	0	6.2588744	6.2003074	28067	7.588207	18.172434	514.08496	6.294975	6.1125646	28266	10.236838	17.214706	485.9411	10.394553	10.2865925	28349	13.555855	27.693615	772.8819
M3_S27_subsampled_depth_10G_contig_36555	0	0	0	0	0	0	0	0	0	0	0	0	0	0	0	0	0	0	0	0	0	0	0	0	0	0	0	0	0	0	0	0	0	0	0	0	0	0	0	0	0	0	0	0	0	0	0	0	0	0	0	0	0	0	5.3773623	5.279778	10066	8.764752	15.025758	425.06766	8.450603	8.376591	10363	11.261683	23.330236	658.5721	7.392539	7.2467093	10363	8.056925	19.294468	538.47595
M3_S27_subsampled_depth_10G_contig_37383	28.426577	26.795351	15157	481.07892	3.8359797	127.89754	26.857323	25.249302	15143	406.43356	3.6183264	120.284706	24.433859	22.957113	14918	356.62015	3.3275871	111.91492	28.44379	26.45726	15119	509.33807	3.8848805	141.99884	27.48815	25.31867	15109	478.06152	3.714991	134.91743	28.376787	26.005812	15116	583.087	3.855466	136.58435	0	0	0	0	0	0	0	0	0	0	0	0	0	0	0	0	0	0	2.5239673	2.2949831	12860	5.434372	7.347618	207.85872	3.5178761	3.3484626	14063	6.63664	9.952754	280.94894	4.538599	4.258717	14852	10.175296	12.274037	342.54767
M3_S27_subsampled_depth_10G_contig_38982	2.012936	1.9051465	17664	2.428681	0.27761346	9.25607	1.7625	1.6488479	16615	2.189727	0.24197426	8.044	2.0369186	1.8607342	16168	3.8182988	0.28087303	9.446446	1.9311047	1.8786068	17774	1.7611333	0.26644894	9.739145	1.868653	1.7594746	16731	2.2479248	0.25362757	9.211003	1.548595	1.4837962	16046	1.5431591	0.21280529	7.538866	0	0	0	0	0	0	0	0	0	0	0	0	0	0	0	0	0	0	5.182558	5.018734	20601	8.181604	14.998757	424.30377	4.5181684	4.3765073	19998	7.586859	12.431897	350.93073	8.991231	8.87936	20790	12.686147	23.900436	667.0205
M3_S27_subsampled_depth_10G_contig_3535|provirus_8600_47990	0	0	0	0	0	0	0	0	0	0	0	0	0	0	0	0	0	0	0	0	0	0	0	0	0	0	0	0	0	0	0	0	0	0	0	0	0	0	0	0	0	0	0	0	0	0	0	0	0	0	0	0	0	0	9.79919	9.5546055	39264	25.302994	27.84363	787.6759	9.516016	9.293485	39243	25.1944	26.038845	735.0312	9.583523	9.366651	39259	23.407352	25.642359	715.63477
M3_S27_subsampled_depth_10G_contig_4974|provirus_75637_133867	2.9058557	2.7997627	53914	3.643857	0.3954068	13.183486	2.8635871	2.7306066	53119	4.019632	0.38876036	12.923637	2.6123002	2.534712	52963	2.9090867	0.35894945	12.072353	2.5915015	2.4713905	51643	3.7057157	0.3567348	13.039242	2.49078	2.3945057	51555	3.0830805	0.3403617	12.360927	2.7060485	2.58359	52678	3.6696346	0.3703441	13.119871	0	0	0	0	0	0	0	0	0	0	0	0	0	0	0	0	0	0	40.975258	40.684578	58231	82.50578	116.51659	3296.169	51.19318	50.601555	58231	112.754684	140.38287	3962.765	44.98404	44.451496	58231	110.18423	120.45303	3361.6401
M3_S27_subsampled_depth_10G_contig_12109|provirus_321_19526	0	0	0	0	0	0	0	0	0	0	0	0	0	0	0	0	0	0	0	0	0	0	0	0	0	0	0	0	0	0	0	0	0	0	0	0	0	0	0	0	0	0	0	0	0	0	0	0	0	0	0	0	0	0	36.114765	27.888119	19206	1891.4274	106.66836	3017.5688	33.735516	25.581623	19206	1886.9288	95.45081	2694.4102	36.615448	28.924265	19206	1709.5452	100.85787	2814.7725
M3_S27_subsampled_depth_10G_contig_13287|provirus_342_25683	5.4110036	5.1870866	22872	17.344706	0.7462374	24.880716	5.240275	5.0291963	23508	15.611871	0.7286777	24.223574	5.1614003	4.9162917	23234	15.844378	0.7189487	24.18002	5.435932	5.1214166	22738	19.296358	0.756904	27.666088	5.520999	5.2957573	23906	16.523952	0.76427376	27.756151	5.677993	5.483373	23035	17.50712	0.7892667	27.96067	0	0	0	0	0	0	0	0	0	0	0	0	0	0	0	0	0	0	12.844554	12.624459	25342	22.560339	37.435165	1059.0133	9.686964	9.614713	25342	12.128196	26.324265	743.08826	16.212011	15.998412	25342	28.32974	43.48131	1213.4899
M3_S27_subsampled_depth_10G_contig_17621|provirus_3_57260	6.7662325	6.3639054	55310	20.622393	0.97225153	32.41636	6.7360964	6.337484	55412	19.517603	0.95859444	31.866745	6.3774776	5.978871	55256	17.807304	0.9135239	30.724052	6.573247	6.228725	55408	17.479372	0.94904786	34.68927	5.8322477	5.503113	55994	14.165284	0.830606	30.165157	6.0352316	5.6716995	55216	17.770311	0.8618098	30.530605	0	0	0	0	0	0	0	0	0	0	0	0	0	0	0	0	0	0	28.993906	27.956379	57132	160.63432	85.61814	2422.0745	35.933563	35.052258	57258	202.60999	102.30648	2887.9343	31.962404	31.000662	57258	182.64717	89.32184	2492.8218
M3_S27_subsampled_depth_10G_contig_26435|provirus_2_167311	0	0	0	0	0	0	0	0	0	0	0	0	0	0	0	0	0	0	0	0	0	0	0	0	0	0	0	0	0	0	0	0	0	0	0	0	0	0	0	0	0	0	0	0	0	0	0	0	0	0	0	0	0	0	7.135433	6.9044094	165335	18.385208	20.716581	586.05676	5.6197834	5.4135823	164462	11.774547	15.2533	430.57416	7.533196	7.2653346	166410	17.740726	19.99321	557.97675
M3_S27_subsampled_depth_10G_contig_37757|provirus_13164_56997	0	0	0	0	0	0	0	0	0	0	0	0	0	0	0	0	0	0	0	0	0	0	0	0	0	0	0	0	0	0	0	0	0	0	0	0	0	0	0	0	0	0	0	0	0	0	0	0	0	0	0	0	0	0	21.307528	21.24387	43834	29.85056	59.740894	1690.026	26.512224	26.365194	43834	41.997803	72.260056	2039.775	22.57513	22.426264	43834	31.379278	60.17909	1679.4965
