Contig	F3_S19_subsampled_depth_15G_combined_mapped Mean	F3_S19_subsampled_depth_15G_combined_mapped Trimmed Mean	F3_S19_subsampled_depth_15G_combined_mapped Covered Bases	F3_S19_subsampled_depth_15G_combined_mapped Variance	F3_S19_subsampled_depth_15G_combined_mapped RPKM	F3_S19_subsampled_depth_15G_combined_mapped TPM	F4_S20_subsampled_depth_15G_combined_mapped Mean	F4_S20_subsampled_depth_15G_combined_mapped Trimmed Mean	F4_S20_subsampled_depth_15G_combined_mapped Covered Bases	F4_S20_subsampled_depth_15G_combined_mapped Variance	F4_S20_subsampled_depth_15G_combined_mapped RPKM	F4_S20_subsampled_depth_15G_combined_mapped TPM	F5_S21_subsampled_depth_15G_combined_mapped Mean	F5_S21_subsampled_depth_15G_combined_mapped Trimmed Mean	F5_S21_subsampled_depth_15G_combined_mapped Covered Bases	F5_S21_subsampled_depth_15G_combined_mapped Variance	F5_S21_subsampled_depth_15G_combined_mapped RPKM	F5_S21_subsampled_depth_15G_combined_mapped TPM	F6_S22_subsampled_depth_15G_combined_mapped Mean	F6_S22_subsampled_depth_15G_combined_mapped Trimmed Mean	F6_S22_subsampled_depth_15G_combined_mapped Covered Bases	F6_S22_subsampled_depth_15G_combined_mapped Variance	F6_S22_subsampled_depth_15G_combined_mapped RPKM	F6_S22_subsampled_depth_15G_combined_mapped TPM	F7_S23_subsampled_depth_15G_combined_mapped Mean	F7_S23_subsampled_depth_15G_combined_mapped Trimmed Mean	F7_S23_subsampled_depth_15G_combined_mapped Covered Bases	F7_S23_subsampled_depth_15G_combined_mapped Variance	F7_S23_subsampled_depth_15G_combined_mapped RPKM	F7_S23_subsampled_depth_15G_combined_mapped TPM	F8_S24_subsampled_depth_15G_combined_mapped Mean	F8_S24_subsampled_depth_15G_combined_mapped Trimmed Mean	F8_S24_subsampled_depth_15G_combined_mapped Covered Bases	F8_S24_subsampled_depth_15G_combined_mapped Variance	F8_S24_subsampled_depth_15G_combined_mapped RPKM	F8_S24_subsampled_depth_15G_combined_mapped TPM	GP3_S28_subsampled_depth_15G_combined_mapped Mean	GP3_S28_subsampled_depth_15G_combined_mapped Trimmed Mean	GP3_S28_subsampled_depth_15G_combined_mapped Covered Bases	GP3_S28_subsampled_depth_15G_combined_mapped Variance	GP3_S28_subsampled_depth_15G_combined_mapped RPKM	GP3_S28_subsampled_depth_15G_combined_mapped TPM	GP4_S29_subsampled_depth_15G_combined_mapped Mean	GP4_S29_subsampled_depth_15G_combined_mapped Trimmed Mean	GP4_S29_subsampled_depth_15G_combined_mapped Covered Bases	GP4_S29_subsampled_depth_15G_combined_mapped Variance	GP4_S29_subsampled_depth_15G_combined_mapped RPKM	GP4_S29_subsampled_depth_15G_combined_mapped TPM	GP5_S30_subsampled_depth_15G_combined_mapped Mean	GP5_S30_subsampled_depth_15G_combined_mapped Trimmed Mean	GP5_S30_subsampled_depth_15G_combined_mapped Covered Bases	GP5_S30_subsampled_depth_15G_combined_mapped Variance	GP5_S30_subsampled_depth_15G_combined_mapped RPKM	GP5_S30_subsampled_depth_15G_combined_mapped TPM	M1_S25_subsampled_depth_15G_combined_mapped Mean	M1_S25_subsampled_depth_15G_combined_mapped Trimmed Mean	M1_S25_subsampled_depth_15G_combined_mapped Covered Bases	M1_S25_subsampled_depth_15G_combined_mapped Variance	M1_S25_subsampled_depth_15G_combined_mapped RPKM	M1_S25_subsampled_depth_15G_combined_mapped TPM	M2_S26_subsampled_depth_15G_combined_mapped Mean	M2_S26_subsampled_depth_15G_combined_mapped Trimmed Mean	M2_S26_subsampled_depth_15G_combined_mapped Covered Bases	M2_S26_subsampled_depth_15G_combined_mapped Variance	M2_S26_subsampled_depth_15G_combined_mapped RPKM	M2_S26_subsampled_depth_15G_combined_mapped TPM	M3_S27_subsampled_depth_15G_combined_mapped Mean	M3_S27_subsampled_depth_15G_combined_mapped Trimmed Mean	M3_S27_subsampled_depth_15G_combined_mapped Covered Bases	M3_S27_subsampled_depth_15G_combined_mapped Variance	M3_S27_subsampled_depth_15G_combined_mapped RPKM	M3_S27_subsampled_depth_15G_combined_mapped TPM
F3_S19_subsampled_depth_15G_contig_120	15.624412	15.444719	37936	24.286503	1.4187042	45.830513	16.381676	16.249619	37936	23.516197	1.4859952	48.400944	16.892817	16.760498	37936	28.098385	1.5486394	50.511448	16.696077	16.527641	37930	25.036495	1.53395	52.471527	17.139603	16.99012	37936	23.469551	1.5636162	53.34416	17.362278	17.090508	37936	31.75747	1.5886034	54.01771	10.039671	9.787021	37882	23.582573	0.7689123	6.7755165	8.620865	8.427281	37880	16.6535	0.64028656	4.869357	9.668422	9.443249	37859	20.827007	0.7169446	5.623109	0	0	0	0	0	0	0	0	0	0	0	0	0	0	0	0	0	0
F3_S19_subsampled_depth_15G_contig_624	11118.896	11092.146	43261	1103093.5	1009.15674	32600.316	10765.584	10738.555	43261	1070304.3	976.61456	31809.725	10955.437	10928.244	43261	993324.2	1002.46136	32696.947	10120.066	10096.87	43261	806158.2	927.10596	31713.34	9515.654	9498.174	43261	713059.4	865.39233	29523.627	9869.339	9851.728	43261	794051.25	902.8527	30699.965	5413.102	5155.701	43261	6365644	411.95038	3630.0313	4600.8726	4376.7944	43261	4738166	339.9578	2585.3672	5292.023	5044.1226	43261	5527394	391.40494	3069.8513	19.980515	19.866112	43256	32.010136	36.222076	968.3568	22.611769	22.460993	43261	32.68511	39.309208	1044.1227	23.853008	23.749569	43261	29.500742	40.292263	1064.9915
F3_S19_subsampled_depth_15G_contig_679	340.19403	335.5234	40697	18507.828	30.87141	997.2856	337.80914	332.83014	40697	18820.252	30.647379	998.2286	341.57004	336.13754	40697	18995.79	31.247866	1019.201	490.4642	487.0886	40697	34535.445	44.926807	1536.8027	506.4843	503.40097	40697	35599.4	46.063187	1571.4865	505.97205	502.52722	40697	37112.984	46.296623	1574.2374	197.75854	186.04393	40697	12025.236	15.048607	132.6055	168.75093	158.24388	40697	8958.254	12.470387	94.83686	191.38713	180.24248	40697	10698.214	14.16169	111.07237	16.616617	16.228235	40601	59.08198	31.282248	836.29614	13.577034	13.268161	40498	40.244328	23.852795	633.57275	19.835402	19.69701	40508	68.80008	33.707497	890.94476
F3_S19_subsampled_depth_15G_contig_695	3942.1208	3924.1619	42821	493383.03	358.11823	11568.832	3940.7556	3921.778	42821	505080.1	357.82782	11654.959	3738.4368	3722.5566	42821	411411.84	342.35535	11166.492	3519.331	3497.7166	42821	369926.78	322.5911	11034.814	3568.599	3545.9875	42821	353228.13	324.72638	11078.326	3616.5781	3592.8118	42821	402661.94	331.0744	11257.614	151.53378	139.14275	42821	11952.085	11.519601	101.50861	142.38815	130.8174	42821	10456.586	10.509644	79.92548	191.53601	176.53223	42821	18246.797	14.150869	110.98745	6.180099	5.87374	42155	14.528355	12.196088	326.04886	6.551639	6.2683764	42350	15.5985	11.88767	315.7577	7.73066	7.430361	42712	19.354336	13.5806055	358.95795
F3_S19_subsampled_depth_15G_contig_814	5.9407916	5.6913366	20825	13.037463	0.5378183	17.373945	5.5692596	5.2587934	20127	16.81278	0.50702494	16.51452	5.514253	5.2530637	20179	16.299374	0.50682443	16.530924	5.660794	5.424585	20788	13.283079	0.51969355	17.777071	6.3469896	5.9007907	20877	19.747559	0.58192027	19.852722	6.385045	6.0602155	20447	20.022873	0.58436656	19.870377	0	0	0	0	0	0	0	0	0	0	0	0	0	0	0	0	0	0	4.1675024	3.9723592	20459	7.7289853	7.582623	202.71301	4.775868	4.551435	20714	8.735361	8.494991	225.64206	5.504035	5.4450636	20299	9.049345	9.3783865	247.8862
F3_S19_subsampled_depth_15G_contig_996	25.264723	25.167013	34877	40.551487	2.3254938	75.12394	24.710743	24.657335	34877	38.37548	2.2805848	74.28187	23.195986	22.9689	34877	41.00904	2.158286	70.396095	21.842802	21.647192	34877	32.03833	2.0366268	69.66652	22.136522	21.948616	34877	28.04295	2.0487654	69.89545	22.306995	22.120012	34877	38.254707	2.0750265	70.55774	2.3298874	2.0994081	26435	5.5084033	0.17753685	1.5644218	0	0	0	0	0	0	2.6803064	2.4595106	28927	5.744363	0.2032256	1.5939298	35.042877	16.671028	34057	8923.079	72.48868	1937.9034	36.909668	16.938633	34440	10568.52	74.59678	1981.4232	38.111874	18.0996	34871	10307.574	73.61088	1945.6571
F3_S19_subsampled_depth_15G_contig_1727	172.75069	173.81918	33272	477.8342	15.72509	507.9913	182.80644	184.21835	33277	458.4986	16.633854	541.78815	187.90047	189.1566	33275	442.67535	17.257063	562.8678	185.36557	186.40372	33275	491.26367	17.038649	582.83795	190.97069	192.37605	33277	467.11923	17.437124	594.88293	185.0851	186.14758	33276	474.20782	16.983217	577.4852	112.594986	105.065704	33275	2591.0684	8.623783	75.99121	98.022	93.13929	33277	1547.2906	7.282334	55.381878	104.61005	98.725075	33277	1812.8619	7.782888	61.04243	0	0	0	0	0	0	0	0	0	0	0	0	0	0	0	0	0	0
F3_S19_subsampled_depth_15G_contig_1753	25091.428	24470.475	95571	20020416	2280.004	73654.414	26021.746	25357.563	95571	22768188	2363.509	76982.84	26074.73	25334.992	95571	25354166	2388.901	77917.96	26956.143	26108.793	95571	33564664	2472.4102	84573.3	28209.822	27412.598	95571	31414720	2568.9316	87641.375	26768	25955.426	95571	31396070	2451.7969	83369.14	13306.895	13114.895	95571	11988091	1014.33954	8938.175	11685.095	11504.765	95571	8984177	864.9347	6577.7964	12912.666	12715.527	95571	10382117	956.6695	7503.3086	49.036827	48.161285	95571	150.01785	89.8402	2401.7766	51.33653	50.146603	95571	162.12564	89.36506	2373.6953	52.39658	51.318996	95571	152.78004	88.41474	2336.9482
F3_S19_subsampled_depth_15G_contig_2740	7606.547	7822.9297	13772	3926299.8	685.71136	22151.564	6894.9336	7081.4453	13772	3304263.5	621.1712	20232.428	7799.0884	8023.031	13766	3774341.5	708.7338	23116.535	7585.3696	7802.5903	13769	3617538	690.1413	23607.541	7927.5195	8153.2783	13757	3755663.8	716.2723	24436.262	8122.0303	8358.578	13772	3971065	737.9978	25094.354	7299.245	7041.0806	13644	32490724	552.0406	4864.4814	6248.2183	6022.151	13634	23941948	458.9058	3489.9617	7316.9995	7078.9414	13752	30788968	537.90356	4218.8604	11.258626	11.057014	13539	25.382416	20.556902	549.5658	11.740566	11.714355	13548	24.49153	20.247475	537.80927	14.175084	14.155057	13327	34.688164	23.718693	626.92426
F3_S19_subsampled_depth_15G_contig_2855	38.75789	36.57687	23218	727.6615	3.55867	114.96105	36.729927	34.597054	23205	642.7632	3.3733647	109.87523	37.8038	36.059967	23205	655.43195	3.502893	114.2527	51.74389	49.827713	23205	1466.62	4.7878895	163.77841	52.175827	50.01941	23205	1563.6096	4.7933474	163.52931	51.104385	49.024662	23205	1321.4773	4.7245035	160.64865	29.997269	29.771505	22933	206.31049	2.2759306	20.05508	25.340471	25.286871	23001	126.20336	1.8681216	14.207002	28.209122	28.157932	23132	183.58165	2.0772147	16.291918	0	0	0	0	0	0	0	0	0	0	0	0	0	0	0	0	0	0
F3_S19_subsampled_depth_15G_contig_2952	4.1605463	3.9890325	10731	6.215803	0.37610382	12.149854	3.72172	3.643604	10485	4.4022055	0.34103018	11.107835	3.4527588	3.3815088	10557	3.9822195	0.32012215	10.441317	2.393615	2.298893	9533	3.03708	0.22490522	7.693292	3.2223659	3.0713408	10574	4.6883917	0.2992171	10.2080555	3.9725964	3.7730627	10374	7.1694064	0.36514094	12.415995	0	0	0	0	0	0	0	0	0	0	0	0	0	0	0	0	0	0	0	0	0	0	0	0	0	0	0	0	0	0	0	0	0	0	0	0
F3_S19_subsampled_depth_15G_contig_3199	125.540245	123.240295	43134	1163.3712	11.39208	368.01556	119.53441	117.28602	43134	979.25525	10.848518	353.3517	123.59376	121.22311	43134	1219.221	11.309623	368.88223	113.60874	112.03123	43134	866.93994	10.404527	355.90576	110.448845	108.47304	43134	821.6938	10.042046	342.59323	114.266426	112.3981	43134	951.66144	10.453955	355.4689	54.107273	51.677067	43134	721.05994	4.1180525	36.287502	43.3348	41.678047	43134	454.95465	3.203891	24.365482	49.54446	47.708164	43134	484.89896	3.6639612	28.73703	136.1543	135.61191	43134	339.7838	247.51103	6616.931	144.9815	144.89072	43134	252.27872	252.55981	6708.4404	127.8891	127.487854	43134	234.3185	216.12451	5712.5293
F3_S19_subsampled_depth_15G_contig_3444	52.81479	47.202065	18448	8785.735	6.4289336	207.68355	53.31845	47.591377	18448	9398.091	6.5778217	214.24895	57.94759	51.87043	18448	10698.71	7.1662464	233.73904	66.17417	59.57043	18448	13277.988	8.181171	279.85175	64.80326	57.901577	18448	14694.254	8.045877	274.4923	65.8214	58.681725	18448	14810.794	8.21063	279.1885	0	0	0	0	0	0	0	0	0	0	0	0	0	0	13843	0	0.20503204	1.6080989	4.5720296	3.9303582	17067	89.15328	13.339208	356.60873	2.96792	2.537887	16897	34.903873	7.1890144	190.953	5.043502	4.456952	17691	86.775505	11.479134	303.41257
F3_S19_subsampled_depth_15G_contig_3671	3.3034742	3.1896791	2469	4.690528	0.29103854	9.401851	0	0	0	0	0	0	0	0	0	0	0	0	3.285475	3.172013	2349	4.4636965	0.30450225	10.416055	1.6362494	1.5620642	1983	1.8831244	0.16726027	5.7062316	2.4805357	2.3277545	2056	5.9758563	0.24979363	8.493799	0	0	0	0	0	0	0	0	0	0	0	0	0	0	0	0	0	0	26.592299	26.495583	2528	190.81696	50.435234	1348.3298	30.625784	30.732683	2513	227.48807	53.779716	1428.485	31.658016	32.25151	2515	133.99738	52.94014	1399.2955
F3_S19_subsampled_depth_15G_contig_4300	44.09654	43.483395	19987	161.68018	4.09903	132.41707	43.378384	42.693253	19987	167.83687	4.0274816	131.18076	41.48233	40.5613	19987	160.90099	3.8710785	126.2617	37.15975	36.508373	19966	138.15497	3.484807	119.204185	38.086555	37.287594	19969	154.23322	3.538737	120.727165	39.394466	38.75133	19987	157.42499	3.6919405	125.53806	0	0	0	0	0	0	0	0	0	0	0	0	0	0	0	0	0	0	7.448253	7.0476055	19879	21.923277	15.695661	419.60593	7.0783887	6.6189303	19879	21.608543	13.3625345	354.9328	8.470283	8.034892	19926	26.596579	15.505847	409.84512
F3_S19_subsampled_depth_15G_contig_4412	186.4441	185.69504	45076	563.96356	16.933424	547.0259	191.93858	190.93481	45076	640.8918	17.418798	567.355	193.0375	191.80177	45076	787.63666	17.667105	576.24225	185.00436	183.65536	45076	698.70514	16.960606	580.16833	196.0132	194.98323	45076	760.8044	17.827196	608.1907	187.94902	186.4592	45076	784.0363	17.197697	584.7783	113.18666	107.97156	45076	2521.6257	8.617942	75.9397	99.27156	96.11696	45076	1498.9246	7.3468056	55.872166	112.36257	108.2372	45076	1992.5476	8.321344	65.26564	127.21172	126.28763	45076	446.02194	233.17955	6233.7935	135.80771	135.14795	45076	265.85394	237.97641	6321.08	124.35432	123.78123	45076	266.6476	211.40437	5587.766
F3_S19_subsampled_depth_15G_contig_4657	146.84825	123.54668	54966	20078.645	13.346116	431.13974	147.85703	124.56904	54966	19453.48	13.423018	437.20667	144.07285	120.56944	54966	20167.766	13.194338	430.35535	129.65837	110.299355	54966	13550.083	11.891984	406.787	131.45006	112.49761	54966	13781.134	11.971994	408.43518	129.68146	109.99791	54966	13814.778	11.873633	403.74258	104.18389	101.38775	54966	1726.3146	7.9436297	69.99777	79.69655	77.92711	54966	880.3777	5.890695	44.79853	98.24112	96.28681	54966	1250.993	7.2761235	57.067787	0	0	0	0	0	0	0	0	0	0	0	0	0	0	0	0	0	0
F3_S19_subsampled_depth_15G_contig_4666	3.9677582	3.6905105	9514	11.56355	0.41712716	13.475083	3.4898367	3.1666481	9434	15.85577	0.3845	12.523714	3.8556123	3.6471243	9438	11.774864	0.41775638	13.625825	4.547912	4.244521	9697	18.789488	0.5039152	17.237326	4.5286875	4.207921	9568	20.507565	0.5027213	17.15078	4.0518675	3.781622	9689	15.342392	0.45427957	15.447005	0	0	0	0	0	0	0	0	0	0	0	0	0	0	0	0	0	0	0	0	0	0	0	0	0	0	0	0	0	0	0	0	0	0	0	0
F3_S19_subsampled_depth_15G_contig_4995	32.97144	32.7048	34951	80.05661	2.9877295	96.51709	34.10793	33.747902	34951	81.58511	3.091992	100.71051	32.127926	31.876791	34951	71.60055	2.9347692	95.722435	29.383007	29.048817	34951	66.772385	2.6888173	91.97586	29.723743	29.482616	34949	61.927586	2.696638	91.99823	29.4849	29.07819	34951	73.77624	2.6943083	91.61536	4.587282	4.41991	33422	8.872332	0.34779662	3.0647187	4.068906	3.930845	33553	6.6269183	0.30074188	2.2871304	5.592253	5.370965	34212	11.908046	0.41320738	3.2408493	0	0	0	0	0	0	0	0	0	0	0	0	0	0	0	0	0	0
F3_S19_subsampled_depth_15G_contig_5188	4.9525557	4.8361034	14510	7.670049	0.4483855	14.484876	4.2550907	4.1536627	14105	5.616368	0.38436958	12.519463	3.7242	3.608264	14453	4.0534573	0.34513682	11.257211	4.8425684	4.762773	14112	7.078836	0.4485881	15.3447695	3.9069815	3.7843952	14158	5.3145447	0.35402945	12.078031	4.215404	4.1839795	14211	4.1920133	0.3865572	13.1442175	2.2936695	2.187596	12582	2.893319	0.17431585	1.53604	1.6998892	1.6333487	11579	1.8044345	0.12679671	0.96428484	2.4241586	2.3173285	12901	3.05593	0.18096636	1.419348	0	0	0	0	0	0	0	0	0	0	0	0	0	0	0	0	0	0
F3_S19_subsampled_depth_15G_contig_5386	11.760024	11.556866	11647	31.072102	1.1032424	35.639706	11.300078	11.07508	11622	28.035557	1.0438752	34.000515	10.833609	10.518988	11647	34.79372	1.0197254	33.260056	12.191442	11.772152	11647	43.780064	1.1521721	39.412144	13.115161	12.746352	11647	41.894356	1.2244201	41.772156	12.403757	12.004059	11638	45.64367	1.162475	39.52797	0	0	0	0	0	0	0	0	0	0	0	0	0	0	0	0	0	0	8.242933	4.658518	9310	364.18115	16.094625	430.27182	8.838392	5.0855155	9996	401.83154	16.91187	449.2095	8.6907015	4.9760365	9756	385.81262	16.200588	428.20825
F3_S19_subsampled_depth_15G_contig_5667	500.45593	497.46378	37683	4442.233	45.403744	1466.7456	477.49957	475.31665	37683	3483.9858	43.305157	1410.5104	487.28894	484.1156	37683	4382.639	44.54694	1452.973	430.64127	428.26794	37683	4079.9063	39.41663	1348.3176	406.64523	404.62558	37683	2934.2258	36.96878	1261.2229	421.58908	419.50577	37683	3584.9446	38.54491	1310.6534	204.45674	197.73906	37683	6652.31	15.545949	136.9881	161.54195	157.18013	37683	3968.2795	11.943788	90.83204	192.71492	186.16205	37683	6041.1875	14.252368	111.78351	2.6744466	2.5225718	32083	4.570848	5.022267	134.26472	2.2295046	2.116397	32136	2.8274286	3.9012296	103.62359	3.0213413	2.9001806	34503	4.4250746	5.1082034	135.0182
F3_S19_subsampled_depth_15G_contig_5754	1186.3378	1105.8839	69166	584493.6	107.87624	3484.8896	1162.459	1088.8901	69109	519356.44	105.67823	3442.0894	1187.3242	1104.8263	69110	585583.94	108.87903	3551.2717	1261.8655	1129.4537	69079	983388.4	115.79718	3961.0537	1210.7511	1084.088	69149	898520.2	110.319916	3763.6611	1258.5468	1129.8574	69087	952302.6	115.342125	3922.0117	15697.376	6283.734	69100	2502440200	1199.0239	10565.58	15326.826	6078.3022	69108	2412279600	1136.7383	8644.854	11543.349	4708.8237	69100	1322396000	856.9351	6721.078	25.831884	26.178017	63034	127.53936	48.287857	1290.922	20.599743	20.808525	63180	87.119026	35.991962	956.011	26.147078	26.634825	62511	122.09798	44.402847	1173.6404
F3_S19_subsampled_depth_15G_contig_5895	17.80118	17.687462	16336	60.432995	1.6343327	52.79629	18.59984	18.395422	16355	69.9607	1.7158614	55.888046	16.726154	16.625214	16389	46.810795	1.5491179	50.527058	20.010332	19.852613	16369	76.00766	1.8575015	63.53925	19.475985	19.35381	16256	78.79333	1.7930526	61.171574	20.957935	20.905638	16373	70.747696	1.9365205	65.84806	0	0	0	0	0	0	1.9143349	1.7819611	12715	2.9164617	0.1424081	1.0830089	2.022631	1.8834984	13356	3.014494	0.15140131	1.1874646	6.734887	6.496754	16052	18.400127	13.16169	351.863	6.815694	6.653092	15442	18.976421	12.35314	328.12134	7.946006	7.786266	16152	21.895853	13.846655	365.98993
F3_S19_subsampled_depth_15G_contig_6004	234.60349	231.86484	11065	1548.5872	21.850199	705.85974	243.05754	240.9031	11065	1210.0106	22.624512	736.9126	229.80394	226.4862	11065	1345.1919	21.62555	705.3534	223.24187	221.52774	11065	1239.7838	20.996468	718.22235	233.78159	231.19156	11065	1239.5968	21.776272	742.9168	219.53377	217.66585	11065	1170.3694	20.595928	700.3293	155.38058	154.77496	11065	607.1545	12.126686	106.85811	133.53789	132.91847	11065	511.59097	10.087118	76.71214	177.32167	176.05038	11065	921.713	13.445941	105.45859	0	0	0	0	0	0	0	0	0	0	0	0	1.5306458	1.3858525	8652	2.0306487	2.6816764	70.88113
F3_S19_subsampled_depth_15G_contig_6120	51.205017	50.843666	38883	135.33626	4.6543107	150.35518	47.591564	47.33639	38883	131.38293	4.3272514	140.94475	47.50843	46.932045	38883	144.48177	4.3482914	141.82669	48.448532	48.18617	38883	127.4006	4.4421926	151.95322	47.794567	47.49072	38883	117.65677	4.3528805	148.50247	49.621952	48.939358	38883	153.4478	4.5401697	154.38074	25.149046	22.400965	38883	486.903	1.9270788	16.981062	19.662355	17.714838	38864	257.5396	1.4579002	11.087282	23.103916	21.018015	38866	314.70563	1.7139053	13.44243	6.6401777	6.3702707	38471	13.745847	12.657548	338.38528	5.826582	5.7009554	38468	8.590523	10.313192	273.93686	7.146671	7.0033274	38805	11.259266	12.418784	328.249
F3_S19_subsampled_depth_15G_contig_6181	6.156989	6.0187063	26607	8.873695	0.5585076	18.04232	5.9014516	5.852968	26671	6.9319553	0.536296	17.467913	5.9674873	5.8782425	26620	7.830686	0.5460581	17.810602	6.4117403	6.348063	26673	7.2832623	0.58504856	20.012648	5.727776	5.631485	26475	7.510357	0.5229308	17.84025	6.051519	5.9688644	26633	7.1591296	0.55451715	18.85541	3.0911403	2.9652061	24660	4.714782	0.23546362	2.0748615	3.3673675	3.233289	24600	5.4701166	0.25013763	1.9022886	3.6180036	3.4887347	25275	5.641404	0.2678332	2.1006572	2.9854085	2.8677254	24471	4.0986385	5.5392256	148.08499	2.6094358	2.4716911	23536	3.807083	4.6520205	123.565956	3.375711	3.2766047	25124	4.7764854	5.887888	155.62657
F3_S19_subsampled_depth_15G_contig_6386	15.641878	14.864277	67032	96.34743	1.4343624	46.336353	15.800595	15.009782	67049	97.60825	1.4526821	47.315914	15.088178	14.268688	67040	92.43435	1.3979491	45.596443	17.384325	16.400227	67049	93.145836	1.611023	55.107967	17.901388	16.99241	67049	96.64986	1.6449448	56.118774	18.902569	17.806646	67033	120.72824	1.7499412	59.503754	0	0	0	0	0	0	0	0	0	0	0	0	0	0	0	0	0	0	0	0	0	0	0	0	0	0	0	0	0	0	0	0	0	0	0	0
F3_S19_subsampled_depth_15G_contig_6575	42.072018	41.786583	40779	74.76863	3.8463008	124.252884	42.000492	41.64796	40779	71.79807	3.838311	125.01919	41.06734	40.702	40779	79.104065	3.7892497	123.59272	42.67489	41.989223	40779	124.91533	3.9455142	134.9635	44.175392	43.792408	40779	95.93596	4.0530744	138.27426	43.57565	43.111492	40779	97.94181	4.0126123	136.44206	20.683083	20.493696	40547	105.505905	1.5776994	13.902404	17.76219	17.591627	40202	88.85675	1.3140641	9.993415	20.347116	20.201082	40303	115.0987	1.5099108	11.842466	0	0	0	0	0	0	0	0	0	0	0	0	0	0	0	0	0	0
F3_S19_subsampled_depth_15G_contig_6788	36.71586	35.020664	13323	642.01904	3.6113224	116.66201	38.302666	36.969387	13323	672.05646	3.75391	122.27018	42.835724	40.983807	13323	946.01794	4.2501607	138.62613	43.774464	42.166317	13323	909.3801	4.3470545	148.6989	44.991726	42.90512	13323	1062.4386	4.4388843	151.43648	44.793518	42.837986	13323	902.44366	4.411634	150.01013	1.6162605	1.5352113	10304	1.8452168	0.13180943	1.1614802	0	0	0	0	0	0	2.491308	2.2907987	11384	4.5773044	0.19814886	1.5541122	0	0	0	0	0	0	3.1783192	2.8633718	10346	11.353487	5.85093	155.41122	4.1875806	3.718141	11107	22.884718	8.033084	212.32758
F3_S19_subsampled_depth_15G_contig_6986	28.025402	27.452179	10779	116.16758	2.6126807	84.40139	28.731207	28.122818	10619	124.99144	2.6847146	87.444916	27.172077	26.735863	10744	103.71119	2.5492067	83.14661	25.321384	24.729174	10616	103.60524	2.3771942	81.31624	25.023804	24.518972	10766	98.93296	2.3372064	79.73584	24.38997	23.353403	10618	124.326965	2.2857687	77.723656	0	0	0	0	0	0	0	0	0	0	0	0	0	0	0	0	0	0	6.448208	6.338246	10677	11.722876	12.834271	343.10986	6.6274343	6.418313	10759	11.5702505	12.061147	320.36578	6.988522	6.8016095	10683	14.188618	12.49361	330.2268
F3_S19_subsampled_depth_15G_contig_7189	45.74323	41.05168	18532	840.1468	4.42381	142.90894	42.570667	37.62929	18532	891.1082	4.1068025	133.76437	45.71075	40.961075	18532	815.2136	4.464557	145.61893	39.063213	34.73634	18532	667.3176	3.8150272	130.49997	33.677944	30.02974	18532	506.31168	3.267336	111.46808	37.68453	33.90057	18532	567.566	3.660404	124.46576	0	0	0	0	0	0	0	0	0	0	0	0	0	0	0	0	0	0	7.403819	3.8814676	17564	591.76825	16.317455	436.22876	7.3355455	3.3945842	16857	821.1019	15.583231	413.91843	9.478076	4.9970984	18449	1141.085	19.227638	508.2183
F3_S19_subsampled_depth_15G_contig_8062	3.3029323	3.2081642	16125	4.493459	0.30508724	9.855696	3.218853	3.0883162	15276	5.1652546	0.29692388	9.671228	3.4378827	3.3278818	15877	4.9064636	0.31800395	10.372231	3.2832077	3.1157267	15798	5.1406574	0.3045778	10.418637	2.4200423	2.3074708	14709	3.1136675	0.22386855	7.6374707	2.9551342	2.8449562	15758	4.7437916	0.28164074	9.576713	0	0	0	0	0	0	0	0	0	0	0	0	0	0	0	0	0	0	0	0	0	0	0	0	0	0	0	0	0	0	0	0	0	0	0	0
F3_S19_subsampled_depth_15G_contig_9059	4.3508606	4.17615	26995	6.7928734	0.39835912	12.868797	4.6555634	4.551626	27130	6.3452682	0.42806715	13.942755	4.6371937	4.3822927	27355	9.035359	0.42978218	14.018057	4.6541195	4.513012	27410	6.89386	0.43114054	14.747945	4.8353605	4.665023	27521	7.228413	0.44305032	15.115057	4.83832	4.652111	27087	9.125368	0.45036232	15.313807	1.9522177	1.8248526	21739	2.8371854	0.14858292	1.3092854	0	0	0	0	0	0	0	0	0	0	0	0	2.7377748	2.6300573	24510	3.8830183	5.094962	136.20804	2.23505	2.140102	24213	2.6254551	3.8966668	103.5025	3.2617922	3.1169252	26338	4.862169	5.534902	146.29666
F3_S19_subsampled_depth_15G_contig_9427	78.205734	78.011475	31030	210.16522	7.2090116	232.88353	72.72704	72.63205	31030	165.18839	6.689941	217.90096	74.607315	74.4619	31030	162.6865	6.9228463	225.80026	76.72503	76.60021	31030	199.10982	7.1360955	244.10313	71.36418	71.21585	31030	142.50487	6.5935187	224.94377	76.19297	76.043144	31030	188.19211	7.0719366	240.46906	0	0	0	0	0	0	0	0	0	0	0	0	0	0	0	0	0	0	2.7009716	2.5376008	26837	4.725048	5.0052133	133.80878	3.1935556	3.1239564	29369	3.7703972	5.6312575	149.5763	3.3266516	3.2103844	29574	4.491405	5.688521	150.35704
F3_S19_subsampled_depth_15G_contig_9586	2.6546357	2.5479732	16354	3.5016375	0.23998073	7.752464	2.067388	1.9618818	15256	2.485612	0.18612027	6.0622034	2.1050987	1.9974588	15449	2.6719108	0.19154269	6.247484	2.3522816	2.272592	15702	2.5651512	0.21538326	7.3675723	2.8137343	2.7052188	17331	2.8490412	0.25388455	8.661498	2.4842687	2.3423207	16169	3.549292	0.22653763	7.7030272	2.3723085	2.1198092	14161	5.842857	0.18042283	1.5898521	1.8856968	1.675468	0	3.743866	0	0	2.51813	2.3458536	14588	4.658723	0.18531957	1.4534905	0	0	0	0	0	0	0	0	0	0	0	0	0	0	0	0	0	0
F3_S19_subsampled_depth_15G_contig_11587	228.26521	223.35277	32249	2787.639	20.71534	669.1986	222.52179	217.20985	32249	2619.3743	20.191576	657.6683	220.61806	215.06833	32249	2946.6917	20.184534	658.3523	195.96022	191.0408	32238	2484.1284	17.949957	614.011	192.54488	187.40936	32249	2346.478	17.504452	597.1799	198.8138	193.37956	32249	2480.974	18.189404	618.4995	9.3484535	8.846388	31297	46.67093	0.7082596	6.241053	9.286302	8.812814	31208	46.452824	0.68347734	5.1978183	13.527524	12.996019	31864	86.226074	0.9981545	7.828684	0	0	0	0	0	0	0	0	0	0	0	0	0	0	0	0	0	0
F3_S19_subsampled_depth_15G_contig_12099	6.8020163	6.647524	10230	10.234128	0.6264317	20.23656	5.4177127	5.420446	9859	5.870774	0.49152288	16.009598	6.8247504	6.5669265	9616	18.959696	0.63818157	20.815357	8.098448	7.8431973	10202	20.955313	0.7543701	25.804604	7.056934	6.8834963	10099	18.90087	0.6538021	22.305037	8.107047	7.934995	10079	15.564953	0.7520222	25.571215	0	0	0	0	0	0	0	0	0	0	0	0	0	0	0	0	0	0	0	0	0	0	0	0	0	0	0	0	0	0	0	0	0	0	0	0
F3_S19_subsampled_depth_15G_contig_12640	137.33089	112.851715	56826	22377.1	12.481602	403.21198	137.67456	112.84732	56826	21811.596	12.506663	407.35977	140.72633	115.09118	56826	24084.113	12.888937	420.39417	145.75471	120.058556	56826	23186.488	13.3732195	457.45514	149.34996	126.87089	56826	19196.09	13.613576	464.43927	146.11478	122.102585	56826	21551.676	13.386944	455.2	75.464005	73.15383	56826	1071.3524	5.7507772	50.67477	66.11005	64.62494	56826	722.41064	4.904004	37.29478	72.57158	70.01098	56826	1030.3317	5.3772426	42.174564	228.34207	214.24187	56826	7093.566	422.38785	11292.065	229.28383	214.1058	56826	6565.8726	400.87314	10647.909	302.89203	280.7532	56826	13386.054	513.7112	13578.232
F3_S19_subsampled_depth_15G_contig_12651	13.842608	13.731883	20634	18.198433	1.2607185	40.726906	13.686536	13.567694	20634	18.060257	1.2440612	40.520836	14.742628	14.691745	20634	16.874043	1.3497306	44.02373	12.953329	12.854903	20634	14.393076	1.1896343	40.693596	13.664324	13.535366	20634	18.290583	1.249482	42.627167	13.474761	13.397483	20634	15.108041	1.2361596	42.033504	7.384251	7.331688	20584	9.6616955	0.55982697	4.933093	5.8951864	5.7420807	20007	12.032222	0.43426254	3.3025513	6.7898846	6.697386	20328	11.677763	0.50101316	3.9295256	0	0	0	0	0	0	0	0	0	0	0	0	0	0	0	0	0	0
F3_S19_subsampled_depth_15G_contig_12889	7.0381856	6.6576166	21600	24.552237	0.648944	20.963814	6.2683377	5.906377	21824	19.206352	0.5848657	19.049908	5.635724	5.3997397	21751	13.494979	0.527526	17.206137	6.6040306	6.261634	21783	21.631346	0.6163851	21.084578	6.270637	6.0327606	21977	15.672695	0.58524	19.965979	6.6287365	6.3341684	21472	24.12992	0.615564	20.931192	0	0	0	0	0	0	0	0	0	0	0	0	0	0	0	0	0	0	31.751228	30.05971	22329	301.0964	58.437992	1562.2742	37.726524	35.69784	22328	478.89063	67.34337	1788.7604	35.49529	33.545258	22331	447.00443	61.271034	1619.4948
F3_S19_subsampled_depth_15G_contig_13152	8.748186	8.510575	16277	17.92747	0.8104423	26.180939	7.983878	7.720565	16266	15.937977	0.736862	24.000637	8.707571	8.585601	16194	13.62762	0.8042407	26.231647	9.312953	9.154254	16277	17.45377	0.86345273	29.535988	9.196999	9.120978	16274	10.678353	0.8433098	28.770264	9.849817	9.688736	16234	16.243597	0.91905516	31.250889	0	0	0	0	0	0	0	0	0	0	0	0	0	0	0	0	0	0	2.0274694	1.9001033	13829	2.6463368	3.744048	100.09292	3.1796367	3.1134	15662	3.3311791	5.6569066	150.25755	3.102561	2.9825008	14765	4.915438	5.34431	141.25894
F3_S19_subsampled_depth_15G_contig_13327	6.6536627	6.4543924	31598	15.52385	0.6087026	19.663841	6.7631855	6.560582	30332	21.95954	0.62208813	20.262283	6.9564753	6.763528	31227	17.971498	0.6460918	21.07336	6.128902	5.9554973	30708	16.452608	0.5681446	19.434418	6.2831173	6.074803	31154	16.059546	0.5788133	19.746735	6.321624	6.0646677	30733	19.083982	0.5903431	20.073603	0	0	0	0	0	0	0	0	0	0	0	0	0	0	0	0	0	0	0	0	0	0	0	0	0	0	0	0	0	0	0	0	0	0	0	0
F3_S19_subsampled_depth_15G_contig_13402	8.011513	7.8537803	14829	12.708888	0.72532076	23.431118	8.158389	7.957012	14829	13.296681	0.7451787	24.271532	7.126984	7.025808	14829	8.773628	0.65486985	21.359682	9.630697	9.549308	14829	9.904687	0.88725036	30.350008	9.654472	9.559828	14829	12.871747	0.8887037	30.31891	10.0681925	10.029668	14829	11.205665	0.9344163	31.773216	2.1116562	1.9712404	11900	3.274424	0.16533104	1.456867	0	0	0	0	0	0	0	0	0	0	0	0	0	0	0	0	0	0	0	0	0	0	0	0	0	0	0	0	0	0
F3_S19_subsampled_depth_15G_contig_13694	44.972908	39.4388	10669	1235.0258	4.590473	148.29301	42.85607	37.709156	10669	1077.2333	4.312144	140.4527	40.443863	35.674835	10669	915.2538	4.132161	134.77737	39.209145	34.342697	10669	879.7944	4.032171	137.92773	40.928036	36.409443	10669	891.76624	4.1319604	140.96544	41.1271	37.302883	10669	733.7012	4.1573205	141.36258	3.3449948	2.7052486	9326	18.94229	0.28964987	2.55234	2.9318376	2.0921955	8600	23.762514	0.2585014	1.9658937	4.1503944	3.4190516	9377	25.188065	0.35140637	2.756134	51.579617	47.115852	10669	839.1125	100.62367	2690.061	74.73401	67.62509	10669	2128.3228	143.55353	3813.039	74.10162	66.6705	10669	1982.428	137.63434	3637.9033
F3_S19_subsampled_depth_15G_contig_13778	4.2075896	3.9577162	26283	8.773746	0.38165876	12.329293	4.043594	3.7348466	25736	10.385507	0.36607528	11.923584	3.4633987	3.2490895	25425	7.000608	0.3187718	10.397277	3.496176	3.2924254	26131	6.193761	0.32154456	10.999018	4.007211	3.781986	25715	8.390232	0.36371633	12.408502	3.451198	3.1789675	26104	7.3820553	0.31462395	10.698246	4.8934374	4.436959	25990	18.071318	0.37173662	3.275676	3.910263	3.4584446	24891	14.455872	0.28925946	2.199808	6.191529	5.6501985	26647	26.682877	0.45601335	3.576584	2.9393983	2.7597313	23947	5.447979	5.420701	144.9164	2.9653652	2.784009	23694	5.536442	5.135409	136.40562	3.2202272	3.1204176	25852	4.441027	5.429057	143.49892
F3_S19_subsampled_depth_15G_contig_14295	6.5902915	6.3532906	35050	14.431765	0.602963	19.47843	6.2404366	6.0407667	34820	13.573511	0.5708678	18.593964	6.398738	6.1709614	35077	14.1109495	0.58711696	19.1498	5.227363	5.0936594	34602	9.387384	0.48212862	16.492077	5.2302904	5.0295253	34564	11.068439	0.4822773	16.453321	5.2796283	5.0952067	34433	11.434182	0.48889983	16.6242	0	0	0	0	0	0	0	0	0	0	0	0	0	0	0	0	0	0	0	0	0	0	0	0	0	0	0	0	0	0	0	0	0	0	0	0
F3_S19_subsampled_depth_15G_contig_14333	9.331098	9.222178	39806	11.432424	0.8463675	27.341473	9.142601	9.020509	39756	14.443992	0.8286854	26.99146	9.026629	8.934271	39731	12.297257	0.82648325	26.957119	9.820632	9.730164	39796	14.170546	0.899677	30.775078	10.035934	9.905637	39806	14.466416	0.913713	31.17213	9.79133	9.628908	39776	17.677576	0.89501476	30.433453	3.992208	3.7400258	37028	9.779413	0.30337182	2.673256	3.3080745	3.1721394	36489	5.3627357	0.243749	1.8537015	3.6735928	3.511067	36186	7.106922	0.27085346	2.124347	0	0	0	0	0	0	0	0	0	0	0	0	0	0	0	0	0	0
F3_S19_subsampled_depth_15G_contig_14410	221.44891	219.22052	10700	1321.6119	20.85242	673.62695	226.17184	222.7994	10700	1492.8251	21.379385	696.3567	208.82967	205.66965	10700	1146.1216	19.960228	651.036	200.01402	197.55244	10700	1081.5751	19.023775	650.74274	219.04541	216.35962	10700	1054.4779	20.61915	703.4405	198.00322	196.0118	10700	801.5626	18.851536	641.0142	156.50464	154.95862	10700	6229.5967	12.343195	108.765945	118.79744	117.26927	10700	3620.0344	9.027548	68.654175	161.42152	160.42334	10700	6147.229	12.323715	96.65682	0	0	0	0	0	0	0	0	0	0	0	0	1.5850236	1.5080034	8172	1.6789491	2.8442607	75.17848
F3_S19_subsampled_depth_15G_contig_14417	18.363134	18.144133	40953	37.095093	1.6723909	54.02575	17.327501	16.903494	40953	37.37681	1.5735497	51.25275	17.959782	17.618467	40953	40.955124	1.6464164	53.700592	16.812931	16.565422	40953	39.078796	1.5439916	52.815025	18.459967	18.265093	40953	35.7556	1.6835849	57.436993	17.087984	16.706396	40953	38.885494	1.5681946	53.32376	7.8477807	7.3148437	40671	29.776077	0.59838194	5.272834	5.996226	5.4577785	39938	24.057583	0.44382334	3.3752604	7.276475	6.8129783	40315	24.979076	0.5414317	4.246533	22.084625	17.039894	40953	14954.955	58.318172	1559.0713	21.456755	16.061787	40940	17723.111	57.79331	1535.0933	22.399162	16.777033	40945	18771.342	58.428947	1544.3735
F3_S19_subsampled_depth_15G_contig_14442	17.170607	17.12033	43274	28.170147	1.5587155	50.3535	16.857557	16.696775	43290	27.646896	1.5277758	49.761833	17.404219	17.209988	43290	30.188078	1.5948164	52.017582	15.622694	15.432777	43279	23.519367	1.4332126	49.025635	15.540055	15.4804	43275	26.13096	1.415168	48.279697	15.870167	15.738139	43287	28.05174	1.4526422	49.3946	9.84752	9.509401	43254	28.3948	0.7488883	6.5990677	8.211011	7.7896514	43139	25.821096	0.6061286	4.609586	8.899304	8.612245	43033	23.912203	0.6574848	5.1567535	3.7626565	3.1330037	38479	53.672146	7.995118	213.74059	3.814766	3.3254778	41276	23.541826	7.160469	190.19495	3.7651832	3.297893	40757	33.69256	6.883704	181.94765
F3_S19_subsampled_depth_15G_contig_14444	21605.514	21565.951	12604	6269105.5	1975.0391	63802.668	20844.379	20793.836	12604	6172016	1904.4355	62030.152	20056.125	20026.924	12604	5091273	1847.7114	60266.176	18302.469	18273.49	12604	4293813	1688.5594	57760.234	17116.258	17088.348	12604	3568553	1567.8121	53487.31	17911.334	17876.621	12604	4030573.3	1650.3905	56118.695	8372.796	8275.916	12604	7721905.5	642.13544	5658.3794	6431.222	6355.781	12604	4767843.5	479.156	3643.964	9315.216	9214.715	12604	9370514	694.3706	5446.0566	418.59067	418.0205	12604	2213.3706	760.07294	20319.701	506.40115	505.1504	12604	2980.3066	886.03076	23534.563	455.614	454.77432	12604	1830.7415	773.25476	20438.398
F3_S19_subsampled_depth_15G_contig_14459	12.720814	12.517731	40632	29.712124	1.1625779	37.556507	11.969271	11.746418	40590	28.460747	1.0912035	35.542023	12.735389	12.464182	40574	30.316532	1.1695404	38.14652	10.917346	10.7006645	40583	26.55857	1.0047275	34.368538	11.360135	11.179777	40595	23.780304	1.0417994	35.54192	11.00872	10.870588	40408	25.047256	1.0105149	34.360836	0	0	0	0	0	0	0	0	0	0	0	0	0	0	0	0	0	0	0	0	0	0	0	0	2.0816166	1.9424713	34103	3.0771558	3.6052098	95.76087	0	0	0	0	0	0
F3_S19_subsampled_depth_15G_contig_14479	24.068533	23.902153	42845	36.285896	2.1855757	70.60391	23.779388	23.579775	42845	37.158405	2.1577816	70.28199	24.615084	24.479715	42845	38.772404	2.2540011	73.517975	22.978756	22.915295	42845	31.320747	2.1093128	72.15289	23.163532	23.100529	42845	33.14187	2.1073902	71.89553	22.785221	22.613916	42845	34.07296	2.0884821	71.015236	8.844291	8.074973	42654	46.470154	0.6730951	5.931188	7.40178	6.7132487	41907	39.51576	0.5470195	4.160063	8.652114	8.116871	42571	34.074104	0.6394601	5.0153866	0	0	0	0	0	0	0	0	0	0	0	0	0	0	0	0	0	0
F3_S19_subsampled_depth_15G_contig_14490	17.713285	17.647314	12148	20.93887	1.599569	51.673306	15.425904	15.238055	12143	19.649048	1.3948498	45.43224	17.09835	17.033148	12148	22.608152	1.5579141	50.813953	18.489748	18.422316	12148	22.29843	1.6888037	57.768574	15.381897	14.979815	12148	31.01293	1.4005886	47.78234	16.351725	16.078981	12147	27.010065	1.4913404	50.7105	7.2605433	7.168148	12102	11.926946	0.5500733	4.847145	5.3680615	5.185278	11994	9.057483	0.40117618	3.0509312	6.763794	6.6537037	12022	10.8864355	0.4976321	3.9030042	0	0	0	0	0	0	0	0	0	0	0	0	0	0	0	0	0	0
F3_S19_subsampled_depth_15G_contig_14536	530.35376	529.7564	42987	15418.95	48.154617	1555.6107	515.7524	515.3632	42987	14675.285	46.79708	1524.2471	501.1696	500.51865	42987	14094.331	45.859447	1495.7822	502.77097	501.97763	42987	12236.724	46.0727	1576.0011	497.58447	498.77515	42987	11376.952	45.26104	1544.1202	511.99878	510.76727	42987	12954.093	46.84813	1592.99	0	0	0	0	0	0	0	0	0	0	0	0	6.0658774	4.9540396	33284	65.77132	0.4482077	3.5153632	87.50237	79.42612	42987	2468.3474	159.04948	4252.0103	127.97044	117.31042	42987	4154.075	225.03003	5977.2	99.52067	91.24853	42987	2381.3208	169.76576	4487.1904
F3_S19_subsampled_depth_15G_contig_14548	2.814485	2.7702854	9189	2.7530365	0.25770366	8.324988	3.064738	2.9690943	9123	4.195909	0.27799082	9.054555	2.4776452	2.3690717	8881	3.305671	0.22541219	7.352194	2.950536	2.7882671	9237	4.6580486	0.27375215	9.364196	3.0582643	2.9241402	9391	4.574652	0.2798253	9.546484	3.011228	2.9090807	8908	4.6806026	0.27338746	9.296074	0	0	0	0	0	0	0	0	0	0	0	0	0	0	0	0	0	0	2.3076067	2.1026073	7690	4.7934823	4.099461	109.59455	3.6834917	3.565408	9371	6.0927305	6.411876	170.31088	4.0009103	3.9538097	9682	5.0588756	6.6966424	177.00328
F3_S19_subsampled_depth_15G_contig_14553	12.318465	11.893162	57161	32.684723	1.1179863	36.115982	12.942765	12.723529	57161	23.606104	1.1742637	38.24742	13.56333	13.218705	57161	31.403158	1.2454555	40.6226	14.132939	13.574867	57161	40.676216	1.2969989	44.366222	14.630914	14.081327	57161	44.238194	1.3322651	45.451393	14.428233	13.904718	57161	39.243378	1.3208388	44.912876	4.8911963	4.527918	54057	15.323069	0.37325168	3.2890234	4.7383313	4.36918	53369	15.795867	0.34956184	2.6584063	4.7272105	4.351815	55001	13.719654	0.34929258	2.7395568	0	0	0	0	0	0	0	0	0	0	0	0	0	0	0	0	0	0
F3_S19_subsampled_depth_15G_contig_351|provirus_65567_80451	19.088158	18.04471	14674	310.65796	1.7494816	56.516106	16.928946	15.951142	14325	247.35187	1.561928	50.87422	17.018324	15.717032	14671	274.21658	1.580046	51.53585	15.628232	14.59632	14025	237.67459	1.4367055	49.145145	16.383984	15.470256	14676	193.29343	1.5075053	51.429897	16.365593	15.4266	14652	222.03853	1.5264921	51.905735	0	0	0	0	0	0	0	0	0	0	0	0	0	0	0	0	0	0	0	0	0	0	0	0	0	0	0	0	0	0	0	0	0	0	0	0
F3_S19_subsampled_depth_15G_contig_623|provirus_17236_70027	56.847347	56.744373	52792	81.13045	5.176419	167.22157	55.805477	55.63293	52792	76.77392	5.0865545	165.67627	54.522396	54.3169	52792	81.68515	5.011319	163.45245	55.620342	55.513172	52792	73.15545	5.1147156	174.95815	54.199005	54.079044	52792	83.03854	4.954241	169.0184	54.201645	54.03204	52792	78.10756	4.9812355	169.37839	52.703583	50.84231	52792	496.80576	4.031263	35.522743	37.996696	36.936024	52792	243.77264	2.8275638	21.503529	45.309658	43.69946	52792	371.13367	3.3705986	26.436125	0	0	0	0	0	0	0	0	0	0	0	0	0	0	0	0	0	0
F3_S19_subsampled_depth_15G_contig_1165|provirus_68890_79729	209.85463	207.47589	10840	1370.7288	19.65021	634.7902	199.48073	196.64104	10840	1200.4607	18.632998	606.9032	195.86081	193.5847	10840	1066.2097	18.40956	600.4585	178.9623	176.53368	10840	1007.7414	16.930077	579.1241	163.9189	162.2327	10840	755.7111	15.377428	524.6147	177.20374	175.1426	10840	888.2578	16.70147	567.90497	3.1179607	3.0134068	10037	4.1994815	0.24615823	2.169101	2.796071	2.5179796	9001	6.9899373	0.21763943	1.6551408	3.8395698	3.6441488	10233	7.328457	0.3018627	2.3675559	4.6034613	4.085949	10446	23.84115	10.081545	269.5189	4.5371375	4.1739764	10400	16.38804	8.397706	223.05812	6.0006547	5.496051	10782	27.288334	11.230106	296.83038
F3_S19_subsampled_depth_15G_contig_1696|provirus_156_12705	9.656129	9.425	12550	16.986506	0.88538414	28.601883	9.464839	9.380645	12550	11.756971	0.8783189	28.6081	8.554355	8.273477	12550	15.697989	0.80016917	26.098846	8.477016	8.228674	12550	14.26046	0.78875226	26.980703	7.969758	7.7428317	12539	12.881336	0.7378987	25.174072	8.527178	8.393548	12547	12.200404	0.7909972	26.896517	0	0	0	0	0	0	0	0	0	0	0	0	0	0	0	0	0	0	5.554597	5.4973116	12129	8.434476	11.596853	310.0289	4.9730644	4.7573476	12344	8.311396	8.879256	235.84879	7.234516	7.1188173	12379	14.538591	12.428059	328.4942
F3_S19_subsampled_depth_15G_contig_1718|provirus_1_14163	41.16385	40.88044	14163	172.01013	3.826127	123.60109	41.61015	41.402443	14163	106.35277	3.869234	126.0264	43.808964	43.31729	14163	140.18655	4.143205	135.1375	46.39078	46.21375	14163	134.9302	4.346577	148.68257	45.792908	45.322365	14163	120.416855	4.2800794	146.01874	46.874973	46.38611	14163	167.20946	4.4137983	150.0837	10.912867	10.814795	14053	38.50561	0.8606969	7.5843043	10.403054	10.285103	14107	32.616722	0.7867378	5.9831142	11.340184	11.214699	14163	34.249447	0.85444903	6.7015753	3.6072931	3.517165	13494	4.7818966	7.5527563	201.91443	3.1711268	3.0099103	13146	5.2113647	5.6886096	151.09962	3.6568186	3.4670577	13113	7.143066	6.464335	170.86304
F3_S19_subsampled_depth_15G_contig_2010|provirus_201_22580	18.077417	17.97356	22380	26.39282	1.6558005	53.489803	16.47283	16.376749	22380	24.4096	1.5044886	49.003338	18.702969	18.595062	22380	28.429697	1.7251904	56.269955	18.968555	18.878748	22380	24.34365	1.75134	59.907795	22.343319	22.294533	22380	33.428585	2.0560975	70.14559	20.042555	19.960316	22380	25.486504	1.8518896	62.970337	0	0	0	0	0	0	0	0	0	0	0	0	0	0	0	0	0	0	19.579847	19.506998	22380	35.678257	36.043076	963.5711	22.581331	22.591263	22380	28.259684	39.40119	1046.5662	19.347998	19.290134	22380	25.689753	32.863197	868.62854
F3_S19_subsampled_depth_15G_contig_3261|provirus_105707_121283	57.778053	57.64458	15577	125.45987	5.286738	170.78548	55.807026	55.657833	15577	99.22183	5.1185346	166.71791	57.29578	57.446453	15577	94.175674	5.3106103	173.21443	46.175083	46.189125	15577	100.85323	4.263995	145.8577	41.94665	41.897514	15577	69.365685	3.8590162	131.65375	46.016464	45.650414	15577	94.8111	4.26274	144.94722	0	0	0	0	0	0	0	0	0	0	0	0	0	0	0	0	0	0	3.4661307	3.275117	15021	7.253925	7.11477	190.20546	4.501264	4.347065	15255	7.5130763	8.564403	227.48575	5.6516495	5.5045733	15220	11.551016	10.371165	274.12686
F3_S19_subsampled_depth_15G_contig_4893|provirus_98_23875	68.48061	68.240715	23778	158.52779	6.2700553	202.55106	69.625656	69.37506	23778	166.86765	6.3497214	206.81941	76.79672	76.462425	23778	214.35985	7.0751605	230.76819	83.919716	83.69698	23778	201.65962	7.7332387	264.5296	84.47807	84.27721	23778	180.71104	7.744303	264.20386	83.98756	83.480064	23778	211.29065	7.744971	263.35434	0	0	0	0	0	0	0	0	0	0	0	0	0	0	0	0	0	0	7.8057814	7.662419	23638	12.860615	16.113073	430.76492	6.680887	6.563811	23762	9.145294	11.69415	310.61755	10.507618	10.41959	23778	14.424588	17.865343	472.21045
F3_S19_subsampled_depth_15G_contig_4897|provirus_53906_83299	597.32544	598.2298	29394	12859.454	54.495186	1760.4397	560.96924	561.94037	29394	11382.401	51.127724	1665.3026	561.7484	562.81604	29394	9800.673	51.632004	1684.0643	564.8315	565.5813	29394	8746.366	52.006317	1778.9707	523.2706	524.52057	29394	8849.578	47.782528	1630.1433	554.9365	555.5602	29394	10262.14	50.996567	1734.0509	6.280741	5.63959	28418	28.945427	0.4802747	4.232092	6.185337	5.532067	28426	29.176743	0.4638597	3.527638	8.217925	7.5232143	29327	39.5441	0.6120809	4.8006444	3.1667693	3.0601823	27870	4.112767	5.7386875	153.41733	3.8863015	3.7585487	27378	6.769243	6.8257027	181.30295	3.8547053	3.7590425	28337	5.099807	6.565954	173.5491
F3_S19_subsampled_depth_15G_contig_5175|provirus_201_14197	48.17354	47.946564	13997	83.76036	4.3916144	141.86891	44.796997	44.628662	13997	70.72815	4.0880632	133.15408	45.615875	45.57089	13997	68.98787	4.2140236	137.44742	39.17542	38.92546	13997	48.013794	3.620884	123.85892	35.024555	34.897617	13997	49.499313	3.1886725	108.78442	38.80039	38.690044	13997	57.851074	3.5697634	121.38371	0	0	0	0	0	0	0	0	0	0	0	0	0	0	0	0	0	0	3.592836	3.4869614	12936	5.453012	6.7054095	179.26164	4.1785946	4.0876193	13493	5.153932	7.2698483	193.10019	5.1791	5.067881	13817	7.474494	8.805889	232.75409
F3_S19_subsampled_depth_15G_contig_6095|provirus_2_39110	89.322235	88.10298	39109	682.7418	8.24502	266.35123	92.80421	91.46425	39109	780.6503	8.567774	279.06445	96.75554	95.71479	39109	820.56305	9.007854	293.80615	101.038345	99.0912	39109	904.72284	9.432458	322.65433	103.156624	101.81187	39109	780.9119	9.56093	326.17978	102.72741	101.33572	39109	762.14325	9.555974	324.93445	7.4782205	6.19846	37577	89.50119	0.56944704	5.01786	5.813496	4.817425	35396	56.58763	0.43019795	3.271639	6.397931	5.4783974	35709	54.855946	0.47364876	3.714901	7.8809004	7.5291886	38913	21.282137	16.42416	439.08154	6.087682	5.7401967	38790	14.830959	10.929141	290.29767	8.5255785	8.132468	39050	20.110382	14.804751	391.314
F3_S19_subsampled_depth_15G_contig_7013|provirus_71541_86886	77.74105	77.303185	15346	158.24706	7.1782756	231.89066	84.03422	83.47112	15346	197.86562	7.7559447	252.62204	86.78777	86.262245	15346	188.48318	8.038633	262.19354	93.85424	93.12721	15346	227.18617	8.752622	299.39935	93.68919	93.15507	15346	225.31241	8.686726	296.35547	95.278625	94.78857	15346	251.2612	8.8829155	302.0484	1.9399842	1.778842	12047	3.0755687	0.14712884	1.2964714	0	0	0	0	0	0	0	0	0	0	0	0	7.6537905	7.520544	15149	13.538372	15.968536	426.90085	6.1974864	6.0479603	15342	9.759415	10.89222	289.31677	7.7696104	7.618219	15346	11.078274	13.270652	350.76526
F3_S19_subsampled_depth_15G_contig_7273|provirus_73247_93598	17.32878	17.220823	20352	24.689583	1.588825	51.32622	18.103851	18.046255	20352	21.165203	1.6611251	54.1052	20.183496	20.100208	20352	32.235878	1.8794769	61.302273	20.55653	20.52992	20352	26.55314	1.8987203	64.94916	20.632263	20.579914	20352	32.269245	1.8894227	64.45933	22.141125	22.01672	20352	32.129547	2.0445528	69.5215	0	0	0	0	0	0	0	0	0	0	0	0	0	0	0	0	0	0	2.8577864	2.7214828	18327	4.433663	6.089861	162.80559	2.6324127	2.5426245	17861	3.567957	4.6270704	122.90324	2.88615	2.8021119	18050	3.7882352	4.9222302	130.10269
F3_S19_subsampled_depth_15G_contig_7707|provirus_52207_63756	45.45386	43.205067	11550	283.05078	4.246249	137.17294	46.06088	43.880993	11550	303.94965	4.287533	139.65105	52.115704	49.554775	11550	376.61392	4.8822846	159.24379	57.28816	54.894638	11550	341.45996	5.376537	183.91426	56.55974	54.15263	11550	342.83368	5.291076	180.50984	60.97193	58.277584	11550	475.08072	5.704811	193.98227	0	0	0	0	0	0	0	0	0	0	0	0	0	0	0	0	0	0	3.9198246	3.7873294	10914	6.435715	8.682605	232.11966	2.5286841	2.3854775	9966	3.9040816	4.5295877	120.313965	4.463333	4.363548	11421	5.863907	7.707207	203.71419
F3_S19_subsampled_depth_15G_contig_9022|provirus_160391_185533	67.23242	66.2397	25140	908.1392	6.125045	197.86653	63.46941	61.97306	25140	955.0072	5.7879696	188.52235	62.772457	61.709892	25142	803.6176	5.775396	188.37408	62.773018	60.675797	25143	922.932	5.77484	197.53885	60.90465	59.331406	25143	867.3449	5.567819	189.95114	59.77842	58.434765	25143	793.33496	5.490771	186.70418	15.92762	14.17835	24980	213.14775	1.2231836	10.778473	14.210459	12.941631	25012	151.24603	1.0541755	8.016965	17.184893	15.606668	25098	247.20299	1.276286	10.010108	0	0	0	0	0	0	0	0	0	0	0	0	1.99992	1.8821071	20625	2.6053138	3.3992624	89.848076
F3_S19_subsampled_depth_15G_contig_12195|provirus_47329_90805	39.793823	39.645493	43477	62.03319	3.6176877	116.86758	38.201237	38.13643	43477	49.940773	3.4790163	113.31645	37.02204	36.922222	43477	55.60781	3.3989575	110.862625	39.80601	39.753277	43477	59.66011	3.6597085	125.18693	36.37944	36.304115	43477	50.696117	3.3163192	113.139145	38.50786	38.38687	43477	55.024143	3.5340097	120.167984	0	0	0	0	0	0	0	0	0	0	0	0	0	0	0	0	0	0	2.654188	2.5451467	38300	3.6605198	4.8024616	128.38844	3.8303368	3.711168	42484	4.710285	6.702492	178.03021	3.4597826	3.3609438	40469	4.6130657	5.850773	154.64568
F3_S19_subsampled_depth_15G_contig_13089|provirus_461_11719	22.674498	22.447145	11259	39.872616	2.1038594	67.9641	24.429922	24.31093	11259	40.492687	2.2483685	73.23255	24.668917	24.423243	11259	36.421364	2.3057594	75.20616	22.707804	22.536554	11259	31.021742	2.122572	72.6064	22.36952	22.246725	11259	26.856365	2.0745237	70.77421	24.84049	24.853285	11259	31.242302	2.3095536	78.53245	4.6334505	4.509551	11013	7.130303	0.35954753	3.1682668	3.9972994	3.8441844	10897	6.286633	0.30201313	2.2967982	4.780268	4.6831684	11029	7.1707454	0.36451766	2.8589704	6.94671	6.8124814	11074	12.320529	14.022839	374.885	4.9815464	4.736974	11016	11.089775	8.828654	234.50488	7.330543	7.2872286	11199	10.406756	12.591685	332.81903
F3_S19_subsampled_depth_15G_contig_13421|provirus_35608_52988	56.068424	53.160553	17374	597.8065	5.2655163	170.09987	56.83582	53.61171	17358	671.25476	5.337919	173.86353	59.195057	55.438843	17378	740.78815	5.6070137	182.88217	63.668274	59.004967	17379	1001.7207	6.0597963	207.28642	66.14799	62.13992	17367	899.92804	6.235201	212.71936	65.9018	61.52505	17374	933.6673	6.2460704	212.38692	0	0	0	0	0	0	0	0	0	0	0	0	1.9743485	1.8531821	14627	2.4859352	0.14741914	1.1562306	9.25605	8.652654	17337	37.859104	18.90704	505.45856	8.11015	7.3783607	17346	33.559544	14.748981	391.7593	10.254019	9.605842	17370	36.01934	18.093344	478.2369
F3_S19_subsampled_depth_15G_contig_13428|provirus_26296_56056	59.148323	58.000862	29761	293.89786	5.474416	176.84822	53.91817	52.891262	29761	308.62845	5.003817	162.98143	56.631557	55.589886	29761	267.09235	5.2922053	172.61418	49.06565	48.1069	29761	184.33394	4.5874357	156.92154	45.89011	45.084423	29761	230.47119	4.268874	145.63643	47.68508	46.812016	29761	209.87274	4.4553137	151.49525	6.559893	6.271697	29453	16.207312	0.50883657	4.483774	6.0818954	5.825598	29360	12.546855	0.45144057	3.4331896	7.940056	7.760309	29742	13.189281	0.592979	4.650828	0	0	0	0	0	0	0	0	0	0	0	0	0	0	0	0	0	0
F3_S19_subsampled_depth_15G_contig_13961|provirus_30152_137958	36.375824	36.182087	107807	63.14799	3.3275328	107.49428	37.92033	37.814312	107807	57.43784	3.4629385	112.792786	41.865665	41.76089	107807	61.075054	3.857754	125.82705	48.510567	48.35819	107807	70.62941	4.4781785	153.1843	47.19396	46.994263	107807	76.920784	4.3258815	147.58125	48.32077	48.18026	107807	76.303856	4.448425	151.26111	0	0	0	0	0	0	0	0	0	0	0	0	0	0	0	0	0	0	3.8415244	3.7045503	100748	6.5307565	8.484072	226.81226	2.4603603	2.3517797	96015	3.1962466	4.345696	115.4295	4.166631	4.0489507	104648	5.8185134	7.111531	187.96942
F4_S20_subsampled_depth_15G_contig_101	26.342325	25.947819	39776	88.36442	2.3899875	77.20734	25.438374	24.941677	39769	80.59392	2.3074222	75.15597	25.791677	24.949556	39754	125.30806	2.360635	76.99601	27.086182	26.604616	39776	81.455795	2.48344	84.95059	25.853252	25.327585	39553	97.88053	2.3536816	80.297935	26.146494	25.511469	39776	97.85585	2.395901	81.46845	13.32196	12.549265	39556	99.954384	1.0145823	8.940313	10.87218	10.185341	39507	67.779625	0.8022495	6.1010737	11.328522	10.629402	39266	71.831154	0.83910775	6.58125	18.598394	17.351336	39775	160.99248	34.379112	919.087	18.23101	16.813202	39776	156.09578	32.61247	866.24567	16.967546	15.592194	39776	159.29799	29.431782	777.9307
F4_S20_subsampled_depth_15G_contig_221	74.01436	68.03671	35315	1762.9382	7.137174	230.56294	74.80503	68.23691	35315	1971.3518	7.22006	235.16757	80.948814	73.82976	35315	2320.0251	7.8694673	256.6759	93.45397	85.72729	35315	2755.287	9.096696	311.169	88.19491	80.71746	35315	2605.6748	8.553486	291.80988	89.53439	81.88271	35315	2620.738	8.718368	296.45325	0	0	0	0	0	0	0	0	0	0	0	0	0	0	0	0	0	0	5.006541	4.5427027	33998	24.643911	11.242308	300.5505	3.8465805	3.4712944	33087	19.644445	7.429377	197.33755	5.2213283	4.6762614	34596	39.95502	9.860144	260.62
F4_S20_subsampled_depth_15G_contig_672	39.139996	36.587585	39896	495.3252	5.6926904	183.89954	38.683277	36.08539	39901	498.93414	5.998121	195.36726	39.92682	37.370434	39889	543.1139	5.3664374	175.03525	77.63946	75.30363	39889	648.5108	8.903727	304.5681	75.787	73.10339	39891	683.3018	9.029543	308.05103	77.893364	75.18565	39891	758.9945	8.110937	275.79855	0	0	0	0	0	0	0	0	0	0	0	0	0	0	0	0	0	0	3.218812	3.044945	35194	5.9948373	47.25046	1263.1886	1.8607833	1.7436342	31021	2.5549579	28.294912	751.5637	2.7562075	2.6603963	35203	3.679658	24.528044	648.3167
F4_S20_subsampled_depth_15G_contig_938	28.227827	23.308607	23501	5744.3174	3.69283	119.295044	29.421095	24.445543	23501	6568.411	3.8058555	123.962074	31.920475	26.113005	23501	8509.394	4.248997	138.58806	36.73333	30.410763	23501	10443.229	4.807191	164.4387	35.45026	29.073559	23501	10297.669	4.660429	158.99461	36.071518	29.50892	23501	11045.588	4.7702794	162.2052	0	0	0	0	0	0	0	0	0	0	0	0	0	0	0	0	0	0	3.002955	2.407908	20030	57.397377	8.556336	228.74405	1.8642029	1.448161	18074	31.849094	4.864137	129.20021	2.5520535	1.9713565	19499	64.04191	6.4533725	170.57323
F4_S20_subsampled_depth_15G_contig_1135	13.815011	13.7766695	39148	21.33084	1.2535914	40.496655	15.131297	15.092658	39374	22.167198	1.372677	44.710052	14.702019	14.70166	38978	23.161385	1.3428376	43.798893	13.773761	13.712509	39306	24.074306	1.2633389	43.214787	13.929278	13.818311	39185	26.68669	1.2640074	43.12273	14.520676	14.491049	39059	21.453407	1.3288882	45.186546	5.1556954	4.76109	38237	15.376544	0.39155695	3.4503267	4.9747095	4.4988384	36787	18.904799	0.3685098	2.802502	5.2006936	4.71826	37696	19.294754	0.38622874	3.0292506	0	0	0	0	0	0	0	0	0	0	0	0	1.8705385	1.7020565	29901	3.5791907	3.310743	87.5084
F4_S20_subsampled_depth_15G_contig_1338	61360.457	62551.98	21521	394288640	5587.5435	180502.8	61143.484	62305.93	21760	390764960	5564.9063	181256.89	60753.105	61915.035	21596	384830940	5577.169	181908.63	53539.652	54527.695	21524	302119360	4920.3125	168308.27	56243.91	57292.41	21558	332866720	5131.2354	175056.64	55079.234	56105.117	21535	317351330	5054.7373	171877.72	28447.713	28626.914	21489	105802860	2169.487	19117.121	24764.156	24928.555	21587	79968904	1833.6431	13944.791	28435.586	28606.53	21587	108248580	2107.698	16531.004	72.378204	73.34072	21446	542.0138	132.56349	3543.9368	79.84457	80.82242	21418	838.5758	139.23082	3698.2185	89.05382	90.223854	21447	917.42145	150.78099	3985.3914
F4_S20_subsampled_depth_15G_contig_2130	27.841301	28.149374	11645	100.34628	2.5156136	81.26562	26.234676	26.679153	11805	60.51955	2.3688722	77.15751	26.613113	27.15146	11545	74.33505	2.4242039	79.069466	26.818678	27.284616	11610	64.86255	2.4576948	84.06994	29.314495	29.732738	11603	86.75216	2.6661623	90.9585	27.99761	28.487007	11582	70.811066	2.5613368	87.093864	14.996926	14.999526	11543	43.026703	1.1553168	10.180435	12.850777	12.727049	11611	30.825333	0.9569297	7.2774124	14.959108	14.841047	11609	43.558395	1.1135181	8.733495	1.8208127	1.6819044	8994	2.6815407	3.381122	90.39055	1.9421206	1.8657056	9706	2.0509484	3.3734245	89.604195	2.0618064	1.987481	10060	2.2355719	3.4202728	90.40348
F4_S20_subsampled_depth_15G_contig_2273	3.55182	3.430925	17770	6.032004	0.32370025	10.456982	3.9442413	3.8309593	19100	5.112997	0.3605398	11.743295	3.9872317	3.8253531	18894	7.0998273	0.3657667	11.93009	4.3949957	4.1990733	18651	9.326722	0.40910593	13.994215	4.0536475	3.9270065	18112	7.617758	0.37374696	12.750703	4.0715647	3.9770608	18609	6.2314143	0.378271	12.862454	3.2653556	3.0425606	17123	7.4552746	0.24760495	2.1818497	2.8071873	2.6170127	15650	5.947736	0.20937827	1.5923132	3.3946352	3.1999314	17593	7.062616	0.25501853	2.0001512	0	0	0	0	0	0	0	0	0	0	0	0	0	0	0	0	0	0
F4_S20_subsampled_depth_15G_contig_3046	9.439552	9.214008	22500	14.418358	0.8763971	28.311558	9.194407	8.995178	22500	13.467913	0.8442686	27.499027	9.348322	9.040813	22470	19.241907	0.882211	28.774792	9.897808	9.580334	22500	19.941675	0.9320526	31.882551	9.61481	9.322877	22484	21.293615	0.89805573	30.63797	9.692886	9.558262	22434	15.919102	0.9136531	31.06719	0	0	0	0	0	0	0	0	0	0	0	0	0	0	0	0	0	0	137.98886	136.82323	22500	1305.362	261.3672	6987.359	136.61624	134.84067	22500	1212.729	246.03983	6535.259	150.066	148.90277	22500	1280.6758	261.55978	6913.456
F4_S20_subsampled_depth_15G_contig_3062	13.687453	13.541633	1338	63.12883	1.215764	39.274666	34.253155	33.33471	1490	358.86673	3.069576	99.98044	59.106903	58.752678	1490	655.08655	5.547137	180.92917	6.123979	6.0189614	1447	13.261736	0.5625656	19.243568	7.2538977	7.1937346	1483	7.3990846	0.65887713	22.478174	5.0356345	4.825227	1265	12.585653	0.42366466	14.405993	200693.19	202113.73	1497	7005946000	14114.85	124377.44	255548.25	257356.16	1497	11340080000	17457.326	132762.34	270823.38	272842.9	1497	12733976000	18517.508	145235.73	0	0	0	0	0	0	0	0	0	0	0	0	0	0	0	0	0	0
F4_S20_subsampled_depth_15G_contig_3721	7.6070533	7.4968033	13612	10.86764	0.7059785	22.80628	7.58278	7.4891806	13704	10.945003	0.6985727	22.753511	6.545374	6.419508	13562	10.727413	0.6200512	20.224	6.899882	6.8167214	13634	10.298024	0.6497968	22.227486	7.4020214	7.294836	13526	11.020171	0.69375473	23.668053	6.7277555	6.593279	13675	10.414185	0.6368579	21.655264	0	0	0	0	0	0	0	0	0	0	0	0	0	0	0	0	0	0	12.151099	10.134098	13672	196.81683	24.167732	646.09717	13.235281	10.702623	13678	279.779	25.234509	670.27356	17.561752	15.225738	13666	346.9513	32.515938	859.44995
F4_S20_subsampled_depth_15G_contig_3778	133.41246	135.50421	16579	1389.9032	12.038741	388.90564	121.227455	122.33093	16641	1292.8932	10.934436	356.15005	132.47899	134.49922	16578	1277.4122	12.05007	393.03314	156.0909	157.73698	16633	1947.4805	14.224878	486.5878	146.1881	147.48973	16579	1623.2869	13.220867	451.04166	157.15282	159.4462	16580	1767.3063	14.300381	486.25983	55.17276	54.583035	16633	727.19586	4.1827593	36.857716	43.35177	42.75571	16451	512.878	3.179531	24.180225	60.548058	60.460217	16634	922.83374	4.451267	34.911995	0	0	0	0	0	0	0	0	0	0	0	0	0	0	0	0	0	0
F4_S20_subsampled_depth_15G_contig_4179	4.0553885	3.9270117	12364	6.337767	0.3664837	11.839078	4.0098257	3.9179432	12499	4.347315	0.3598399	11.720492	3.9713945	3.8554323	12098	5.8455243	0.3597059	11.732403	3.8177495	3.709632	12086	5.427277	0.34595868	11.834146	2.910935	2.8096495	11472	4.0148897	0.26282638	8.966553	3.231775	3.1400776	11684	4.165232	0.2947528	10.022564	2.340016	2.2381582	10856	2.8073533	0.17680806	1.5580001	1.6928685	1.6236134	9976	1.7557302	0.12403162	0.9432561	3.5796354	3.4807184	12131	4.651	0.2623208	2.0574234	2.9555469	2.8841345	11722	3.235919	5.3562174	143.19241	2.523534	2.4201443	11323	3.0533328	4.342658	115.348724	2.6783676	2.5668252	11279	3.5465164	4.528098	119.68511
F4_S20_subsampled_depth_15G_contig_5576	12.51122	11.420433	61335	132.72324	1.1835767	38.23488	11.992842	10.962155	61335	118.73286	1.1277981	36.733986	12.196698	11.189024	61304	115.73642	1.1609242	37.865475	12.17367	11.060126	61252	140.4107	1.1664181	39.89943	11.135016	9.937494	61248	132.97368	1.0591244	36.13297	12.113345	10.9711075	61335	128.59523	1.152051	39.17352	0	0	0	0	0	0	0	0	0	0	0	0	0	0	0	0	0	0	52.187172	43.54114	61335	4668.3467	101.92058	2724.7324	65.18098	55.19262	61335	6411.667	123.0789	3269.1958	59.31405	48.3509	61335	7877.0024	110.542046	2921.8093
F4_S20_subsampled_depth_15G_contig_6476	8177.1333	8335.013	17870	3246822.5	738.019	23841.338	8349.859	8505.463	17964	3322582.8	753.2193	24533.424	6867.552	6999.452	17873	1921411.9	624.8984	20382.104	11103.649	11356.047	17874	7228724	1011.22015	34590.63	10138.012	10335.24	17933	5685344.5	916.67664	31273.238	10470.999	10683.785	17868	5530240.5	952.27924	32380.615	401.21326	401.8666	17933	24395.336	30.360998	267.5355	347.41254	346.39142	17872	20656.44	25.525492	194.12032	447.42404	446.94623	17920	31967.592	32.91098	258.12592	13.121253	13.103592	17722	25.017235	23.761425	635.235	13.307623	13.206249	17737	28.15281	23.036373	611.88727	16.106209	16.13833	17755	30.987986	27.092173	716.0908
F4_S20_subsampled_depth_15G_contig_7009	28.86604	28.601915	33809	91.87822	2.6442332	85.42065	28.356161	28.030994	33809	109.36425	2.5896692	84.34917	27.737871	27.4507	33809	97.503654	2.558578	83.4523	26.222822	25.82139	33809	93.952194	2.424784	82.94418	26.10957	25.865026	33809	79.94162	2.394283	81.6831	26.96518	26.634329	33809	99.70381	2.4831324	84.43465	13.943225	13.2664795	32064	88.52702	1.0627811	9.365035	11.030661	10.571612	32968	54.527016	0.8141068	6.191251	14.763599	13.979963	33233	99.46521	1.0915337	8.56107	0	0	0	0	0	0	0	0	0	0	0	0	2.7377818	2.4864168	28380	6.707638	4.8683777	128.67932
F4_S20_subsampled_depth_15G_contig_7811	4.721549	4.3760524	16162	12.32375	0.44030312	14.223772	5.006445	4.7851224	16482	10.419152	0.46188143	15.044129	4.940741	4.727972	16084	10.677856	0.46505308	15.168486	4.0747747	3.8802626	15972	8.254196	0.37807643	12.932785	3.9637764	3.8260956	15599	7.1689544	0.3686707	12.577527	4.2011695	4.06451	16476	5.927121	0.3930671	13.365579	0	0	0	0	0	0	0	0	0	0	0	0	0	0	0	0	0	0	0	0	0	0	0	0	0	0	0	0	0	0	0	0	0	0	0	0
F4_S20_subsampled_depth_15G_contig_8354	26.904829	26.304213	11518	126.11832	2.5030482	80.85976	25.715279	25.34975	11488	123.8838	2.3875813	77.766884	28.273903	27.715528	11508	142.11514	2.6548812	86.59338	27.418154	26.777582	11494	159.66872	2.5540762	87.36681	24.339344	24.010553	11514	91.79742	2.2619839	77.16957	26.177765	25.73771	11515	121.6221	2.440555	82.98691	2.186208	2.0053747	9068	4.170901	0.16928135	1.4916759	0	0	0	0	0	0	2.6171167	2.4517736	9525	4.7347207	0.19451508	1.5256132	375.9298	376.2318	11519	8147.271	692.79443	18521.084	392.24908	391.6181	11519	10836.341	691.05426	18355.635	484.72354	485.57608	11519	12892.1045	826.9346	21857.248
F4_S20_subsampled_depth_15G_contig_8548	3.0639408	2.9261112	10299	4.701794	0.28625542	9.247335	3.4436104	3.3446178	11183	4.0530605	0.31588557	10.288844	2.7475934	2.5657933	10911	4.340277	0.25969943	8.470526	2.8452706	2.7259347	10167	3.9931915	0.26473466	9.055729	2.5603638	2.392307	9859	4.0881023	0.2364188	8.0656395	3.2842886	3.0856638	10254	6.2525945	0.30644277	10.420058	0	0	0	0	0	0	0	0	0	0	0	0	0	0	0	0	0	0	0	0	0	0	0	0	0	0	0	0	0	0	0	0	0	0	0	0
F4_S20_subsampled_depth_15G_contig_8751	6.652623	6.5729756	15427	7.989099	0.6099203	19.703167	7.5892973	7.495348	15436	8.6601	0.689296	22.451351	7.3554235	7.3141446	15396	8.079817	0.682736	22.268583	8.665315	8.543975	15436	12.751178	0.79869664	27.320856	8.79177	8.6394825	15436	11.346692	0.80672014	27.521982	8.24807	8.152348	15434	11.117128	0.77440923	26.332458	2.0314667	1.8379852	12382	3.6252446	0.1603071	1.4125961	2.068625	1.9181567	12273	3.3785422	0.15642603	1.1896137	2.2241266	2.1341765	12557	2.9288938	0.16743174	1.3131931	0	0	0	0	0	0	0	0	0	0	0	0	0	0	0	0	0	0
F4_S20_subsampled_depth_15G_contig_8753	6.644588	6.5466695	11245	7.971687	0.6131957	19.808979	6.9177885	6.660052	11260	13.122582	0.6370534	20.749735	6.5080776	6.387515	11175	8.756735	0.60712725	19.802464	6.713696	6.5119667	11212	11.277146	0.6186497	21.162033	5.44597	5.3870163	11259	6.306523	0.50468016	17.217611	4.797882	4.666035	11188	6.4045277	0.45421165	15.444692	3.2677257	3.1222577	10563	5.737041	0.26054132	2.2958412	2.1849759	2.1190667	9958	2.1516705	0.16871157	1.2830447	3.1653204	3.0602314	10105	5.0556936	0.23968211	1.8798643	0	0	0	0	0	0	0	0	0	0	0	0	0	0	0	0	0	0
F4_S20_subsampled_depth_15G_contig_9786	10.403319	10.315563	16177	12.904967	0.9482592	30.633034	10.020216	9.877158	16177	16.160957	0.9045794	29.463432	10.418794	10.261005	16177	13.564404	0.9609929	31.344374	7.3247643	7.2141423	16177	8.949371	0.6784757	23.208502	8.775816	8.69435	16177	10.937446	0.8044877	27.445814	7.464092	7.354593	16177	9.729322	0.6895039	23.4454	0	0	0	0	0	0	0	0	0	0	0	0	0	0	0	0	0	0	0	0	0	0	0	0	0	0	0	0	0	0	0	0	0	0	0	0
F4_S20_subsampled_depth_15G_contig_9979	29.593657	22.640732	27297	1767.756	2.9241288	94.46253	31.264412	24.097778	27297	1984.8538	3.0761988	100.19616	31.956348	24.63885	27297	2087.5466	3.188663	104.00356	33.450474	25.650473	27297	2406.816	3.3441293	114.39204	31.714775	24.598944	27297	2002.1846	3.1401112	107.12769	32.374554	25.35579	27297	2007.4711	3.2043095	108.95708	0	0	0	0	0	0	0	0	0	0	0	0	0	0	0	0	0	0	0	0	0	0	0	0	0	0	0	0	0	0	0	0	0	0	0	0
F4_S20_subsampled_depth_15G_contig_10776	38.97163	37.368317	52808	693.6719	3.7301936	120.50205	34.9654	33.671013	52808	536.88214	3.3366597	108.67969	36.059345	34.476032	52808	782.03455	3.5036476	114.27733	39.978085	38.31259	52808	715.5233	3.8517373	131.75562	37.072487	35.51222	52808	647.0643	3.5526803	121.20279	38.930325	37.436913	52808	667.9114	3.7434757	127.29047	0	0	0	0	0	0	0	0	0	0	0	0	2.3949828	2.228911	43642	4.2571692	0.18085064	1.41844	4.507729	2.6431406	46312	221.64595	10.322944	275.97244	5.3090696	3.1334345	49578	235.82683	12.06174	320.38135	5.0612063	3.105372	49280	193.98439	11.026662	291.45276
F4_S20_subsampled_depth_15G_contig_11679	3.0317688	2.9574728	16884	3.5550857	0.2732199	8.826234	3.440792	3.3703046	17304	4.2910757	0.31121054	10.136569	2.8289669	2.7088058	16096	4.2952356	0.25730523	8.392443	2.9643705	2.8571603	16846	3.9017642	0.2688532	9.196608	3.2913241	3.1648386	16933	5.0307345	0.29749823	10.149414	2.7740886	2.6988173	16751	3.3640745	0.25341102	8.61681	0	0	0	0	0	0	0	0	0	0	0	0	0	0	0	0	0	0	0	0	0	0	0	0	0	0	0	0	0	0	0	0	0	0	0	0
F4_S20_subsampled_depth_15G_contig_11741	7.0707293	6.862319	1860	19.898098	0.7021069	22.681213	12.2328615	12.227053	1975	18.228813	1.1901197	38.76387	13.585419	13.350845	1953	31.425201	1.27672	41.64233	2.0326443	1.9842995	1729	2.0609915	0.18750487	6.4139447	2.9390643	2.8816426	1692	3.4802258	0.26874602	9.168506	2.7236125	2.4613526	1554	6.637776	0.27047953	9.197195	26146.016	26149.01	1988	98616090	1880.4426	16570.117	27099.773	27119.092	1988	103876590	1891.4744	14384.592	19125.988	19175.916	1988	51500628	1335.7366	10476.392	0	0	0	0	0	0	0	0	0	0	0	0	0	0	0	0	0	0
F4_S20_subsampled_depth_15G_contig_12579	7.534622	7.4376497	11270	9.007164	0.68967396	22.279589	7.3313847	7.2267184	11270	10.040637	0.66013974	21.501684	6.1458635	6.0465627	11244	6.5282316	0.5630256	18.364023	6.7416368	6.6473823	11267	7.8887267	0.6198574	21.203344	6.871223	6.691547	11163	12.198186	0.63086617	21.522568	6.909083	6.8182454	11269	10.005312	0.6386057	21.714699	0	0	0	0	0	0	0	0	0	0	0	0	0	0	0	0	0	0	0	0	0	0	0	0	0	0	0	0	0	0	0	0	0	0	0	0
F4_S20_subsampled_depth_15G_contig_13283	54.5235	54.84409	17837	187.10857	4.9610076	160.26288	51.651394	51.711582	18001	160.17636	4.7050624	153.2505	47.266766	47.55306	17852	141.41199	4.341077	141.59142	48.571285	48.58057	17814	136.06857	4.4674993	152.81892	50.25797	50.23427	17915	156.24403	4.571459	155.9594	50.637836	50.857224	17868	169.19417	4.650732	158.14021	5.40614	4.790876	17250	27.066973	0.41429424	3.6506855	5.334771	4.8310823	17580	19.36568	0.40302497	3.0649905	6.872836	6.2406173	17478	36.293636	0.5126764	4.021001	0	0	0	0	0	0	0	0	0	0	0	0	0	0	0	0	0	0
F4_S20_subsampled_depth_15G_contig_13470	2.539716	2.42782	1664	3.4506583	0.21350288	6.897104	4.7638087	4.7533607	2051	3.507869	0.42008367	13.682716	2.9210942	2.8720047	1817	4.3158765	0.26902246	8.774611	3.2619674	3.1992986	1880	4.080811	0.3163715	10.822062	3.797475	3.6253653	1903	8.268963	0.3540006	12.077051	3.460284	3.3430743	1805	5.947501	0.33611706	11.42909	0	0	0	0	0	0	0	0	0	0	0	0	0	0	0	0	0	0	34.530247	34.97487	2031	92.885	61.808567	1652.3833	33.596	33.623028	2016	150.78085	58.92329	1565.1077	38.06102	38.709526	2051	112.374146	64.547104	1706.0862
F4_S20_subsampled_depth_15G_contig_14211	13.034591	12.907232	6486	32.164864	1.2570126	40.607143	28.716038	28.251049	6510	119.482155	2.796134	91.074036	26.723114	25.868448	6498	182.52202	2.5829554	84.24739	0	0	0	0	0	0	2.3930817	2.2964709	5844	2.9314826	0.2377887	8.112371	3.285849	3.0595737	5556	7.3505783	0.31768483	10.802326	74132.74	74460.46	6510	59571616	5573.381	49111.605	88052.336	88428.06	6510	83173230	6427.555	48881.313	42579.805	42755.758	6510	19827098	3110.9885	24399.97	0	0	0	0	0	0	0	0	0	0	0	0	0	0	0	0	0	0
F4_S20_subsampled_depth_15G_contig_2921|provirus_56826_87360	64.4572	65.610016	30529	265.38126	5.8465395	188.86949	63.155834	64.19863	30531	264.94867	5.723924	186.43639	66.17574	67.5066	30534	301.48236	6.051165	197.36879	56.936317	57.750282	30527	223.14586	5.2126536	178.30835	58.04219	59.12579	30535	216.91995	5.2800183	180.13255	57.431366	58.48934	30535	219.17273	5.255378	178.70006	28.237223	27.617874	30528	203.70306	2.1473248	18.921824	25.268784	24.694921	30270	171.33011	1.865183	14.184651	29.261412	28.45208	30531	227.02068	2.165762	16.986406	0	0	0	0	0	0	0	0	0	0	0	0	0	0	0	0	0	0
F4_S20_subsampled_depth_15G_contig_3821|provirus_271_19497	21.459192	20.265156	19227	104.95814	2.1209195	68.51525	24.407297	23.094986	19227	125.65116	2.3792799	77.496506	26.018085	24.421059	19227	163.77986	2.5942457	84.61561	27.968338	26.421757	19227	162.91531	2.7745385	94.90816	27.806416	25.919167	19227	189.59236	2.7808707	94.871864	27.5428	25.944674	19227	160.97641	2.737139	93.071754	0	0	0	0	0	0	0	0	0	0	0	0	0	0	0	0	0	0	3.3188655	3.0599265	17532	8.734396	7.248617	193.78368	2.668344	2.3631122	16064	7.0901976	5.1699076	137.3219	3.6972795	3.4623494	18290	7.355042	6.7667127	178.8554
F4_S20_subsampled_depth_15G_contig_3980|provirus_1_16985	62.821384	56.765392	16985	7710.661	6.550853	211.62206	63.59103	57.37075	16985	8007.028	6.631499	215.9973	69.83374	62.95572	16985	9153.489	7.327901	239.01175	80.05827	72.22478	16985	11843.032	8.398971	287.30194	75.685005	68.25355	16985	10975.942	7.918652	270.15195	80.00012	72.556786	16985	11258.796	8.383722	285.07404	0	0	0	0	0	0	0	0	0	0	0	0	0	0	0	0	0	0	4.882507	4.2098594	16302	78.06449	11.460346	306.37955	3.723374	3.1073055	15673	63.534794	7.900645	209.8553	5.566261	4.829341	16773	104.80521	11.153905	294.81635
F4_S20_subsampled_depth_15G_contig_9399|provirus_31702_51807	19.838696	19.688286	20106	25.258018	1.8138065	58.59414	20.669622	20.504677	20106	29.687046	1.8848281	61.39155	19.162256	19.147589	20106	25.338537	1.7618282	57.464935	19.273	19.041643	20106	31.33434	1.7736335	60.670353	19.057325	18.945385	20106	28.586245	1.7490169	59.66923	18.085188	18.034407	20106	24.637985	1.6656665	56.638157	6.875827	6.6720853	19139	26.358622	0.52291733	4.6078496	5.638054	5.445552	19515	12.180237	0.42087677	3.2007532	7.750902	7.513751	19678	22.890541	0.579269	4.5432997	26.37733	26.264837	20106	57.92493	50.97756	1362.8282	26.031118	25.54966	20106	77.89487	46.537598	1236.1217	28.570906	28.148424	20106	71.69376	49.38306	1305.2761
F5_S21_subsampled_depth_15G_contig_308	9.032209	8.817573	14654	17.193947	0.86976635	28.09737	7.737733	7.4700017	14612	17.407255	0.750504	24.44499	8.791256	8.17763	14742	30.162712	0.8702033	28.383142	8.673451	8.390057	14676	19.663559	0.8391059	28.70315	8.109033	7.596391	14633	26.816086	0.785225	26.788643	8.352728	8.0410385	14678	19.18083	0.82115346	27.9219	0	0	0	0	0	0	0	0	0	0	0	0	0	0	0	0	0	0	14.922217	13.096391	14471	196.85565	30.105913	804.84814	15.628084	13.148698	14601	311.3081	30.129503	800.2933	20.07511	17.846657	14702	328.63132	37.4175	989.0062
F5_S21_subsampled_depth_15G_contig_538	23.196522	22.594936	37006	124.83044	2.1137655	68.284134	23.448658	22.87361	36983	123.306725	2.1394823	69.686	22.28225	21.418056	37009	141.74696	2.0521052	66.932816	27.078539	26.439577	37010	172.24184	2.4914134	85.22332	26.49361	25.93691	36965	153.63705	2.4225495	82.64745	26.49863	25.676443	37011	176.79614	2.439666	82.95668	0	0	0	0	0	0	0	0	0	0	0	0	0	0	0	0	0	0	8.029679	7.9220495	36472	16.165207	15.187516	406.0213	8.444752	8.297061	36583	17.902027	14.877568	395.1747	9.923795	9.780166	36807	21.671432	16.959627	448.27103
F5_S21_subsampled_depth_15G_contig_794	7.3087564	7.09004	12415	17.020134	0.6686091	21.599081	7.379754	7.218133	12569	13.801821	0.67581695	22.012316	6.76184	6.6273336	12587	9.012107	0.6279522	20.481705	6.9265094	6.7729344	12578	11.869476	0.64384454	22.023888	6.3641553	6.2632427	12388	9.610305	0.58335966	19.90182	6.378709	6.2895937	12412	10.253961	0.5882179	20.001333	2.5932298	2.4103618	10558	4.847632	0.20021556	1.7642623	2.1912842	2.0303707	10059	3.9665434	0.16543329	1.2581131	3.3777437	3.2104511	10852	7.668009	0.2502723	1.9629245	0	0	0	0	0	0	0	0	0	0	0	0	3.304173	2.9502456	0	13.080758	0	0
F5_S21_subsampled_depth_15G_contig_1418	9.780125	9.572093	11370	15.831586	0.9014482	29.12084	8.171212	7.93573	11295	15.51405	0.7553707	24.60349	9.264527	9.063181	11370	16.347525	0.86016136	28.0556	9.618449	9.287186	11361	21.260685	0.8961094	30.65305	8.257933	7.875421	11360	19.66463	0.7542367	25.731445	9.423083	9.317191	11370	14.3321705	0.87672627	29.811563	0	0	0	0	0	0	0	0	0	0	0	0	0	0	0	0	0	0	3.5008912	1.9173104	8693	80.95828	7.236973	193.47235	0	0	0	0	0	0	3.5303922	1.6220044	8955	113.00104	7.0708346	186.8939
F5_S21_subsampled_depth_15G_contig_1440	129.76718	128.44234	35392	2906.9004	11.904853	384.5803	137.44286	136.2758	35391	2962.4512	12.590227	410.08145	140.46822	138.8051	35392	3398.7402	12.9955225	423.87064	157.71733	156.00839	35388	4085.0708	14.585695	498.9301	155.92589	154.83879	35392	3869.571	14.351368	489.6097	159.64633	158.19484	35392	4251.319	14.747802	501.4736	18.444242	15.94738	35245	415.73807	1.4038162	12.3701725	15.93329	14.076834	34968	268.78625	1.1763986	8.946463	17.31014	15.493127	35174	303.4562	1.2796493	10.03649	15.894614	15.70099	35254	63.26898	32.10601	858.3184	11.81505	11.639353	35197	39.554512	20.709696	550.0865	17.08382	16.962671	35363	58.29409	28.942806	765.0061
F5_S21_subsampled_depth_15G_contig_1605	14.936303	14.730102	42098	36.786213	1.3570758	43.83968	14.726382	14.714899	41961	32.568275	1.3374268	43.561863	15.945767	15.801987	42087	36.232716	1.4626708	47.70744	14.768386	14.747318	42064	31.868254	1.3553728	46.36296	14.000715	14.008952	41546	30.204586	1.2755811	43.5176	13.992729	13.924513	41907	32.99696	1.2821717	43.598064	13.091253	12.385167	42018	84.263824	1.0003116	8.814559	10.248468	9.781353	41504	47.616608	0.76166517	5.7924337	12.361224	11.927347	41515	58.792492	0.9169045	7.1914277	7.216406	6.9740434	41698	16.974575	13.2603655	354.50098	8.853298	8.488492	42017	22.69274	15.583552	413.9271	7.2213163	6.8677526	41694	18.205427	12.301437	325.1474
F5_S21_subsampled_depth_15G_contig_2763	0	0	0	0	0	0	0	0	0	0	0	0	0.9927461	0.99424624	864	0.40762368	0.086599894	2.824601	2.4984455	2.4407365	849	2.7066884	0.19811177	6.77677	4.6632123	4.6743383	953	6.698698	0.36858717	12.574685	3.6290154	3.5972383	1011	4.0344267	0.29677176	10.091216	0	0	0	0	0	0	2.4860103	2.4280782	1000	3.266661	0.16887343	1.2842762	0	0	0	0	0	0	0	0	0	0	0	0	0	0	0	0	0	0	0	0	0	0	0	0
F5_S21_subsampled_depth_15G_contig_3298	28.491364	28.390686	25395	45.711796	2.6131308	84.41588	27.332163	27.24496	25395	39.085617	2.5032742	81.53515	27.211926	27.09744	25508	44.446503	2.509203	81.84186	22.45737	22.385384	25397	31.075325	2.0659077	70.66811	24.144531	24.04631	25508	41.09528	2.2201784	75.74333	24.21299	24.122547	25508	35.479	2.2274728	75.74138	1.9723953	1.8243954	19306	3.261769	0.15288945	1.3472327	0	0	0	0	0	0	2.7234008	2.6293375	23025	3.3944054	0.20785865	1.6302682	9.28839	9.140247	25451	15.181843	17.53035	468.65433	9.287562	9.153479	25492	16.061954	16.295143	432.82822	9.436707	9.367552	25508	11.9052725	16.19633	428.0958
F5_S21_subsampled_depth_15G_contig_3530	63.205944	60.399693	68130	732.60223	6.0173926	194.38895	66.003235	63.339413	68130	824.185	6.280588	204.56767	72.60421	69.73332	68130	880.3222	6.956386	226.89403	79.590866	76.4163	68130	1093.8406	7.6314507	261.0476	77.458824	74.34448	68130	976.4512	7.3908687	252.14595	79.84204	76.604164	68130	1083.9806	7.6607456	260.49054	0	0	0	0	0	0	0	0	0	0	0	0	0	0	0	0	0	0	5.8758607	5.497597	66278	19.269915	12.915436	345.27972	4.224772	3.955608	65424	10.88506	7.8018217	207.23027	6.071271	5.7283516	66368	19.096834	10.813833	285.82755
F5_S21_subsampled_depth_15G_contig_4026	380.75153	337.89932	43620	90564.6	34.65378	1119.4731	383.28796	342.8204	43620	87136.54	34.872375	1135.8429	371.86984	328.38184	43620	93823.28	34.12734	1113.1204	468.0117	422.89484	43620	102257.98	43.017673	1471.4972	470.6245	425.2017	43620	103362.09	42.932816	1464.6915	479.6679	431.58456	43619	110708.89	44.028404	1497.111	14.732045	14.516129	43560	47.664566	1.1309115	9.965388	13.754382	13.362309	43484	46.10031	1.022293	7.774497	20.548355	20.314104	43572	69.958824	1.528289	11.986609	4.420796	4.284557	41652	7.7210155	9.443746	252.4679	2.894594	2.7902567	39996	3.5330243	5.145319	136.66891	3.884771	3.7596617	41809	5.8428264	6.732786	177.95874
F5_S21_subsampled_depth_15G_contig_4637	9.187608	8.65039	7703	43.623566	0.90067375	29.095827	9.093738	8.610089	7703	40.893753	0.8983624	29.260952	11.26453	10.784086	7703	33.70411	1.0851928	35.395355	8.143784	7.3775554	7703	53.720318	0.83161676	28.44696	6.8882565	6.4235916	7646	27.24784	0.67935574	23.176828	7.75705	7.1995883	7676	41.454075	0.7929212	26.961927	0	0	0	0	0	0	0	0	0	0	0	0	0	0	0	0	0	0	0	0	0	0	0	0	0	0	0	0	0	0	0	0	0	0	0	0
F5_S21_subsampled_depth_15G_contig_5442	3.0986094	3.0187557	12314	4.2252893	0.2807893	9.07076	3.4769094	3.3260348	13125	4.8404417	0.31381407	10.221372	3.5199673	3.4194002	13367	4.08392	0.3215958	10.489383	3.3201458	3.2471287	12779	4.209786	0.30257866	10.350255	3.1350486	3.1071634	12634	3.3338354	0.2851262	9.727328	3.134305	3.0757663	12658	3.7145202	0.2859514	9.723285	0	0	0	0	0	0	0	0	0	0	0	0	0	0	0	0	0	0	0	0	0	0	0	0	0	0	0	0	0	0	0	0	0	0	0	0
F5_S21_subsampled_depth_15G_contig_5821	19.174767	18.829172	13854	37.331715	1.7542328	56.6696	19.677393	19.574509	13854	22.35618	1.7936622	58.42211	19.7986	19.5647	13854	29.164562	1.8230869	59.46302	18.571585	18.247202	13854	27.93868	1.7160231	58.69968	19.157692	18.70634	13854	44.246387	1.7620828	60.11503	16.791157	16.461975	13854	30.288568	1.5465431	52.58755	7.425715	7.289768	12884	23.284704	0.5621773	4.9538035	6.3935347	6.269418	12360	17.85001	0.46770063	3.5568452	9.484165	9.339306	13120	32.18861	0.6989655	5.4820952	0	0	0	0	0	0	0	0	0	0	0	0	0	0	0	0	0	0
F5_S21_subsampled_depth_15G_contig_7031	10.395497	10.217551	17950	17.42279	0.9575817	30.934206	10.245495	10.122996	17933	13.866579	0.94406897	30.74967	9.433616	9.251856	17963	14.114793	0.880035	28.703806	7.9896703	7.916921	17951	10.259271	0.7432121	25.422913	8.484478	8.306992	17963	12.94189	0.7908492	26.980524	8.908101	8.750577	17934	14.78624	0.832793	28.317715	0	0	0	0	0	0	0	0	0	0	0	0	0	0	0	0	0	0	0	0	0	0	0	0	0	0	0	0	0	0	0	0	0	0	0	0
F5_S21_subsampled_depth_15G_contig_7184	11.798389	11.151243	44413	41.558678	1.0715876	34.617092	11.579611	10.996692	44464	40.74941	1.0518861	34.26143	11.802247	11.181221	44464	38.801735	1.0811261	35.262745	13.597726	13.180594	44425	33.49472	1.2471821	42.66214	14.151688	13.840986	44394	29.252916	1.2877415	43.932426	14.540245	14.167234	44470	39.463985	1.3310765	45.260986	4.5502167	4.2309756	41139	14.3444	0.34559897	3.0453558	3.9154484	3.6466062	38209	11.924811	0.28936642	2.2006197	4.6387386	4.252557	39828	16.386957	0.3429052	2.6894605	0	0	0	0	0	0	0	0	0	0	0	0	0	0	0	0	0	0
F5_S21_subsampled_depth_15G_contig_7695	2.398204	2.3057904	8994	2.902033	0.21455604	6.931128	2.1422994	2.0688572	9098	2.2667181	0.19469571	6.3415117	2.6957836	2.6316416	9925	2.3315527	0.2454707	8.006436	2.113898	1.990566	8851	2.570628	0.19123235	6.5414534	2.303533	2.1980047	8857	3.0366044	0.20688415	7.0580387	2.2754245	2.1436782	8430	3.1557593	0.20689239	7.035022	0	0	0	0	0	0	0	0	0	0	0	0	0	0	0	0	0	0	3.1978333	3.0851226	9756	4.326012	5.738378	153.40915	4.245364	4.1589675	10078	5.2284193	7.3221292	194.48889	4.3046064	4.24203	9901	5.017893	7.1722093	189.57344
F5_S21_subsampled_depth_15G_contig_8555	2.579489	2.4965284	10013	2.9702916	0.23319703	7.5333176	3.561937	3.4028997	10099	6.3818355	0.31983528	10.417485	3.7586842	3.6702063	10574	5.1137133	0.3426025	11.17455	3.7008822	3.5466611	10217	5.848486	0.33413514	11.4297	3.8117993	3.6464162	10288	7.564799	0.343969	11.734808	3.9367764	3.8384726	10337	6.1671276	0.35743573	12.153991	0	0	0	0	0	0	0	0	0	0	0	0	0	0	0	0	0	0	0	0	0	0	0	0	0	0	0	0	0	0	0	0	0	0	0	0
F5_S21_subsampled_depth_15G_contig_10610	12.76312	12.506146	20558	24.596306	1.1524308	37.228683	12.037546	11.857391	20497	22.209146	1.08595	35.370922	11.721901	11.586534	20512	24.368385	1.0691822	34.87316	11.923389	11.648211	20469	28.494493	1.0902231	37.29307	11.705796	11.586697	20576	19.2594	1.0611553	36.202263	11.323282	11.168444	20569	22.424976	1.0318196	35.08526	5.0888486	4.7854347	19706	14.567668	0.38845673	3.4230092	4.630605	4.508267	19938	7.1533036	0.33963582	2.582919	5.4502645	5.2790165	20297	9.582048	0.4004998	3.1411836	2.3870668	2.2552485	16810	3.8062594	4.398524	117.589676	2.643969	2.543185	18836	3.2496986	4.6016765	122.22868	3.1689837	3.0961058	19389	3.4613342	5.336501	141.05257
F5_S21_subsampled_depth_15G_contig_11323	9.944354	9.5516405	12478	26.552269	0.94532627	30.538292	8.963335	8.6611395	12404	26.054792	0.85379463	27.809303	11.296967	11.119052	12478	20.246279	1.0678895	34.830982	10.686729	10.318853	12478	25.879786	1.0378224	35.50059	11.216093	10.890411	12478	31.207298	1.0748094	36.66808	11.855207	11.571197	12478	32.177383	1.1270454	38.323257	3.0373135	2.768475	11132	7.203767	0.24126077	2.125946	0	0	0	0	0	0	0	0	0	0	0	0	0	0	0	0	0	0	0	0	0	0	0	0	0	0	0	0	0	0
F5_S21_subsampled_depth_15G_contig_12418	14.44193	13.145553	22336	196.03868	1.3077972	42.24775	14.811125	13.765303	22627	179.08191	1.3411776	43.684048	15.59521	14.505366	22424	200.98193	1.4216636	46.36995	12.862423	12.116736	22718	111.54105	1.1748426	40.187637	12.468396	11.56246	21861	131.54245	1.1303409	38.562588	12.207446	11.426661	22036	128.57518	1.1146741	37.902576	0	0	0	0	0	0	0	0	0	0	0	0	0	0	0	0	0	0	4.3596663	4.206224	21399	8.30813	8.00002	213.87169	4.2397337	4.057829	22083	7.1089573	7.4391055	197.59593	3.8803318	3.7573144	22084	4.9870467	6.590099	174.18715
F5_S21_subsampled_depth_15G_contig_12720	79.55419	80.41877	29741	448.56802	7.233426	233.67218	74.000336	74.62426	29741	366.08206	6.7182407	218.82265	78.907745	79.66072	29741	482.6182	7.2279906	235.75299	68.39556	68.86235	29741	303.75195	6.269086	214.4454	64.11618	64.814964	29741	298.22455	5.8332305	199.00577	65.46876	65.99959	29741	353.195	5.996953	203.91614	17.546146	17.193407	29705	76.216934	1.3385113	11.794722	15.118313	14.769046	29689	54.727222	1.1191188	8.5108595	18.898348	18.362482	29741	95.26421	1.401207	10.989885	0	0	0	0	0	0	0	0	0	0	0	0	0	0	0	0	0	0
F5_S21_subsampled_depth_15G_contig_13533	58.319973	57.85966	34650	110.766335	5.320778	171.88516	57.223778	56.799664	34650	108.28868	5.2292085	170.32274	60.154827	59.632565	34653	142.26851	5.5390663	180.66588	58.022926	57.512222	34650	121.46948	5.344996	182.83527	57.694607	57.133514	34649	131.89902	5.2712474	179.83337	57.063763	56.460953	34650	139.79271	5.255117	178.69121	32.753963	32.540012	34389	227.16643	2.4897358	21.93909	27.111034	27.1671	34404	136.3732	2.000559	15.214179	30.149466	30.308956	34488	154.31848	2.2297661	17.4884	90.62986	90.51612	34649	224.19106	165.83824	4433.4985	89.21346	89.14485	34555	127.30903	155.60808	4133.228	82.4084	82.15963	34641	153.46172	139.47887	3686.656
F5_S21_subsampled_depth_15G_contig_13787	3.586904	3.4454627	12604	5.964322	0.3231088	10.437871	3.0210235	2.9681292	12766	3.1699479	0.2725534	8.87745	3.2443244	3.152948	12896	4.213261	0.29582322	9.648768	3.3052778	3.211824	13116	4.3594193	0.3030542	10.366526	2.9407256	2.8331847	12943	3.8133938	0.26905698	9.179118	3.519308	3.4033737	12919	5.091082	0.3205706	10.900453	0	0	0	0	0	0	0	0	0	0	0	0	0	0	0	0	0	0	306.58398	309.46573	13848	1938.8665	554.8098	14832.217	281.1476	285.81622	13847	1805.6522	485.52307	12896.361	292.59705	297.82425	13847	1818.1083	490.26883	12958.615
F5_S21_subsampled_depth_15G_contig_14154	12.915067	12.490481	10777	43.332645	1.2131159	39.189102	13.0191965	12.534277	10708	45.49533	1.2035537	39.20144	13.076224	12.598044	10812	41.56938	1.2343253	40.259563	10.639011	10.125976	10829	34.105762	1.0122722	34.626602	11.305927	10.7936125	10829	32.522343	1.0727569	36.59807	11.0268755	10.538854	10784	34.39308	1.050393	35.71681	8.74595	8.0401535	10738	47.6132	0.7013159	6.1798654	6.934919	6.512015	10375	31.92768	0.55129963	4.1926107	9.301246	8.49766	10760	54.430412	0.7374979	5.784313	6.23373	6.0092583	10662	14.205902	11.611489	310.42032	8.067515	7.890981	10628	18.585907	14.348576	381.1239	7.3577113	7.1833973	10829	10.608497	12.927742	341.70148
F5_S21_subsampled_depth_15G_contig_14162	34.895153	29.92043	34657	1499.2551	3.1653621	102.2555	34.369442	29.684391	34665	1420.2505	3.1177166	101.548416	33.88171	29.20253	34667	1400.0973	3.09768	101.03605	35.16311	29.34226	34667	2078.6062	3.2194018	110.12553	33.41707	27.669779	34665	2013.33	3.0364413	103.59089	35.07805	29.114109	34667	2035.0372	3.2087495	109.108055	0	0	0	0	0	0	0	0	0	0	0	0	0	0	0	0	0	0	70.94052	70.871056	34667	188.47166	127.78681	3416.2375	108.913666	108.85567	34667	252.14626	189.84758	5042.691	82.75102	82.55399	34667	155.55522	139.75905	3694.0625
F5_S21_subsampled_depth_15G_contig_745|provirus_2_24438	191.02162	187.22389	24437	6486.0703	17.483656	564.8009	197.22699	193.60309	24437	6446.3755	18.036816	587.48456	201.66608	197.10875	24437	7584.6455	18.623228	607.42755	215.01593	211.53053	24437	7202.667	19.859455	679.3287	216.99387	214.33963	24437	7058.75	19.929562	679.9146	218.02982	214.56943	24437	6825.392	20.113972	683.94116	19.141434	17.127224	23367	414.67096	1.4568431	12.837429	15.801745	14.490599	22864	228.78178	1.1634971	8.84835	20.049616	18.777575	23888	294.47845	1.4779276	11.591614	17.614897	17.483965	24437	56.11937	35.208332	941.2554	14.368798	14.247952	24275	44.211376	25.16607	668.4559	18.93968	18.84885	24396	47.64212	32.08954	848.17957
F5_S21_subsampled_depth_15G_contig_4369|provirus_95109_113788	27.08559	27.09006	18680	57.79729	2.471654	79.845566	27.403023	27.577766	18634	67.132385	2.4958072	81.29197	29.638208	29.698885	18618	86.61681	2.7189493	88.683075	33.077927	33.181797	18673	64.17189	3.041292	104.03293	33.40545	33.478714	18658	69.83113	3.0625093	104.48025	32.974205	33.03022	18656	74.03076	3.03355	103.15071	0	0	0	0	0	0	0	0	0	0	0	0	0	0	0	0	0	0	2.924285	2.7914617	16234	4.9009004	5.7264285	153.08968	2.2110631	2.1023505	15790	2.874172	3.8509378	102.28778	3.0108473	2.7943997	15572	6.2955813	5.1048484	134.92966
F5_S21_subsampled_depth_15G_contig_4777|provirus_128_14807	10.340399	9.988684	14680	20.781084	0.97224945	31.40805	10.590777	10.423077	14680	17.046097	0.9940296	32.376938	11.081418	10.800428	14680	17.324984	1.0542922	34.38749	10.601927	10.396315	14668	19.817581	1.0072298	34.454124	9.330558	8.958786	14680	19.558771	0.8762607	29.894411	9.884171	9.73811	14680	13.848028	0.92793405	31.552816	2.2326221	2.0672886	12012	3.8839378	0.18409842	1.6222422	2.020234	1.8486772	11610	3.3758724	0.15542771	1.1820221	3.3017206	3.1461232	13850	5.5389395	0.255392	2.0030797	10.524982	10.225187	14680	23.145674	19.775856	528.6855	12.883069	12.563465	14680	29.165833	23.182589	615.77106	13.817344	13.346077	14680	32.413193	23.91013	631.98444
F5_S21_subsampled_depth_15G_contig_5133|provirus_2_16885	16.090117	11.626145	16884	686.70905	1.8487123	59.721718	16.308653	11.613863	16884	818.7688	1.9172723	62.448307	18.80937	13.389656	16884	1030.3087	2.174021	70.909325	21.347734	15.305604	16884	1229.4456	2.4522588	83.88398	21.500956	15.310451	16884	1332.9369	2.4868462	84.840965	21.04936	14.759859	16884	1356.7434	2.4351094	82.801765	0	0	0	0	0	0	0	0	0	0	0	0	0	0	0	0	0	0	0	0	0	0	0	0	0	0	0	0	0	0	0	0	0	0	0	0
F5_S21_subsampled_depth_15G_contig_5695|provirus_2_30917	30.425892	30.101517	30779	306.27557	2.7717187	89.53902	29.978645	30.151896	30526	277.5625	2.7271605	88.827484	29.833387	29.835573	30768	276.17624	2.7408888	89.39866	28.001268	28.033514	30587	262.78525	2.5730908	88.01728	27.197653	27.184544	30732	230.68494	2.4836257	84.73108	27.668238	27.515673	30634	280.69684	2.5433507	86.4823	3.8958266	3.4407368	24367	18.363956	0.29987139	2.6424112	3.4155886	3.1219935	25733	10.2907295	0.25472617	1.9371825	4.175876	3.821163	25460	15.34365	0.31034836	2.4341106	2.9799454	2.7909353	24785	6.7656956	6.063336	162.0965	2.9263148	2.7092452	25016	6.4658523	5.152817	136.86795	3.3919587	3.187938	25111	8.736043	5.7505136	151.99554
F5_S21_subsampled_depth_15G_contig_5742|provirus_13187_34423	48.054585	47.203384	21237	366.83334	4.3809805	141.52539	49.08422	48.2987	21233	427.46637	4.4807653	145.94495	51.734432	50.91817	21220	429.17593	4.7747154	155.73524	52.25765	51.416092	21237	438.89368	4.8184505	164.82384	50.98786	50.13104	21234	424.01138	4.6637897	159.10928	52.15512	51.209915	21225	425.73328	4.807487	163.47038	26.424574	25.842352	21192	129.06866	2.0226943	17.823618	19.115711	18.63781	21234	78.128784	1.4248686	10.836077	28.164936	27.65409	21225	133.48041	2.0902612	16.394241	2.6384501	2.487855	17903	4.357941	5.4001913	144.36809	2.3129416	2.1822014	18806	3.015266	4.027776	106.98496	3.045241	2.8363454	18977	5.7474546	5.13508	135.72865
F5_S21_subsampled_depth_15G_contig_7078|provirus_4877_23856	4.070207	3.999941	17959	5.872069	0.3676998	11.878367	3.8041422	3.7238023	18265	4.141467	0.34658504	11.288764	3.995911	3.8972151	18237	5.502825	0.36556613	11.92355	3.7541158	3.6365352	18200	4.6033015	0.34260195	11.719318	3.7992566	3.6954212	18601	4.3037434	0.34861392	11.893273	3.8389804	3.7831013	18078	4.8083158	0.35158908	11.955181	0	0	0	0	0	0	0	0	0	0	0	0	0	0	0	0	0	0	20.000053	19.917572	18962	26.828457	36.09154	964.86676	24.99692	24.993568	18976	34.509426	43.248142	1148.7476	21.219383	21.183502	18946	29.513569	35.610077	941.233
F5_S21_subsampled_depth_15G_contig_12367|provirus_7761_39215	11.274397	11.046601	31424	21.73687	1.0567136	34.136616	11.084587	10.892351	31455	21.000391	1.0360848	33.746727	12.270276	11.97473	31455	26.710077	1.1577331	37.7614	10.749369	10.3673115	31455	23.096594	1.0209047	34.92192	10.6827345	10.373735	31455	22.314753	0.9986382	34.06942	11.418367	11.011606	31455	28.784676	1.0743352	36.53094	2.5019646	2.1571605	23706	8.374397	0.19540103	1.7218391	0	0	0	0	0	0	0	0	0	0	0	0	204.03897	129.81494	31455	175063.58	408.83865	10929.845	213.59863	137.73228	31455	179872.13	414.40082	11007.225	247.51173	156.47311	31455	263214.4	465.54214	12305.049
F6_S22_subsampled_depth_15G_contig_191	8.311961	8.015892	15802	20.206987	0.779036	25.166368	8.301105	8.056971	15806	15.871966	0.7690565	25.049253	8.276263	8.029727	15734	17.333815	0.78005874	25.442923	9.849096	9.283647	15809	34.78237	0.9300587	31.814362	8.122293	7.8435616	15802	16.937208	0.7538911	25.71967	8.615812	8.3496275	15809	18.770767	0.80933774	27.520145	0	0	0	0	0	0	0	0	0	0	0	0	0	0	0	0	0	0	0	0	0	0	0	0	0	0	0	0	0	0	0	0	0	0	0	0
F6_S22_subsampled_depth_15G_contig_259	7.739614	7.658427	12943	12.305571	0.70820266	22.878122	8.050179	7.9490924	12967	12.303791	0.7403833	24.11533	8.107204	8.090579	12947	10.351693	0.7552613	24.634106	6.76871	6.6127915	13004	8.874457	0.6189517	21.172369	7.418469	7.325497	13003	11.182764	0.6910679	23.576387	7.3095536	7.184356	13001	9.531882	0.6775012	23.037271	0	0	0	0	0	0	1.7965614	1.6668108	0	2.5233803	0	0	3.4197915	3.3079517	11342	6.350175	0.25589448	2.0070205	0	0	0	0	0	0	0	0	0	0	0	0	0	0	0	0	0	0
F6_S22_subsampled_depth_15G_contig_521	7.4841304	7.324158	13964	13.837415	0.68051577	21.983723	8.139595	7.918861	13996	17.681337	0.7364629	23.987638	6.8331895	6.6843786	13963	12.631347	0.62522393	20.39271	7.1008906	6.918781	13980	13.413232	0.65224016	22.311056	8.021614	7.7701454	13899	24.238026	0.7377067	25.167519	7.125808	6.839556	13731	23.923128	0.6552893	22.281988	0	0	0	0	0	0	0	0	0	0	0	0	0	0	0	0	0	0	442.3688	429.12692	14076	31039.012	808.95654	21626.547	443.97485	438.2773	14076	23937.627	773.7868	20553.154	465.66733	459.97647	14076	26516.674	786.40643	20786.021
F6_S22_subsampled_depth_15G_contig_900	10.470075	10.171421	49265	31.482912	0.9521876	30.759937	9.637327	9.266106	49257	33.068336	0.87607795	28.535105	10.564264	10.245699	49337	36.681694	0.9651395	31.479628	10.464372	10.141746	49315	36.015587	0.958422	32.784557	9.924522	9.682932	49118	30.08797	0.90278107	30.799183	11.118117	10.806255	49365	39.80566	1.0160078	34.547604	4.9833174	4.7593975	47707	10.480686	0.3800076	3.3485563	4.8167963	4.6305275	47923	9.328163	0.35498774	2.6996675	5.6263676	5.3926983	47055	15.5273075	0.41654843	3.2670557	3.6655977	3.5119174	46146	6.332665	6.742847	180.26248	3.4621396	3.3459985	46369	4.8998137	6.0972505	161.95387	4.5183163	4.35344	48127	7.313804	7.748538	204.8066
F6_S22_subsampled_depth_15G_contig_1022	0	0	0	0	0	0	0	0	0	0	0	0	0	0	0	0	0	0	2.848	2.8555133	908	1.9688606	0.22897612	7.832545	0.87314284	0.8365019	794	0.38320237	0.12028526	4.1036367	0	0	0	0	0	0	0	0	0	0	0	0	4.8297143	4.643853	1023	11.862273	0.36740267	2.794085	1.9862857	2.0291507	931	0.76869047	0.14068122	1.103385	0	0	0	0	0	0	0	0	0	0	0	0	0	0	0	0	0	0
F6_S22_subsampled_depth_15G_contig_1426	223.21692	217.41254	49920	3645.6687	20.387869	658.6202	228.91495	223.35379	49920	3599.6086	20.892149	680.48706	221.89249	215.24245	49920	3922.074	20.421495	666.08124	204.0192	198.77101	49920	2980.6775	18.811663	643.4871	213.1192	208.0611	49920	2849.9797	19.504007	665.39655	207.13643	201.66338	49920	3161.4578	19.067215	648.34796	148.10457	144.60919	49895	4822.77	11.281017	99.40628	118.2522	115.40257	49920	2945.254	8.749062	66.536316	138.21437	135.57039	49915	3760.9507	10.234262	80.26892	0	0	0	0	0	0	0	0	0	0	0	0	0	0	0	0	0	0
F6_S22_subsampled_depth_15G_contig_1769	8.297615	7.073431	10186	80.243095	0.8925349	28.83289	7.7198973	6.4471803	9928	82.267166	0.8506702	27.707542	9.031661	7.876992	10248	71.887184	0.95080894	31.01222	10.216484	8.979444	10183	91.644005	1.0700693	36.603653	10.730681	8.982962	10049	160.253	1.1833335	40.370483	9.461858	8.047818	10235	105.67862	1.0336945	35.14899	0	0	0	0	0	0	0	0	0	0	0	0	0	0	0	0	0	0	0	0	0	0	0	0	0	0	0	0	0	0	0	0	0	0	0	0
F6_S22_subsampled_depth_15G_contig_1776	1.7004489	1.6369957	6467	1.3842705	0.15871556	5.1272283	1.8011155	1.6867161	5770	2.3745892	0.16409081	5.3446736	0	0	5648	0	0.15815157	5.1583767	7.03673	6.971437	7501	5.690897	0.6386685	21.846827	6.071963	6.0510807	7496	7.1808076	0.55519843	18.94109	6.8378453	6.754118	7501	9.360098	0.624951	21.250391	0	0	0	0	0	0	4.4817033	4.3886957	7296	5.539222	0.332239	2.5266662	2.056591	1.9421188	6619	2.4874094	0.15970601	1.2525989	0	0	0	0	0	0	0	0	0	0	0	0	0	0	0	0	0	0
F6_S22_subsampled_depth_15G_contig_2449	6910.6	6980.2817	13047	2071285.3	624.2322	20165.512	6542.339	6605.679	13047	1978474.8	590.7434	19241.352	7088.9517	7168.5947	13047	1831399.9	645.6469	21058.852	6425.1616	6499.6343	13047	1535456.3	585.79846	20038.3	6427.416	6502.0684	13047	1524217.6	581.7915	19848.332	6459.5645	6534.3447	13045	1414484.5	588.2105	20001.092	2191.4482	2209.1885	13047	894080.94	165.90048	1461.8845	1784.8752	1800.0101	13047	560151.8	131.27913	998.3728	2618.9158	2634.0002	13047	1154777.3	192.76764	1511.9065	20.072033	19.86898	12989	35.159275	36.87487	985.80835	19.785686	19.672754	12920	28.575644	34.444763	914.9142	18.26572	18.338013	12770	29.111237	30.654408	810.2468
F6_S22_subsampled_depth_15G_contig_3094	8.511124	8.334221	36659	13.2478695	0.784499	25.34286	8.84629	8.68021	36863	15.242709	0.8159275	26.575912	7.900531	7.749826	36875	10.879469	0.73618543	24.011925	11.196351	11.017396	36875	17.79194	1.0408254	35.603325	12.435426	12.244274	36875	22.05028	1.1471997	39.13775	12.167542	11.964451	36836	21.661638	1.131418	38.471928	0	0	0	0	0	0	0	0	0	0	0	0	0	0	0	0	0	0	0	0	0	0	0	0	0	0	0	0	0	0	0	0	0	0	0	0
F6_S22_subsampled_depth_15G_contig_3412	31.022251	30.220785	13616	295.46518	3.1369667	101.33819	29.551401	28.783007	13613	302.832	3.0157151	98.22615	30.68469	29.684029	13629	368.99213	3.1864514	103.93139	29.832666	29.092714	13608	318.93674	3.1051152	106.216095	28.950304	27.993572	13603	369.67273	3.00071	102.37191	28.524996	27.44874	13625	333.87552	2.9654498	100.83506	0	0	0	0	0	0	1.9184839	1.7026536	0	3.8478906	0	0	2.2030857	1.9343992	10947	5.1113386	0.17331521	1.3593383	540.0259	533.51135	13632	64620.203	1016.21844	27167.46	571.1608	568.1574	13631	74697.42	1039.8682	27620.76	670.38385	667.5257	13632	94596.19	1178.3005	31144.434
F6_S22_subsampled_depth_15G_contig_3984	6.959449	6.805071	11524	11.255377	0.6342413	20.488855	7.3028173	7.1410046	11543	11.41514	0.6634837	21.610598	8.1203375	8.01921	11541	12.403265	0.742108	24.205076	9.683227	9.483959	11543	19.114801	0.88507116	30.275482	9.451593	9.410727	11537	13.229064	0.8592384	29.313684	9.968314	9.829644	11543	19.849504	0.9065866	30.826923	0	0	0	0	0	0	0	0	0	0	0	0	0	0	0	0	0	0	0	0	0	0	0	0	0	0	0	0	0	0	0	0	0	0	0	0
F6_S22_subsampled_depth_15G_contig_3988	197.28386	173.59053	14880	42440.258	18.741304	605.4285	216.37311	190.68915	14879	50308.387	20.420967	665.13995	218.4835	191.78558	14879	53984.383	20.792515	678.1826	220.391	193.72981	14907	53686.844	20.97884	717.6195	228.6332	201.63759	14879	57517.35	21.46541	732.3115	218.34798	193.31355	14907	52377.83	20.73354	705.0084	100.617874	101.26282	14878	2082.7065	7.7321944	68.13465	84.463715	84.66664	14878	1508.674	6.328251	48.126114	98.35753	99.04728	14877	1813.6958	7.3330226	57.514057	0	0	0	0	0	0	0	0	0	0	0	0	0	0	0	0	0	0
F6_S22_subsampled_depth_15G_contig_5772	13948.839	13644.701	10925	114242530	1262.9868	40800.168	13904.383	13602.645	10956	112965110	1258.1724	40980.445	13808.857	13512.126	10923	111731550	1260.2272	41104.41	12055.626	11801.345	10987	83219760	1101.392	37675.11	12779.419	12504.427	10949	92508760	1159.2052	39547.313	12424.368	12164.604	10925	88568570	1133.5685	38545.05	6946.8726	6805.633	10930	27173190	527.68085	4649.826	6080.663	5947.2603	10893	21023176	448.49426	3410.7817	7022.02	6874.458	10898	28210116	518.3862	4065.7832	15.949617	15.093183	10689	203.3786	29.231476	781.4706	17.656824	17.11184	10710	212.54437	30.665314	814.5257	20.43785	19.853512	10816	238.22993	34.30138	906.64185
F6_S22_subsampled_depth_15G_contig_6127	17685.354	18258.37	65876	36585724	1606.3578	51892.6	17383.373	17954.65	65876	34879920	1578.2341	51405.313	16893.783	17436.232	65876	33728268	1547.0208	50458.664	16727.623	17258.787	65876	33279768	1533.659	52461.6	15923.113	16433.363	65876	29809744	1449.4453	49449.113	16243.313	16763.615	65876	31133446	1487.1978	50569.605	20170.88	20212.002	65876	76084830	1536.7313	13541.396	15499.6	15520.088	65876	45367404	1146.7184	8720.753	18367.822	18398.143	65876	62546340	1360.2448	10668.614	26.173859	26.374413	65296	124.60245	48.464294	1295.6384	27.769316	28.135561	65736	124.59375	48.380836	1285.0813	22.886513	23.000525	65570	94.20281	38.675667	1022.262
F6_S22_subsampled_depth_15G_contig_6354	9.449563	9.37556	16241	12.56357	0.86077905	27.807049	9.570277	9.4775095	16246	15.029181	0.8678277	28.266367	10.030876	9.964317	16248	14.67613	0.91938245	29.98721	12.509579	12.346008	16215	18.824203	1.1406692	39.018677	12.242358	12.225873	16191	15.945902	1.1209089	38.240784	12.405604	12.259558	16255	17.42427	1.1383027	38.70602	0	0	0	0	0	0	0	0	0	0	0	0	0	0	0	0	0	0	0	0	0	0	0	0	0	0	0	0	0	0	0	0	0	0	0	0
F6_S22_subsampled_depth_15G_contig_6408	5.34962	5.1163197	12291	13.339088	0.49110806	15.864996	4.5717983	4.353228	11976	12.162039	0.42403093	13.811287	4.1648498	4.041997	12251	7.072587	0.38385332	12.520011	4.3310328	4.2479744	12472	5.834016	0.39702302	13.580898	4.8382087	4.77407	12440	6.6789975	0.43748948	14.925347	4.1811624	4.0824256	12278	6.951962	0.38687566	13.15504	0	0	0	0	0	0	0	0	0	0	0	0	0	0	0	0	0	0	2.2616265	2.0861723	10196	4.4375854	4.006269	107.10318	2.8098972	2.68145	11533	4.8549953	5.0690584	134.64325	2.7030036	2.5436962	10786	4.9498253	4.83597	127.82267
F6_S22_subsampled_depth_15G_contig_7043	6.0531597	5.896199	14363	9.3170595	0.56235147	18.166492	6.330384	6.1688213	14496	9.226541	0.5912493	19.257816	6.1022086	5.9750752	14341	9.690291	0.56781995	18.520397	7.663973	7.519235	14503	10.342971	0.7120474	24.356886	8.481711	8.324793	14453	15.009715	0.78399634	26.746725	7.371281	7.206982	14492	9.760621	0.68638146	23.339235	0	0	0	0	0	0	0	0	0	0	0	0	0	0	0	0	0	0	0	0	0	0	0	0	0	0	0	0	0	0	0	0	0	0	0	0
F6_S22_subsampled_depth_15G_contig_7630	10.189455	10.068745	13473	17.839146	0.93068403	30.06527	9.40141	9.354554	13470	12.329109	0.85507053	27.850864	11.443861	11.275727	13483	13.723766	1.0486523	34.20355	10.632791	10.529789	13483	17.21108	0.9727522	33.274776	11.401635	11.292809	13483	13.055224	1.0363524	35.356087	11.408385	11.260145	13443	12.823536	1.0450824	35.536224	1.922073	1.8405967	11140	2.1011128	0.14462301	1.2743913	0	0	0	0	0	0	2.1642542	2.0501626	11177	2.8234537	0.15877694	1.2453117	0	0	0	0	0	0	0	0	0	0	0	0	0	0	0	0	0	0
F6_S22_subsampled_depth_15G_contig_7742	3.4915366	3.3380957	15695	5.917129	0.3228592	10.4298115	3.8703272	3.730879	16325	5.6652036	0.35590667	11.592387	4.564926	4.489335	16408	5.6647496	0.42276147	13.789072	3.1371493	2.8968701	16131	5.8034763	0.298723	10.21836	2.9303787	2.8522825	15041	3.8197722	0.27205035	9.281236	3.2118547	3.051432	15046	5.5294657	0.3024117	10.282989	0	0	0	0	0	0	0	0	0	0	0	0	0	0	0	0	0	0	0	0	0	0	0	0	0	0	0	0	0	0	0	0	0	0	0	0
F6_S22_subsampled_depth_15G_contig_8185	10.069284	9.901878	10964	17.429232	0.9164362	29.605022	9.550301	9.40388	10845	21.268183	0.8710309	28.370722	8.731916	8.5720005	10932	19.37657	0.81193674	26.482656	10.023464	9.992918	10975	16.10422	0.92207146	31.541142	11.232795	11.053782	10969	17.700052	1.029777	35.131763	8.59104	8.493893	10856	14.380497	0.7939603	26.997253	2.3028176	2.1518013	9502	3.7809832	0.18182822	1.6022359	0	0	0	0	0	0	1.8552425	1.7275993	9044	2.2688622	0.13947336	1.0939114	3.439261	3.2273426	9215	8.001691	6.560258	175.38112	4.122864	3.9918916	9907	8.278695	7.2218556	191.82527	4.7774596	4.55876	10181	11.921924	8.272759	218.66266
F6_S22_subsampled_depth_15G_contig_8644	2.676912	2.5634437	8935	3.8289502	0.24064942	7.77406	2.861128	2.8101194	9457	2.6796067	0.25827086	8.4122505	3.2513695	3.1090827	9337	4.883546	0.29495832	9.620561	3.4761615	3.3850574	9746	4.278066	0.3159027	10.806025	3.7551227	3.6529186	9351	5.7992163	0.33809868	11.534536	4.015825	3.932274	9681	4.528511	0.36232194	12.320136	0	0	0	0	0	0	0	0	0	0	0	0	0	0	0	0	0	0	0	0	0	0	0	0	0	0	0	0	0	0	0	0	0	0	0	0
F6_S22_subsampled_depth_15G_contig_8854	3.4103394	3.296859	16393	5.2232227	0.31545204	10.190518	3.5451188	3.3749359	16340	6.3293357	0.32621646	10.625333	4.0447726	3.868782	16220	7.714572	0.37243038	12.147444	3.3174474	3.2346795	16094	4.538423	0.3135195	10.724499	3.7976575	3.6551282	16965	5.746199	0.35419393	12.083641	3.8757212	3.730705	16811	5.857268	0.36121067	12.28235	0	0	0	0	0	0	0	0	0	0	0	0	0	0	0	0	0	0	0	0	0	0	0	0	0	0	0	0	0	0	0	0	0	0	0	0
F6_S22_subsampled_depth_15G_contig_10024	4.8802166	4.335302	9290	23.25615	0.43932787	14.192269	5.0894685	4.7311897	9746	16.42127	0.45631075	14.862679	5.220177	4.4647856	9513	31.765574	0.4709537	15.360934	5.4645667	5.0334644	10116	17.296116	0.49545956	16.94809	4.8528543	4.5901136	9352	12.203074	0.43715054	14.913779	5.437205	4.87675	9531	24.779007	0.49078763	16.68839	0	0	0	0	0	0	0	0	0	0	0	0	0	0	0	0	0	0	22.114666	22.181976	10104	45.224285	39.97995	1068.8192	21.40256	21.706583	10200	35.66291	36.66231	973.8166	20.282873	20.404747	10237	35.396297	33.7987	893.3555
F6_S22_subsampled_depth_15G_contig_10399	146.17383	131.00438	10028	19114.44	14.580742	471.0237	150.73021	134.92308	10028	20309.375	15.008477	488.84732	168.18718	152.5343	10028	23919.826	16.845121	549.43164	179.12381	160.91508	10028	28507.752	18.015974	616.2692	178.36293	160.20918	10028	26952.988	17.806992	607.50116	181.64041	163.3077	10028	27700.246	18.269703	621.23004	0	0	0	0	0	0	4.592326	3.640126	8199	40.87651	0.3887905	2.9567368	5.079571	4.375506	9138	29.22825	0.42696238	3.348732	12.598603	9.851777	9887	304.07224	28.821686	770.5158	9.360903	7.886527	8779	121.76414	17.920624	476.0039	14.601843	11.852789	9862	334.50125	26.80794	708.5781
F6_S22_subsampled_depth_15G_contig_11101	8.923084	8.544295	10434	28.001379	0.82362264	26.606724	8.83168	8.60847	10325	24.925764	0.81395745	26.511742	7.6565537	7.309097	10308	27.95419	0.72050977	23.500626	9.589557	9.363332	10434	18.799238	0.8904907	30.460863	9.563983	9.25767	10411	27.01049	0.88754344	30.27935	9.301342	9.008643	10354	26.203163	0.8708047	29.610218	0	0	0	0	0	0	0	0	0	0	0	0	0	0	0	0	0	0	0	0	0	0	0	0	0	0	0	0	0	0	0	0	0	0	0	0
F6_S22_subsampled_depth_15G_contig_11368	6.1053104	5.9552674	14290	10.757765	0.5593023	18.067974	6.0056624	5.90877	14238	10.089608	0.56083894	18.267324	5.074304	4.970153	14236	6.7476563	0.4723435	15.406267	5.6875215	5.623571	14384	7.4365354	0.5274763	18.043282	5.6370416	5.5337987	14309	8.215905	0.5224611	17.82423	5.554727	5.4270697	14315	8.76553	0.5098113	17.335249	0	0	0	0	0	0	0	0	0	0	0	0	0	0	0	0	0	0	0	0	0	0	0	0	0	0	0	0	0	0	0	0	0	0	0	0
F6_S22_subsampled_depth_15G_contig_11505	3.4527433	3.357306	11751	4.3354797	0.3157807	10.201137	3.8583531	3.7717261	11546	6.067135	0.34893006	11.365147	3.7296207	3.6364799	11344	6.5725784	0.3463383	11.2964	5.6786213	5.49968	12047	11.039928	0.51939046	17.766699	5.906885	5.7529926	11428	13.833547	0.5354102	18.266003	5.5625567	5.4925523	11879	10.143607	0.5074955	17.256521	0	0	0	0	0	0	0	0	0	0	0	0	2.3785474	2.2271771	9900	4.316052	0.1757515	1.3784463	260.7134	258.87555	12275	17005.795	479.0924	12807.997	267.01358	266.6543	12241	16986.84	472.47455	12549.768	268.38364	267.7804	12246	17855.574	459.9329	12156.785
F6_S22_subsampled_depth_15G_contig_11516	2.7050736	2.5024188	18616	4.8992167	0.24724478	7.9871187	2.1964872	2.0721314	17306	3.143209	0.19993654	6.5122166	2.6765985	2.5710714	18564	3.3658044	0.24588102	8.019818	2.8860512	2.7894766	19363	3.3151782	0.26486647	9.060238	2.701404	2.581671	18244	4.0453405	0.24551886	8.376099	2.8652086	2.722944	17802	4.693593	0.26116532	8.880482	2.395127	2.1730716	16233	5.077941	0.18166296	1.6007804	1.9195656	1.8175789	16063	2.4011042	0.1420221	1.0800734	2.8566957	2.7009838	17226	5.2209244	0.21172588	1.6605985	0	0	0	0	0	0	0	0	0	0	0	0	0	0	0	0	0	0
F6_S22_subsampled_depth_15G_contig_11772	7.2050285	7.039879	12209	11.197415	0.6886257	22.245703	6.7291374	6.568593	12200	11.569225	0.64911276	21.142527	6.8689933	6.7414317	12079	13.033623	0.6761274	22.053017	8.663799	8.594597	12241	9.603836	0.8255804	28.240475	7.331734	7.228154	12210	10.015255	0.705046	24.05327	8.820776	8.736011	12241	12.556048	0.845881	28.76272	0	0	0	0	0	0	0	0	0	0	0	0	0	0	0	0	0	0	0	0	0	0	0	0	0	0	0	0	0	0	0	0	0	0	0	0
F6_S22_subsampled_depth_15G_contig_11845	20.547388	17.541203	18393	411.35004	2.1114426	68.20909	20.36277	17.479322	18393	372.9814	2.0581377	67.0365	19.356466	16.108593	18393	406.24466	1.9979097	65.16513	17.557913	14.929655	18393	310.93805	1.8209726	62.289677	18.060078	15.147268	18393	311.02258	1.8463658	62.990395	18.400427	15.659115	18393	349.93005	1.8972554	64.51289	0	0	0	0	0	0	2.437757	2.2576284	15876	4.440526	0.18547502	1.4105312	2.5229952	2.1608503	15009	8.887024	0.1959961	1.5372283	8.994464	7.3050127	18101	107.81956	19.292742	515.76984	7.078551	5.9347706	18036	57.035217	13.9801445	371.33765	9.1920185	7.6173944	18320	91.95155	17.635586	466.13766
F6_S22_subsampled_depth_15G_contig_12336	18.364773	18.334295	38256	46.523342	1.677259	54.183018	18.002886	18.003849	38256	39.520325	1.6433719	53.526955	18.241615	18.195738	38256	33.09815	1.674867	54.62861	17.210125	17.117126	38256	38.477314	1.5839124	54.180588	16.198551	16.134272	38256	33.39131	1.4850062	50.662304	17.252348	17.13885	38256	32.135612	1.5890105	54.03157	8.148769	7.911914	37980	24.289667	0.62417287	5.5000987	8.23083	7.99688	38229	18.579859	0.61032104	4.64147	9.081562	8.874008	37936	25.383873	0.67731386	5.3122787	0	0	0	0	0	0	0	0	0	0	0	0	0	0	0	0	0	0
F6_S22_subsampled_depth_15G_contig_12728	7.315703	6.87125	53686	23.264206	0.6638488	21.445307	6.89957	6.4505115	53874	23.589252	0.6257003	20.379957	6.7867017	6.2775946	53762	25.249525	0.62094766	20.253242	6.4835844	6.13972	53799	18.320822	0.5930214	20.28537	6.696108	6.386803	53488	16.580496	0.6098654	20.80611	6.18259	5.7681723	53601	18.356762	0.56609607	19.249132	5.6849246	5.1411347	52188	24.672457	0.43336338	3.8187191	4.0109434	3.5886936	49316	14.458393	0.29618102	2.252445	4.5966377	4.2479854	50810	14.448137	0.34090823	2.6737964	0	0	0	0	0	0	0	0	0	0	0	0	0	0	0	0	0	0
F6_S22_subsampled_depth_15G_contig_12748	6355.0483	4425.634	1275	251743520	811.54236	26216.469	6411.412	4469.8384	1338	255752240	819.2712	26684.816	6344.576	4428.277	1344	250399570	818.4412	26694.818	5526.91	3853.896	1344	190142260	713.85	24418.535	5870.138	4097.011	1301	214606380	751.3436	25632.758	5645.0376	3945.2993	1318	198411980	727.0456	24721.94	12355.083	12633.538	1344	8793854	1021.47125	9001.017	9269.716	9357.323	1344	7853800	752.54095	5723.0454	10186.727	10273.037	1344	9810761	828.2321	6495.9536	0	0	0	0	0	0	0	0	0	0	0	0	0	0	0	0	0	0
F6_S22_subsampled_depth_15G_contig_12844	4.314527	4.158368	16205	7.45725	0.41570008	13.428977	4.2118073	4.045229	16122	7.998761	0.40577227	13.216581	4.754746	4.622826	16666	7.2586784	0.45972288	14.994627	4.363209	4.2028036	16600	7.1832128	0.42021185	14.374114	4.2276974	4.074522	16514	6.839355	0.4104979	14.004495	4.132179	3.966012	16527	6.7513056	0.39688024	13.495235	0	0	0	0	0	0	0	0	0	0	0	0	0	0	0	0	0	0	25.973337	25.828737	16902	55.68444	47.30818	1264.7316	33.051956	33.036102	16914	70.893585	58.07828	1542.6631	33.0319	33.097534	16914	63.97905	56.159035	1484.3762
F6_S22_subsampled_depth_15G_contig_13099	10.264841	9.817796	39909	36.798378	0.93648046	30.252537	10.035302	9.568823	39810	35.896164	0.91057235	29.65863	9.311232	8.853639	39798	36.51561	0.8524363	27.803627	10.302506	9.89493	39921	37.445198	0.9465391	32.378082	9.990697	9.502696	39909	32.415802	0.90936506	31.023785	10.292123	9.983043	39921	28.065979	0.94424194	32.107334	0	0	0	0	0	0	0	0	0	0	0	0	0	0	0	0	0	0	3.252219	3.1054616	37081	5.1661806	6.1255703	163.7603	3.5257096	3.4232156	37412	5.0761495	6.2249074	165.34464	4.0610495	3.919877	38784	5.874423	6.905578	182.52585
F6_S22_subsampled_depth_15G_contig_13140	5.1719165	4.9038496	11945	12.230907	0.4750369	15.345839	4.8890085	4.6350155	11741	11.522704	0.44900107	14.624609	4.7320127	4.5536933	11701	10.71662	0.43593684	14.218808	5.6344495	5.4645424	11947	13.331007	0.5199542	17.785973	4.619695	4.4405966	11119	10.076859	0.42284116	14.425597	5.056532	4.815896	12118	11.071331	0.469593	15.967696	3.7558854	3.6902745	11303	5.458516	0.28288668	2.4927444	3.409151	3.3154356	11042	5.1203213	0.2511939	1.9103204	2.787964	2.695432	11279	3.6166468	0.2043343	1.6026255	0	0	0	0	0	0	0	0	0	0	0	0	0	0	0	0	0	0
F6_S22_subsampled_depth_15G_contig_655|provirus_57840_105872	17.851305	17.72078	48033	44.295914	1.6292953	52.63356	17.862602	17.843763	48033	47.011696	1.6306037	53.11106	17.596725	17.398886	48033	47.679066	1.6217066	52.89467	18.532799	18.505232	48033	48.856876	1.7084577	58.44089	17.057117	16.95554	48033	48.784992	1.5589197	53.183895	18.663366	18.58197	48033	51.760975	1.7225431	58.572124	0	0	0	0	0	0	0	0	0	0	0	0	3.2809138	2.9795103	39981	10.174521	0.24270552	1.903577	211.96713	211.24678	48033	800.86615	385.40018	10303.245	261.85944	261.573	48033	1193.625	458.0179	12165.774	236.2685	235.48589	48033	900.6875	400.79266	10593.613
F6_S22_subsampled_depth_15G_contig_873|provirus_46360_58137	33.99441	32.69501	11778	126.397736	3.2984757	106.55567	34.662884	33.497707	11778	137.7142	3.349926	109.1118	31.289474	30.312918	11778	116.70607	3.0684845	100.083755	30.273563	29.433403	11778	82.93257	2.9574053	101.163414	30.664259	30.029907	11778	66.42756	2.970593	101.344376	31.199518	30.164055	11778	110.68988	3.077551	104.64688	0	0	0	0	0	0	0	0	0	0	0	0	0	0	0	0	0	0	6.130719	5.655169	11426	21.131102	13.339424	356.6145	5.4502926	5.151347	11645	13.1317005	10.460684	277.85434	7.267458	6.619052	11773	24.394793	13.501061	356.85538
F6_S22_subsampled_depth_15G_contig_2773|provirus_3_15006	27.779184	27.770231	15004	54.927456	2.5208697	81.43544	30.858421	31.003067	14993	65.0958	2.807402	91.44104	32.101387	32.391026	15002	76.30802	2.9373655	95.8071	33.72102	34.00464	15001	86.542786	3.0981414	105.97761	33.519253	33.59581	14978	76.111496	3.0540972	104.19328	35.92002	35.995888	14978	80.42375	3.296177	112.080894	0	0	0	0	0	0	0	0	0	0	0	0	0	0	0	0	0	0	2.8208563	2.7365744	13597	3.7464685	5.347059	142.94765	2.6608994	2.5590875	13646	3.536319	4.602646	122.254555	3.0597146	2.9228122	13534	4.9965687	5.172331	136.71324
F6_S22_subsampled_depth_15G_contig_2773|provirus_27077_100836	25.90947	25.77695	73760	40.352238	2.3648658	76.3958	26.439302	26.23757	73760	48.748497	2.4138908	78.62386	28.043201	27.877012	73760	47.441128	2.5807884	84.17672	31.532604	31.382988	73760	51.042915	2.9041834	99.34288	31.25938	31.10732	73760	61.710823	2.8642673	97.71703	32.503628	32.359985	73760	50.681683	2.994337	101.817314	0	0	0	0	0	0	0	0	0	0	0	0	0	0	0	0	0	0	3.1118734	2.978883	67271	4.9044776	6.156547	164.5884	2.4483087	2.3365433	65764	3.0427775	4.287618	113.886856	3.054191	2.9460528	68446	4.06215	5.157536	136.32214
F6_S22_subsampled_depth_15G_contig_6614|provirus_24058_56033	119.699776	119.41772	31976	3743.3013	11.121194	359.26465	123.87293	123.51592	31976	4098.938	11.540564	375.89243	133.534	132.94987	31976	4867.5396	12.556037	409.53607	145.68529	145.2824	31976	5776.653	13.701428	468.68225	143.6791	143.46317	31976	5106.7466	13.448958	458.82312	146.61528	146.00615	31976	5498.703	13.7651	468.0587	0	0	0	0	0	0	0	0	0	0	0	0	4.5098977	4.1419144	25831	17.073038	0.34307477	2.6907895	13.166247	11.678187	31557	1151.875	32.51225	869.1784	10.442217	9.086196	31079	1056.1825	24.198296	642.74994	13.950795	12.616255	31592	1088.1025	29.385696	776.7124
F6_S22_subsampled_depth_15G_contig_6818|provirus_11983_26601	9.295045	9.223758	14619	10.845832	0.854619	27.60805	9.14265	9.061967	14619	11.53605	0.8391425	27.332062	8.835027	8.777778	14610	11.20744	0.81147474	26.467607	9.358283	9.315518	14619	10.707812	0.868831	29.719929	9.016656	8.89365	14617	12.952239	0.8236923	28.100988	9.089986	9.049989	14580	12.174515	0.8346642	28.38133	0	0	0	0	0	0	0	0	0	0	0	0	0	0	0	0	0	0	131.3477	131.25072	14619	248.91125	242.57469	6484.964	141.9024	141.75467	14619	246.43379	248.68257	6605.4526	152.73785	152.69562	14619	297.09732	258.97382	6845.105
F7_S23_subsampled_depth_15G_contig_192	80.88886	77.46993	29932	1674.505	7.3838544	238.53174	80.13357	77.46702	29922	1576.1835	7.304985	237.93375	78.87479	75.714	29932	1709.6162	7.250534	236.4882	76.92643	73.74575	29922	1692.2903	7.0874543	242.43922	79.15335	75.73985	29932	1785.1957	7.2267027	246.54541	77.97955	74.18975	29932	1786.8112	7.165071	243.63591	5.546068	5.0730114	28018	22.960957	0.42630664	3.7565336	4.7506213	4.2177286	26063	22.027832	0.35524076	2.7015939	6.0287085	5.2877927	27946	32.84505	0.45470053	3.5662878	0	0	0	0	0	0	0	0	0	0	0	0	0	0	0	0	0	0
F7_S23_subsampled_depth_15G_contig_954	10.000783	9.7779665	28092	26.059345	0.9196085	29.707489	9.599793	9.351174	28123	23.933931	0.87647176	28.547926	9.370179	9.048818	28064	27.291252	0.8645127	28.197525	8.373808	8.172978	28144	18.999662	0.7714466	26.38872	8.755657	8.488576	28160	19.91382	0.80232507	27.372025	9.275331	9.032651	28038	23.331207	0.85385245	29.033794	0	0	0	0	0	0	0	0	0	0	0	0	0	0	0	0	0	0	0	0	0	0	0	0	0	0	0	0	0	0	0	0	0	0	0	0
F7_S23_subsampled_depth_15G_contig_1091	3.3885992	3.2392936	10468	5.7635937	0.30945623	9.996828	3.6465259	3.5242617	11144	5.510088	0.3311981	10.787594	4.0953765	3.7708669	10980	11.368852	0.37246817	12.148672	4.120417	3.8611717	11069	8.827636	0.3774463	12.911244	3.9006069	3.7696326	11170	6.398069	0.35487643	12.106918	3.9334245	3.7702973	10766	6.9142857	0.35716555	12.144803	0	0	0	0	0	0	0	0	0	0	0	0	0	0	0	0	0	0	6.356038	5.0617228	10250	78.29476	11.716723	313.23352	8.243569	6.680657	10352	123.7887	15.119808	401.60916	7.8489017	6.699649	10605	81.673065	13.995701	369.9296
F7_S23_subsampled_depth_15G_contig_1235	320.04935	321.7464	13359	6642.5684	28.941793	934.94995	307.25375	309.31137	13359	5707.5083	27.770824	904.535	309.67197	312.16327	13359	4519.6416	28.22535	920.6169	409.77878	414.1423	13359	13675.058	37.35937	1277.9452	404.85388	407.21405	13359	12202.971	36.663364	1250.803	403.16724	406.97888	13359	11611.213	36.687252	1247.4872	374.1361	378.00522	13357	24952.547	28.306192	249.42903	299.80817	303.2207	13355	15512.228	22.034487	167.5715	434.46188	439.35275	13355	32855.094	31.947186	250.56676	3.4457567	3.2631004	12238	8.8452	6.87166	183.70619	3.368385	3.1568677	12206	6.5207024	6.0701365	161.23358	2.1129532	1.9844394	11106	2.720584	3.701967	97.849075
F7_S23_subsampled_depth_15G_contig_1600	1740.0282	1498.0593	125522	2655999.8	158.16104	5109.315	1785.2489	1547.6411	125563	2631762	162.17918	5282.4043	1698.59	1451.8126	125522	2709986	155.66103	5077.1426	2396.8823	2164.803	125551	2567920	219.9005	7522.094	2463.6912	2244.7893	125571	2425877.5	224.43855	7656.9185	2399.9114	2169.21	125522	2578932	219.87183	7476.3657	1345.6431	1178.782	125568	1516121.8	102.567924	903.8094	1123.4297	989.4138	125571	985981.9	83.160225	632.4306	1195.533	1039.542	125568	1287811.4	88.605415	694.9463	4.0130363	3.7784352	116589	9.297989	7.523453	201.13107	4.060564	3.79556	118187	9.220825	7.0868893	188.24048	4.2854066	4.0344353	119747	9.559253	7.2284346	191.05956
F7_S23_subsampled_depth_15G_contig_2451	5.0966797	4.333999	10382	28.049122	0.48758182	15.751084	4.73607	3.9844456	10044	28.187286	0.4490227	14.625307	4.7810993	4.199895	10259	18.946213	0.46190575	15.065824	5.705704	5.2851286	10424	20.03798	0.5331264	18.236551	5.5002365	4.835943	10570	24.158443	0.5149482	17.567919	5.2833223	4.6199684	9921	27.235804	0.5247	17.841526	0	0	0	0	0	0	0	0	0	0	0	0	0	0	0	0	0	0	0	0	0	0	0	0	0	0	0	0	0	0	0	0	0	0	0	0
F7_S23_subsampled_depth_15G_contig_2490	1094.8477	1114.2555	49516	171057.5	99.445625	3212.5408	1109.0104	1128.8488	49467	171094.36	100.71557	3280.4482	1071.8676	1087.9767	49601	169614.08	98.17059	3201.9976	1118.5121	1136.8958	49494	184001.8	102.55106	3507.9456	1088.0468	1107.6206	49606	168109.92	99.04838	3379.1238	1137.5603	1155.6204	49606	189941.1	104.15574	3541.6377	44.169647	43.687702	46406	540.46124	3.364005	29.642994	40.504326	40.134727	46257	466.4617	2.9908578	22.745375	67.07061	66.65106	47830	1206.1089	4.9649363	38.940758	8.654602	8.514783	48417	20.458027	17.442883	466.31595	7.3407474	7.2420244	47868	17.253174	13.246348	351.84656	11.356903	11.297358	48851	27.044605	19.473707	514.72217
F7_S23_subsampled_depth_15G_contig_2562	9.229098	9.1233835	10430	19.787844	0.85035664	27.47035	7.9203687	7.8552804	10448	13.337242	0.72694916	23.677761	9.1891365	9.100216	10458	21.53645	0.8466376	27.614502	10.164888	9.963038	10450	23.685493	0.9384326	32.100784	10.09224	9.992995	10457	21.310432	0.9206985	31.410448	10.334335	10.253125	10460	14.771031	0.95431787	32.44995	0	0	0	0	0	0	0	0	0	0	0	0	0	0	0	0	0	0	0	0	0	0	0	0	0	0	0	0	0	0	0	0	0	0	0	0
F7_S23_subsampled_depth_15G_contig_2564	5.9471335	5.686487	10868	10.487543	0.5717947	18.471554	5.492149	5.1819963	10913	9.986441	0.5413779	17.633448	6.5897055	6.3464437	10881	13.391578	0.6459084	21.067392	7.3644896	7.121916	10739	16.177767	0.7059195	24.14725	7.846883	7.4763083	10913	17.489843	0.7494177	25.567043	7.772833	7.412099	10907	17.408997	0.7567787	25.73297	0	0	0	0	0	0	0	0	0	0	0	0	0	0	0	0	0	0	0	0	0	0	0	0	0	0	0	0	0	0	0	0	0	0	0	0
F7_S23_subsampled_depth_15G_contig_3237	5.4757075	5.195747	47700	12.1413355	0.49758157	16.074127	5.6283255	5.347188	47790	13.053212	0.5128345	16.70374	5.8671227	5.574822	47020	15.061767	0.53807783	17.5503	5.9944844	5.752275	47267	13.302974	0.55023885	18.82192	6.109632	5.8320394	47926	14.644646	0.55731136	19.013172	6.0621047	5.8864594	46952	12.096197	0.5560611	18.907898	2.240622	1.8829343	37382	6.738135	0.17137253	1.510103	2.4459305	2.091284	38052	7.7061067	0.18225497	1.3860431	2.5314257	2.1804254	38867	7.760962	0.1873345	1.4692935	3.0971074	2.9170794	43814	5.550727	5.815188	155.46252	2.639067	2.5040665	43417	3.7582033	4.6557846	123.66593	4.201348	3.9552565	46125	9.127091	7.150975	189.01202
F7_S23_subsampled_depth_15G_contig_3395	4.1430154	4.0200477	12551	5.4485183	0.37782735	12.205529	3.81203	3.748615	12286	4.1901674	0.34658137	11.288646	4.3188763	4.210938	12171	6.397834	0.4002832	13.0559025	3.9980214	3.9475951	12271	4.4477563	0.3682297	12.595965	4.2172537	4.1412115	12476	4.8605857	0.3814548	13.013675	4.355837	4.2107625	12561	6.0125184	0.40656203	13.824452	0	0	0	0	0	0	0	0	0	0	0	0	0	0	0	0	0	0	22.329006	21.45019	12741	94.30913	40.848545	1092.0399	26.808784	25.333157	12778	169.06554	47.77458	1268.9783	22.690067	21.75134	12772	102.401955	38.999107	1030.811
F7_S23_subsampled_depth_15G_contig_3610	7.417328	7.1898437	10607	11.250457	0.67730796	21.880106	6.800708	6.7360034	10607	8.076191	0.61630577	20.073946	6.7836857	6.618825	10465	13.0907345	0.62292695	20.317799	6.5960603	6.415702	10586	13.219372	0.611745	20.925844	6.130439	6.03697	10607	5.4609885	0.55922824	19.078562	5.6943674	5.615744	10460	7.302715	0.52903944	17.989075	0	0	0	0	0	0	0	0	0	0	0	0	1.7610214	1.5856794	8287	2.7972257	0.1307176	1.0252392	0	0	0	0	0	0	0	0	0	0	0	0	0	0	0	0	0	0
F7_S23_subsampled_depth_15G_contig_3758	5.869138	5.780926	13838	7.9494147	0.5350817	17.285543	5.361081	5.2829733	13801	6.918246	0.48685944	15.857704	4.9800563	4.888657	13690	6.317134	0.46148053	15.051966	5.1593323	5.0443926	13835	7.7742224	0.47569165	16.27189	5.9337378	5.808461	13717	9.297892	0.54056287	18.44177	5.023484	4.9096894	13759	7.4883204	0.46618754	15.851914	2.0411158	1.9456531	11231	2.8297157	0.1565101	1.379138	1.8917552	1.8113511	11405	2.0213797	0.14172734	1.0778314	2.5429583	2.4160712	11459	3.9846957	0.18950814	1.4863423	25.853168	25.385647	13835	296.8593	47.424248	1267.8339	26.099573	25.121458	13459	366.796	45.682247	1213.4025	26.680035	26.062937	13724	323.142	45.468723	1201.8135
F7_S23_subsampled_depth_15G_contig_4099	9.087134	8.9183445	37277	23.535816	0.82813895	26.752617	9.346314	9.15947	37061	24.490452	0.8499162	27.68298	9.327633	9.136271	37416	24.735935	0.8565173	27.936735	8.7236395	8.501698	37124	25.281126	0.8034408	27.483139	9.442241	9.287195	37378	22.548206	0.86049426	29.356516	8.744411	8.63109	37051	21.886	0.8034746	27.320778	0	0	0	0	0	0	0	0	0	0	0	0	2.0238006	1.8744788	30046	3.0506546	0.1495341	1.1728201	4.6547575	4.4596486	35370	10.628587	8.525527	227.92049	4.882337	4.6088743	36315	11.658405	8.742734	232.22263	5.066899	4.7895474	36248	12.281782	8.862246	234.24382
F7_S23_subsampled_depth_15G_contig_4227	6.0414066	5.893411	14142	8.938908	0.55405855	17.898582	4.67696	4.5540743	13950	6.9420314	0.4283563	13.952171	4.8304443	4.7359843	14008	6.3035073	0.4435503	14.467135	5.706576	5.491306	13669	12.615397	0.521593	17.842035	6.2596674	6.1351266	14152	9.824624	0.56893504	19.409727	5.3052144	5.2024174	14225	7.0575256	0.4912146	16.702911	2.0271597	1.8946589	11496	2.974206	0.15363748	1.3538245	1.7467892	1.6219103	11847	2.1293104	0.13076873	0.9944913	2.570356	2.428148	12222	3.9027035	0.19258583	1.5104817	0	0	0	0	0	0	0	0	0	0	0	0	0	0	0	0	0	0
F7_S23_subsampled_depth_15G_contig_5329	15.740331	15.337203	31181	82.64905	1.4338748	46.32062	15.240379	14.883622	31222	82.42893	1.3910154	45.30737	15.757145	15.382032	31126	94.655014	1.451572	47.345432	19.150877	18.859154	31255	116.894646	1.7637823	60.333393	18.713743	18.48898	31255	102.21894	1.7085046	58.28716	20.101784	19.842222	31222	122.66351	1.8470117	62.80451	4.6040506	4.4990535	29625	7.8934383	0.3502511	3.086347	3.3849864	3.229541	29336	5.6124873	0.25054586	1.9053915	4.3324866	4.1262727	29312	9.526924	0.32082307	2.516266	0	0	0	0	0	0	0	0	0	0	0	0	0	0	0	0	0	0
F7_S23_subsampled_depth_15G_contig_6529	3.97031	3.8886104	11468	4.5259457	0.36353603	11.7438545	4.472003	4.293567	11424	6.282056	0.40433967	13.169914	4.4733047	4.4133472	11371	5.78343	0.40901256	13.340632	5.058686	4.897001	11546	8.114804	0.4673353	15.986057	4.6840005	4.515093	11422	6.96907	0.42967615	14.658792	4.59684	4.481242	11511	6.1670184	0.42063224	14.302885	0	0	0	0	0	0	0	0	0	0	0	0	0	0	0	0	0	0	0	0	0	0	0	0	0	0	0	0	0	0	0	0	0	0	0	0
F7_S23_subsampled_depth_15G_contig_6879	28.922825	28.669624	25443	48.14127	2.651539	85.65664	26.706678	26.499495	25443	39.23709	2.445167	79.642586	27.681532	27.363409	25443	46.255478	2.56007	83.50094	30.146404	29.936043	25443	51.28408	2.7912438	95.479546	27.146364	27.026796	25443	42.717777	2.4945245	85.10295	28.455067	28.29238	25443	39.70196	2.629833	89.42296	0	0	0	0	0	0	0	0	0	0	0	0	1.7829044	1.6796837	19531	2.3221939	0.1355841	1.0634075	2.765943	2.589238	22245	6.314502	5.406956	144.54897	3.019531	2.8159015	23461	9.395238	5.7060475	151.5629	2.9307714	2.6838129	23400	10.429852	5.482344	144.90742
F7_S23_subsampled_depth_15G_contig_9219	17.293064	13.667524	50664	1559.3901	2.0442038	66.03699	17.425531	14.021378	50668	1304.6031	2.037589	66.36718	17.154005	13.596881	50602	1503.9098	2.0570855	67.095276	17.024586	13.628442	50662	1377.9829	2.039225	69.75541	16.727484	13.264516	50668	1505.0946	1.9904711	67.9067	16.853378	13.368369	50668	1427.5336	2.0256238	68.87787	2.6555288	2.2880926	42964	11.857068	0.22303225	1.9653182	2.2027001	1.8710521	39428	8.637495	0.18493704	1.4064395	3.0401442	2.6275182	44509	17.226807	0.25285113	1.9831518	9.714696	1.8470793	39102	12572.555	38.102894	1018.6379	0	0	0	0	0	0	10.58589	2.2754464	42752	13498.647	38.85686	1027.0513
F7_S23_subsampled_depth_15G_contig_9259	3.8375132	3.768237	13000	4.103565	0.34652656	11.194368	3.632619	3.6171901	12711	3.45581	0.3278225	10.677646	4.125399	4.009034	12577	6.883263	0.37418693	12.204726	3.0075998	2.8987672	12355	4.0581617	0.27284002	9.332992	3.3336372	3.234887	12809	3.560336	0.30058262	10.254646	3.1756346	3.0737083	12311	3.8711796	0.2921612	9.934444	0	0	0	0	0	0	0	0	0	0	0	0	0	0	0	0	0	0	0	0	0	0	0	0	0	0	0	0	0	0	0	0	0	0	0	0
F7_S23_subsampled_depth_15G_contig_9455	26.774036	23.533794	21464	496.83954	2.735822	88.37939	23.9904	20.899578	21503	404.62717	2.447991	79.73454	26.871775	24.10677	21503	437.9904	2.7545915	89.84558	21.520443	18.996202	21503	329.85233	2.2214792	75.98969	21.531448	18.694626	21503	403.39767	2.229147	76.049355	20.783169	17.961445	21394	361.2733	2.1678653	73.714554	0	0	0	0	0	0	0	0	0	0	0	0	2.3565307	2.0583277	17690	6.038063	0.19705206	1.5455102	0	0	0	0	0	0	0	0	0	0	0	0	0	0	0	0	0	0
F7_S23_subsampled_depth_15G_contig_10088	18138.867	18001.902	12806	10042244	1665.3092	53796.99	17350.12	17212.21	12806	9541881	1592.0806	51856.313	16843.238	16710.998	12806	8537492	1558.6759	50838.824	15413.845	15286.664	12806	7048090	1428.6685	48870.195	14490.77	14374.468	12806	6169048	1332.7739	45468.76	15104.892	14972.632	12806	7130130.5	1398.0747	47539.125	17793.953	17514.469	12806	38485868	1359.3616	11978.446	13439.254	13218.661	12806	22571370	996.54553	7578.6904	18403.316	18070.137	12806	40931324	1366.7296	10719.475	383.294	387.8693	12806	2856.7012	702.3625	18776.877	463.0701	468.37738	12806	3663.7283	815.432	21659.33	428.4714	433.60358	12806	3355.7393	731.23236	19327.68
F7_S23_subsampled_depth_15G_contig_11063	3.2692962	3.2323787	12012	3.7795	0.2954852	9.545501	3.096326	2.970331	12109	4.3499646	0.27965692	9.108824	3.404446	3.3122106	12082	4.596735	0.30943638	10.092785	3.2927601	3.1654947	11980	5.181209	0.30022016	10.269581	3.416255	3.3235295	12440	4.6342063	0.30939648	10.555332	3.2235258	3.139513	12197	4.2166476	0.29140422	9.908698	0	0	0	0	0	0	0	0	0	0	0	0	0	0	0	0	0	0	0	0	0	0	0	0	0	0	0	0	0	0	0	0	0	0	0	0
F7_S23_subsampled_depth_15G_contig_11742	11.650231	11.5913725	92735	22.582996	1.0618564	34.302757	11.458486	11.402061	92851	19.963991	1.0414932	33.92291	11.953606	11.914445	92766	21.309492	1.0969715	35.77954	12.534849	12.503265	92711	25.106594	1.1520165	39.406807	12.035318	12.0217	92669	20.947824	1.0981214	37.463394	12.417052	12.348463	92815	24.410942	1.1411294	38.80215	11.163836	10.905829	92574	27.511215	0.8536736	7.5224123	9.542798	9.342532	92660	20.035028	0.70969063	5.39717	10.1839485	9.943155	92689	25.461403	0.7553862	5.9246135	0	0	0	0	0	0	0	0	0	0	0	0	0	0	0	0	0	0
F7_S23_subsampled_depth_15G_contig_11786	8.934296	8.162974	10682	40.743187	0.8583051	27.72713	8.888815	8.346308	10648	31.587961	0.86419576	28.148088	9.006836	8.112131	10671	43.92	0.8742392	28.514784	10.108147	9.286498	10682	44.9243	0.9848442	33.6884	9.783042	9.176899	10682	35.92662	0.927213	31.632689	10.476928	9.883861	10682	39.00896	0.9964395	33.882236	0	0	0	0	0	0	0	0	0	0	0	0	0	0	0	0	0	0	46.201195	44.428585	10682	251.68398	87.71891	2345.0667	54.780003	53.01403	10682	236.0489	99.27545	2636.9336	46.26975	43.935337	10682	330.85928	82.67003	2185.1057
F7_S23_subsampled_depth_15G_contig_12139	272.70853	276.00378	42042	4573.5796	24.87702	803.6398	259.2934	262.58902	42044	4225.5366	23.635647	769.84674	258.5944	260.0294	42043	4703.7026	23.807549	776.52277	256.87897	258.1465	42045	5267.1655	23.671925	809.7412	241.75995	242.1818	42046	4833.2944	22.116222	754.5146	245.77403	246.7356	42046	5004.8594	22.620245	769.1627	130.67322	126.15479	40845	6451.1265	9.941143	87.599495	98.83645	95.58348	40608	3515.822	7.291698	55.45307	119.18286	114.81288	40706	4815.137	8.811796	69.112305	0	0	0	0	0	0	0	0	0	0	0	0	0	0	0	0	0	0
F7_S23_subsampled_depth_15G_contig_12894	37.863403	33.769188	8054	1418.5149	3.6498854	117.90769	72.88916	65.80255	8147	4186.1016	6.9888554	227.63701	92.20764	84.504745	8138	6214.914	8.954111	292.0532	9.32312	8.496881	7204	71.64762	0.8920388	30.51381	14.364136	12.914429	8248	169.41847	1.4089997	48.06928	15.216553	14.213046	7640	155.41837	1.482547	50.411446	112934.76	112738.484	8326	3818766600	8494.333	74850.48	111144.54	110938.67	8324	3680283400	8115.612	61718.914	82679.016	82518.33	8328	2057755400	6042.7417	47394.156	0	0	0	0	0	0	0	0	0	0	0	0	0	0	0	0	0	0
F7_S23_subsampled_depth_15G_contig_13354	37.48138	36.38601	53063	149.4202	3.4008744	109.863594	39.061012	38.020367	53063	161.61006	3.5470188	115.53147	38.037884	37.006466	53063	153.88443	3.4801755	113.51168	38.38932	36.91978	53064	226.00446	3.519568	120.39316	37.84115	36.629864	53073	177.55655	3.4438252	117.48913	39.12673	37.462765	53073	241.05832	3.579825	121.7258	9.276382	7.8690557	50009	99.542015	0.70409393	6.204343	8.444003	7.3487854	50233	75.516396	0.6233743	4.74074	9.74616	8.52426	51022	89.22256	0.7195816	5.6437926	29.852823	29.696165	53073	46.588223	54.38997	1454.0549	34.468285	34.301926	53073	54.074562	60.22443	1599.6687	32.453056	32.287983	53073	49.35664	54.915363	1451.5037
F7_S23_subsampled_depth_15G_contig_13803	7.6510496	7.505355	11233	9.590878	0.694611	22.439064	8.235066	8.209188	11224	10.758487	0.74647516	24.313766	9.323453	9.229306	11249	12.870681	0.87064	28.397387	6.6650147	6.6304674	11150	8.055193	0.6161053	21.075008	6.9257593	6.8673806	11225	8.225339	0.63082606	21.521193	8.145959	8.033931	11221	11.505817	0.75133353	25.547813	0	0	0	0	0	0	0	0	0	0	0	0	0	0	0	0	0	0	4.762231	4.617756	11124	6.4575176	9.73785	260.33063	5.117488	5.030027	10903	6.3767176	8.952771	237.8015	5.971529	5.8628764	11179	9.239235	10.280704	271.7359
F8_S24_subsampled_depth_15G_contig_207	2.509081	2.423502	9494	3.0986083	0.22792627	7.3630486	2.898786	2.725337	9846	4.693753	0.26226705	8.54241	2.37419	2.2854102	10003	2.5627801	0.21609597	7.0483255	1.9703386	1.8664707	0	2.8458707	0	0	2.1446564	2.011457	8782	3.1911025	0.19240732	6.5641503	2.648444	2.5598702	10261	3.2157543	0.24206057	8.230855	9.831888	9.587245	10796	32.89142	0.74228257	6.5408545	7.823492	7.7416606	10813	16.56413	0.5704092	4.337943	12.038332	12.006489	10901	34.058403	0.8898106	6.978924	2.1034956	2.0015209	9237	2.6559544	4.0051312	107.07275	2.1195583	1.9644125	8903	3.2611701	3.7210975	98.839005	2.3709044	2.3030517	9511	2.61981	3.9958866	105.61792
F8_S24_subsampled_depth_15G_contig_548	12.5204525	10.351018	37031	203.95103	1.1662424	37.67489	12.832597	10.849953	37191	174.4195	1.1894906	38.743393	12.971611	10.634217	37054	221.67403	1.2187861	39.752747	18.915234	16.892561	37096	233.9787	1.7629089	60.30354	18.125725	16.176205	37015	205.15704	1.6766022	57.198772	18.812677	16.942537	37700	216.50351	1.7543432	59.65341	0	0	0	0	0	0	0	0	0	0	0	0	0	0	0	0	0	0	29.22458	28.031631	37700	138.82271	53.61717	1433.3951	33.88687	32.34566	37700	208.6518	60.316902	1602.1244	33.98192	32.250504	37700	265.8213	58.452133	1544.9863
F8_S24_subsampled_depth_15G_contig_1572	6.133645	5.158379	21893	290.99402	56.319824	1819.3835	6.220441	5.248033	22212	306.7273	70.48388	2295.7593	6.835894	5.579041	22077	456.20425	51.84102	1690.8813	8.423246	7.1369057	22333	521.8249	49.615173	1697.1771	7.9537296	6.5962596	22322	564.4029	65.899574	2248.2227	7.8426633	6.4672704	22308	615.5131	31.836643	1082.5505	0	0	0	0	0	0	0	0	0	0	0	0	0	0	0	0	0	0	0	0	0	0	0	0	0	0	0	0	0	0	0	0	0	0	0	0
F8_S24_subsampled_depth_15G_contig_1660	70.789894	68.94385	18569	1142.9988	6.8778415	222.18532	75.81128	74.60257	18569	1111.8417	7.3060737	237.96916	80.86894	79.506546	18569	1134.322	7.886921	257.24515	88.187195	85.591896	18569	1515.8843	8.643101	295.65314	86.63261	84.68997	18569	1485.0364	8.444209	288.08167	86.98338	85.37252	18569	1271.4194	8.48086	288.37717	2.7307673	2.3963447	15442	15.824621	0.2358145	2.0779529	2.2208588	1.8833464	14719	10.254075	0.18550651	1.4107705	2.4159834	2.1065805	15226	14.346875	0.20309867	1.5929345	8.586406	8.261898	18341	27.168165	19.206816	513.4727	6.6942286	6.4613066	18032	23.901394	12.495275	331.89667	9.305934	9.101574	18502	21.819477	16.58067	438.2545
F8_S24_subsampled_depth_15G_contig_1759	7516.793	7693.297	15103	16036351	678.09503	21905.521	7426.4707	7598.7974	15103	15516871	669.5246	21807.367	7112.231	7275.9927	15103	14394212	646.92017	21100.379	7076.517	7243.073	15103	13879488	644.33844	22040.766	6742.8926	6900.4277	15103	12734631	609.631	20798.102	6862.0996	7016.3594	15103	13144752	623.9157	21215.186	8910.061	8919.578	15103	28279980	673.7349	5936.8286	6754.186	6768.6655	15103	16008509	496.05475	3772.4775	7979.121	8009.0596	15103	21917176	586.3385	4598.745	11.191533	11.095846	14398	45.892822	20.413776	545.7396	11.902093	11.799316	14626	46.836594	20.47222	543.77893	9.12546	9.0333605	14909	28.129122	15.331316	405.23215
F8_S24_subsampled_depth_15G_contig_1814	7.491515	6.822175	16225	70.74653	0.74531955	24.077185	7.6965075	7.130141	16210	60.124695	0.76153994	24.804426	7.125799	6.6667576	16006	59.539608	0.7218932	23.545763	7.3023243	6.813704	16363	47.95256	0.7275567	24.887407	6.6759715	6.103498	16250	60.804672	0.67268914	22.949383	7.769429	7.3117914	16409	33.99922	0.752627	25.591806	1.7929784	1.6336248	12557	2.8470738	0.14102931	1.2427242	1.7460649	1.63301	12709	2.188726	0.13091052	0.9955703	2.5132194	2.3242247	13574	4.715561	0.18786551	1.4734582	32.837864	32.295124	16303	421.06143	61.723312	1650.1039	34.57446	33.937695	16068	552.8096	61.85003	1642.847	37.33282	36.488728	16414	580.24176	64.69347	1709.955
F8_S24_subsampled_depth_15G_contig_2513	4.344359	4.109081	32091	10.074564	0.4227885	13.657973	4.9808207	4.706806	32147	13.172372	0.48383337	15.759136	5.383408	5.1103477	32774	12.983983	0.5263424	17.167538	6.254675	6.045186	32905	15.346924	0.604759	20.686882	5.8598013	5.6037617	32774	15.777948	0.55833054	19.047945	6.5321608	6.174309	32863	21.37372	0.6364993	21.643063	0	0	0	0	0	0	0	0	0	0	0	0	0	0	0	0	0	0	0	0	0	0	0	0	0	0	0	0	0	0	0	0	0	0	0	0
F8_S24_subsampled_depth_15G_contig_3031	13.639952	13.171517	24985	84.93703	1.257173	40.61233	12.586563	12.179205	25125	55.55783	1.1661755	37.983994	12.838113	12.332149	25044	68.77295	1.1932425	38.919594	10.89974	10.480871	25026	50.082058	1.0208308	34.919388	10.515737	10.062653	24856	52.426373	0.9742711	33.238113	11.236153	10.816529	25134	53.978104	1.0457798	35.55996	3.3017397	3.0463896	20952	8.926187	0.2520451	2.2209737	2.761088	2.509931	21609	5.913404	0.20782845	1.5805277	3.3395722	3.1214397	21477	7.917761	0.2504613	1.9644076	0	0	0	0	0	0	0	0	0	0	0	0	0	0	0	0	0	0
F8_S24_subsampled_depth_15G_contig_3262	3.9213827	3.679341	23645	10.93837	0.3577772	11.557814	4.4864144	4.0914598	24496	16.324978	0.4099034	13.351132	4.319767	3.9054918	23940	17.055786	0.3977617	12.973662	4.759994	4.2611256	25078	20.912668	0.4394289	15.0314665	4.948935	4.482576	25609	18.84503	0.45212248	15.424556	4.614039	4.2012534	24800	17.16147	0.4231705	14.389187	1.8368202	1.6911123	20435	2.778097	0.14129269	1.2450458	0	0	0	0	0	0	1.896193	1.8142864	21499	2.0895286	0.14164157	1.1109165	0	0	0	0	0	0	0	0	0	0	0	0	0	0	0	0	0	0
F8_S24_subsampled_depth_15G_contig_3612	16.568876	15.949878	48853	49.012135	1.5509676	50.103264	15.137075	14.837474	48853	33.819126	1.4125925	46.010147	16.429974	16.082905	48853	38.17521	1.5445085	50.376747	13.675811	13.214222	48853	35.748726	1.2897917	44.119686	13.671498	13.285219	48853	33.63508	1.2767334	43.55688	13.464017	13.039081	48853	35.763676	1.2731155	43.290108	2.8286965	2.6274498	42071	5.809121	0.22104795	1.9478346	2.6479683	2.4543836	41192	5.239896	0.20065005	1.5259364	2.8972137	2.6624005	40278	6.703656	0.22001344	1.7256002	0	0	0	0	0	0	0	0	0	0	0	0	0	0	0	0	0	0
F8_S24_subsampled_depth_15G_contig_4194	76.651085	75.16293	15064	697.0944	7.259439	234.5125	75.24975	73.98328	15063	686.30664	7.135177	232.40274	69.16277	67.668816	15062	808.0266	6.607354	215.50984	64.79454	62.93888	15060	669.22125	6.189674	211.72905	66.94059	65.71816	15060	584.50885	6.3504825	216.6523	65.97436	64.821236	15165	500.12094	6.2768908	213.43484	0	0	0	0	0	0	0	0	0	0	0	0	0	0	0	0	0	0	60.105293	50.5522	15063	3558.0066	120.744125	3227.9592	94.814316	83.4202	15065	4961.4365	182.09953	4836.8877	87.90676	76.45527	15064	4610.504	165.22906	4367.2764
F8_S24_subsampled_depth_15G_contig_4294	16.7592	16.558563	41454	33.757633	1.524758	49.25654	16.557331	16.40367	41454	38.37254	1.504716	49.010723	16.45279	16.329504	41454	43.29821	1.5070584	49.155224	15.440562	15.354226	41454	34.3684	1.419091	48.542576	15.70199	15.465568	41454	37.330048	1.4315807	48.839626	15.171896	15.026874	41442	33.6317	1.3895949	47.250797	8.356891	7.8175874	41025	37.940052	0.6354382	5.599365	8.101782	7.592538	40712	34.268074	0.6038503	4.5922585	8.580477	8.054796	40935	36.254036	0.63549745	4.9843073	6.577813	3.8148975	38722	5520.6177	21.561588	576.4247	6.7898507	3.6445365	38891	7466.8535	23.32887	619.65643	8.070454	5.0878034	40796	6634.0376	24.190348	639.3908
F8_S24_subsampled_depth_15G_contig_4636	9.25901	9.204841	24857	16.092056	0.84157676	27.186716	8.877102	8.8047695	25040	15.131702	0.8127678	26.47301	9.503684	9.370662	25046	17.243313	0.8763405	28.583313	11.47385	11.438111	25114	18.131512	1.0578928	36.18714	11.702147	11.574524	25106	22.667835	1.0753417	36.686234	12.234663	12.106202	25119	23.675903	1.1294769	38.405907	6.0993114	5.977042	24978	9.464646	0.46662357	4.111801	5.638555	5.4226284	24776	10.497522	0.4214936	3.2054422	4.7558866	4.6449103	24471	7.143081	0.3532258	2.7704067	0	0	0	0	0	0	0	0	0	0	0	0	0	0	0	0	0	0
F8_S24_subsampled_depth_15G_contig_6098	8.908222	8.699627	17131	25.9247	0.8130395	26.264841	8.171337	7.98263	17250	20.897099	0.74189866	24.16469	8.082629	7.9806356	17200	19.737514	0.7435525	24.252213	9.448292	9.175888	17181	32.166035	0.8670304	29.658348	8.789114	8.490092	17282	30.98176	0.8029184	27.392288	10.171742	9.958183	17369	28.17283	0.9339423	31.7571	2.48315	2.3309958	13526	4.412334	0.18721716	1.6497229	2.6415172	2.4724653	13712	5.206534	0.19647062	1.4941518	2.8089752	2.6670742	14775	5.233471	0.20821702	1.6330785	353.21945	353.94675	17413	22919.012	650.4192	17388.227	364.36127	367.4323	17420	22363.184	645.50507	17145.77	345.54684	348.41058	17420	17281.14	594.95746	15725.704
F8_S24_subsampled_depth_15G_contig_6429	420.97357	416.72757	20542	7854.896	38.439934	1241.7832	422.2147	418.96725	20542	8656.335	38.52957	1254.9629	417.9286	414.07977	20542	9618.993	38.44856	1254.0638	384.72067	381.24142	20542	8060.246	35.436207	1212.1598	390.50986	386.61765	20542	7531.3447	35.702366	1218.0181	376.4163	372.274	20542	8409.811	34.642643	1177.9637	176.38618	174.08522	20542	3149.515	13.453278	118.547775	138.93993	136.38167	20542	2206.0112	10.292124	78.2712	178.43115	175.85295	20542	3159.0054	13.235336	103.80677	2.9129071	2.8368747	19177	3.38754	6.0710864	162.30362	2.1240191	1.9918818	17138	3.0660267	3.769291	100.11908	2.7662318	2.622698	18727	4.3184066	4.8520107	128.24661
F8_S24_subsampled_depth_15G_contig_7199	4.8388944	4.5630164	5129	13.457068	0.44641694	14.421278	4.331554	4.1614065	5165	7.2048874	0.4005222	13.045573	3.7479503	3.6187248	4694	7.7739873	0.35028645	11.425177	3.6787417	3.4768057	4815	8.2036	0.3505858	11.992419	4.0989513	4.0050836	5077	7.505271	0.38088474	12.99423	4.579981	4.4770174	5244	6.1391487	0.41656455	14.164563	0	0	0	0	0	0	0	0	0	0	0	0	0	0	0	0	0	0	5.0619636	4.9758525	5111	8.43609	9.055858	242.0982	5.567016	5.3120103	5028	19.017103	9.794237	260.1524	10.669209	10.446728	5351	39.099747	18.098442	478.37167
F8_S24_subsampled_depth_15G_contig_8157	5.1817493	5.0826464	21000	6.9201794	0.47131544	15.225617	5.2126083	5.042898	20681	10.262028	0.47360194	15.4258795	4.8032703	4.674455	20972	7.446504	0.43691218	14.250615	5.4427013	5.340982	20819	8.616387	0.5007729	17.129858	5.077312	4.934839	20646	8.5342865	0.4641167	15.833754	5.1907754	5.0543976	21020	8.1273575	0.47358012	16.103281	3.6479373	3.4609609	19640	7.8086543	0.27770987	2.4471288	2.229337	2.0221055	16395	4.7518916	0.1652763	1.2569199	2.996125	2.878866	19154	4.662839	0.22276993	1.7472203	0	0	0	0	0	0	0	0	0	0	0	0	0	0	0	0	0	0
F8_S24_subsampled_depth_15G_contig_8773	6.2597404	6.044941	12104	13.11453	0.5702216	18.42073	6.570105	6.4908557	12178	8.529849	0.593348	19.326183	6.089503	6.0184727	12214	8.283189	0.55676925	18.159962	5.3246756	5.2064147	12201	6.5498557	0.49520355	16.939333	6.332534	6.2152376	12142	10.656951	0.5786799	19.742178	6.133096	6.026744	12239	6.805662	0.56100875	19.076141	0	0	0	0	0	0	0	0	0	0	0	0	0	0	0	0	0	0	5.5032673	5.4102564	11969	8.664802	10.988114	293.75488	4.282654	4.206691	11978	5.614093	7.480537	198.69646	6.6869884	6.485525	12163	11.438085	11.459115	302.88318
F8_S24_subsampled_depth_15G_contig_8868	15.582664	14.80963	6986	152.46481	1.4879982	48.06905	43.453217	41.862087	6936	934.82245	4.196194	136.67595	68.454216	65.87484	7087	2398.379	6.693581	218.32239	8.397388	7.7869897	6297	58.399403	0.7913477	27.069492	8.738089	8.381218	6428	45.865795	0.8333428	28.430227	10.058267	9.602678	6899	56.918663	0.9743079	33.12966	283470.84	282859.16	7118	30280989000	21178.182	186618.2	370961.5	369876.03	7118	51881230000	26908.963	204641.64	388165.03	387406.53	7118	55584540000	28182.91	221043	0	0	0	0	0	0	0	0	0	0	0	0	0	0	0	0	0	0
F8_S24_subsampled_depth_15G_contig_9300	7.6128654	7.353587	12089	16.769865	0.7629375	24.646324	8.629785	8.381502	12089	17.314259	0.84280443	27.451338	9.377502	9.170559	12089	17.828415	0.91283816	29.773746	10.125555	9.8252535	12089	24.892508	1.002696	34.299023	9.240724	9.038057	12089	17.773842	0.9076866	30.96653	10.015747	9.6643715	12089	31.215195	1.0264513	34.902706	0	0	0	0	0	0	0	0	0	0	0	0	0	0	0	0	0	0	0	0	0	0	0	0	0	0	0	0	0	0	0	0	0	0	0	0
F8_S24_subsampled_depth_15G_contig_9439	22.989182	21.858086	33056	386.65082	2.0842502	67.33065	22.174883	21.24088	33370	322.59558	2.00896	65.43466	20.721052	19.88343	33349	268.89752	1.8910553	61.67993	24.24041	23.265572	33435	369.79645	2.2171407	75.84135	22.735662	21.790117	33393	307.38248	2.0656788	70.472466	23.92545	22.91521	33919	354.91998	2.187554	74.38402	0	0	0	0	0	0	0	0	0	0	0	0	0	0	0	0	0	0	4.846665	4.642715	31606	12.9807205	8.782768	234.79759	5.9195404	5.7017016	32979	16.033594	10.350958	274.94006	6.144075	5.924486	33192	15.28107	10.384433	274.47766
F8_S24_subsampled_depth_15G_contig_10717	18.347586	18.35584	44303	46.269623	1.669301	53.925938	19.098219	19.096199	44398	47.519108	1.7382312	56.616665	18.990644	18.847956	44372	50.9277	1.7414315	56.79967	18.460066	18.422157	44374	47.24467	1.6950321	57.98162	18.788126	18.748066	44381	49.38547	1.7112374	58.380394	18.2526	18.240509	44395	44.543087	1.671657	56.84183	8.107485	7.528174	44001	35.66761	0.62309635	5.4906077	7.2348804	6.683382	43993	28.934708	0.53986	4.105618	7.8268623	7.357523	44005	27.970541	0.5861129	4.596977	0	0	0	0	0	0	0	0	0	0	0	0	0	0	0	0	0	0
F8_S24_subsampled_depth_15G_contig_12743	114.32763	113.35123	21387	483.185	10.355955	334.5441	108.33532	107.2698	21398	580.9987	9.796158	319.07477	113.42542	112.49534	21402	461.34134	10.347361	337.49643	128.1507	127.08788	21480	653.4538	11.712317	400.64114	130.78665	129.26657	21458	738.2358	11.867162	404.85883	130.65948	129.08835	21454	702.9323	11.920614	405.34	15.81655	15.095695	21453	93.89433	1.2039423	10.608919	12.943724	12.538085	21351	57.07138	0.9642828	7.333336	17.965607	17.321653	21402	107.69611	1.3352312	10.47243	0	0	0	0	0	0	0	0	0	0	0	0	0	0	0	0	0	0
F8_S24_subsampled_depth_15G_contig_12823	118.50925	117.027405	35793	2016.9966	10.822955	349.63025	116.25778	113.71695	35793	2185.1855	10.611334	345.62616	116.08251	114.24337	35793	2305.7522	10.6929245	348.76755	104.95099	103.373924	35793	1743.5807	9.675287	330.9608	106.260864	104.41775	35793	1575.051	9.717586	331.52402	106.79612	105.174416	35793	1741.557	9.826493	334.13312	7.4356537	7.2484493	35510	14.045764	0.56772417	5.00268	6.039615	5.8471274	35283	11.342798	0.44932005	3.4170632	8.913054	8.708439	35752	16.847862	0.6634913	5.203864	2.0406811	1.8847221	27839	3.31	4.195485	112.16163	0	0	0	0	0	0	2.1003563	1.9812026	29082	2.992594	3.5994616	95.139694
F8_S24_subsampled_depth_15G_contig_12923	4.3371983	4.132359	15980	8.880524	0.39351445	12.712287	4.6304817	4.5021358	16346	7.154827	0.42177886	13.737933	4.355641	4.1475773	16189	8.315085	0.3999607	13.045386	4.739397	4.553397	16076	10.804055	0.43564743	14.902107	3.937883	3.7721932	16087	5.750062	0.3596885	12.271098	4.3794303	4.191363	16206	8.914481	0.40469444	13.760946	0	0	0	0	0	0	0	0	0	0	0	0	0	0	0	0	0	0	6.479875	4.5378456	12841	134.57187	12.385401	331.10977	7.797729	5.3968763	12991	197.37592	14.468401	384.30658	8.34651	6.3675075	14314	157.61246	14.75233	389.9284
F8_S24_subsampled_depth_15G_contig_13222	3.0871625	2.9971843	22100	4.3173018	0.27967295	9.0346985	2.984919	2.9218981	22431	3.166128	0.2693427	8.77287	3.1073952	3.018233	22339	3.8152552	0.28305864	9.232427	3.4805982	3.4132202	22575	4.1971183	0.3180718	10.88022	2.884379	2.7658327	21568	4.116633	0.26074776	8.8956375	3.1378894	3.0404818	22626	4.079328	0.2863387	9.736462	2.141878	1.9659804	19527	3.7389376	0.16384488	1.4437716	0	0	0	0	0	0	1.9020357	1.8004062	18822	2.597906	0.13922465	1.0919611	4.1897798	4.0211873	22816	7.9261746	7.7608743	207.47826	4.7489405	4.6407404	23146	7.502921	8.251443	219.17311	4.62983	4.438792	23209	8.104939	7.801068	206.19513
F8_S24_subsampled_depth_15G_contig_13367	6.3514843	5.743227	45802	24.870705	0.5755614	18.59322	6.6510143	6.044323	46001	25.254017	0.6022328	19.615574	6.393271	5.8188543	45878	23.810999	0.58492357	19.078253	5.583143	5.019218	45654	20.8186	0.5122084	17.521019	6.0173826	5.5541353	45713	19.703112	0.54766035	18.683908	5.883664	5.319189	46079	21.38754	0.53846407	18.309551	4.4035883	4.1017613	43852	11.590242	0.3356627	2.9577973	3.1693664	2.9613488	41953	6.3591447	0.23424013	1.7813872	4.2145133	3.9710414	43154	10.128566	0.31055036	2.4356945	0	0	0	0	0	0	0	0	0	0	0	0	0	0	0	0	0	0
F8_S24_subsampled_depth_15G_contig_13750	15.111459	12.124252	10369	411.89233	1.4530141	46.93892	14.473041	11.864224	10369	325.66873	1.40203	45.666115	13.909091	11.4097185	10369	345.3958	1.3409662	43.73787	12.089148	10.166214	10369	217.91933	1.1610335	39.71527	11.742538	9.952386	10289	188.9939	1.1401651	38.89774	13.312751	11.175019	10369	232.63089	1.2711805	43.224308	0	0	0	0	0	0	0	0	0	0	0	0	0	0	0	0	0	0	60.687935	60.60202	10369	115.44764	111.39618	2978.052	74.620605	74.389824	10369	95.05441	130.98106	3479.0918	70.16107	69.80726	10369	125.46888	119.57903	3160.6711
GP3_S28_subsampled_depth_15G_contig_170	0	0	0	0	0	0	0	0	0	0	0	0	0	0	0	0	0	0	0	0	0	0	0	0	0	0	0	0	0	0	0	0	0	0	0	0	4946.476	4922.385	5392	472778.9	370.239	3262.4778	5511.151	5488.601	5392	567033.8	400.61954	3046.6965	7076.9277	7045.3574	5392	945307.75	515.1113	4040.099	0	0	0	0	0	0	0	0	0	0	0	0	0	0	0	0	0	0
GP3_S28_subsampled_depth_15G_contig_304	0	0	0	0	0	0	0	0	0	0	0	0	0	0	0	0	0	0	0	0	0	0	0	0	0	0	0	0	0	0	0	0	0	0	0	0	4.316469	4.353644	1079	3.4018943	0.29591322	2.6075325	0	0	0	0	0	0	0	0	0	0	0	0	0	0	0	0	0	0	0	0	0	0	0	0	0	0	0	0	0	0
GP3_S28_subsampled_depth_15G_contig_458	102.94005	98.127846	44003	2780.9856	9.392009	303.40414	100.02244	95.70645	44003	2515.7686	9.116025	296.9218	103.09899	98.28268	44003	2729.4	9.48595	309.40005	89.615486	85.82746	44003	1876.0336	8.25255	282.29343	88.1168	84.25427	44003	1981.3259	8.04895	274.59705	87.78884	84.33061	44003	1680.0361	8.071731	274.46536	55.745968	51.43981	44003	1866.98	4.259074	37.530193	46.430553	42.602142	44003	1297.1761	3.4469526	26.213942	54.077213	50.02131	44003	1666.6772	4.01711	31.50681	0	0	0	0	0	0	0	0	0	0	0	0	0	0	0	0	0	0
GP3_S28_subsampled_depth_15G_contig_473	0	0	0	0	0	0	0	0	2112	0	0.15546495	5.063711	1.5602251	1.5131304	2257	1.2637327	0.15680712	5.114526	0	0	0	0	0	0	0	0	0	0	0	0	0	0	0	0	0	0	3841.0623	3816.143	2815	217597.73	310.69843	2737.8174	2784.091	2767.6064	2815	117086.08	218.65776	1662.8848	3124.092	3102.639	2815	177818.23	245.17445	1922.9418	0	0	0	0	0	0	0	0	0	0	0	0	0	0	0	0	0	0
GP3_S28_subsampled_depth_15G_contig_553	0	0	0	0	0	0	0	0	0	0	0	0	0	0	0	0	0	0	0	0	0	0	0	0	0	0	0	0	0	0	0	0	0	0	0	0	222.6703	222.6631	4830	858.1641	17.416481	153.4709	152.61667	151.50807	4830	608.44666	11.66546	88.715385	145.57072	144.90456	4830	578.67535	11.046243	86.63741	3.5792735	3.4074075	4599	6.2578735	7.0806303	189.29271	2.2747862	2.2067902	4433	2.257881	4.0618587	107.8903	4.9391026	4.800095	4709	8.167908	8.821329	233.16243
GP3_S28_subsampled_depth_15G_contig_694	0	0	0	0	0	0	0	0	0	0	0	0	0	0	0	0	0	0	0	0	0	0	0	0	0	0	0	0	0	0	0	0	0	0	0	0	1549.0636	1546.4867	5215	51960.47	116.57532	1027.2404	1350.9869	1348.855	5215	43432.52	98.78446	751.252	1024.9569	1023.1518	5215	27232.531	74.88227	587.3134	0	0	0	0	0	0	0	0	0	0	0	0	0	0	0	0	0	0
GP3_S28_subsampled_depth_15G_contig_733	62.617764	61.647827	40827	228.47415	5.67511	183.33167	61.711407	61.103252	40863	229.57103	5.5912757	182.11568	60.05753	59.612442	40855	190.31155	5.493069	179.16559	57.309223	56.937172	40846	172.96242	5.2426414	179.33414	56.122894	55.356773	40831	195.99353	5.10044	174.00601	55.988632	55.435307	40869	205.6163	5.1168485	173.98958	37.61561	35.539783	40965	458.38007	2.8557477	25.16433	28.316502	26.88161	40849	246.63121	2.091929	15.9090395	37.42727	35.77787	40823	364.7276	2.7659354	21.693668	0	0	0	0	0	0	1.9814774	1.8491629	33452	2.84471	3.4545782	91.75972	2.2425578	2.1672246	36121	2.378465	3.7764938	99.81895
GP3_S28_subsampled_depth_15G_contig_803	0	0	0	0	0	0	0	0	0	0	0	0	0	0	0	0	0	0	0	0	0	0	0	0	0	0	0	0	0	0	0	0	0	0	0	0	5.6611066	5.611111	2608	6.2607665	0.4197507	3.6987667	0	0	0	0	0	0	3.1326282	3.0953026	2350	3.7577386	0.24242863	1.9014052	0	0	0	0	0	0	0	0	0	0	0	0	0	0	0	0	0	0
GP3_S28_subsampled_depth_15G_contig_828	135.2337	122.737465	35753	16143.212	12.254757	395.88385	127.06148	115.463776	35730	14428.708	11.513648	375.0159	132.3975	118.67615	35739	17094.967	12.091317	394.37845	149.33069	130.1427	35738	28069.242	13.654772	467.0864	149.3411	130.56984	35774	27941.94	13.561333	462.65683	150.66367	130.8833	35796	29696.691	13.758099	467.82062	59.071888	55.26275	36065	2476.8337	4.4837337	39.50984	47.275806	44.667522	35772	1409.5234	3.4863608	26.513638	57.324234	54.0697	35920	2075.8296	4.2295423	33.172974	21.598648	3.20684	31908	9116.875	44.406506	1187.1584	22.559015	2.8635395	30478	10367.464	45.13789	1198.9429	24.050262	3.3840256	32319	11352.118	46.321083	1224.3431
GP3_S28_subsampled_depth_15G_contig_1324	19253.676	19453.021	14289	109767010	1740.168	56215.273	19209.256	19424.986	14289	109337060	1735.3969	56524.332	19177.691	19390.922	14289	108724290	1747.3632	56993.17	16812.553	16992.21	14289	82391170	1533.5907	52459.246	17692.348	17880.055	14289	90480120	1602.3151	54664.39	17307.236	17488.889	14289	87130856	1576.7109	53613.35	9124.258	9099.498	14289	28040712	692.4486	6101.7295	7980.4478	7960.6123	14289	21292214	588.1563	4472.9077	9184.3545	9158.844	14289	28469950	677.32196	5312.343	21.461206	21.306906	14082	168.15826	39.680225	1060.8065	22.86562	22.732302	14169	193.26967	39.707123	1054.692	26.614824	26.6674	14275	229.00864	44.762585	1183.1494
GP3_S28_subsampled_depth_15G_contig_2611	1.3934304	1.3224202	2210	1.2783138	0.13060214	4.2190356	3.2762225	3.174886	2397	6.261985	0.35773355	11.651885	2.2609181	2.106092	2360	3.4834273	0.24379863	7.9518995	0	0	2131	0	0.16592473	5.675757	2.1410973	1.9531703	2248	3.8493896	0.2421201	8.260139	2.2123926	2.137588	2684	1.6998317	0.21931371	7.457391	7009.0674	7016.504	2829	157284.47	549.21313	4839.564	5012.4272	5026.15	2829	102559.64	381.07068	2898.028	5541.207	5539.104	2829	149580.67	422.0829	3310.4617	0	0	0	0	0	0	0	0	0	0	0	0	0	0	0	0	0	0
GP3_S28_subsampled_depth_15G_contig_2855	5.720339	5.4856033	2058	19.15816	0.5204566	16.813087	16.858923	16.17774	2088	139.08383	1.5477542	50.41255	22.410269	21.678848	2152	217.09096	2.0601616	67.19562	2.6495514	2.421927	0	7.524506	0	0	3.3818545	3.1267996	1735	9.667581	0.30499047	10.405025	3.224327	3.1157253	0	7.408006	0	0	105152.58	98896.55	2156	8463629300	7629.172	67226.875	138456.23	130518.484	2156	14354393000	9752.772	74169.46	143420.66	134956.61	2156	15846409000	10115.779	79339.63	0	0	0	0	0	0	0	0	0	0	0	0	0	0	0	0	0	0
GP3_S28_subsampled_depth_15G_contig_3161	0	0	0	0	0	0	0	0	0	0	0	0	0	0	0	0	0	0	0	0	0	0	0	0	0	0	0	0	0	0	0	0	0	0	0	0	8.1655655	7.975771	3176	19.723658	0.60319334	5.315228	12.081956	11.945668	3176	42.793945	0.8753475	6.656986	11.026107	11.052863	3176	14.988734	0.813752	6.3823867	0	0	0	0	0	0	0	0	0	0	0	0	0	0	0	0	0	0
GP3_S28_subsampled_depth_15G_contig_3398	37.546555	37.765484	42969	86.7026	3.4136457	110.27613	36.374695	36.50445	42969	69.56103	3.3027635	107.57571	36.56907	36.9274	42969	72.17862	3.3515017	109.314804	32.85707	32.919044	42969	66.821335	3.0182867	103.24599	33.02903	33.32126	42969	69.59578	3.012163	102.76258	32.462013	32.616154	42969	65.45733	2.9757612	101.1857	17.701908	17.380367	42969	57.40448	1.3473477	11.872581	15.823489	15.569267	42881	49.80382	1.1715639	8.909698	18.795044	18.620644	42954	61.756413	1.3926848	10.923044	0	0	0	0	0	0	0	0	0	0	0	0	0	0	0	0	0	0
GP3_S28_subsampled_depth_15G_contig_3556	75.092384	74.3695	17986	304.68976	6.862259	221.6818	77.296875	76.568535	17978	259.60825	7.0558386	229.81874	80.74595	79.862114	17988	299.11807	7.444181	242.80435	86.3457	84.96948	17989	401.26718	7.978558	272.9212	90.45333	89.587845	17987	418.02444	8.300673	283.18484	88.68765	87.36109	17987	440.50052	8.181	278.18097	7.1420484	6.9763966	17786	16.235344	0.5483236	4.8317256	5.7656817	5.5420065	17510	13.637883	0.4328482	3.2917943	6.7631035	6.5164723	17720	17.486876	0.5037693	3.9511402	8.641684	8.5494175	17868	16.165133	17.667654	472.32483	6.8844666	6.815968	17919	10.654831	12.069291	320.58185	9.97612	9.88846	17944	16.219412	16.974281	448.65826
GP3_S28_subsampled_depth_15G_contig_3587	10.640743	10.291949	15062	31.143871	0.9863054	31.862095	10.684472	10.304925	15086	28.44254	0.9812257	31.959906	10.718713	10.188882	15076	40.822792	0.9933221	32.39887	11.162774	10.960484	15095	29.557486	1.03499	35.403725	11.953152	11.776173	15079	30.27998	1.0980927	37.46239	11.712873	11.299248	15040	41.393497	1.0825287	36.80956	9.552688	9.380713	15183	25.17073	0.740985	6.5294237	8.130856	7.7742553	14859	25.38682	0.61202425	4.6544223	7.501327	7.448909	14759	14.963269	0.5611678	4.401325	0	0	0	0	0	0	0	0	0	0	0	0	0	0	0	0	0	0
GP3_S28_subsampled_depth_15G_contig_4049	0	0	0	0	0	0	0	0	0	0	0	0	0	0	0	0	0	0	0	0	0	0	0	0	0	0	0	0	0	0	0	0	0	0	0	0	7.243669	7.2103906	3947	11.061054	0.5446318	4.7991934	0	0	0	0	0	0	2.9692507	2.9216418	3662	3.182047	0.21522127	1.688014	0	0	0	0	0	0	0	0	0	0	0	0	0	0	0	0	0	0
GP3_S28_subsampled_depth_15G_contig_4284	0	0	0	0	0	0	0	0	0	0	0	0	0	0	0	0	0	0	0	0	0	0	0	0	0	0	0	0	0	0	0	0	0	0	0	0	1283.9213	1278.9894	6453	71261.96	96.19496	847.65234	1184.974	1181.101	6453	51423.504	86.302	656.32367	1142.4885	1135.4438	6453	61271.055	83.274666	653.1361	0	0	0	0	0	0	0	0	0	0	0	0	0	0	0	0	0	0
GP3_S28_subsampled_depth_15G_contig_4292	33.008705	31.609903	28872	510.98215	3.155158	101.925835	33.775677	32.375202	28872	541.3768	3.2210166	104.913086	37.321774	35.748665	28872	724.15735	3.6052396	117.590904	37.08008	35.473114	28872	717.6504	3.5863242	122.676765	37.67725	36.03323	28872	689.9654	3.5993972	122.79663	38.47615	37.01915	28872	731.42395	3.6999762	125.81132	9.325291	8.819187	28855	36.680885	0.72435296	6.3828673	8.045888	7.6198454	28565	29.264214	0.6030634	4.586275	9.032031	8.512457	28643	39.76409	0.67923814	5.327372	2.533946	2.2248356	23050	10.886647	5.504008	147.14348	2.2128682	1.9917989	22629	5.597665	4.067993	108.05319	2.87473	2.5231721	25233	16.845419	5.2967854	140.00282
GP3_S28_subsampled_depth_15G_contig_4321	0	0	0	0	0	0	0	0	0	0	0	0	0	0	0	0	0	0	0	0	0	0	0	0	0	0	0	0	0	0	1.3469232	1.3022223	4344	0.89353144	0.12002473	4.0812345	75.61878	75.02349	5399	157.74886	5.6731005	49.99034	134.36179	134.56613	5399	439.35632	9.769298	74.29511	84.81806	84.45481	5399	159.00943	6.1881137	48.53434	0	0	0	0	0	0	0	0	0	0	0	0	0	0	0	0	0	0
GP3_S28_subsampled_depth_15G_contig_4334	0	0	0	0	0	0	0	0	0	0	0	0	0	0	0	0	0	0	0	0	0	0	0	0	0	0	0	0	0	0	0	0	0	0	0	0	7.4757605	7.3067584	2254	9.635172	0.54638356	4.814633	10.1658745	10.144668	2254	17.468906	0.73709697	5.6055946	8.079848	8.1235485	2254	4.180022	0.58561164	4.5930424	0	0	0	0	0	0	0	0	0	0	0	0	0	0	0	0	0	0
GP3_S28_subsampled_depth_15G_contig_4335	0	0	0	0	0	0	0	0	0	0	0	0	0	0	0	0	0	0	0	0	0	0	0	0	0	0	0	0	0	0	0	0	0	0	0	0	17.647337	17.506023	2261	46.734066	1.2653514	11.150044	5.454974	5.3871136	1982	11.296205	0.37554404	2.856	8.651108	8.611315	2088	28.577278	0.59588075	4.673584	0	0	0	0	0	0	0	0	0	0	0	0	0	0	0	0	0	0
GP3_S28_subsampled_depth_15G_contig_4338	0	0	0	0	0	0	0	0	0	0	0	0	0	0	0	0	0	0	0	0	0	0	0	0	0	0	0	0	0	0	0	0	0	0	0	0	12.376115	12.095908	7059	27.073662	0.9315313	8.208484	6.356691	6.232257	7100	8.366494	0.4648846	3.5354311	7.058993	6.9725065	7031	9.814623	0.5124272	4.0190454	1.4607195	1.3425511	5455	1.6832316	2.680037	71.64774	0	0	0	0	0	0	2.0684893	1.9421356	5397	3.1232405	3.4291368	90.63777
GP3_S28_subsampled_depth_15G_contig_4341	0	0	0	0	0	0	0	0	0	0	0	0	0	0	0	0	0	0	0	0	0	0	0	0	0	0	0	0	0	0	0	0	0	0	0	0	8.37028	8.222147	4931	26.60804	0.6177871	5.4438233	3.0544052	2.8520522	4710	5.313182	0.22038755	1.6760395	0	0	0	0	0	0	0	0	0	0	0	0	0	0	0	0	0	0	0	0	0	0	0	0
GP3_S28_subsampled_depth_15G_contig_132|provirus_5979_36618	21.964151	20.166643	30640	156.94048	2.0352123	65.746544	21.492424	19.683405	30640	158.16382	1.9947226	64.97096	22.051493	20.049631	30640	182.11778	2.0704694	67.5318	22.691473	20.56563	30640	198.97672	2.1375737	73.11956	22.698853	20.646564	30640	183.40172	2.1188087	72.285065	23.346344	21.300562	30640	188.721	2.192324	74.54622	16.846933	16.660156	30640	48.831856	1.2895621	11.3633795	15.545884	15.35985	30640	42.491932	1.1589429	8.813719	17.120564	16.976969	30640	38.169586	1.2761068	10.008704	0	0	0	0	0	0	0	0	0	0	0	0	0	0	0	0	0	0
GP3_S28_subsampled_depth_15G_contig_3970|provirus_68854_100287	38.309135	38.075153	31422	76.09622	3.5270534	113.93966	38.739674	38.117558	31429	86.035225	3.5723774	116.35734	38.838383	38.37502	31425	78.31915	3.614628	117.897125	38.6316	38.284523	31434	83.604385	3.6041017	123.284874	39.259876	38.721977	31425	86.98194	3.6315794	123.894585	40.295647	39.76339	31433	79.95844	3.7602732	127.86169	29.038422	28.150057	31413	180.7218	2.2317445	19.665716	24.260836	23.806507	31431	134.66931	1.8083158	13.752182	30.290468	29.476274	31427	187.29521	2.2569685	17.701754	0	0	0	0	0	0	0	0	0	0	0	0	0	0	0	0	0	0
GP4_S29_subsampled_depth_15G_contig_248	388.63052	386.08252	60059	2700.3242	35.36768	1142.5353	383.6122	380.954	60059	2767.683	34.89966	1136.7314	380.0066	376.8046	60059	2932.8516	34.88177	1137.7272	395.56268	386.05374	60059	8796.101	36.36837	1244.0459	401.33783	392.0764	60059	8521.178	36.627193	1249.569	402.50995	393.59818	60060	8741.931	36.96003	1256.7625	132.37541	133.55272	60081	1601.41	10.066147	88.70101	114.77814	115.43597	60245	1196.7832	8.477191	64.46874	137.70761	139.17406	60242	1616.1624	10.180423	79.84663	5.2438807	5.138832	58873	7.9367285	9.821165	262.5579	5.6404524	5.5265408	59599	8.073822	9.856338	261.8018	5.8389716	5.7344093	59697	7.9672637	9.926466	262.3729
GP4_S29_subsampled_depth_15G_contig_390	14.449719	13.575925	6516	74.55889	1.3967292	45.120663	38.237545	37.955204	6559	219.78546	3.6821754	119.933624	41.02475	40.470425	6558	354.8982	3.9888399	130.10269	3.095112	2.8690765	5637	6.9053226	0.30661142	10.488202	3.922634	3.7301972	6352	7.5681996	0.37300712	12.7254715	4.554172	4.269457	6066	11.203354	0.43413705	14.762087	118450.03	121172.586	6574	816641340	8874.781	78202.93	173170.75	177205.45	6574	1724809100	12600.238	95824.33	155522.34	159166	6574	1408768900	11326.133	88832.66	0	0	0	0	0	0	0	0	0	0	0	0	0	0	0	0	0	0
GP4_S29_subsampled_depth_15G_contig_411	0	0	0	0	0	0	0	0	0	0	0	0	0	0	0	0	0	0	0	0	0	0	0	0	0	0	0	0	0	0	0	0	0	0	0	0	43.197903	30.376774	847	6147.609	4.7805405	42.12524	66.720604	45.96645	1009	15137.712	7.157209	54.430317	57.002327	37.385807	828	12323.459	6.617927	51.90544	0	0	0	0	0	0	0	0	0	0	0	0	0	0	0	0	0	0
GP4_S29_subsampled_depth_15G_contig_435	85.24575	68.297226	18624	21627.154	8.098003	261.60187	87.851425	70.718285	18621	22657.52	8.33761	271.56775	95.7635	77.49194	18626	26676.479	9.20176	300.1309	101.64171	81.83606	18629	30653.482	9.764617	334.0165	101.05968	81.247444	18587	30177.072	9.6347	328.69632	103.34087	84.02158	18616	31512.213	9.905525	336.8204	7.9536304	7.6925573	18543	22.107962	0.61263585	5.3984313	7.7930417	7.6174703	18468	13.89824	0.5825777	4.430485	7.110053	6.906637	18365	13.868199	0.53698695	4.2116704	8.741749	6.615907	14260	272.33466	17.858387	477.42395	7.9317713	6.002645	14602	228.00806	14.376433	381.86377	9.695867	7.361188	15977	343.43463	17.137133	452.96268
GP4_S29_subsampled_depth_15G_contig_486	80.42615	80.556366	33364	153.65706	7.315002	236.30739	71.814835	71.713524	33364	160.94553	6.526911	212.59077	77.43729	77.23189	33364	158.98425	7.099237	231.55344	66.22557	66.12146	33364	100.909645	6.0815706	208.03123	61.77329	61.78136	33364	97.89721	5.6346216	192.23018	63.63115	63.418045	33364	127.14804	5.8296537	198.22746	16.62022	16.318592	33364	45.252026	1.2714305	11.203607	14.864786	14.667224	33364	29.364887	1.1021667	8.381931	18.835793	18.651503	33364	38.79711	1.3966618	10.954235	0	0	0	0	0	0	0	0	0	0	0	0	0	0	0	0	0	0
GP4_S29_subsampled_depth_15G_contig_549	137.78688	114.85815	14976	41832.02	12.958738	418.62564	132.43967	111.44518	14977	37130.48	12.476195	406.36743	133.6265	112.63649	14977	38441.348	12.664955	413.0885	132.32347	109.85583	14964	40695.68	12.576222	430.19266	122.21144	102.911354	14969	32481.205	11.522218	393.09067	126.88507	106.01829	14977	35836.46	12.066957	410.31616	11.39111	10.858898	14577	71.51106	0.8877721	7.822885	10.680853	9.838217	14898	69.87925	0.8053605	6.124737	11.938153	11.388235	14851	72.95267	0.8998457	7.057635	0	0	0	0	0	0	0	0	0	0	0	0	2.2778714	1.9814162	11768	6.248156	3.9624422	104.73395
GP4_S29_subsampled_depth_15G_contig_678	0	0	0	0	0	0	0	0	0	0	0	0	0	0	0	0	0	0	0	0	0	0	0	0	0	0	0	0	0	0	0	0	0	0	0	0	3.3550935	3.3344111	2269	3.7548876	0.24100755	2.1237152	2.6328483	2.6207852	2259	2.1875226	0.18207304	1.3846585	0	0	0	0	0	0	0	0	0	0	0	0	0	0	0	0	0	0	0	0	0	0	0	0
GP4_S29_subsampled_depth_15G_contig_730	9.537805	9.436894	11095	15.189971	0.8673776	28.020199	8.688568	8.60521	11092	14.464391	0.78471196	25.55917	10.215921	10.153171	11063	19.71017	0.92876005	30.293041	9.0169935	8.981927	11012	16.052696	0.81939346	28.028831	8.870411	8.750909	11001	15.744184	0.8020036	27.361063	9.01763	8.867932	11116	15.830285	0.82695466	28.119164	3.4903672	3.4018579	10353	4.930654	0.26274246	2.3152385	4.384224	4.2223344	11021	5.4984536	0.3237235	2.461904	3.7584515	3.6891155	10786	3.9800012	0.27844796	2.1839108	0	0	0	0	0	0	0	0	0	0	0	0	0	0	0	0	0	0
GP4_S29_subsampled_depth_15G_contig_835	230.8676	222.6544	24700	5517.921	21.25349	686.5833	234.94698	226.28142	24744	5985.5356	21.604773	703.6982	246.87117	237.95412	24747	6616.376	22.894733	746.7501	257.81583	248.69145	24747	6896.215	23.980274	820.2888	248.508	238.66441	24746	7093.8096	22.939264	782.5933	254.67946	244.1687	24747	7607.056	23.639248	803.81226	52.47428	48.54205	24745	1775.4174	4.002302	35.267548	45.411243	42.63034	24802	1077.9565	3.364544	25.587242	49.867393	46.468765	24698	1297.1111	3.6972423	28.998041	10.693575	9.921128	24698	58.892754	22.083113	590.36725	7.271743	6.6664863	24231	36.419968	12.993755	345.13736	11.877373	11.129079	24618	69.66761	20.50216	541.90594
GP4_S29_subsampled_depth_15G_contig_1259	14.381509	13.792884	76725	71.91258	1.3099402	42.316982	14.334662	13.619587	76926	80.06843	1.3034865	42.4564	14.282789	13.53444	76857	78.76176	1.3093742	42.70741	14.914025	14.131105	76930	84.65102	1.3715338	46.91583	15.138238	14.288958	76964	87.934654	1.3811767	47.12007	14.937084	14.320208	76754	80.0761	1.3706005	46.604916	15.620739	14.455629	76982	126.61765	1.1903558	10.4892025	12.967301	12.02998	76980	90.66294	0.95802635	7.2857523	13.739387	12.824928	76880	97.854095	1.0166554	7.973785	0	0	0	0	0	0	0	0	0	0	0	0	0	0	0	0	0	0
GP4_S29_subsampled_depth_15G_contig_1322	8.599399	7.709833	2933	68.638596	0.8141729	26.301462	23.288673	21.43451	3140	301.9093	2.2017453	71.71398	36.8433	33.605564	3116	1021.7719	3.4715729	113.23111	4.532576	4.309462	2894	11.436188	0.41729617	14.274378	5.526562	5.2074213	2776	25.247374	0.51431763	17.546402	4.227865	3.8701298	2900	11.480815	0.40796676	13.872208	127230.31	124299.1	3143	5180209000	9311.996	82055.57	174343.5	170978.44	3143	8563600000	12391.69	94238.36	175409.2	171653.42	3143	9431826000	12475.783	97849.51	0	0	0	0	0	0	0	0	0	0	0	0	0	0	0	0	0	0
GP4_S29_subsampled_depth_15G_contig_1349	18.977926	17.450584	2512	260.11414	1.8221306	58.863033	34.187458	33.22257	2861	468.18454	3.1686203	103.20641	47.10827	45.622955	2837	973.68225	4.399059	143.48262	4.281009	3.9533074	0	14.528088	0	0	6.9320254	6.62607	2391	31.39601	0.643003	21.93662	7.152768	6.826848	2448	36.529053	0.6655095	22.629513	63773.105	64326.332	3004	1529554000	4629.1943	40791.613	62255.223	62770.566	3004	1467573100	4388.1787	33371.93	46563.89	47023.44	3004	806859800	3283.7156	25754.697	0	0	0	0	0	0	0	0	0	0	0	0	0	0	0	0	0	0
GP4_S29_subsampled_depth_15G_contig_1388	0	0	0	0	0	0	9.504767	9.286604	1566	47.717014	0.90560544	29.496859	6.748177	6.402492	1507	33.74631	0.62084275	20.249823	0	0	0	0	0	0	0	0	0	0	0	0	0	0	0	0	0	0	12741.382	12803.185	1933	72215520	905.3266	7977.5693	13142.611	13241.951	1933	76652936	906.0865	6890.754	9155.155	9210.679	1933	37203376	632.16205	4958.145	0	0	0	0	0	0	0	0	0	0	0	0	0	0	0	0	0	0
GP4_S29_subsampled_depth_15G_contig_1627	114.54698	65.299904	33738	71536.67	11.146755	360.09042	114.9381	64.70331	33738	73620.625	11.209032	365.09402	120.71588	64.97367	33738	90848.88	11.883113	387.58752	123.12234	64.83347	33738	99175.21	12.208769	417.62317	120.76781	61.75359	33738	100987.99	11.914181	406.4628	122.605064	63.411182	33738	102061.16	12.141421	412.8483	82.450905	74.41538	33738	3629.115	6.3502235	55.957005	66.12582	59.170956	33738	2535.6985	4.9641905	37.752472	82.9518	74.04012	33738	3850.6765	6.2072515	48.684444	0	0	0	0	0	0	0	0	0	0	0	0	0	0	0	0	0	0
GP4_S29_subsampled_depth_15G_contig_1878	0	0	0	0	0	0	0	0	0	0	0	0	0	0	0	0	0	0	0	0	0	0	0	0	0	0	0	0	0	0	0	0	0	0	0	0	1.362069	1.2998406	1330	0.8594661	0.1257165	1.1077913	4.608477	4.5645933	1542	4.152136	0.31604987	2.4035487	0	0	0	0	0	0	0	0	0	0	0	0	0	0	0	0	0	0	0	0	0	0	0	0
GP4_S29_subsampled_depth_15G_contig_2232	0	0	0	0	0	0	0	0	0	0	0	0	0	0	0	0	0	0	0	0	0	0	0	0	0	0	0	0	0	0	0	0	0	0	0	0	0	0	0	0	0	0	4.4269056	4.358209	1265	6.871448	0.30645365	2.330568	0	0	0	0	0	0	0	0	0	0	0	0	0	0	0	0	0	0	0	0	0	0	0	0
GP4_S29_subsampled_depth_15G_contig_2293	299.81665	292.0146	10741	18904.463	28.409273	917.7473	312.39212	303.8009	10741	22552.283	29.556124	962.68475	315.2167	306.34943	10741	20841.18	30.057865	980.38745	340.08725	331.6317	10741	25549.367	32.443447	1109.7872	326.35623	318.02036	10741	22653.625	30.987309	1057.1598	342.7019	333.11066	10741	26059.428	32.671074	1110.924	22.061468	21.319836	10741	106.47016	1.7230647	15.183334	18.176659	17.85052	10741	62.43461	1.4117117	10.736021	19.319895	18.826288	10741	90.29974	1.4912112	11.695806	14.273911	13.376692	10657	144.77191	29.661562	792.9689	11.908602	11.146648	10556	116.62186	22.16192	588.66034	17.04721	16.190287	10741	201.85066	30.45909	805.08386
GP4_S29_subsampled_depth_15G_contig_2398	3.0556686	2.954648	16732	3.7580662	0.27579847	8.909528	3.101005	3.0085309	16588	3.762876	0.28022826	9.127433	2.9020438	2.8073642	16476	3.749819	0.26411328	8.614492	2.8360434	2.7317777	16138	3.6311827	0.26124728	8.936435	3.2882228	3.1572576	16138	5.0497217	0.2975743	10.152009	3.1816847	3.0949693	16309	4.0828485	0.2902311	9.868816	4.492378	4.4069753	16843	7.4391603	0.33835575	2.9815302	4.362692	4.270857	16658	6.4897556	0.32244864	2.45221	3.8207994	3.7140257	16509	6.272442	0.28255174	2.216097	0	0	0	0	0	0	0	0	0	0	0	0	0	0	0	0	0	0
GP4_S29_subsampled_depth_15G_contig_2656	0	0	0	0	0	0	0	0	0	0	0	0	0	0	0	0	0	0	0	0	0	0	0	0	0	0	0	0	0	0	0	0	0	0	0	0	0	0	0	0	0	0	5.7793503	5.71071	3732	8.596124	0.41053662	3.1221147	4.783281	4.61525	3022	17.126022	0.3412116	2.6761765	0	0	0	0	0	0	0	0	0	0	0	0	0	0	0	0	0	0
GP4_S29_subsampled_depth_15G_contig_2937	3.3201327	3.1253774	37252	6.0793924	0.30156988	9.742063	3.563655	3.383863	37308	6.6088643	0.32177758	10.480753	3.4402604	3.2888808	37331	5.7873616	0.3146167	10.261749	3.4874935	3.3424675	37227	5.7621446	0.32003075	10.9472275	3.2224743	3.0778587	36790	5.5527534	0.29441154	10.044112	3.2417018	3.090521	35647	5.608146	0.29768085	10.122127	7.184743	6.884625	39367	22.519562	0.54680187	4.818317	6.2633734	5.9176803	39445	20.623909	0.46176833	3.511731	8.161026	7.8290434	39825	28.16413	0.6021615	4.7228475	2.5505126	2.3904574	33892	4.2908983	4.8106894	128.60841	2.8030126	2.6929429	36662	3.6411042	4.900348	130.16202	2.4896133	2.4088278	35957	2.8068337	4.196537	110.92142
GP4_S29_subsampled_depth_15G_contig_3056	335.36343	332.62747	13445	8920.078	31.501652	1017.64514	323.82248	321.8094	13445	7362.7646	30.39757	990.09204	323.1733	320.55176	13445	7194.845	30.542013	996.1787	301.42813	299.0513	13445	5631.6616	28.628403	979.2866	277.67032	276.2086	13445	5085.991	26.088001	890.0152	291.62927	289.85083	13445	5528.615	27.633495	939.6298	18.08883	17.722904	13445	88.086975	1.4129994	12.451094	15.924257	15.453915	13445	74.11936	1.2019372	9.140691	23.854305	23.320967	13445	141.44058	1.811708	14.20951	5.9460697	5.1055403	12803	106.978966	13.961416	373.24277	4.8552837	3.812735	12651	138.45024	11.128737	295.59924	6.4534035	5.4566727	13289	113.1988	13.449329	355.48804
GP4_S29_subsampled_depth_15G_contig_3483	243.92456	230.06085	10939	14421.364	22.839108	737.80597	248.96098	234.51585	10938	14845.734	23.245548	757.1405	252.4987	238.16393	10940	16062.336	23.809368	776.5824	268.98303	254.64395	10940	16436.893	25.438719	870.1778	269.72195	253.27945	10939	18764.69	25.312132	863.54596	274.77795	259.6287	10940	17738.2	25.842152	878.7181	16.497591	15.592875	10901	87.5732	1.3039706	11.490345	14.981835	14.443266	10923	48.178932	1.1592456	8.816021	18.986933	18.293657	10931	85.75913	1.4610442	11.459201	18.904263	17.794481	10932	111.44853	37.936184	1014.1815	16.235773	15.204181	10929	109.838936	29.123308	773.56696	20.222242	19.02049	10904	117.966194	35.144207	928.9197
GP4_S29_subsampled_depth_15G_contig_3496	55.377583	54.63259	45279	207.681	5.0355825	162.67197	54.636486	53.60854	45279	225.79012	4.9643254	161.69507	55.70336	54.546177	45279	257.9399	5.110459	166.68613	55.387775	54.433636	45279	254.96233	5.0898232	174.10661	55.95391	55.018097	45279	230.54352	5.097058	173.89072	57.148087	56.158333	45279	279.0833	5.2362075	178.0482	34.987503	31.969397	45279	793.8585	2.665513	23.488012	27.947596	25.521555	45279	476.72363	2.069478	15.738306	32.119987	29.65928	45279	583.7121	2.3789415	18.658411	0	0	0	0	0	0	0	0	0	0	0	0	0	0	0	0	0	0
GP4_S29_subsampled_depth_15G_contig_3512	102.40875	81.940895	20414	12506.434	9.668229	312.32733	107.139656	85.04353	20414	14221.678	10.086545	328.53305	110.79061	87.43179	20414	16160.532	10.556081	344.30414	124.16389	100.20358	20414	16946.229	11.8291	404.6359	130.257	105.54085	20414	17853.246	12.293271	419.39587	130.85344	106.43075	20414	17857.574	12.408363	421.92508	9.823974	9.44654	20386	25.867012	0.763604	6.728741	10.053346	9.6450815	20414	26.834095	0.76123166	5.7891364	10.187772	9.664053	20397	34.162193	0.78461343	6.153847	19.354965	14.995066	20413	609.74585	39.84176	1065.125	14.377467	11.48048	20408	287.93298	25.986664	690.2523	20.767273	16.22519	20414	658.86084	36.164795	955.8952
GP4_S29_subsampled_depth_15G_contig_3525	6.2742496	5.945443	12217	14.063808	0.5637808	18.212654	7.322386	7.2033806	12131	14.639017	0.66025347	21.505396	6.322869	6.013505	12107	16.212202	0.5726982	18.679508	5.366417	5.3387	12135	7.2714615	0.48973498	16.752268	5.414473	5.350058	11896	8.932287	0.48703748	16.61572	4.875151	4.762186	12017	7.921699	0.44412202	15.101614	2.940433	2.7731867	11046	5.38238	0.22220556	1.9580334	2.921114	2.864234	11732	3.2288437	0.21318848	1.6212895	2.9892135	2.7713978	11437	6.12434	0.22055542	1.7298514	0	0	0	0	0	0	0	0	0	0	0	0	0	0	0	0	0	0
GP4_S29_subsampled_depth_15G_contig_3726	267.5981	266.1731	17000	1039.906	24.774038	800.3131	275.97775	275.85684	17000	754.8783	25.55653	832.4123	302.01132	301.93973	17000	858.045	28.223595	920.5594	326.06766	325.97217	17000	1167.8689	30.511068	1043.6866	329.17752	328.5571	17000	1071.4226	30.611168	1044.3274	331.66333	330.5927	17000	1144.4995	30.97975	1053.4133	11.239051	10.948305	16973	42.520092	0.864633	7.6189857	11.048783	10.717131	17000	30.582224	0.8254961	6.277867	11.305994	10.953317	16850	43.41495	0.8371328	6.5657654	34.407776	34.22036	17000	60.716064	71.8022	1919.5511	25.125757	25.06264	17000	35.04852	44.853912	1191.4003	37.30457	37.063828	17000	50.116863	64.387924	1701.8789
GP4_S29_subsampled_depth_15G_contig_3744	0	0	0	0	0	0	0	0	0	0	0	0	0	0	0	0	0	0	1.9191818	1.7630923	3476	2.7609317	0.17261541	5.9046235	0	0	0	0	0	0	1.6136193	1.5034635	3167	1.9437368	0.14917973	5.0726	2.359192	2.3139374	3356	2.7192528	0.17273463	1.5221051	6.850087	6.7342753	4053	9.336051	0.5006753	3.807617	0	0	0	0	0	0	0	0	0	0	0	0	0	0	0	0	0	0	0	0	0	0	0	0
GP4_S29_subsampled_depth_15G_contig_3809|provirus_16630_64263	183.23999	179.06325	47634	7255.6855	16.69229	539.236	177.86235	174.1028	47634	6336.222	16.20346	527.7696	191.34862	186.68767	47634	8116.8926	17.584225	573.53876	237.06442	233.82224	47634	10245.483	21.804152	745.85046	219.82053	216.81982	47634	8834.661	20.09894	685.69305	234.25658	231.61444	47634	9699.113	21.532255	732.16766	51.29911	50.31545	47634	887.94086	3.9234054	34.572323	45.134403	44.255524	47634	696.84393	3.360921	25.559683	50.48768	49.321835	47634	883.8181	3.7560725	29.45947	3.3368924	3.176596	42800	5.92839	6.7963557	181.69292	2.5871031	2.462631	41066	3.947576	4.54699	120.7761	3.5077078	3.3597436	44794	5.57025	5.9844074	158.17778
GP5_S30_subsampled_depth_15G_contig_74	3.4307644	3.3104763	14955	5.14974	0.31133145	10.057407	3.675819	3.4520557	15053	7.5719476	0.33820233	11.01573	3.358627	3.1910143	14657	6.0092344	0.31127396	10.152716	3.0122309	2.8684046	15055	4.7693205	0.2782521	9.518122	3.1958191	3.067531	14503	5.0321712	0.29219216	9.968401	3.3910763	3.312071	15071	4.411391	0.3119773	10.608252	6.775788	6.6674757	15928	12.85643	0.5202832	4.58464	5.7911386	5.587742	15896	12.290186	0.42934906	3.2651837	5.0918565	4.732788	15975	13.054092	0.37922543	2.9743252	0	0	0	0	0	0	0	0	0	0	0	0	0	0	0	0	0	0
GP5_S30_subsampled_depth_15G_contig_659	26.661722	26.106064	20985	164.02065	2.41927	78.15334	24.7066	24.39631	20960	98.77945	2.2366562	72.85103	27.313463	26.67216	20985	178.95604	2.5024655	81.62213	28.551811	28.018078	20985	179.94846	2.6190774	89.59035	28.497623	28.100357	20985	151.82813	2.58838	88.30491	28.329685	27.712526	20985	173.82457	2.5925927	88.15665	20.908134	20.640537	20970	108.854034	1.5937891	14.044178	19.212671	18.641178	20978	102.41694	1.4208667	10.805644	21.207008	20.829094	20985	124.63934	1.5672287	12.292017	0	0	0	0	0	0	0	0	0	0	0	0	0	0	0	0	0	0
GP5_S30_subsampled_depth_15G_contig_1467	187.31816	186.48192	13560	523.9069	17.220444	556.2977	186.02876	185.21309	13561	549.1743	17.08351	556.4341	183.85103	182.90097	13558	502.07004	17.031212	555.50146	170.27415	169.11885	13565	435.4793	15.774997	539.61255	156.3809	155.87108	13559	472.4847	14.394084	491.06708	164.42879	163.60777	13561	586.10126	15.247162	518.4536	8.321736	8.115708	13379	18.923464	0.6497207	5.7252173	7.339875	7.10332	13135	17.726572	0.55290985	4.20486	10.73476	10.529154	13602	17.156614	0.8056953	6.319193	7.2955694	5.2689133	13288	443.00165	19.263662	514.9923	5.6407228	3.6019986	12909	437.25156	15.461939	410.6967	8.509144	6.204906	13452	621.09436	20.19285	533.73035
GP5_S30_subsampled_depth_15G_contig_1761	40.58818	38.714542	4465	814.54407	3.913712	126.43052	42.13488	40.37246	4465	939.0407	4.0737195	132.68684	37.61298	35.47722	4465	763.9049	3.6516588	119.10497	34.84218	33.343372	4465	594.06525	3.4599814	118.35495	36.139977	34.264606	4465	929.34705	3.5620873	121.52374	37.292236	35.841183	4465	748.2884	3.6252072	123.26901	7.171495	6.675933	4465	45.339615	0.5822925	5.131053	8.878795	8.260746	4431	53.547897	0.68962127	5.2445436	10.420162	9.74749	4465	72.958565	0.8148338	6.390871	32.21182	27.685457	4465	1868.054	69.74131	1864.4556	28.52329	24.351093	4465	1532.4692	55.597527	1476.7692	34.490845	30.061775	4465	1855.0404	65.66112	1735.5316
GP5_S30_subsampled_depth_15G_contig_1965	0	0	0	0	0	0	0	0	0	0	0	0	0	0	0	0	0	0	0	0	0	0	0	0	0	0	0	0	0	0	0	0	0	0	0	0	151485.83	147037.89	2993	19577455000	10999.661	96927.016	199160.31	192868.81	3001	33881520000	14043.284	106798.625	207845.56	200701.94	3012	36991013000	14667.264	115037.67	0	0	0	0	0	0	0	0	0	0	0	0	0	0	0	0	0	0
GP5_S30_subsampled_depth_15G_contig_2303	154.34149	149.1591	50576	2885.9578	14.062994	454.29816	158.9415	153.10951	50576	3213.7317	14.471593	471.36032	161.64098	156.19469	50576	3033.5378	14.856724	484.5768	193.55803	187.48361	50576	4120.233	17.799791	608.8743	191.87064	186.05083	50576	3766.7449	17.52726	597.95807	197.1714	191.45772	50576	3885.1624	18.113842	615.9302	43.2066	42.60431	50576	145.15672	3.2952025	29.03673	37.981636	37.28845	50576	148.38997	2.8132656	21.394789	44.171837	43.52763	50576	169.38051	3.2686996	25.636925	8.579741	8.369051	50444	16.135641	18.404816	492.03226	6.212529	6.095254	50380	8.3422785	10.995867	292.06992	8.632154	8.454124	50482	14.442831	14.677434	387.94882
GP5_S30_subsampled_depth_15G_contig_2997	11.30814	11.138243	760	66.42298	1.0297023	33.26402	28.65	28.541344	839	476.02518	2.5185611	82.033066	44.466278	43.821705	759	945.71594	3.851429	125.62082	3.9697673	3.9198966	0	9.640529	0	0	0	0	0	0	0	0	7.254651	7.0490956	795	30.44847	0.6552485	22.280607	43553.824	44116.37	1010	788317200	2973.7246	26203.91	42531.34	43090.926	1010	748251000	2819.1333	21439.408	30855.943	31284.615	1010	388232300	2046.1986	16048.657	0	0	0	0	0	0	0	0	0	0	0	0	0	0	0	0	0	0
GP5_S30_subsampled_depth_15G_contig_3408	10753.098	9622.859	17503	104646770	1011.6512	32680.89	10773.044	9639.634	17503	105500350	1013.04004	32996.16	10761.734	9625.994	17503	106570680	1020.45874	33283.97	9512.392	8533.115	17503	79764560	902.32367	30865.623	10053.097	9022.03	17503	87518380	946.80475	32301.088	9835.102	8819.045	17503	85876570	931.61127	31677.838	4529.8555	4041.7292	17503	19001092	356.02332	3137.2126	3995.0796	3563.1323	17503	14747661	304.82306	2318.1682	4507.966	4015.578	17503	19000062	344.51077	2702.0515	11.844004	10.547091	17356	132.80745	22.756546	608.3707	14.337175	12.687304	17367	207.35086	25.869932	687.15155	15.7182045	14.065753	17498	236.59048	27.342064	722.6959
GP5_S30_subsampled_depth_15G_contig_3453	3.7171478	3.585131	33472	6.260989	0.33819392	10.92519	3.7671506	3.6490965	34038	5.654843	0.3418248	11.133713	3.6218414	3.4662352	33832	6.301065	0.3327937	10.854621	3.5596263	3.3785093	32579	6.889387	0.32611483	11.155352	3.5020542	3.368974	33386	5.3226876	0.31937057	10.895608	3.152963	2.9935908	33095	5.3342853	0.2885922	9.813087	7.0244527	6.76621	34575	22.620249	0.53105146	4.679529	6.14908	5.9192147	34782	16.312073	0.45312488	3.4459991	8.745146	8.431438	35478	27.646868	0.64493	5.058286	2.5274918	2.3915775	31230	3.7194934	4.733807	126.55307	2.552479	2.406209	31328	3.8925807	4.449151	118.17742	2.8997693	2.804477	33125	3.582322	4.9034166	129.60535
GP5_S30_subsampled_depth_15G_contig_4006	0	0	0	0	0	0	0	0	0	0	0	0	0	0	0	0	0	0	0	0	0	0	0	0	0	0	0	0	0	0	0	0	0	0	0	0	2.6927466	2.6660633	0	3.354947	0	0	0	0	0	0	0	0	3.9364302	3.8280542	1314	4.8116164	0.2658255	2.0849123	0	0	0	0	0	0	0	0	0	0	0	0	0	0	0	0	0	0
GP5_S30_subsampled_depth_15G_contig_4035	4.388026	4.177753	18174	7.9286537	0.39699918	12.824863	4.786899	4.533554	18042	11.066088	0.43283227	14.097961	4.57316	4.4140477	18397	7.0656323	0.41765106	13.622381	3.950925	3.787571	18152	6.1921477	0.36266196	12.405509	4.0359955	3.871042	17841	7.361654	0.36780623	12.548042	4.4398127	4.225898	18234	8.265427	0.40290573	13.700123	3.8618672	3.758684	17912	6.1743565	0.29232875	2.5759473	2.8463953	2.7525992	17485	3.535026	0.20915958	1.5906513	5.276691	5.1839557	18528	7.404482	0.3873309	3.0378952	3.1827414	3.0172496	17393	5.2656417	5.9408555	158.82216	3.6478095	3.4395676	16956	8.079922	6.3195133	167.85765	4.034613	3.8083057	18369	7.499679	6.755707	178.56447
GP5_S30_subsampled_depth_15G_contig_4400	913.34674	896.9849	94300	25359.143	82.97003	2680.3057	945.86884	929.2371	94297	27390.166	85.87173	2796.9634	970.56775	951.91974	94297	31081.379	88.87717	2898.8767	1023.9857	1002.2136	94297	39025.14	93.89508	3211.8518	1001.50543	982.536	94297	34580.957	91.16918	3110.3179	1003.9379	983.3577	94297	37413.207	91.92879	3125.8806	439.5721	437.83038	94349	16670.527	33.510754	295.29074	387.06158	385.03375	94348	13138.201	28.652136	217.89845	438.06836	435.26358	94368	15839.009	32.460667	254.59416	5.2075186	5.0805917	92518	8.175112	9.594198	256.49017	5.6818867	5.544942	93241	8.717615	9.912505	263.29382	4.8898935	4.772589	92612	7.4452143	8.253287	218.14798
GP5_S30_subsampled_depth_15G_contig_4672	281.28632	278.4776	98089	13092.646	25.631527	828.0137	296.92383	293.99695	98089	14786.213	27.036736	880.62494	307.09854	303.38144	98089	16397.979	28.21644	920.32635	301.11893	297.71036	98089	15297.747	27.703457	947.6472	312.61005	309.49377	98089	16100.068	28.545341	973.8496	301.74823	297.75253	98089	15405.968	27.723616	942.6941	189.81395	181.92815	98089	12890.78	14.503369	127.80097	162.15108	156.3881	98089	9033.403	12.026436	91.46058	183.3429	176.70988	98089	11665.367	13.613581	106.77346	0	0	0	0	0	0	0	0	0	0	0	0	0	0	0	0	0	0
GP5_S30_subsampled_depth_15G_contig_4722	0	0	0	0	0	0	0	0	0	0	0	0	0	0	0	0	0	0	0	0	0	0	0	0	0	0	0	0	0	0	0	0	0	0	0	0	0	0	0	0	0	0	0	0	0	0	0	0	8.700283	8.654974	2272	12.799332	0.6200291	4.862985	0	0	0	0	0	0	0	0	0	0	0	0	0	0	0	0	0	0
M1_S25_subsampled_depth_15G_contig_445	2.2139509	2.0971634	15752	2.866652	0.2005669	6.479217	2.2608216	2.1657784	16172	2.5791507	0.20418724	6.650666	2.286242	2.1769283	16368	2.6151493	0.20821324	6.7912235	2.7380755	2.648594	16778	3.1231863	0.24991836	8.548914	2.3702233	2.2604914	16143	3.0625522	0.21427171	7.31007	3.0792391	3.0068002	17054	3.640737	0.28050083	9.537949	0	0	0	0	0	0	0	0	0	0	0	0	0	0	0	0	0	0	3.391839	3.2889788	17039	4.72315	6.075139	162.412	4.1285357	4.0508485	17658	5.1876793	7.1243477	189.2353	4.519879	4.415549	18007	5.4687657	7.5591583	199.80104
M1_S25_subsampled_depth_15G_contig_549	0	0	0	0	0	0	0	0	0	0	0	0	0	0	0	0	0	0	0	0	0	0	0	0	0	0	0	0	0	0	0	0	0	0	0	0	0	0	0	0	0	0	0	0	0	0	0	0	0	0	0	0	0	0	4.97762	4.8927374	11002	7.7957525	9.014503	240.99272	5.2510657	5.0368066	11005	11.25493	9.12448	242.36249	4.1138544	3.9448392	10779	8.2204485	6.979365	184.47621
M1_S25_subsampled_depth_15G_contig_679	4.5771003	4.3917537	9395	11.510214	0.42172897	13.623746	4.9259686	4.716919	9600	13.458028	0.4525071	14.738806	5.411872	5.1609845	9690	18.098398	0.50466317	16.460432	5.261124	5.054869	9578	15.130524	0.49204287	16.831217	5.320483	4.9194546	9817	23.067894	0.49341828	16.8334	5.3516493	4.9864693	9206	20.30512	0.4939942	16.79743	0	0	0	0	0	0	0	0	0	0	0	0	0	0	0	0	0	0	52.238686	52.10718	10578	1199.4003	95.07179	2541.638	58.057823	58.022373	10578	1646.2365	101.90834	2706.8682	57.072594	56.60729	10578	1170.2457	97.029	2564.6362
M1_S25_subsampled_depth_15G_contig_728	17571.676	16943.676	72615	146781820	1598.6198	51642.617	17458.879	16837.936	72615	143980740	1587.5553	51708.93	17555.854	16874.004	72615	153142940	1610.254	52521.12	19802.121	19146.334	72615	141161380	1818.464	62203.87	19357.113	18778.72	72615	131898240	1764.695	60204.133	19896.592	19235.887	72615	149777460	1824.532	62040.09	15766.389	14372.818	72615	144728600	1205.3124	10620.992	13256.155	12026.907	72615	103819370	984.24396	7485.1406	14304.14	12949.236	72615	123606340	1063.1046	8338.095	77.20142	75.628265	72615	1057.1438	144.72571	3869.08	72.35613	71.36275	72615	669.3217	126.30514	3354.8904	87.06737	86.174614	72615	841.2965	147.33072	3894.195
M1_S25_subsampled_depth_15G_contig_2448	9.417509	7.4929576	10738	165.62274	1.0192473	32.92628	9.0620985	7.2276998	10806	146.70685	0.9789856	31.886961	9.767776	7.977751	10844	155.87883	1.0699322	34.897617	8.878009	7.339763	10713	127.18181	0.93573964	32.008675	8.386459	6.8903856	10483	125.85	0.9086428	30.999147	8.782014	7.0369463	10293	152.38528	0.9482357	32.24315	0	0	0	0	0	0	0	0	0	0	0	0	0	0	0	0	0	0	106.480896	83.36099	11036	19299.342	216.4802	5787.357	128.84448	100.2179	11036	29730.125	250.23009	6646.558	124.92991	96.38436	11036	29107.914	235.91823	6235.708
M1_S25_subsampled_depth_15G_contig_2960	52.563454	50.588314	19045	533.5774	4.9126086	158.69936	52.956673	50.711807	19047	649.374	4.9261947	160.45311	56.55166	53.92024	19000	699.7714	5.328545	173.79938	60.1987	57.6314	19007	740.6078	5.675837	194.15236	63.3856	61.03415	19042	772.5777	5.9447126	202.80911	60.36952	58.136013	19028	650.15216	5.684196	193.2813	1.7881818	1.6316934	14519	2.8320749	0.13765508	1.2129911	0	0	0	0	0	0	0	0	0	0	0	0	9.430831	9.128372	19002	24.578636	19.569155	523.15955	8.189811	7.8661613	18811	26.666332	14.539293	386.18948	10.402581	10.041556	19030	28.117256	17.983072	475.32233
M1_S25_subsampled_depth_15G_contig_4965	0	0	0	0	0	0	0	0	0	0	0	0	0	0	0	0	0	0	0	0	0	0	0	0	0	0	0	0	0	0	0	0	0	0	0	0	0	0	0	0	0	0	0	0	0	0	0	0	0	0	0	0	0	0	34.084427	32.69098	12551	154.52435	67.23999	1797.5862	37.90146	36.332676	12551	155.54643	71.59111	1901.5876	32.94412	31.778156	12551	111.39373	59.973232	1585.1914
M1_S25_subsampled_depth_15G_contig_5158	55.74796	55.54752	16954	216.53993	5.2537203	169.71875	56.871487	56.03509	16954	249.71584	5.3540616	174.38943	59.09605	58.545563	17069	249.78793	5.5969653	182.5544	62.4449	61.88181	16954	297.6832	5.944023	203.32619	66.6377	65.91716	16955	327.29684	6.3054543	215.11623	64.88264	64.05688	16954	330.42603	6.1792297	210.11421	0	0	0	0	0	0	0	0	0	0	0	0	0	0	0	0	0	0	12.071508	11.7303505	17183	29.333189	25.410086	679.31024	9.794693	9.688866	17005	14.293507	17.689592	469.8673	12.800505	12.69578	17043	19.361452	22.30167	589.46985
M1_S25_subsampled_depth_15G_contig_5340	0	0	0	0	0	0	0	0	0	0	0	0	0	0	0	0	0	0	0	0	0	0	0	0	0	0	0	0	0	0	0	0	0	0	0	0	0	0	0	0	0	0	0	0	0	0	0	0	0	0	0	0	0	0	220.70541	207.94017	20877	9826.115	428.18268	11446.985	233.40488	217.75647	20877	12836.405	436.875	11604.18	229.65002	214.66116	20877	11375.494	417.1857	11026.908
M1_S25_subsampled_depth_15G_contig_5687	0	0	0	0	0	0	0	0	0	0	0	0	0	0	0	0	0	0	0	0	0	0	0	0	0	0	0	0	0	0	0	0	0	0	0	0	0	0	0	0	0	0	0	0	0	0	0	0	0	0	0	0	0	0	176.24963	168.91956	22651	3412.3584	331.97238	8874.912	179.85454	172.5382	22648	3275.9207	325.45816	8644.75	163.20355	157.27544	22648	2827.941	288.17703	7616.9956
M1_S25_subsampled_depth_15G_contig_10047	0	0	0	0	0	0	0	0	0	0	0	0	0	0	0	0	0	0	0	0	0	0	0	0	0	0	0	0	0	0	0	0	0	0	0	0	0	0	0	0	0	0	0	0	0	0	0	0	0	0	0	0	0	0	53.181747	48.422413	26830	926.71747	105.81693	2828.897	59.46428	54.973015	26830	1000.364	113.56418	3016.467	57.254387	52.63993	26830	996.2795	106.993965	2828.0269
M1_S25_subsampled_depth_15G_contig_10910	0	0	0	0	0	0	0	0	0	0	0	0	0	0	0	0	0	0	0	0	0	0	0	0	0	0	0	0	0	0	0	0	0	0	0	0	0	0	0	0	0	0	0	0	0	0	0	0	0	0	0	0	0	0	11.792017	11.512255	11574	30.00209	22.216925	593.94476	14.719188	14.379304	11574	39.509697	26.895163	714.38354	15.705532	15.344388	11574	57.3446	28.025862	740.7696
M1_S25_subsampled_depth_15G_contig_10933	0	0	0	0	0	0	0	0	0	0	0	0	0	0	0	0	0	0	0	0	0	0	0	0	0	0	0	0	0	0	0	0	0	0	0	0	0	0	0	0	0	0	0	0	0	0	0	0	0	0	0	0	0	0	4.977725	4.7365766	15348	10.928066	9.602149	256.70282	3.4238622	3.2978451	15031	4.8049655	6.003506	159.46385	5.6925044	5.6144657	15550	7.287083	9.534816	252.02095
M1_S25_subsampled_depth_15G_contig_11075	63.96504	59.4275	53010	2782.178	5.838683	188.61569	62.684757	57.80683	53318	2779.351	5.718015	186.24393	65.333405	60.005646	52400	3141.5967	6.0086203	195.9812	84.425804	77.75271	52803	5274.752	7.7751136	265.96182	85.6429	78.90397	53369	5192.908	7.8265743	267.0104	86.38123	79.899864	53286	5274.6543	7.9375315	269.90213	0	0	0	0	0	0	15.111653	13.916947	41727	193.30081	1.1177351	8.50033	18.41409	17.109087	41196	272.57755	1.3638321	10.696747	266.1846	269.84833	54264	13384.538	488.15787	13050.353	254.39528	257.63458	54264	11341.529	450.27548	11960.12	239.45306	242.51125	54264	9061.526	411.57465	10878.598
M1_S25_subsampled_depth_15G_contig_11875	0	0	0	0	0	0	0	0	0	0	0	0	0	0	0	0	0	0	0	0	0	0	0	0	0	0	0	0	0	0	0	0	0	0	0	0	0	0	0	0	0	0	0	0	0	0	0	0	0	0	0	0	0	0	7.7925906	7.4552293	11379	16.540255	14.349509	383.61816	7.5536556	7.169783	11379	15.5223465	13.67803	363.3129	7.5094843	7.037004	11366	19.504469	13.350411	352.8735
M1_S25_subsampled_depth_15G_contig_13774	0	0	0	0	0	0	0	0	0	0	0	0	0	0	0	0	0	0	0	0	0	0	0	0	0	0	0	0	0	0	0	0	0	0	0	0	0	0	0	0	0	0	0	0	0	0	0	0	0	0	0	0	0	0	58.319855	45.095474	19515	5538.9873	110.48464	2953.6836	54.87111	42.105915	19515	5186.9185	99.75434	2649.654	58.120216	46.16094	19515	4604.627	102.147064	2699.916
M1_S25_subsampled_depth_15G_contig_14081	6.1083956	5.699572	23972	19.835941	0.5813236	18.779373	6.050325	5.80602	24103	13.754696	0.5719703	18.62989	5.763244	5.5374384	24135	11.060755	0.5462458	17.81672	5.3783293	5.1429424	23852	12.15145	0.51772887	17.70986	5.0738516	4.869069	23596	10.143953	0.47989053	16.371883	5.3782463	5.0865664	23957	13.1360235	0.51193124	17.407349	0	0	0	0	0	0	0	0	0	0	0	0	0	0	0	0	0	0	34.39229	33.62143	24293	177.2304	63.00125	1684.2682	44.26575	43.318237	24293	309.94028	78.44389	2083.6094	44.877686	43.97349	24293	275.22516	76.659195	2026.2294
M1_S25_subsampled_depth_15G_contig_14952	0	0	0	0	0	0	0	0	0	0	0	0	0	0	0	0	0	0	0	0	0	0	0	0	0	0	0	0	0	0	0	0	0	0	0	0	0	0	0	0	0	0	0	0	0	0	0	0	0	0	0	0	0	0	67.246445	66.8316	54304	194.4238	125.06532	3343.4814	75.3447	74.752014	54304	257.31937	134.737	3578.855	69.1637	68.79987	54304	198.53497	119.80124	3166.5454
M1_S25_subsampled_depth_15G_contig_15990	28.326866	25.510448	8564	653.7747	2.749654	88.82621	25.895863	22.603058	8544	700.30914	2.5385816	82.68521	26.12156	23.33304	8216	579.8169	2.5470426	83.07607	22.538012	19.674109	8816	513.14655	2.2421818	76.697876	23.213028	20.788166	8598	452.1435	2.2582495	77.04221	24.334785	21.58205	8944	502.12277	2.3656116	80.438576	0	0	0	0	0	0	0	0	0	0	0	0	0	0	0	0	0	0	290.8532	297.9749	10252	21210.8	540.48785	14449.337	289.22073	296.4637	10252	21240.732	510.0015	13546.551	371.85123	381.76187	10252	33720.113	635.2947	16791.889
M1_S25_subsampled_depth_15G_contig_16694	0	0	0	0	0	0	0	0	0	0	0	0	0	0	0	0	0	0	0	0	0	0	0	0	0	0	0	0	0	0	0	0	0	0	0	0	0	0	0	0	0	0	0	0	0	0	0	0	0	0	0	0	0	0	83.04637	69.70765	21565	12572.623	167.55449	4479.3813	90.26005	75.89448	21565	14799.848	176.41888	4686.0005	85.95396	70.9944	21565	15652.664	162.9875	4308.03
M1_S25_subsampled_depth_15G_contig_16741	0	0	0	0	0	0	0	0	0	0	0	0	0	0	0	0	0	0	0	0	0	0	0	0	0	0	0	0	0	0	0	0	0	0	0	0	0	0	0	0	0	0	0	0	0	0	0	0	0	0	0	0	0	0	83.296135	40.76441	44127	322347.44	240.22803	6422.227	89.6998	44.01094	44127	377418.78	254.71912	6765.796	83.90408	38.831787	44127	362520.66	237.02063	6264.8467
M1_S25_subsampled_depth_15G_contig_17143	17167.545	17555.688	41706	14207971	1559.1973	50369.09	17232.922	17625.996	41706	14341734	1564.4447	50956.19	16397.904	16779.506	41706	12721494	1501.2638	48966.23	14745.938	15093.021	41706	10191652	1351.4592	46229.125	14698.307	15051.192	41706	10065409	1337.1298	45617.367	15112.772	15457.604	41706	10918362	1383.14	47031.32	481.32785	476.82272	41706	50996.926	36.561634	322.17438	432.61316	429.25565	41706	39663.324	31.91134	242.68466	632.68823	629.8011	41706	79531.64	46.728302	366.49744	44.00659	44.659565	41706	140.86911	80.8853	2162.3782	52.78749	53.571842	41645	204.22997	92.01781	2444.1577	51.881462	52.594807	41676	208.65936	87.7485	2319.3381
M1_S25_subsampled_depth_15G_contig_17594	0	0	0	0	0	0	0	0	0	0	0	0	0	0	0	0	0	0	0	0	0	0	0	0	0	0	0	0	0	0	0	0	0	0	0	0	0	0	0	0	0	0	0	0	0	0	0	0	0	0	0	0	0	0	10.579866	10.034101	6567	63.71623	29.641233	792.4253	12.70843	12.103514	6567	85.37336	33.021606	877.1131	10.999376	10.393803	6567	78.3245	28.81003	761.49695
M1_S25_subsampled_depth_15G_contig_17954	0	0	0	0	0	0	0	0	0	0	0	0	0	0	0	0	0	0	0	0	0	0	0	0	0	0	0	0	0	0	0	0	0	0	0	0	0	0	0	0	0	0	0	0	0	0	0	0	0	0	0	0	0	0	28.954939	15.603498	32351	4506.4146	65.77301	1758.3674	30.521568	17.1963	32349	4515.5845	67.52451	1793.5715	37.056553	18.659397	32335	8203.396	79.13899	2091.7744
M1_S25_subsampled_depth_15G_contig_21197	8.6150875	8.102403	10436	56.61082	0.8093181	26.144611	8.062907	7.499428	9857	52.929607	0.76364356	24.872957	8.639976	8.206236	10208	58.057392	0.82283217	26.838045	8.840199	8.442697	10571	59.730534	0.8399124	28.730726	8.210865	7.648265	9782	54.52724	0.7823446	26.690388	8.689495	8.170767	9597	62.644283	0.8341205	28.36285	0	0	0	0	0	0	0	0	0	0	0	0	0	0	0	0	0	0	71.76485	71.56112	11802	106.34366	129.46265	3461.0393	92.18658	92.381676	11802	119.5221	159.07356	4225.279	82.74339	82.50343	11802	149.69771	138.69003	3665.8062
M1_S25_subsampled_depth_15G_contig_21787	0	0	0	0	0	0	0	0	0	0	0	0	0	0	0	0	0	0	0	0	0	0	0	0	0	0	0	0	0	0	0	0	0	0	0	0	0	0	0	0	0	0	0	0	0	0	0	0	0	0	0	0	0	0	264.40408	234.67406	11130	73159.016	570.0254	15238.99	274.04962	243.23842	11130	75505.17	580.04364	15406.996	298.30563	262.81604	11130	97428.516	612.52264	16189.983
M1_S25_subsampled_depth_15G_contig_22945	17.561543	8.35974	8970	2514.5034	1.8619189	60.14835	17.46296	7.560719	8538	2764.6028	1.8879101	61.49193	20.281586	9.711506	9294	3472.0715	2.1684294	70.726906	20.147875	9.269247	9716	3451.9487	2.1741905	74.3721	19.21497	8.752127	9023	3240.4534	2.019068	68.88227	18.377394	8.1770525	8210	3001.9802	2.0151794	68.5227	0	0	0	0	0	0	0	0	0	0	0	0	0	0	0	0	0	0	59.07609	53.88739	10598	1842.3527	122.55213	3276.2947	72.192474	65.5454	10598	2894.017	142.83687	3794.001	76.82619	68.92801	10598	3485.3406	147.55418	3900.1008
M1_S25_subsampled_depth_15G_contig_23261	47.702904	46.86359	30235	616.21564	4.336501	140.08856	46.27002	45.365055	30143	560.9224	4.2017303	136.85634	47.73372	46.62409	30150	606.0302	4.37386	142.66069	46.56727	44.199543	30301	1065.0006	4.273199	146.17255	45.68477	43.742462	30394	927.63214	4.1536894	141.70677	46.09015	43.732456	30147	1026.2205	4.222523	143.57967	19.416988	19.482609	29999	102.90449	1.4850342	13.085845	15.297954	15.283847	29624	67.8998	1.1327381	8.614435	17.546959	17.556702	29993	83.91968	1.2987543	10.18633	22.480917	22.192976	32796	41.567715	41.515717	1109.8761	22.757397	22.493193	32796	41.873627	40.07983	1064.5918	20.95975	20.40239	32796	48.570057	35.834972	947.17737
M1_S25_subsampled_depth_15G_contig_23521	0	0	0	0	0	0	0	0	0	0	0	0	0	0	0	0	0	0	0	0	0	0	0	0	0	0	0	0	0	0	0	0	0	0	0	0	0	0	0	0	0	0	0	0	0	0	0	0	0	0	0	0	0	0	15.316344	11.216493	22341	2524.1313	33.596878	898.17487	16.071335	11.738547	22341	2800.6284	34.833336	925.2356	15.225812	10.832825	22341	2828.1443	31.87619	842.5402
M1_S25_subsampled_depth_15G_contig_24017	0	0	0	0	0	0	0	0	0	0	0	0	0	0	0	0	0	0	0	0	0	0	0	0	0	0	0	0	0	0	0	0	0	0	0	0	0	0	0	0	0	0	0	0	0	0	0	0	0	0	0	0	0	0	80.50675	62.02047	30222	16549.895	173.28061	4632.463	70.90317	48.52601	30222	21545.72	155.2174	4122.8525	80.75372	60.08457	30198	20250.244	165.78595	4381.9976
M1_S25_subsampled_depth_15G_contig_24116	2.6951756	2.5288887	16683	4.4633555	0.24503791	7.9158235	2.3040185	2.2197087	16085	2.8490067	0.20917867	6.813247	2.4210272	2.2924674	16456	3.5493152	0.22127649	7.2173023	2.81847	2.7566552	17015	3.290475	0.26340425	9.010219	2.928817	2.850782	16841	3.802433	0.2664779	9.091128	3.6077683	3.4256296	17043	7.150235	0.33579713	11.418206	0	0	0	0	0	0	0	0	0	0	0	0	0	0	0	0	0	0	504.30853	502.92508	18764	2764.2168	926.3653	24765.336	492.3536	492.9759	18764	1401.4738	857.57745	22778.791	681.4407	682.26245	18764	1996.7533	1150.0854	30398.662
M1_S25_subsampled_depth_15G_contig_25815	0	0	0	0	0	0	0	0	0	0	0	0	0	0	0	0	0	0	0	0	0	0	0	0	0	0	0	0	0	0	0	0	0	0	0	0	0	0	0	0	0	0	0	0	0	0	0	0	0	0	0	0	0	0	25.73646	18.458015	13222	1843.7777	57.60435	1539.9879	28.082237	21.174911	13222	1841.5466	61.62708	1636.9254	27.367733	20.05023	13222	1918.9202	58.09972	1535.6716
M1_S25_subsampled_depth_15G_contig_26912	0	0	0	0	0	0	0	0	0	0	0	0	0	0	0	0	0	0	0	0	0	0	0	0	0	0	0	0	0	0	0	0	0	0	0	0	0	0	0	0	0	0	0	0	0	0	0	0	0	0	0	0	0	0	23.658197	15.442265	14477	1795.4429	58.02805	1551.3151	23.391499	14.762776	14477	1965.584	56.140125	1491.1818	26.058073	17.773788	14477	1851.1548	59.66752	1577.1113
M1_S25_subsampled_depth_15G_contig_27165	0	0	0	0	0	0	0	0	0	0	0	0	0	0	0	0	0	0	0	0	0	0	0	0	0	0	0	0	0	0	0	0	0	0	0	0	0	0	0	0	0	0	0	0	0	0	0	0	0	0	0	0	0	0	39.84256	33.363636	11405	1428.6112	80.35443	2148.1855	44.05162	36.34962	11405	1899.1288	86.30772	2292.4873	40.135227	32.971966	11405	1793.7611	76.562065	2023.662
M1_S25_subsampled_depth_15G_contig_28069	0	0	0	0	0	0	0	0	0	0	0	0	0	0	0	0	0	0	0	0	0	0	0	0	0	0	0	0	0	0	0	0	0	0	0	0	0	0	0	0	0	0	0	0	0	0	0	0	0	0	0	0	0	0	68.91722	65.57882	22366	2739.5803	145.29726	3884.36	75.00675	71.65063	22366	3169.6907	151.45798	4022.9937	71.69162	67.90418	22366	3042.0405	142.28467	3760.8193
M1_S25_subsampled_depth_15G_contig_29682	0	0	0	0	0	0	0	0	0	0	0	0	0	0	0	0	0	0	0	0	0	0	0	0	0	0	0	0	0	0	0	0	0	0	0	0	0	0	0	0	0	0	0	0	0	0	0	0	0	0	0	0	0	0	310.45227	285.43304	14106	25838.014	573.941	15343.666	327.10654	297.4895	14106	31158.531	579.09656	15381.84	311.6337	281.249	14106	32116.574	534.1592	14118.711
M1_S25_subsampled_depth_15G_contig_32273	0	0	0	0	0	0	0	0	0	0	0	0	0	0	0	0	0	0	0	0	0	0	0	0	0	0	0	0	0	0	0	0	0	0	0	0	0	0	0	0	0	0	0	0	0	0	0	0	0	0	0	0	0	0	81.655785	35.428745	17334	54545.22	173.01308	4625.311	79.95088	34.27609	17328	54532.2	169.711	4507.828	89.73086	39.75779	17334	64421.938	182.06778	4812.352
M1_S25_subsampled_depth_15G_contig_32641	5.44006	2.8612652	7816	176.74878	0.49026075	15.837633	0	0	0	0	0	0	0	0	0	0	0	0	0	0	0	0	0	0	0	0	0	0	0	0	5.062338	2.736626	7762	145.61966	0.46410754	15.781184	0	0	0	0	0	0	0	0	0	0	0	0	0	0	0	0	0	0	5.0816183	4.902886	9995	9.011522	9.161831	244.9312	4.3544455	4.21121	9523	8.095356	7.6724353	203.79366	3.7419581	3.6673696	9908	3.8855515	6.4901023	171.5442
M1_S25_subsampled_depth_15G_contig_33016	29319.617	28409.11	12366	64807404	2654.051	85737.805	29200.408	28306.543	12366	64237052	2641.9153	86050.93	29067.506	28150.064	12366	64522296	2652.7212	86522.94	25407.156	24601.676	12366	51176090	2321.1394	79398.82	26761.215	25927.438	12366	55308510	2427.058	82801.26	26158.479	25330.412	12366	53903064	2386.5356	81150.08	15638.85	14574.606	12366	64700490	1188.714	10474.729	13690.0205	12768.092	12366	49368350	1010.511	7684.9004	15899.396	14827.098	12366	66835948	1174.6877	9213.262	33.207024	32.271553	12366	135.70279	60.635323	1621.0176	34.52251	33.388233	12366	150.06157	60.05468	1595.1594	40.670105	39.06175	12366	232.2828	68.60231	1813.2725
M1_S25_subsampled_depth_15G_contig_34331	4.891184	4.6669865	13796	10.195729	0.49982166	16.146492	5.7186036	5.4805307	13946	10.985441	0.5598956	18.236586	5.0354805	4.894699	13989	6.288724	0.4891047	15.952963	5.25009	5.056928	13937	9.09169	0.52785873	18.056364	5.668802	5.4886866	14002	9.096721	0.56279194	19.200142	5.211371	4.9810505	13828	9.975542	0.5163571	17.557835	0	0	0	0	0	0	0	0	0	0	0	0	0	0	0	0	0	0	11.786613	11.388742	14045	29.831455	28.450945	760.60425	10.392803	10.008315	14045	21.620705	24.212091	643.11633	17.49435	17.150795	14045	35.861614	37.558956	992.7455
M1_S25_subsampled_depth_15G_contig_34665	0	0	0	0	0	0	0	0	0	0	0	0	0	0	0	0	0	0	0	0	0	0	0	0	0	0	0	0	0	0	0	0	0	0	0	0	0	0	0	0	0	0	0	0	0	0	0	0	0	0	0	0	0	0	10.9924345	10.712265	117378	30.947313	20.560156	549.65283	8.499843	8.28037	117208	18.399458	14.912664	396.10703	11.679011	11.382558	117420	31.657394	19.805677	523.4967
M1_S25_subsampled_depth_15G_contig_34780	0	0	0	0	0	0	0	0	0	0	0	0	0	0	0	0	0	0	0	0	0	0	0	0	0	0	0	0	0	0	0	0	0	0	0	0	0	0	0	0	0	0	0	0	0	0	0	0	0	0	0	0	0	0	33.21263	32.44092	17217	118.003456	63.698463	1702.9067	25.289154	24.544497	17217	75.46607	45.33692	1204.2296	33.61077	32.705486	17217	112.26538	58.42075	1544.157
M1_S25_subsampled_depth_15G_contig_35390	0	0	0	0	0	0	0	0	0	0	0	0	0	0	0	0	0	0	0	0	0	0	0	0	0	0	0	0	0	0	0	0	0	0	0	0	0	0	0	0	0	0	0	0	0	0	0	0	0	0	0	0	0	0	4.1394997	4.071902	11107	4.789388	7.5675535	202.31013	4.280602	4.208387	10908	5.506725	7.399627	196.5474	4.1386986	3.9906044	11088	5.6787667	6.97364	184.3248
M1_S25_subsampled_depth_15G_contig_38370	0	0	0	0	0	0	0	0	0	0	0	0	0	0	0	0	0	0	0	0	0	0	0	0	0	0	0	0	0	0	0	0	0	0	0	0	0	0	0	0	0	0	0	0	0	0	0	0	0	0	0	0	0	0	244.40445	215.51479	11872	80957.305	530.0886	14171.327	253.3351	223.11299	11872	88699.88	536.3656	14246.825	247.68904	218.3346	11872	86834.05	508.9995	13453.698
M1_S25_subsampled_depth_15G_contig_38869	3.6827626	3.5830355	3356	5.1979256	0.3721243	12.021297	4.36494	4.272993	3367	7.4420133	0.4102434	13.362214	3.4255195	3.3509912	3279	4.9529557	0.35577786	11.604289	3.1597893	3.0610986	3102	5.2232885	0.3212478	10.988869	3.3705003	3.2372441	3363	4.4253354	0.35332838	12.054107	3.0383377	2.9850504	3361	3.258776	0.30922392	10.514631	0	0	0	0	0	0	0	0	0	0	0	0	0	0	0	0	0	0	5.45098	5.276568	3400	10.641112	10.380703	277.5164	4.119403	3.99805	3471	4.8990884	7.1867685	190.89346	7.979514	7.9021773	3487	12.469134	13.651175	360.82297
M1_S25_subsampled_depth_15G_contig_40029	2.9476807	2.646595	17234	8.239404	0.2657661	8.585443	3.2894804	2.9819186	16849	10.228102	0.2979488	9.704618	3.2553105	2.8536584	16296	12.610132	0.29774493	9.711442	2.5952344	2.3315496	16409	6.4201155	0.23687127	8.102613	3.016071	2.7857263	17622	6.2428465	0.27294922	9.311903	2.7741952	2.4861712	16324	7.3664703	0.25528595	8.680558	0	0	0	0	0	0	0	0	0	0	0	0	0	0	0	0	0	0	4.952497	4.755253	19415	11.053056	9.444591	252.49054	5.3051963	5.0907454	19751	10.892349	9.6605	256.60004	5.83564	5.7168927	19829	10.463354	10.233851	270.49765
M1_S25_subsampled_depth_15G_contig_40296	2.5189257	2.3641288	9332	4.5762596	0.23343706	7.5410666	2.6928463	2.488821	8974	5.503432	0.25004777	8.14441	2.3864906	2.1929479	9320	4.8032713	0.22083153	7.202787	2.1922703	1.9993105	9180	3.9906	0.21015038	7.1885753	0	0	0	0	0	0	2.4054606	2.098099	8915	6.7808	0.22555038	7.669455	0	0	0	0	0	0	0	0	0	0	0	0	0	0	0	0	0	0	6.955855	6.8091207	11431	9.223584	12.889552	344.58777	6.2478504	6.0962276	11420	9.493176	11.441855	303.91617	6.7038383	6.613021	11431	9.192334	11.980679	316.66904
M1_S25_subsampled_depth_15G_contig_41345	0	0	0	0	0	0	0	0	0	0	0	0	0	0	0	0	0	0	0	0	0	0	0	0	0	0	0	0	0	0	0	0	0	0	0	0	0	0	0	0	0	0	0	0	0	0	0	0	0	0	0	0	0	0	6.878964	6.8348756	13237	7.5516033	12.179947	325.61725	6.4135404	6.353001	13228	7.1795764	11.224564	298.1445	6.430045	6.325155	13186	7.652582	10.997506	290.6822
M1_S25_subsampled_depth_15G_contig_739|provirus_43809_63983	0	0	0	0	0	0	0	0	0	0	0	0	1.7845193	1.5918548	15406	4.257451	0.18802403	6.132715	1.8246192	1.6557177	15311	4.391733	0.19365917	6.6244597	0	0	0	0	0	0	2.1555057	2.016479	17167	3.7363043	0.2214204	7.5290227	0	0	0	0	0	0	0	0	0	0	0	0	0	0	0	0	0	0	40.092285	40.121346	20175	65.37965	73.592	1967.4	46.243244	46.02236	20175	64.22403	81.48965	2164.5105	48.820026	48.39788	20175	86.35248	83.16754	2198.255
M1_S25_subsampled_depth_15G_contig_1224|provirus_120160_156310	1.8291992	1.6546094	27505	3.1151874	0.16693127	5.3926325	0	0	0	0	0	0	0	0	0	0	0	0	1.9477514	1.8410234	29208	2.49402	0.1802548	6.165943	1.8136718	1.7042683	29215	2.1327252	0.16673477	5.6883016	1.787367	1.6675103	29622	2.1926472	0.1643778	5.5893884	0	0	0	0	0	0	0	0	0	0	0	0	0	0	0	0	0	0	23.293465	23.217554	36151	42.165527	42.89794	1146.8286	25.747562	25.591618	36151	42.310165	44.985363	1194.8918	22.54104	22.383198	36151	31.952778	38.36715	1014.107
M1_S25_subsampled_depth_15G_contig_3030|provirus_66_15637	0	0	0	0	0	0	0	0	0	0	0	0	0	0	0	0	0	0	0	0	0	0	0	0	0	0	0	0	0	0	0	0	0	0	0	0	0	0	0	0	0	0	0	0	0	0	0	0	0	0	0	0	0	0	47.797756	46.574856	15572	179.77019	93.49597	2499.5098	46.721306	45.326225	15572	187.84981	86.15867	2288.5283	45.40507	44.04532	15572	189.86966	81.10672	2143.7844
M1_S25_subsampled_depth_15G_contig_3675|provirus_2_13023	0	0	0	0	0	0	0	0	0	0	0	0	0	0	0	0	0	0	0	0	0	0	0	0	0	0	0	0	0	0	0	0	0	0	0	0	0	0	0	0	0	0	0	0	0	0	0	0	0	0	0	0	0	0	31.379972	27.783705	13022	876.92535	63.030773	1685.0571	34.329243	30.762127	13022	837.6252	66.22957	1759.1759	34.470943	31.054289	13022	862.80615	64.3284	1700.3062
M1_S25_subsampled_depth_15G_contig_3853|provirus_24016_63406	2.1747663	2.052949	33576	2.890149	0.19766724	6.385546	2.2722154	2.1536653	34184	2.9868042	0.20657647	6.7284846	2.1018577	1.9551774	32301	3.0120764	0.19330198	6.304866	2.2506816	2.094855	33760	3.2407503	0.20573409	7.037512	2.3666065	2.27525	34838	2.7942402	0.21666305	7.3916554	2.0985703	1.9820766	32133	2.8717313	0.19215935	6.534046	0	0	0	0	0	0	0	0	0	0	0	0	0	0	0	0	0	0	18.745113	18.170088	39391	112.88583	34.84568	931.5603	17.303917	16.59705	39391	163.75197	31.430422	834.8482	17.732422	17.030155	39391	146.90683	31.200264	824.6747
M1_S25_subsampled_depth_15G_contig_3986|provirus_82121_117752	0	0	0	0	0	0	0	0	0	0	0	0	0	0	0	0	0	0	0	0	0	0	0	0	0	0	0	0	0	0	0	0	0	0	0	0	0	0	0	0	0	0	0	0	0	0	0	0	0	0	0	0	0	0	70.451584	68.47918	35632	483.70767	127.79717	3416.5144	74.14134	72.60062	35632	323.2654	129.63927	3443.4502	70.33124	68.87161	35632	298.8732	119.27622	3152.668
M1_S25_subsampled_depth_15G_contig_4487|provirus_3_15834	0	0	0	0	0	0	0	0	0	0	0	0	0	0	0	0	0	0	0	0	0	0	0	0	0	0	0	0	0	0	0	0	0	0	0	0	0	0	0	0	0	0	0	0	0	0	0	0	0	0	0	0	0	0	327.65616	157.23955	15832	972403.7	662.92145	17722.465	312.03604	151.07545	15832	879742.9	615.9576	16360.935	358.78345	175.56363	15832	1172151	687.3604	18168.07
M1_S25_subsampled_depth_15G_contig_5694|provirus_13112_56945	0	0	0	0	0	0	0	0	0	0	0	0	0	0	0	0	0	0	0	0	0	0	0	0	0	0	0	0	0	0	0	0	0	0	0	0	0	0	0	0	0	0	0	0	0	0	0	0	0	0	0	0	0	0	31.660677	31.57521	43834	49.145756	57.09565	1526.3883	40.233013	40.17619	43834	68.37356	70.43556	1870.8943	33.953278	33.730873	43834	57.40874	57.637794	1523.4624
M1_S25_subsampled_depth_15G_contig_6144|provirus_104366_122105	4.6160316	3.7864451	16962	49.845623	0.5538476	17.891775	4.3341103	3.569669	17331	39.726616	0.516514	16.823595	3.9528708	3.2621906	16612	29.943825	0.48364976	15.775045	4.1122227	3.469429	17094	26.86477	0.4832848	16.531633	3.7907333	3.209323	16437	24.297726	0.45329225	15.464471	3.8444002	3.1318848	16172	35.258804	0.4678742	15.909267	0	0	0	0	0	0	0	0	0	0	0	0	0	0	0	0	0	0	53.567085	44.022675	17740	4871.371	125.48194	3354.6184	74.81114	61.370895	17740	10326.398	169.27739	4496.3105	70.84611	58.502464	17740	8119.018	154.89848	4094.2227
M1_S25_subsampled_depth_15G_contig_6661|provirus_7486_18995	1.9255282	1.8092723	9083	2.5533054	0.1747678	5.6457896	1.7757922	1.651604	8995	2.2674484	0.16040553	5.224635	2.0216548	1.8664906	9262	2.9543686	0.18695773	6.0979385	0	0	0	0	0	0	1.6423415	1.544601	8950	1.7814802	0.14996469	5.116179	0	0	0	0	0	0	0	0	0	0	0	0	0	0	0	0	0	0	0	0	0	0	0	0	4.0953345	3.9464006	10429	8.229576	7.350011	196.49437	3.231338	3.1404538	10686	3.9820447	5.7725687	153.32973	6.1363554	5.9638104	11320	10.805158	10.356058	273.7277
M1_S25_subsampled_depth_15G_contig_7677|provirus_16310_56569	3.086587	2.968421	36520	4.448086	0.28109375	9.080591	2.814161	2.7018282	36486	3.784806	0.25714794	8.375675	2.8765645	2.7960665	36337	3.3611877	0.26553524	8.660878	3.2143605	3.1084487	38157	4.1856174	0.29525313	10.099669	3.4071803	3.2595844	37620	5.4072137	0.30964312	10.56375	3.5077288	3.3866482	37342	5.4690742	0.32225677	10.9577875	0	0	0	0	0	0	0	0	0	0	0	0	0	0	0	0	0	0	85.54258	85.23884	40260	178.96512	155.25403	4150.543	83.91117	83.558975	40260	150.30841	146.52197	3891.8855	81.68941	81.5946	40260	116.45895	138.47937	3660.2378
M1_S25_subsampled_depth_15G_contig_8494|provirus_3613_42685	38.298435	37.37784	38965	279.35092	3.4783988	112.36794	37.282173	36.656788	38421	249.50598	3.389876	110.41303	38.831104	37.586166	38900	325.309	3.5568252	116.01176	50.663414	49.96603	39073	319.57803	4.6520276	159.13098	50.44308	49.962032	38787	248.15887	4.595018	156.76312	51.84829	50.991352	38858	348.83572	4.754865	161.68103	12.201089	11.250692	38283	84.909225	0.93915457	8.275657	11.576292	10.674517	38708	67.04311	0.86629117	6.588114	12.166714	11.481945	38687	56.499485	0.912685	7.1583304	251.32156	250.06288	39073	1087.482	466.01245	12458.321	251.46759	250.64786	39073	679.26337	441.2974	11721.645	362.5397	361.08505	39073	1184.2557	616.2776	16289.234
M1_S25_subsampled_depth_15G_contig_9325|provirus_3_11988	0	0	0	0	0	0	0	0	0	0	0	0	0	0	0	0	0	0	0	0	0	0	0	0	0	0	0	0	0	0	0	0	0	0	0	0	0	0	0	0	0	0	0	0	0	0	0	0	0	0	0	0	0	0	443.02957	443.2862	11986	1727.0212	812.6063	21724.12	460.21942	461.13815	11986	1141.8984	809.2378	21494.797	448.51184	449.94632	11986	1318.492	764.81757	20215.395
M1_S25_subsampled_depth_15G_contig_10445|provirus_139862_178317	2.1993423	2.0728912	31400	3.1901796	0.19998233	6.4603305	2.516812	2.387864	33357	3.5310187	0.22938052	7.471244	2.6905446	2.5778513	33826	3.7842505	0.24714357	8.060994	2.0189526	1.8905905	31412	2.8244941	0.18560582	6.3489857	2.5228162	2.4247882	33446	3.1181455	0.22869925	7.8022757	2.1445205	2.000029	30897	3.2914743	0.19611436	6.668538	0	0	0	0	0	0	0	0	0	0	0	0	0	0	0	0	0	0	75.50204	74.97302	38456	222.6691	138.88672	3712.9814	77.10873	76.40298	38456	244.81107	135.85947	3608.6707	80.783165	80.21363	38456	201.64449	137.82669	3642.9878
M1_S25_subsampled_depth_15G_contig_11034|provirus_2_11838	100.820145	100.48189	11434	6678.841	9.076173	293.2013	102.129715	101.419624	11373	7022.902	9.181687	299.0606	102.48635	102.111984	11054	6972.1465	9.299411	303.31592	147.57594	147.55928	11345	14353.707	13.40936	458.69144	155.13965	154.50766	11165	16167.432	13.988484	477.22955	152.7517	152.57791	11561	15439.704	13.846925	470.8409	55.955933	54.802834	9419	2294.602	4.2300897	37.27476	45.910927	45.152294	9735	1488.1176	3.3592327	25.54684	52.695816	51.76623	9709	1977.7488	3.8701258	30.354002	15.123043	14.797509	11835	41.71018	28.544415	763.10284	12.387096	12.273505	11627	35.092655	21.634743	574.6573	17.588774	17.358303	11827	61.445107	29.802822	787.7379
M1_S25_subsampled_depth_15G_contig_11118|provirus_9848_58843	1.9559636	1.8016242	37474	3.2314932	0.17986417	5.8104258	2.2128117	2.0822527	41873	2.993527	0.20404112	6.645911	2.0768948	1.9392202	41161	2.8903508	0.19228894	6.271823	2.791283	2.6579547	43905	4.040928	0.2575436	8.809743	2.8958974	2.79985	43936	3.9785366	0.26617676	9.080852	3.0214553	2.8905647	44480	4.5277004	0.28055677	9.539849	0	0	0	0	0	0	0	0	0	0	0	0	0	0	0	0	0	0	1134.8286	1128.7427	48996	14579.018	2075.688	55491.19	1144.4838	1138.0809	48996	6877.22	2000.1683	53128.047	1177.3281	1166.584	48996	8205.831	1995.3278	52739.81
M1_S25_subsampled_depth_15G_contig_11823|provirus_11758_45076	5.0871296	4.949251	32746	8.690792	0.46779025	15.111728	4.8502517	4.7590194	32783	6.7918835	0.44247395	14.411999	5.3793	5.232841	32886	9.1392	0.49721617	16.217543	5.2726946	5.1575723	32847	8.0478325	0.4876965	16.68255	4.9605656	4.7903395	32881	7.613315	0.4584339	15.639884	5.3909373	5.28982	31854	9.211459	0.5007023	17.025526	0	0	0	0	0	0	0	0	0	0	0	0	0	0	0	0	0	0	506.2895	506.64502	33319	25487.236	927.8725	24805.63	482.51962	483.74866	33319	24203.74	845.3757	22454.688	495.44955	496.79013	33319	24418.23	841.904	22252.914
M1_S25_subsampled_depth_15G_contig_14360|provirus_117_60219	0	0	0	0	0	0	0	0	0	0	0	0	0	0	0	0	0	0	0	0	0	0	0	0	0	0	0	0	0	0	0	0	0	0	0	0	0	0	0	0	0	0	0	0	0	0	0	0	0	0	0	0	0	0	38.27675	38.14665	60103	68.72371	70.01439	1871.7563	38.04058	37.89118	60103	49.73362	66.315346	1761.4541	36.17749	36.136086	60103	52.022984	61.23968	1618.6664
M1_S25_subsampled_depth_15G_contig_14415|provirus_32184_61415	0	0	0	0	0	0	0	0	0	0	0	0	0	0	0	0	0	0	0	0	0	0	0	0	0	0	0	0	0	0	0	0	0	0	0	0	0	0	0	0	0	0	0	0	0	0	0	0	0	0	0	0	0	0	37.657005	37.438297	29232	60.442352	69.07876	1846.7433	37.367065	37.224957	29232	60.77652	65.422775	1737.746	38.02548	37.872086	29232	46.279495	64.58322	1707.0416
M1_S25_subsampled_depth_15G_contig_15178|provirus_9696_22059	0	0	0	0	0	0	0	0	0	0	0	0	0	0	0	0	0	0	0	0	0	0	0	0	0	0	0	0	0	0	0	0	0	0	0	0	0	0	0	0	0	0	0	0	0	0	0	0	0	0	0	0	0	0	73.21091	73.28761	12364	143.6521	132.58324	3544.464	71.13157	70.902405	12364	91.90723	124.339005	3302.6665	69.626	69.35583	12364	99.3667	118.37609	3128.875
M1_S25_subsampled_depth_15G_contig_15634|provirus_11079_28201	70.284454	66.794655	13895	6852.8374	6.3350263	204.64981	66.31798	63.54893	15555	5879.389	5.9838243	194.90164	67.213104	64.45323	14249	6101.929	6.116043	199.48499	103.16744	98.87452	15652	14197.189	9.3996	321.5304	103.55918	99.21078	15079	14444.644	9.358115	319.26047	102.66901	98.1895	15827	14223.919	9.341181	317.63083	0	0	0	0	0	0	59.758324	51.170452	12951	7183.8774	4.3999124	33.46116	0	0	0	0	0	0	15.795086	15.59894	17123	38.43644	29.598806	791.291	14.041536	13.840021	17111	34.635033	24.687222	655.7368	19.498203	19.272959	17123	67.74013	33.26609	879.2781
M1_S25_subsampled_depth_15G_contig_20443|provirus_75698_133609	4.1551886	4.0471473	56423	4.996952	0.3780688	12.21333	4.1654377	4.029335	56428	6.042955	0.37760767	12.299217	3.9272013	3.810603	56304	5.0695267	0.36157417	11.793349	3.896766	3.7858846	55277	5.876585	0.35806885	12.248393	3.6114748	3.5191205	54491	4.98424	0.32880622	11.217516	4.199301	4.074424	56388	5.785281	0.38544685	13.106465	0	0	0	0	0	0	0	0	0	0	0	0	0	0	0	0	0	0	61.05959	60.784386	57912	140.69832	111.37259	2977.4214	75.86306	74.985916	57912	199.93338	133.4207	3543.8928	67.47644	66.72469	57912	206.5003	115.105156	3042.4197
M1_S25_subsampled_depth_15G_contig_21144|provirus_153479_198300	149.65657	150.2925	44822	7262.8286	13.629857	440.30576	153.11372	153.49896	44822	7964.2153	13.936019	453.916	148.22737	148.32022	44822	7237.4473	13.615321	444.0864	151.08704	151.26727	44822	7641.0205	13.886923	475.02734	156.5546	156.76901	44822	8019.1177	14.279861	487.17004	147.7185	147.47043	44822	7206.3936	13.564507	461.23782	86.53069	82.51577	40478	4572.2456	6.6378474	58.491463	72.16207	68.57574	40418	3266.3088	5.3836093	40.942146	87.67065	82.8635	41482	4899.253	6.540675	51.29955	63.42474	63.23029	44822	117.83609	115.98261	3100.6663	62.161488	61.965725	44822	121.5877	108.60317	2884.6946	70.01072	69.70211	44822	109.99969	118.52862	3132.9075
M1_S25_subsampled_depth_15G_contig_21438|provirus_10134_20597	0	0	0	0	0	0	0	0	0	0	0	0	0	0	0	0	0	0	0	0	0	0	0	0	0	0	0	0	0	0	0	0	0	0	0	0	0	0	0	0	0	0	0	0	0	0	0	0	0	0	0	0	0	0	63.651543	63.31689	10464	192.01164	116.42996	3112.625	100.688385	101.017235	10464	169.73587	177.56395	4716.416	72.48982	72.644226	10464	137.49374	124.11633	3280.6
M1_S25_subsampled_depth_15G_contig_22061|provirus_36_23623	5.5743666	5.4642587	23083	8.699743	0.5035563	16.26714	5.2866287	5.1989474	23492	7.1966734	0.47890556	15.598639	5.2114086	5.0863194	23271	6.92151	0.47777689	15.583486	5.308004	5.2118883	23280	7.548129	0.49223223	16.837704	5.09459	5.0263085	23176	6.3768106	0.46577594	15.890359	4.78441	4.717245	23227	5.474917	0.4366321	14.846926	2.8003669	2.5505784	21031	6.084265	0.21899533	1.9297463	2.2227578	2.04854	18713	3.9833589	0.16481748	1.2534306	3.00064	2.7611396	21054	6.258949	0.22195633	1.7408384	13.982848	13.770809	23579	21.51057	25.73785	688.0726	13.220796	13.08869	23588	16.17418	23.18855	615.9293	13.296655	13.178659	23588	19.053473	22.69703	599.9198
M1_S25_subsampled_depth_15G_contig_22315|provirus_39140_94568	0	0	0	0	0	0	0	0	0	0	0	0	0	0	0	0	0	0	0	0	0	0	0	0	0	0	0	0	0	0	0	0	0	0	0	0	0	0	0	0	0	0	0	0	0	0	0	0	0	0	0	0	0	0	50.42128	49.929714	55429	101.50447	92.642105	2476.6833	54.36283	54.13233	55429	80.04414	95.2063	2528.849	50.099495	49.776455	55429	84.19479	85.13103	2250.1533
M1_S25_subsampled_depth_15G_contig_23020|provirus_66110_100780	0	0	0	0	0	0	0	0	0	0	0	0	0	0	0	0	0	0	1.8514817	1.7153754	26316	2.6302881	0.17202142	5.884302	0	0	0	0	0	0	0	0	0	0	0	0	0	0	0	0	0	0	0	0	0	0	0	0	0	0	0	0	0	0	41.52652	41.405357	34671	65.97584	75.9824	2031.3044	47.683846	47.373104	34671	98.87039	83.53537	2218.8486	44.8246	44.564484	34671	83.562744	76.28658	2016.3811
M1_S25_subsampled_depth_15G_contig_29630|provirus_2_39897	0	0	0	0	0	0	0	0	0	0	0	0	0	0	0	0	0	0	0	0	0	0	0	0	0	0	0	0	0	0	0	0	0	0	0	0	0	0	0	0	0	0	0	0	0	0	0	0	0	0	0	0	0	0	49.709682	48.529465	39896	534.8419	92.24406	2466.041	52.033916	50.723724	39896	517.92773	92.68466	2461.8699	55.526367	54.382423	39896	504.74933	95.79786	2532.0962
M1_S25_subsampled_depth_15G_contig_30016|provirus_55368_86127	853.38666	756.8671	25937	1924634.5	78.62321	2539.8838	819.80566	725.49475	23630	1779683.1	75.475746	2458.352	813.38336	722.63525	25596	1747412.5	75.5215	2463.2593	712.4782	631.6678	24695	1341353.6	66.25313	2266.3086	692.4738	613.99896	25641	1266974.9	63.91529	2180.527	710.2981	630.4366	26894	1330350.8	65.932686	2241.9282	0	0	0	0	0	0	0	0	0	0	0	0	0	0	0	0	0	0	683.83746	682.72736	30760	4333.4453	1252.991	33497.313	666.3876	666.473	30760	1494.8795	1164.1836	30922.797	662.2324	661.64514	30760	1640.0823	1122.4858	29669.156
M1_S25_subsampled_depth_15G_contig_31718|provirus_20035_49979	1.7816412	1.6778909	24004	2.1710868	0.16405503	5.299714	2.137842	2.022262	25773	2.6453943	0.19501342	6.351862	1.9490855	1.8436812	24475	2.3262994	0.179653	5.859685	1.7547239	1.6498489	23690	2.0785904	0.1609038	5.5040026	1.8967277	1.7953537	24420	2.2617047	0.17429882	5.946356	1.8421882	1.7115263	23095	2.6895337	0.16943757	5.7614384	0	0	0	0	0	0	0	0	0	0	0	0	0	0	0	0	0	0	11.230474	11.069136	29945	16.6049	20.471485	547.28235	10.616513	10.43864	29945	14.524879	18.571615	493.2952	12.099077	11.959093	29945	18.516665	20.478771	541.28766
M1_S25_subsampled_depth_15G_contig_33662|provirus_108644_143515	3.6055527	3.491712	32585	5.575002	0.32884148	10.623063	3.580986	3.427872	33054	5.666736	0.33256757	10.832202	3.3778296	3.26416	31877	5.421683	0.31368268	10.23128	4.287627	4.129024	33863	7.301935	0.39748615	13.596736	3.464374	3.260896	31082	7.5500255	0.32055834	10.936135	4.272133	4.097216	33147	8.437304	0.39497975	13.430615	0	0	0	0	0	0	0	0	0	0	0	0	0	0	0	0	0	0	47.929928	47.509407	34872	170.57372	88.49281	2365.7563	55.367634	54.78467	34872	222.61996	98.093895	2605.549	58.57874	58.157825	34872	187.14415	100.50129	2656.4158
M1_S25_subsampled_depth_15G_contig_36782|provirus_12665_51897	0	0	0	0	0	0	0	0	0	0	0	0	0	0	0	0	0	0	0	0	0	0	0	0	0	0	0	0	0	0	0	0	0	0	0	0	0	0	0	0	0	0	0	0	0	0	0	0	0	0	0	0	0	0	27.970934	27.879261	39233	47.302494	51.31894	1371.9546	31.048973	31.036446	39233	41.346603	54.286304	1441.9409	26.915308	26.737825	39233	41.518524	45.605522	1205.4292
M1_S25_subsampled_depth_15G_contig_36872|provirus_105226_142667	0	0	0	0	0	0	0	0	0	0	0	0	0	0	0	0	0	0	0	0	0	0	0	0	0	0	0	0	0	0	0	0	0	0	0	0	0	0	0	0	0	0	0	0	0	0	0	0	0	0	0	0	0	0	48.753513	48.630856	37442	110.744576	88.04332	2353.739	63.41124	63.210224	37442	104.708694	110.82481	2943.7048	51.39424	51.19199	37442	100.547585	87.26972	2306.683
M1_S25_subsampled_depth_15G_contig_37009|provirus_37369_82537	0	0	0	0	0	0	0	0	0	0	0	0	0	0	0	0	0	0	0	0	0	0	0	0	0	0	0	0	0	0	0	0	0	0	0	0	0	0	0	0	0	0	0	0	0	0	0	0	0	0	0	0	0	0	14.037584	12.976628	45169	190.98152	29.66525	793.06714	11.5019655	10.423727	45166	204.15327	23.622395	627.453	16.292698	15.23927	45169	209.4666	31.375296	829.30066
M1_S25_subsampled_depth_15G_contig_41344|provirus_6279_93249	0	0	0	0	0	0	0	0	0	0	0	0	0	0	0	0	0	0	3.5247693	3.292466	67719	10.072587	0.32669017	11.17503	3.754207	3.429171	68190	12.790472	0.34558585	11.789965	3.407747	3.144051	66511	10.175171	0.31452373	10.6948395	0	0	0	0	0	0	0	0	0	0	0	0	0	0	0	0	0	0	46.805855	41.06632	86971	2820.4749	92.22235	2465.4614	47.08758	41.01738	86971	3102.8494	89.09744	2366.5876	44.921158	39.07063	86971	2756.4004	82.51885	2181.1096
M2_S26_subsampled_depth_15G_contig_1670	78.414406	75.12428	10618	1964.5171	8.355121	269.90805	78.606895	75.120995	10618	2393.3066	8.41455	274.0738	84.35126	80.5987	10618	2717.4863	9.080895	296.18845	89.36378	85.61919	10618	2947.296	9.734873	332.99905	92.46685	88.13946	10618	3402.557	9.926662	338.65698	90.97335	86.80471	10618	3097.7651	9.876426	335.8309	3.9641767	3.680641	9871	14.02346	0.35547826	3.1324098	4.167845	3.9548929	10144	8.368596	0.34945348	2.6575797	4.8257546	4.5455317	10050	15.105778	0.40428248	3.1708512	8.138422	7.7892165	10464	30.999182	18.695711	499.80875	6.7925105	6.5052004	10618	19.857012	13.599004	361.21375	8.055216	7.6958184	10606	31.728868	16.218063	428.67017
M2_S26_subsampled_depth_15G_contig_1676	0	0	0	0	0	0	0	0	0	0	0	0	0	0	0	0	0	0	0	0	0	0	0	0	0	0	0	0	0	0	0	0	0	0	0	0	0	0	0	0	0	0	0	0	0	0	0	0	0	0	0	0	0	0	7.666634	7.001947	10354	29.318264	14.360878	383.92197	8.477461	8.002596	10421	19.94767	15.111159	401.37943	6.6486225	6.3023257	10317	14.616444	11.754648	310.69485
M2_S26_subsampled_depth_15G_contig_2105	0	0	0	0	0	0	0	0	0	0	0	0	0	0	0	0	0	0	0	0	0	0	0	0	0	0	0	0	0	0	0	0	0	0	0	0	0	0	0	0	0	0	0	0	0	0	0	0	0	0	0	0	0	0	341.58658	292.71793	31623	66278.74	631.15784	16873.303	365.82553	306.94907	31623	87102.62	647.8174	17207.19	343.13608	284.61713	31623	86820.945	590.2805	15602.092
M2_S26_subsampled_depth_15G_contig_2127	0	0	0	0	0	0	0	0	0	0	0	0	0	0	0	0	0	0	0	0	0	0	0	0	0	0	0	0	0	0	0	0	0	0	0	0	0	0	0	0	0	0	0	0	0	0	0	0	0	0	0	0	0	0	379.7982	382.1482	10159	8566.728	725.04553	19383.281	450.663	456.52982	10159	10494.235	826.6447	21957.16	424.4171	429.1663	10159	10150.369	756.8204	20004.014
M2_S26_subsampled_depth_15G_contig_2256	22.33961	16.01253	10832	1804.751	2.010866	64.96	20.668787	15.082713	11056	1362.6406	1.8585148	60.53448	19.838888	14.005464	10773	1438.1077	1.7994851	58.693184	23.46129	15.775224	10974	2314.927	2.133946	72.995476	23.323835	15.122657	11269	2448.3208	2.102533	71.72979	26.117273	17.352991	11242	2844.5464	2.3654552	80.43329	0	0	0	0	0	0	0	0	0	0	0	0	0	0	0	0	0	0	2.4237258	2.3436646	10546	2.745899	4.3060985	115.11871	2.9184263	2.7307584	10815	4.678555	5.0814214	134.9716	3.6374967	3.5415921	11320	4.835422	6.1370025	162.21109
M2_S26_subsampled_depth_15G_contig_2262	0	0	0	0	0	0	0	0	0	0	0	0	0	0	0	0	0	0	0	0	0	0	0	0	0	0	0	0	0	0	0	0	0	0	0	0	0	0	0	0	0	0	0	0	0	0	0	0	0	0	0	0	0	0	6.4004765	6.322007	10640	9.867522	11.66726	311.9112	7.2016196	7.039801	10645	8.695957	12.4341345	330.2728	5.8323965	5.7465863	10443	7.611415	9.887223	261.33554
M2_S26_subsampled_depth_15G_contig_4688	426.8052	426.57013	38528	22557.838	39.156673	1264.9373	431.55627	431.3831	38528	22402.813	39.56572	1288.7115	441.47552	441.3237	38528	24183.512	40.865746	1332.9047	457.57278	457.7751	38528	24413.982	42.386677	1449.9132	457.60983	459.87656	38528	23385.887	42.08593	1435.799	465.8547	466.93225	38528	24781.643	43.102467	1465.6256	70.62033	59.47739	38528	7415.7603	5.367757	47.299667	62.00761	52.57996	38511	5530.686	4.5749903	34.79264	72.65511	62.737305	38503	6352.133	5.365574	42.08304	31.146986	31.12385	38524	139.28859	62.556084	1672.3666	25.904163	25.920706	38528	87.586784	45.319542	1203.7681	32.838425	32.92971	38516	119.57167	55.64904	1470.8961
M2_S26_subsampled_depth_15G_contig_6372	6.0730925	4.8691363	13660	119.492294	0.7588099	24.51297	4.7114882	3.5206244	13399	108.81031	0.6283541	20.466377	5.412056	4.247331	13373	107.40413	0.68245465	22.25939	4.896404	3.6756713	13350	113.30131	0.6492339	22.208225	4.101194	3.0859754	12773	91.242325	0.55937064	19.083439	4.615754	3.441443	13497	96.51649	0.6195746	21.067574	0	0	0	0	0	0	0	0	0	0	0	0	0	0	0	0	0	0	10.491482	7.8404236	13864	1443.1678	31.184038	833.6703	12.476413	9.017956	13886	2475.6733	36.357235	965.71326	11.065521	7.7187805	13829	2326.0242	33.31345	880.52924
M2_S26_subsampled_depth_15G_contig_6855	0	0	0	0	0	0	0	0	0	0	0	0	0	0	0	0	0	0	0	0	0	0	0	0	0	0	0	0	0	0	0	0	0	0	0	0	0	0	0	0	0	0	0	0	0	0	0	0	0	0	0	0	0	0	5.0032625	4.7438445	17341	11.709614	9.667084	258.43875	4.1905165	3.9973752	17411	7.1200833	7.3975315	196.49156	5.517156	5.288464	17481	10.794696	9.605275	253.88327
M2_S26_subsampled_depth_15G_contig_7186	0	0	0	0	0	0	0	0	0	0	0	0	0	0	0	0	0	0	0	0	0	0	0	0	0	0	0	0	0	0	0	0	0	0	0	0	0	0	0	0	0	0	0	0	0	0	0	0	0	0	0	0	0	0	175.62999	171.8472	16293	1562.5885	319.46243	8540.472	180.04478	174.1797	16293	1685.0829	314.59723	8356.265	158.29263	153.17992	16293	1520.1222	268.10495	7086.4575
M2_S26_subsampled_depth_15G_contig_7213	24.996134	24.821203	13858	29.275461	2.2879417	73.91081	24.377954	24.239424	13858	30.621508	2.233289	72.74141	24.528524	24.330687	13858	37.365124	2.256551	73.60118	23.363218	23.299643	13858	33.627964	2.1588552	73.84754	21.064342	20.996515	13858	30.084866	1.939511	66.168106	24.162388	23.962717	13858	35.072918	2.2335825	75.94912	3.2723227	3.1197114	12769	5.4559293	0.2493273	2.1970255	3.1423256	3.0376885	12873	3.9764593	0.23578097	1.7931052	3.5342865	3.4557464	13227	5.1032968	0.26573834	2.0842283	64.16603	64.24802	13858	241.44641	120.36793	3217.9023	67.75854	67.7896	13858	280.1287	120.05141	3188.7798	72.572296	72.48095	13858	279.17676	124.06148	3279.1501
M2_S26_subsampled_depth_15G_contig_8067	0	0	0	0	0	0	0	0	0	0	0	0	0	0	0	0	0	0	0	0	0	0	0	0	0	0	0	0	0	0	0	0	0	0	0	0	0	0	0	0	0	0	0	0	0	0	0	0	0	0	0	0	0	0	6.7149444	6.511141	12239	13.232526	12.367968	330.64374	6.458111	6.2451034	12431	13.744587	11.3904705	302.5512	5.412664	5.2831087	12245	9.556746	9.179194	242.62126
M2_S26_subsampled_depth_15G_contig_8209	0	0	0	0	0	0	1.9130037	1.7066544	8514	3.6755524	0.1828416	5.9554133	1.9221612	1.8700651	9279	1.9301983	0.18192796	5.9338813	0	0	0	0	0	0	0	0	0	0	0	0	0	0	0	0	0	0	0	0	0	0	0	0	0	0	0	0	0	0	0	0	0	0	0	0	6.9054947	6.7641435	10983	11.334051	12.380752	330.9857	7.4449635	7.414021	11070	7.166124	12.901961	342.69913	7.2854395	7.162902	11060	9.210848	12.417197	328.20706
M2_S26_subsampled_depth_15G_contig_10541	0	0	0	0	0	0	0	0	0	0	0	0	0	0	0	0	0	0	0	0	0	0	0	0	0	0	0	0	0	0	0	0	0	0	0	0	0	0	0	0	0	0	0	0	0	0	0	0	0	0	0	0	0	0	15.493162	14.575442	18056	301.63672	32.524876	869.51624	15.735138	14.6989765	18065	354.44925	31.754944	843.46796	14.247949	13.137736	18065	322.52844	27.909388	737.6913
M2_S26_subsampled_depth_15G_contig_10958	0	0	0	0	0	0	0	0	0	0	0	0	0	0	0	0	0	0	0	0	0	0	0	0	0	0	0	0	0	0	0	0	0	0	0	0	0	0	0	0	0	0	0	0	0	0	0	0	0	0	0	0	0	0	44.69686	40.99125	38116	4551.474	89.12423	2382.6357	43.708424	40.10085	38116	3936.5764	83.43832	2216.2708	42.962833	39.427715	38116	4063.345	80.31042	2122.7363
M2_S26_subsampled_depth_15G_contig_16651	0	0	0	0	0	0	0	0	0	0	0	0	0	0	0	0	0	0	0	0	0	0	0	0	0	0	0	0	0	0	0	0	0	0	0	0	0	0	0	0	0	0	0	0	0	0	0	0	0	0	0	0	0	0	8.452575	8.241249	11893	22.203222	15.654537	418.5065	7.735857	7.583082	11864	13.380294	13.497002	358.5045	7.788025	7.462646	11925	18.440454	13.128164	346.99908
M2_S26_subsampled_depth_15G_contig_19702	0	0	0	0	0	0	0	0	0	0	0	0	0	0	0	0	0	0	0	0	0	0	0	0	0	0	0	0	0	0	0	0	0	0	0	0	0	0	0	0	0	0	0	0	0	0	0	0	0	0	0	0	0	0	39.050377	38.525173	14089	141.68375	74.30989	1986.5914	42.121563	41.59064	14184	152.79427	76.66409	2036.3347	44.43088	43.91118	14090	173.76485	78.45846	2073.7866
M2_S26_subsampled_depth_15G_contig_19890	7.987784	7.922867	13224	18.583433	0.71974355	23.250948	6.9775047	6.8900933	13216	14.493235	0.62864524	20.475864	7.736834	7.6606803	12698	20.133581	0.70723474	23.067633	7.392328	7.361913	12982	15.981275	0.6752948	23.099686	7.108529	7.057519	13071	14.715054	0.64484423	21.999432	7.6239853	7.575602	13358	16.364859	0.69267696	23.553286	3.750987	3.6820326	11292	6.7062387	0.28812572	2.53891	2.676797	2.5328147	10959	4.8273706	0.1941889	1.4767992	4.042458	3.8362162	12273	9.717505	0.2949742	2.31353	5.002458	4.8897624	13117	8.68094	9.262675	247.62723	4.6704655	4.6101136	13474	5.24137	8.170276	217.01707	4.320968	4.2051644	12562	7.4742217	7.3795376	195.05338
M2_S26_subsampled_depth_15G_contig_23002	0	0	0	0	0	0	0	0	0	0	0	0	0	0	0	0	0	0	0	0	0	0	0	0	0	0	0	0	0	0	0	0	0	0	0	0	0	0	0	0	0	0	0	0	0	0	0	0	0	0	0	0	0	0	65.38929	60.259586	14638	4579.49	122.43863	3273.259	73.90192	68.63435	14638	5992.5664	133.18646	3537.6694	67.13356	62.024002	14638	5298.1665	116.948296	3091.137
M2_S26_subsampled_depth_15G_contig_24959	0	0	0	0	0	0	0	0	0	0	0	0	0	0	0	0	0	0	0	0	0	0	0	0	0	0	0	0	0	0	0	0	0	0	0	0	0	0	0	0	0	0	0	0	0	0	0	0	0	0	0	0	0	0	20.280287	12.742656	12441	13367.239	82.509254	2205.793	19.277357	11.008135	12441	16196.623	81.622696	2168.0444	24.188593	15.416252	12441	17833.588	92.3453	2440.8394
M2_S26_subsampled_depth_15G_contig_25068	0	0	0	0	0	0	0	0	0	0	0	0	0	0	0	0	0	0	0	0	0	0	0	0	0	0	0	0	0	0	0	0	0	0	0	0	0	0	0	0	0	0	0	0	0	0	0	0	0	0	0	0	0	0	6.543588	6.397938	10735	12.392492	12.288843	328.52838	7.2255344	7.0195794	10818	12.409988	12.936521	343.6171	7.435977	7.2396374	10817	13.242454	12.987773	343.28824
M2_S26_subsampled_depth_15G_contig_26870	0	0	0	0	0	0	0	0	0	0	0	0	0	0	0	0	0	0	0	0	0	0	0	0	0	0	0	0	0	0	0	0	0	0	0	0	0	0	0	0	0	0	0	0	0	0	0	0	0	0	0	0	0	0	21.453722	15.366547	13720	2781.3252	51.76509	1383.8818	20.857922	14.48469	13720	2872.5598	50.61988	1344.5547	23.646132	16.825119	13720	3366.5518	55.306904	1461.853
M2_S26_subsampled_depth_15G_contig_27060	0	0	0	0	0	0	0	0	0	0	0	0	0	0	0	0	0	0	0	0	0	0	0	0	0	0	0	0	0	0	0	0	0	0	0	0	0	0	0	0	0	0	0	0	0	0	0	0	0	0	0	0	0	0	16.409235	14.197064	28679	279.4574	31.063492	830.4474	18.913528	16.438509	28691	367.24234	34.244484	909.59467	18.048912	15.704169	28351	355.40204	31.804413	840.64325
M2_S26_subsampled_depth_15G_contig_27407	0	0	0	0	0	0	0	0	0	0	0	0	0	0	0	0	0	0	0	0	0	0	0	0	0	0	0	0	0	0	0	0	0	0	0	0	0	0	0	0	0	0	0	0	0	0	0	0	0	0	0	0	0	0	11.253	9.839834	15731	371.4529	26.742031	714.9182	12.965279	11.461741	15731	442.27933	28.567848	758.81323	12.396766	10.8880415	15731	340.0871	26.536608	701.40643
M2_S26_subsampled_depth_15G_contig_27654	0	0	0	0	0	0	0	0	0	0	0	0	0	0	0	0	0	0	0	0	0	0	0	0	0	0	0	0	0	0	0	0	0	0	0	0	0	0	0	0	0	0	0	0	0	0	0	0	0	0	0	0	0	0	31.60161	31.392956	34694	58.586544	58.33685	1559.5701	37.346516	37.230236	34694	50.832294	65.64097	1743.541	29.841911	29.576391	34694	42.675274	50.958027	1346.9045
M2_S26_subsampled_depth_15G_contig_27711	147.65785	145.18236	10768	1755.8832	13.90024	449.0403	151.70052	150.25142	10768	1498.5732	14.250127	464.14682	160.15068	157.78647	10768	2203.7307	15.234004	496.88235	178.46582	175.83553	10768	2278.3997	16.943272	579.5755	180.72896	177.94298	10768	2398.2563	17.073057	582.46234	179.393	177.2987	10768	2102.0115	17.007767	578.31995	4.1511583	3.6948106	9966	15.187378	0.33040553	2.9114742	3.7508006	3.4556394	10217	8.693662	0.2859546	2.1746747	4.9475417	4.462335	10565	15.566147	0.38216904	2.9974098	20.37201	20.19889	10768	47.67021	42.12413	1126.1415	17.528254	17.34777	10768	31.222202	31.313282	831.7366	23.888397	23.600754	10768	45.768177	41.570145	1098.7675
M2_S26_subsampled_depth_15G_contig_28771	3.1410296	3.0887125	12244	3.5613534	0.28309333	9.14519	3.824127	3.7180603	12844	5.1183853	0.34500545	11.237313	3.7624173	3.6139631	12911	5.6088624	0.34182498	11.149195	4.103853	3.975669	12897	5.9348755	0.3749932	12.827321	3.447396	3.312291	12803	4.830077	0.31194684	10.64234	3.5088801	3.428679	12651	4.6929283	0.3190891	10.850078	0	0	0	0	0	0	0	0	0	0	0	0	0	0	0	0	0	0	3.3653672	3.2300167	11622	6.1453404	6.027585	161.14072	4.308775	4.2009196	13172	5.363746	7.4165344	196.99646	4.47494	4.384281	13137	5.1638184	7.51139	198.53848
M2_S26_subsampled_depth_15G_contig_29540	0	0	0	0	0	0	0	0	0	0	0	0	0	0	0	0	0	0	0	0	0	0	0	0	0	0	0	0	0	0	0	0	0	0	0	0	0	0	0	0	0	0	0	0	0	0	0	0	0	0	0	0	0	0	7.1776366	7.1042585	3933	10.273565	12.879818	344.3276	7.2254825	7.100147	3933	8.400491	12.437364	330.35876	7.8154902	7.6781206	3933	9.277424	13.799448	364.74216
M2_S26_subsampled_depth_15G_contig_32317	0	0	0	0	0	0	0	0	0	0	0	0	0	0	0	0	0	0	0	0	0	0	0	0	0	0	0	0	0	0	0	0	0	0	0	0	0	0	0	0	0	0	0	0	0	0	0	0	0	0	0	0	0	0	6.227682	6.1105084	18444	10.165655	11.468041	306.58533	7.689283	7.5647144	18588	10.530177	13.369084	355.10666	7.4081244	7.3293567	18526	8.793069	12.620628	333.5842
M2_S26_subsampled_depth_15G_contig_32336	0	0	0	0	0	0	0	0	0	0	0	0	0	0	0	0	0	0	0	0	0	0	0	0	0	0	0	0	0	0	0	0	0	0	0	0	0	0	0	0	0	0	0	0	0	0	0	0	0	0	0	0	0	0	12.224454	10.232056	29540	1747.3873	30.550268	816.727	13.503109	11.207551	29577	2241.5366	33.094845	879.0584	13.26982	10.92509	29577	2622.8735	32.643795	862.8294
M2_S26_subsampled_depth_15G_contig_33211	0	0	0	0	0	0	0	0	0	0	0	0	0	0	0	0	0	0	0	0	0	0	0	0	0	0	0	0	0	0	0	0	0	0	0	0	0	0	0	0	0	0	0	0	0	0	0	0	0	0	0	0	0	0	4.2645445	4.092585	12548	8.401333	7.8071203	208.71465	4.4959087	4.3621655	12990	8.01787	7.8061504	207.34534	4.828992	4.6971393	12927	8.668952	8.151921	215.46875
M2_S26_subsampled_depth_15G_contig_33246	0	0	0	0	0	0	0	0	0	0	0	0	0	0	0	0	0	0	0	0	0	0	0	0	0	0	0	0	0	0	0	0	0	0	0	0	0	0	0	0	0	0	0	0	0	0	0	0	0	0	0	0	0	0	5.083799	4.9465466	10945	8.209972	9.212917	246.29701	5.8505135	5.6072073	11197	13.902766	10.139625	269.3267	4.699225	4.4824824	10825	8.513834	7.8239503	206.7999
M2_S26_subsampled_depth_15G_contig_34572	12.986822	10.078675	24366	350.47726	1.4299898	46.195118	13.47456	10.621763	24586	324.5815	1.4573346	47.467453	12.231219	9.368024	24533	304.8683	1.3472373	43.942398	12.305771	9.513579	24434	308.42914	1.3919209	47.613167	11.49091	9.139726	24245	240.84442	1.2726142	43.416374	12.707975	9.922048	24365	319.90683	1.4134759	48.062817	0	0	0	0	0	0	0	0	0	0	0	0	0	0	0	0	0	0	46.031277	22.779295	24737	13590.06	107.2546	2867.3315	52.938015	26.31321	24737	18043.93	121.480934	3226.7512	61.845486	35.20105	24737	18734.977	134.10118	3544.5164
M2_S26_subsampled_depth_15G_contig_35291	0	0	0	0	0	0	0	0	0	0	0	0	0	0	0	0	0	0	0	0	0	0	0	0	0	0	0	0	0	0	0	0	0	0	0	0	0	0	0	0	0	0	0	0	0	0	0	0	0	0	0	0	0	0	6.974138	6.905568	10019	10.398327	12.823922	342.83313	6.826383	6.7504454	10126	8.227497	11.831457	314.26462	7.1664996	7.0964365	10122	7.458092	12.247371	323.7183
M2_S26_subsampled_depth_15G_contig_36261	0	0	0	0	0	0	0	0	0	0	0	0	0	0	0	0	0	0	0	0	0	0	0	0	0	0	0	0	0	0	0	0	0	0	0	0	0	0	0	0	0	0	1.6713604	1.5529021	13523	2.1260397	0.123706065	0.9407801	0	0	0	0	0	0	6.1736307	6.0292444	17394	10.6109	11.707437	312.9851	7.4684753	7.315561	17549	9.672516	13.072477	347.2283	6.5511813	6.4324117	17371	9.671582	11.272341	297.94666
M2_S26_subsampled_depth_15G_contig_38026	0	0	0	0	0	0	0	0	0	0	0	0	0	0	0	0	0	0	0	0	0	0	0	0	0	0	0	0	0	0	0	0	0	0	0	0	0	0	0	0	0	0	0	0	0	0	0	0	0	0	0	0	0	0	8.714169	7.4747014	15935	167.00725	17.835371	476.80856	7.306072	6.2719607	15960	123.36504	13.980634	371.35056	9.549146	8.263457	15960	185.25754	17.8292	471.25534
M2_S26_subsampled_depth_15G_contig_39222	0	0	0	0	0	0	0	0	0	0	0	0	0	0	0	0	0	0	0	0	0	0	0	0	0	0	0	0	0	0	0	0	0	0	0	0	0	0	0	0	0	0	0	0	0	0	0	0	0	0	0	0	0	0	37.22336	29.222897	43327	12591.982	83.829575	2241.09	39.429768	30.739687	43327	16466.77	86.10583	2287.1243	36.02543	27.724943	43327	14612.9375	76.5341	2022.923
M2_S26_subsampled_depth_15G_contig_39660	144.82527	126.97393	17046	26394.984	13.0724325	422.29843	134.01543	117.71682	17063	21713.021	12.093459	393.9011	142.15305	123.719185	17046	25530.395	12.943864	422.1857	173.57593	147.24791	17050	46516.92	15.812857	540.90735	172.0152	144.3981	17065	47400.246	15.572586	531.2725	170.83868	142.28798	17049	48948.832	15.549436	528.7319	44.90093	42.32101	16874	1797.1274	3.4102108	30.050163	36.266476	33.731003	16947	1195.772	2.6640553	20.260042	45.256664	42.361725	16994	1765.4935	3.3392856	26.190554	2.891352	2.6823406	14552	5.9673867	5.2883153	141.37727	2.0349352	1.9416169	14728	2.256465	3.5251803	93.63504	2.7594137	2.6751823	15614	3.4397502	4.6511364	122.937225
M2_S26_subsampled_depth_15G_contig_40138	2.5943232	2.4450936	13445	3.846001	0.23473765	7.583082	2.2615964	2.1395504	12884	3.0786197	0.20356166	6.6302867	2.0335085	1.9246442	12264	2.5944538	0.18414265	6.006119	1.683185	1.5856929	12135	1.8647623	0.15296902	5.2325835	1.9037892	1.7813483	11907	2.5338619	0.17098798	5.8334064	1.905542	1.8103371	11544	2.4700062	0.1739315	5.9142437	0	0	0	0	0	0	0	0	0	0	0	0	0	0	0	0	0	0	4.084075	3.9835956	14289	5.399512	7.5003076	200.51228	4.569984	4.3020225	14359	9.950195	7.961699	211.477	7.199366	7.0979776	14812	8.996662	12.137277	320.80847
M2_S26_subsampled_depth_15G_contig_963|provirus_237_37281	4.305516	4.1961637	36352	5.5045857	0.39672914	12.816146	3.9379048	3.7890506	35326	6.430226	0.3662208	11.928327	4.200325	4.083296	35993	5.528443	0.3909794	12.752441	3.8771648	3.7539072	35533	5.43718	0.3629899	12.416729	4.084049	3.9700966	36305	5.0484734	0.37941244	12.94399	4.0190268	3.8863492	35465	6.348312	0.37441617	12.731383	0	0	0	0	0	0	0	0	0	0	0	0	0	0	0	0	0	0	46.889008	46.014275	37045	136.54703	86.21729	2304.9229	57.35154	56.591652	37045	158.36494	101.63952	2699.727	57.987316	56.851265	37045	203.10837	99.733765	2636.128
M2_S26_subsampled_depth_15G_contig_2753|provirus_129522_179561	12.990258	12.455503	49894	66.1441	1.1991451	38.73778	13.246723	12.590352	49858	75.646454	1.2263083	39.942608	13.473221	12.918735	49965	68.54784	1.2561918	40.972805	13.896232	13.2578945	49968	81.307785	1.2989256	44.432106	13.18665	12.539776	49963	82.74918	1.2234517	41.739147	13.721527	13.126787	49950	82.32095	1.2801125	43.52802	0	0	0	0	0	0	0	0	0	0	0	0	0	0	0	0	0	0	624.78235	632.0016	50040	24545.17	1136.3793	30379.824	701.7363	710.4652	50040	35907.67	1222.7783	32479.182	721.418	729.8572	50040	34629.875	1219.1376	32223.828
M2_S26_subsampled_depth_15G_contig_7391|provirus_104390_175504	34.46296	34.448215	64808	290.91382	3.1351569	101.27974	35.227253	35.211872	64980	309.6839	3.2073302	104.4673	34.42793	34.39609	64687	288.86838	3.158984	103.03549	45.568817	45.596924	65211	509.92886	4.194676	143.48647	46.905743	47.23473	65702	484.4514	4.280902	146.04672	45.949665	45.78155	64845	541.03534	4.217394	143.4052	13.33043	12.712459	63243	81.31327	1.0222256	9.007667	11.548707	11.135418	63203	55.866596	0.8608264	6.546552	12.860368	12.268816	63221	73.39807	0.95846736	7.517414	235.93477	238.57698	71115	1706.4202	429.21533	11474.595	240.99715	244.16853	71115	1441.398	420.00894	11156.188	217.86084	220.65648	71115	1077.2931	368.35703	9736.286
M2_S26_subsampled_depth_15G_contig_8414|provirus_180981_236657	8.08205	7.526003	55316	32.401764	0.77444756	25.018147	7.974733	7.409925	55321	32.378227	0.7548274	24.585804	8.000882	7.492246	55042	28.750689	0.76382154	24.913315	7.9214435	7.5329065	55141	25.88134	0.76174664	26.056917	6.953032	6.5112357	55182	21.422892	0.6596518	22.5046	7.497938	7.052006	54734	26.31552	0.716653	24.36855	0	0	0	0	0	0	0	0	0	0	0	0	0	0	0	0	0	0	36.131916	34.35766	55677	371.65997	69.160545	1848.9303	44.19108	42.48548	55677	479.6352	81.43453	2163.0464	40.218525	38.405483	55677	456.2504	72.330124	1911.805
M2_S26_subsampled_depth_15G_contig_11272|provirus_203917_232117	17.321201	17.435854	25247	69.24442	1.5886697	51.32118	17.160315	17.206005	24945	73.6028	1.5770555	51.366913	16.668747	16.844458	24945	61.86417	1.5456699	50.41462	15.611422	15.753793	24945	58.30797	1.4412472	49.300476	15.338776	15.414663	24945	56.716774	1.4126146	48.192616	15.100424	15.183467	26393	51.16264	1.4031483	47.71167	4.5084667	4.201608	23959	15.469545	0.3457239	3.0464537	3.7998288	3.518913	23431	11.213158	0.28671184	2.1804333	4.719582	4.4455185	23996	14.634662	0.35241967	2.7640836	39.850487	39.372086	28201	495.5451	76.89268	2055.64	42.081852	41.671566	28201	606.7017	77.3778	2055.293	43.474243	43.06765	28201	703.1442	77.47519	2047.7975
M2_S26_subsampled_depth_15G_contig_14526|provirus_22850_63980	1515.8584	1555.6365	41131	478014.4	137.373	4437.767	1486.9277	1525.0103	41131	461214.6	134.69409	4387.1763	1476.1716	1513.5612	41131	452868.28	134.85686	4398.5815	1479.2563	1519.166	41131	453882.97	135.29164	4627.8965	1514.768	1555.4828	41131	471994.13	137.53677	4692.1895	1509.4193	1549.0558	41131	474323	137.8437	4687.1377	524.05054	525.9224	41121	75516.85	39.828262	350.95935	452.67838	453.93204	41033	57454.77	33.392326	253.94742	539.098	541.0798	41083	80119.66	39.81894	312.30615	14.707181	14.593607	41131	23.70078	26.869808	718.334	17.753277	17.67706	41131	23.410347	30.921204	821.3221	17.615969	17.553127	41131	28.062176	29.757057	786.5282
M2_S26_subsampled_depth_15G_contig_15546|provirus_84926_108051	0	0	0	0	0	0	0	0	0	0	0	0	0	0	0	0	0	0	0	0	0	0	0	0	0	0	0	0	0	0	0	0	0	0	0	0	0	0	0	0	0	0	0	0	0	0	0	0	0	0	0	0	0	0	8.245038	8.11736	23051	12.770854	14.832786	396.5379	12.26088	12.162234	23126	18.756138	21.412176	568.7456	10.259271	10.102708	23126	15.098526	17.371069	459.14615
M2_S26_subsampled_depth_15G_contig_18422|provirus_1_17155	0	0	0	0	0	0	0	0	0	0	0	0	0	0	0	0	0	0	0	0	0	0	0	0	0	0	0	0	0	0	0	0	0	0	0	0	0	0	0	0	0	0	0	0	0	0	0	0	0	0	0	0	0	0	10.813937	10.656517	17140	19.062647	20.265316	541.77057	11.743194	11.49657	17155	21.693336	20.859606	554.0684	12.358012	12.159752	17155	20.404045	21.140596	558.78107
M2_S26_subsampled_depth_15G_contig_22318|provirus_277876_356413	0	0	0	0	0	0	0	0	0	0	0	0	0	0	0	0	0	0	0	0	0	0	0	0	0	0	0	0	0	0	0	0	0	0	0	0	0	0	0	0	0	0	0	0	0	0	0	0	0	0	0	0	0	0	83.25994	73.5362	78538	7566.197	157.94427	4222.463	93.74884	84.088234	78538	7513.8174	170.07372	4517.4614	92.31218	81.972755	78538	7714.8374	162.69247	4300.2305
M3_S27_subsampled_depth_15G_contig_573	172.40382	159.66068	22389	19762.54	15.590654	503.64838	162.14629	150.3209	22375	17057.373	14.644896	477.00504	169.27386	155.98811	22394	19858.043	15.420949	502.97995	199.97066	180.54524	22392	34180.45	18.252993	624.37683	190.99843	171.98183	22367	32937.355	17.31015	590.5511	195.03236	175.31021	22359	34735.004	17.776928	604.474	67.03523	66.153435	22317	2060.3657	5.0841637	44.80071	54.1856	53.232574	22196	1346.532	3.9895158	30.34011	64.53654	63.62118	22335	1794.6901	4.751384	37.26584	2.9249055	2.7980826	20112	4.313672	5.337447	142.69063	2.649964	2.5951667	20894	2.4068384	4.5773063	121.58136	3.3670232	3.260835	20555	4.8192677	5.6605043	149.61652
M3_S27_subsampled_depth_15G_contig_2353	3.423435	2.5222135	22399	27.422909	0.33798006	10.918284	3.352856	2.4419665	22754	24.974554	0.33352345	10.86333	3.245618	2.319814	21761	25.156227	0.31816092	10.377346	3.5192487	2.4065814	20333	34.272488	0.34528208	11.810998	3.1313381	2.1448443	20471	27.918312	0.30158392	10.288805	3.329421	2.154408	21586	36.647842	0.3340967	11.360389	0	0	0	0	0	0	0	0	0	0	0	0	0	0	0	0	0	0	9.690885	7.722744	25647	121.43013	18.55279	495.98807	10.467097	7.4593115	25597	232.93979	19.097342	507.25955	16.348787	13.622109	25710	225.66312	28.478466	752.7329
M3_S27_subsampled_depth_15G_contig_3079	17.231625	16.377335	12286	77.6107	1.6773894	54.18726	16.256098	15.499817	12286	71.985	1.5895661	51.774426	17.732779	16.998718	12286	61.139557	1.7324058	56.505325	16.038563	15.433084	12286	52.886353	1.5439789	52.814625	15.769363	14.87587	12286	73.44239	1.5242344	52.000618	17.076632	16.189217	12286	80.9324	1.6642435	56.58978	0	0	0	0	0	0	0	0	0	0	0	0	0	0	0	0	0	0	47.348633	44.618546	12286	560.074	91.46151	2445.1216	54.380028	50.86241	12286	853.7357	101.43129	2694.1958	50.140903	47.303825	12286	600.58136	90.84745	2401.2485
M3_S27_subsampled_depth_15G_contig_4329	0	0	0	0	0	0	0	0	0	0	0	0	0	0	0	0	0	0	0	0	0	0	0	0	15.131088	13.6712055	9652	270.9342	1.5050018	51.34448	0	0	0	0	0	0	0	0	0	0	0	0	0	0	0	0	0	0	0	0	0	0	0	0	458.04388	449.92667	12798	32003.29	836.4944	22362.736	482.9857	474.4811	12798	31848.023	852.83484	22652.818	469.80115	461.55078	12798	30439.508	803.5049	21237.963
M3_S27_subsampled_depth_15G_contig_4385	0	0	0	0	0	0	0	0	0	0	0	0	0	0	0	0	0	0	0	0	0	0	0	0	0	0	0	0	0	0	0	0	0	0	0	0	0	0	0	0	0	0	0	0	0	0	0	0	0	0	0	0	0	0	30.792902	27.715242	53294	5496.178	64.10374	1713.7416	24.823875	21.558561	53294	7044.684	51.10046	1357.3196	30.975914	27.86891	53294	6306.0376	59.58916	1575.0402
M3_S27_subsampled_depth_15G_contig_4900	80.38717	78.21427	23566	641.10614	7.542395	243.65332	85.640755	83.4823	23566	626.3105	8.023063	261.3226	89.26192	87.24606	23566	629.115	8.432996	275.05624	98.4476	96.80243	23566	724.087	9.3043165	318.27094	102.61714	100.116005	23566	814.5247	9.635217	328.7139	100.649895	98.67878	23566	796.0624	9.523021	323.81403	5.992868	5.712517	20593	21.801146	0.47081983	4.1487794	6.2057996	5.9445815	20882	22.359138	0.46624383	3.545767	7.5381365	7.292845	21215	25.01166	0.5671759	4.4484487	13.791254	13.352961	23566	39.959843	28.762522	768.9339	11.238298	11.014661	23566	22.185875	20.235386	537.48804	13.267339	12.878962	23566	28.11593	23.245548	614.41833
M3_S27_subsampled_depth_15G_contig_5350	3.727969	3.637917	14513	4.77066	0.335419	10.835549	3.331507	3.2954895	14455	3.420727	0.3003566	9.783037	3.4776552	3.3903923	14421	4.798897	0.31557253	10.292927	3.879728	3.7728639	14609	5.4877777	0.35284087	12.069567	4.5944285	4.5833516	14750	4.7041297	0.41458324	14.143869	3.4112482	3.3151448	14516	4.3130393	0.31091538	10.572145	1.7314674	1.6652732	11897	1.9025356	0.12969224	1.1428233	0	0	0	0	0	0	0	0	0	0	0	0	2.2379036	2.10011	13024	3.0772772	4.2355022	113.23144	0	0	0	0	0	0	2.4152088	2.2972498	12875	3.4435132	4.0613923	107.34931
M3_S27_subsampled_depth_15G_contig_5767	0	0	0	0	0	0	0	0	0	0	0	0	0	0	0	0	0	0	0	0	0	0	0	0	0	0	0	0	0	0	0	0	0	0	0	0	0	0	0	0	0	0	0	0	0	0	0	0	0	0	0	0	0	0	14.143778	12.383908	16996	208.93747	28.478882	761.35095	14.779249	12.929655	17065	223.06927	29.354399	779.70544	13.454212	11.380362	17065	229.90288	25.99294	687.0366
M3_S27_subsampled_depth_15G_contig_6242	0	0	0	0	0	0	0	0	0	0	0	0	0	0	0	0	0	0	0	0	0	0	0	0	0	0	0	0	0	0	0	0	0	0	0	0	0	0	0	0	0	0	0	0	0	0	0	0	0	0	0	0	0	0	8.045546	8.031293	10530	11.096949	14.5719185	389.56396	8.67335	8.519677	10623	13.185972	15.291677	406.1743	8.208441	8.103214	10623	13.634454	14.109518	372.93802
M3_S27_subsampled_depth_15G_contig_6373	18.330498	15.935722	12564	403.91446	1.8530575	59.862106	17.570488	15.198003	12441	408.40683	1.7803922	57.989918	17.125732	14.806276	12612	358.70215	1.7279568	56.36018	15.908609	13.823571	12366	321.6738	1.6298268	55.751183	15.613897	13.694749	12561	277.26642	1.5672624	53.468536	15.104469	12.762504	12331	328.82877	1.5544165	52.855286	0	0	0	0	0	0	0	0	0	0	0	0	2.6467946	2.3992155	10685	5.6155663	0.21018231	1.648493	56.36147	48.193634	12613	4843.7974	115.85817	3097.3384	65.5132	56.287064	12613	6654.258	131.63179	3496.3762	75.76843	65.53945	12613	7912.3955	144.59152	3821.7927
M3_S27_subsampled_depth_15G_contig_6703	0	0	0	0	0	0	0	0	0	0	0	0	0	0	0	0	0	0	0	0	0	0	0	0	0	0	0	0	0	0	0	0	0	0	0	0	0	0	0	0	0	0	0	0	0	0	0	0	0	0	0	0	0	0	6.358169	6.2301307	13432	12.672622	11.792135	315.24948	6.549768	6.4075446	13569	12.583318	11.8270235	314.14685	7.34141	7.225133	13903	9.730638	12.740725	336.75842
M3_S27_subsampled_depth_15G_contig_6993	5.4638963	4.585223	33684	92.20466	0.51306915	16.574446	4.6641808	3.78566	32579	87.09093	0.43908656	14.30167	4.971669	4.1763043	33691	83.92458	0.47177687	15.387795	5.0215554	4.2830343	33749	57.177147	0.47180447	16.138933	4.4588966	3.735361	33719	49.028713	0.42007315	14.3311615	5.0973415	4.4113164	33937	58.1189	0.47830352	16.263899	0	0	0	0	0	0	0	0	0	0	0	0	0	0	0	0	0	0	9.363249	7.7781925	36489	298.4404	21.709831	580.388	9.337951	7.3764076	36690	433.52673	21.387615	568.09344	10.972516	8.8580885	36732	493.21115	23.723839	627.0603
M3_S27_subsampled_depth_15G_contig_7383	0	0	0	0	0	0	0	0	0	0	0	0	0	0	0	0	0	0	0	0	0	0	0	0	0	0	0	0	0	0	0	0	0	0	0	0	0	0	0	0	0	0	0	0	0	0	0	0	0	0	0	0	0	0	6.2089844	6.15422	14732	9.484104	11.521349	308.0105	6.2580147	6.172478	14867	9.02125	10.918217	290.0074	6.40854	6.37182	14998	5.8823857	10.754635	284.26285
M3_S27_subsampled_depth_15G_contig_8270	0	0	0	0	0	0	0	0	0	0	0	0	0	0	0	0	0	0	0	0	0	0	0	0	0	0	0	0	0	0	0	0	0	0	0	0	0	0	0	0	0	0	0	0	0	0	0	0	0	0	0	0	0	0	5.3124943	5.1755514	10672	9.002225	9.710926	259.61063	6.5305133	6.496843	10599	9.428744	11.489204	305.17374	6.9346876	6.876307	10883	6.090311	11.605199	306.74472
M3_S27_subsampled_depth_15G_contig_8868	7.490791	7.099357	15119	25.455013	0.7018232	22.672045	7.8478622	7.662924	15160	17.094955	0.73652077	23.989515	7.3273487	7.155795	15097	14.154376	0.6947466	22.66033	7.404415	7.044175	14830	28.527086	0.70533866	24.127384	7.8338985	7.6417227	15015	20.49056	0.72784376	24.831032	7.1182923	6.8785553	15162	16.014534	0.68261343	23.211115	0	0	0	0	0	0	0	0	0	0	0	0	0	0	0	0	0	0	7.474766	7.2171826	15178	16.442226	15.185555	405.96884	5.6783032	5.4861493	14946	11.500973	10.14371	269.43512	7.8786488	7.6056733	15189	16.132298	13.624886	360.1282
M3_S27_subsampled_depth_15G_contig_9178	0	0	0	0	0	0	0	0	0	0	0	0	0	0	0	0	0	0	4.882539	3.7923846	8301	54.887398	0.49250996	16.847197	0	0	0	0	0	0	0	0	0	0	0	0	0	0	0	0	0	0	0	0	0	0	0	0	0	0	0	0	0	0	277.7101	276.69006	10596	15669.369	525.3677	14045.116	295.39508	296.47882	10596	14940.578	541.9542	14395.275	295.62732	296.0634	10596	15897.478	524.93823	13874.98
M3_S27_subsampled_depth_15G_contig_10016	4.5213675	4.0526133	14741	16.6858	0.40936744	13.224411	4.8058248	4.28895	14899	17.150023	0.4357126	14.191782	5.054321	4.6117325	14980	15.479892	0.46110186	15.039611	4.3942385	4.102061	14086	12.612389	0.40088668	13.71305	5.0046215	4.676725	14893	12.651428	0.4553498	15.534654	4.2896485	3.6691284	14554	20.649607	0.39257038	13.348687	0	0	0	0	0	0	0	0	0	0	0	0	0	0	0	0	0	0	3.2737575	3.102694	14037	6.7534676	6.047476	161.67255	3.4676163	3.286488	14971	6.9463205	6.5457454	173.86667	4.230643	4.04987	15107	9.207976	7.539208	199.27374
M3_S27_subsampled_depth_15G_contig_10522	38.34302	35.12432	14425	1177.1599	3.4600735	111.77593	35.94624	33.188244	14587	898.79004	3.239255	105.50707	35.238743	32.266956	14646	1001.56934	3.2066326	104.589615	41.89142	37.344856	14808	1629.64	3.809433	130.30858	40.45339	35.614758	15134	1681.5624	3.6506534	124.54532	40.938164	35.003162	14927	2279.9084	3.7166834	126.379524	0	0	0	0	0	0	0	0	0	0	0	0	0	0	0	0	0	0	2.7881355	2.6173313	13638	4.5544615	5.073997	135.64764	3.7523172	3.6215978	14713	5.699558	6.5335903	173.54381	4.3034296	4.244299	14999	4.363264	7.2655687	192.0409
M3_S27_subsampled_depth_15G_contig_11277	6.701864	4.2536516	18513	416.67865	0.75692815	24.452194	6.403358	4.5442014	18050	250.17468	0.7027506	22.88958	6.1147246	3.9961283	18133	322.93945	0.7037599	22.954308	6.447442	4.27653	18549	329.31726	0.7144855	24.440279	7.024814	4.7359066	18391	362.85873	0.7656487	26.120785	6.793781	4.2290726	18575	435.58124	0.7583101	25.785048	3.3633387	3.163489	17218	6.3644934	0.2640106	2.3264134	2.8241382	2.529536	16075	8.087708	0.22452751	1.7075242	3.0691094	2.859154	17356	5.7653923	0.23821649	1.8683685	6.5346074	6.061477	18966	33.676167	13.159316	351.7996	7.7336993	7.2219744	19067	40.43362	14.921411	396.33942	7.8224487	7.3165364	18968	39.220062	14.54646	384.48694
M3_S27_subsampled_depth_15G_contig_11842	0	0	0	0	0	0	0	0	0	0	0	0	0	0	0	0	0	0	0	0	0	0	0	0	0	0	0	0	0	0	0	0	0	0	0	0	0	0	0	0	0	0	0	0	0	0	0	0	0	0	0	0	0	0	7.700879	7.542364	14714	15.880056	14.13803	377.9644	6.2135897	6.1013856	14426	11.80525	10.83535	287.80627	6.95611	6.867267	14753	8.6673765	11.668638	308.42142
M3_S27_subsampled_depth_15G_contig_14098	0	0	0	0	0	0	0	0	0	0	0	0	0	0	0	0	0	0	0	0	0	0	0	0	0	0	0	0	0	0	0	0	0	0	0	0	0	0	0	0	0	0	0	0	0	0	0	0	0	0	0	0	0	0	42.43063	41.641556	15205	259.64102	77.49501	2071.7427	33.08833	32.681473	15099	164.59889	57.65954	1531.5399	39.419273	38.95713	15193	206.1088	66.943085	1769.4159
M3_S27_subsampled_depth_15G_contig_14126	0	0	0	0	0	0	0	0	0	0	0	0	0	0	0	0	0	0	0	0	0	0	0	0	0	0	0	0	0	0	0	0	0	0	0	0	0	0	0	0	0	0	0	0	0	0	0	0	0	0	0	0	0	0	56.764046	56.555187	19285	112.14539	104.1355	2783.9463	44.89532	44.784184	19285	66.57098	78.52258	2085.7	57.789024	57.634907	19285	79.08587	98.55212	2604.8955
M3_S27_subsampled_depth_15G_contig_14873	11.221384	5.505027	20058	899.41943	1.1584245	37.42233	11.179347	5.4600334	20222	830.77704	1.1461524	37.331787	10.93313	5.587485	19958	727.5413	1.1215551	36.581387	11.04995	5.3662596	20366	812.3642	1.1386608	38.94997	10.277906	5.1259184	20460	710.7364	1.0602411	36.171066	10.045932	4.8325596	20105	705.9693	1.0448378	35.527924	0	0	0	0	0	0	0	0	0	0	0	0	0	0	0	0	0	0	17.399107	11.515125	24795	929.0702	34.793316	930.16034	17.867437	10.663405	24795	1339.94	34.62463	919.69196	24.551754	16.815699	24795	1649.4436	45.19931	1194.6925
M3_S27_subsampled_depth_15G_contig_19342	0	0	0	0	0	0	0	0	0	0	0	0	0	0	0	0	0	0	0	0	0	0	0	0	0	0	0	0	0	0	0	0	0	0	0	0	0	0	0	0	0	0	0	0	0	0	0	0	0	0	0	0	0	0	9.376542	7.418445	14409	165.95993	19.070435	509.8268	9.938166	7.64052	14362	214.6154	18.819365	499.87598	10.169097	8.278236	14414	136.03282	18.43948	487.3859
M3_S27_subsampled_depth_15G_contig_21438	0	0	0	0	0	0	0	0	0	0	0	0	0	0	0	0	0	0	0	0	0	0	0	0	0	0	0	0	0	0	0	0	0	0	0	0	0	0	0	0	0	0	0	0	0	0	0	0	0	0	0	0	0	0	6.531204	6.4179707	13097	9.601206	11.756587	314.2994	7.074721	6.9373345	13048	10.930155	12.497115	331.94574	6.9974604	6.8915105	13145	8.807673	11.769043	311.07526
M3_S27_subsampled_depth_15G_contig_24185	0	0	0	0	0	0	0	0	0	0	0	0	0	0	0	0	0	0	0	0	0	0	0	0	0	0	0	0	0	0	0	0	0	0	0	0	0	0	0	0	0	0	0	0	0	0	0	0	0	0	0	0	0	0	12.314783	12.144106	38524	22.521677	22.536005	602.4747	13.606925	13.444506	38532	17.920084	23.957462	636.3528	11.975588	11.825816	38532	18.07264	20.456501	540.699
M3_S27_subsampled_depth_15G_contig_24412	0	0	0	0	0	0	0	0	0	0	0	0	0	0	0	0	0	0	0	0	0	0	0	0	0	0	0	0	0	0	0	0	0	0	0	0	0	0	0	0	0	0	0	0	0	0	0	0	0	0	0	0	0	0	5.6426396	5.56389	13842	6.5719733	10.477386	280.10114	5.573749	5.4643893	13865	6.783412	9.73902	258.68582	7.3564177	7.184821	13937	10.874261	12.425957	328.43845
M3_S27_subsampled_depth_15G_contig_25146	0	0	0	0	0	0	0	0	0	0	0	0	0	0	0	0	0	0	0	0	0	0	0	0	0	0	0	0	0	0	0	0	0	0	0	0	0	0	0	0	0	0	0	0	0	0	0	0	0	0	0	0	0	0	416.1001	215.27737	16124	2217602.3	1113.0929	29757.291	421.11267	220.4612	16124	2204226.8	1089.3427	28934.889	411.8924	206.53061	16124	2311036.5	1050.5352	27767.38
M3_S27_subsampled_depth_15G_contig_25181	4.8128386	4.555766	19567	10.102449	0.4355985	14.071795	5.3395405	5.1439886	19640	8.794961	0.48166648	15.688569	4.7148666	4.516897	19481	8.097331	0.43016455	14.030537	5.200512	4.885735	19845	12.941923	0.47386044	16.209255	5.8134413	5.5710464	19542	12.220427	0.5247908	17.903706	5.9566855	5.5977583	19846	15.533987	0.5432863	18.473528	0	0	0	0	0	0	1.9472495	1.82205	15648	2.7196488	0.14511393	1.103586	1.7393596	1.6457729	15644	2.0692413	0.12708977	0.9967845	2.8864183	2.780002	17945	4.2864013	5.482483	146.56801	2.1698453	2.0480704	17236	2.795023	3.7659507	100.03032	3.7851837	3.707562	18919	5.1483507	6.405395	169.30524
M3_S27_subsampled_depth_15G_contig_26185	1.5866172	1.488441	11659	1.9282776	0.1445266	4.6688614	0	0	0	0	0	0	1.7015216	1.5582286	12405	2.2925138	0.15812433	5.157491	0	0	0	0	0	0	0	0	0	0	0	0	0	0	0	0	0	0	0	0	0	0	0	0	0	0	0	0	0	0	0	0	0	0	0	0	5.4633894	5.2912874	15316	10.250237	9.985486	266.95084	5.590909	5.4820113	15347	8.680848	9.787489	259.9731	5.422877	5.2659297	15316	9.675687	9.162611	242.18295
M3_S27_subsampled_depth_15G_contig_26380	2.8754694	2.7871103	9477	3.570731	0.2598772	8.395204	2.7421427	2.6124287	9284	3.7877088	0.25039917	8.155859	2.085096	2.0003295	8822	2.3510656	0.19076411	6.2220893	2.2808855	2.1445982	8864	3.1487322	0.20840637	7.12892	2.071457	1.9284146	8774	3.0389776	0.18945073	6.463282	2.1393557	2.0721345	9155	2.096225	0.19604385	6.6661344	0	0	0	0	0	0	0	0	0	0	0	0	0	0	0	0	0	0	6.518976	6.445872	10188	9.088452	11.870251	317.33774	7.136292	7.022947	10211	10.718895	12.4575815	330.89545	6.9570074	6.8650637	10268	9.291913	11.584008	306.18442
M3_S27_subsampled_depth_15G_contig_27035	0	0	0	0	0	0	0	0	0	0	0	0	0	0	0	0	0	0	0	0	0	0	0	0	0	0	0	0	0	0	0	0	0	0	0	0	0	0	0	0	0	0	0	0	0	0	0	0	0	0	0	0	0	0	6.9567404	6.899324	26373	10.269711	13.125787	350.9033	7.9527225	7.7867155	26780	12.721	14.358778	381.3948	8.127225	7.8032374	26780	16.262459	14.309544	378.2249
M3_S27_subsampled_depth_15G_contig_27131	0	0	0	0	0	0	0	0	0	0	0	0	0	0	0	0	0	0	0	0	0	0	0	0	0	0	0	0	0	0	0	0	0	0	0	0	0	0	0	0	0	0	0	0	0	0	0	0	0	0	0	0	0	0	8.439921	8.320148	10345	11.515787	15.535203	415.3162	9.013242	8.922196	10332	10.169634	15.778466	419.10422	9.388426	9.340307	10345	11.530104	15.689943	414.71106
M3_S27_subsampled_depth_15G_contig_27243	0	0	0	0	0	0	0	0	0	0	0	0	0	0	0	0	0	0	0	0	0	0	0	0	0	0	0	0	0	0	0	0	0	0	0	0	0	0	0	0	0	0	0	0	0	0	0	0	0	0	0	0	0	0	4.450055	4.275538	13026	9.096315	8.162539	218.21643	5.22834	5.0345955	13589	10.280012	9.198757	244.33533	4.6779537	4.5483766	13208	7.622207	7.9398394	209.8631
M3_S27_subsampled_depth_15G_contig_28023	5.887355	5.4893126	30402	18.482588	0.55742455	18.00732	5.52045	5.181844	30050	14.882738	0.5205694	16.95569	5.399754	4.9977727	30284	16.696373	0.5206252	16.981062	4.9145784	4.5148544	30210	14.330455	0.47176167	16.13747	4.886579	4.4972878	29844	14.5569105	0.4685544	15.985157	4.94843	4.604663	29193	15.29238	0.4764567	16.201096	0	0	0	0	0	0	0	0	0	0	0	0	0	0	0	0	0	0	10.68806	9.852498	31036	56.28222	20.518805	548.54736	10.397103	9.172397	31058	79.07911	18.83665	500.3353	17.63148	16.724575	31079	65.119484	30.72344	812.0713
M3_S27_subsampled_depth_15G_contig_29175	0	0	0	0	0	0	0	0	0	0	0	0	0	0	0	0	0	0	0	0	0	0	0	0	0	0	0	0	0	0	0	0	0	0	0	0	0	0	0	0	0	0	0	0	0	0	0	0	0	0	0	0	0	0	7.213685	6.561372	10379	34.724857	13.494089	360.74933	6.9154243	6.5960927	10409	19.788794	12.396515	329.27365	7.0354548	6.556806	10463	24.186356	11.994897	317.04492
M3_S27_subsampled_depth_15G_contig_29740	0	0	0	0	0	0	0	0	0	0	0	0	0	0	0	0	0	0	0	0	0	0	0	0	0	0	0	0	0	0	0	0	0	0	0	0	0	0	0	0	0	0	0	0	0	0	0	0	0	0	0	0	0	0	34.005783	33.01109	17785	123.365036	62.878613	1680.9891	40.828297	39.52983	17785	148.54497	72.14327	1916.2543	31.804195	30.628174	17785	113.56816	54.686913	1445.4656
M3_S27_subsampled_depth_15G_contig_32340	2.6373107	2.5540512	9070	3.3456876	0.24388735	7.8786635	2.377138	2.2668705	8528	3.246429	0.21857318	7.1192384	0	0	0	0	0	0	2.1954	2.1494868	8947	2.0709271	0.20727591	7.090246	2.5269313	2.471828	9612	2.3361955	0.23486541	8.012647	1.8380185	1.7056125	7784	2.7601547	0.17227724	5.8579917	0	0	0	0	0	0	0	0	0	0	0	0	0	0	0	0	0	0	5.8770394	5.691417	10233	9.448657	11.457167	306.29453	6.380578	6.2764797	10285	9.039262	11.528534	306.2186	7.9825044	7.8180823	10324	11.604529	13.805757	364.909
M3_S27_subsampled_depth_15G_contig_33226	0	0	0	0	0	0	0	0	0	0	0	0	0	0	0	0	0	0	0	0	0	0	0	0	0	0	0	0	0	0	0	0	0	0	0	0	0	0	0	0	0	0	0	0	0	0	0	0	0	0	0	0	0	0	441.34924	435.53625	38389	5702.1694	809.78357	21648.658	461.23224	453.87027	38389	4892.345	808.6343	21478.771	462.6973	454.9484	38389	4454.009	786.968	20800.865
M3_S27_subsampled_depth_15G_contig_34594	0	0	0	0	0	0	0	0	0	0	0	0	0	0	0	0	0	0	0	0	0	0	0	0	0	0	0	0	0	0	0	0	0	0	0	0	0	0	0	0	0	0	0	0	0	0	0	0	0	0	0	0	0	0	6.765478	6.437037	14773	15.062164	12.746099	340.75272	6.8722954	6.5321994	14848	14.451474	12.437911	330.37326	7.323241	7.0498867	14848	11.725063	12.759232	337.24756
M3_S27_subsampled_depth_15G_contig_34814	4.116169	1.7511734	10685	125.81483	0.37365362	12.070696	0	0	0	0	0	0	4.3064823	1.7347467	11222	146.23718	0.39752525	12.965944	0	0	0	0	0	0	4.161908	1.9304904	11070	114.03767	0.37899682	12.929814	0	0	0	0	0	0	0	0	0	0	0	0	0	0	0	0	0	0	0	0	0	0	0	0	5.023234	4.71217	13407	13.037625	9.022085	241.19528	4.5915513	4.4261208	13495	7.16042	8.066126	214.25058	4.6159506	4.443195	13476	9.126659	7.9117093	209.11949
M3_S27_subsampled_depth_15G_contig_36540	0	0	0	0	0	0	0	0	0	0	0	0	0	0	0	0	0	0	0	0	0	0	0	0	0	0	0	0	0	0	0	0	0	0	0	0	0	0	0	0	0	0	0	0	0	0	0	0	0	0	0	0	0	0	5.5130234	5.4458814	10573	5.0238996	10.182991	272.23077	7.0991316	6.991731	10631	9.426145	12.376692	328.74713	8.093598	7.9625783	10631	9.153739	13.526356	357.52405
M3_S27_subsampled_depth_15G_contig_37495	14.716817	14.609512	11270	22.629486	1.3477783	43.53931	13.428867	13.341027	11270	15.787189	1.2280542	39.999477	13.328597	13.239609	11270	19.349165	1.2337604	40.24114	11.993075	11.956935	11270	12.953548	1.1061882	37.83919	13.484532	13.386391	11270	16.167944	1.2422836	42.381607	13.915197	13.883193	11270	15.144797	1.2784348	43.47098	0	0	0	0	0	0	0	0	0	0	0	0	0	0	0	0	0	0	7.0130396	6.881395	11179	12.296705	14.898985	398.3077	4.4955034	4.3852916	11021	6.4503803	7.84519	208.3823	7.0156474	6.923861	11270	8.58434	11.859288	313.46066
M3_S27_subsampled_depth_15G_contig_38903	0	0	0	0	0	0	0	0	0	0	0	0	0	0	0	0	0	0	0	0	0	0	0	0	0	0	0	0	0	0	0	0	0	0	0	0	0	0	0	0	0	0	0	0	0	0	0	0	0	0	0	0	0	0	50.24705	5.8062882	12756	124970.11	214.50865	5734.6494	53.402924	5.347686	12831	149688.03	230.99922	6135.7515	57.148167	7.604367	12872	158909.05	234.61983	6201.388
M3_S27_subsampled_depth_15G_contig_39171	27.981903	27.89399	10051	113.8273	2.5183482	81.35402	27.911623	27.720398	10068	77.02011	2.5046582	81.58025	28.016993	27.374441	10092	144.9102	2.5372121	82.755424	27.927408	27.315237	10092	142.05043	2.5407476	86.91091	29.446411	29.068142	10087	127.77134	2.6540756	90.546196	28.229036	27.909517	10080	114.422325	2.5605788	87.06812	16.441383	16.25659	10039	52.083687	1.2333919	10.868419	13.254273	13.268655	10057	26.679323	0.9687209	7.367088	16.069979	15.967717	10066	40.139503	1.1788731	9.246083	3.720893	2.5169795	8514	60.957386	6.6220345	177.03265	3.8869898	2.2674263	7810	113.19165	6.6846867	177.55731	4.3302836	2.8254023	8552	99.61186	7.3350897	193.87851
M3_S27_subsampled_depth_15G_contig_3477|provirus_20534_51544	3.3622048	3.2146895	28320	5.5861077	0.30800593	9.949975	2.9527235	2.810081	27288	4.874596	0.26989606	8.790894	3.271281	3.1544554	29445	4.6779275	0.3015839	9.836661	2.8413856	2.6942215	26942	4.842598	0.26266453	8.984914	2.8844173	2.7124393	27829	5.1952276	0.2641674	9.012307	2.7682836	2.5348334	25998	5.94757	0.25475636	8.662555	0	0	0	0	0	0	0	0	0	0	0	0	0	0	0	0	0	0	6.104274	5.928497	30309	12.754002	11.393007	304.57944	5.6078544	5.390675	30308	12.339736	9.860738	261.9189	9.8037	9.521332	30997	24.883175	16.650753	440.10696
M3_S27_subsampled_depth_15G_contig_9706|provirus_47591_58296	0	0	0	0	0	0	0	0	0	0	0	0	0	0	0	0	0	0	0	0	0	0	0	0	0	0	0	0	0	0	0	0	0	0	0	0	0	0	0	0	0	0	0	0	0	0	0	0	0	0	0	0	0	0	8.467412	8.299305	10560	16.551184	15.803965	422.50146	10.651194	10.514944	10706	14.24592	18.764832	498.42743	8.653657	8.5295725	10706	10.106845	14.971377	395.71814
M3_S27_subsampled_depth_15G_contig_10435|provirus_1_77415	3.6211739	2.9546442	71393	356.30496	0.40213853	12.990884	3.2197244	2.623118	70493	293.321	0.35897112	11.692203	3.4697857	2.8204606	70443	303.81076	0.3871942	12.628983	3.0399146	2.5050836	70270	228.67142	0.34026587	11.639413	3.2124636	2.6409783	70923	246.11043	0.3532069	12.049969	3.0540478	2.4792562	69162	273.09534	0.34444314	11.712202	0	0	0	0	0	0	0	0	0	0	0	0	0	0	0	0	0	0	7.663975	7.2862277	77049	79.45759	14.930419	399.1479	7.5148644	7.038669	77071	144.31223	14.124135	375.1622	12.813719	12.355541	77415	118.96886	22.542307	595.83057
M3_S27_subsampled_depth_15G_contig_13607|provirus_250_24739	0	0	0	0	0	0	0	0	0	0	0	0	0	0	0	0	0	0	0	0	0	0	0	0	0	0	0	0	0	0	0	0	0	0	0	0	0	0	0	0	0	0	0	0	0	0	0	0	0	0	0	0	0	0	30.93184	29.704283	24490	139.55684	56.919106	1521.6685	33.74018	32.453026	24490	139.00041	59.761574	1587.3744	33.739605	32.51648	24490	141.1344	57.878498	1529.8247
M3_S27_subsampled_depth_15G_contig_14693|provirus_3_30345	13.323188	12.737553	30068	68.89509	1.226676	39.627155	13.678601	13.138326	30148	70.182465	1.2552423	40.88502	12.974001	12.367176	29968	64.88608	1.2087988	39.42699	12.872917	12.186642	30304	69.66877	1.2016418	41.104347	13.307423	12.615198	30246	71.664696	1.2289194	41.92565	13.905872	13.1512785	30016	83.870514	1.2927363	43.957275	2.946842	2.774609	26052	5.7643642	0.2288688	2.01675	2.5297256	2.3503957	25533	4.568149	0.1898157	1.4435402	3.0678303	2.8563385	26790	6.2017455	0.22957142	1.8005645	63.24446	62.907894	30343	115.324326	116.52298	3115.1123	70.40397	69.88732	30343	136.73099	123.847725	3289.6165	66.406654	65.79345	30343	145.94429	113.52124	3000.5535
M3_S27_subsampled_depth_15G_contig_19395|provirus_57339_105519	9655.756	9890.045	47919	18263114	875.3826	28278.8	9429.926	9662.645	48050	17279542	854.5224	27832.998	9587.678	9827.739	47973	17659696	876.3311	28583.002	9677.503	9918.163	47686	18417082	885.4537	30288.553	9780.47	10035.729	47974	18219702	888.4219	30309.299	9833.778	10081.768	47915	18767360	898.56116	30554.04	1805.6213	1642.9437	43413	2149185.8	137.02145	1207.4076	1507.6245	1369.9126	42951	1489582.8	111.07582	844.7278	1989.3735	1831.2787	42593	2295368.8	146.75922	1151.0554	95.178444	94.42578	48181	2386.2258	179.45432	4797.51	115.14388	113.90377	48181	3699.8137	209.55037	5566.0317	108.04753	106.54826	48181	3934.234	191.60614	5064.4673
M3_S27_subsampled_depth_15G_contig_24601|provirus_1_26969	5.146016	4.846555	24821	18.323595	0.47848275	15.457143	5.2997127	5.0046396	25442	18.06544	0.4923969	16.038067	5.08576	4.821409	25514	15.072218	0.4726083	15.414909	5.4967003	5.269812	25798	14.760028	0.51396555	17.581125	5.5008388	5.2086663	25889	18.408186	0.51100713	17.433464	5.705731	5.403786	25696	20.889015	0.53577524	18.218124	0	0	0	0	0	0	0	0	0	0	0	0	0	0	0	0	0	0	34.848427	19.842081	26969	4784.704	67.66707	1809.0037	34.763638	15.241559	26969	7778.1484	65.4129	1737.4833	42.56911	25.11384	26969	6414.4736	76.20904	2014.3313
M3_S27_subsampled_depth_15G_contig_24727|provirus_151976_179654	3.194631	3.025911	25298	5.5569296	0.29267845	9.454828	3.1281557	3.022319	25137	4.5783157	0.28459877	9.269781	3.0323296	2.8919966	24790	4.9053044	0.27958038	9.118984	3.5988593	3.4391572	25821	6.2510605	0.33418703	11.431477	3.2410185	3.0707512	25787	5.147335	0.29844254	10.181629	3.1732354	3.0733745	26086	4.015796	0.29040518	9.874728	0	0	0	0	0	0	0	0	0	0	0	0	0	0	0	0	0	0	4.3057866	4.164548	26726	6.993602	7.980134	213.34001	5.031276	4.841708	26949	9.703867	8.855231	235.21086	5.3795996	5.1927996	27377	8.87428	9.116846	240.97343
M3_S27_subsampled_depth_15G_contig_24921|provirus_1_12459	0	0	0	0	0	0	0	0	0	0	0	0	0	0	0	0	0	0	0	0	0	0	0	0	0	0	0	0	0	0	0	0	0	0	0	0	0	0	0	0	0	0	0	0	0	0	0	0	0	0	0	0	0	0	12.891218	12.581641	12459	25.370277	25.014212	668.72687	10.496548	10.27349	12459	19.605064	19.231936	510.8345	13.8250065	13.663146	12459	23.705963	24.121655	637.575
M3_S27_subsampled_depth_15G_contig_31669|provirus_3_34115	0	0	0	0	0	0	0	0	0	0	0	0	0	0	0	0	0	0	0	0	0	0	0	0	0	0	0	0	0	0	0	0	0	0	0	0	0	0	0	0	0	0	0	0	0	0	0	0	0	0	0	0	0	0	8.230163	7.8853993	33713	26.312408	15.527971	415.12296	6.0481997	5.798508	33526	14.366943	10.58972	281.28192	9.011719	8.667648	33966	30.304562	15.248167	403.03418
M3_S27_subsampled_depth_15G_contig_43376|provirus_39449_179310	0	0	0	0	0	0	0	0	0	0	0	0	0	0	0	0	0	0	0	0	0	0	0	0	0	0	0	0	0	0	0	0	0	0	0	0	0	0	0	0	0	0	0	0	0	0	0	0	0	0	0	0	0	0	12.294227	12.009353	139725	39.146954	22.94837	613.4991	9.623569	9.3821	139479	25.872587	16.797152	446.16238	12.929727	12.683813	139688	37.923443	21.870337	578.0691
