Contig	F3_S19_subsampled_depth_9G_combined_mapped Mean	F3_S19_subsampled_depth_9G_combined_mapped Trimmed Mean	F3_S19_subsampled_depth_9G_combined_mapped Covered Bases	F3_S19_subsampled_depth_9G_combined_mapped Variance	F3_S19_subsampled_depth_9G_combined_mapped RPKM	F3_S19_subsampled_depth_9G_combined_mapped TPM	F4_S20_subsampled_depth_9G_combined_mapped Mean	F4_S20_subsampled_depth_9G_combined_mapped Trimmed Mean	F4_S20_subsampled_depth_9G_combined_mapped Covered Bases	F4_S20_subsampled_depth_9G_combined_mapped Variance	F4_S20_subsampled_depth_9G_combined_mapped RPKM	F4_S20_subsampled_depth_9G_combined_mapped TPM	F5_S21_subsampled_depth_9G_combined_mapped Mean	F5_S21_subsampled_depth_9G_combined_mapped Trimmed Mean	F5_S21_subsampled_depth_9G_combined_mapped Covered Bases	F5_S21_subsampled_depth_9G_combined_mapped Variance	F5_S21_subsampled_depth_9G_combined_mapped RPKM	F5_S21_subsampled_depth_9G_combined_mapped TPM	F6_S22_subsampled_depth_9G_combined_mapped Mean	F6_S22_subsampled_depth_9G_combined_mapped Trimmed Mean	F6_S22_subsampled_depth_9G_combined_mapped Covered Bases	F6_S22_subsampled_depth_9G_combined_mapped Variance	F6_S22_subsampled_depth_9G_combined_mapped RPKM	F6_S22_subsampled_depth_9G_combined_mapped TPM	F7_S23_subsampled_depth_9G_combined_mapped Mean	F7_S23_subsampled_depth_9G_combined_mapped Trimmed Mean	F7_S23_subsampled_depth_9G_combined_mapped Covered Bases	F7_S23_subsampled_depth_9G_combined_mapped Variance	F7_S23_subsampled_depth_9G_combined_mapped RPKM	F7_S23_subsampled_depth_9G_combined_mapped TPM	F8_S24_subsampled_depth_9G_combined_mapped Mean	F8_S24_subsampled_depth_9G_combined_mapped Trimmed Mean	F8_S24_subsampled_depth_9G_combined_mapped Covered Bases	F8_S24_subsampled_depth_9G_combined_mapped Variance	F8_S24_subsampled_depth_9G_combined_mapped RPKM	F8_S24_subsampled_depth_9G_combined_mapped TPM	GP3_S28_subsampled_depth_9G_combined_mapped Mean	GP3_S28_subsampled_depth_9G_combined_mapped Trimmed Mean	GP3_S28_subsampled_depth_9G_combined_mapped Covered Bases	GP3_S28_subsampled_depth_9G_combined_mapped Variance	GP3_S28_subsampled_depth_9G_combined_mapped RPKM	GP3_S28_subsampled_depth_9G_combined_mapped TPM	GP4_S29_subsampled_depth_9G_combined_mapped Mean	GP4_S29_subsampled_depth_9G_combined_mapped Trimmed Mean	GP4_S29_subsampled_depth_9G_combined_mapped Covered Bases	GP4_S29_subsampled_depth_9G_combined_mapped Variance	GP4_S29_subsampled_depth_9G_combined_mapped RPKM	GP4_S29_subsampled_depth_9G_combined_mapped TPM	GP5_S30_subsampled_depth_9G_combined_mapped Mean	GP5_S30_subsampled_depth_9G_combined_mapped Trimmed Mean	GP5_S30_subsampled_depth_9G_combined_mapped Covered Bases	GP5_S30_subsampled_depth_9G_combined_mapped Variance	GP5_S30_subsampled_depth_9G_combined_mapped RPKM	GP5_S30_subsampled_depth_9G_combined_mapped TPM	M1_S25_subsampled_depth_9G_combined_mapped Mean	M1_S25_subsampled_depth_9G_combined_mapped Trimmed Mean	M1_S25_subsampled_depth_9G_combined_mapped Covered Bases	M1_S25_subsampled_depth_9G_combined_mapped Variance	M1_S25_subsampled_depth_9G_combined_mapped RPKM	M1_S25_subsampled_depth_9G_combined_mapped TPM	M2_S26_subsampled_depth_9G_combined_mapped Mean	M2_S26_subsampled_depth_9G_combined_mapped Trimmed Mean	M2_S26_subsampled_depth_9G_combined_mapped Covered Bases	M2_S26_subsampled_depth_9G_combined_mapped Variance	M2_S26_subsampled_depth_9G_combined_mapped RPKM	M2_S26_subsampled_depth_9G_combined_mapped TPM	M3_S27_subsampled_depth_9G_combined_mapped Mean	M3_S27_subsampled_depth_9G_combined_mapped Trimmed Mean	M3_S27_subsampled_depth_9G_combined_mapped Covered Bases	M3_S27_subsampled_depth_9G_combined_mapped Variance	M3_S27_subsampled_depth_9G_combined_mapped RPKM	M3_S27_subsampled_depth_9G_combined_mapped TPM
F3_S19_subsampled_depth_9G_contig_290	4087.6238	4138.833	12975	829507.7	620.56915	22590.99	3872.3174	3916.4248	12954	779356.6	587.53046	21546.914	4195.533	4253.0117	12954	738199.9	642.2262	23554.068	3803.8948	3855.3284	12953	595616.7	582.50226	22351.639	3790.668	3839.5605	12953	611515.8	576.5782	22073.436	3824.9724	3876.6636	12954	573081.6	584.5005	22171.97	1305.4259	1314.5593	12942	333667.66	161.51225	1341.7379	1067.3531	1076.4108	12942	209409.36	128.99994	949.7698	1560.5945	1570.7262	12945	436277.03	189.124	1494.9395	12.211852	12.159058	12914	19.474384	38.873417	1021.01886	11.823547	11.721043	12931	14.581069	35.76206	935.2282	10.96078	10.955384	12715	15.096801	31.94383	827.4079
F3_S19_subsampled_depth_9G_contig_458	25.697113	25.513195	40779	34.49803	3.9454348	143.6283	24.924807	24.77135	40779	36.345524	3.8276227	140.37303	24.249304	24.049553	40779	36.982277	3.760176	137.90695	25.533781	25.18946	40779	51.63855	3.9705687	152.35764	26.436216	26.17978	40779	46.08482	4.0751157	156.00967	26.61306	26.227364	40779	53.042286	4.117886	156.20454	12.107066	11.891843	40246	44.694645	1.5119878	12.560602	10.6569195	10.467279	39710	37.84486	1.3002399	9.573096	11.974747	11.820248	39505	44.353203	1.4652466	11.582111	0	0	0	0	0	0	0	0	0	0	0	0	0	0	0	0	0	0
F3_S19_subsampled_depth_9G_contig_495	8.9523	8.718303	10748	16.191458	1.4046801	51.13553	8.6740055	8.424793	10602	20.674198	1.3544254	49.671795	8.467871	8.26905	10721	15.206841	1.3364614	49.015583	7.8099537	7.6405354	10559	12.57679	1.2272046	47.09002	7.3220434	7.156998	10625	13.909355	1.149752	44.016552	8.078277	7.7950244	10559	16.432148	1.2760307	48.403896	0	0	0	0	0	0	0	0	0	0	0	0	0	0	0	0	0	0	2.2640889	2.1298213	8947	3.4975257	7.709047	202.47961	2.1016088	1.9944601	9559	2.3673563	6.6065607	172.77098	1.9766676	1.8805268	8507	2.760276	6.032449	156.25223
F3_S19_subsampled_depth_9G_contig_636	6679.808	6666.2637	43261	402872.34	1019.2095	37102.96	6449.98	6434.449	43261	391387.97	983.4258	36065.86	6574.123	6560.4126	43261	373098.38	1011.3748	37092.84	6074.1816	6061.8574	43261	300278.3	935.14716	35883.242	5714.2666	5706.379	43261	264527.7	873.6665	33447.01	5923.4126	5914.537	43261	307050.06	909.8108	34512.023	3245.8916	3092.7097	43261	2287544.8	404.60568	3361.1992	2758.5378	2625.059	43261	1705346.1	335.6399	2471.1685	3171.1821	3024.37	43261	1975233.9	386.88773	3058.1719	12.013546	11.938223	43261	15.821201	37.868713	994.62946	13.878685	13.804489	43261	15.4246235	41.8446	1094.2954	14.118044	14.010335	43261	17.006878	41.55391	1076.3276
F3_S19_subsampled_depth_9G_contig_977	3.3456583	3.2520225	1935	2.6085927	0.49945727	18.182074	2.9966385	3.026758	1829	1.9215137	0.48715007	17.865585	2.9837534	2.9309273	1692	3.4576957	0.49152568	18.027029	3.422969	3.3870566	1924	2.36528	0.5037196	19.328617	2.1210084	2.067206	1788	1.7768286	0.38095123	14.584149	1.7030813	1.672682	1531	1.7772605	0.31113258	11.80226	0	0	0	0	0	0	0	0	0	0	0	0	0	0	0	0	0	0	26.470028	26.731176	1935	50.370342	87.27242	2292.2285	26.365267	26.49969	1935	43.84184	81.57414	2133.279	31.586555	31.47293	1935	64.83906	95.32566	2469.1216
F3_S19_subsampled_depth_9G_contig_1102	33.779785	33.456352	45297	86.5037	5.1668305	188.09154	32.96744	32.423622	45220	104.89966	5.0401063	184.83934	33.82493	33.06453	45220	109.65056	5.221089	191.48695	32.961037	32.439865	45220	102.74213	5.0920634	195.39148	33.656322	33.192825	45222	90.46374	5.156156	197.3957	34.62662	33.928383	45223	118.10659	5.326105	202.03616	21.169003	19.342775	45221	299.01935	2.6415377	21.944153	16.647884	15.20823	45163	176.56787	2.0306475	14.950763	19.669281	18.227623	45223	223.93742	2.3994296	18.966394	0	0	0	0	0	0	0	0	0	0	0	0	0	0	0	0	0	0
F3_S19_subsampled_depth_9G_contig_1490	23.12528	22.728266	65523	68.98504	3.534328	128.66252	23.234348	22.762037	65523	69.62837	3.5513177	130.23987	23.16103	22.756243	65523	69.266075	3.5722406	131.01422	30.438177	29.8779	65523	114.338036	4.6999984	180.34724	31.586235	31.193909	65523	101.42887	4.8375454	185.19824	30.910574	30.156092	65523	132.6235	4.758099	180.48988	9.274456	8.73894	65332	35.534172	1.1593639	9.631236	8.151239	7.725122	65318	25.233862	0.994335	7.3208556	9.090863	8.563149	65262	31.20342	1.1107745	8.7801695	144.36209	143.89879	65523	414.7077	456.40628	11987.606	147.54797	147.31865	65523	281.3897	446.40173	11674.037	131.71455	131.57399	65523	227.24347	388.72296	10068.684
F3_S19_subsampled_depth_9G_contig_1782	0	0	0	0	0	0	3.8789473	3.8499026	1149	5.790426	0.57032204	20.915808	2.9675438	2.9990253	1230	1.9453896	0.50351405	18.46671	0	0	0	0	0	0	1.3736842	1.3489279	0	1.1877178	0	0	0	0	0	0	0	0	5937.077	6077.042	1288	9232179	667.2383	5542.9756	6207.0684	6355.273	1282	9830788	681.67993	5018.9106	4385.3105	4492.575	1287	4856214.5	482.59537	3814.6956	0	0	0	0	0	0	0	0	0	0	0	0	0	0	0	0	0	0
F3_S19_subsampled_depth_9G_contig_2201	75.40685	74.019875	43134	489.39386	11.503755	418.7788	71.67511	70.27367	43134	364.13373	10.933222	400.96164	74.694	73.30354	43134	464.6477	11.499851	421.76456	67.29558	66.26294	43134	325.85104	10.355866	397.37283	66.518936	65.30264	43134	361.86298	10.167748	389.25705	67.89491	66.61557	43134	383.6876	10.429451	395.6223	32.308884	30.892649	43134	247.99171	4.0276275	33.458893	25.67816	24.658197	43134	181.83537	3.1257718	23.013687	29.93223	28.814661	43134	188.49954	3.6495879	28.84832	81.47027	81.16603	43134	154.89035	257.02667	6750.8594	87.69528	87.43985	43134	137.45146	264.78308	6924.452	76.92879	76.68534	43134	126.14922	226.65567	5870.8247
F3_S19_subsampled_depth_9G_contig_2308	110.8161	110.38784	45076	242.84492	16.92979	616.3063	116.20209	115.44146	45076	291.08923	17.734	650.3714	115.542534	114.73495	45076	342.67352	17.786758	652.34125	111.87513	111.19669	45076	316.09644	17.244167	661.68896	118.2345	117.70886	45076	329.09106	18.078556	692.11053	113.15548	112.24373	45076	337.92072	17.404596	660.2118	68.07877	65.08416	45076	909.9995	8.4951105	70.57181	59.432423	57.407776	45076	579.744	7.2406425	53.30968	68.01369	65.5946	45076	741.4021	8.317176	65.74346	76.50868	76.14728	45076	192.10266	243.24751	6388.949	81.586945	81.21757	45076	139.47406	248.11275	6488.499	74.95092	74.63162	45076	130.65038	222.30759	5758.2007
F3_S19_subsampled_depth_9G_contig_2662	43.768826	42.834454	17189	331.33636	7.1673365	260.91745	45.5883	44.394665	17189	388.69162	7.482241	274.40152	46.116673	44.555714	17189	375.37762	7.6304207	279.85068	53.730442	52.629	17189	348.45975	8.812184	338.139	57.467575	55.978027	17189	397.96503	9.323345	356.93024	56.50185	55.09011	17189	403.86414	9.220956	349.78033	5.0374436	4.903958	17025	6.756669	0.6432954	5.344073	5.2378073	5.1222534	17132	6.984529	0.6483442	4.7734766	5.704736	5.525396	17016	9.762971	0.7165204	5.6637697	7.490991	7.154528	17079	25.940508	28.277723	742.7206	5.947239	5.7665777	17029	11.579855	19.157564	500.99728	8.237807	8.048445	17179	20.065992	26.197021	678.554
F3_S19_subsampled_depth_9G_contig_2701	28.507563	24.413927	18532	557.48846	4.6749043	170.1836	26.944456	22.54914	18532	582.3263	4.422798	162.20026	29.281906	25.302526	18532	541.5491	4.830541	177.16321	24.350561	20.543097	18532	479.81052	4.0348167	154.82304	21.813786	18.804945	18532	308.22415	3.5724392	136.76553	23.375748	20.26094	18532	341.43375	3.8484118	145.98253	0	0	0	0	0	0	0	0	0	0	0	0	0	0	0	0	0	0	10.336253	2.5218205	15209	1477.1084	37.94448	996.61957	10.672668	2.1635637	15451	1798.7838	38.47552	1006.1893	13.812426	3.2524781	17295	2778.5222	48.668694	1260.6144
F3_S19_subsampled_depth_9G_contig_2924	46.779305	44.885044	10617	670.059	8.383294	305.18246	47.116844	45.146057	10617	887.5656	8.445447	309.7257	50.626446	48.561405	10617	974.75934	9.126535	334.72186	54.660934	52.57234	10617	1013.0694	10.006784	383.97797	56.535397	53.87167	10617	1238.3441	10.167189	389.2355	54.108437	51.57945	10617	1159.8572	9.951803	377.50363	2.104519	1.8656193	8582	6.4834375	0.32722804	2.7183952	2.4424381	2.2651522	9508	4.3676734	0.33843827	2.4917722	2.4712908	2.304214	8716	5.115242	0.35335898	2.7931418	4.835483	4.616283	10286	11.642338	19.48253	511.71262	3.8709276	3.6757245	10327	10.330845	13.457457	351.9315	4.661794	4.268337	10518	20.126768	16.831945	435.98026
F3_S19_subsampled_depth_9G_contig_3642	2.1175146	2.0158215	14113	2.545316	0.32055688	11.669445	2.3017282	2.238269	14781	2.5549285	0.350787	12.864661	2.7463486	2.582488	14746	4.2846317	0.4252849	15.597598	2.301424	2.1622043	14272	3.1660914	0.3526827	13.533062	2.6800754	2.5934415	14774	3.1779659	0.40703437	15.582698	2.7124512	2.6245437	15492	3.0047061	0.41334048	15.679325	0	0	0	0	0	0	0	0	0	0	0	0	0	0	0	0	0	0	0	0	0	0	0	0	0	0	0	0	0	0	0	0	0	0	0	0
F3_S19_subsampled_depth_9G_contig_3825	3.1804185	3.1040435	13553	3.5491843	0.4829907	17.582634	2.621568	2.5333805	12943	2.78157	0.3986524	14.620064	2.7245831	2.6633563	12857	2.9803345	0.41688937	15.2897	3.012132	2.9255142	13035	3.7486115	0.45941716	17.628637	3.0581768	2.9650824	13362	3.7348018	0.4624917	17.705807	3.205321	3.1156301	12977	4.3011065	0.4892797	18.55995	0	0	0	0	0	0	0	0	0	0	0	0	0	0	0	0	0	0	2.1212487	2.0167887	11808	2.6887884	6.8682775	180.39677	1.590635	1.470718	11111	1.9371339	4.7762055	124.90453	2.1753104	2.115236	12070	2.3080611	6.3346477	164.07967
F3_S19_subsampled_depth_9G_contig_4035	233.3346	231.57968	60184	1197.575	35.65467	1297.9609	231.0987	228.93378	60184	1264.8872	35.288887	1294.1737	228.01233	225.38737	60184	1379.2777	35.134842	1288.5936	239.91742	233.99837	60184	3476.684	37.000072	1419.7576	241.22339	235.2485	60184	3624.2424	36.92922	1413.7795	243.44585	237.77573	60184	3670.4207	37.454464	1420.7675	79.14122	79.94629	60160	615.90497	9.868969	81.984886	70.02434	70.255646	60118	496.69962	8.52185	62.742664	82.792984	83.71389	60157	623.38196	10.112677	79.93608	3.0057468	2.8924897	55012	4.0569854	9.843027	258.5292	3.4305894	3.3295085	57396	4.478058	10.370308	271.19815	3.632958	3.5321662	57888	4.565509	10.782112	279.27774
F3_S19_subsampled_depth_9G_contig_4409	6.7729163	6.686044	12157	7.426509	1.037864	37.78204	6.624439	6.529852	12063	10.229708	1.0048692	36.852272	7.005989	6.930314	12141	6.6366854	1.0729753	39.35209	6.454001	6.291497	12167	9.145001	0.98952323	37.96976	5.762851	5.6250463	12048	8.887021	0.88948023	34.052433	6.74347	6.5860443	12126	10.31419	1.0329778	39.184166	2.4065046	2.3235674	11057	2.7473931	0.3053729	2.536838	2.574946	2.503512	11417	2.5423822	0.3146824	2.3168683	2.7771585	2.6654344	11369	3.7146673	0.34580398	2.7334237	0	0	0	0	0	0	0	0	0	0	0	0	0	0	0	0	0	0
F3_S19_subsampled_depth_9G_contig_5051	6.0876765	5.846502	3770	12.803332	0.9482765	34.52073	13.454669	13.287395	3749	58.925724	2.1108165	77.411415	20.64441	19.9231	3827	171.13063	3.3398757	122.49217	2.2288275	2.0805187	3274	3.0144174	0.34501925	13.238997	2.8683496	2.8320265	3325	3.5734863	0.45662728	17.481297	2.927796	2.8106153	2989	5.679825	0.47108102	17.869606	100816.49	98299.4	3588	4312849400	12113.062	100627.33	132022.81	128620.28	3439	7403324400	15485.702	114014.445	138537.83	134727.53	3713	8372254000	16294.428	128800.02	0	0	0	0	0	0	0	0	0	0	0	0	0	0	0	0	0	0
F3_S19_subsampled_depth_9G_contig_5222	23.558838	22.257193	23205	272.1362	3.6382804	132.44675	22.070614	20.895378	23205	236.10329	3.4043283	124.84927	22.674864	21.769167	23205	221.09877	3.5358741	129.68053	30.932467	29.827526	23205	517.22815	4.814432	184.73817	31.445803	29.900824	23205	597.7105	4.863246	186.18213	31.00477	29.632692	23205	501.39188	4.821681	182.90172	18.270353	18.04525	22933	80.61794	2.2707057	18.86352	15.395056	15.344899	22677	56.71172	1.864439	13.72705	16.707613	16.657318	22730	70.3576	2.031554	16.058516	0	0	0	0	0	0	0	0	0	0	0	0	0	0	0	0	0	0
F3_S19_subsampled_depth_9G_contig_5505	82.74878	67.528625	56826	8623.993	12.648075	460.43643	82.593956	67.64836	56826	7878.629	12.613833	462.59595	83.75882	68.5555	56826	8555.734	12.905524	473.31866	87.13439	71.966324	56826	8188.079	13.435982	515.5623	90.33732	76.75491	56826	7121.9966	13.8373575	529.74255	87.85521	73.70939	56826	7487.3984	13.514066	512.63165	45.396465	43.977474	56826	410.2736	5.6647186	47.058773	40.39881	39.444206	56826	297.57452	4.933991	36.3268	44.10135	42.474827	56826	388.8703	5.3884625	42.593357	137.02678	128.62845	56826	2691.0784	441.14624	11586.797	137.45224	129.03291	56826	2222.0593	417.1509	10909.084	179.61174	166.78767	56826	4754.031	532.1747	13784.366
F3_S19_subsampled_depth_9G_contig_5642	70.335	69.153755	35610	770.9039	10.732516	390.70285	70.00429	68.25738	35610	840.6678	10.676241	391.53726	70.265144	68.98223	35610	874.20447	10.815782	396.676	62.56145	61.42696	35610	684.91003	9.635405	369.72733	64.53641	63.326786	35610	652.19055	9.872142	377.94022	64.10666	62.960518	35610	726.57935	9.849355	373.61743	4.514777	4.4151783	34846	6.175167	0.5654395	4.697302	3.8808517	3.7601366	33555	5.9865637	0.47174	3.473215	5.2112803	5.0926237	35057	7.515132	0.63520014	5.0209665	0	0	0	0	0	0	0	0	0	0	0	0	0	0	0	0	0	0
F3_S19_subsampled_depth_9G_contig_5801	2365.2188	2357.1733	42821	170668.81	361.4349	13157.557	2365.2085	2354.984	42821	183232.27	361.1522	13244.79	2240.09	2230.5269	42821	146795.42	345.07785	12655.96	2114.3027	2102.6384	42821	132411.63	325.8606	12503.845	2140.0735	2128.718	42821	127346.484	327.56708	12540.417	2172.675	2161.009	42821	140134.13	334.146	12675.226	91.27503	83.85846	42821	4422.2056	11.362492	94.39211	85.87	78.642494	42821	3922.7827	10.422987	76.739876	114.29742	105.50155	42821	6386.4854	13.916127	110.00062	3.9630427	3.6887906	40339	9.190033	13.573338	356.50656	3.8516557	3.6440568	40568	7.809257	12.138976	317.45126	4.8109255	4.563234	41641	10.307676	14.76149	382.3515
F3_S19_subsampled_depth_9G_contig_5922	6.79713	6.728581	13740	6.5092125	1.0349796	37.677044	6.94415	6.8923316	13740	8.146338	1.0591972	38.844692	6.7888155	6.7439504	13642	7.5784736	1.0619577	38.948	6.9561443	6.846223	13719	8.894096	1.0860374	41.67316	6.5917587	6.537279	13714	7.7553215	1.0210123	39.08791	6.315894	6.2138653	13726	7.8339005	0.9690234	36.75813	0	0	0	0	0	0	0	0	0	0	0	0	0	0	0	0	0	0	409.5083	407.22662	13740	2176.9207	1311.2518	34440.31	402.20465	402.1918	13740	838.2733	1223.2805	31990.518	425.09818	425.03	13740	1150.1079	1259.4093	32621.16
F3_S19_subsampled_depth_9G_contig_6230	136.55217	133.89928	32249	966.2349	20.83515	758.4757	134.23608	131.38968	32249	954.23566	20.47377	750.84875	132.30954	129.20033	32249	1105.6439	20.35339	746.4742	117.126175	113.91246	32249	968.5578	18.029404	691.8201	115.94255	112.96933	32249	952.6047	17.72121	678.43005	118.597275	115.74044	32249	821.92084	18.212591	690.8618	5.810804	5.442387	30279	21.679855	0.7222533	6.000005	5.507243	5.234329	30142	17.130632	0.6679573	4.9178786	8.175675	7.7614484	31076	37.06918	0.9936513	7.8543563	0	0	0	0	0	0	0	0	0	0	0	0	0	0	0	0	0	0
F3_S19_subsampled_depth_9G_contig_6498	22.680635	21.592478	13323	228.56221	3.7651691	137.06598	22.671526	21.810661	13323	255.65791	3.7257223	136.63596	25.683292	24.599224	13323	337.83893	4.2885027	157.28366	27.126394	26.106182	13323	360.46057	4.535859	174.04884	27.203218	26.007254	13323	367.18774	4.531744	173.49101	27.330828	26.07658	13323	378.68317	4.537932	172.13828	0	0	0	0	0	0	0	0	0	0	0	0	0	0	0	0	0	0	0	0	0	0	0	0	0	0	0	0	0	0	2.40955	2.0997722	10081	7.8147187	8.233877	213.2735
F3_S19_subsampled_depth_9G_contig_7031	57.877556	57.765057	21599	185.05006	8.80595	320.5687	61.446423	61.296047	21604	174.87405	9.3518095	342.96542	63.50156	63.375847	21594	213.72406	9.740742	357.24814	59.00988	58.999947	21601	184.5241	9.060484	347.66672	64.0344	63.996273	21601	190.2573	9.760162	373.65326	63.17828	62.964993	21602	196.3095	9.679093	367.15897	33.169846	32.624878	21602	103.51958	4.1281786	34.294186	29.423025	28.962664	21567	69.99238	3.566872	26.26131	33.08287	32.61602	21571	91.032906	4.026036	31.82398	0	0	0	0	0	0	0	0	0	0	0	0	0	0	0	0	0	0
F3_S19_subsampled_depth_9G_contig_7721	5.0176764	4.8795276	17705	9.876719	0.76157784	27.724222	4.6221366	4.4401617	17818	8.742612	0.7044244	25.833832	4.832544	4.638583	18071	7.576615	0.73862416	27.089533	4.1444383	3.9773006	17364	7.061409	0.633727	24.317223	4.9446588	4.7658467	18115	8.054374	0.7535965	28.850302	4.2286344	4.088412	17310	6.9712386	0.64749247	24.561455	0	0	0	0	0	0	0	0	0	0	0	0	0	0	0	0	0	0	0	0	0	0	0	0	0	0	0	0	0	0	0	0	0	0	0	0
F3_S19_subsampled_depth_9G_contig_7755	143.91434	142.5882	11065	561.5245	22.519926	819.80786	146.45003	145.0802	11065	481.43906	22.874748	838.90137	137.8972	135.89548	11065	596.8578	21.80974	799.8866	134.28474	133.13649	11065	495.0964	21.241873	815.08795	137.65213	136.80641	11065	495.68848	21.551289	825.05896	131.98836	130.43695	11065	498.0988	20.792816	788.7377	93.70829	93.12611	11065	259.56863	12.003796	99.71962	78.988	78.738525	11065	206.99835	9.832729	72.394066	107.41548	106.50025	11065	446.28348	13.416542	106.05161	0	0	0	0	0	0	0	0	0	0	0	0	0	0	0	0	0	0
F3_S19_subsampled_depth_9G_contig_8156	5.496638	5.3564982	14396	7.7925634	0.84220535	30.659365	5.6225133	5.471673	14065	10.666531	0.86380005	31.678726	5.9226675	5.760934	14324	8.624772	0.9197999	33.734276	5.4420705	5.2188325	14296	11.061231	0.84456664	32.40752	5.5917625	5.3532295	13876	13.441876	0.86866695	33.255615	5.5587	5.3823347	13947	12.441177	0.86355394	32.75737	2.5601008	2.4576654	12508	3.4406612	0.31592447	2.6244922	2.4561503	2.26786	11760	5.1676044	0.2971235	2.1875901	2.729266	2.5408561	12473	5.162915	0.32856244	2.5971363	0	0	0	0	0	0	0	0	0	0	0	0	0	0	0	0	0	0
F3_S19_subsampled_depth_9G_contig_8165	45.743523	45.53109	31030	92.02662	7.0841546	257.88922	43.55518	43.431816	31030	66.789276	6.750628	247.57034	45.108517	45.011948	31030	75.510216	7.051237	258.60886	46.246277	46.094704	31030	89.82953	7.2268786	277.30792	42.804047	42.61827	31030	76.82671	6.6375027	254.10686	45.860912	45.79379	31030	86.38252	7.1496077	271.2075	0	0	0	0	0	0	0	0	0	0	0	0	0	0	0	0	0	0	0	0	0	0	0	0	1.7911917	1.6860967	24523	2.2367175	5.5107894	144.11484	2.0259392	1.9283247	25904	2.4316921	6.01569	155.81816
F3_S19_subsampled_depth_9G_contig_8299	31.822582	9.295105	13063	20977.941	8.398918	305.75143	31.01363	8.987267	13014	20473.795	8.2052	300.91504	32.15984	9.518885	13027	20820.453	8.579015	314.641	31.542398	9.275145	13063	21695.584	8.587846	329.5309	30.187485	9.176289	13063	19163.467	8.138215	311.5595	31.340431	9.953712	12992	20282.883	8.364888	317.30685	5.588012	4.4127164	12225	66.63478	0.8493425	7.055777	4.017502	2.7873182	11522	64.77586	0.62134403	4.5746818	5.3459306	3.8295622	12235	105.93539	0.8391662	6.6332283	374.393	321.64243	13063	175351.45	1429.5507	37547.45	390.56198	337.87997	13063	177543.67	1432.7208	37467.67	461.05026	401.95328	13063	233066.4	1621.9868	42012.63
F3_S19_subsampled_depth_9G_contig_8874	316.59744	316.20474	42987	5735.449	48.3446	1759.921	308.11316	308.08832	42987	5235.9697	47.0091	1723.9974	301.0721	300.0227	42987	5424.2046	46.335865	1699.3984	300.7837	300.2405	42987	4332.828	46.349926	1778.528	299.00208	299.4791	42987	4186.499	45.758873	1751.8096	308.49652	307.4582	42987	4743.1597	47.410297	1798.4238	0	0	0	0	0	0	0	0	0	0	0	0	0	0	0	0	0	0	52.139996	46.838802	42987	1010.4277	164.46472	4319.7007	76.33105	70.06271	42987	1503.3617	232.37724	6076.993	59.683006	54.762238	42987	896.38696	176.95804	4583.5586
F3_S19_subsampled_depth_9G_contig_8993	4.6274467	4.544511	18958	5.5570107	0.704373	25.641764	4.854518	4.768138	18817	5.694588	0.7371158	27.032757	4.4466777	4.372441	18817	5.3328867	0.6836609	25.073706	4.321188	4.2926407	18536	5.3227563	0.66470796	25.506016	3.82847	3.756423	18558	4.8353696	0.58105135	22.244684	3.704129	3.6240792	18586	4.2625303	0.56608325	21.473343	0	0	0	0	0	0	0	0	0	0	0	0	0	0	0	0	0	0	0	0	0	0	0	0	0	0	0	0	0	0	0	0	0	0	0	0
F3_S19_subsampled_depth_9G_contig_9192	6.6677337	5.2552805	14991	84.00693	1.0807903	39.344734	6.725746	5.0037017	14453	108.38408	1.1051557	40.53015	6.8308616	5.108006	14135	112.193985	1.1225861	41.17159	9.350624	7.3772955	15288	145.66203	1.5164104	58.187355	8.858104	7.191116	15327	112.55663	1.4277122	54.657845	10.160123	8.1332655	15353	155.64775	1.6478611	62.50861	0	0	0	0	0	0	0	0	0	0	0	0	0	0	0	0	0	0	38.996212	32.15729	15455	4197.481	128.73338	3381.2095	42.118378	34.93395	15445	4614.1973	133.16606	3482.481	48.272034	39.282356	15409	7099.544	148.06622	3835.2034
F3_S19_subsampled_depth_9G_contig_9885	249.77011	247.24944	20542	2649.9683	38.332516	1395.4442	252.18747	250.1342	20542	3220.2803	38.67927	1418.5118	249.86891	247.43233	20542	3518.3774	38.659676	1417.8695	229.78148	227.6228	20542	2805.2588	35.57094	1364.9197	233.44527	231.53459	20542	2860.014	35.898018	1374.3019	226.18248	223.57965	20542	3135.5205	34.986794	1327.1608	104.57091	103.09567	20542	1182.9706	13.057231	108.47094	83.79786	82.40035	20542	820.8529	10.2163725	75.218636	105.80139	104.17544	20542	1122.3536	12.946333	102.33491	0	0	0	0	0	0	0	0	0	0	0	0	1.8468027	1.6829029	16594	2.891345	5.706343	147.80534
F3_S19_subsampled_depth_9G_contig_9915	8.386215	8.251795	23507	11.611014	1.2765795	46.47217	6.891841	6.8181777	23407	6.753236	1.0604663	38.891212	7.2817354	7.151828	23483	8.948218	1.1242307	41.231907	7.406794	7.356515	23330	9.669358	1.1385016	43.686302	7.2324476	7.1464562	23424	8.4635515	1.1075677	42.401573	7.962136	7.890954	23423	8.521623	1.221609	46.339535	4.234159	4.106812	22451	7.3492827	0.5296299	4.3998146	4.164463	4.005609	22628	6.77254	0.50633216	3.7279007	4.718008	4.581404	22369	9.023548	0.57882106	4.5753193	3.5500364	3.4479725	21764	5.3329077	11.566202	303.78867	3.4868438	3.4043353	22360	4.167944	10.740309	280.8742	4.30501	4.2247467	22833	5.5095224	12.956308	335.5938
F3_S19_subsampled_depth_9G_contig_9988	31.099245	27.729204	18448	3145.2192	6.4299765	234.07477	32.03339	28.70425	18448	3326.9534	6.6612887	244.29408	34.507324	30.908682	18448	3815.8757	7.1662617	262.82742	39.671547	35.605526	18448	5192.098	8.327781	319.55164	39.01858	34.91117	18448	5069.948	8.102683	310.19894	40.053722	35.674133	18448	5374.1577	8.388326	318.19595	0	0	0	0	0	0	0	0	0	0	0	0	0	0	0	0	0	0	2.7666957	2.3942926	14662	25.76078	13.706714	360.00977	0	0	0	0	0	0	2.884632	2.5003035	15576	28.578096	11.413331	295.62775
F3_S19_subsampled_depth_9G_contig_10027	7.6215315	7.4482946	36475	16.931074	1.1703756	42.605953	7.1318	6.8723755	36612	15.47628	1.0980902	40.271008	7.258302	7.0519786	36432	14.164987	1.1243579	41.236584	7.4934726	7.239774	36672	17.004902	1.1595336	44.493336	7.872815	7.665979	36632	17.224594	1.2104896	46.34179	8.015321	7.777188	36353	21.377754	1.2413476	47.08827	0	0	0	0	0	0	0	0	0	0	0	0	0	0	0	0	0	0	0	0	0	0	0	0	0	0	0	0	0	0	0	0	0	0	0	0
F3_S19_subsampled_depth_9G_contig_10100	16.956902	14.496763	23492	1664.4904	3.770144	137.24701	16.646088	14.071782	23492	2089.996	3.7659535	138.1115	18.54177	15.70316	23492	2467.411	4.260927	156.27235	20.958616	17.63333	23492	3386.7947	4.831681	185.40004	20.842602	17.516422	23492	3359.051	4.7910843	183.41943	21.421387	18.310453	23492	2974.47	4.846557	183.84535	0	0	0	0	0	0	0	0	0	0	0	0	0	0	0	0	0	0	0	0	0	0	0	0	0	0	0	0	0	0	0	0	0	0	0	0
F3_S19_subsampled_depth_9G_contig_10171	203.95137	201.00888	40697	6718.193	31.122158	1132.9609	204.08156	201.2547	40697	6832.863	31.110897	1140.9515	205.63676	202.4054	40697	6815.419	31.636011	1160.2714	295.6702	293.71768	40697	12622.209	45.528015	1746.9896	304.4375	302.9728	40697	13056.385	46.564297	1782.644	303.9013	301.7383	40697	12907.7705	46.700066	1771.4827	121.018105	113.85296	40697	4802.0425	15.077368	125.252846	101.93385	95.63834	40697	3315.3984	12.395767	91.26462	114.38829	107.42767	40697	4231.134	13.958456	110.33525	9.999235	9.737566	40485	25.097149	32.64711	857.4831	8.200558	8.023457	40028	18.080433	24.976624	653.17413	12.055195	11.942153	40237	31.074299	35.82445	927.92365
F3_S19_subsampled_depth_9G_contig_10478	5.0567694	4.9620266	12147	6.497481	0.7749234	28.210058	3.9342933	3.797168	11820	5.9185505	0.6107659	22.39904	3.8347402	3.7075212	11364	5.557476	0.6010825	22.04511	4.2476	4.209912	11990	4.3409076	0.6601328	25.330463	4.311569	4.247701	11847	4.9232755	0.66655374	25.51801	4.324727	4.116403	11866	8.028947	0.69273275	26.277569	0	0	0	0	0	0	0	0	0	0	0	0	0	0	0	0	0	0	6.246359	5.916789	11912	18.609417	21.8373	573.56116	6.5970707	6.1930857	12165	19.285702	21.614954	565.26166	8.980719	8.602612	12077	28.081814	28.74441	744.5364
F3_S19_subsampled_depth_9G_contig_11040	9.084778	8.912762	12146	12.864594	1.3962535	50.828735	8.813771	8.658177	12146	13.643018	1.3704561	50.25971	8.636462	8.511577	12146	12.063995	1.3636667	50.01337	7.47049	7.409335	12035	10.233144	1.176977	45.16268	7.598116	7.475736	12125	11.266986	1.1891446	45.524624	7.5155053	7.4455457	12113	12.040694	1.1934223	45.27031	0	0	0	0	0	0	0	0	0	0	0	0	0	0	0	0	0	0	5.193981	5.0208373	11658	10.349281	17.986298	472.41403	3.998166	3.8947954	11586	5.5389705	13.145093	343.7626	5.5486827	5.38822	12119	9.709593	17.225927	446.18518
F3_S19_subsampled_depth_9G_contig_11088	5.7746816	5.5943003	30086	9.85477	0.88208354	32.111073	4.8886647	4.6009927	29536	10.739109	0.7503437	27.517862	5.4419327	5.2887297	29925	9.5390835	0.84188277	30.876617	5.24276	5.131973	30192	7.4108815	0.8162412	31.320618	4.6351814	4.4947968	29530	7.534971	0.7176591	27.474491	5.068443	4.813091	29894	10.389702	0.78163445	29.64989	2.6437862	2.3996692	25371	5.6993804	0.33093932	2.7492247	2.2351482	1.9783784	22980	5.366594	0.27330852	2.0122507	2.2744331	2.1172273	25004	3.7122	0.27904344	2.2057106	2.161079	2.0100753	0	3.8469925	0	0	0	0	0	0	0	0	2.48327	2.3862474	26412	3.4548652	7.414797	192.05775
F3_S19_subsampled_depth_9G_contig_11999	5.6551905	5.5456476	16987	9.842967	0.8606575	31.331102	4.9662657	4.875402	16845	7.841289	0.7544121	27.667091	5.2774563	5.1156616	17142	9.30482	0.81308746	29.82052	5.179204	5.0692425	17032	8.648805	0.79744405	30.599339	5.008911	4.91462	16980	6.86619	0.76512384	29.291607	5.177873	4.9776263	17080	9.997524	0.7956696	30.18228	7.1756163	7.0111227	16694	23.103987	0.90005994	7.4771028	5.717741	5.3916035	16175	19.448246	0.69162285	5.0921135	6.420727	6.1490293	16435	22.868002	0.7831694	6.190595	0	0	0	0	0	0	0	0	0	0	0	0	0	0	0	0	0	0
F3_S19_subsampled_depth_9G_contig_12175	2.185376	2.0699005	9368	3.079317	0.33652583	12.250776	1.7754016	1.662033	9137	2.1628096	0.26979667	9.89444	1.9942319	1.8788327	9244	2.6294484	0.30472386	11.175946	1.9611323	1.8753821	9952	1.9498559	0.30078363	11.5416	2.1411839	2.0590556	9655	2.2866857	0.32276934	12.356744	1.9907712	1.8685793	9285	2.677231	0.30214214	11.461223	1.662703	1.5158237	9219	2.1896462	0.20283037	1.6849806	0	0	0	0	0	0	0	0	0	0	0	0	0	0	0	0	0	0	0	0	0	0	0	0	0	0	0	0	0	0
F3_S19_subsampled_depth_9G_contig_12212	6.2739277	5.97073	14894	16.714647	0.95124507	34.628815	5.853865	5.4090405	14645	21.15854	0.8881858	32.573044	6.5048356	6.0426826	14520	24.644735	1.0079924	36.968784	5.309878	4.9498334	14851	15.394097	0.8199029	31.46111	5.894751	5.543757	14843	17.483852	0.89903355	34.418167	4.973254	4.690404	14508	14.304181	0.7706758	29.234201	2.2888014	2.123379	12945	3.6995392	0.29109815	2.418252	0	0	0	0	0	0	2.5986128	2.4119303	12180	5.4946938	0.32025656	2.5314825	0	0	0	0	0	0	0	0	0	0	0	0	0	0	0	0	0	0
F3_S19_subsampled_depth_9G_contig_12319	30.330132	30.165802	38883	58.725655	4.6337442	168.68523	28.332327	28.204498	38883	53.68597	4.33356	158.92761	28.8185	28.616821	38883	60.14262	4.433934	162.61752	29.542612	29.348843	38883	62.133533	4.552129	174.67323	29.266672	28.941854	38883	58.35281	4.4859166	171.73654	30.09124	29.727432	38883	66.853455	4.624776	175.43248	15.055586	13.277703	38800	186.34853	1.8854684	15.663229	11.669843	10.632426	38583	91.824844	1.4255617	10.495787	13.629489	12.443533	38855	112.67302	1.670361	13.203442	3.9477706	3.7919452	36969	6.4333205	13.006273	341.61252	3.4114838	3.3388314	36806	4.1259875	10.498735	274.55673	4.228281	4.10539	38257	5.4485583	12.764031	330.61346
F3_S19_subsampled_depth_9G_contig_12888	11.1664095	11.011437	40949	17.322239	1.7131749	62.365818	10.375266	10.137434	40953	18.180384	1.5876455	58.224823	10.939367	10.645971	40920	24.468555	1.6880054	61.9087	9.671176	9.527054	40953	17.178013	1.4982915	57.492065	11.35691	11.23454	40953	19.591135	1.7403433	66.62643	10.274931	10.043461	40953	18.119497	1.5797698	59.925735	4.520942	4.1473193	38981	13.193344	0.56373125	4.6831093	3.526579	3.212537	37030	10.039163	0.43157184	3.1774745	4.626179	4.3684883	39064	10.969539	0.5693087	4.5001264	13.178884	10.068485	40845	5499.228	60.926132	1600.2379	12.75813	9.474226	40858	6300.685	60.05208	1570.4468	13.959219	10.614764	40882	6555.7676	62.732944	1624.9055
F3_S19_subsampled_depth_9G_contig_12912	14.342476	14.184167	42828	18.456036	2.1896293	79.71052	13.744467	13.607177	42845	18.4536	2.0976133	76.92724	15.038974	14.909022	42845	21.983347	2.318949	85.049	13.773299	13.694928	42842	17.909086	2.124901	81.53624	13.759527	13.662555	42843	17.993254	2.1075907	80.685974	13.789296	13.654254	42823	18.719786	2.1217942	80.48646	5.3057265	4.778411	41619	19.36568	0.6604681	5.4867344	4.298911	3.9296849	40071	13.355442	0.5236246	3.8552163	5.0759573	4.7457776	41516	13.598228	0.6180627	4.8855023	0	0	0	0	0	0	0	0	0	0	0	0	0	0	0	0	0	0
F3_S19_subsampled_depth_9G_contig_12957	19.852648	19.656492	34951	36.736683	3.025871	110.15283	20.332146	20.149708	34951	34.53694	3.1015728	113.74618	19.243614	18.963985	34951	33.57911	2.956864	108.44497	17.856325	17.622362	34919	35.0624	2.7449307	105.32783	17.494326	17.351618	34951	26.733994	2.6712673	102.26545	17.723974	17.532997	34935	28.698347	2.7176228	103.08807	2.6637454	2.5094028	30846	4.1319866	0.33133814	2.7525406	2.4949284	2.3884294	30727	3.3734298	0.3026798	2.2284973	3.3096175	3.1818588	32653	4.6906	0.40317652	3.186925	0	0	0	0	0	0	0	0	0	0	0	0	0	0	0	0	0	0
F3_S19_subsampled_depth_9G_contig_12981	298.9466	297.3954	37683	1681.6217	45.606796	1660.2543	286.97015	286.06442	37683	1375.7749	43.745518	1604.3102	292.78427	291.27765	37683	1773.7201	45.0169	1651.0247	256.7955	255.25938	37683	1627.6023	39.52465	1516.6302	242.2725	240.99411	37683	1125.8906	37.041767	1418.0885	253.13788	251.89932	37683	1450.6593	38.871994	1474.5386	122.99827	118.87298	37683	2501.61	15.309802	127.1838	97.04825	94.35908	37683	1416.1283	11.805902	86.92169	116.48312	112.42719	37683	2272.532	14.217248	112.380905	0	0	0	0	0	0	0	0	0	0	0	0	1.8135507	1.7161126	30074	2.1438031	5.3292384	138.03775
F3_S19_subsampled_depth_9G_contig_12994	9.950825	9.797592	12107	11.353083	1.5096754	54.95771	8.961244	8.83037	12148	10.029924	1.3664454	50.112583	10.328054	10.25037	12144	12.67507	1.5830443	58.0592	11.442657	11.40287	12148	15.061776	1.7537127	67.29303	9.091099	8.901018	12072	13.627193	1.3823662	52.921814	10.090265	10.0002775	12145	13.650683	1.5420443	58.494644	4.7643776	4.6669445	11796	7.328241	0.5950391	4.943195	3.1507752	3.0675	11156	3.7968035	0.39037645	2.87417	4.126021	4.0808334	11632	4.9703636	0.5001467	3.9534316	0	0	0	0	0	0	0	0	0	0	0	0	0	0	0	0	0	0
F3_S19_subsampled_depth_9G_contig_13164	88.64715	74.624374	54966	7317.1387	13.54997	493.2686	89.00553	74.57236	54966	7302.647	13.590712	498.42148	87.50628	73.26145	54966	7411.7515	13.482351	494.47415	77.46627	65.7518	54966	5031.5137	11.945108	458.3547	79.04238	68.18194	54966	4644.0225	12.107061	463.50076	77.88346	66.49141	54966	4950.978	11.979191	454.40887	62.904243	61.160694	54966	629.2767	7.8586097	65.28419	48.578007	47.586224	54966	337.37115	5.912618	43.532005	58.7575	57.510582	54966	441.6746	7.1825805	56.775032	0	0	0	0	0	0	0	0	0	0	0	0	0	0	0	0	0	0
F3_S19_subsampled_depth_9G_contig_1077|provirus_45967_61108	15.691169	15.668816	15142	31.09374	2.3965056	87.24159	17.386673	17.334223	15142	42.05053	2.6647332	97.72561	17.755869	17.796576	15142	36.475517	2.7346282	100.29434	19.44597	19.491108	15142	44.100876	3.0085526	115.443474	19.398746	19.381355	15077	42.51274	2.9771996	113.977684	21.046825	21.018156	15095	53.9435	3.2342994	122.6873	0	0	0	0	0	0	0	0	0	0	0	0	0	0	0	0	0	0	1.6390742	1.5145249	11570	2.2396126	5.281241	138.71289	0	0	0	0	0	0	1.9334311	1.8306655	11649	2.7867095	5.6672616	146.79309
F3_S19_subsampled_depth_9G_contig_1476|provirus_293_15459	32.61084	32.466377	15167	56.04462	5.046062	183.69516	33.727043	33.177185	15167	70.33591	5.231246	191.84906	37.0285	36.735	15167	82.48335	5.775314	211.81348	37.42918	36.843307	15167	95.860214	5.846526	224.34155	39.95825	39.64541	15167	88.75213	6.199743	237.3479	38.565693	38.091885	15167	104.2211	6.019774	228.3493	0	0	0	0	0	0	0	0	0	0	0	0	0	0	0	0	0	0	6.7975626	6.6448917	15115	10.753234	24.50698	643.6808	6.139375	6.0602946	15125	7.229709	18.631277	487.23416	7.716388	7.6229935	15167	7.5589457	22.923325	593.759
F3_S19_subsampled_depth_9G_contig_2130|provirus_57942_76953	12.201145	12.139137	19012	13.861983	1.8723736	68.16129	12.541353	12.3922	19012	16.447763	1.9203597	70.42671	12.318683	12.278216	19012	13.215498	1.9058841	69.89958	11.825204	11.815328	19012	15.214292	1.829761	70.21118	11.566642	11.390669	19012	18.90121	1.7883763	68.46528	10.91968	10.810085	18999	13.010312	1.6856266	63.94118	3.4807549	3.3002474	16169	8.76987	0.4381738	3.6400616	3.2509809	3.0905986	17770	5.3435054	0.3981396	2.9313278	4.640282	4.405926	17942	11.443206	0.5765847	4.557638	16.132542	16.053488	19004	23.368061	53.881844	1415.2183	16.399693	16.017437	19006	37.134403	50.74508	1327.055	17.43675	17.11257	19012	36.24813	52.60506	1362.5735
F3_S19_subsampled_depth_9G_contig_2183|provirus_47329_90805	23.977081	23.861034	43477	35.77473	3.6635492	133.36658	23.263716	23.254032	43477	27.269146	3.5610118	130.59546	22.162462	22.058239	43477	29.51611	3.420123	125.435265	24.039951	23.939274	43477	29.844736	3.7172327	142.63675	21.520437	21.455828	43477	25.904352	3.298224	126.26761	23.442657	23.346506	43477	31.06008	3.6098998	136.93506	0	0	0	0	0	0	0	0	0	0	0	0	0	0	0	0	0	0	0	0	0	0	0	0	2.4017127	2.2815232	38859	3.0415268	7.2924232	190.70712	2.0219262	1.9340684	36791	2.2715962	5.972185	154.69125
F3_S19_subsampled_depth_9G_contig_3142|provirus_7138_34158	41.80317	41.75807	27013	174.41936	6.381787	232.32053	35.719288	35.744263	27013	122.55266	5.4463596	199.73817	39.34502	39.277405	27002	147.45769	6.053305	222.0091	33.621674	33.745296	26994	113.417564	5.18404	198.92076	31.662388	31.616621	27009	108.65061	4.855891	185.90056	32.00134	31.873806	27019	111.3738	4.9197073	186.62015	7.907633	7.797519	26529	16.647957	0.9884938	8.211756	7.14551	7.01534	26454	14.750321	0.8734698	6.4309726	9.359123	9.146785	26906	23.101246	1.1459432	9.058156	0	0	0	0	0	0	0	0	0	0	0	0	0	0	0	0	0	0
F3_S19_subsampled_depth_9G_contig_3584|provirus_53451_65000	24.744562	24.580896	11550	36.277767	3.7833195	137.72664	25.816668	25.771442	11550	40.45923	3.9532762	144.98123	29.36044	29.197077	11550	49.1408	4.525041	165.95886	31.70579	31.589571	11550	51.125275	4.9026217	188.12221	31.395	31.344152	11550	52.997807	4.8105607	184.16508	32.764122	32.515594	11550	67.39459	5.0300436	190.80573	0	0	0	0	0	0	0	0	0	0	0	0	0	0	0	0	0	0	2.1419299	2.0462964	9548	2.6435966	8.045398	211.3141	0	0	0	0	0	0	2.4577193	2.3934698	9838	2.8644283	7.161671	185.5012
F3_S19_subsampled_depth_9G_contig_4061|provirus_26296_56056	35.877274	35.315334	29754	122.28815	5.590889	203.52892	32.626053	32.036022	29760	110.2	5.08553	186.5052	34.20634	33.654648	29761	109.39014	5.382975	197.42415	30.536118	29.95955	29761	83.929214	4.7917585	183.86815	27.39384	26.864883	29761	85.53543	4.2989135	164.57741	29.221169	28.932573	29761	80.178925	4.5865846	173.98378	3.9634595	3.7221117	27976	8.916867	0.5002074	4.1553965	3.904934	3.72335	28576	6.737365	0.4780377	3.51958	4.9420824	4.766763	29200	8.4741535	0.61245745	4.8412	0	0	0	0	0	0	0	0	0	0	0	0	0	0	0	0	0	0
F3_S19_subsampled_depth_9G_contig_4219|provirus_160257_185399	30.940344	29.292154	25140	201.47403	4.7434483	172.6789	28.548073	27.05908	25140	194.4243	4.3827853	160.73293	28.852238	27.325983	25142	181.83519	4.4719734	164.01256	28.584244	26.519403	25143	228.8137	4.423957	169.75502	27.46865	25.657434	25138	213.21327	4.226362	161.79996	25.791021	24.349989	25142	158.2664	3.9821873	151.05711	5.7993836	5.512069	24262	16.61252	0.7228282	6.004779	5.1517224	4.961236	24130	12.422	0.62750053	4.620012	6.6132116	6.232096	24848	21.029524	0.80865085	6.392017	0	0	0	0	0	0	0	0	0	0	0	0	0	0	0	0	0	0
F3_S19_subsampled_depth_9G_contig_4407|provirus_17236_70027	33.819214	33.76527	52792	44.766094	5.1777587	188.48946	33.125927	32.99546	52792	42.51971	5.078843	186.25992	32.373734	32.32813	52792	39.158867	5.0045013	183.54333	33.102028	32.95616	52792	44.84079	5.1168823	196.34375	32.302628	32.19775	52792	49.68648	4.964759	190.06837	32.443222	32.30664	52792	42.77134	5.0050535	189.85768	31.496695	30.383722	52792	191.62158	3.9495912	32.810616	22.71576	21.953861	52792	109.4978	2.7864504	20.515406	27.300007	26.37549	52792	136.16136	3.3531826	26.505371	0	0	0	0	0	0	0	0	0	0	0	0	0	0	0	0	0	0
F3_S19_subsampled_depth_9G_contig_6271|provirus_100851_114847	28.922728	28.769318	13997	41.466507	4.4337993	161.4065	26.387955	26.182621	13997	36.74043	4.0522294	148.61029	26.582003	26.549788	13997	40.293262	4.123431	151.2295	24.019281	23.86143	13997	26.95189	3.722219	142.82814	22.034086	21.933804	13997	24.737541	3.370508	129.03485	23.14523	23.083527	13997	32.470966	3.5815916	135.86113	0	0	0	0	0	0	0	0	0	0	0	0	0	0	0	0	0	0	2.129992	1.9821873	11566	3.1235023	6.7984643	178.56311	2.285766	2.1207573	11768	3.7934585	6.8699746	179.65955	3.1102767	2.9902914	13163	4.5317497	9.196292	238.20189
F3_S19_subsampled_depth_9G_contig_6748|provirus_8952_26046	22.218826	22.013441	17095	78.28438	3.4808831	126.71696	23.343346	23.343388	17095	76.93957	3.6527548	133.96007	23.387312	23.04144	17095	73.95284	3.7167747	136.31512	25.18867	25.060652	17095	92.29981	3.9572184	151.84546	25.415167	25.284046	17095	66.952576	4.00614	153.36906	26.775864	26.564684	17095	88.13757	4.2301526	160.46321	5.861434	5.6545143	16471	16.742601	0.7582802	6.299295	5.5739746	5.3707952	15683	15.886184	0.6988553	5.1453667	6.0213633	5.8461084	16570	15.505684	0.75364643	5.957231	2.1628208	2.0748804	14289	2.6848314	7.918441	207.97946	1.9146061	1.7900466	13836	2.6380687	6.022974	157.50926	2.1787548	2.0303586	13565	3.5723293	6.9087095	178.94907
F3_S19_subsampled_depth_9G_contig_7467|provirus_2_39110	44.77112	44.083103	39109	326.03296	6.9692874	253.70755	46.364384	45.28396	39109	396.48965	7.207317	264.31903	47.942196	46.98959	39109	461.1752	7.5336337	276.30112	50.63233	49.54824	39109	451.47083	7.9841294	306.36523	52.34621	51.486526	39109	471.20428	8.182546	313.25653	50.438972	49.59538	39109	450.49808	7.916037	300.28064	2.4388459	2.2309995	33678	4.5060334	0.30661803	2.54718	0	0	0	0	0	0	2.3040888	2.0929418	31562	4.7201204	0.2835698	2.2414906	3.9300034	3.6035933	34206	11.827818	14.221939	373.54208	3.1317797	2.890318	34167	7.3390694	9.753793	255.0756	4.5001154	4.1972623	36515	11.681343	13.674276	354.19043
F3_S19_subsampled_depth_9G_contig_7916|provirus_54226_83619	356.36414	356.42648	29394	4831.421	54.670986	1990.2247	333.94604	334.25336	29394	4276.4707	51.18286	1877.0646	337.92444	338.483	29394	3865.455	52.225014	1915.3873	339.11844	339.857	29394	3280.992	52.486347	2013.9932	315.21432	315.76132	29394	3434.9658	48.427048	1853.9572	330.9548	331.38458	29394	3893.0398	51.079994	1937.6272	3.6214266	3.2264438	26833	11.352112	0.45371053	3.7691293	3.9208043	3.5411854	26965	11.702102	0.48400623	3.563527	5.0357	4.6965427	27498	16.190498	0.6188591	4.8918004	1.9878608	1.8426292	24189	2.863273	6.2618794	164.4696	2.2611134	2.1035714	24822	3.5542912	6.959405	181.99832	2.273663	2.1595745	24721	3.097797	6.847112	177.35355
F3_S19_subsampled_depth_9G_contig_8327|provirus_3319_18567	36.6464	32.70473	15249	2940.3745	6.5369797	237.97006	36.396782	32.258774	15249	3194.601	6.5178404	239.03342	43.01881	38.29306	15249	4093.9731	7.717325	283.038	48.75667	43.728348	15249	4712.8223	8.677736	332.97998	43.88953	38.890812	15249	4458.0645	7.899101	302.40524	47.46864	42.610256	15249	4391.4775	8.498984	322.3935	0	0	0	0	0	0	0	0	0	0	0	0	0	0	0	0	0	0	2.8476057	2.2869546	12862	37.442333	11.748142	308.56735	2.1839857	1.6798617	11660	33.623585	8.536794	223.24922	3.4231405	2.8530645	14217	47.910423	12.154229	314.8184
F3_S19_subsampled_depth_9G_contig_8641|provirus_45798_76332	38.695835	39.02055	30528	137.21446	5.9058433	214.99438	38.355373	38.860897	30529	109.19444	5.8398237	214.16786	39.450947	39.83029	30529	140.12534	6.0670094	222.51166	35.977356	36.258675	30525	118.39968	5.533675	212.33688	34.880993	35.28888	30535	99.757835	5.3321085	204.13171	35.584267	35.988518	30535	115.275406	5.4735875	207.63068	18.04736	17.58255	30329	88.26162	2.2467892	18.664852	15.348264	15.032143	30122	70.55011	1.8690577	13.76105	17.805298	17.432625	30387	82.1645	2.1629827	17.097395	0	0	0	0	0	0	0	0	0	0	0	0	0	0	0	0	0	0
F3_S19_subsampled_depth_9G_contig_10506|provirus_72756_93107	10.233294	10.170114	20352	12.768056	1.5840216	57.66421	11.260172	11.199538	20352	11.365006	1.7340482	63.593937	12.66236	12.588274	20352	15.769814	1.9798669	72.61291	12.2291355	12.163294	20352	14.189211	1.8962942	72.76417	12.216909	12.081729	20352	18.898743	1.8913405	72.40711	13.157757	12.983115	20352	19.62597	2.0320177	77.08087	0	0	0	0	0	0	0	0	0	0	0	0	0	0	0	0	0	0	0	0	0	0	0	0	1.6677557	1.5677593	15901	1.9964347	5.03681	131.71968	0	0	0	0	0	0
F3_S19_subsampled_depth_9G_contig_11403|provirus_71541_86886	46.643852	46.344204	15346	68.84005	7.2573853	264.19556	50.639114	50.269703	15346	101.40777	7.85497	288.0707	51.67406	51.48428	15346	69.66772	8.046454	295.1089	55.56666	55.29032	15346	109.25054	8.721182	334.6472	57.33318	57.076107	15346	97.48273	8.944963	342.4446	57.9209	57.46586	15346	115.829155	9.0488205	343.25058	0	0	0	0	0	0	0	0	0	0	0	0	0	0	0	0	0	0	4.224006	4.1337914	14609	6.0980234	15.458435	406.01898	3.6855752	3.553224	14578	5.4497986	11.202069	292.95	4.7553306	4.6623774	15187	5.578303	14.095109	365.09088
F3_S19_subsampled_depth_9G_contig_11752|provirus_138754_189679	23.514475	22.471006	50926	247.7234	3.784662	137.77551	21.341854	20.393785	50926	222.97444	3.4365218	126.03001	21.66305	20.592627	50926	276.34802	3.5352604	129.65804	24.650642	23.43628	50926	299.57147	3.9924054	153.1957	22.351387	21.339693	50926	227.01613	3.5969727	137.7047	23.998976	22.968994	50926	235.32208	3.8834908	147.31323	0	0	0	0	0	0	0	0	0	0	0	0	0	0	0	0	0	0	2.3557782	1.6525602	39295	58.42477	9.018197	236.86491	2.6966481	1.8761488	42473	63.379585	10.420789	272.51834	2.4436939	1.7254049	41187	48.68134	9.094145	235.55612
F3_S19_subsampled_depth_9G_contig_11948|provirus_68890_79729	126.07053	124.666595	10840	527.81946	19.854168	722.76447	122.82844	121.2329	10840	518.856	19.268837	706.65955	117.66763	116.37913	10840	427.51578	18.603031	682.2783	108.74621	107.538765	10840	380.8764	17.261875	662.3683	97.51497	96.50811	10840	275.50455	15.35568	587.8693	106.87072	106.060905	10840	369.37103	16.849644	639.16095	1.8391955	1.736957	8940	2.1961436	0.24295686	2.0183258	0	0	0	0	0	0	2.522638	2.4180005	9799	2.9659486	0.31907785	2.5221665	2.9114125	2.5475993	9384	11.591646	11.086365	291.18576	2.8840973	2.5879235	9280	9.243838	9.247349	241.83122	3.5550983	3.2405944	10418	10.004495	11.384912	294.89142
F3_S19_subsampled_depth_9G_contig_12089|provirus_30152_137958	21.899254	21.73385	107807	34.605743	3.366005	122.53493	22.580278	22.451468	107807	30.738594	3.4674222	127.16319	24.975386	24.888567	107807	31.54832	3.8714688	141.9887	29.195435	29.044586	107807	38.210632	4.5268097	173.7016	28.341408	28.215672	107807	38.69105	4.3694367	167.27739	28.595306	28.496557	107807	39.43914	4.4205127	167.6842	0	0	0	0	0	0	0	0	0	0	0	0	0	0	0	0	0	0	2.3709095	2.2344751	88972	3.731629	9.120933	239.56332	0	0	0	0	0	0	2.6244833	2.5221844	96058	3.333674	7.7794003	201.50182
F3_S19_subsampled_depth_9G_contig_12147|provirus_35720_53100	54.866577	53.895996	17381	226.78282	8.60138	313.12183	54.018047	52.878845	17381	197.08102	8.481616	311.0521	56.993732	55.671482	17381	242.39188	9.039608	331.53348	60.493065	59.047455	17381	249.90111	9.6361265	369.7552	65.63688	64.33342	17381	313.87372	10.327009	395.35416	62.047707	60.199757	17381	282.93726	9.819848	372.49814	1.5561488	1.4565736	13321	1.8497635	0.19665985	1.6337218	0	0	0	0	0	0	0	0	0	0	0	0	9.110092	8.918693	17380	16.780972	32.257828	847.2587	7.6969995	7.4019604	17381	14.556065	24.11301	630.5895	9.487842	9.29125	17325	17.664837	28.987028	750.8208
F3_S19_subsampled_depth_9G_contig_12702|provirus_49773_61550	19.552202	18.991783	11778	42.005096	3.0907578	112.51496	21.03956	20.353144	11778	60.068268	3.3399374	122.487854	18.829292	18.257309	11778	51.169884	3.0252616	110.953476	18.635363	18.165775	11778	33.63086	2.969356	113.93944	18.421568	18.159182	11778	23.016212	2.9102597	111.41493	18.42604	17.957672	11778	38.143223	2.9430888	111.64075	0	0	0	0	0	0	0	0	0	0	0	0	0	0	0	0	0	0	3.6447368	3.251672	10876	10.772289	13.351723	350.68582	3.0925353	2.8384292	10458	6.993243	10.205365	266.88464	4.395167	4.086184	11530	9.244793	13.7831745	357.01126
F3_S19_subsampled_depth_9G_contig_13125|provirus_98_23875	41.23248	41.06273	23778	91.18809	6.34638	231.03154	41.29956	41.168533	23778	76.057686	6.3371058	232.40518	46.09624	45.82587	23778	83.04753	7.139378	261.8415	50.818943	50.720352	23778	98.72214	7.8703814	302.00034	50.679108	50.638577	23778	95.07377	7.806427	298.8573	50.506645	50.22167	23778	104.998474	7.8226805	296.73923	0	0	0	0	0	0	0	0	0	0	0	0	0	0	0	0	0	0	4.482182	4.3347125	23182	6.457591	15.876237	416.99258	4.003894	3.9090567	23261	4.792215	12.189328	318.7682	6.4621634	6.3730836	23758	7.813315	19.179537	496.78735
F4_S20_subsampled_depth_9G_contig_145	86.842964	87.45666	44683	763.8491	13.2440195	482.13098	92.99643	93.67327	44676	942.63696	14.16911	519.63367	95.416824	96.206764	44680	972.15375	14.665987	537.8847	93.835846	94.616714	44652	961.93427	14.446587	554.3409	95.99043	96.88392	44687	982.9603	14.661015	561.275	93.19456	93.88113	44660	966.26263	14.305107	542.6385	58.677437	54.995934	44687	1178.8972	7.3054996	60.689278	50.052227	47.19888	44667	762.07184	6.0889783	44.830456	54.437523	51.334015	44654	945.3014	6.6425333	52.506218	0	0	0	0	0	0	0	0	0	0	0	0	0	0	0	0	0	0
F4_S20_subsampled_depth_9G_contig_2318	5.477545	5.161737	15467	18.213554	0.84817636	30.876734	5.770373	5.5555015	15304	17.155361	0.88740104	32.54429	6.0722833	5.8102164	15850	18.497534	0.9414359	34.527775	6.4979644	6.2854757	15578	18.673084	1.0066245	38.62593	6.1716256	5.9970074	15403	16.395876	0.9520161	36.446518	6.5877857	6.335166	15372	22.266361	1.0216271	38.753593	2.3016598	2.1279142	12720	4.196893	0.2851308	2.3686786	0	0	0	0	0	0	0	0	0	0	0	0	3.0053241	2.8433433	12835	6.798581	9.536616	250.48122	2.1259005	1.9748765	12699	3.377909	6.473688	169.29619	3.7817726	3.59691	14618	8.155957	11.089343	287.23563
F4_S20_subsampled_depth_9G_contig_2632	4587.205	4711.5083	13653	1277717.4	695.56525	25321.127	4153.2944	4258.963	13689	1065026.5	629.2747	23077.826	4705.9067	4831.7173	13680	1225526.6	719.3987	26384.424	4569.3027	4691.4966	13695	1162680.9	699.0865	26825.176	4778.1675	4906.227	13691	1196148.1	726.1636	27800.086	4902.6504	5038.16	13694	1300011.9	748.4965	28392.867	4403.9536	4252.4697	13695	11588780	546.1317	4536.903	3772.6926	3641.4832	13695	8534256	456.7795	3363.067	4409.1167	4272.916	13695	10907740	535.3635	4231.8037	6.844518	6.730867	13423	12.113007	21.791172	572.3498	6.858398	6.730211	13393	12.722123	20.534489	537.0059	8.036693	7.9777703	13310	13.526193	23.578466	610.7286
F4_S20_subsampled_depth_9G_contig_3031	59.62389	58.613068	17890	601.71814	9.084591	330.71246	57.4143	56.77181	17945	527.01825	8.742663	320.6259	54.94019	53.447273	17899	603.3229	8.450411	309.92456	55.44766	54.09965	17903	633.45264	8.533993	327.46423	57.32197	55.99732	17895	660.7861	8.751903	335.05338	56.12024	54.93423	17889	625.6299	8.610432	326.6212	5.3660564	5.130101	17452	11.562596	0.6688684	5.5565214	4.7131867	4.504181	17249	9.146883	0.56884444	4.1881514	5.8493767	5.6226754	17332	13.4446535	0.71139354	5.6232424	0	0	0	0	0	0	0	0	0	0	0	0	0	0	0	0	0	0
F4_S20_subsampled_depth_9G_contig_3199	3.279737	3.193356	10233	3.7839875	0.49790365	18.125515	3.6343608	3.498303	10417	5.598752	0.55415434	20.322895	3.0766454	2.9760363	9584	4.3710923	0.47017896	17.244135	3.3908174	3.3299394	10225	3.928714	0.5212218	20.000187	2.893363	2.7903938	9581	4.196367	0.44586477	17.069258	3.7453485	3.6081457	10229	6.2733245	0.5813701	22.053228	0	0	0	0	0	0	0	0	0	0	0	0	0	0	0	0	0	0	12.155975	12.143475	10729	23.01539	37.851326	994.17334	15.079978	15.261133	10805	24.579985	45.138554	1180.4365	13.301861	13.356989	10785	27.30853	38.8909	1007.3505
F4_S20_subsampled_depth_9G_contig_3828	16.945044	16.712849	25443	23.832022	2.6146274	95.18199	15.981141	15.831408	25443	23.80563	2.4578788	90.139534	16.808327	16.66409	25443	22.522655	2.6231	96.2039	18.145258	17.955107	25443	26.626997	2.8275738	108.49897	16.120508	15.960071	25443	24.390182	2.48618	95.17963	17.154785	17.03457	25443	23.493229	2.6601958	100.90971	0	0	0	0	0	0	0	0	0	0	0	0	0	0	0	0	0	0	1.7843276	1.6261805	19350	3.2718055	6.163182	161.87727	1.8464001	1.6752032	20455	4.236291	6.079114	158.9775	1.7235994	1.523523	19225	5.1603146	5.7372055	148.60475
F4_S20_subsampled_depth_9G_contig_4033	42.321587	42.0367	15947	281.74527	6.6078873	240.5514	40.168816	39.872353	16043	238.91544	6.295576	230.882	38.141636	37.495422	15947	309.6812	6.015214	220.6119	34.51117	34.32674	15943	223.89467	5.4665318	209.76045	37.41962	36.952045	15946	248.71332	5.869832	224.71777	37.498394	37.220833	15947	222.59312	5.9248953	224.75014	0	0	0	0	0	0	0	0	0	0	0	0	0	0	0	0	0	0	29.378029	26.727858	15951	347.82153	99.72061	2619.1829	49.858112	44.7173	15947	916.31134	161.49417	4223.301	45.71503	40.980637	15947	787.1801	145.27718	3762.963
F4_S20_subsampled_depth_9G_contig_4327	15228.731	15192.975	26372	58598250	2345.041	85368.08	15162.912	15127.268	26372	57760416	2333.3384	85572.15	15081.194	15047.531	26372	56789884	2341.8013	85887.12	13277.536	13258.558	26372	43785690	2062.8582	79155.484	13970.858	13939.708	26372	48158196	2155.8103	82531.95	13666.279	13644.036	26372	46104444	2118.4922	80361.18	7794	7624.265	26372	18588230	982.104	8158.672	6802.7715	6649.7734	26372	14254954	836.91235	6161.82	7833.1533	7653.7935	26372	19166860	966.50867	7639.8105	17.711731	17.494322	26110	102.14933	56.174294	1475.4297	20.187628	19.981016	26339	127.53209	61.590748	1610.6853	22.788918	22.637924	26123	150.93333	67.57856	1750.4169
F4_S20_subsampled_depth_9G_contig_4358	2.8258226	2.7451074	28427	3.143583	0.428771	15.608831	3.0211432	2.907193	28322	4.326775	0.4590595	16.835407	3.0697362	2.9232416	28581	4.5378165	0.47223523	17.319534	2.9382374	2.7742639	27564	4.8995843	0.44978768	17.259138	3.5665174	3.413202	28944	5.7836876	0.5438483	20.82042	3.1909416	3.0197887	28216	5.559847	0.48944876	18.566357	0	0	0	0	0	0	0	0	0	0	0	0	0	0	0	0	0	0	0	0	0	0	0	0	0	0	0	0	0	0	0	0	0	0	0	0
F4_S20_subsampled_depth_9G_contig_4530	3.932924	3.7336001	14842	10.428923	0.60873467	22.16018	3.9968705	3.8210444	15958	7.8082576	0.61225295	22.453577	3.4841757	3.2498689	15369	8.846635	0.53900576	19.768385	3.911018	3.7049987	15549	9.770587	0.6057801	23.24485	4.4337506	4.2515087	16101	11.222302	0.68084985	26.065317	4.277102	4.053398	15806	11.480164	0.66406226	25.189997	3.929204	3.8511546	16057	6.575856	0.4941256	4.10487	2.9168046	2.7900813	14710	5.10976	0.35655054	2.6251254	3.1694024	3.0390317	15117	5.552346	0.3909458	3.0902495	0	0	0	0	0	0	0	0	0	0	0	0	0	0	0	0	0	0
F4_S20_subsampled_depth_9G_contig_4878	44.137024	40.571365	35304	665.4537	7.1637974	260.78857	44.630455	40.941563	35304	698.2381	7.239099	265.4844	49.002277	44.932964	35304	815.6823	8.005883	293.621	55.557804	50.95455	35304	1025.8256	9.106269	349.42358	53.236645	48.72345	35304	976.9654	8.656637	331.40643	53.42348	49.205975	35304	901.90015	8.7259245	331.0021	0	0	0	0	0	0	0	0	0	0	0	0	0	0	0	0	0	0	3.0948968	2.7791402	31388	10.722483	12.009046	315.42	2.211441	1.964507	28611	7.4688187	7.5031424	196.21777	3.2228765	2.9139698	32966	14.536988	10.574828	273.90866
F4_S20_subsampled_depth_9G_contig_5724	5.1517324	4.853316	40503	10.627605	0.785486	28.594574	4.81713	4.706469	39479	7.6442475	0.735626	26.978106	5.5514154	5.3424435	40769	9.488583	0.85559887	31.379665	4.5109076	4.2701316	39580	9.323315	0.6962689	26.71705	4.707272	4.5695734	40541	6.350042	0.7219292	27.637976	4.804661	4.667507	39845	7.572838	0.7386322	28.018675	4.0383844	3.7892196	37745	9.533288	0.5049931	4.195151	3.277501	3.0989914	38065	5.4521155	0.39911574	2.9385154	3.9941435	3.7794318	38952	8.237503	0.48854855	3.861755	2.346852	2.2160676	34165	3.5598679	7.4187064	194.85388	3.1253538	2.9658098	37307	5.2175765	9.539193	249.46327	2.3476574	2.1748822	34695	3.9858937	6.979764	180.78946
F4_S20_subsampled_depth_9G_contig_5765	16.615015	16.4535	20553	46.178364	2.557865	93.11571	16.659758	16.389416	20523	47.248837	2.5500934	93.52135	16.13991	15.9753895	20552	40.25032	2.5019026	91.758934	15.601147	15.417565	20555	41.320793	2.4193802	92.83586	15.33348	15.138027	20556	36.801643	2.3611648	90.393654	15.772812	15.508712	20549	37.117508	2.434273	92.339714	7.5898757	7.4705977	20092	15.776752	0.95500016	7.933515	6.2227287	6.0914736	20325	10.116573	0.7524407	5.5398912	8.328433	8.197158	20368	15.015376	1.0149165	8.0224495	0	0	0	0	0	0	0	0	0	0	0	0	2.0035775	1.8253839	15763	3.5738664	6.1973867	160.52443
F4_S20_subsampled_depth_9G_contig_6193	36.586018	36.10124	52522	109.79397	5.70558	207.70395	38.61932	38.13584	52522	123.390045	6.0158935	220.62494	41.911842	41.51345	52522	133.11841	6.6043544	242.21898	46.109562	45.519688	52522	169.43958	7.2729254	279.07486	45.48509	44.909264	52522	146.62137	7.1113048	272.24557	45.785324	45.216267	52522	150.61992	7.194138	272.89676	0	0	0	0	0	0	0	0	0	0	0	0	0	0	0	0	0	0	3.477068	3.2426383	46632	8.113183	13.022673	342.04315	2.4581647	2.2828836	44843	4.420335	7.565142	197.83917	3.4832735	3.325208	47487	6.705358	10.510613	272.24533
F4_S20_subsampled_depth_9G_contig_6356	4.715364	4.380483	20322	13.889166	0.71676064	26.092726	4.3911977	3.9232745	20004	16.552164	0.664458	24.368132	4.542526	4.1179185	19768	17.287546	0.6943311	25.465061	4.329308	3.8866935	19846	15.762435	0.66417766	25.485664	3.9532053	3.6913683	19059	9.870155	0.60316294	23.091183	4.1046276	3.7017453	19021	13.982731	0.6301612	23.904034	2.3592622	2.2597873	17874	3.1804817	0.2922189	2.4275615	0	0	0	0	0	0	2.056748	1.9090718	17285	3.1158946	0.24944773	1.9717706	0	0	0	0	0	0	0	0	0	0	0	0	0	0	0	0	0	0
F4_S20_subsampled_depth_9G_contig_6615	9.201492	8.916727	6092	30.038252	1.4541137	52.93504	25.236048	24.530102	6279	175.24902	4.041832	148.22897	39.45652	38.040554	6283	532.6349	6.510321	238.77025	4.981019	4.709445	5531	17.787893	0.7902317	30.32258	4.950357	4.6550107	6175	11.894988	0.7916907	30.308704	4.321707	3.986662	5477	15.7648945	0.70779234	26.848822	174674.45	170742.44	6314	6422296600	21344.916	177319.58	227574.97	222242.23	6314	11053754000	27147.537	199875.39	238239.39	232861.34	6314	11816349000	28502.512	225299.31	0	0	0	0	0	0	0	0	0	0	0	0	0	0	0	0	0	0
F4_S20_subsampled_depth_9G_contig_6814	11.813434	11.144793	14338	34.290073	1.8343731	66.777885	11.505779	10.709397	14338	43.830868	1.7814981	65.334145	13.838878	12.813469	14338	55.663197	2.172855	79.69091	15.439315	14.422005	14338	71.15929	2.4132907	92.60225	14.227094	13.077603	14338	66.999245	2.2219484	85.064	14.461376	13.438058	14338	56.298714	2.291643	86.92931	0	0	0	0	0	0	0	0	0	0	0	0	0	0	0	0	0	0	1.9161968	1.7943618	11087	2.7841938	7.1041555	186.59203	0	0	0	0	0	0	2.1065688	1.9887235	12406	2.6571414	6.201007	160.61816
F4_S20_subsampled_depth_9G_contig_7183	3.9128568	3.733317	13007	6.622575	0.59765893	21.756966	4.5367656	4.3545365	13300	6.8680344	0.6930301	25.41598	4.2551413	4.161325	13099	5.5410986	0.65512717	24.027225	4.717488	4.6153026	13003	7.616342	0.7334987	28.145645	3.7839918	3.6970742	12908	5.2221093	0.5814528	22.260048	3.90361	3.7872288	13128	5.088511	0.60480636	22.942228	0	0	0	0	0	0	0	0	0	0	0	0	0	0	0	0	0	0	0	0	0	0	0	0	1.62058	1.4838922	10606	2.2027786	4.8782787	127.573875	2.343024	2.2121139	11466	3.4694383	6.9256983	179.38904
F4_S20_subsampled_depth_9G_contig_7231	14.087441	13.468008	20266	106.611084	2.1810298	79.397484	12.902097	12.524535	20359	72.62612	1.9888462	72.93835	14.555194	14.090356	20372	107.776276	2.258969	82.84915	15.169356	14.843905	20318	100.52541	2.3576534	90.4673	14.809178	14.475465	20305	96.67978	2.287203	87.562164	15.38944	14.872032	20410	107.97101	2.386434	90.52504	11.152283	10.777619	20141	62.231743	1.3925302	11.568224	9.476338	8.930972	20068	52.986916	1.1534318	8.492212	11.683888	11.32118	20293	78.11138	1.4217325	11.23815	0	0	0	0	0	0	0	0	0	0	0	0	0	0	0	0	0	0
F4_S20_subsampled_depth_9G_contig_7905	5.3658233	5.1892576	12828	8.790077	0.83218473	30.294573	6.989266	6.909985	12913	7.418393	1.0593748	38.85121	5.931286	5.791242	12800	8.858858	0.9197845	33.733696	5.500274	5.4520764	12806	6.1965795	0.85186696	32.687622	5.105461	5.0150604	12585	6.992796	0.78670484	30.117815	5.308313	5.242448	12725	7.6277843	0.8302463	31.49389	0	0	0	0	0	0	0	0	0	0	0	0	0	0	0	0	0	0	0	0	0	0	0	0	0	0	0	0	0	0	0	0	0	0	0	0
F4_S20_subsampled_depth_9G_contig_8492	4.756229	4.6150694	26630	7.4738746	0.7236709	26.344263	4.136444	4.058927	26339	5.2461343	0.6286697	23.055645	3.6461742	3.4566748	25566	6.629143	0.56119144	20.582075	3.8219445	3.7176085	26215	5.127817	0.58779025	22.554556	3.9352424	3.8021703	26125	5.6793046	0.5978021	22.885958	4.1234336	3.9711711	26075	6.7855806	0.6306171	23.92132	0	0	0	0	0	0	0	0	0	0	0	0	0	0	0	0	0	0	0	0	0	0	0	0	0	0	0	0	0	0	0	0	0	0	0	0
F4_S20_subsampled_depth_9G_contig_9395	15.753582	15.58637	40971	28.70701	2.449047	89.15431	15.300135	14.978771	40975	33.57749	2.3723342	87.00222	14.336632	14.055521	40975	30.132532	2.2430494	82.26528	13.345572	13.146885	40975	22.225039	2.100673	80.60652	14.086197	13.787197	40975	25.568575	2.1953433	84.04541	13.772149	13.542144	40975	23.758684	2.1474237	81.458664	0	0	0	0	0	0	0	0	0	0	0	0	0	0	0	0	0	0	23.724262	13.588085	38697	2977.1882	83.931526	2204.4797	25.042303	14.160193	39368	3458.8132	85.94504	2247.584	25.967617	15.02844	39972	3452.2993	85.6933	2219.624
F4_S20_subsampled_depth_9G_contig_10469	8.486209	7.325421	17920	92.41733	1.4969815	54.49561	8.529885	7.5089707	17935	70.45391	1.4779907	54.20338	7.626894	6.332943	18146	84.86106	1.3891245	50.947052	6.8347855	5.6996117	17850	80.54042	1.2530216	48.080647	7.0495033	6.08712	17702	55.575974	1.2424972	47.567146	7.3009048	6.4097047	17927	59.695667	1.285918	48.778973	0	0	0	0	0	0	0	0	0	0	0	0	0	0	0	0	0	0	3.778234	3.1640668	14069	26.238197	15.1466255	397.8292	2.8324547	2.3396018	15633	12.717126	10.235453	267.67154	3.8519895	3.2784388	16674	18.30038	13.682329	354.39905
F4_S20_subsampled_depth_9G_contig_10500	5.192339	4.8058896	6130	15.64066	0.8387998	30.53538	11.832714	11.447657	6298	35.07919	1.9156232	70.252975	14.805075	13.659723	6330	110.246506	2.4160368	88.60979	0	0	0	0	0	0	0	0	0	0	0	0	0	0	0	0	0	0	40920.957	40136.11	6337	208476100	5006.7007	41592.387	59732.152	58542.605	6337	442611970	7135.619	52536.426	53676.73	52635.793	6337	368769920	6429.32	50820.84	0	0	0	0	0	0	0	0	0	0	0	0	0	0	0	0	0	0
F4_S20_subsampled_depth_9G_contig_11620	9.253533	9.098829	37922	12.171106	1.4133003	51.449326	9.394326	9.319866	37936	11.881289	1.4320958	52.52024	10.180728	10.072071	37936	14.543357	1.5684804	57.525032	9.958424	9.831422	37925	13.724911	1.5366986	58.965847	10.556079	10.476035	37928	12.407132	1.6158226	61.859364	10.360689	10.201805	37931	14.520445	1.592486	60.408066	6.125311	5.9899435	37220	11.529116	0.7690752	6.38897	5.1429367	4.998412	37337	8.131031	0.626481	4.6125054	5.5408087	5.365355	37521	9.068612	0.6782626	5.361357	0	0	0	0	0	0	0	0	0	0	0	0	0	0	0	0	0	0
F4_S20_subsampled_depth_9G_contig_11787	10.09476	8.958577	10138	78.18443	2.1912816	79.770676	10.210202	9.015022	10207	72.783775	2.1804047	79.96345	11.436512	9.903458	10193	111.32017	2.4431698	89.60488	11.4725065	9.951066	10196	114.79223	2.4055152	92.30388	11.162871	9.553518	10207	101.49793	2.502844	95.81769	10.495873	9.034243	10207	89.77208	2.277659	86.39887	4.6979218	4.5879817	9665	9.456074	0.6313357	5.2447233	4.7588744	4.518944	8875	15.235906	0.6450957	4.749555	4.4774785	4.3263006	9794	8.556996	0.60959995	4.818611	0	0	0	0	0	0	0	0	0	0	0	0	0	0	0	0	0	0
F4_S20_subsampled_depth_9G_contig_12047	51.84165	51.993523	11814	91.79568	8.030571	292.34216	47.384087	47.717754	11814	75.781105	7.3036757	267.8528	49.50969	49.777767	11814	101.26829	7.714865	282.9478	43.632458	44.013336	11814	71.194115	6.8026185	261.02844	39.123028	39.088303	11814	56.938522	6.050415	231.6312	40.87063	41.02048	11814	46.47775	6.362161	241.33702	0	0	0	0	0	0	0	0	0	0	0	0	2.1349452	2.0515337	10067	2.6246758	0.26488858	2.093823	42.073387	42.511906	11814	110.252594	137.49695	3611.3867	44.025635	44.69899	11800	98.74269	133.9164	3502.1025	44.015602	44.534386	11756	108.56932	131.3836	3403.0928
F4_S20_subsampled_depth_9G_contig_2262|provirus_45439_65446	15.528401	15.551248	19983	31.313618	2.378356	86.58091	16.014402	15.966264	19923	31.862013	2.4452755	89.67729	17.539127	17.51007	19993	39.413002	2.7049196	99.20475	19.092154	19.04017	19973	34.835953	2.946121	113.04779	19.223335	19.26838	19994	36.83006	2.9623508	113.4091	18.795397	18.903547	19945	39.937958	2.910633	110.40956	0	0	0	0	0	0	0	0	0	0	0	0	0	0	0	0	0	0	0	0	0	0	0	0	0	0	0	0	0	0	0	0	0	0	0	0
F4_S20_subsampled_depth_9G_contig_8536|provirus_7119_34388	20.867294	20.820961	27270	95.12906	3.1980417	116.42039	20.451696	20.583662	27270	81.215454	3.1278698	114.71049	20.236246	20.251516	27200	84.497696	3.1244895	114.59272	18.95778	19.046787	27184	77.45204	2.9291816	112.39784	18.470465	18.487587	27208	72.0722	2.8408096	108.756195	18.48691	18.398926	27123	91.68992	2.8504887	108.128136	0	0	0	0	0	0	2.1905606	2.026139	22516	3.7488544	0.26754072	1.969784	3.0559735	2.8636103	23576	6.4690075	0.3737956	2.9546847	2.070907	1.9250655	20622	3.4525847	7.290227	191.47948	2.0304203	1.914782	22807	2.6410968	6.1874547	161.81061	2.1435103	1.9785316	21075	3.7953262	6.3098526	163.4375
F5_S21_subsampled_depth_9G_contig_991	47.949696	46.569115	23547	309.7102	7.636034	277.97968	50.63397	49.149673	23547	316.2467	8.065	295.77325	53.62632	52.503395	23547	266.70987	8.583718	314.81357	59.665386	58.37338	23547	379.69653	9.576729	367.47598	61.742146	60.02911	23547	437.10745	9.838599	376.65604	60.554558	59.1926	23547	384.55206	9.721608	368.7716	3.7905288	3.5509758	19073	10.867771	0.49101457	4.079025	3.6756423	3.4729095	19272	9.661542	0.4562415	3.3591049	4.572552	4.391044	19997	11.048729	0.5673504	4.484647	8.152626	7.8438196	23421	22.500593	29.901077	785.3578	6.207548	6.0140557	23469	10.30365	19.455393	508.7862	7.8646836	7.606154	23534	15.248488	24.139168	625.2516
F5_S21_subsampled_depth_9G_contig_1303	4.924676	4.7852073	15813	8.129348	0.7553771	27.498503	4.69709	4.6219068	15675	6.9110956	0.7165729	26.279373	5.2229943	5.075205	16091	8.243023	0.80001605	29.341122	4.281504	4.168884	15159	7.5990205	0.6591057	25.291046	4.705032	4.6128078	15691	6.926267	0.7207932	27.594496	4.4322143	4.242159	15923	7.1842384	0.68326145	25.918278	0	0	0	0	0	0	0	0	0	0	0	0	0	0	0	0	0	0	0	0	0	0	0	0	2.35112	2.2051423	13672	3.7979658	7.277585	190.31905	0	0	0	0	0	0
F5_S21_subsampled_depth_9G_contig_1695	6.140941	5.9146795	38370	14.442487	0.93951434	34.20175	6.962056	6.776453	38537	14.348934	1.0633638	38.99747	6.9629335	6.8015018	38706	13.990294	1.0687424	39.19684	6.4965177	6.2966294	38675	13.929153	1.0029887	38.486423	6.4216623	6.2849936	38767	10.600462	0.9819656	37.593094	6.6738033	6.550728	38434	12.457267	1.0263411	38.932404	2.624742	2.2933624	31811	7.481331	0.3273205	2.7191653	0	0	0	0	0	0	2.5068612	2.14029	29474	8.594583	0.30753273	2.430907	0	0	0	0	0	0	0	0	0	0	0	0	0	0	0	0	0	0
F5_S21_subsampled_depth_9G_contig_1868	10561.905	10574.98	40512	2339849	1611.0044	58646.47	10613.012	10633.181	40512	2305381.3	1617.6819	59326.37	10100.302	10120.607	40658	2022593	1553.1948	56964.453	9082.951	9100.557	40512	1603170.4	1397.5399	53626.06	9048.063	9073.732	40579	1554827.8	1382.3369	52920.71	9305.346	9319.229	40569	1767341.3	1428.5197	54188.324	296.50198	290.80408	40509	17197.256	36.877613	306.355	266.8418	262.58374	40509	13300.176	32.397274	238.52696	387.97174	383.31326	40510	25281.352	47.247086	373.46677	26.686357	26.62151	40476	53.436146	84.948524	2231.191	32.42594	32.284546	40519	66.89323	97.93846	2561.2292	33.360695	33.249355	40498	72.24835	98.2092	2543.8096
F5_S21_subsampled_depth_9G_contig_2251	6.0630264	5.9916654	19538	6.8734913	0.9299847	33.854847	5.4129624	5.347905	19640	5.5957084	0.8337114	30.575274	6.766165	6.69048	19745	6.502121	1.0374016	38.047405	4.720439	4.6329308	19444	5.569999	0.73341197	28.142317	5.177545	5.1095424	19641	5.504609	0.80616003	30.862633	4.981271	4.908488	19611	5.653982	0.76813453	29.137785	0	0	0	0	0	0	0	0	0	0	0	0	0	0	0	0	0	0	0	0	0	0	0	0	0	0	0	0	0	0	0	0	0	0	0	0
F5_S21_subsampled_depth_9G_contig_2604	63.150936	62.334797	12019	565.7144	9.655752	351.50482	61.96672	61.83643	12017	424.08185	9.433814	345.97275	61.677956	61.08328	12043	501.8262	9.48967	348.03992	59.834187	59.43124	12013	473.71423	9.214266	353.5676	59.727287	59.28989	12015	445.95984	9.12899	349.48975	61.004707	59.83559	12022	555.0597	9.3917055	356.25742	2.2031264	2.0373447	9240	4.061527	0.27128536	2.2536612	0	0	0	0	0	0	2.4077654	2.2939034	9580	3.8545573	0.29009914	2.2931018	0	0	0	0	0	0	0	0	0	0	0	0	0	0	0	0	0	0
F5_S21_subsampled_depth_9G_contig_2778	16.997095	16.680765	10132	48.88438	2.845679	103.593155	15.369665	15.096616	10132	40.829365	2.577763	94.53607	14.839411	14.472952	10132	44.664425	2.5276515	92.70333	16.149168	15.89459	10132	37.134857	2.734826	104.9401	13.412743	13.068233	10132	37.00406	2.2735536	87.03956	14.395111	14.10719	10132	43.130924	2.4590662	93.28022	0	0	0	0	0	0	0	0	0	0	0	0	0	0	0	0	0	0	41.862453	35.513245	10132	1366.3909	150.9749	3965.3872	52.641354	45.221504	10132	2028.4426	181.4411	4744.94	49.474957	41.723732	10132	2073.019	170.3955	4413.576
F5_S21_subsampled_depth_9G_contig_2981	9.673023	9.407044	44708	17.249664	1.5219733	55.405388	8.597954	8.4585705	44678	13.247117	1.3438298	49.283226	9.707754	9.490927	44722	16.231697	1.5317416	56.17762	7.534192	7.2671504	44720	13.712347	1.1950698	45.856915	7.692161	7.449372	44638	13.408836	1.214056	46.47833	7.7588844	7.5453935	44658	14.188772	1.2286541	46.60679	0	0	0	0	0	0	0	0	0	0	0	0	0	0	0	0	0	0	0	0	0	0	0	0	0	0	0	0	0	0	0	0	0	0	0	0
F5_S21_subsampled_depth_9G_contig_3086	2.4316118	2.3431857	16118	2.4785357	0.36941683	13.448123	2.2989995	2.240892	15674	2.1692412	0.3493288	12.811184	2.6196287	2.5051725	15824	3.4428744	0.40167877	14.731835	2.6471574	2.5530424	15830	3.0680342	0.40583453	15.5725975	2.5858538	2.4842896	15374	3.3010588	0.39359108	15.06805	2.659418	2.6022618	15618	2.8043559	0.4049315	15.360349	0	0	0	0	0	0	0	0	0	0	0	0	0	0	0	0	0	0	0	0	0	0	0	0	0	0	0	0	0	0	0	0	0	0	0	0
F5_S21_subsampled_depth_9G_contig_3736	6.3533025	6.0505285	18456	19.293854	1.0454977	38.05996	6.3086257	6.014903	18754	15.999823	1.017791	37.326164	6.559801	6.1517043	18450	22.180702	1.061369	38.926426	6.407386	5.950778	18605	21.213163	1.0433468	40.035046	6.118427	5.8906307	18256	14.978545	0.99900097	38.24527	6.2913637	5.9337964	18631	16.171423	1.0324318	39.163433	0	0	0	0	0	0	0	0	0	0	0	0	0	0	0	0	0	0	12.950299	8.619641	18651	3341.353	59.14213	1553.3811	13.842881	9.446028	18264	3106.4624	59.97399	1568.4045	16.19875	11.683707	18419	3162.789	66.17958	1714.1804
F5_S21_subsampled_depth_9G_contig_3799	7.067693	6.759876	48480	19.77798	1.0840001	39.4616	7.1083875	6.8997693	48202	13.918605	1.0920316	40.048832	6.9391747	6.569216	48170	18.82065	1.0761608	39.468903	8.3214	7.9099364	48466	27.97924	1.2892561	49.47102	7.929654	7.618657	48650	19.856848	1.2230648	46.823215	8.139212	7.772853	48686	21.555779	1.258381	47.734425	0	0	0	0	0	0	0	0	0	0	0	0	0	0	0	0	0	0	2.5932224	2.4669058	41724	3.9287503	8.645447	227.07457	2.5673747	2.4302588	42801	3.842916	7.9035554	206.68909	3.039666	2.9251525	44612	4.3235145	9.08598	235.34459
F5_S21_subsampled_depth_9G_contig_4313	8.393566	8.214566	6545	17.197762	1.3778039	50.157093	17.357395	17.046846	6568	52.98124	2.8293552	103.762924	14.776359	14.286545	6639	65.11854	2.4045668	88.1891	0	0	0	0	0	0	0	0	0	0	0	0	0	0	0	0	0	0	43759.984	44385.11	6639	41057176	5361.9473	44543.543	52033.508	52784.72	6647	58307830	6224.044	45824.9	25136.314	25493.205	6647	13453362	3015.6094	23837.02	0	0	0	0	0	0	0	0	0	0	0	0	0	0	0	0	0	0
F5_S21_subsampled_depth_9G_contig_4345	6.084503	5.1971374	11076	45.693115	1.1057409	40.25304	6.358006	5.54077	11171	44.290462	1.1491522	42.143646	5.300515	4.460513	11114	34.696316	0.9682623	35.511665	5.128221	4.541757	11187	22.925262	0.9299927	35.68545	5.5196376	4.7967424	11343	26.711203	0.99988115	38.27895	5.5513597	4.659625	11154	46.67838	1.0152334	38.51102	0	0	0	0	0	0	0	0	0	0	0	0	0	0	0	0	0	0	0	0	0	0	0	0	2.1660743	1.9087858	8980	5.013828	7.6365685	199.70694	2.5543807	2.1413622	9478	8.5732	9.153972	237.10583
F5_S21_subsampled_depth_9G_contig_4515	27.324636	24.25319	22182	705.0563	4.410896	160.57281	25.92853	23.35261	22187	520.2893	4.2009263	154.06348	24.722511	21.793749	22187	613.75653	4.0556874	148.74498	29.423878	26.015678	22186	864.61816	4.7623315	182.73904	27.671598	23.33814	22183	1012.23126	4.4156756	169.04758	28.587738	23.828434	22187	1283.5597	4.605624	174.70604	0	0	0	0	0	0	0	0	0	0	0	0	0	0	0	0	0	0	3.3781369	3.2124023	20637	5.8580503	10.692079	280.82974	4.4624043	4.3080916	21307	7.4449124	13.676714	357.6654	4.1797433	4.0319133	21582	7.368807	12.400711	321.20276
F5_S21_subsampled_depth_9G_contig_5359	3.589891	3.4705758	20057	5.0314326	0.5454471	19.856281	3.5726151	3.4796457	19706	5.1470127	0.54281545	19.907059	3.5323682	3.4239085	20325	4.2894983	0.5444115	19.966646	3.661272	3.6016662	20319	3.9022973	0.5599447	21.486065	3.670669	3.6034064	20531	4.0496345	0.56232154	21.52764	3.7197912	3.6269774	20531	4.231319	0.56961083	21.607157	2.9994304	2.792027	18703	6.087616	0.37057495	3.0784924	2.638206	2.5006855	18068	4.0530186	0.32147062	2.3668473	2.6525867	2.4711032	18004	4.9875617	0.3216826	2.542753	0	0	0	0	0	0	0	0	0	0	0	0	0	0	0	0	0	0
F5_S21_subsampled_depth_9G_contig_6438	2.6371489	2.5432777	10953	3.2065537	0.40018627	14.568246	2.2184486	2.1084507	10136	3.0201225	0.3389165	12.429323	3.4697695	3.3626199	11036	5.5013704	0.5302312	19.446579	3.2072957	3.0426722	11474	4.5345154	0.4881656	18.731777	2.7384486	2.610081	10353	4.3634033	0.41969705	16.067476	3.175849	3.0641015	10624	5.2578197	0.48516172	18.403734	3.635891	3.4627783	11027	6.5321226	0.44704378	3.713746	2.2402515	2.1407807	10295	2.7449412	0.27038398	1.9907181	2.584738	2.481133	10218	3.6068113	0.31220812	2.4678628	0	0	0	0	0	0	0	0	0	0	0	0	0	0	0	0	0	0
F5_S21_subsampled_depth_9G_contig_6825	4888.213	4984.5977	17959	1200678.5	741.87256	27006.88	5009.6724	5107.9834	17987	1250499	759.67	27859.9	4108.034	4188.067	17993	718772.94	628.6046	23054.494	6650.343	6806.7275	17979	2652485.3	1018.08844	39065.844	6068.81	6191.6104	17970	2067087.4	922.7662	35326.723	6288.196	6418.855	17869	2056200.3	960.4793	36434.047	240.76399	240.76456	17989	9095.859	29.882511	248.24416	206.3467	206.3159	17989	7455.7275	24.972616	183.86235	266.5364	265.51648	17989	11629.161	32.355755	255.75739	7.6358237	7.5570087	17543	12.101873	23.935343	628.6668	8.0578375	7.951429	17600	14.581458	24.175156	632.2144	9.993891	9.960147	17672	13.90844	29.32862	759.6683
F5_S21_subsampled_depth_9G_contig_7344	87.28061	85.44198	10164	800.81433	13.875703	505.12656	91.62912	90.51642	10164	592.08606	14.497244	531.66754	96.90104	95.021965	10164	1020.36115	15.565498	570.87494	107.60475	105.49822	10164	1000.71466	17.227217	661.0387	109.59427	107.5771	10164	1004.08746	17.521503	670.7845	108.27841	106.77402	10164	975.213	17.341524	657.81946	2.5590174	2.229421	8192	7.5079017	0.33813688	2.8090203	2.1234272	1.8840692	8406	4.2901673	0.26917928	1.9818492	2.8644898	2.5589085	8621	7.5798573	0.3637063	2.8749323	12.525365	12.277235	10164	25.004793	45.228992	1187.949	10.394447	10.249612	10164	17.296509	32.041588	837.9327	14.134512	13.800089	10164	25.389175	43.21548	1119.3654
F5_S21_subsampled_depth_9G_contig_7544	4.9959974	4.892112	16339	5.754819	0.7623904	27.753796	5.5879674	5.499008	16098	7.871786	0.85853666	31.485723	4.9112015	4.783471	15923	7.384403	0.753013	27.61724	5.002525	4.8806868	16340	5.9555902	0.78164077	29.992931	5.5278034	5.3475404	15900	10.572434	0.84754986	32.447166	5.2989717	5.1461997	15749	9.126709	0.8138102	30.870434	3.6649425	3.2966409	14775	11.801081	0.46043494	3.824992	3.315352	3.0431006	13979	9.107038	0.40621454	2.9907796	3.4167128	3.166929	14611	8.265372	0.42208844	3.3364177	0	0	0	0	0	0	0	0	0	0	0	0	0	0	0	0	0	0
F5_S21_subsampled_depth_9G_contig_7612	3.431318	3.3663516	16669	4.322547	0.5202061	18.937405	3.8555467	3.7448645	16627	6.017984	0.5831171	21.385057	3.6250567	3.500756	16921	5.0295644	0.5557408	20.382174	2.9624546	2.9086957	16503	2.9570165	0.4541708	17.42733	3.6258507	3.4998739	16967	4.825179	0.5557469	21.275942	3.2101293	3.0981727	16484	4.160313	0.49222574	18.67169	2.922357	2.7568998	15543	5.014503	0.3655426	3.0366871	0	0	0	0	0	0	2.4728901	2.3513548	15634	3.4192638	0.29948595	2.3673007	0	0	0	0	0	0	0	0	0	0	0	0	0	0	0	0	0	0
F5_S21_subsampled_depth_9G_contig_9237	5.044433	4.881334	5988	9.102001	0.8693939	31.649136	5.843226	5.6279807	6114	11.236026	1.0040277	36.821423	6.9361167	6.6576004	6114	12.878862	1.1534306	42.302822	4.5103955	4.149031	6072	11.823975	0.80849016	31.023195	3.9684775	3.8410954	6008	5.2956696	0.6857192	26.251719	4.3717303	4.1576004	5868	8.894999	0.7688183	29.163723	0	0	0	0	0	0	0	0	0	0	0	0	0	0	0	0	0	0	0	0	0	0	0	0	0	0	0	0	0	0	0	0	0	0	0	0
F5_S21_subsampled_depth_9G_contig_11329	26.538963	25.834076	28562	149.91666	4.244116	154.50136	27.354357	26.800524	28562	132.77786	4.349973	159.52954	29.389482	28.75786	28562	189.6112	4.734223	173.63072	29.801352	29.022758	28562	190.38287	4.80522	184.38475	30.271717	29.530071	28562	165.97163	4.827791	184.8247	30.43992	29.67476	28562	199.14368	4.882084	185.19312	8.16208	7.6855545	28464	29.480572	1.0306399	8.561878	7.7316275	7.488464	28068	24.012835	0.94895416	6.9867353	7.3563986	7.0133348	27885	23.831795	0.9098374	7.191853	0	0	0	0	0	0	1.8192313	1.6904818	23073	2.7656746	5.716999	149.5077	2.3253906	2.107383	25561	6.2958984	7.309845	189.3393
F5_S21_subsampled_depth_9G_contig_11829	6.3742723	6.0538683	24971	15.371797	0.99240285	36.127113	6.5198474	6.3493423	24911	10.219113	1.0043991	36.835014	6.592374	6.133824	24823	20.363897	1.0319304	37.846733	5.667871	5.326867	24805	15.025633	0.8925445	34.248493	5.1606665	4.9189296	24521	10.620209	0.7995615	30.61002	5.6496487	5.377525	24503	11.830329	0.8813203	33.431305	0	0	0	0	0	0	0	0	0	0	0	0	0	0	0	0	0	0	0	0	0	0	0	0	0	0	0	0	0	0	0	0	0	0	0	0
F5_S21_subsampled_depth_9G_contig_12904	35.060112	34.704956	34653	58.083298	5.374677	195.65794	34.26508	33.874603	34653	60.59153	5.26527	193.09688	35.991306	35.623352	34653	69.542114	5.569623	204.26959	35.02562	34.832897	34653	59.253956	5.427242	208.25276	34.26737	33.891445	34653	68.366356	5.2648344	201.5564	34.323074	33.87763	34653	66.44774	5.3089204	201.38423	20.003448	19.81976	34026	94.72657	2.49347	20.714106	16.360085	16.18681	34314	62.586952	1.9885483	14.640811	18.025969	17.997488	34351	58.674454	2.201685	17.403315	53.417442	53.2944	34653	105.159355	169.76382	4458.883	52.993626	52.92542	34559	55.828182	160.27736	4191.48	50.12257	49.841496	34556	85.90575	147.95677	3832.3699
F5_S21_subsampled_depth_9G_contig_662|provirus_110_32085	71.322845	71.004295	31976	1362.5736	11.137627	405.45038	74.87529	74.71135	31976	1460.1809	11.709819	429.4423	80.14771	79.73013	31976	1823.816	12.670325	464.69247	87.14472	87.027756	31976	2059.6724	13.778661	528.7114	86.67262	86.58099	31976	1908.2723	13.617081	521.30963	86.53893	86.15717	31976	2005.0844	13.643	517.52264	0	0	0	0	0	0	0	0	0	0	0	0	2.7222083	2.408253	24066	8.085438	0.34110352	2.6962683	7.764595	6.776498	29564	432.8765	33.447693	878.5107	6.318042	5.417365	29856	386.5983	25.362823	663.2735	8.380569	7.552681	30713	374.27213	30.530436	790.79767
F5_S21_subsampled_depth_9G_contig_1442|provirus_97_77212	15.869176	15.567779	77116	41.73666	2.4438212	88.96406	15.724112	15.398585	77081	58.8514	2.4259381	88.968124	16.80681	16.506338	77116	47.75698	2.6131759	95.83999	18.634136	18.322926	77089	58.05187	2.895619	111.109985	18.528662	18.261513	77116	59.96237	2.8661628	109.72674	19.424356	19.111809	77033	74.6503	3.019492	114.53897	0	0	0	0	0	0	0	0	0	0	0	0	0	0	0	0	0	0	1.8290154	1.7017468	58911	2.6177595	6.372566	167.37682	0	0	0	0	0	0	1.8453083	1.6916703	60926	3.073556	5.443478	140.99677
F5_S21_subsampled_depth_9G_contig_4395|provirus_105707_121283	34.253128	34.25488	15577	50.556396	5.267779	191.76637	32.250145	32.170902	15577	46.078667	4.9695745	182.2526	33.54126	33.575226	15577	42.642326	5.234616	191.98303	27.421274	27.353619	15577	42.346752	4.2549543	163.27017	25.497246	25.442924	15577	32.403637	3.9455028	151.0476	27.190899	26.897299	15577	45.461864	4.2306213	160.48097	0	0	0	0	0	0	0	0	0	0	0	0	0	0	0	0	0	0	2.0521164	1.8942024	13288	3.4002397	7.1413727	187.56973	2.7108965	2.596255	14135	3.825139	8.968528	234.53978	3.4407856	3.310479	14468	5.8602786	11.131585	288.32986
F5_S21_subsampled_depth_9G_contig_12576|provirus_205_37516	20.38055	19.413383	37312	146.24501	3.1544752	114.834496	20.563667	19.604647	37312	151.08401	3.1838293	116.76274	21.856628	20.922651	37312	161.31348	3.427542	125.707344	21.692131	20.65063	37312	191.95094	3.3934886	130.21416	21.648647	20.639927	37312	167.92487	3.3684196	128.95488	22.247538	21.184984	37312	190.85167	3.4796467	131.99406	12.945348	12.573193	37296	38.932266	1.6279511	13.523953	9.798423	9.526759	37285	24.210625	1.2074342	8.8898115	14.018433	13.839502	37312	38.910213	1.7220526	13.612045	0	0	0	0	0	0	0	0	0	0	0	0	0	0	0	0	0	0
F5_S21_subsampled_depth_9G_contig_12753|provirus_201_22580	10.849168	10.761596	22380	15.928168	1.6646265	60.59848	9.703149	9.639944	22380	12.133789	1.484457	54.440548	11.068377	10.9930525	22380	15.518467	1.716499	62.9537	11.55659	11.497451	22380	13.885476	1.7960085	68.91598	13.48619	13.488605	22380	15.753891	2.089471	79.99229	12.324966	12.254298	22380	15.251445	1.9089274	72.41174	0	0	0	0	0	0	0	0	0	0	0	0	0	0	0	0	0	0	11.869816	11.783986	22330	19.26552	38.147564	1001.9535	13.720558	13.613005	22380	15.573631	41.5478	1086.5337	11.704273	11.657087	22380	14.901693	34.687405	898.47174
F6_S22_subsampled_depth_9G_contig_285	4.019644	3.8789558	36350	5.9394593	0.6132782	22.325571	4.010884	3.8933785	36453	5.727517	0.6109321	22.405128	3.8223567	3.7001033	36131	5.578529	0.5869785	21.527822	4.084017	3.9628668	36670	5.627001	0.62771595	24.086578	4.2625895	4.138357	36794	6.140017	0.65231425	24.97288	4.029174	3.901519	36735	5.48561	0.6189724	23.47959	0	0	0	0	0	0	0	0	0	0	0	0	0	0	0	0	0	0	0	0	0	0	0	0	0	0	0	0	0	0	0	0	0	0	0	0
F6_S22_subsampled_depth_9G_contig_1110	4.0189896	3.895259	18651	6.4440603	0.61270773	22.3048	3.9014914	3.7092817	17733	8.524767	0.6015902	22.062525	3.4916146	3.330161	17977	6.0613794	0.539286	19.77868	4.7360544	4.6519523	18632	7.188095	0.73201716	28.088799	4.8151093	4.654188	18777	8.893102	0.7395847	28.313879	4.5210795	4.421143	18807	6.259992	0.69837457	26.491573	2.267403	2.155363	16945	2.8688369	0.28310728	2.3518684	2.1825688	2.0416212	16008	3.2920878	0.26618278	1.9597858	2.522576	2.4105372	17128	3.5596492	0.3073675	2.4295998	0	0	0	0	0	0	0	0	0	0	0	0	0	0	0	0	0	0
F6_S22_subsampled_depth_9G_contig_1190	8.838945	8.281022	15502	32.250797	1.4558856	52.999596	8.467926	7.969394	15505	31.423277	1.3760558	50.46503	8.977987	8.524854	15496	24.123518	1.4527496	53.280552	9.026506	8.725997	15505	18.658472	1.4368784	55.135567	8.65718	8.282396	15450	25.834408	1.3980356	53.521698	9.209834	8.711743	15505	27.538614	1.5038718	57.046673	0	0	0	0	0	0	0	0	0	0	0	0	0	0	0	0	0	0	28.340801	26.878012	15505	225.50468	94.33505	2477.73	30.92211	29.54352	15505	214.33456	98.64385	2579.6758	28.772516	27.605093	15505	168.86023	89.78003	2325.4785
F6_S22_subsampled_depth_9G_contig_1942	26.64375	26.012272	20233	86.669556	4.1155887	149.82256	26.808666	26.095682	20226	88.09763	4.146142	152.05426	25.92448	25.17036	20226	81.945625	4.037904	148.09274	23.012934	22.278038	20251	77.6454	3.5972068	138.03117	23.17248	22.626554	20241	65.930695	3.586558	137.30605	24.375305	23.70383	20226	81.44411	3.804166	144.30421	0	0	0	0	0	0	0	0	0	0	0	0	0	0	0	0	0	0	4.9594545	4.743685	19677	9.781889	17.869184	469.33798	4.5573354	4.242662	19573	10.714487	14.536253	380.14346	5.1916323	4.936875	19679	12.345662	16.251043	420.93378
F6_S22_subsampled_depth_9G_contig_2053	0	0	0	0	0	0	0	0	0	0	0	0	1.3719465	1.3525809	1111	0.9057109	0.19617432	7.1948233	3.1331756	3.0918636	1316	2.7464457	0.4415724	16.94392	1.427896	1.3350831	0	1.7323759	0	0	2.2710795	2.11986	1154	4.26242	0.32636285	12.379992	0	0	0	0	0	0	0	0	0	0	0	0	0	0	0	0	0	0	0	0	0	0	0	0	0	0	0	0	0	0	0	0	0	0	0	0
F6_S22_subsampled_depth_9G_contig_2305	2.6795795	2.5267131	31723	4.1585245	0.40795526	14.851061	2.534108	2.443092	31993	2.9517636	0.38665593	14.180093	3.051661	2.938224	33922	4.099519	0.47020456	17.245054	2.9946759	2.852354	33055	4.4588614	0.4614244	17.70567	2.9953692	2.8537712	33523	4.4024906	0.4561073	17.461386	2.9822528	2.8570063	33112	4.254364	0.4597582	17.4401	0	0	0	0	0	0	0	0	0	0	0	0	0	0	0	0	0	0	0	0	0	0	0	0	0	0	0	0	0	0	0	0	0	0	0	0
F6_S22_subsampled_depth_9G_contig_2453	5.3826284	5.2879615	15738	7.1419783	0.8285077	30.160728	5.6069126	5.4927373	15589	8.033867	0.85103834	31.21071	6.3131814	6.1872034	15670	8.344065	0.9715127	35.63087	7.5370193	7.39949	15768	9.983466	1.1551502	44.325157	7.321982	7.2574224	15698	8.457992	1.1247902	43.060925	6.8282	6.7213206	15735	8.152627	1.0531186	39.948166	0	0	0	0	0	0	0	0	0	0	0	0	0	0	0	0	0	0	0	0	0	0	0	0	0	0	0	0	0	0	0	0	0	0	0	0
F6_S22_subsampled_depth_9G_contig_2841	3.7617145	3.6038203	42016	6.8406315	0.57668316	20.993383	3.9153068	3.7577243	42711	7.182556	0.59821826	21.93888	3.9840312	3.86328	44331	5.381671	0.6131883	22.489088	4.2451887	4.078372	44512	6.8488293	0.653863	25.089876	4.025515	3.874008	44311	6.025432	0.61793524	23.656725	3.8609128	3.705007	42615	7.08903	0.5939233	22.529402	3.9986455	3.781219	40933	9.892343	0.501051	4.1624045	2.9849925	2.843329	41325	5.024351	0.36259162	2.6696024	3.3167312	3.116235	40217	7.2887697	0.40404895	3.1938226	0	0	0	0	0	0	0	0	0	0	0	0	0	0	0	0	0	0
F6_S22_subsampled_depth_9G_contig_3294	22.436882	21.764683	2863	218.14171	3.5448515	129.04555	43.730255	42.763115	2908	489.1277	6.9758677	255.83083	55.469322	53.830853	2902	1005.00916	8.8331175	323.96042	5.440409	5.1859827	2811	13.932603	0.90154773	34.59396	10.662906	10.475724	2799	41.134304	1.6663427	63.793415	9.981665	9.876664	2767	48.271275	1.574198	59.71437	77568.234	77153.31	2928	1033281200	9239.265	76753.72	76131.125	75757.26	2928	997989500	8852.811	65179.37	56370.094	56100.88	2929	542535800	6572.404	51951.848	0	0	0	0	0	0	0	0	0	0	0	0	0	0	0	0	0	0
F6_S22_subsampled_depth_9G_contig_3562	8.046556	7.8305254	29167	17.156553	1.2255901	44.615963	7.3734827	7.1535053	28791	18.453588	1.1223038	41.159027	7.6619673	7.3968673	28829	17.856466	1.1752356	43.102543	7.7466903	7.445425	28969	18.252214	1.190799	45.69304	7.196816	6.941127	28935	15.877566	1.0992619	42.0836	7.8372245	7.644088	28951	18.2021	1.2039912	45.671253	2.2348795	2.1079657	23782	3.4622285	0.2798595	2.3248897	1.9954269	1.851767	23382	2.9780757	0.24146415	1.7777942	2.084001	1.9272206	23012	3.4614463	0.25291353	1.9991671	5.3622046	5.0785484	27903	14.253647	16.94823	445.14877	4.828525	4.643362	28580	8.999374	14.740237	385.47806	4.5422754	4.3559885	28576	7.6129136	13.603199	352.34943
F6_S22_subsampled_depth_9G_contig_4617	17.101805	14.515739	22703	318.79633	3.0518103	111.09705	16.173502	13.966402	22703	240.60944	2.8557863	104.73225	18.111027	15.676339	22703	298.93375	3.2319095	118.5324	13.670732	11.52239	22703	219.37225	2.4686213	94.72532	14.803086	12.502241	22703	245.66959	2.641139	101.11201	14.054937	11.777969	22703	226.58615	2.5304434	95.98781	0	0	0	0	0	0	0	0	0	0	0	0	0	0	0	0	0	0	0	0	0	0	0	0	0	0	0	0	0	0	0	0	0	0	0	0
F6_S22_subsampled_depth_9G_contig_6738	6.1424847	6.0325494	19233	10.2768	0.94214326	34.297455	6.346626	6.20768	19428	11.400167	0.97400177	35.72025	5.5114007	5.382186	19156	9.757935	0.85328615	31.29482	6.8165646	6.6142354	19661	12.360233	1.056152	40.526405	7.2023516	7.0182347	19621	12.782507	1.1091236	42.461143	7.23819	7.1054873	19203	14.256314	1.1172414	42.380554	0	0	0	0	0	0	0	0	0	0	0	0	0	0	0	0	0	0	2.2818508	2.1709838	16556	3.0640194	7.6611896	201.22278	2.3297546	2.2244377	16948	3.078127	7.2950263	190.77516	2.7631903	2.6626904	17609	3.768858	8.191454	212.17455
F6_S22_subsampled_depth_9G_contig_7831	3.891753	3.7664135	16722	5.0939636	0.5906336	21.501234	3.8095155	3.7516072	16860	3.6630943	0.5781413	21.202578	3.9416096	3.8382363	16242	5.865717	0.6048395	22.182888	3.8961365	3.7514775	16861	5.081742	0.6010526	23.063452	3.3320475	3.167933	16623	4.6461678	0.5058526	19.365814	3.5160441	3.4139879	16052	4.7261424	0.5393411	20.45894	3.0789058	2.934996	15595	5.0435743	0.38527757	3.200631	2.6189141	2.3836613	14418	5.979619	0.3149312	2.3186986	3.225203	3.0725372	15922	5.513753	0.3944495	3.1179428	1.7565024	1.6381583	13349	2.2572825	5.5653057	146.17395	1.7450465	1.6094551	13499	2.368827	5.361284	140.20511	1.7927991	1.6762128	13839	2.197596	5.3309236	138.08133
F6_S22_subsampled_depth_9G_contig_8520	5.1494966	4.9629946	19416	9.2679615	0.7884675	28.703094	5.0609684	4.8514123	18873	10.280394	0.77155256	28.295687	4.8751144	4.7558756	19364	7.1371093	0.74921644	27.478003	6.3490286	6.249209	19606	9.349314	0.9767212	37.478508	6.057256	5.894294	19657	10.414213	0.9288191	35.55843	5.893522	5.786045	18774	12.583222	0.9044365	34.30815	0	0	0	0	0	0	0	0	0	0	0	0	0	0	0	0	0	0	0	0	0	0	0	0	0	0	0	0	0	0	0	0	0	0	0	0
F6_S22_subsampled_depth_9G_contig_8553	5723.4424	5602.308	12806	1573836.3	881.2189	32079.604	5472.797	5351.4717	12806	1433868.6	842.3567	30892.334	5317.3003	5201.329	12806	1376521.4	825.3883	30271.658	4872.1294	4758.582	12806	1145767.3	757.1986	29055.043	4572.4463	4471.033	12806	980053.2	705.47424	27008.027	4771.316	4657.337	12806	1103486.6	739.9888	28070.135	5671.4697	5637.213	12806	4373491	712.88684	5922.194	4275.312	4251.1406	12806	2546500.8	524.45874	3861.3594	5865.951	5825.6143	12806	4554545	721.8785	5706.1206	121.548676	118.763695	12806	679.4712	389.05002	10218.478	146.70749	143.50948	12806	850.217	449.08212	11744.131	135.56929	133.12025	12806	829.5289	404.3774	10474.164
F6_S22_subsampled_depth_9G_contig_8730	4.2956386	4.2183	10772	6.760057	0.64660156	23.538668	3.2796204	3.1922817	10953	4.128318	0.49392253	18.113972	3.4591277	3.3909469	10721	4.5161557	0.52626705	19.30119	3.7673023	3.693007	11127	4.127547	0.5763382	22.115105	3.2959867	3.232711	10367	4.209441	0.49685887	19.021498	3.0753026	2.9809458	10435	4.289036	0.46760586	17.737782	0	0	0	0	0	0	0	0	0	0	0	0	0	0	0	0	0	0	0	0	0	0	0	0	0	0	0	0	0	0	0	0	0	0	0	0
F6_S22_subsampled_depth_9G_contig_9363	8.407736	8.134132	60589	18.792707	1.2962022	47.186493	8.696053	8.500384	60690	19.938065	1.3397173	49.1324	8.192261	7.9592586	60462	18.687391	1.2739191	46.721825	10.473933	10.164762	60591	35.096207	1.6252058	62.362015	11.215195	10.984722	60581	32.97385	1.7272375	66.1247	11.458369	11.234612	60647	34.998863	1.7788737	67.47836	0	0	0	0	0	0	0	0	0	0	0	0	0	0	0	0	0	0	0	0	0	0	0	0	0	0	0	0	0	0	0	0	0	0	0	0
F6_S22_subsampled_depth_9G_contig_10830	5.6958246	5.471014	17499	11.635124	0.8751335	31.858082	5.6010423	5.266633	17410	14.417709	0.85888916	31.49864	5.5267124	5.215837	17381	14.290436	0.85487527	31.353106	6.599286	6.4706993	17646	13.978286	1.0194899	39.119614	6.131891	5.977025	17547	12.6866255	0.939491	35.967014	6.3223047	6.1258893	17408	12.840422	0.9768968	37.056816	4.2973204	4.0288916	16670	11.676468	0.5382851	4.4717193	3.8350234	3.5284824	16143	10.8217325	0.47338298	3.4853096	2.9640248	2.8243847	15196	5.323748	0.3629062	2.8686085	0	0	0	0	0	0	0	0	0	0	0	0	0	0	0	0	0	0
F6_S22_subsampled_depth_9G_contig_11918	8989.559	7761.833	13154	124184700	1415.3231	51522.957	8995.118	7770.2036	13154	124899830	1415.194	51900.395	8999.429	7776.6084	13154	125955864	1428.5015	52391.227	7961.9707	6897.046	13154	95314050	1264.0433	48503.563	8399.905	7281.2974	13154	104475660	1324.5582	50708.74	8200.437	7102.6255	13154	101202264	1299.7115	49302.2	4243.321	3591.3452	13154	29300784	546.26825	4538.037	3751.768	3173.87	13154	23087350	471.53232	3471.6855	4266.8667	3602.3635	13154	29936432	537.227	4246.5356	9.873961	8.49214	12763	145.66118	33.046173	867.9649	10.9028	9.073565	13083	196.14005	34.44783	900.8595	12.610966	10.918404	12909	241.06367	38.100163	986.8685
F6_S22_subsampled_depth_9G_contig_11958	16.057209	15.355683	13854	75.96243	2.4880931	90.57574	14.967163	14.454191	13846	59.47101	2.3034253	84.47516	15.176955	14.636452	13813	68.18184	2.362627	86.65088	14.531816	13.678612	13802	71.872	2.273135	87.224205	15.826474	14.97965	13848	88.25772	2.4625225	94.273994	13.973001	13.494811	13830	54.740276	2.166122	82.16789	4.813704	4.616669	12500	11.880565	0.59591794	4.950493	4.0847926	3.9823253	12950	6.661714	0.49107602	3.6155767	6.3943377	6.3843846	13181	11.296723	0.7754021	6.129201	0	0	0	0	0	0	0	0	0	0	0	0	0	0	0	0	0	0
F6_S22_subsampled_depth_9G_contig_12091	3.3902068	3.3295565	13675	3.2935872	0.5136907	18.700218	3.5811515	3.5106878	13268	4.379852	0.54944396	20.150131	3.028931	2.88838	12472	5.0777884	0.4730481	17.34934	3.6783595	3.5827708	13572	4.380807	0.56124747	21.536058	3.2574859	3.1804886	13131	3.9034607	0.5010615	19.182388	3.405034	3.3345387	13367	3.9683037	0.5218922	19.797043	0	0	0	0	0	0	0	0	0	0	0	0	0	0	0	0	0	0	0	0	0	0	0	0	0	0	0	0	0	0	0	0	0	0	0	0
F6_S22_subsampled_depth_9G_contig_3219|provirus_24731_35879	48.879353	44.823753	11149	855.7464	7.770681	282.8812	52.534595	47.579536	11149	946.36206	8.353841	306.36612	54.704884	49.867386	11149	1051.2941	8.763866	321.42062	60.3093	54.88163	11149	1298.7513	9.620874	369.16992	59.77407	54.24028	11149	1283.9501	9.458891	362.1195	60.092373	55.26583	11149	1092.7252	9.624392	365.08392	0	0	0	0	0	0	0	0	0	0	0	0	0	0	0	0	0	0	4.17247	3.6967983	10043	15.723025	15.186912	398.88742	2.7156105	2.171902	8708	12.689801	8.706269	227.6813	4.843531	3.960812	10459	29.81121	14.7988405	383.31885
F6_S22_subsampled_depth_9G_contig_9048|provirus_26244_39139	20699.643	20978.67	12896	152959600	3136.2175	114169.82	20641.594	20931.281	12896	152796160	3125.111	114609.34	20520.758	20812.324	12896	150576000	3134.9963	114978.06	17895.502	18145.492	12896	115019340	2735.9363	104982.7	18882.404	19148.266	12896	127485900	2866.8623	109753.54	18427.799	18681.047	12896	122056940	2810.7058	106619.01	10155.263	10080.4375	12097	40152140	1259.166	10460.323	8860.078	8791.429	12399	30417440	1072.6367	7897.3535	10269.138	10181.621	11712	40818660	1246.8185	9855.532	22.08387	21.791492	12515	166.35681	71.88351	1888.035	24.357054	24.176779	12543	237.82271	74.21329	1940.7822	29.233643	29.326622	12765	289.73306	86.88302	2250.4397
F7_S23_subsampled_depth_9G_contig_114	2.5417607	2.4486215	866	2.4315877	0.4442222	16.171318	5.0124154	4.6090226	927	14.604367	1.1983781	43.948933	3.3826184	3.008772	0	12.030838	0	0	0	0	0	0	0	0	0	0	804	0	0.622585	23.834742	0	0	0	0	0	0	4544.0938	4631.0137	1020	7334670	490.68625	4076.2988	4577.2744	4665.823	1035	7510314.5	481.72937	3546.7615	3275.3127	3340.3848	1035	3749074.5	346.66818	2740.2546	0	0	0	0	0	0	0	0	0	0	0	0	0	0	0	0	0	0
F7_S23_subsampled_depth_9G_contig_317	3.0160072	2.9425955	17298	3.712392	0.4583086	16.684109	2.8672407	2.7469625	17002	4.1955504	0.43502226	15.953876	2.7903218	2.6676645	17197	3.7721257	0.43041852	15.785881	3.6483173	3.54951	18342	4.245449	0.5558801	21.330105	3.5680702	3.4443858	18072	5.4822764	0.5469441	20.938938	4.0157433	3.9046195	17652	6.9252596	0.6141126	23.29525	0	0	0	0	0	0	0	0	0	0	0	0	1.9542501	1.816517	14749	2.9989636	0.23788123	1.8803431	0	0	0	0	0	0	0	0	0	0	0	0	0	0	0	0	0	0
F7_S23_subsampled_depth_9G_contig_609	5.8002205	5.6674824	16453	8.0239105	0.89152026	32.454594	6.1959863	6.112856	16330	8.005951	0.9534904	34.96801	6.020253	5.9364333	16374	7.3325367	0.9367374	34.355465	6.2696567	6.1388946	16443	8.197566	0.9652616	37.038795	7.2941933	7.1913114	16493	8.165922	1.107577	42.401897	6.474454	6.355973	16493	6.266128	1.0010206	37.971897	2.514777	2.32096	13534	5.122028	0.31483608	2.61545	2.8181484	2.627031	14644	4.9670506	0.3505699	2.5810916	2.8352199	2.7069142	14792	4.496466	0.34841278	2.7540426	3.4769015	3.3388402	15827	4.808165	11.7017355	307.34854	3.1362052	3.084506	15621	3.2341695	9.680488	253.15842	4.89445	4.833979	16341	5.262816	14.7508745	382.07648
F7_S23_subsampled_depth_9G_contig_713	3.6342022	3.3630238	11707	8.721802	0.5646457	20.555162	4.143466	3.9020035	11781	9.016065	0.65167534	23.89934	3.8115265	3.46694	11266	11.917005	0.6086837	22.323868	3.8185768	3.3746812	11442	15.927646	0.61269104	23.510042	4.1590424	3.829053	11701	11.38587	0.6585344	25.211	3.30505	2.9821494	11449	8.469452	0.53256774	20.201988	0	0	0	0	0	0	0	0	0	0	0	0	0	0	0	0	0	0	2.2092147	1.9662113	9634	4.8930135	7.3083773	191.95595	1.7296278	1.5207651	9629	3.3356	5.3997664	141.21153	3.216429	2.8053734	10512	11.059984	9.779593	253.31058
F7_S23_subsampled_depth_9G_contig_1054	25.451117	23.164656	21783	262.71362	4.137766	150.62987	24.006563	22.028042	21783	228.27887	3.8925402	142.75378	23.214533	21.595707	21783	188.77483	3.8029048	139.47403	22.973282	21.176313	21783	178.79625	3.7522542	143.98062	23.521149	21.985569	21783	170.61673	3.8207676	146.27238	22.848194	21.47907	21783	154.14384	3.7003214	140.36499	2.082744	1.8245596	16994	4.615195	0.28039443	2.3293326	0	0	0	0	0	0	2.7605047	2.4251451	18405	8.059087	0.36209595	2.8622034	31.262007	29.06009	21783	278.80054	103.30479	2713.3218	43.09185	39.847927	21783	525.28174	138.82478	3630.4639	41.761013	38.881004	21783	428.3933	130.69324	3385.2104
F7_S23_subsampled_depth_9G_contig_2400	14.362503	14.260699	33156	36.12852	2.2189245	80.77698	14.110933	14.090723	33156	30.885351	2.1748905	79.76124	13.441982	13.348639	33157	33.559166	2.093348	76.77495	11.622435	11.583747	32990	21.259018	1.8047941	69.253105	11.883301	11.663569	33278	29.94925	1.8406088	70.46494	11.953574	11.852059	33126	26.472576	1.8592267	70.52639	0	0	0	0	0	0	0	0	0	0	0	0	0	0	0	0	0	0	4.42538	4.268916	30445	9.633639	14.471972	380.10938	4.7630405	4.617722	31308	9.618676	14.57051	381.03943	4.2966976	4.192581	31336	7.2038746	12.9865	336.37564
F7_S23_subsampled_depth_9G_contig_2408	6.088099	5.9676795	12098	6.870566	0.93617576	34.080242	5.491878	5.369613	12120	7.9953327	0.83374757	30.576612	6.9048567	6.853131	12170	8.551745	1.0577171	38.792454	6.1679096	5.951105	12058	11.738401	0.951764	36.520874	7.275485	7.2211785	12216	7.6306906	1.1069027	42.37611	7.033897	6.934991	12206	9.3158	1.0785403	40.91248	0	0	0	0	0	0	0	0	0	0	0	0	0	0	0	0	0	0	0	0	0	0	0	0	0	0	0	0	0	0	0	0	0	0	0	0
F7_S23_subsampled_depth_9G_contig_2590	8.38847	8.250761	11776	16.33524	1.3077805	47.607994	7.4096284	7.1633043	11803	15.96206	1.1433331	41.93025	8.544886	8.251428	11776	21.407436	1.3321363	48.857002	9.859945	9.490959	11729	32.821724	1.5387647	59.04508	9.373651	8.912924	11824	31.273895	1.4358314	54.968662	9.593113	9.236106	11824	24.053398	1.5000905	56.90323	2.3315916	2.241435	9993	2.9284165	0.2969838	2.4671452	0	0	0	0	0	0	2.1792016	2.055672	9568	3.1449592	0.26776004	2.1165214	0	0	0	0	0	0	0	0	0	0	0	0	0	0	0	0	0	0
F7_S23_subsampled_depth_9G_contig_2596	20.81292	20.141794	10445	114.92886	3.5468879	129.11977	19.764448	19.129168	10445	112.77091	3.389785	124.31593	19.780378	19.064745	10445	129.26234	3.4357784	126.00946	19.036327	18.634617	10445	105.24893	3.301649	126.69014	19.05799	18.500486	10445	104.121284	3.2706425	125.21165	18.0068	17.369375	10445	122.137314	3.1479874	119.4132	0	0	0	0	0	0	0	0	0	0	0	0	0	0	0	0	0	0	425.71802	427.64853	10445	15280.097	1398.9808	36744.516	461.939	467.63116	10445	18764.129	1460.0989	38183.65	538.95844	543.59503	10445	22601.898	1654.5875	42857.047
F7_S23_subsampled_depth_9G_contig_2631	0	0	0	0	0	0	0	0	0	0	0	0	0	0	0	0	0	0	4.624017	4.670027	3354	3.1290941	0.71850634	27.570347	3.924985	3.828629	3456	4.1147947	0.5865558	22.455399	3.9373865	3.8971775	3359	4.0950193	0.5896062	22.365635	0	0	0	0	0	0	2.3666062	2.2684813	2919	2.9227455	0.2849936	2.0982826	1.1848155	1.1394489	2664	0.84359384	0.14826833	1.1719928	0	0	0	0	0	0	0	0	0	0	0	0	0	0	0	0	0	0
F7_S23_subsampled_depth_9G_contig_3165	2.7470214	2.6095638	35195	4.039051	0.41968775	15.278171	2.8382845	2.7538824	35967	3.3628924	0.43173292	15.833239	3.1351023	2.996218	35377	4.733043	0.48209175	17.681036	3.1602972	2.9897141	36190	5.396487	0.48705783	18.689272	3.2599928	3.1275284	37464	4.4576616	0.49884528	19.097548	2.929986	2.799811	35047	4.123602	0.44909474	17.035597	0	0	0	0	0	0	0	0	0	0	0	0	0	0	0	0	0	0	0	0	0	0	0	0	0	0	0	0	0	0	0	0	0	0	0	0
F7_S23_subsampled_depth_9G_contig_4113	6.127904	6.0052357	12234	7.6283383	0.95650893	34.820423	5.7820587	5.7204924	12212	5.8412023	0.89748865	32.914223	5.7275734	5.698264	12125	7.031201	0.9093389	33.35061	7.308888	7.1563334	12192	13.431785	1.1371375	43.63396	6.847375	6.7278404	12245	8.321337	1.0572504	40.475266	5.694006	5.5871224	12239	6.225445	0.8963398	34.00103	2.7504754	2.6007164	10929	4.2099338	0.34931406	2.901872	2.6654816	2.5482686	10714	3.7491763	0.33514965	2.4675593	3.2266226	3.0811977	11460	5.029256	0.40053466	3.1660438	0	0	0	0	0	0	0	0	0	0	0	0	0	0	0	0	0	0
F7_S23_subsampled_depth_9G_contig_4774	13.54057	13.321601	12776	22.328165	2.163262	78.75069	14.219089	13.989468	12788	26.19465	2.2745163	83.4149	14.512285	14.343105	12759	18.589464	2.3529084	86.29446	12.959153	12.825683	12761	21.265942	2.0874958	80.10091	13.410049	13.257614	12807	16.591963	2.1314313	81.59862	14.836296	14.70438	12767	22.269655	2.381176	90.32557	2.587343	2.4397438	11309	3.864546	0.34273607	2.847227	2.133286	2.0330026	10768	2.6488736	0.26632336	1.9608215	2.6950305	2.5695603	11555	4.0823975	0.34580562	2.7334368	4.289168	4.037918	12213	11.848897	16.778913	440.7017	3.154381	2.8686912	11686	9.493389	10.979145	287.12006	4.645888	4.416484	12491	12.890081	15.887852	411.5265
F7_S23_subsampled_depth_9G_contig_5751	8.653975	8.571029	23095	12.600995	1.322101	48.129326	8.5483	8.444889	23109	13.274162	1.2991567	47.644875	8.902227	8.785152	23108	12.040721	1.3638592	50.02043	9.075978	8.900583	23118	13.849991	1.3914438	53.39215	8.860635	8.750374	23176	10.996467	1.3523493	51.77265	10.098424	10.0318365	23042	13.082657	1.5451611	58.61292	4.228151	4.085958	22588	5.9653554	0.52450633	4.357252	3.3294837	3.182818	21646	5.494901	0.402824	2.9658163	4.7220945	4.604602	21597	9.160651	0.5754691	4.5488234	2.6844528	2.5257344	19776	4.8520584	8.594714	225.74193	2.650675	2.5442092	21363	3.2220967	8.080434	211.31471	3.1665003	3.058463	21774	4.0404863	9.349345	242.16632
F7_S23_subsampled_depth_9G_contig_6214	167.21759	166.56622	41435	1170.8524	25.635824	933.2382	158.74051	158.08023	41435	1100.636	24.306152	891.3964	158.62947	157.18422	41435	1279.8063	24.532867	899.75916	158.26785	156.58698	41435	1535.4884	24.487436	939.6262	148.03369	146.1432	41435	1371.2501	22.742105	870.6476	151.09505	149.36005	41435	1396.8135	23.327566	884.889	79.604866	76.72382	41332	2177.268	9.9295	82.487755	61.15759	58.972065	40908	1248.5027	7.4248137	54.665665	73.18455	70.57354	41299	1641.37	8.932311	70.60587	0	0	0	0	0	0	0	0	0	0	0	0	0	0	0	0	0	0
F7_S23_subsampled_depth_9G_contig_6756	9.481589	9.272218	42601	25.671072	1.4521477	52.863503	9.841352	9.644639	42555	31.479652	1.5049055	55.190437	9.992229	9.716582	42655	33.955208	1.5410775	56.520042	9.529751	9.321866	42806	28.662046	1.4688574	56.36265	9.461593	9.27787	42907	24.15664	1.4483649	55.448467	9.239289	9.083714	42614	25.644459	1.4203614	53.878853	3.694372	3.5456808	39624	6.567329	0.4642886	3.8570032	3.2127824	3.0710878	39439	5.199222	0.39654967	2.9196212	3.7164457	3.5893135	40584	5.7052913	0.46085417	3.6428432	0	0	0	0	0	0	0	0	0	0	0	0	0	0	0	0	0	0
F7_S23_subsampled_depth_9G_contig_7402	5.426899	5.2933006	11279	7.762459	0.829593	30.200216	5.241792	5.0909534	11165	10.549015	0.80491847	29.519318	5.2979493	5.085183	11399	10.479088	0.8202092	30.081703	4.5964265	4.4172125	11033	8.643716	0.72377235	27.77241	4.5060296	4.236088	11098	9.850866	0.6884078	26.354666	4.649767	4.5230317	11276	7.450652	0.7201502	27.317598	2.2999735	2.1944253	10274	2.872508	0.28721002	2.385952	0	0	0	0	0	0	2.1929407	2.042934	9348	3.614355	0.27663064	2.186639	0	0	0	0	0	0	0	0	0	0	0	0	0	0	0	0	0	0
F7_S23_subsampled_depth_9G_contig_7991	3.3123906	3.215305	19311	3.8197322	0.51142526	18.617743	3.5344129	3.474038	18888	4.1774497	0.5406451	19.827444	3.445244	3.3864608	18714	4.6962795	0.53399277	19.584528	3.3610737	3.3063807	19032	3.5396185	0.520395	19.968475	3.2644074	3.1569946	19133	4.466124	0.5028369	19.25036	2.9616134	2.8653302	18380	3.8289778	0.45605555	17.299643	0	0	0	0	0	0	0	0	0	0	0	0	0	0	0	0	0	0	0	0	0	0	0	0	0	0	0	0	0	0	0	0	0	0	0	0
F7_S23_subsampled_depth_9G_contig_8590	5.2914653	5.1581573	11551	8.356337	0.81830686	29.789366	4.752678	4.528599	11373	8.7736435	0.74310327	27.252338	5.340359	5.236852	11385	7.1774516	0.8269318	30.32828	5.7914653	5.6330132	11514	9.251887	0.8985175	34.47769	6.0317035	5.928311	11726	6.0820193	0.9193827	35.19719	6.5535593	6.4408827	11628	9.021236	1.0169754	38.577118	0	0	0	0	0	0	0	0	0	0	0	0	0	0	0	0	0	0	0	0	0	0	0	0	1.9284728	1.8515356	10093	1.8877561	5.724876	149.71358	2.0196095	1.9106526	9531	2.7466564	5.8847694	152.42711
F7_S23_subsampled_depth_9G_contig_8616	11.357675	10.788161	18123	64.2142	1.7282264	62.913795	11.685566	11.082296	18023	66.22329	1.7820904	65.35583	12.563068	12.071511	18270	57.80004	1.9249921	70.60035	10.527108	10.110791	18226	40.46152	1.6198368	62.155983	10.449176	9.946811	18281	46.43927	1.5889695	60.831303	9.531245	9.177094	18137	39.527367	1.4617025	55.447044	0	0	0	0	0	0	0	0	0	0	0	0	0	0	0	0	0	0	3.739562	3.6574545	17310	4.8505354	11.852445	311.30704	3.4113948	3.2994668	17329	4.230028	10.420861	272.52014	3.0292869	2.9284883	17317	3.6258929	9.049539	234.4007
F7_S23_subsampled_depth_9G_contig_8680	68.229416	67.68749	21381	198.66911	10.441021	380.09143	64.06848	63.387806	21382	198.5429	9.804176	359.55545	67.69471	67.183304	21381	195.20851	10.462902	383.7338	78.00923	77.41324	21381	285.37967	12.064818	462.94833	77.780754	76.86667	21382	281.95486	11.958454	457.8115	77.73093	76.747406	21381	247.83684	12.003318	455.32416	9.448992	8.897645	20942	41.58225	1.1810484	9.811375	7.890778	7.569754	20968	25.957315	0.96563536	7.10955	11.269923	10.793564	20912	51.62451	1.378832	10.899038	0	0	0	0	0	0	0	0	0	0	0	0	0	0	0	0	0	0
F7_S23_subsampled_depth_9G_contig_8960	37.870697	37.294456	40833	108.618454	5.77388	210.19038	37.222202	36.81374	40821	99.54256	5.6679482	207.86465	35.665695	35.348404	40822	81.40487	5.49067	201.37386	34.035007	33.8464	40812	86.382965	5.2323427	200.77423	34.189568	33.772614	40969	83.8779	5.224614	200.01646	34.093216	33.73908	40822	91.29149	5.232003	198.46655	22.547049	21.170582	40824	177.64378	2.8057015	23.307915	16.996643	16.02779	40798	108.15579	2.0675304	15.2223215	22.264706	21.287924	40841	136.2986	2.7114239	21.432568	0	0	0	0	0	0	0	0	0	0	0	0	0	0	0	0	0	0
F7_S23_subsampled_depth_9G_contig_9018	2.4630508	2.3766525	16095	2.9175122	0.37346357	13.595439	2.3372061	2.2230496	15676	2.9609702	0.3540424	12.984047	1.9397867	1.8399429	15503	2.15334	0.2968287	10.886385	2.3210635	2.250667	16171	2.2797744	0.35608277	13.663523	2.394459	2.3003166	16109	2.8887458	0.36621228	14.019889	2.3806067	2.2781606	15653	2.9202628	0.36298627	13.76923	0	0	0	0	0	0	0	0	0	0	0	0	0	0	0	0	0	0	0	0	0	0	0	0	0	0	0	0	0	0	0	0	0	0	0	0
F7_S23_subsampled_depth_9G_contig_9066	80.1089	80.91509	16596	538.7434	12.160075	442.67136	72.317406	72.8687	16594	490.8257	10.97001	402.31085	79.11636	80.13994	16594	481.5492	12.106743	444.02286	94.40051	95.14628	16596	755.00757	14.45138	554.5249	86.46109	87.0495	16624	576.21857	13.141847	503.116	94.99241	96.21062	16595	696.80664	14.518118	550.7185	33.07436	32.773335	16569	248.65373	4.1111774	34.152958	26.059002	25.6657	16423	204.0193	3.145627	23.159859	38.24032	38.26396	16550	338.62198	4.634583	36.634277	0	0	0	0	0	0	0	0	0	0	0	0	0	0	0	0	0	0
F7_S23_subsampled_depth_9G_contig_9653	192.273	193.34506	13341	2590.28	29.221756	1063.7789	187.28929	188.51917	13341	2369.1814	28.467886	1044.0226	184.03905	185.1762	13341	1546.9926	28.21585	1034.8351	245.8969	248.66461	13341	4730.0537	37.693897	1446.3812	244.41505	245.36891	13341	4283.706	37.232414	1425.3871	241.14093	242.75786	13341	4255.2456	36.85501	1398.0283	223.16624	225.32225	13338	9009.667	27.66546	229.82642	176.89932	179.07193	13337	5203.035	21.421024	157.71355	259.4685	262.38254	13337	11449.614	31.466629	248.72946	0	0	0	0	0	0	1.9357138	1.8195907	10611	2.6095135	6.119816	160.04172	0	0	0	0	0	0
F7_S23_subsampled_depth_9G_contig_9791	13.923373	13.752999	41453	25.046606	2.1321015	77.616325	13.246102	13.062355	41454	22.119688	2.0249078	74.26083	13.347691	13.030155	41452	27.303877	2.0587645	75.50655	12.453855	12.13921	41454	24.922064	1.9286052	74.00398	13.067693	12.907758	41454	21.924921	2.0038242	76.71346	12.251065	12.018857	41454	21.34742	1.8852131	71.51217	6.5305295	6.2360253	40733	18.67805	0.8142	6.7638373	6.13742	5.8795934	40846	14.858388	0.75195295	5.5362997	6.5359044	6.3376284	40942	14.490397	0.7981712	6.309179	4.7441893	3.0815623	38223	1965.28	24.99197	656.41943	5.0918555	3.2557163	38818	2620.198	27.212194	711.63745	5.961844	4.174073	40651	2461.6814	28.746561	744.59216
F7_S23_subsampled_depth_9G_contig_10289	20.980833	21.038246	49231	52.13558	3.2050047	116.67392	20.243486	20.3401	49245	46.77716	3.0958276	113.5355	20.689276	20.784008	49245	48.857784	3.1853437	116.824554	18.529749	18.497477	49245	43.758648	2.8619475	109.81803	18.246645	18.312807	49235	48.980892	2.7963667	107.05477	17.874428	17.892956	49245	38.182873	2.7544847	104.48633	9.507343	9.305542	48538	27.81124	1.187573	9.86558	8.804094	8.5385065	47928	28.755938	1.0741153	7.9082403	10.202281	10.014506	48184	33.19091	1.2475367	9.861204	0	0	0	0	0	0	0	0	0	0	0	0	0	0	0	0	0	0
F7_S23_subsampled_depth_9G_contig_11591	22.061277	21.383196	53039	62.13975	3.3657818	122.52675	23.14625	22.409145	53063	75.67598	3.5335944	129.58992	23.055628	22.497324	53063	64.46265	3.5495977	130.18387	23.203995	22.246058	53064	96.40747	3.5772831	137.26665	22.798574	22.122126	53062	72.70795	3.4909594	133.64618	24.151768	23.137432	53073	95.88689	3.7098098	140.72488	5.3504715	4.5401106	46239	35.17689	0.665866	5.5315766	4.89908	4.1998277	46518	29.020105	0.59661084	4.3925824	6.0080495	5.2615104	48365	37.380646	0.7323943	5.789242	17.957373	17.818983	53069	25.902687	56.937202	1495.4678	20.875895	20.7957	53073	29.728582	63.3028	1655.4574	19.668652	19.516092	53073	26.144459	58.11668	1505.3359
F7_S23_subsampled_depth_9G_contig_11685	7.745621	7.5577116	39457	16.617735	1.1808523	42.987354	7.5077987	7.2568984	39603	16.14768	1.1440058	41.95493	7.422139	7.0760236	39354	21.959959	1.142616	41.906185	7.986472	7.7266965	39768	18.057312	1.2323585	47.28776	8.07892	7.8608246	39598	18.89958	1.2377344	47.38482	8.141058	7.9029446	39367	19.95423	1.2529044	47.526657	4.502019	3.8397925	34276	28.375896	0.56262463	4.673914	3.721266	3.0758553	35093	20.353643	0.45447636	3.346111	3.8186865	3.144139	33161	23.789642	0.46473783	3.6735404	5.3355207	4.851963	38270	23.81448	17.29854	454.34995	5.4200444	4.8541784	38969	30.81816	16.9243	442.59433	4.885417	4.322238	37781	30.528603	14.936655	386.88843
F7_S23_subsampled_depth_9G_contig_997|provirus_23_30662	11.539652	10.55047	30559	65.79837	1.7933935	65.28612	11.466382	10.485388	30475	64.13664	1.7828614	65.384125	11.598688	10.328001	30534	86.03528	1.829916	67.11338	12.122892	10.814226	30528	94.65553	1.9117061	73.3555	12.185963	10.970993	30597	83.64707	1.9148755	73.30815	11.973007	10.784892	30419	80.319954	1.8908266	71.72507	8.27104	7.971941	30285	25.39395	1.0351143	8.599053	7.6386685	7.4159684	30337	17.961897	0.9363862	6.894197	8.8438835	8.6692295	30484	21.88281	1.0864458	8.587858	0	0	0	0	0	0	0	0	0	0	0	0	0	0	0	0	0	0
F7_S23_subsampled_depth_9G_contig_2644|provirus_3_18368	12.976779	12.344901	18363	43.990063	2.1487188	78.22128	14.145367	13.329532	18366	59.856438	2.3083742	84.65661	15.425725	14.445108	18366	68.810074	2.569092	94.22312	17.495607	16.553732	18366	71.725044	2.9012015	111.324234	16.36704	15.196206	18366	83.43113	2.7342756	104.67762	16.250494	15.332337	18366	68.36915	2.705629	102.6332	0	0	0	0	0	0	0	0	0	0	0	0	0	0	0	0	0	0	1.9500989	1.7602464	14025	4.0267715	7.5164037	197.41982	0	0	0	0	0	0	2.1688077	1.99384	15626	3.4204729	6.888207	178.41791
F7_S23_subsampled_depth_9G_contig_9858|provirus_87788_97925	15.337305	15.003003	10138	91.92718	2.365078	86.097496	13.702643	13.29455	10118	93.43896	2.1204069	77.763176	13.971166	13.49544	10082	90.16479	2.1760633	79.80857	13.723568	13.262069	10020	96.20666	2.1037	80.72268	13.403084	12.98287	10138	72.754906	2.0722537	79.33315	13.893172	13.548276	10086	87.57253	2.1721075	82.39499	0	0	0	0	0	0	0	0	0	0	0	0	0	0	0	0	0	0	0	0	0	0	0	0	0	0	0	0	0	0	0	0	0	0	0	0
F8_S24_subsampled_depth_9G_contig_572	3.4063766	3.3265016	21002	4.1977005	0.5184046	18.871834	3.190617	3.1100652	20129	4.328654	0.48364007	17.73687	3.1788204	3.1153789	20676	3.3188465	0.48693472	17.85865	3.3190618	3.2251403	20105	4.8014016	0.51023036	19.57844	3.173127	3.1042457	20861	3.6558692	0.48874542	18.710888	3.460032	3.3492231	21310	4.278204	0.5321405	20.185791	0	0	0	0	0	0	0	0	0	0	0	0	0	0	0	0	0	0	13.322477	13.171196	22050	20.337114	41.59308	1092.4508	16.952812	16.989323	22025	21.055069	50.805923	1328.6467	13.53596	13.524467	22040	18.406042	39.681396	1027.8258
F8_S24_subsampled_depth_9G_contig_646	8.515911	8.295455	18180	17.431557	1.3081744	47.622345	7.887515	7.7084255	18188	14.390465	1.199613	43.99423	8.011864	7.8127003	18102	16.4211	1.2307948	45.1402	9.233728	9.154225	18188	15.151224	1.4380022	55.178703	8.089422	7.792621	18164	20.480831	1.2361331	47.32349	8.062313	7.948078	18188	10.577147	1.23365	46.79629	0	0	0	0	0	0	0	0	0	0	0	0	0	0	0	0	0	0	1.798093	1.6531781	14197	2.7922966	5.7231765	150.32047	2.1797316	2.0512443	14841	3.1702225	6.6585636	174.13084	2.2851758	2.180956	15468	3.0459087	6.7610574	175.12457
F8_S24_subsampled_depth_9G_contig_1045	5.3837233	5.244875	10991	8.099842	0.8127769	29.58806	5.5926194	5.562208	10989	6.1531982	0.84937406	31.149694	5.0452137	4.925817	11081	5.684169	0.7733931	28.364689	5.7635183	5.6883497	10939	6.5540104	0.8803551	33.780796	5.4318595	5.3444285	10988	5.8516645	0.8198846	31.388048	5.2217755	5.174447	10863	6.4214425	0.79911107	30.312838	2.9662952	2.840065	9899	4.46849	0.35848767	2.97808	2.651352	2.4464178	9491	4.7673526	0.32048294	2.359574	3.1157289	3.0016236	10519	4.2190895	0.3776199	2.9849126	6.3755937	6.310534	10893	11.169596	20.208086	530.7696	5.808732	5.6935253	10755	11.022881	17.819519	466.00565	5.721958	5.532677	10652	14.409028	17.138725	443.9265
F8_S24_subsampled_depth_9G_contig_1729	4.571815	4.4282556	12189	8.187087	0.71292126	25.952955	5.454842	5.2279196	12366	14.022451	0.8460987	31.029583	4.8894725	4.752365	12474	7.9582577	0.78073275	28.633896	4.6630063	4.543453	12269	7.2801085	0.73360443	28.149698	4.695154	4.5417733	12560	7.376184	0.7263736	27.808136	4.816822	4.6311555	12228	9.099184	0.742897	28.180452	0	0	0	0	0	0	0	0	0	0	0	0	0	0	0	0	0	0	0	0	0	0	0	0	0	0	0	0	0	0	0	0	0	0	0	0
F8_S24_subsampled_depth_9G_contig_2264	24786.05	24127.842	22295	147610940	3846.1006	140012.19	24697.813	24025.588	22295	147027120	3829.612	140446	24527.389	23886.115	22295	145001020	3837.6404	140747.97	21560.6	20995.77	22295	111381770	3374.869	129499.67	22670.383	22084.555	22295	122378390	3524.4019	134926.44	22202.182	21616.25	22295	118367656	3467.2793	131524.95	10690.507	10664.401	22295	16720949	1350.7394	11221.053	9306.301	9281.433	22295	12528545	1147.9438	8451.807	10682.886	10663.057	22295	16324099	1321.2504	10443.881	28.805826	28.074106	22295	193.24525	93.13755	2446.2773	32.27478	31.219307	22292	311.62375	99.01663	2589.424	34.557552	33.46325	22295	326.15057	103.38757	2677.9397
F8_S24_subsampled_depth_9G_contig_3346	7.6865153	7.4525266	31407	17.286514	1.1880351	43.24884	7.9085326	7.645461	31507	19.197617	1.2154241	44.57407	7.3311796	7.0864244	31325	16.45486	1.1455158	42.012543	6.388721	6.202836	31334	12.033236	0.99529284	38.191147	6.4929504	6.1667666	31269	16.132519	1.0047221	38.4643	6.113841	5.866332	31264	13.363327	0.9483383	35.9735	2.6559625	2.48071	27024	4.6563	0.33013016	2.7425053	2.1046116	1.9631529	25418	3.2543967	0.25535774	1.8800868	2.6640463	2.4868631	25926	5.2068644	0.32461143	2.5659046	0	0	0	0	0	0	0	0	0	0	0	0	0	0	0	0	0	0
F8_S24_subsampled_depth_9G_contig_3543	12.146608	10.875858	13744	70.437645	1.9437889	70.76105	11.066133	10.049526	13744	52.888508	1.7681606	64.84499	11.3595705	10.340307	13744	53.478584	1.8633707	68.340355	10.440636	9.715266	13744	36.1591	1.680082	64.46769	10.495071	9.650131	13744	40.547497	1.6944877	64.87091	10.450419	9.621364	13744	41.65314	1.6864523	63.972527	5.3130794	4.9918275	13413	13.367581	0.6971779	5.791693	4.6288066	4.250327	13290	12.663352	0.5839216	4.2991595	5.6018095	5.2092185	13449	14.357948	0.7017163	5.546748	7.763499	7.2472215	13736	24.960691	25.224047	662.5149	8.333161	7.5648904	13744	33.941154	26.56666	694.75574	9.332573	8.591615	13744	35.74321	28.579496	740.26465
F8_S24_subsampled_depth_9G_contig_4366	7.6258388	7.494061	17465	15.654137	1.176743	42.837776	7.1762767	6.993998	17539	16.362783	1.1096293	40.694218	7.783862	7.518132	17715	17.868496	1.2085359	44.323845	6.399693	6.196045	17335	15.941402	0.99574816	38.208633	6.3399296	6.094579	17353	16.656006	0.97280663	37.242462	6.7717505	6.6170077	17296	15.523106	1.0496716	39.8174	0	0	0	0	0	0	0	0	0	0	0	0	0	0	0	0	0	0	0	0	0	0	0	0	0	0	0	0	0	0	0	0	0	0	0	0
F8_S24_subsampled_depth_9G_contig_4606	4.0028634	3.7807908	14211	7.0372863	0.61339116	22.329681	3.7292745	3.5853658	14075	6.2832174	0.5678732	20.826	4.180188	4.066354	14200	5.8586464	0.6434215	23.597916	5.2793155	5.1239963	14262	10.072041	0.81595963	31.309807	5.36399	5.221406	14474	9.029226	0.8254776	31.602173	5.5984454	5.3667626	14649	10.758631	0.86414903	32.77993	2.3658304	2.2502651	12692	3.46485	0.30000377	2.4922357	2.3181756	2.1648993	11838	4.021686	0.27941602	2.0572174	2.1771202	2.0793061	12436	2.8392885	0.26305956	2.0793662	0	0	0	0	0	0	0	0	0	0	0	0	0	0	0	0	0	0
F8_S24_subsampled_depth_9G_contig_5077	5428.681	5309.2725	16093	11732333	827.8251	30135.867	5357.8774	5246.0396	16092	11264620	816.45215	29942.31	5169.4243	5066.0903	16093	10311221	795.12036	29161.563	5127.4697	5023.686	16092	10091214	789.211	30283.412	4899.726	4791.6685	16092	9457056	749.1072	28678.451	4990.5313	4882.8096	16093	9569339	766.3973	29071.893	6296.4785	6098.326	16093	18288778	783.255	6506.77	4777.3867	4630.104	16092	10464780	580.499	4273.96	5641.2964	5479.4185	16093	14114523	687.3981	5433.5674	7.9655023	7.5199666	15472	34.874237	25.789616	677.3695	7.6503797	7.4273467	15476	21.860569	22.970732	600.71704	7.338268	6.9882917	15745	22.729692	21.549334	558.1697
F8_S24_subsampled_depth_9G_contig_6075	6.7802157	6.0772214	16082	27.591139	1.1481909	41.798374	6.6930127	5.942586	16060	31.108286	1.144373	41.968376	7.927757	7.1281943	16191	35.542652	1.3523465	49.598186	8.7483015	7.937738	16115	38.32176	1.4661177	56.257504	9.026803	8.167186	16193	40.80442	1.5107673	57.837482	9.160132	8.211995	16193	45.780052	1.5214843	57.714718	0	0	0	0	0	0	0	0	0	0	0	0	0	0	0	0	0	0	0	0	0	0	0	0	0	0	0	0	0	0	0	0	0	0	0	0
F8_S24_subsampled_depth_9G_contig_6081	184.60269	160.28389	38450	48164.445	28.201204	1026.6273	170.71509	147.85478	38499	41333.297	26.05647	955.58716	179.75189	154.66595	38647	48093.06	27.6806	1015.20435	208.57385	173.07243	38437	83443.336	32.1521	1233.7327	204.62932	170.00664	38649	78830.37	31.334055	1199.5771	207.95842	171.69849	38649	86377.21	31.976908	1212.986	72.985275	67.47999	35862	4333.867	9.087645	75.49417	58.422947	54.14753	35735	2645.9768	7.1011176	52.282417	71.46645	66.03593	35814	3984.3	8.715359	68.890945	14.635964	4.196935	35604	3055.2012	51.28819	1347.0946	15.383308	4.039393	35558	3521.1682	52.447685	1371.581	16.639523	4.6680903	36703	3957.213	55.039097	1425.6202
F8_S24_subsampled_depth_9G_contig_6759	0	0	0	0	0	0	0	0	0	0	0	0	0	0	0	0	0	0	0	0	0	0	0	0	2.2547169	2.231884	1289	1.9052972	0.31658936	12.120157	2.2866473	2.1465378	0	3.7296836	0	0	0	0	0	0	0	0	0	0	0	0	0	0	0	0	0	0	0	0	0	0	0	0	0	0	0	0	0	0	0	0	0	0	0	0	0	0
F8_S24_subsampled_depth_9G_contig_6926	13.413799	11.55594	27094	189.89813	2.3127792	84.19366	13.993882	12.101047	27060	192.19598	2.4133794	88.50758	14.029735	12.085764	27104	208.21616	2.459005	90.185616	14.53752	12.693524	27122	195.66309	2.5378737	97.38268	14.278808	12.562119	27122	184.3399	2.4792066	94.91277	14.485763	12.532295	27122	206.41777	2.540764	96.379295	0	0	0	0	0	0	0	0	0	0	0	0	0	0	0	0	0	0	0	0	0	0	0	0	0	0	0	0	0	0	0	0	0	0	0	0
F8_S24_subsampled_depth_9G_contig_7229	7.058166	6.8618364	35712	13.979312	1.0817794	39.380733	7.589345	7.3993044	35757	13.846455	1.1653298	42.73695	7.0485506	6.7483306	35448	17.637373	1.090566	39.997227	8.444364	8.272414	35863	14.031628	1.3015914	49.94435	8.139643	7.933201	35738	16.303122	1.2470936	47.743122	8.282835	8.078941	35891	16.670645	1.2838713	48.70135	0	0	0	0	0	0	0	0	0	0	0	0	0	0	0	0	0	0	2.375912	2.2562654	29660	3.4899755	7.7594295	203.80316	2.7607682	2.6187074	32278	4.125207	8.370412	218.898	3.1763704	3.0801837	33144	4.174449	9.418793	243.96513
F8_S24_subsampled_depth_9G_contig_7401	1.794948	1.6996305	10783	2.323504	0.2706574	9.852923	2.1643672	2.0574641	11901	2.8779492	0.3283754	12.042732	1.936673	1.8395567	11275	2.3920407	0.29559374	10.841089	0	0	0	0	0	0	2.3593009	2.2664886	11958	3.09917	0.35804197	13.707101	2.544046	2.4667087	12588	2.8692214	0.3890854	14.759257	0	0	0	0	0	0	0	0	0	0	0	0	0	0	0	0	0	0	0	0	0	0	0	0	0	0	0	0	0	0	0	0	0	0	0	0
F8_S24_subsampled_depth_9G_contig_7433	75.252144	43.563057	6901	91744.51	19.207773	699.2335	116.59381	82.79057	6900	88871.086	25.646315	940.54517	144.95728	108.93153	6886	108245.6	31.158903	1142.7733	37.985466	11.862909	6771	74476.51	12.57229	482.42096	41.842175	15.642822	6773	74770.48	13.157609	503.71942	42.87458	18.547232	6749	65615.84	13.0053835	493.33566	136675.22	136254.67	7031	6583931000	16779.008	139389.02	134331.05	133864.78	7025	6387230000	16096.205	118509.3	99895.99	99511.03	7026	3531459600	12004.579	94890.74	0	0	0	0	0	0	0	0	0	0	0	0	0	0	0	0	0	0
F8_S24_subsampled_depth_9G_contig_7725	10.768934	10.695068	38994	21.536325	1.6451811	59.89066	10.336318	10.218499	39000	20.32986	1.5765903	57.81939	10.792738	10.710078	38944	17.80551	1.6633013	61.002686	10.057901	9.9534235	38994	18.46275	1.5551108	59.67236	9.550915	9.488492	38906	15.752483	1.4668548	56.156357	10.028616	9.955826	38989	19.732925	1.5469017	58.678913	4.7226896	4.540958	37230	10.045184	0.5894305	4.8966036	4.6252604	4.493152	37807	7.268439	0.5666995	4.17236	5.133174	4.9478197	37711	10.658649	0.6281738	4.9654293	0	0	0	0	0	0	0	0	0	0	0	0	0	0	0	0	0	0
F8_S24_subsampled_depth_9G_contig_7899	49.08364	49.598244	29741	183.42697	7.5165277	273.62903	44.384747	44.67732	29741	124.59304	6.7857814	248.85973	48.383427	48.663876	29741	168.297	7.455122	273.42142	42.11149	42.34153	29741	126.27949	6.4952674	249.23476	39.58842	39.95915	29741	122.140114	6.0646615	232.17656	39.751377	40.04975	29741	135.47205	6.1180015	232.0754	10.2934675	10.077536	29528	27.585653	1.2880996	10.700685	8.86577	8.678444	29339	21.788874	1.0799878	7.9514747	11.174411	10.859272	29660	39.194557	1.3703414	10.831923	0	0	0	0	0	0	0	0	0	0	0	0	0	0	0	0	0	0
F8_S24_subsampled_depth_9G_contig_7904	3.2121375	3.0226731	3391	7.123936	0.5227007	19.02823	10.005102	9.882459	3761	33.571556	1.6023746	58.764988	16.484158	15.721957	3855	118.89928	2.7724562	101.68166	2.6957572	2.5319211	3139	4.9708014	0.41933298	16.090538	2.5029538	2.4558473	3239	2.8393683	0.41028896	15.707297	2.5432332	2.4063246	3179	3.8313293	0.41242272	15.644509	69527.75	69784.484	3874	1205446400	8389.474	69694.234	91341.04	91643.7	3874	2022605300	10758.59	79210.766	95652.88	96033.92	3874	2247284000	11295.487	89285.69	0	0	0	0	0	0	0	0	0	0	0	0	0	0	0	0	0	0
F8_S24_subsampled_depth_9G_contig_8142	4.4102483	4.268677	24051	7.38173	0.67497844	24.571693	4.0443444	3.9542477	23984	5.628748	0.6212574	22.7838	4.2070084	4.1336927	24070	5.152054	0.6499511	23.83738	4.697526	4.5646634	24782	6.083485	0.7242098	27.789207	4.5903935	4.4838953	24390	6.625559	0.7032523	26.922949	5.032236	4.967256	24515	6.4240603	0.7733555	29.335833	0	0	0	0	0	0	0	0	0	0	0	0	0	0	0	0	0	0	0	0	0	0	0	0	0	0	0	0	0	0	0	0	0	0	0	0
F8_S24_subsampled_depth_9G_contig_8879	228.37807	202.52872	43684	33039.883	52.700726	1918.4999	229.69707	205.46495	43622	31508.057	53.132626	1948.5696	222.60608	196.55756	43571	35247.047	52.192635	1914.1996	279.94366	253.62035	43536	36368.184	58.767513	2255.0125	279.3753	253.05096	43537	36056.996	58.94398	2256.582	287.24503	259.08777	43687	40035.44	60.308468	2287.6924	8.929761	8.728952	43505	22.142113	6.061807	50.357536	8.514298	8.244022	43115	22.620388	5.247217	38.632965	12.417874	12.267628	43486	28.627493	6.290643	49.72469	2.7984014	2.658747	36718	4.7334986	10.614787	278.7998	1.7530377	1.6585939	34839	1.9412131	5.8245835	152.32103	2.3422835	2.2188847	36904	3.2393715	7.5533805	195.64731
F8_S24_subsampled_depth_9G_contig_9656	11.176534	11.024279	23443	29.087927	1.7108591	62.281536	11.421071	11.244217	23382	28.110607	1.7535338	64.308586	11.63899	11.432149	23430	32.484245	1.8009492	66.051025	14.281072	14.147579	23406	40.555943	2.213498	84.935844	13.994934	13.92373	23443	29.800844	2.1460497	82.15834	14.680333	14.607203	23443	38.035194	2.2698123	86.1012	2.7516851	2.6568568	20174	4.040776	0.3426057	2.846144	2.2761345	2.1387074	19622	3.4276962	0.27698222	2.039297	2.918731	2.7294538	19973	5.7989507	0.3551913	2.8076248	0	0	0	0	0	0	0	0	0	0	0	0	0	0	0	0	0	0
F8_S24_subsampled_depth_9G_contig_9791	21.352343	18.231207	34551	616.59344	3.2539861	118.45703	20.76991	17.734375	34586	596.6712	3.1630747	116.001686	20.210983	17.368168	34586	539.9676	3.1045606	113.86188	21.132732	17.688442	34597	749.7512	3.2496474	124.69471	19.843615	16.566664	34606	661.77014	3.0304291	116.01552	20.741743	17.071857	34693	767.63416	3.1836817	120.767235	0	0	0	0	0	0	0	0	0	0	0	0	0	0	0	0	0	0	42.543526	42.490334	34599	95.18986	132.97086	3492.5068	64.839096	64.74753	34606	115.88072	195.83722	5121.42	50.614395	50.487373	34597	80.999596	148.92093	3857.344
F8_S24_subsampled_depth_9G_contig_10144	179.35565	22.135004	39809	22901650	38.719196	1409.5206	225.99428	21.533968	39809	38849276	47.218136	1731.6637	175.69115	22.292366	39809	21745218	35.351463	1296.5383	183.61696	45.15156	39809	17718814	37.494865	1438.7438	245.63617	44.749992	39809	37478830	47.14643	1804.9308	133.24211	45.323013	39809	7068703	26.40578	1001.65546	0	0	0	0	0	0	0	0	0	0	0	0	0	0	0	0	0	0	0	0	0	0	0	0	0	0	0	0	0	0	0	0	0	0	0	0
F8_S24_subsampled_depth_9G_contig_10366	3.5723348	3.3979053	10530	6.8152356	0.554258	20.177015	3.954185	3.8240016	10137	7.888287	0.6077649	22.28898	3.4664316	3.3216524	9960	6.9180284	0.5365709	19.679094	3.8853745	3.7429523	10874	7.2719955	0.6013661	23.075464	4.0230837	3.7655637	10792	8.813989	0.6169546	23.619192	4.250044	4.149961	10963	7.523163	0.654393	24.823217	0	0	0	0	0	0	0	0	0	0	0	0	0	0	0	0	0	0	2.8054626	2.672181	10079	4.3607774	8.701945	228.55847	3.155066	2.9825764	10645	5.308405	9.58435	250.64442	3.2894273	3.2041895	10836	4.391421	9.885304	256.04877
F8_S24_subsampled_depth_9G_contig_10429	3.9325557	3.7004733	18746	8.07446	0.5987185	21.795551	3.9051723	3.6758509	18673	8.425715	0.60399383	22.150692	3.7995944	3.6342123	17845	7.23272	0.5860695	21.494488	4.5766225	4.3977914	19059	8.971054	0.71127903	27.293043	4.703296	4.5740366	19242	7.8037915	0.7234143	27.694836	4.7257605	4.627113	19147	7.372732	0.7306726	27.71674	0	0	0	0	0	0	0	0	0	0	0	0	0	0	0	0	0	0	0	0	0	0	0	0	0	0	0	0	0	0	0	0	0	0	0	0
F8_S24_subsampled_depth_9G_contig_10882	10.206877	10.116412	43166	14.508939	1.5619094	56.859234	10.477729	10.315916	43166	16.954563	1.5989274	58.63858	10.47129	10.327927	43158	15.603359	1.6159761	59.267017	9.140971	9.001937	43155	12.939934	1.4139515	54.25582	9.560094	9.494628	43166	14.721022	1.4691454	56.24404	9.307467	9.179306	43166	14.102226	1.4301167	54.24889	6.164985	5.9220476	42630	14.088484	0.7710903	6.405711	4.7238235	4.4612565	41996	10.84001	0.57677436	4.246537	5.3047705	5.0711594	41898	11.99592	0.64738303	5.1172676	0	0	0	0	0	0	2.2707365	1.9685918	35956	8.750505	7.3239474	191.5317	2.2226148	1.9211954	35719	11.785616	7.1321783	184.73749
F8_S24_subsampled_depth_9G_contig_577|provirus_19374_61594	6.3355517	6.153651	41798	12.124126	0.97229123	35.39495	6.3616743	6.1905456	41718	12.97002	0.9714629	35.627132	6.17392	5.9988117	41767	12.446838	0.9549147	35.02211	5.8185687	5.711792	41489	9.327505	0.8997891	34.52649	6.186423	5.9938993	41818	13.265102	0.9482474	36.30225	6.127903	5.978714	41573	11.821363	0.94221014	35.741035	0	0	0	0	0	0	0	0	0	0	0	0	0	0	0	0	0	0	3.22569	3.0238743	35952	7.0372734	11.586488	304.32162	1.89715	1.7321008	33673	2.9789867	5.844194	152.83395	3.1104085	2.960808	38747	5.0653234	9.282393	240.43214
F8_S24_subsampled_depth_9G_contig_7704|provirus_13271_37486	9.02809	8.939751	24216	12.110493	1.4025358	51.057465	9.431148	9.317913	24216	10.246847	1.4450141	52.994038	8.180836	8.073038	24216	10.266237	1.2702359	46.586746	8.03694	7.9117265	24216	11.341621	1.2515877	48.025608	7.4284053	7.299538	24216	9.44339	1.1396061	43.628136	8.076041	7.975623	24216	8.205311	1.2449781	47.226017	1.8420594	1.7163897	19300	2.5476282	0.2298546	1.9094807	0	0	0	0	0	0	2.0243912	1.8976455	19809	2.8231328	0.24636514	1.9474037	4.1309314	4.0263157	22931	6.1255116	15.404594	404.60504	2.313139	2.2042012	20645	2.9752827	7.0988994	185.64632	3.623369	3.5309327	23363	4.3642726	10.850226	281.04218
GP3_S28_subsampled_depth_9G_contig_79	159.2355	158.5783	12544	445.89124	24.780766	902.11084	164.31036	164.36784	12544	310.37244	25.551374	937.0633	177.66269	177.76033	12544	398.22235	27.900007	1023.2511	194.07253	193.80739	12545	465.5214	30.499416	1170.3164	197.73256	197.47675	12545	548.23303	30.914955	1183.5325	195.06955	194.16043	12542	554.30725	30.536762	1158.357	8.754417	8.650534	12545	13.01714	1.0973274	9.115871	7.9454618	7.846554	12524	13.155489	0.9741351	7.172127	7.775232	7.628574	12417	14.459073	0.9452973	7.4721417	19.652925	19.552479	12544	33.6578	71.11703	1867.9037	15.118919	15.027516	12541	20.049751	46.38849	1213.1249	22.515934	22.427444	12545	26.740015	67.73474	1754.4622
GP3_S28_subsampled_depth_9G_contig_248	92.193214	89.18589	50441	1037.5929	14.135066	514.5681	95.39258	91.878204	50441	1225.5192	14.607541	535.7126	97.86288	94.61454	50441	1132.826	15.149434	555.61536	115.44372	112.03712	50441	1476.6852	17.85447	685.1074	115.33479	111.7338	50441	1424.4613	17.734901	678.95435	119.43909	116.26094	50441	1388.4283	18.447325	699.76587	26.18888	25.858671	50441	58.393677	3.2723558	27.18459	23.3576	22.945276	50441	61.330902	2.8526816	21.003038	26.038794	25.689129	50441	66.560745	3.1800382	25.136745	5.024776	4.882465	49269	8.4957075	18.874088	495.732	3.7068064	3.6116254	48610	4.491227	11.40223	298.18457	5.1709847	5.059342	50033	6.7155447	15.416648	399.32132
GP3_S28_subsampled_depth_9G_contig_309	7.6249003	7.0556536	2340	51.76016	1.1919963	43.39303	18.247812	17.756184	2550	179.63495	2.8566277	104.763115	20.768496	20.022968	2595	254.17397	3.26543	119.76184	0	0	0	0	0	0	3.3257756	3.0839221	0	11.318818	0	0	3.3365154	2.895318	2291	12.953963	0.52151906	19.78287	29315.66	29049.338	2664	372368500	3475.9045	28875.531	28901.436	28674.713	2664	348056350	3345.2322	24629.48	21250.584	21079.303	2664	191122180	2466.9949	19500.475	0	0	0	0	0	0	0	0	0	0	0	0	0	0	0	0	0	0
GP3_S28_subsampled_depth_9G_contig_349	0	0	0	0	0	0	4.745624	4.491591	0	18.073069	0	0	0	0	0	0	0	0	0	0	0	0	0	0	0	0	0	0	0	0	0	0	0	0	0	0	4134.93	3975.82	1007	14020615	465.71686	3868.8696	4072.7527	3933.4683	1007	12844726	448.38235	3301.2434	2833.4749	2730.9573	1007	6364952	311.6182	2463.1992	0	0	0	0	0	0	0	0	0	0	0	0	0	0	0	0	0	0
GP3_S28_subsampled_depth_9G_contig_513	0	0	0	0	0	0	0	0	0	0	0	0	0	0	0	0	0	0	0	0	0	0	0	0	0	0	0	0	0	0	0	0	0	0	0	0	7.750622	7.685092	6983	12.3564205	0.9575916	7.955039	4.1524954	4.0264997	6754	5.573638	0.5041158	3.7115827	3.9023855	3.807511	6643	5.148403	0.48483482	3.832397	0	0	0	0	0	0	0	0	0	0	0	0	0	0	0	0	0	0
GP3_S28_subsampled_depth_9G_contig_649	3.593282	3.488452	10738	4.7417746	0.5729492	20.857445	3.5791194	3.510943	10909	3.3697836	0.5518689	20.239069	3.9038584	3.7856781	11005	4.4760475	0.6066908	22.250793	2.9311848	2.862935	10727	3.1815722	0.45936102	17.626488	3.9986382	3.9086232	10754	5.01389	0.61277086	23.45902	4.028234	3.9565306	11092	3.7859287	0.63669693	24.151949	7.9734	7.948361	11165	10.264322	0.99372697	8.255233	6.361507	6.261926	11111	10.318005	0.78741443	5.797385	5.326827	5.237519	10933	8.226388	0.66219634	5.23436	0	0	0	0	0	0	0	0	0	0	0	0	0	0	0	0	0	0
GP3_S28_subsampled_depth_9G_contig_678	24.615425	24.881342	17367	46.645424	3.773003	137.3511	25.883911	25.85017	17367	56.914097	3.96716	145.49039	24.633204	24.811558	17281	51.7767	3.8182528	140.037	24.524563	24.482138	17349	48.10345	3.805202	146.01231	23.4236	23.542942	17318	49.022343	3.597795	137.73622	22.18767	22.248669	17302	43.069332	3.42435	129.89651	9.2503605	8.786031	17252	33.037945	1.1470217	9.528703	7.9206257	7.593804	17275	19.868137	0.96245074	7.086102	9.602667	9.347123	16957	30.636654	1.164666	9.206155	0	0	0	0	0	0	0	0	0	0	0	0	0	0	0	0	0	0
GP3_S28_subsampled_depth_9G_contig_775	137.72473	135.28421	11208	839.3736	21.778873	792.8308	141.08736	137.546	11208	1005.3112	22.346994	819.5468	130.38623	127.19108	11208	864.78107	20.86916	765.39026	124.34238	122.55224	11208	647.4789	19.800974	759.7984	134.585	132.45319	11208	745.9396	21.249601	813.50916	122.90767	120.88738	11208	586.8657	19.618494	744.19214	93.295715	92.361664	11208	2179.8936	12.083956	100.38554	70.236755	69.512054	11208	1257.5161	8.7813015	64.65289	94.48843	93.82078	11208	2137.6768	11.940748	94.38617	0	0	0	0	0	0	0	0	0	0	0	0	0	0	0	0	0	0
GP3_S28_subsampled_depth_9G_contig_869	3.1953287	2.9665768	21507	6.9188914	0.4949156	18.016733	3.6963315	3.4543219	23058	7.651399	0.56990904	20.900675	3.3149912	3.0199146	21607	8.734813	0.5162731	18.93466	3.2472215	3.028131	21667	6.6585965	0.5058844	19.41167	3.2287958	2.9664376	21072	7.81127	0.49640837	19.004253	3.0360157	2.7887383	20672	7.579867	0.4711081	17.870628	8.547463	8.32504	23765	23.467247	1.0570769	8.781501	7.3868136	7.1479897	23777	21.205067	0.89592403	6.5962925	9.826899	9.580355	23798	30.236326	1.2021037	9.502086	2.2133367	2.0835114	19286	3.5258725	7.494091	196.83383	2.3345032	2.1821558	20337	3.5379589	7.156641	187.15625	2.5651374	2.4506545	21092	3.4680128	7.58536	196.47562
GP3_S28_subsampled_depth_9G_contig_910	192.36955	189.82431	11350	2976.4443	30.321424	1103.8108	185.66376	183.41647	11350	2484.1575	29.278719	1073.7589	184.60223	181.98859	11350	2704.4626	29.345491	1076.2655	173.51518	171.17084	11350	2208.2415	27.666523	1061.613	160.99956	159.3369	11350	1899.7189	25.389948	972.0161	168.1567	166.36517	11350	2272.3562	26.746069	1014.5636	11.324464	11.015675	11350	32.829617	1.438318	11.948604	9.91875	9.661111	11269	31.039211	1.2245433	9.015771	14.935625	14.639484	11344	61.791275	1.8639147	14.733395	3.6908035	3.041865	9746	53.00154	14.878602	390.7895	2.92	2.1369047	8952	61.35747	11.8690195	310.3916	3.6020536	2.9682539	10476	39.37971	13.445531	348.2655
GP3_S28_subsampled_depth_9G_contig_992	107.36949	104.74265	49566	2936.5066	16.448353	598.7804	103.68269	101.01789	49576	2667.8945	15.8784	582.31964	111.27414	108.54826	49585	3145.2698	17.196222	630.6827	138.13306	136.0607	49585	4193.428	21.351828	819.3073	128.42027	126.2918	49585	3655.513	19.733027	755.44916	135.95721	134.23158	49585	3882.563	20.962484	795.174	30.305573	29.665386	49585	334.61877	3.7805035	31.405954	26.356548	25.707932	49358	269.774	3.217539	23.689327	29.709862	28.987907	49365	353.355	3.63206	28.709774	1.9650652	1.7782573	37694	6.426967	7.1718125	188.36925	0	0	0	0	0	0	2.2097907	2.0087879	42721	7.327492	6.922551	179.30763
GP3_S28_subsampled_depth_9G_contig_996	0	0	0	0	0	0	0	0	0	0	0	0	0	0	0	0	0	0	0	0	0	0	0	0	0	0	0	0	0	0	0	0	0	0	0	0	5.007706	4.9532585	1837	4.534342	0.5897367	4.8991446	2.4836988	2.4845293	1650	1.4384946	0.28794125	2.1199837	0	0	0	0	0	0	0	0	0	0	0	0	0	0	0	0	0	0	0	0	0	0	0	0
GP3_S28_subsampled_depth_9G_contig_1096	0	0	0	0	0	0	0	0	0	0	0	0	0	0	0	0	0	0	0	0	0	0	0	0	0	0	0	0	0	0	0	0	0	0	0	0	131.92255	131.40237	5379	385.96317	16.75464	139.1865	90.02371	89.23922	5379	214.82158	11.244186	82.78597	84.746796	84.61462	5379	210.48595	10.543484	83.34143	2.1623638	2.0176332	4420	3.060282	7.225766	189.78618	0	0	0	0	0	0	2.3549435	2.2661994	4953	2.4103336	7.2366223	187.44276
GP3_S28_subsampled_depth_9G_contig_1138	4.344389	4.291339	14482	6.596955	0.65820956	23.961254	4.5884986	4.5001802	15218	5.618531	0.69607323	25.527575	4.439865	4.3716736	14504	6.5355096	0.676976	24.828545	3.8572078	3.7583473	14939	4.660253	0.5922229	22.724648	4.1178684	4.007211	14952	5.576914	0.6293083	24.092136	3.7841241	3.6628687	14981	4.9541736	0.5775093	21.906769	2.6681378	2.571789	14196	3.293015	0.3265746	2.712967	0	0	0	0	0	0	2.5331993	2.395976	13429	3.884121	0.30467585	2.4083235	1.9833841	1.8494989	11768	3.1300628	6.3177586	165.93718	1.8847927	1.8087546	13103	1.8917632	5.627114	147.15695	1.674239	1.5549867	0	2.186551	0	0
GP3_S28_subsampled_depth_9G_contig_1294	0	0	0	0	0	0	0	0	0	0	0	0	0	0	0	0	0	0	0	0	0	0	0	0	0	0	0	0	0	0	0	0	0	0	0	0	4.970728	4.782074	1414	6.492413	0.5812228	4.8284183	0	0	0	0	0	0	2.260285	2.2653778	1278	1.8490627	0.27179033	2.14838	0	0	0	0	0	0	0	0	0	0	0	0	0	0	0	0	0	0
GP3_S28_subsampled_depth_9G_contig_1326	874.2202	723.44946	6254	2742816.8	137.23337	4995.7983	917.749	760.8586	6371	2981413.5	144.20882	5288.6704	950.15015	786.7513	6364	3194492.8	150.81517	5531.247	0	0	0	0	0	0	0	0	0	0	0	0	1019.2137	842.7902	4940	3760993.3	161.85384	6139.6323	38685.082	38904.145	6425	162919540	4813.471	39987.16	49486.02	49060.58	6410	383709470	5966.472	43928.51	44602.246	44246.816	6409	306759970	5394.5854	42641.746	0	0	0	0	0	0	0	0	0	0	0	0	0	0	0	0	0	0
GP3_S28_subsampled_depth_9G_contig_1380	717.39056	707.9845	45519	25915.137	109.60608	3990.0635	727.12885	716.50415	45519	25606.23	111.06887	4073.3064	700.0931	688.5972	45519	27007.074	107.87178	3956.2686	732.2111	721.5784	45519	28572.688	112.88822	4331.72	711.94006	702.0383	45519	25369.37	109.01332	4173.411	743.1185	731.87463	45519	28865.658	114.315216	4336.341	28.467808	27.915289	45519	149.8032	3.5482328	29.476389	26.389517	25.857664	45519	140.99974	3.21003	23.63404	43.867466	42.89293	45519	355.57678	5.3527865	42.311333	5.611651	5.4824286	44732	8.863265	19.22684	504.99698	4.5206637	4.410771	44458	5.887473	13.741236	359.35284	7.464304	7.3771214	45346	10.102507	22.020235	570.36694
GP3_S28_subsampled_depth_9G_contig_1475	0	0	0	0	0	0	0	0	0	0	0	0	0	0	0	0	0	0	0	0	0	0	0	0	0	0	0	0	0	0	0	0	0	0	0	0	18240.092	16865.525	2748	308835650	2175.604	18073.482	25500.717	23506.928	2748	619138600	2968.3008	21854.29	25178.02	23240.455	2731	598115200	2939.4824	23235.268	0	0	0	0	0	0	0	0	0	0	0	0	0	0	0	0	0	0
GP3_S28_subsampled_depth_9G_contig_1693	4.715645	4.593074	19795	7.25396	0.72216207	26.28935	4.5244064	4.3790674	19357	7.1518855	0.6910112	25.341942	5.2454534	5.0643067	19877	9.5840645	0.81475204	29.881582	4.670697	4.593294	19942	5.5606494	0.71805084	27.552868	4.822489	4.6882124	20075	6.756574	0.73654234	28.197414	4.486347	4.438804	19300	6.331797	0.68797725	26.097181	5.0875664	4.9076695	19864	10.227688	0.63765067	5.2971826	3.7938945	3.609591	18834	7.710368	0.4629656	3.408614	4.3031864	4.084237	19668	8.58822	0.5257278	4.1556377	2.5942812	2.4612675	17173	4.168172	8.680551	227.99637	2.8048465	2.6448274	18281	4.5232177	8.76861	229.31148	2.433867	2.3022628	17468	3.5920553	7.376298	191.06065
GP3_S28_subsampled_depth_9G_contig_1696	0	0	0	0	0	0	0	0	0	0	0	0	0	0	0	0	0	0	0	0	0	0	0	0	0	0	0	0	0	0	0	0	0	0	0	0	3.8186915	3.7297633	2479	6.8769884	0.44960362	3.7350109	2.6340187	2.630552	2663	1.7100618	0.3099116	2.2817428	2.3828037	2.3337483	2164	3.0890086	0.2850351	2.2530723	0	0	0	0	0	0	0	0	0	0	0	0	0	0	0	0	0	0
GP3_S28_subsampled_depth_9G_contig_1747	0	0	0	0	0	0	0	0	0	0	0	0	0	0	0	0	0	0	0	0	0	0	0	0	0	0	0	0	0	0	0	0	0	0	0	0	2962.826	2948.311	5392	156795.19	364.29086	3026.2898	3300.669	3286.7917	5392	194004.92	396.17664	2916.8745	4227.687	4205.801	5392	316657.5	508.71588	4021.1677	0	0	0	0	0	0	0	0	0	0	0	0	0	0	0	0	0	0
GP3_S28_subsampled_depth_9G_contig_1798	15.5453615	15.433131	10830	51.646477	2.3618524	85.98009	16.579742	16.573973	10851	58.981766	2.5090377	92.015686	17.036604	17.096468	10840	66.1348	2.6227443	96.19088	17.703087	17.65541	10840	70.50146	2.7192652	104.34293	15.335372	15.261505	10814	59.367493	2.3475683	89.87309	18.405893	18.569237	10870	69.23042	2.8126848	106.69417	4.0157537	3.8424792	10473	7.7552667	0.49850005	4.1412096	3.4096005	3.2444148	10201	6.8260956	0.41177028	3.0316842	3.5404503	3.3184392	9767	8.129759	0.42652774	3.371506	0	0	0	0	0	0	0	0	0	0	0	0	0	0	0	0	0	0
GP3_S28_subsampled_depth_9G_contig_2060	79.48927	77.64645	12836	3922.4023	12.025492	437.772	75.0325	72.73817	12855	3680.1836	11.335373	415.71008	73.97533	71.455536	12866	3605.0085	11.298915	414.39514	70.42184	68.60895	12890	3283.4636	10.752006	412.57333	71.87727	70.24539	12897	2918.922	10.9061775	417.5266	73.41769	71.34171	12889	3401.0867	11.170827	423.74515	9.317669	8.953359	12491	48.295254	1.1495059	9.549343	8.4263	7.7575703	11785	57.921413	1.0194291	7.5056086	10.419956	9.961973	11954	60.09887	1.25942	9.955138	0	0	0	0	0	0	0	0	0	0	0	0	0	0	0	0	0	0
GP3_S28_subsampled_depth_9G_contig_2110	0	0	0	0	0	0	0	0	0	0	0	0	0	0	0	0	0	0	0	0	0	0	0	0	0	0	0	0	0	0	0	0	0	0	0	0	5.332435	5.299641	2006	4.598322	0.6331656	5.2599263	0	0	0	0	0	0	2.0086207	2.007177	1924	0.8732411	0.28281006	2.2354834	0	0	0	0	0	0	0	0	0	0	0	0	0	0	0	0	0	0
GP3_S28_subsampled_depth_9G_contig_2150	0	0	0	0	0	0	0	0	0	0	0	0	0	0	0	0	0	0	0	0	0	0	0	0	0	0	0	0	0	0	0	0	0	0	0	0	7.8751383	7.8417177	1960	5.800876	0.9529789	7.9167213	3.5403316	3.3552148	1870	6.51164	0.44668382	3.2887378	0	0	0	0	0	0	0	0	0	0	0	0	0	0	0	0	0	0	0	0	0	0	0	0
GP3_S28_subsampled_depth_9G_contig_2300	0	0	0	0	0	0	2.0963047	2.0389557	2367	2.27825	0.3657122	13.412018	1.7443075	1.5905511	2286	2.4502804	0.30339754	11.127302	0	0	0	0	0	0	0	0	0	0	0	0	1.5263158	1.4910899	2250	1.0313274	0.23736581	9.004042	4171.278	4190.1465	2829	99044.28	518.9541	4311.1304	2978.8044	3001.4028	2829	64508.75	361.29086	2660.0256	3305.9353	3319.511	2829	87165.99	402.28214	3179.8562	0	0	0	0	0	0	0	0	0	0	0	0	0	0	0	0	0	0
GP3_S28_subsampled_depth_9G_contig_2552	0	0	0	0	0	0	0	0	0	0	0	0	0	0	0	0	0	0	0	0	0	0	0	0	0	0	0	0	0	0	0	0	0	0	0	0	43.171272	42.54074	5399	70.42895	5.2828107	43.88611	80.23547	80.3418	5399	169.52077	9.614719	70.78899	51.314537	51.04762	5399	82.860855	6.12504	48.41567	0	0	0	0	0	0	0	0	0	0	0	0	0	0	0	0	0	0
GP3_S28_subsampled_depth_9G_contig_2566	0	0	0	0	0	0	0	0	0	0	0	0	0	0	0	0	0	0	0	0	0	0	0	0	0	0	0	0	0	0	0	0	0	0	0	0	767.82434	762.3769	6453	25894.693	94.45422	784.6638	709.6719	705.4188	6453	20374.465	85.256584	627.7068	686.10675	681.8154	6453	20124.771	82.64598	653.2788	0	0	0	0	0	0	0	0	0	0	0	0	0	0	0	0	0	0
GP3_S28_subsampled_depth_9G_contig_2614	14835.378	14665.339	96700	10315105	2265.7898	82483.05	15377.806	15186.774	96766	11569114	2346.9785	86072.38	15411.208	15179.659	96828	12434404	2373.3484	87044.13	15947.518	15657.005	95902	15604107	2457.633	94303.72	16674.674	16423.852	96105	15192288	2552.1958	97706.984	15828.684	15558.546	96343	14707514	2433.7603	92320.305	8126.189	7896.921	97024	8198415.5	1014.6277	8428.862	7293.035	6934.996	97005	13989050	889.1618	6546.506	7969.987	7654.386	97010	11610349	974.3492	7701.7866	29.157307	28.93669	95629	78.793304	92.8369	2438.3801	30.48945	30.181688	95557	80.98661	91.955864	2404.7754	30.854946	30.600851	95547	79.44116	90.798294	2351.853
GP3_S28_subsampled_depth_9G_contig_2634	60.75874	58.23454	43978	994.96014	9.340142	340.01535	59.04027	56.80035	44001	823.56287	9.072508	332.72223	61.395504	58.72282	44000	960.40936	9.52039	349.1666	52.611977	50.43885	43994	746.152	8.161481	313.1702	53.28559	51.304745	43990	690.51666	8.208507	314.25024	52.445168	50.43842	43997	654.55115	8.112272	307.72452	33.56694	31.235426	43982	654.9164	4.2159333	35.023212	27.41427	25.382807	43914	437.72995	3.366633	24.787046	32.067726	29.816944	43776	577.0072	3.959719	31.299776	0	0	0	0	0	0	0	0	0	0	0	0	0	0	0	0	0	0
GP3_S28_subsampled_depth_9G_contig_1124|provirus_205_31638	16.789446	16.495739	31426	48.59152	2.5884671	94.229675	17.2804	17.085346	31431	50.15729	2.65794	97.476524	16.56636	16.214804	31425	48.13333	2.5777586	94.54094	17.03139	16.816807	31429	53.551163	2.6607602	102.09804	16.991179	16.766373	31425	52.640396	2.6315773	100.746056	17.552807	17.381163	31433	54.32548	2.732923	103.668465	11.639592	11.328669	31430	33.306435	1.4599731	12.128495	9.498434	9.261791	31381	21.001661	1.1680439	8.599792	11.895857	11.737747	31303	26.017279	1.4595494	11.537066	0	0	0	0	0	0	0	0	0	0	0	0	0	0	0	0	0	0
GP4_S29_subsampled_depth_9G_contig_106	10.58123	10.707405	1555	21.98061	1.6562281	60.292786	24.233658	24.40043	1687	140.98232	3.5944796	131.82286	32.297733	33.028038	1675	114.14573	4.8858685	179.19241	2.9786408	2.8181164	1384	5.4406056	0.41074488	15.761002	3.5514562	3.4471602	1495	5.7837825	0.54361403	20.811447	4.3779936	4.097771	1592	8.867392	0.66939044	25.392115	52746.508	53947.85	1695	511400500	6053.979	50292.484	51340.04	52465.477	1695	494917340	5749.495	42331.016	38548.703	39392.57	1695	273241820	4330.8276	34233.215	0	0	0	0	0	0	0	0	0	0	0	0	0	0	0	0	0	0
GP4_S29_subsampled_depth_9G_contig_201	0	0	0	0	0	0	0	0	0	0	0	0	0	0	0	0	0	0	0	0	0	0	0	0	0	0	0	0	0	0	0	0	0	0	0	0	0	0	0	0	0	0	4.0878925	3.9860697	1265	6.1718016	0.46139672	3.397061	0	0	0	0	0	0	0	0	0	0	0	0	0	0	0	0	0	0	0	0	0	0	0	0
GP4_S29_subsampled_depth_9G_contig_208	0	0	0	0	0	0	0	0	0	0	0	0	0	0	0	0	0	0	0	0	0	0	0	0	0	0	0	0	0	0	0	0	0	0	0	0	0	0	0	0	0	0	4.452844	4.4019933	1462	2.7782998	0.49097145	3.614808	0	0	0	0	0	0	0	0	0	0	0	0	0	0	0	0	0	0	0	0	0	0	0	0
GP4_S29_subsampled_depth_9G_contig_246	82.58487	78.67961	33546	5309.226	13.189033	480.12903	86.65738	82.211	33560	6316.267	13.856585	508.17203	90.93168	86.00336	33563	6776.681	14.652106	537.37555	90.46409	85.22263	33565	7278.8164	14.608999	560.5729	94.0331	88.85929	33564	7894.987	15.08922	577.66815	90.11183	85.21775	33565	6993.093	14.5275135	551.07495	46.966305	45.00459	33565	721.41724	5.896329	48.982826	40.56949	39.21376	33540	457.53583	4.985104	36.703136	44.904747	43.11298	33562	634.8329	5.5240765	43.665306	0	0	0	0	0	0	0	0	0	0	0	0	0	0	0	0	0	0
GP4_S29_subsampled_depth_9G_contig_250	2.692713	2.4834309	1930	6.4984183	0.40752083	14.835249	4.730904	4.553606	2033	13.234098	0.7859398	28.823322	6.613696	6.2134504	1910	40.051846	1.0223	37.493523	0	0	0	0	0	0	0	0	0	0	0	0	0	0	0	0	0	0	28031.043	28189.906	2414	249899330	3341.031	27755.096	39579.74	39834.77	2428	498398140	4603.3555	33892.484	39146.793	39438.41	2415	480333800	4564.9165	36083.59	0	0	0	0	0	0	0	0	0	0	0	0	0	0	0	0	0	0
GP4_S29_subsampled_depth_9G_contig_319	0	0	0	0	0	0	0	0	0	0	0	0	0	0	0	0	0	0	0	0	0	0	0	0	0	0	0	0	0	0	0	0	0	0	0	0	2.5466237	2.4013393	2265	3.584476	0.30446196	2.5292697	6.1957397	5.989286	2601	13.084709	0.7259882	5.345133	5.3894696	5.4705358	2440	4.7421	0.6243553	4.9352436	0	0	0	0	0	0	0	0	0	0	0	0	0	0	0	0	0	0
GP4_S29_subsampled_depth_9G_contig_336	0	0	0	0	0	0	0	0	0	0	0	0	0	0	0	0	0	0	2.5249493	2.4583147	2340	3.470258	0.37273327	14.302435	3.392292	3.3744931	2200	4.43736	0.49330634	18.8855	3.407708	3.3573682	2322	5.088171	0.5047267	19.145891	0	0	0	0	0	0	3.0705884	2.9594412	2466	3.7766716	0.36269927	2.6703944	0	0	0	0	0	0	0	0	0	0	0	0	0	0	0	0	0	0	0	0	0	0	0	0
GP4_S29_subsampled_depth_9G_contig_600	64.4153	49.222115	22094	11495.587	10.034605	365.29636	60.709446	46.65982	22042	9808.862	9.4355545	346.0366	62.35042	48.49006	21999	10460.503	9.748976	357.55014	61.097973	46.029236	21945	11067.335	9.597648	368.27872	55.834644	43.521473	22020	8113.856	8.696568	332.9352	58.32629	44.718094	22046	9356.238	9.151191	347.1338	7.4766674	7.1103244	21347	29.033207	0.9375088	7.7882104	7.838106	7.352977	21818	32.31398	0.9525989	7.0135655	8.348054	7.9262986	21017	37.098713	1.020329	8.065239	0	0	0	0	0	0	0	0	0	0	0	0	0	0	0	0	0	0
GP4_S29_subsampled_depth_9G_contig_631	30.61244	30.025873	12680	151.21333	4.692807	170.83534	28.487719	28.086212	12670	103.62461	4.3934937	161.12567	29.438597	29.046429	12647	126.77678	4.5609174	167.27469	24.728548	24.535975	12664	86.86307	3.8422446	147.43367	22.754387	22.243044	12675	105.76457	3.503451	134.12433	24.429266	24.039429	12670	99.17139	3.8117986	144.59364	6.247209	6.100124	12389	13.559746	0.79924065	6.639563	5.8036685	5.794081	12489	7.0763717	0.7157853	5.2700133	7.028469	6.8716106	12591	11.877891	0.86960053	6.873793	0	0	0	0	0	0	0	0	0	0	0	0	0	0	0	0	0	0
GP4_S29_subsampled_depth_9G_contig_722	170.59683	156.56355	11758	14052.438	28.750668	1046.6295	159.5883	146.17007	11758	13137.81	26.903778	986.66095	162.46838	148.67899	11758	12997.447	27.58539	1011.71234	147.35863	135.00153	11758	10531.012	24.997253	959.1886	137.36484	126.19142	11758	9342.008	23.210009	888.56036	149.32082	137.22444	11758	10524.967	25.231123	957.09705	11.703652	11.263017	11691	37.277214	1.5679169	13.025223	11.733459	11.10356	11758	46.142273	1.5109168	11.124214	14.809356	14.032542	11758	83.359116	1.9237522	15.20639	3.8391626	3.4691808	10578	12.586777	14.590291	383.21704	3.0249827	2.790295	9906	7.113703	10.377029	271.37384	3.734321	3.4087863	10972	10.953618	12.715633	329.3597
GP4_S29_subsampled_depth_9G_contig_823	548.6082	538.8844	94280	9253.952	83.83509	3051.905	568.6529	558.5874	94280	9995.012	86.81508	3183.8296	582.8432	571.58716	94280	11578.482	89.80168	3293.5356	616.101	602.8317	94280	14236.023	95.008736	3645.6533	601.2001	589.8054	94280	13117.004	92.062675	3524.4824	602.9203	591.3839	94280	12760.99	92.759315	3518.657	263.954	263.08347	94280	5864.102	32.975636	273.93976	231.41785	230.03334	94280	4787.2373	28.218742	207.76219	263.17233	261.74283	94280	5755.7314	32.193672	254.47618	3.1796665	3.0610733	86178	4.8120284	10.211602	268.20993	3.325518	3.2177813	89490	4.443932	10.0694065	263.32922	2.8828747	2.758375	86148	4.022328	8.482691	219.71828
GP4_S29_subsampled_depth_9G_contig_827	0	0	0	0	0	0	0	0	0	0	0	0	0	0	0	0	0	0	0	0	0	0	0	0	0	0	0	0	0	0	0	0	0	0	0	0	1.3342845	1.2820281	1953	1.0130044	0.15786575	1.3114448	4.7268653	4.633771	2603	4.639886	0.58159274	4.282011	0	0	0	0	0	0	0	0	0	0	0	0	0	0	0	0	0	0	0	0	0	0	0	0
GP4_S29_subsampled_depth_9G_contig_1010	0	0	0	0	0	0	0	0	0	0	0	0	0	0	0	0	0	0	0	0	0	0	0	0	0	0	0	0	0	0	0	0	0	0	0	0	19.51758	19.469576	2084	25.924938	2.3751307	19.731016	7.5232677	7.4661307	2084	8.987301	0.866468	6.379423	9.570838	9.650402	2066	14.42721	1.1328075	8.954325	0	0	0	0	0	0	0	0	0	0	0	0	0	0	0	0	0	0
GP4_S29_subsampled_depth_9G_contig_1116	1042.6792	898.0253	125687	954037.5	159.36087	5801.321	1071.094	928.56055	125675	948543.7	163.56882	5998.672	1019.43085	871.12744	125692	978971.44	157.0929	5761.4854	1436.2914	1296.8026	125679	930660.8	221.48189	8498.649	1476.8143	1346.5889	125612	868420	226.20628	8659.966	1437.5171	1299.0991	125692	933557.3	221.17361	8389.822	808.31696	708.31665	125611	545831.25	100.898834	838.2012	673.5358	593.40015	125692	355745.25	82.0976	604.44867	716.1769	622.8395	125611	463159.34	87.5579	692.1052	2.3949914	2.1862676	101108	4.929809	7.7839975	204.44832	2.297303	2.1081707	103380	4.1430407	6.9502892	181.75998	2.5393653	2.3529668	107919	4.5306234	7.4713163	193.52162
GP4_S29_subsampled_depth_9G_contig_1193	41.206303	38.817608	32709	1653.9851	7.236882	263.44904	40.3771	37.753967	32709	1664.2734	7.101383	260.4339	40.84023	37.96417	32709	2036.1189	7.3566556	269.81027	41.65945	38.707355	32709	2404.697	7.581023	290.89713	40.419792	37.387444	32709	2299.3254	7.3236012	280.3732	40.57775	37.530525	32709	2302.1138	7.3687677	279.52072	45.680794	43.038902	32709	686.78	5.836104	48.482525	35.896866	33.630573	32709	445.20837	4.4906116	33.062397	45.36841	42.906227	32709	676.07135	5.6822395	44.91553	0	0	0	0	0	0	0	0	0	0	0	0	0	0	0	0	0	0
GP4_S29_subsampled_depth_9G_contig_1738	0	0	0	0	0	0	2.7930636	2.6367137	0	5.9420815	0	0	0	0	0	0	0	0	4.2485547	4.1424904	1011	7.3004174	0.7087878	27.197426	2.416185	2.410783	938	1.8543673	0.36312348	13.901635	4.516763	4.530167	904	7.6574163	0.6387709	24.23062	0	0	0	0	0	0	3.1560693	3.1643133	1015	0.8934383	0.35940078	2.6461108	0	0	0	0	0	0	0	0	0	0	0	0	0	0	0	0	0	0	0	0	0	0	0	0
GP4_S29_subsampled_depth_9G_contig_1924	9.839563	9.494993	76096	39.57029	1.50936	54.94623	9.83718	9.485558	76191	43.09011	1.5074764	55.28473	9.909127	9.535903	76352	37.798203	1.5291584	56.082874	10.723579	10.3431015	76598	46.26753	1.6616136	63.75905	10.036118	9.651139	75993	44.71627	1.5421376	59.038437	10.510211	10.185697	76175	43.901196	1.6230001	61.565567	10.430188	9.839527	76496	53.026485	1.3077396	10.863838	9.04961	8.556743	76604	39.44288	1.103461	8.124295	9.153117	8.68587	75442	44.058662	1.1188056	8.84365	0	0	0	0	0	0	0	0	0	0	0	0	0	0	0	0	0	0
GP4_S29_subsampled_depth_9G_contig_2107	132.45428	130.26422	49762	720.98846	20.392979	742.3792	136.7905	134.6292	49762	883.91364	21.033058	771.35986	133.49345	130.62737	49762	968.2369	20.71665	759.79694	122.0749	120.04369	49762	686.61743	18.953398	727.2754	126.780235	124.574265	49762	698.0568	19.555902	748.66864	123.99833	121.7896	49762	717.80853	19.21927	729.0483	88.86397	86.8802	49762	1710.0472	11.086468	92.09909	70.96648	69.2478	49762	1048.2423	8.652827	63.70696	82.87962	81.302	49759	1341.5645	10.134771	80.11076	0	0	0	0	0	0	0	0	0	0	0	0	0	0	0	0	0	0
GP4_S29_subsampled_depth_9G_contig_2185	0	0	0	0	0	0	0	0	0	0	0	0	0	0	0	0	0	0	2.0846233	2.098511	948	1.6581209	0.33182603	12.732743	1.6790506	1.648339	948	1.1582488	0.24703105	9.45721	0	0	0	0	0	0	0	0	0	0	0	0	2.9700723	2.9725087	1119	0.9815414	0.3422979	2.52019	0	0	0	0	0	0	0	0	0	0	0	0	0	0	0	0	0	0	0	0	0	0	0	0
GP5_S30_subsampled_depth_9G_contig_304	140.51222	137.68556	98077	5952.4272	21.494135	782.46533	149.08844	146.23958	98077	6498.836	22.788803	835.7496	153.5566	149.85155	98072	7557.256	23.695969	869.06525	150.81577	147.76756	98077	6778.2695	23.286825	893.55664	156.89653	154.05847	98063	7130.4077	24.05617	920.9545	151.71529	148.33789	98076	7104.672	23.377846	886.7961	96.76752	90.82696	98077	5086.341	12.085331	100.397026	82.9198	78.17791	98077	3669.9014	10.105726	74.40402	93.57192	88.33141	98073	4676.46	11.440245	90.429955	0	0	0	0	0	0	0	0	0	0	0	0	0	0	0	0	0	0
GP5_S30_subsampled_depth_9G_contig_455	0	0	0	0	0	0	0	0	0	0	0	0	0	0	0	0	0	0	0	0	0	0	0	0	0	0	0	0	0	0	0	0	0	0	0	0	4193.6597	4031.0583	4003	7955366	548.90094	4559.91	3031.7004	2918.0042	4003	4235484.5	387.0775	2849.8828	3393.7068	3263.6423	4003	5229908.5	433.4711	3426.3916	0	0	0	0	0	0	0	0	0	0	0	0	0	0	0	0	0	0
GP5_S30_subsampled_depth_9G_contig_531	0	0	0	0	0	0	0	0	0	0	0	0	0	0	0	0	0	0	0	0	0	0	0	0	0	0	0	0	0	0	0	0	0	0	0	0	20.16582	20.321657	3090	31.225895	2.5555453	21.229792	16.757885	16.763466	3099	27.58722	2.0540874	15.123347	14.871821	14.845951	3099	15.573122	1.8129293	14.330382	0	0	0	0	0	0	0	0	0	0	0	0	0	0	0	0	0	0
GP5_S30_subsampled_depth_9G_contig_587	125.40183	123.462135	24959	717.28735	19.297134	702.4866	129.69394	127.46925	24959	818.8752	19.941162	731.3159	137.85005	135.3019	24959	890.5772	21.391733	784.556	141.68532	139.49944	24959	858.9597	21.996473	844.04333	134.26277	131.76712	24959	772.19867	20.712606	792.9511	139.70265	137.14488	24959	885.1148	21.638592	820.821	30.495626	28.176273	24959	682.76855	3.7956958	31.532148	26.600105	24.892202	24929	402.60666	3.2366338	23.8299	29.174614	27.268843	24959	463.8515	3.5554054	28.103855	5.1878753	4.9949393	24440	9.71716	18.651197	489.8776	3.0019348	2.9022796	22581	4.0822277	9.159201	239.52608	5.1457534	5.046397	24534	7.0773516	15.188273	393.40588
GP5_S30_subsampled_depth_9G_contig_1342	8.187988	7.9877086	11336	19.394495	1.2583203	45.807484	7.388094	7.0687737	11450	21.701143	1.1297302	41.431393	7.4051275	7.1803727	11329	16.66884	1.15395	42.321865	8.265695	8.00117	11425	17.334387	1.2851483	49.31341	7.3519187	7.109355	11413	12.468344	1.145893	43.86879	8.377996	8.036972	11396	21.669806	1.2983425	49.250244	5.952498	5.8697686	11353	9.333799	0.73651665	6.118496	5.1902714	5.0603843	11092	9.784922	0.6243728	4.596982	5.11397	4.996391	11539	5.445388	0.6185296	4.8891935	0	0	0	0	0	0	0	0	0	0	0	0	0	0	0	0	0	0
GP5_S30_subsampled_depth_9G_contig_1534	2.914038	2.7657619	2025	6.6285048	0.44547912	16.217077	6.536278	6.130035	2199	28.189611	1.0442722	38.297318	6.13959	5.8638353	2254	23.603388	0.97592336	35.792645	0	0	0	0	0	0	0	0	0	0	0	0	0	0	0	0	0	0	10909.481	10853.04	2607	44985500	1293.1201	10742.394	11306.015	11255.159	2566	48049520	1307.234	9624.589	7980.5386	7954.4097	2686	23724536	925.21326	7313.3896	0	0	0	0	0	0	0	0	0	0	0	0	0	0	0	0	0	0
GP5_S30_subsampled_depth_9G_contig_1556	19.705523	19.57841	10778	83.415306	2.9887595	108.80184	20.168167	20.164759	10677	82.94984	3.0514512	111.90798	22.035082	21.944427	10747	110.02863	3.3655114	123.4324	21.746914	21.43592	10801	114.19538	3.322277	127.48156	21.566496	21.307661	10624	108.95044	3.2893002	125.92596	22.087053	22.2359	10783	91.9334	3.367872	127.75417	3.994153	3.82957	9903	8.527253	0.48897192	4.062056	2.721485	2.5875864	9347	4.6914034	0.3255579	2.39694	3.586079	3.5061347	10184	4.672722	0.43385282	3.4294102	0	0	0	0	0	0	0	0	0	0	0	0	0	0	0	0	0	0
GP5_S30_subsampled_depth_9G_contig_1572	97.97606	91.1974	13685	1964.643	15.524874	565.1622	92.00082	84.98079	13685	2078.1702	14.596034	535.29047	93.294495	87.74818	13685	1479.5645	14.850879	544.6659	86.012115	80.285805	13685	1421.7377	13.727537	526.74963	78.17237	72.82984	13685	1186.3547	12.387236	474.22684	82.93949	77.626526	13685	1225.0834	13.162309	499.28833	14.625933	14.269474	13685	44.572716	1.8412234	15.295678	12.078389	11.795535	13685	29.350958	1.4994183	11.03956	16.076616	15.600509	13685	71.32462	2.0045686	15.845202	2.9719245	2.5800705	11041	11.694645	10.60974	278.66714	1.758552	1.5877042	10644	2.8002768	5.634539	147.35117	2.4281492	2.1463516	11181	6.088804	7.5635524	195.91077
GP5_S30_subsampled_depth_9G_contig_1600	9437.316	9382.2295	24926	15403476	1444.3047	52577.977	9075.396	9016.829	24926	14654786	1388.0001	50903.105	8740.155	8692.943	24926	13189811	1348.5913	49460.48	7980.3984	7939.6377	24926	10958519	1232.2416	47283.28	7489.658	7453.33	24926	9627322	1148.4923	43968.31	7816.979	7775.8765	24926	10454782	1204.2727	45681.902	5171.8755	5076.963	24926	3207867.5	645.6385	5363.539	3940.3267	3873.482	24926	1891497.9	480.2114	3535.585	5551.638	5463.742	24926	3570319.3	678.4998	5363.232	187.58661	186.09013	24926	5209.658	590.33374	15505.238	226.05206	224.6678	24926	7140.5063	684.19196	17892.586	204.56627	203.63026	24926	5721.7446	603.2776	15626.073
GP5_S30_subsampled_depth_9G_contig_1631	6.348418	6.231146	10353	7.8112936	0.9818259	35.742058	6.7230873	6.482207	10160	15.341512	1.0342557	37.929985	5.7071214	5.585265	10143	9.387178	0.88455033	32.44147	6.2128515	6.103167	10151	11.406002	0.97004217	37.222225	6.3456755	6.268473	10257	7.521855	0.97844225	37.458176	5.931237	5.727936	10284	11.177287	0.9276484	35.188667	4.312959	4.1506147	10157	5.9993234	0.5517508	4.583582	4.1061807	3.9542933	10067	6.080418	0.50357395	3.7075956	4.337447	4.2188487	10062	5.5731287	0.52645653	4.1614003	0	0	0	0	0	0	0	0	0	0	0	0	0	0	0	0	0	0
GP5_S30_subsampled_depth_9G_contig_1717	0	0	0	0	0	0	0	0	0	0	0	0	0	0	0	0	0	0	0	0	0	0	0	0	0	0	0	0	0	0	0	0	0	0	0	0	5.167131	4.70567	2045	19.324587	0.60802037	5.0510364	6.863974	6.8484535	2287	7.87234	0.8233148	6.0617056	5.9493966	5.7783504	2304	6.1456037	0.7228081	5.7134686	0	0	0	0	0	0	0	0	0	0	0	0	0	0	0	0	0	0
GP5_S30_subsampled_depth_9G_contig_1869	0	0	0	0	0	0	0	0	0	0	0	0	0	0	0	0	0	0	0	0	0	0	0	0	0	0	0	0	0	0	0	0	0	0	0	0	932.9313	933.20685	5215	19679.559	114.88193	954.3635	804.5179	802.8324	5215	13545.068	96.88492	713.3212	621.30145	619.6903	5215	10665.529	74.862045	591.7505	0	0	0	0	0	0	0	0	0	0	0	0	0	0	0	0	0	0
GP5_S30_subsampled_depth_9G_contig_1933	0	0	0	0	0	0	0	0	0	0	0	0	0	0	0	0	0	0	0	0	0	0	0	0	0	0	0	0	0	0	0	0	0	0	0	0	0	0	0	0	0	0	0	0	0	0	0	0	5.058648	4.9619207	2162	6.3993425	0.5925247	4.683636	0	0	0	0	0	0	0	0	0	0	0	0	0	0	0	0	0	0
GP5_S30_subsampled_depth_9G_contig_2082	0	0	0	0	0	0	11.204709	10.410313	2648	105.86519	1.8347017	67.28526	16.684107	15.318083	2474	274.7258	2.6972287	98.922646	0	0	0	0	0	0	0	0	0	0	0	0	0	0	0	0	0	0	48537.19	46736.438	3208	1655819900	5819.1963	48342.06	64598.29	62234.777	3208	2961171700	7557.3765	55641.637	65858.38	63481.72	3208	3030488300	7723.7153	61052.45	0	0	0	0	0	0	0	0	0	0	0	0	0	0	0	0	0	0
GP5_S30_subsampled_depth_9G_contig_2100	6.71104	6.6816053	36230	11.531122	1.0266099	37.372364	6.4615035	6.3849025	36509	11.414706	0.9845337	36.106476	6.7783923	6.7663136	36184	10.235988	1.0417736	38.207756	6.8992133	6.8542147	36927	11.424233	1.0620623	40.75317	7.0003757	6.9470086	36372	13.331292	1.0683876	40.90163	7.1106424	6.9956737	36148	16.021324	1.0900468	41.348934	6.6250772	6.5588245	36561	11.583968	0.8238334	6.843868	6.013159	5.8549905	36805	10.430161	0.73227656	5.3914285	6.357306	6.22933	37151	9.36027	0.7743725	6.121064	0	0	0	0	0	0	0	0	0	0	0	0	0	0	0	0	0	0
GP5_S30_subsampled_depth_9G_contig_2187	10500.382	10138.176	73123	52807040	1606.6404	58487.594	10443.877	10083.835	73182	51830732	1596.9071	58564.48	10493.762	10099.858	73123	54968700	1619.2715	59387.85	11844.559	11472.61	73160	51067550	1829.467	70199.87	11581.493	11251.162	73323	47805012	1776.4998	68010.625	11895.665	11519.106	73277	54103976	1833.1237	69536.234	10546.722	8701.012	73376	235011200	1348.7786	11204.767	8755.935	7282.4614	73371	136448200	1090.4225	8028.3003	9301.482	7842.17	73444	124238450	1158.0272	9153.676	49.392174	44.986206	73121	2548.6812	164.85237	4329.8823	46.281277	43.02809	73121	1551.0214	142.53902	3727.5972	56.01049	51.52721	73121	3079.3242	168.62033	4367.597
GP5_S30_subsampled_depth_9G_contig_2305	10.767569	10.701456	16528	13.591665	1.6370983	59.59638	11.399988	11.380394	16508	13.846984	1.7311082	63.486134	10.083991	10.064725	16481	12.47058	1.5443685	56.640747	9.687341	9.664442	16276	13.0864315	1.4780071	56.71372	10.407513	10.36037	16468	15.4374275	1.5834581	60.620327	10.290326	10.237257	16516	13.148093	1.5721972	59.63845	6.8448234	6.6324162	16202	14.880754	0.85146844	7.0734425	5.333293	5.218649	15424	10.065396	0.6482798	4.772999	7.822369	7.6165047	16583	15.633979	0.9553089	7.5512857	0	0	0	0	0	0	0	0	0	0	0	0	0	0	0	0	0	0
GP5_S30_subsampled_depth_9G_contig_2372	3.1747432	2.9967048	21437	6.233783	0.4852807	17.666002	3.6003842	3.3662398	22034	7.6651745	0.5469073	20.057108	3.0248976	2.8081315	22145	5.6886477	0.46803555	17.165508	2.9611914	2.7739255	20791	6.1491814	0.45955577	17.633968	3.0558944	2.8289242	21528	6.2837124	0.47050554	18.012594	2.6680174	2.569015	21287	3.5192688	0.40758505	15.460992	8.416201	8.108465	23909	24.628582	1.0530243	8.747832	7.019091	6.7221293	23234	20.555468	0.8488284	6.249552	10.052552	9.66727	23786	34.581444	1.2208976	9.650637	2.3543737	2.228952	20164	3.5261245	7.808139	205.08238	2.8127663	2.6247563	21719	4.6698756	8.567713	224.05782	2.5685103	2.406572	21182	3.8587184	7.565737	195.96736
M1_S25_subsampled_depth_9G_contig_508	0	0	0	0	0	0	0	0	0	0	0	0	0	0	0	0	0	0	0	0	0	0	0	0	0	0	0	0	0	0	0	0	0	0	0	0	0	0	0	0	0	0	0	0	0	0	0	0	0	0	0	0	0	0	23.781342	19.73122	11405	597.0363	83.7488	2199.68	26.11737	21.738722	11405	672.64954	88.40939	2312.0305	25.53363	21.066824	11405	724.3497	84.82195	2197.054
M1_S25_subsampled_depth_9G_contig_1195	0	0	0	0	0	0	0	0	0	0	0	0	0	0	0	0	0	0	0	0	0	0	0	0	0	0	0	0	0	0	0	0	0	0	0	0	0	0	0	0	0	0	0	0	0	0	0	0	0	0	0	0	0	0	21.186678	20.638832	12551	54.425385	72.00849	1891.3185	22.293121	21.593674	12551	61.62125	72.74777	1902.4565	19.96968	19.468237	12551	43.308437	63.61414	1647.73
M1_S25_subsampled_depth_9G_contig_2429	54.31929	48.789852	11447	1313.8368	8.364424	304.4958	56.641144	52.586094	11447	897.207	8.688698	318.64664	58.763123	52.892616	11412	1350.5276	9.161912	336.0191	64.66124	59.129414	11395	1579.6112	10.055659	385.8534	64.236786	58.544106	11412	1360.4999	9.902892	379.11743	65.716736	60.582752	11400	1355.9717	10.160723	385.42862	4.839161	4.5922904	10504	14.783529	0.60373926	5.0154676	4.314331	4.154686	10233	11.261227	0.5226335	3.8479211	4.1642914	3.8994002	9435	13.92768	0.5131892	4.0565243	8.22475	8.075819	11367	14.102542	33.095608	869.2629	5.7707357	5.689153	11176	8.699204	21.991535	575.1096	7.742498	7.6528664	11442	9.170143	27.938389	723.6587
M1_S25_subsampled_depth_9G_contig_3177	0	0	0	0	0	0	0	0	0	0	0	0	1.4583013	1.3590443	9936	1.6537023	0.22718585	8.332192	0	0	0	0	0	0	1.8127784	1.6856655	9986	2.5690463	0.28506	10.913099	2.0606666	1.9125427	10828	2.9791932	0.32170105	12.203155	0	0	0	0	0	0	0	0	0	0	0	0	0	0	0	0	0	0	399.38803	386.46545	13172	9170.772	1276.4237	33525.543	371.92896	358.81366	13172	7793.7695	1139.0474	29787.693	418.02188	405.64856	13172	8720.38	1248.1656	32329.932
M1_S25_subsampled_depth_9G_contig_3929	0	0	0	0	0	0	0	0	0	0	0	0	0	0	0	0	0	0	0	0	0	0	0	0	0	0	0	0	0	0	0	0	0	0	0	0	0	0	0	0	0	0	0	0	0	0	0	0	0	0	0	0	0	0	209.17412	166.3466	11177	130756.34	825.0336	21669.68	223.32883	177.78287	11177	154110.98	857.93524	22436.223	232.51819	188.93057	11177	144343.64	862.3563	22336.713
M1_S25_subsampled_depth_9G_contig_4687	5.1911526	5.04731	23964	7.557734	0.81271106	29.58566	5.5780973	5.413871	24062	9.462949	0.86028546	31.549837	5.5358076	5.4537716	23919	7.196618	0.86896753	31.869965	5.123183	5.0153713	24058	6.8411765	0.80627257	30.938103	5.221886	5.152055	23975	6.897621	0.8202295	31.40125	4.9863315	4.862166	23986	7.0670824	0.7806491	29.612505	0	0	0	0	0	0	0	0	0	0	0	0	0	0	0	0	0	0	32.318974	32.217453	24293	57.850014	102.39629	2689.4607	39.533073	39.28446	24293	74.607864	120.24277	3144.5186	41.19136	41.05168	24293	56.575428	121.7783	3154.295
M1_S25_subsampled_depth_9G_contig_5477	0	0	0	0	0	0	0	0	0	0	0	0	0	0	0	0	0	0	0	0	0	0	0	0	0	0	0	0	0	0	0	0	0	0	0	0	0	0	0	0	0	0	0	0	0	0	0	0	0	0	0	0	0	0	18.982456	18.748795	34694	32.46908	61.075207	1604.1525	22.99343	22.925089	34694	29.086443	70.036026	1831.541	17.543161	17.370216	34694	22.469429	52.26107	1353.6638
M1_S25_subsampled_depth_9G_contig_5977	5.758799	5.5819187	40322	11.941482	0.89786	32.685375	5.5849934	5.4138107	40518	11.276455	0.8721757	31.985914	5.949043	5.759481	40305	12.621041	0.9397945	34.467567	5.924942	5.7458367	40687	11.744918	0.9329116	35.79746	5.793391	5.6327353	40075	12.389275	0.90937483	34.81405	5.8009815	5.6457887	39811	12.935395	0.91243094	34.611412	0	0	0	0	0	0	0	0	0	0	0	0	0	0	0	0	0	0	263.8868	258.62805	41518	8260.177	834.3209	21913.611	300.40878	295.62598	41518	10543.789	909.20374	23776.959	306.7481	300.99203	41518	10956.397	906.0386	23468.17
M1_S25_subsampled_depth_9G_contig_6334	9.892583	9.717446	12001	14.93403	1.5588459	56.747696	8.818412	8.635511	12001	15.66289	1.3697726	50.234646	10.372711	10.16162	12001	17.28327	1.6372283	60.046444	11.174163	10.902596	12001	22.664684	1.7713265	67.968895	12.977302	12.701791	12001	25.235685	2.0538404	78.62822	12.317695	12.115402	12001	17.12615	1.9352479	73.41016	0	0	0	0	0	0	0	0	0	0	0	0	0	0	0	0	0	0	13.918404	13.712759	12001	25.32271	45.155384	1186.0155	14.079318	13.724478	12001	23.891092	43.615673	1140.6115	12.246392	12.020999	12001	15.231608	36.858475	954.7067
M1_S25_subsampled_depth_9G_contig_9483	0	0	0	0	0	0	0	0	0	0	0	0	0	0	0	0	0	0	0	0	0	0	0	0	0	0	0	0	0	0	0	0	0	0	0	0	0	0	0	0	0	0	0	0	0	0	0	0	0	0	0	0	0	0	5.125294	4.498649	24768	74.1609	18.28808	480.34018	3.3066275	2.83634	23230	54.650204	11.900958	311.22687	4.620745	3.9263616	24632	113.448265	16.141476	418.0956
M1_S25_subsampled_depth_9G_contig_10710	0	0	0	0	0	0	0	0	0	0	0	0	0	0	0	0	0	0	0	0	0	0	0	0	0	0	0	0	0	0	0	0	0	0	0	0	0	0	0	0	0	0	0	0	0	0	0	0	0	0	0	0	0	0	58.898857	45.509415	21565	5610.91	203.14615	5335.676	65.53677	49.16742	21565	7844.4077	219.18669	5732.0415	63.182022	45.744385	21565	8332.057	205.69304	5327.8525
M1_S25_subsampled_depth_9G_contig_10892	0	0	0	0	0	0	0	0	0	0	0	0	0	0	0	0	0	0	0	0	0	0	0	0	0	0	0	0	0	0	0	0	0	0	0	0	0	0	0	0	0	0	0	0	0	0	0	0	0	0	0	0	0	0	30.219301	29.467688	54427	161.09853	102.87428	2702.0154	32.55434	31.72236	54427	220.91547	106.5635	2786.787	28.428598	27.585924	54427	202.93596	91.72345	2375.8162
M1_S25_subsampled_depth_9G_contig_11774	0	0	0	0	0	0	0	0	0	0	0	0	0	0	0	0	0	0	0	0	0	0	0	0	0	0	0	0	0	0	0	0	0	0	0	0	0	0	0	0	0	0	0	0	0	0	0	0	0	0	0	0	0	0	32.330956	29.58867	26921	337.87112	111.16932	2919.886	36.067463	33.568584	26921	358.4393	119.64169	3128.7988	33.952374	31.165386	26921	384.2949	110.54766	2863.4006
M1_S25_subsampled_depth_9G_contig_13479	0	0	0	0	0	0	0	0	0	0	0	0	0	0	0	0	0	0	0	0	0	0	0	0	0	0	0	0	0	0	0	0	0	0	0	0	0	0	0	0	0	0	0	0	0	0	0	0	0	0	0	0	0	0	7.2815924	7.1259627	4621	10.253797	23.492891	617.04553	8.375978	8.288198	4621	12.066436	25.6188	669.9678	7.806978	7.731677	4621	9.449759	23.835163	617.3775
M1_S25_subsampled_depth_9G_contig_13713	0	0	0	0	0	0	0	0	0	0	0	0	0	0	0	0	0	0	0	0	0	0	0	0	0	0	0	0	0	0	0	0	0	0	0	0	0	0	0	0	0	0	0	0	0	0	0	0	0	0	0	0	0	0	6.665941	6.5628524	5664	9.670715	22.242933	584.2153	7.8766775	7.7548347	5664	12.852556	24.825195	649.21387	6.538085	6.481668	5526	10.435062	20.070797	519.8728
M1_S25_subsampled_depth_9G_contig_14973	3.958952	3.7375224	8349	11.32446	0.60085785	21.87343	3.3160882	3.1340759	8048	7.7831664	0.5060059	18.5571	4.623286	4.5572133	8229	10.369897	0.7074158	25.944937	3.9622624	3.850268	8211	9.497913	0.6059856	23.252722	4.3281946	4.2344227	8059	10.406089	0.65736336	25.166176	4.0513573	3.8523695	8156	11.523185	0.6154343	23.345377	4.3944006	4.0132394	8137	17.91878	0.5486983	4.5582247	0	0	0	0	0	0	0	0	0	0	0	0	4.269744	4.0860567	10148	8.852507	13.373803	351.26572	4.1500993	3.9304402	9809	10.055694	12.64763	330.75348	3.782843	3.574761	10105	7.9738374	11.344129	293.83502
M1_S25_subsampled_depth_9G_contig_15776	0	0	0	0	0	0	0	0	0	0	0	0	0	0	0	0	0	0	0	0	0	0	0	0	0	0	0	0	0	0	0	0	0	0	0	0	0	0	0	0	0	0	0	0	0	0	0	0	0	0	0	0	0	0	34.094875	28.942122	13348	2170.8638	138.26993	3631.688	28.705233	23.130478	13339	2554.0166	120.75554	3157.928	35.572952	29.498695	13343	2736.7112	138.52676	3588.113
M1_S25_subsampled_depth_9G_contig_16903	0	0	0	0	0	0	0	0	0	0	0	0	0	0	0	0	0	0	0	0	0	0	0	0	0	0	0	0	0	0	0	0	0	0	0	0	0	0	0	0	0	0	0	0	0	0	0	0	0	0	0	0	0	0	41.7694	39.7407	22366	1003.2216	153.7444	4038.129	44.848038	42.90523	22366	1078.7063	156.3378	4088.4534	41.900566	39.674484	22366	1111.4031	145.87718	3778.5032
M1_S25_subsampled_depth_9G_contig_18094	0	0	0	0	0	0	0	0	0	0	0	0	0	0	0	0	0	0	0	0	0	0	0	0	0	0	0	0	0	0	0	0	0	0	0	0	0	0	0	0	0	0	0	0	0	0	0	0	0	0	0	0	0	0	9.079597	5.977088	14550	397.77747	37.574963	986.9146	8.259829	4.74	14326	495.49658	35.888832	938.54395	8.442681	4.8230653	14066	511.3289	34.727562	899.51166
M1_S25_subsampled_depth_9G_contig_21272	0	0	0	0	0	0	0	0	0	0	0	0	0	0	0	0	0	0	0	0	0	0	0	0	0	0	0	0	0	0	0	0	0	0	0	0	0	0	0	0	0	0	0	0	0	0	0	0	0	0	0	0	0	0	18.259417	15.326786	11406	416.97827	70.11095	1841.4788	20.781273	17.760757	11406	428.10657	75.71603	1980.0812	17.568052	15.018456	11406	323.35175	62.63166	1622.2826
M1_S25_subsampled_depth_9G_contig_21598	1.7665629	1.6626177	11381	2.0602026	0.27030703	9.840171	0	0	0	0	0	0	1.8567808	1.7363849	11033	2.5380676	0.2841338	10.420794	2.3413222	2.2595124	12428	2.5705292	0.3623769	13.905043	2.702773	2.618132	12524	3.251331	0.4108499	15.728778	2.4591992	2.3433352	12275	3.3225024	0.37981498	14.4076	0	0	0	0	0	0	0	0	0	0	0	0	0	0	0	0	0	0	10.545507	9.599228	13961	303.69876	47.071964	1236.3552	10.060314	9.137238	13961	314.68652	43.762817	1144.46	11.395627	10.5475025	13955	246.77078	45.086147	1167.8196
M1_S25_subsampled_depth_9G_contig_21657	0	0	0	0	0	0	0	0	0	0	0	0	0	0	0	0	0	0	0	0	0	0	0	0	0	0	0	0	0	0	0	0	0	0	0	0	0	0	0	0	0	0	0	0	0	0	0	0	0	0	0	0	0	0	54.28681	25.831963	14867	21545.088	202.29584	5313.3433	53.39084	25.223598	14654	21924.432	198.5234	5191.668	59.93144	29.161621	14867	25659.717	215.14427	5572.6577
M1_S25_subsampled_depth_9G_contig_21861	0	0	0	0	0	0	0	0	0	0	0	0	0	0	0	0	0	0	0	0	0	0	0	0	0	0	0	0	0	0	0	0	0	0	0	0	0	0	0	0	0	0	0	0	0	0	0	0	0	0	0	0	0	0	7.1417465	7.0156145	6838	9.097896	22.40945	588.58905	8.400867	8.3161125	6838	9.534661	25.338943	662.6492	9.3661785	9.393355	6838	10.319762	27.751276	718.8123
M1_S25_subsampled_depth_9G_contig_21961	0	0	0	0	0	0	0	0	0	0	0	0	0	0	0	0	0	0	0	0	0	0	0	0	0	0	0	0	0	0	0	0	0	0	0	0	0	0	0	0	0	0	0	0	0	0	0	0	0	0	0	0	0	0	51.483246	40.24555	11132	3974.3123	201.22285	5285.161	55.149883	43.143364	11132	4661.7905	205.5617	5375.729	55.2892	42.77226	11132	5093.1455	203.44711	5269.677
M1_S25_subsampled_depth_9G_contig_23052	0	0	0	0	0	0	0	0	0	0	0	0	0	0	0	0	0	0	0	0	0	0	0	0	0	0	0	0	0	0	0	0	0	0	0	0	0	0	0	0	0	0	0	0	0	0	0	0	0	0	0	0	0	0	40.182	39.815964	54304	93.76965	130.06674	3416.2295	44.786774	44.39163	54304	106.46527	138.88728	3632.0984	41.56223	41.204575	54304	99.08951	125.68658	3255.528
M1_S25_subsampled_depth_9G_contig_23782	0	0	0	0	0	0	0	0	0	0	0	0	0	0	0	0	0	0	0	0	0	0	0	0	0	0	0	0	0	0	0	0	0	0	0	0	0	0	0	0	0	0	0	0	0	0	0	0	0	0	0	0	0	0	4.669967	4.5501323	15899	5.6443768	14.89542	391.23138	3.610366	3.5511072	15503	4.063344	10.842446	283.54535	5.433066	5.2973123	15905	7.7581654	16.039097	415.44394
M1_S25_subsampled_depth_9G_contig_26048	0	0	0	0	0	0	0	0	0	0	0	0	0	0	0	0	0	0	0	0	0	0	0	0	0	0	0	0	0	0	0	0	0	0	0	0	0	0	0	0	0	0	0	0	0	0	0	0	0	0	0	0	0	0	19.663082	19.553282	21420	37.13946	63.0745	1656.6648	14.945186	14.82126	21416	21.828316	45.336876	1185.6232	18.873697	18.81766	21400	29.648716	55.91126	1448.2107
M1_S25_subsampled_depth_9G_contig_27067	0	0	0	0	0	0	0	0	0	0	0	0	0	0	0	0	0	0	0	0	0	0	0	0	0	0	0	0	0	0	0	0	0	0	0	0	0	0	0	0	0	0	0	0	0	0	0	0	0	0	0	0	0	0	10.254328	9.825074	14073	30.167828	35.55474	933.85297	10.395892	9.844865	14072	31.538267	34.00322	889.2322	11.000503	10.492698	14049	34.589634	35.643562	923.2383
M1_S25_subsampled_depth_9G_contig_27373	0	0	0	0	0	0	0	0	0	0	0	0	0	0	0	0	0	0	0	0	0	0	0	0	0	0	0	0	0	0	0	0	0	0	0	0	0	0	0	0	0	0	0	0	0	0	0	0	0	0	0	0	0	0	4.9682336	4.909728	13314	5.836092	16.09049	422.62015	3.6116703	3.4797263	12813	4.675549	10.846047	283.63947	4.6581554	4.5644083	13123	5.878776	13.632147	353.0992
M1_S25_subsampled_depth_9G_contig_27639	0	0	0	0	0	0	0	0	0	0	0	0	0	0	0	0	0	0	0	0	0	0	0	0	0	0	0	0	0	0	0	0	0	0	0	0	0	0	0	0	0	0	0	0	0	0	0	0	0	0	0	0	0	0	16.148401	16.151926	12751	31.954008	51.60891	1355.5189	16.946432	16.821796	12751	26.911488	52.255478	1366.5543	16.455837	16.344944	12751	27.517916	49.433956	1280.4357
M1_S25_subsampled_depth_9G_contig_28187	0	0	0	0	0	0	0	0	0	0	0	0	0	0	0	0	0	0	0	0	0	0	0	0	0	0	0	0	0	0	0	0	0	0	0	0	0	0	0	0	0	0	0	0	0	0	0	0	0	0	0	0	0	0	44.64722	44.543514	49022	68.85703	141.22864	3709.4	54.57045	54.42857	49022	72.96663	165.45477	4326.877	51.69913	51.61831	49022	68.1903	153.05264	3964.3623
M1_S25_subsampled_depth_9G_contig_29128	0	0	0	0	0	0	0	0	0	0	0	0	0	0	0	0	0	0	0	0	0	0	0	0	0	0	0	0	0	0	0	0	0	0	0	0	0	0	0	0	0	0	0	0	0	0	0	0	0	0	0	0	0	0	8.688605	7.7617397	10725	269.7605	46.40386	1218.8071	9.491064	8.477781	10690	388.08633	49.904415	1305.0713	10.084539	9.194243	10725	325.09897	50.317295	1303.3163
M1_S25_subsampled_depth_9G_contig_29158	0	0	0	0	0	0	0	0	0	0	0	0	0	0	0	0	0	0	0	0	0	0	0	0	0	0	0	0	0	0	0	0	0	0	0	0	0	0	0	0	0	0	0	0	0	0	0	0	0	0	0	0	0	0	5.450504	5.364219	11561	6.993737	17.479439	459.10104	3.8034806	3.6709104	11112	6.133099	11.342402	296.61984	5.8591366	5.7350435	11428	9.983691	17.081032	442.43204
M1_S25_subsampled_depth_9G_contig_32724	0	0	0	0	0	0	0	0	0	0	0	0	0	0	0	0	0	0	0	0	0	0	0	0	0	0	0	0	0	0	0	0	0	0	0	0	0	0	0	0	0	0	0	0	0	0	0	0	0	0	0	0	0	0	96.89767	92.25078	19831	1393.4946	318.3424	8361.33	102.83268	98.87591	19831	1050.2118	323.34555	8455.942	91.573395	86.98843	19831	1334.4437	282.14108	7308.004
M1_S25_subsampled_depth_9G_contig_32852	1.7725368	1.6476662	14544	2.3961167	0.27224353	9.910664	0	0	0	0	0	0	1.4672827	1.3572878	0	1.7493995	0	0	1.795369	1.7129043	15197	2.0079277	0.2819876	10.820359	1.9359622	1.8435	14295	2.7206612	0.29586393	11.326701	2.234501	2.0900083	15300	3.512352	0.3504661	13.2943	0	0	0	0	0	0	0	0	0	0	0	0	0	0	0	0	0	0	301.55115	300.58154	18764	1098.4288	963.097	25295.945	294.11652	294.54657	18764	630.4273	888.37836	23232.348	407.99265	407.94806	18764	903.403	1200.8251	31103.715
M1_S25_subsampled_depth_9G_contig_33486	0	0	0	0	0	0	0	0	0	0	0	0	0	0	0	0	0	0	0	0	0	0	0	0	0	0	0	0	0	0	0	0	0	0	0	0	0	0	0	0	0	0	0	0	0	0	0	0	0	0	0	0	0	0	6.5761814	6.4196095	12911	14.845434	28.17415	740	6.9761033	6.843644	12676	15.908363	28.28969	739.8151	6.261226	6.118178	12634	13.289692	26.359346	682.75836
M1_S25_subsampled_depth_9G_contig_999|provirus_342_25683	4.858328	4.6522007	22520	14.286903	0.75455374	27.468517	4.7689743	4.5608187	23086	13.6148405	0.7457458	27.349245	4.6939507	4.4717298	22983	13.423539	0.7350519	26.958508	4.8385997	4.564435	22481	15.373894	0.7554985	28.989801	4.892704	4.6775603	23731	13.537255	0.7608253	29.12706	5.0438232	4.836156	22515	14.86577	0.7857976	29.80781	0	0	0	0	0	0	0	0	0	0	0	0	0	0	0	0	0	0	11.525842	11.342639	25342	18.486643	37.514305	985.321	8.842172	8.771192	25328	10.486702	26.81175	701.16534	14.64973	14.377613	25342	26.90974	43.741623	1132.9933
M1_S25_subsampled_depth_9G_contig_1029|provirus_237_37281	2.448489	2.3529074	33062	2.8957512	0.38076842	13.861364	2.4360754	2.3139398	32353	3.2787712	0.37920275	13.906767	2.5484483	2.4386425	32696	3.277366	0.39951617	14.652516	2.512129	2.4018128	32821	3.2673151	0.39404115	15.120045	2.3978045	2.284428	32527	3.1708794	0.3743409	14.3310795	2.4978724	2.3703437	32513	3.6703415	0.3944145	14.961403	0	0	0	0	0	0	0	0	0	0	0	0	0	0	0	0	0	0	28.370403	27.899961	37045	60.896133	90.19451	2368.978	34.74628	34.24025	37045	66.339134	106.89045	2795.3367	34.71286	34.065166	37045	81.37979	104.133736	2697.268
M1_S25_subsampled_depth_9G_contig_1289|provirus_66386_101056	0	0	0	0	0	0	0	0	0	0	0	0	0	0	0	0	0	0	0	0	0	0	0	0	0	0	0	0	0	0	0	0	0	0	0	0	0	0	0	0	0	0	0	0	0	0	0	0	0	0	0	0	0	0	24.656412	24.609417	34671	33.22016	78.3178	2057.034	28.85461	28.706974	34671	46.841076	87.67834	2292.9126	26.664783	26.359104	34671	43.63618	79.26651	2053.1575
M1_S25_subsampled_depth_9G_contig_1323|provirus_35704_82862	10.728711	10.612636	47096	21.465687	1.6438662	59.84276	10.832011	10.731759	47126	21.62114	1.6644042	61.03987	10.585079	10.427781	47081	21.7697	1.6449208	60.328564	11.435364	11.371978	47134	21.247862	1.772555	68.01604	10.153077	10.060956	47103	21.827019	1.5601655	59.728607	11.30709	11.220473	47102	23.446148	1.7514254	66.43716	0	0	0	0	0	0	0	0	0	0	0	0	0	0	0	0	0	0	126.13385	125.798836	47159	341.93243	398.09677	10456.095	157.03723	156.91304	47159	447.15793	476.2791	12455.37	141.57912	141.27232	47159	396.87476	418.83292	10848.589
M1_S25_subsampled_depth_9G_contig_2717|provirus_29289_47028	2.2816372	1.7207555	14747	20.976223	0.49679267	18.085077	2.6596363	2.1824152	16041	16.871298	0.53784156	19.72464	2.306822	1.8864325	14778	10.772931	0.47729024	17.504936	2.5808413	2.1518443	15200	12.141938	0.50495684	19.376085	2.313701	1.9046867	13836	9.736142	0.46746513	17.896212	2.537578	2.0574152	14927	15.983664	0.5273281	20.003239	0	0	0	0	0	0	0	0	0	0	0	0	0	0	0	0	0	0	31.710289	25.812342	17740	1925.2738	130.24802	3420.9912	44.61063	36.98067	17740	3427.188	174.55429	4564.842	41.46515	34.137	17740	2848.1724	159.40643	4128.9375
M1_S25_subsampled_depth_9G_contig_3273|provirus_28925_47977	6.067238	5.9755483	18934	8.330735	0.9287376	33.809452	4.916415	4.827779	18795	6.1864305	0.76021606	27.879938	5.3333864	5.2466936	18886	6.9228125	0.8242682	30.230589	5.058615	4.942162	18936	6.592692	0.789282	30.286137	5.3589377	5.276788	18938	6.0179644	0.8209312	31.428123	5.560334	5.444366	18733	8.789913	0.85922945	32.593304	0	0	0	0	0	0	0	0	0	0	0	0	0	0	0	0	0	0	24.200392	24.096985	19053	38.21093	75.75997	1989.8519	30.317728	30.33445	19053	38.239525	92.01113	2406.221	26.642225	26.55634	19053	31.719263	78.958336	2045.1755
M1_S25_subsampled_depth_9G_contig_4272|provirus_1_21062	0	0	0	0	0	0	0	0	0	0	0	0	0	0	0	0	0	0	0	0	0	0	0	0	0	0	0	0	0	0	0	0	0	0	0	0	0	0	0	0	0	0	0	0	0	0	0	0	0	0	0	0	0	0	19.001148	18.07369	21062	80.20793	61.639935	1618.986	21.24211	20.244661	21062	82.437904	65.96319	1725.0303	20.46844	19.512432	21062	81.59338	61.97612	1605.3026
M1_S25_subsampled_depth_9G_contig_4543|provirus_50_34921	2.147716	2.004512	28293	3.3907826	0.32927117	11.986679	2.1225448	1.99376	29386	2.857509	0.33294645	12.210372	1.9107482	1.791584	27986	2.6146832	0.30068022	11.027638	2.5916998	2.467968	30673	3.5927684	0.40461996	15.525975	2.1730027	1.9928	27416	4.089507	0.33689433	12.897486	2.4402108	2.2856	30038	3.795869	0.37649506	14.281663	0	0	0	0	0	0	0	0	0	0	0	0	0	0	0	0	0	0	29.402828	29.168896	34872	63.980846	93.97005	2468.143	33.760525	33.42304	34872	86.920944	103.56179	2708.2869	34.76908	34.487103	34872	85.47881	104.20426	2699.0938
M1_S25_subsampled_depth_9G_contig_4764|provirus_52157_107585	0	0	0	0	0	0	0	0	0	0	0	0	0	0	0	0	0	0	0	0	0	0	0	0	0	0	0	0	0	0	0	0	0	0	0	0	0	0	0	0	0	0	0	0	0	0	0	0	0	0	0	0	0	0	30.228333	29.921171	55429	51.88053	96.50107	2534.6208	32.661083	32.5994	55429	41.526142	99.121735	2592.174	29.839777	29.687155	55429	41.19896	88.55708	2293.8015
M1_S25_subsampled_depth_9G_contig_5166|provirus_1_15544	0	0	0	0	0	0	0	0	0	0	0	0	0	0	0	0	0	0	0	0	0	0	0	0	0	0	0	0	0	0	0	0	0	0	0	0	0	0	0	0	0	0	0	0	0	0	0	0	0	0	0	0	0	0	38.91068	39.167507	15544	116.65309	122.00598	3204.5117	58.990517	58.978203	15544	115.69304	179.45953	4693.12	47.134922	46.974453	15544	99.16351	139.95245	3625.0425
M1_S25_subsampled_depth_9G_contig_5245|provirus_23728_50785	10.818827	10.82034	25895	25.652573	1.6821342	61.235836	10.8651705	10.90825	26087	24.711813	1.6857991	61.824505	10.524008	10.595054	25972	22.52609	1.6520733	60.59085	9.881225	9.894335	26162	19.72195	1.5489687	59.436657	9.445333	9.453382	26394	18.677092	1.4677156	56.189304	9.6420765	9.553349	26478	21.723482	1.5172815	57.55532	2.8654304	2.605913	22403	7.354433	0.35896078	2.9820106	2.4639883	2.242588	21161	5.5450296	0.30603787	2.2532227	3.0076556	2.7845817	22363	6.878077	0.3699608	2.9243724	25.38312	24.554752	27058	223.46385	86.94635	2283.6643	26.847034	26.115368	27058	301.9462	87.252785	2281.7834	28.021519	26.790817	27046	402.7931	89.782074	2325.5305
M1_S25_subsampled_depth_9G_contig_5507|provirus_3613_42685	22.837345	22.162855	38834	113.71517	3.4905043	127.06718	22.472626	21.959036	38456	103.3712	3.4345732	125.95851	23.143463	22.427364	38824	117.60074	3.5657582	130.77655	30.027182	29.551283	38751	126.75607	4.6363087	177.90326	30.846184	30.590961	38603	106.7161	4.7229176	180.8098	31.361713	30.84137	38912	132.8122	4.8298535	183.21176	7.4118385	6.7871313	38009	34.802586	0.93217444	7.7438917	6.824294	6.3181753	38332	24.453863	0.84398884	6.2139177	7.584256	7.1465845	38576	24.108898	0.9372046	7.408176	149.57169	148.20114	39073	608.4374	481.7619	12653.577	150.64815	149.68791	39073	457.9997	458.58365	11992.608	218.65547	217.11935	39073	724.09	648.69446	16802.455
M1_S25_subsampled_depth_9G_contig_5866|provirus_45056_65230	0	0	0	0	0	0	0	0	0	0	0	0	0	0	0	0	0	0	0	0	0	0	0	0	0	0	0	0	0	0	1.5009738	1.3762414	15222	2.0602393	0.25479597	9.665226	0	0	0	0	0	0	0	0	0	0	0	0	0	0	0	0	0	0	23.93553	23.865284	20175	40.35595	76.5512	2010.6337	27.748314	27.554348	20175	39.898796	85.02805	2223.6033	30.350512	30.233591	20175	40.768303	90.37519	2340.894
M1_S25_subsampled_depth_9G_contig_5951|provirus_5703_63933	2.5884368	2.4991105	52845	2.9187672	0.39595288	14.414143	2.6064806	2.4859488	52282	3.3935559	0.39798447	14.595558	2.3784199	2.293536	51674	2.7359111	0.36769754	13.485548	2.3725142	2.252138	49755	3.3894331	0.36665207	14.069085	2.2540934	2.144568	50128	2.8284452	0.34614187	13.251529	2.4803119	2.3719893	51230	3.2192788	0.38213977	14.495778	0	0	0	0	0	0	0	0	0	0	0	0	0	0	0	0	0	0	36.554348	36.32424	58231	67.22631	116.05523	3048.215	46.027084	45.51755	58231	90.16081	140.60516	3677.023	40.337925	39.85725	58231	92.86825	120.195816	3113.3066
M1_S25_subsampled_depth_9G_contig_6248|provirus_11758_45076	3.9875486	3.8592436	32105	6.106362	0.61326903	22.32523	3.7307124	3.636988	32176	4.4002266	0.57134473	20.953321	4.094094	3.9789636	32052	5.7301426	0.6342635	23.262037	3.9621937	3.8992395	32291	4.795845	0.6164131	23.652845	3.8631854	3.7141325	32346	5.7122865	0.6007976	23.000631	4.2394404	4.1118817	32761	5.5123725	0.6595191	25.01767	0	0	0	0	0	0	0	0	0	0	0	0	0	0	0	0	0	0	380.9851	381.2431	33319	1581.4066	1210.5966	31796.574	358.07025	357.46518	33319	714.794	1085.862	28396.826	370.1799	369.65015	33319	628.34924	1095.0995	28365.219
M1_S25_subsampled_depth_9G_contig_9031|provirus_2_34931	0	0	0	0	0	0	0	0	0	0	0	0	0	0	0	0	0	0	0	0	0	0	0	0	0	0	0	0	0	0	0	0	0	0	0	0	0	0	0	0	0	0	0	0	0	0	0	0	0	0	0	0	0	0	29.095285	28.989075	34930	53.319847	92.35596	2425.7488	29.85854	29.690435	34930	42.823887	90.625175	2369.9768	32.144825	32.09996	34930	39.207367	95.445335	2472.2197
M1_S25_subsampled_depth_9G_contig_9059|provirus_32187_61418	0	0	0	0	0	0	0	0	0	0	0	0	0	0	0	0	0	0	0	0	0	0	0	0	0	0	0	0	0	0	0	0	0	0	0	0	0	0	0	0	0	0	0	0	0	0	0	0	0	0	0	0	0	0	22.5719	22.511042	29232	37.192944	71.661835	1882.2128	22.030018	21.915756	29232	29.506775	66.75228	1745.6665	23.334469	23.207113	29232	30.64028	69.15322	1791.204
M1_S25_subsampled_depth_9G_contig_11515|provirus_7264_55282	5815.1465	5957.8457	46905	6626625	886.5681	32274.328	5680.597	5820.837	47037	6290213	865.4474	31739.156	5764.497	5910.5806	47234	6401145.5	886.11993	32499.033	5819.64	5964.451	46821	6671151	895.1065	34346.813	5886.1865	6037.0923	47766	6632539.5	899.12604	34421.69	5922.182	6070.624	46861	6824432.5	908.88416	34476.875	1087.5088	989.4275	43318	776478.4	135.17801	1122.9702	908.7935	826.6762	42116	539943.1	110.26255	811.8146	1194.5267	1100.3553	42166	823746.25	145.38759	1149.2227	56.716415	56.0328	48019	854.6022	185.42163	4870.1377	68.954895	67.94012	48019	1415.2152	218.0197	5701.5244	64.5491	63.55674	48019	1460.1927	199.93161	5178.618
M1_S25_subsampled_depth_9G_contig_13377|provirus_2_13023	0	0	0	0	0	0	0	0	0	0	0	0	0	0	0	0	0	0	0	0	0	0	0	0	0	0	0	0	0	0	0	0	0	0	0	0	0	0	0	0	0	0	0	0	0	0	0	0	0	0	0	0	0	0	18.570152	16.610996	13022	271.86874	64.80678	1702.1638	20.55143	18.396254	13022	330.1136	68.967064	1803.586	21.2883	19.578283	13022	225.34032	68.140915	1764.9827
M1_S25_subsampled_depth_9G_contig_13784|provirus_291_45867	0	0	0	0	0	0	0	0	0	0	0	0	0	0	0	0	0	0	0	0	0	0	0	0	0	0	0	0	0	0	0	0	0	0	0	0	0	0	0	0	0	0	0	0	0	0	0	0	0	0	0	0	0	0	16.875162	16.718576	45577	29.2077	55.166386	1448.9567	13.1379795	13.040822	45577	16.034462	39.947155	1044.6746	16.649328	16.566858	45577	18.986076	49.302933	1277.0419
M1_S25_subsampled_depth_9G_contig_13852|provirus_6128_17964	60.852314	60.563362	10985	2440.263	9.214394	335.43768	62.410625	61.856167	9704	2657.48	9.447389	346.47064	60.211517	60.145737	10807	2369.3853	9.17949	336.66385	87.96663	88.116264	11085	5037.6504	13.4513645	516.15265	94.209465	94.22274	10936	5834.156	14.311408	547.89075	91.5175	91.24755	10958	5572.5273	13.943736	528.9303	0	0	0	0	0	0	28.210234	27.492727	9188	591.38574	3.4146261	25.140388	33.013092	32.20439	9495	793.15924	3.9980755	31.602959	9.078891	8.910638	11803	18.687601	29.891638	785.1099	7.7269616	7.5400705	11730	19.152811	23.336187	610.2744	10.578848	10.4236145	11827	27.441982	31.165863	807.2565
M1_S25_subsampled_depth_9G_contig_13881|provirus_111307_147878	5.093927	4.9170837	35875	8.900187	0.7795655	28.37903	5.3690352	5.156681	35449	10.590119	0.8197638	30.063778	5.2259073	4.9339843	35944	11.097643	0.80492646	29.521202	8.1625395	8.0505495	36430	13.671611	1.25833	48.284348	7.993383	7.809213	36164	14.554337	1.2238395	46.852875	8.490144	8.332672	36180	14.661487	1.3061818	49.54765	0	0	0	0	0	0	0	0	0	0	0	0	0	0	0	0	0	0	13.9382515	13.835052	36537	34.713326	43.75655	1149.2747	16.033194	15.916687	36522	42.720436	48.443752	1266.8729	16.50085	16.462416	36544	51.170395	48.634018	1259.7161
M1_S25_subsampled_depth_9G_contig_15188|provirus_105226_142667	0	0	0	0	0	0	0	0	0	0	0	0	0	0	0	0	0	0	0	0	0	0	0	0	0	0	0	0	0	0	0	0	0	0	0	0	0	0	0	0	0	0	0	0	0	0	0	0	0	0	0	0	0	0	29.20688	29.110506	37442	53.547184	91.40977	2400.8972	37.913548	37.799786	37442	53.64474	115.0608	3009.0027	31.355814	31.262156	37442	42.39358	92.76326	2402.7502
M1_S25_subsampled_depth_9G_contig_15193|provirus_14_66721	729.05896	682.6682	63026	204001.25	111.5882	4062.2195	716.02405	674.0597	61543	186501.83	109.492096	4015.4792	728.8533	681.7528	62165	213519.34	112.4525	4124.2705	784.2694	705.1672	63495	357013.2	121.08504	4646.2466	749.964	674.29694	64072	324444.34	115.00935	4402.961	781.50806	705.44855	62507	341278.66	120.40185	4567.226	312.18634	315.19476	61239	22722.516	39.131145	325.07578	263.95612	265.70267	61241	16197.991	32.318756	237.94873	303.35876	306.03705	61991	20349.656	37.229877	294.28513	17.10164	16.943426	66708	28.127304	55.3986	1455.0558	13.549596	13.417484	66708	19.639948	41.055317	1073.6544	17.190075	17.118874	66708	25.45648	50.919193	1318.907
M1_S25_subsampled_depth_9G_contig_15447|provirus_107230_160358	5.4196944	4.7098546	50791	49.797974	0.876615	31.911997	5.0508127	4.3803873	51296	40.76517	0.8105242	29.724918	5.290964	4.643227	50482	44.161648	0.8632137	31.658943	5.1808076	4.487155	50543	49.292896	0.8487147	32.566673	4.8258743	4.061112	50078	47.41354	0.7817438	29.927898	4.9058304	4.235136	50859	43.962948	0.7971411	30.238113	0	0	0	0	0	0	0	0	0	0	0	0	0	0	0	0	0	0	30.241322	19.107145	53129	3879.7405	105.00081	2757.8684	36.997604	24.037394	53129	5428.5635	123.62923	3233.078	37.070633	22.296541	53129	6924.599	122.371796	3169.6694
M1_S25_subsampled_depth_9G_contig_16404|provirus_18266_28729	0	0	0	0	0	0	0	0	0	0	0	0	0	0	0	0	0	0	0	0	0	0	0	0	0	0	0	0	0	0	0	0	0	0	0	0	0	0	0	0	0	0	0	0	0	0	0	0	0	0	0	0	0	0	38.729202	38.52876	10464	79.98065	122.574936	3219.457	60.22998	60.298687	10464	89.743286	184.0503	4813.1763	44.32102	44.256462	10464	78.9937	132.65082	3435.9153
M1_S25_subsampled_depth_9G_contig_16934|provirus_2_17124	41.125553	38.995747	13028	2357.3882	6.232767	226.89555	38.17534	36.309944	14445	1947.8163	5.7910786	212.38022	0	0	0	0	0	0	61.16226	58.25496	14525	5059.0767	9.373368	359.67258	60.60873	57.767952	13907	5040.905	9.207262	352.4862	58.9574	56.05322	14848	4735.386	9.003617	341.53595	0	0	0	0	0	0	0	0	0	0	0	0	0	0	0	0	0	0	9.547399	9.282974	17123	22.7526	31.178427	818.9077	8.070818	7.898606	17015	16.019142	24.688248	645.63275	11.386791	11.231655	17123	26.89781	33.789566	875.21594
M1_S25_subsampled_depth_9G_contig_16942|provirus_66_15637	0	0	0	0	0	0	0	0	0	0	0	0	0	0	0	0	0	0	0	0	0	0	0	0	0	0	0	0	0	0	0	0	0	0	0	0	0	0	0	0	0	0	0	0	0	0	0	0	0	0	0	0	0	0	28.868435	28.326874	15572	72.10323	97.60141	2563.5212	28.75561	28.151657	15572	70.74677	91.63652	2396.425	27.234795	26.392939	15572	91.78387	84.87718	2198.4844
M1_S25_subsampled_depth_9G_contig_22368|provirus_186218_231039	89.45684	89.853355	44822	2649.952	13.704674	498.90036	91.803925	91.92947	44822	2865.8542	14.056162	515.49146	88.87594	89.14754	44822	2652.7393	13.731628	503.61664	90.502235	90.49122	44822	2783.4412	13.982654	536.53906	93.05263	93.25014	44822	2860.5247	14.278687	546.6382	89.162094	89.29311	44822	2593.5745	13.754194	521.7406	51.40632	48.89514	37055	1676.5886	6.4596334	53.6624	42.707153	40.448315	38589	1194.4823	5.259213	38.721268	52.8551	50.167213	38801	1775.6116	6.5098376	51.45732	38.08444	37.97202	44822	63.679256	121.410965	3188.8845	37.007477	36.89606	44822	60.86396	112.064354	2930.6418	42.054756	41.903595	44822	56.243782	124.29731	3219.543
M1_S25_subsampled_depth_9G_contig_24060|provirus_9696_22059	0	0	0	0	0	0	0	0	0	0	0	0	0	0	0	0	0	0	0	0	0	0	0	0	0	0	0	0	0	0	0	0	0	0	0	0	0	0	0	0	0	0	0	0	0	0	0	0	0	0	0	0	0	0	43.902245	43.860195	12364	69.50327	138.53493	3638.6494	42.035698	41.57113	12364	69.5279	127.66577	3338.6414	42.564026	42.56367	12364	53.665726	126.36199	3273.0234
M1_S25_subsampled_depth_9G_contig_25701|provirus_16310_56569	1.8676889	1.7465928	32132	2.418081	0.2863479	10.424113	1.7532785	1.6367313	32190	2.1547394	0.26897195	9.864196	1.7191473	1.6095291	31571	2.0621605	0.26735452	9.805398	1.930192	1.8256787	33227	2.357888	0.29801446	11.435347	2.0991774	1.9807479	33404	2.9318976	0.32041633	12.266652	2.2835703	2.1806648	34174	2.8720903	0.35314065	13.395745	0	0	0	0	0	0	0	0	0	0	0	0	0	0	0	0	0	0	51.253452	50.96986	40260	96.430374	161.43427	4240.1055	50.663624	50.462605	40260	95.3936	153.5481	4015.5002	48.911343	48.768032	40260	71.78952	144.50165	3742.8755
M1_S25_subsampled_depth_9G_contig_25743|provirus_39026_77481	0	0	0	0	0	0	1.5989401	1.4935317	29095	1.8677331	0.24512048	8.989473	1.6607842	1.5780253	30019	1.8053055	0.25637054	9.402559	0	0	0	0	0	0	0	0	0	0	0	0	0	0	0	0	0	0	0	0	0	0	0	0	0	0	0	0	0	0	0	0	0	0	0	0	46.17556	45.829967	38456	106.29072	147.65483	3878.1843	45.72477	45.231842	38456	103.09322	139.74464	3654.5195	48.44095	48.120228	38456	85.313354	144.1143	3732.8408
M1_S25_subsampled_depth_9G_contig_26553|provirus_1_15930	0	0	0	0	0	0	0	0	0	0	0	0	0	0	0	0	0	0	0	0	0	0	0	0	0	0	0	0	0	0	0	0	0	0	0	0	0	0	0	0	0	0	0	0	0	0	0	0	0	0	0	0	0	0	15.693663	8.342769	15929	2836.7856	64.61493	1697.1244	16.463371	8.377412	15930	2960.5417	64.662964	1691.028	16.881622	8.81045	15930	3509.9468	66.53127	1723.2898
M1_S25_subsampled_depth_9G_contig_27139|provirus_21962_63552	2669.229	2583.4243	41591	8238670	407.7727	14844.421	2638.1482	2552.5996	41591	8009636.5	402.7371	14769.8545	2540.8875	2462.2578	41591	7371706.5	391.3637	14353.52	2513.2527	2433.6697	41591	7176173	387.4212	14866.032	2412.047	2335.9631	41591	6587379.5	369.33023	14139.252	2447.5808	2370.4897	41591	6771660.5	376.52496	14282.795	2906.497	2684.45	38427	11745404	362.61514	3012.3677	2220.0317	2053.0942	37607	6803687	270.33414	1990.351	2651.8154	2452.147	38157	9710942	323.7729	2559.277	9.537463	9.39542	41584	15.6926155	32.074257	842.4374	8.17613	8.080328	41495	11.295161	24.854166	649.9715	9.060568	8.9154625	41523	14.640293	26.769398	693.37994
M1_S25_subsampled_depth_9G_contig_28235|provirus_3_11988	0	0	0	0	0	0	0	0	0	0	0	0	0	0	0	0	0	0	0	0	0	0	0	0	0	0	0	0	0	0	0	0	0	0	0	0	0	0	0	0	0	0	0	0	0	0	0	0	0	0	0	0	0	0	264.55746	264.4499	11986	612.2126	841.69415	22107.273	275.31125	275.7	11986	482.90665	839.7254	21960.006	269.38333	270.07547	11986	519.0787	800.8298	20743.059
M1_S25_subsampled_depth_9G_contig_30939|provirus_32005_67636	0	0	0	0	0	0	0	0	0	0	0	0	0	0	0	0	0	0	0	0	0	0	0	0	0	0	0	0	0	0	0	0	0	0	0	0	0	0	0	0	0	0	0	0	0	0	0	0	0	0	0	0	0	0	42.77645	41.621593	35632	174.45473	134.65741	3536.806	44.97492	44.051826	35632	143.36366	136.25742	3563.3235	42.205063	41.343678	35632	125.59043	124.82357	3233.1753
M2_S26_subsampled_depth_9G_contig_2100	0	0	0	0	0	0	0	0	0	0	0	0	0	0	0	0	0	0	0	0	0	0	0	0	0	0	0	0	0	0	0	0	0	0	0	0	0	0	0	0	0	0	0	0	0	0	0	0	0	0	0	0	0	0	12.795236	9.080211	13668	1060.9867	54.291374	1425.9745	12.214602	8.575115	13668	1004.3652	51.039406	1334.7524	14.225773	10.118672	13668	1311.9775	57.57391	1491.277
M2_S26_subsampled_depth_9G_contig_4132	5.7987814	5.450143	10170	24.53524	0.9181671	33.42464	5.563669	5.2441373	9731	22.75811	0.88816875	32.572422	5.839969	5.498284	9726	25.179655	0.93741626	34.380375	5.7199244	5.3797903	9969	25.124672	0.90830845	34.85338	5.905698	5.576549	9602	25.470812	0.94453174	36.159958	5.4146214	5.129838	9261	22.721407	0.8768623	33.26218	0	0	0	0	0	0	0	0	0	0	0	0	0	0	0	0	0	0	43.549084	43.358818	11804	74.98563	136.85649	3594.5637	56.764202	56.65062	11804	81.15009	170.035	4446.6553	50.007893	50.157578	11804	72.176346	146.10962	3784.524
M2_S26_subsampled_depth_9G_contig_4406	0	0	0	0	0	0	0	0	0	0	0	0	0	0	0	0	0	0	0	0	0	0	0	0	0	0	0	0	0	0	0	0	0	0	0	0	0	0	0	0	0	0	0	0	0	0	0	0	0	0	0	0	0	0	7.576081	7.507742	14156	10.299976	24.075684	632.3528	6.9714165	6.9157057	14214	5.868487	20.933496	547.4405	8.380261	8.354795	14203	11.141172	24.771454	641.62885
M2_S26_subsampled_depth_9G_contig_5821	120.88036	118.33137	26538	2032.955	18.826155	685.341	123.68175	120.796425	26538	2028.4958	19.238958	705.56366	128.70941	125.37267	26538	2329.3738	20.191486	740.5362	137.77618	134.95103	26538	2176.6208	21.6505	830.7678	136.62111	133.66792	26538	2126.4495	21.324766	816.3867	136.08182	133.37515	26538	2227.9905	21.331837	809.18463	11.663824	10.311116	25513	146.57387	1.4653854	12.173456	9.532098	8.771958	24717	71.965126	1.1615384	8.551898	12.206647	11.361389	25851	102.95039	1.497117	11.834022	11.352925	11.253347	26535	21.760952	39.77972	1044.823	9.95786	9.790484	26538	16.116005	30.406189	795.165	12.487911	12.450315	26538	17.394901	37.10323	961.04645
M2_S26_subsampled_depth_9G_contig_6498	0	0	0	0	0	0	0	0	0	0	0	0	0	0	0	0	0	0	0	0	0	0	0	0	0	0	0	0	0	0	0	0	0	0	0	0	0	0	0	0	0	0	0	0	0	0	0	0	0	0	0	0	0	0	95.56974	94.99281	15915	2092.2922	314.98593	8273.171	98.10961	97.08436	15915	2348.2822	314.52798	8225.352	96.56289	95.775604	15915	2398.8882	301.92416	7820.4272
M2_S26_subsampled_depth_9G_contig_7570	0	0	0	0	0	0	0	0	0	0	0	0	0	0	0	0	0	0	0	0	0	0	0	0	0	0	0	0	0	0	0	0	0	0	0	0	0	0	0	0	0	0	0	0	0	0	0	0	0	0	0	0	0	0	5.3087244	4.998717	11144	12.760745	16.803127	441.33762	4.8893037	4.695124	11031	9.735234	14.634191	382.70462	4.77914	4.7363796	10802	6.6625443	14.038799	363.63232
M2_S26_subsampled_depth_9G_contig_11655	29.407705	28.911861	32512	190.45233	4.4761634	162.94879	28.775349	28.128979	32745	185.5206	4.3818626	160.69905	28.89524	28.156446	32514	189.09564	4.4382544	162.77594	28.953743	27.65053	32676	330.09848	4.4489274	170.7132	27.607162	26.596743	32513	273.64032	4.207674	161.08449	28.237041	26.779377	32522	331.2655	4.329531	164.23293	12.069653	12.036973	31916	37.19455	1.5037289	12.491996	9.893766	9.774624	31921	29.314152	1.2010796	8.843026	10.963891	10.924187	32126	31.392494	1.3324834	10.532677	13.937841	13.639221	34047	28.519588	44.836567	1177.6414	13.82199	13.550165	34047	24.345173	42.39119	1108.5892	12.7790365	12.542987	34047	24.950407	38.24844	990.7093
M2_S26_subsampled_depth_9G_contig_12941	0	0	0	0	0	0	0	0	0	0	0	0	0	0	0	0	0	0	0	0	0	0	0	0	0	0	0	0	0	0	0	0	0	0	0	0	0	0	0	0	0	0	0	0	0	0	0	0	0	0	0	0	0	0	4.439305	4.337107	9643	6.1887865	14.424112	378.85233	3.8025777	3.6537907	9871	4.478806	11.340626	296.57346	4.707963	4.6929736	10013	3.893023	13.759128	356.38824
M2_S26_subsampled_depth_9G_contig_13564	0	0	0	0	0	0	0	0	0	0	0	0	0	0	0	0	0	0	0	0	0	0	0	0	0	0	0	0	0	0	0	0	0	0	0	0	0	0	0	0	0	0	0	0	0	0	0	0	0	0	0	0	0	0	26.502502	24.159819	38116	1692.4006	91.492905	2403.0803	26.461123	24.427685	38116	1405.1232	87.453094	2287.0215	25.656298	23.49678	38116	1505.4882	83.6957	2167.882
M2_S26_subsampled_depth_9G_contig_15939	3.1856391	3.0715196	15486	4.6384435	0.49026352	17.847397	2.9056103	2.7299564	13713	5.7455893	0.44856665	16.450607	3.684824	3.624958	15708	4.38411	0.5664388	20.774506	3.250317	3.1109695	15449	4.8854594	0.5013919	19.239294	2.8676853	2.7780612	15520	3.4283786	0.44254246	16.942078	3.5115044	3.4085207	15285	5.5867596	0.5363072	20.34384	0	0	0	0	0	0	0	0	0	0	0	0	0	0	0	0	0	0	4.5395255	4.4191213	15624	8.719645	14.25092	374.30344	4.6124163	4.4950686	16425	6.1539135	13.87154	362.7603	4.838094	4.6715865	16058	8.986287	14.374877	372.33743
M2_S26_subsampled_depth_9G_contig_16286	286.54828	285.2206	39962	4431.0166	44.246758	1610.7444	288.8034	287.04102	39962	4603.3896	44.5324	1633.1674	293.85492	292.19632	39962	4868.186	45.77526	1678.8383	308.88577	307.08215	39962	4960.4043	48.150547	1847.6215	308.51694	307.33707	39962	4675.982	47.783314	1829.3129	314.33392	313.41458	39962	4743.6685	48.87084	1853.8271	43.53351	37.015015	39777	2393.1426	5.430296	45.11133	38.112125	32.38276	39733	1852.7723	4.6418257	34.17573	45.026825	39.318542	39803	2064.7734	5.500422	43.478317	20.721992	20.70811	39962	51.132877	72.632645	1907.7117	17.462675	17.4273	39962	35.69767	53.244217	1392.4111	21.891842	22.008596	39962	43.518425	65.16307	1687.8508
M2_S26_subsampled_depth_9G_contig_16594	5.6551723	5.415003	22053	8.81643	0.8845487	32.2008	5.80245	5.579048	22068	9.256131	0.90244496	33.095997	6.018784	5.789675	22082	9.7999115	0.9460946	34.698635	6.543648	6.286146	22190	9.816053	1.028056	39.44832	5.7949185	5.513259	22107	11.085213	0.9124981	34.933613	6.1005445	5.8953924	22049	10.798545	0.96107095	36.456497	0	0	0	0	0	0	0	0	0	0	0	0	0	0	0	0	0	0	85.34895	83.03292	22190	644.22614	281.19785	7385.7197	83.72831	81.160416	22190	667.5766	261.98917	6851.388	92.75735	89.903206	22190	697.5713	281.48996	7291.14
M2_S26_subsampled_depth_9G_contig_19499	4.4683905	4.227345	12412	12.104981	0.7029958	25.59161	5.422837	5.1726384	13172	13.10514	0.84253436	30.898857	4.898895	4.696567	12152	13.812136	0.7759552	28.458656	5.1957455	4.9794536	12761	14.243593	0.8176732	31.375566	5.1634216	4.896935	12826	15.086206	0.8047836	30.809933	5.2564836	5.082185	13056	10.625385	0.8365083	31.73143	0	0	0	0	0	0	0	0	0	0	0	0	0	0	0	0	0	0	205.56424	205.1227	13453	752.8083	654.9347	17201.996	222.18372	222.19276	13453	1039.9928	676.00433	17678.465	231.19763	231.41284	13452	847.8581	685.4225	17753.785
M2_S26_subsampled_depth_9G_contig_19701	2.000716	1.9231381	9215	2.2719295	0.3088959	11.2449465	2.059787	1.8859501	9354	3.4155087	0.31269366	11.467629	0	0	0	0	0	0	0	0	0	0	0	0	0	0	0	0	0	0	1.6433367	1.5187432	8711	2.136027	0.25357902	9.619064	0	0	0	0	0	0	0	0	0	0	0	0	0	0	0	0	0	0	3.371073	3.1663518	9722	7.760251	10.692369	280.83725	3.6151435	3.2450035	10623	10.650476	10.97598	287.03738	5.2595544	4.8504524	11104	14.33488	15.704325	406.7728
M2_S26_subsampled_depth_9G_contig_21309	0	0	0	0	0	0	0	0	0	0	0	0	0	0	0	0	0	0	0	0	0	0	0	0	0	0	0	0	0	0	0	0	0	0	0	0	0	0	0	0	0	0	0	0	0	0	0	0	0	0	0	0	0	0	290.02576	254.76207	14976	38382.3	962.2046	25272.502	337.70322	298.6905	14976	45786.9	1083.7045	28340.404	324.56476	285.6669	14976	46368.15	1015.31696	26298.693
M2_S26_subsampled_depth_9G_contig_21615	0	0	0	0	0	0	0	0	0	0	0	0	0	0	0	0	0	0	0	0	0	0	0	0	0	0	0	0	0	0	0	0	0	0	0	0	0	0	0	0	0	0	0	0	0	0	0	0	0	0	0	0	0	0	7.7601843	6.333865	13374	503.743	37.026203	972.50104	8.445167	6.980939	13381	532.03253	39.761585	1039.8215	7.72383	6.2904525	13381	505.76712	35.701786	924.746
M2_S26_subsampled_depth_9G_contig_23239	0	0	0	0	0	0	0	0	0	0	0	0	0	0	0	0	0	0	0	0	0	0	0	0	0	0	0	0	0	0	0	0	0	0	0	0	0	0	0	0	0	0	0	0	0	0	0	0	0	0	0	0	0	0	14.677564	9.545729	14497	821.2993	60.9557	1601.014	14.188262	9.093394	14497	780.85376	57.069088	1492.4374	16.393461	11.29118	14497	831.26025	63.008144	1632.0339
M2_S26_subsampled_depth_9G_contig_23315	88.174904	86.2049	10207	464.7888	14.008872	509.97437	92.41255	90.2883	10207	535.61774	14.713226	539.5884	96.44765	94.24158	10207	507.5753	15.502196	568.55334	103.58497	101.68077	10207	553.0935	16.711283	641.24133	99.8244	96.5924	10207	712.7631	16.061985	614.909	103.13493	100.929085	10207	605.6901	16.556131	628.02686	0	0	0	0	0	0	0	0	0	0	0	0	0	0	0	0	0	0	7.1741076	6.953275	10188	14.371336	26.742949	702.4092	5.450333	5.386281	10207	4.499349	16.842064	440.44373	6.8917174	6.852204	10147	8.249708	20.758318	537.6811
M2_S26_subsampled_depth_9G_contig_24767	0	0	0	0	0	0	0	0	0	0	0	0	0	0	0	0	0	0	0	0	0	0	0	0	0	0	0	0	0	0	0	0	0	0	0	0	0	0	0	0	0	0	0	0	0	0	0	0	0	0	0	0	0	0	182.38878	161.78873	29946	15664.496	586.1658	15395.767	195.4321	171.69275	29946	19922.316	600.4419	15702.4	182.14818	158.61292	29946	19707.334	546.5494	14156.698
M2_S26_subsampled_depth_9G_contig_25003	0	0	0	0	0	0	0	0	0	0	0	0	0	0	0	0	0	0	0	0	0	0	0	0	0	0	0	0	0	0	0	0	0	0	0	0	0	0	0	0	0	0	0	0	0	0	0	0	0	0	0	0	0	0	6.32115	6.208337	26795	9.752289	20.314396	533.56195	6.901716	6.741684	27072	8.630289	21.110788	552.0768	6.554119	6.468634	27017	8.3176565	19.574526	507.01846
M2_S26_subsampled_depth_9G_contig_25407	0	0	0	0	0	0	0	0	0	0	0	0	0	0	0	0	0	0	0	0	0	0	0	0	0	0	0	0	0	0	0	0	0	0	0	0	0	0	0	0	0	0	0	0	0	0	0	0	0	0	0	0	0	0	254.55582	220.1312	14106	70543.99	817.55615	21473.285	272.41846	234.91936	14106	80886.15	837.8664	21911.389	261.00696	223.80577	14106	80486.32	784.3936	20317.328
M2_S26_subsampled_depth_9G_contig_26786	3.728376	3.6349077	13147	4.978734	0.5674837	20.658493	2.9852161	2.94084	12624	3.3529997	0.45828336	16.80695	3.1580613	3.0983005	12947	3.6221647	0.4860259	17.825317	3.5362606	3.4094622	13121	5.088424	0.55544376	21.31335	3.2233746	3.1487987	12704	3.987099	0.4993905	19.118414	3.2718446	3.1952116	13181	3.3798652	0.5036722	19.105892	0	0	0	0	0	0	0	0	0	0	0	0	0	0	0	0	0	0	8.211974	8.071499	13698	11.015451	26.227892	688.88086	7.976464	7.9110966	13737	8.273226	24.285986	635.113	7.529862	7.352345	13679	10.559383	22.622145	585.9579
M2_S26_subsampled_depth_9G_contig_27860	0	0	0	0	0	0	0	0	0	0	0	0	0	0	0	0	0	0	0	0	0	0	0	0	0	0	0	0	0	0	0	0	0	0	0	0	0	0	0	0	0	0	0	0	0	0	0	0	0	0	0	0	0	0	7.045035	6.7339554	10767	19.811913	21.837397	573.5639	7.3732004	7.2194996	10856	17.602844	22.253761	581.96704	5.6937985	5.529321	10878	10.923122	16.870546	436.98032
M2_S26_subsampled_depth_9G_contig_30831	3.5349722	3.4423974	9958	4.737582	0.54202706	19.73177	2.7492929	2.6368268	9714	3.5316768	0.41998944	15.402566	2.9145448	2.783353	8619	5.303136	0.4505257	16.523327	3.0590186	2.950038	9381	5.3954434	0.47302198	18.150682	3.4744904	3.3387883	9724	6.168397	0.5271112	20.17967	3.3529413	3.2691016	10056	3.7403963	0.5187211	19.676748	0	0	0	0	0	0	0	0	0	0	0	0	0	0	0	0	0	0	3.1557896	2.9697626	9165	6.7514343	9.750277	256.093	3.6777875	3.537878	9524	6.608657	10.989544	287.3921	3.7460735	3.6314077	9825	5.199808	10.9723425	284.2051
M2_S26_subsampled_depth_9G_contig_31673	0	0	0	0	0	0	0	0	0	0	0	0	0	0	0	0	0	0	0	0	0	0	0	0	0	0	0	0	0	0	0	0	0	0	0	0	0	0	0	0	0	0	0	0	0	0	0	0	0	0	0	0	0	0	6.5536304	6.4474325	24703	11.15668	20.490604	538.19	7.04447	7.0008388	25216	7.486259	21.215942	554.8267	6.3252397	6.1778603	24857	11.653058	18.558193	480.6935
M2_S26_subsampled_depth_9G_contig_33470	0	0	0	0	0	0	0	0	0	0	0	0	0	0	0	0	0	0	0	0	0	0	0	0	0	0	0	0	0	0	0	0	0	0	0	0	0	0	0	0	0	0	0	0	0	0	0	0	0	0	0	0	0	0	3.1246731	2.9944074	13694	4.9802713	10.20998	268.1672	2.7125392	2.6628413	13849	2.9530585	8.104893	211.95451	3.9271705	3.850523	15048	3.943567	11.483733	297.45123
M2_S26_subsampled_depth_9G_contig_1146|provirus_117_60220	0	0	0	0	0	0	0	0	0	0	0	0	0	0	0	0	0	0	0	0	0	0	0	0	0	0	0	0	0	0	0	0	0	0	0	0	0	0	0	0	0	0	0	0	0	0	0	0	0	0	0	0	0	0	22.880941	22.782284	60104	35.35099	72.70938	1909.7277	22.854921	22.777075	60104	26.82061	69.08905	1806.776	21.73086	21.641272	60104	31.093624	64.182655	1662.4558
M2_S26_subsampled_depth_9G_contig_2788|provirus_21709_107699	0	0	0	0	0	0	0	0	0	0	0	0	0	0	0	0	0	0	0	0	0	0	0	0	0	0	0	0	0	0	0	0	0	0	0	0	0	0	0	0	0	0	0	0	0	0	0	0	0	0	0	0	0	0	29.755676	26.15042	85991	1015.301	101.54793	2667.1777	29.424412	25.717852	85991	1061.7893	96.216576	2516.199	28.31563	24.476864	85991	1063.9509	90.57572	2346.088
M2_S26_subsampled_depth_9G_contig_4308|provirus_27377_41995	5.6435137	5.5960994	14597	6.1305814	0.87043726	31.687126	5.465132	5.4389157	14374	6.1682096	0.84453267	30.97214	5.339899	5.2535515	14559	6.209177	0.8203821	30.088043	5.653328	5.5702987	14564	7.2812476	0.8810405	33.807064	5.055774	4.9551563	14587	5.7696986	0.7815637	29.920994	5.113415	5.075175	13924	6.8308597	0.7887961	29.921562	0	0	0	0	0	0	0	0	0	0	0	0	0	0	0	0	0	0	79.996956	80.1022	14619	124.56504	256.45667	6735.8877	84.98756	84.88159	14619	144.44775	258.04965	6748.3613	89.45304	89.20671	14619	146.58101	263.9689	6837.3086
M2_S26_subsampled_depth_9G_contig_5413|provirus_169_41723	899.4321	921.57855	41216	180082.14	137.0869	4990.465	884.49713	906.2184	41451	174466.45	134.7017	4940.0093	874.0072	895.7396	41213	169223.1	134.28992	4925.17	876.88354	899.28296	41445	171305.83	134.80939	5172.873	897.561	921.2905	41368	176865.56	137.05086	5246.7876	894.2093	917.50256	41286	178066.64	137.15346	5202.669	311.81146	312.7517	40778	28209.805	38.80951	322.40396	269.6712	270.1641	40530	21516.143	32.767616	241.2535	319.08163	320.05484	40245	29549.791	38.891586	307.42032	8.551987	8.347591	41554	14.616831	27.48993	722.02875	10.960271	10.842426	41555	14.126932	33.313133	871.18585	10.4755945	10.339487	41510	17.09504	31.050451	804.2673
M2_S26_subsampled_depth_9G_contig_7623|provirus_12665_51897	0	0	0	0	0	0	0	0	0	0	0	0	0	0	0	0	0	0	0	0	0	0	0	0	0	0	0	0	0	0	0	0	0	0	0	0	0	0	0	0	0	0	0	0	0	0	0	0	0	0	0	0	0	0	16.471714	16.31872	39233	27.488716	52.48333	1378.4852	18.243277	18.169268	39233	21.53664	55.389683	1448.5181	16.088043	15.981493	39233	21.159716	47.57904	1232.3898
M2_S26_subsampled_depth_9G_contig_7779|provirus_321_19526	0	0	0	0	0	0	0	0	0	0	0	0	0	0	0	0	0	0	0	0	0	0	0	0	0	0	0	0	0	0	0	0	0	0	0	0	0	0	0	0	0	0	0	0	0	0	0	0	0	0	0	0	0	0	32.228695	24.640276	19206	1585.3103	106.20994	2789.627	30.214788	22.955458	19206	1512.4548	95.29297	2492.0457	33.133083	26.08617	19206	1415.6941	101.54486	2630.2102
M2_S26_subsampled_depth_9G_contig_8793|provirus_9972_58967	0	0	0	0	0	0	0	0	0	0	0	0	0	0	0	0	0	0	0	0	0	0	0	0	1.8069648	1.6983986	38582	2.2955241	0.27974138	10.709475	0	0	0	0	0	0	0	0	0	0	0	0	0	0	0	0	0	0	0	0	0	0	0	0	681.72864	677.8524	48996	5817.5024	2165.892	56887.61	686.4676	683.02655	48996	2704.7202	2079.6782	54386.53	705.7586	699.63763	48996	3210.676	2086.1394	54035.08
M2_S26_subsampled_depth_9G_contig_14630|provirus_37863_65791	0	0	0	0	0	0	0	0	0	0	0	0	0	0	0	0	0	0	0	0	0	0	0	0	0	0	0	0	0	0	0	0	0	0	0	0	0	0	0	0	0	0	0	0	0	0	0	0	0	0	0	0	0	0	20.247202	20.022917	27911	32.85339	64.09589	1683.4918	14.428021	14.227933	27923	24.06533	43.524487	1138.2268	18.369667	18.222254	27919	27.715567	53.95995	1397.6677
M2_S26_subsampled_depth_9G_contig_16483|provirus_3_30345	8.159673	7.8077645	29335	29.52316	1.262658	45.96537	8.321598	7.923496	29776	29.461489	1.2812827	46.989353	8.010234	7.7129717	29126	27.159836	1.247685	45.759674	7.9114366	7.41299	29433	32.275078	1.2344275	47.367153	7.9211736	7.5102115	29553	28.16807	1.224549	46.880047	8.26834	7.736449	29636	36.834984	1.2873887	48.834736	0	0	0	0	0	0	0	0	0	0	0	0	0	0	0	0	0	0	38.24552	38.01391	30343	59.63338	122.05686	3205.849	42.384262	42.124344	30343	73.35917	129.24416	3379.9167	39.43338	39.217663	30343	61.111156	117.527374	3044.1887
M2_S26_subsampled_depth_9G_contig_24850|provirus_120160_156310	0	0	0	0	0	0	0	0	0	0	0	0	0	0	0	0	0	0	0	0	0	0	0	0	0	0	0	0	0	0	0	0	0	0	0	0	0	0	0	0	0	0	0	0	0	0	0	0	0	0	0	0	0	0	14.214605	14.101879	36151	22.747555	45.36598	1191.5469	15.378128	15.285948	36151	21.27943	46.523636	1216.6586	13.623038	13.539705	36151	17.936472	40.50069	1049.0474
M2_S26_subsampled_depth_9G_contig_29941|provirus_14014_94271	6979.293	6959.974	80258	28268736	1066.0018	38806.375	6859.252	6847.2725	80258	27153336	1046.8634	38392.344	6675.7256	6654.211	80258	26030114	1028.0299	37703.676	6616.075	6593.476	80258	25591598	1019.61676	39124.48	6283.517	6261.622	80258	22995212	961.8241	36822	6421.964	6401.204	80258	23999680	987.484	37458.418	8028.1523	7685.665	76798	44356280	1001.7885	8322.198	6177.003	5907.1753	77289	26547474	752.56165	5540.782	7309.5337	7000.928	79066	36682490	893.1264	7059.759	12.695823	12.370662	80244	45.695244	41.542374	1091.1191	12.703875	12.407626	80118	46.973362	38.452995	1005.6002	11.567297	11.385739	80078	27.187012	34.14348	884.3828
M3_S27_subsampled_depth_9G_contig_135	0	0	0	0	0	0	0	0	0	0	0	0	0	0	0	0	0	0	0	0	0	0	0	0	0	0	0	0	0	0	0	0	0	0	0	0	0	0	0	0	0	0	0	0	0	0	0	0	0	0	0	0	0	0	8.128773	8.015984	11463	13.908299	26.696136	701.1794	5.9957633	5.919004	11413	7.336727	18.05629	472.19736	9.008385	8.857815	11480	11.603159	26.62508	689.6414
M3_S27_subsampled_depth_9G_contig_2022	0	0	0	0	0	0	0	0	0	0	0	0	0	0	0	0	0	0	0	0	0	0	0	0	0	0	0	0	0	0	0	0	0	0	0	0	0	0	0	0	0	0	0	0	0	0	0	0	0	0	0	0	0	0	14.462256	10.516033	14391	612.4513	55.382183	1454.6244	16.088898	12.15144	14378	636.15436	60.67279	1586.6797	15.017836	10.908325	14391	626.11774	56.218273	1456.1628
M3_S27_subsampled_depth_9G_contig_2441	0	0	0	0	0	0	0	0	0	0	0	0	0	0	0	0	0	0	0	0	0	0	0	0	0	0	0	0	0	0	0	0	0	0	0	0	0	0	0	0	0	0	0	0	0	0	0	0	0	0	0	0	0	0	8.153557	7.449982	12549	98.63884	31.471346	826.6014	7.731336	7.1293163	12587	93.1812	29.367477	768.001	6.8745594	6.314614	12634	75.20993	25.593594	662.9241
M3_S27_subsampled_depth_9G_contig_3614	0	0	0	0	0	0	0	0	0	0	0	0	0	0	0	0	0	0	0	0	0	0	0	0	0	0	0	0	0	0	0	0	0	0	0	0	0	0	0	0	0	0	0	0	0	0	0	0	0	0	0	0	0	0	4.7600117	4.7018385	9814	7.697883	14.743711	387.2467	7.382943	7.317415	10363	8.501108	22.75999	595.2058	6.490649	6.3228545	10363	7.562705	18.866508	488.67932
M3_S27_subsampled_depth_9G_contig_3733	0	0	0	0	0	0	0	0	0	0	0	0	0	0	0	0	0	0	0	0	0	0	0	0	0	0	0	0	0	0	0	0	0	0	0	0	0	0	0	0	0	0	0	0	0	0	0	0	0	0	0	0	0	0	33.037888	33.1761	19284	61.233303	104.61657	2747.7769	27.222471	27.265226	19285	36.43786	82.131325	2147.8506	33.949306	33.92684	19260	53.616703	100.027916	2590.9185
M3_S27_subsampled_depth_9G_contig_4649	1.9610695	1.847546	19251	2.5799093	0.30223373	11.002417	1.9540764	1.8413398	19741	2.484224	0.29807976	10.931684	1.4710046	1.3606216	0	1.7107707	0	0	0	0	0	0	0	0	1.7327733	1.6436422	19430	1.8757533	0.2684011	10.275332	1.8392887	1.7589539	19080	2.0004811	0.28255096	10.718058	0	0	0	0	0	0	0	0	0	0	0	0	0	0	0	0	0	0	4.344235	4.196039	22953	7.792674	14.49927	380.82635	4.969555	4.819073	23108	9.462123	15.643352	409.09573	7.687148	7.560546	23602	8.837475	22.958422	594.6679
M3_S27_subsampled_depth_9G_contig_5985	0	0	0	0	0	0	0	0	0	0	0	0	0	0	0	0	0	0	0	0	0	0	0	0	0	0	0	0	0	0	0	0	0	0	0	0	0	0	0	0	0	0	0	0	0	0	0	0	0	0	0	0	0	0	7.065496	6.9225297	11708	8.293104	23.428896	615.3648	5.881121	5.7420225	11674	8.667012	17.937113	469.08066	10.383544	10.194541	11708	14.019966	31.0181	803.4294
M3_S27_subsampled_depth_9G_contig_6809	0	0	0	0	0	0	0	0	0	0	0	0	0	0	0	0	0	0	0	0	0	0	0	0	0	0	0	0	0	0	0	0	0	0	0	0	0	0	0	0	0	0	0	0	0	0	0	0	0	0	0	0	0	0	21.730247	21.167156	19034	80.90113	71.86895	1887.6532	16.678246	16.183395	19034	45.992638	51.901756	1357.3041	22.163948	21.556366	19034	82.6495	67.208305	1740.8262
M3_S27_subsampled_depth_9G_contig_6973	37.478153	34.633213	52735	1012.8164	5.7659583	209.90192	36.679916	33.69384	53102	1000.82513	5.635967	206.69165	38.234547	35.10162	52921	1103.5226	5.924879	217.29895	49.799675	45.68497	52616	1924.2839	7.716867	296.10968	50.201565	45.802063	53456	1930.0813	7.7216964	295.61362	50.177933	46.166977	52800	1883.0419	7.7523236	294.07022	0	0	0	0	0	0	0	0	0	0	0	0	0	0	0	0	0	0	164.10452	164.42674	55879	5517.8755	527.08527	13844.006	157.23154	156.02235	55879	5241.8765	486.68225	12727.427	149.24287	147.31277	55879	4579.4097	451.46567	11693.844
M3_S27_subsampled_depth_9G_contig_7693	0	0	0	0	0	0	0	0	0	0	0	0	0	0	0	0	0	0	0	0	0	0	0	0	0	0	0	0	0	0	0	0	0	0	0	0	0	0	0	0	0	0	0	0	0	0	0	0	0	0	0	0	0	0	49.725784	24.247488	44057	85751.99	208.02846	5463.911	54.18917	26.444113	44057	100304.39	221.51382	5792.901	50.590385	23.094416	44057	100463.68	204.42732	5295.067
M3_S27_subsampled_depth_9G_contig_8525	5.652708	5.489926	16637	11.660208	0.88701564	32.290627	5.5544024	5.4027705	16728	8.711649	0.8726671	32.003914	5.954068	5.7245493	16573	13.432955	0.9353655	34.30514	6.2565618	5.8976007	16603	17.186039	0.9906299	38.012226	5.8680506	5.653831	16621	12.474504	0.9247489	35.402645	6.3537936	6.084703	16516	16.592775	1.0021157	38.013454	0	0	0	0	0	0	0	0	0	0	0	0	0	0	0	0	0	0	213.23598	213.43982	16912	887.56616	670.44446	17609.367	249.78108	250.26253	16914	1109.8062	752.3738	19675.639	252.6298	252.58232	16914	1048.9789	741.3629	19202.744
M3_S27_subsampled_depth_9G_contig_9622	0	0	0	0	0	0	0	0	0	0	0	0	0	0	0	0	0	0	0	0	0	0	0	0	0	0	0	0	0	0	0	0	0	0	0	0	0	0	0	0	0	0	0	0	0	0	0	0	0	0	0	0	0	0	7.9530997	7.7292113	13071	14.148732	26.967108	708.29675	6.6559863	6.40356	12984	15.004015	21.306581	557.19745	9.885535	9.70307	13071	14.865146	29.949474	775.75
M3_S27_subsampled_depth_9G_contig_10788	1.6418784	1.5194354	12401	1.9088589	0.25308144	9.213094	1.6853133	1.572347	12118	2.0681312	0.26043668	9.551174	0	0	0	0	0	0	1.5903286	1.523352	12188	1.4752768	0.24912767	9.559467	0	0	0	0	0	0	1.3779433	1.3103755	11592	1.2085763	0.21349856	8.098682	0	0	0	0	0	0	0	0	0	0	0	0	0	0	0	0	0	0	4.5232806	4.367795	14967	6.8107724	14.652419	384.84882	3.6811228	3.5667307	14403	5.2046375	11.172224	292.16937	7.950978	7.897133	15184	9.206072	23.305506	603.65826
M3_S27_subsampled_depth_9G_contig_11841	5.2318625	4.601005	9754	30.792538	0.94271845	34.318398	5.327303	4.594545	9859	32.498234	0.9879645	36.23231	6.0152297	5.3975596	10480	34.723392	1.0834283	39.735462	5.5875025	5.0436835	10145	27.246706	0.99301976	38.103905	5.2924128	4.496924	9611	35.548935	0.95003164	36.37055	5.2410927	4.573831	9367	33.42659	0.9549724	36.22516	0	0	0	0	0	0	0	0	0	0	0	0	0	0	0	0	0	0	66.16171	58.999794	10984	3389.1733	220.36604	5787.9585	78.170944	69.010254	10984	5287.2544	250.24556	6544.2744	74.59248	66.65535	10984	4293.989	233.73386	6054.1646
M3_S27_subsampled_depth_9G_contig_12513	0	0	0	0	0	0	0	0	0	0	0	0	0	0	0	0	0	0	0	0	0	0	0	0	0	0	0	0	0	0	0	0	0	0	0	0	0	0	0	0	0	0	0	0	0	0	0	0	0	0	0	0	0	0	20.779472	20.11951	17785	60.038876	67.16974	1764.228	24.44735	23.709696	17785	61.182022	74.98039	1960.8431	18.169832	17.649782	17785	44.69108	54.567936	1413.4163
M3_S27_subsampled_depth_9G_contig_12792	0	0	0	0	0	0	0	0	0	0	0	0	0	0	0	0	0	0	0	0	0	0	0	0	0	0	0	0	0	0	0	0	0	0	0	0	0	0	0	0	0	0	0	0	0	0	0	0	0	0	0	0	0	0	139.0968	138.77077	15893	457.41788	444.08124	11663.888	145.84406	145.66216	15893	292.12833	443.84833	11607.263	134.8309	134.57936	15893	242.00203	400.9519	10385.436
M3_S27_subsampled_depth_9G_contig_13344	0	0	0	0	0	0	0	0	0	0	0	0	0	0	0	0	0	0	0	0	0	0	0	0	0	0	0	0	0	0	0	0	0	0	0	0	0	0	0	0	0	0	0	0	0	0	0	0	0	0	0	0	0	0	8.1939745	8.09392	12757	12.387441	26.953133	707.92975	5.7891035	5.6864347	12731	7.4054985	17.936203	469.05698	9.09584	8.972061	12796	12.283422	27.067137	701.0918
M3_S27_subsampled_depth_9G_contig_15721	0	0	0	0	0	0	0	0	0	0	0	0	0	0	0	0	0	0	0	0	0	0	0	0	0	0	0	0	0	0	0	0	0	0	0	0	0	0	0	0	0	0	0	0	0	0	0	0	0	0	0	0	0	0	132.70323	125.55846	20877	3197.554	447.20105	11745.827	140.86115	131.81389	20877	4470.8916	456.94794	11949.836	137.27167	128.43442	20877	4151.2334	436.10928	11296.083
M3_S27_subsampled_depth_9G_contig_15765	0	0	0	0	0	0	0	0	0	0	0	0	0	0	0	0	0	0	0	0	0	0	0	0	0	0	0	0	0	0	0	0	0	0	0	0	0	0	0	0	0	0	0	0	0	0	0	0	0	0	0	0	0	0	262.8462	259.238	38389	2205.7747	838.83044	22032.057	276.55887	272.23523	38389	2068.2947	841.1128	21996.285	277.85065	273.48422	38389	1743.4757	824.29895	21350.957
M3_S27_subsampled_depth_9G_contig_16839	0	0	0	0	0	0	0	0	0	0	0	0	0	0	0	0	0	0	0	0	0	0	0	0	0	0	0	0	0	0	0	0	0	0	0	0	0	0	0	0	0	0	0	0	0	0	0	0	0	0	0	0	0	0	10.473946	9.12837	24702	102.14136	36.135654	949.11053	11.813304	10.271485	24649	122.199234	38.59673	1009.3589	11.487502	9.942102	24714	137.08624	37.174763	962.8987
M3_S27_subsampled_depth_9G_contig_18833	2.2935207	2.1483092	13403	3.1992893	0.35356927	12.871216	1.7602626	1.6950563	12628	1.6674856	0.26872528	9.85515	2.411632	2.231268	13020	4.1345005	0.3716736	13.631374	1.7535646	1.6784793	12060	1.9274601	0.2697258	10.349851	1.7066782	1.602225	11696	2.0365856	0.26017013	9.960229	1.6873798	1.5702498	11818	2.1663556	0.2569617	9.747377	0	0	0	0	0	0	0	0	0	0	0	0	0	0	0	0	0	0	3.9380596	3.8550062	14185	5.8934975	12.966331	340.56348	3.936932	3.8362927	14862	5.071297	11.913595	311.5574	7.1877446	7.0466366	15094	13.146803	21.174389	548.45795
M3_S27_subsampled_depth_9G_contig_20322	0	0	0	0	0	0	0	0	0	0	0	0	0	0	0	0	0	0	0	0	0	0	0	0	0	0	0	0	0	0	0	0	0	0	0	0	0	0	0	0	0	0	0	0	0	0	0	0	0	0	0	0	0	0	7.502862	7.3357425	23195	11.637051	24.656994	647.6212	5.798916	5.6838684	23118	7.494625	17.705463	463.02274	8.658977	8.588127	23210	10.132194	25.518795	660.9867
M3_S27_subsampled_depth_9G_contig_21377	4.0148787	3.95579	11089	3.8518763	0.6247712	22.743965	4.008515	3.897441	11086	4.887611	0.6222056	22.818571	4.1945863	4.116897	10862	5.7935247	0.650362	23.852457	4.1294255	4.06512	11043	4.611609	0.64036524	24.57195	4.4511967	4.407249	11218	4.3293896	0.6804551	26.050209	4.296585	4.2046204	11104	5.246826	0.663515	25.169249	2.13803	2.0457034	9609	2.4527998	0.27917635	2.319214	1.7646321	1.6727073	9222	1.934378	0.21777168	1.6033579	1.7108542	1.579309	8752	2.2340636	0.21040694	1.6631708	5.625078	5.522951	11297	6.4807	17.977537	472.18387	6.7592545	6.6852536	11269	8.209338	20.378422	532.9245	7.1209106	7.0197153	11307	8.307091	20.812248	539.07794
M3_S27_subsampled_depth_9G_contig_21817	25.731413	24.611814	13855	348.21152	3.904738	142.1468	23.617973	22.085905	13798	337.27365	3.5731316	131.03996	22.349169	21.39979	13582	275.21216	3.4221349	125.50909	25.913614	23.794987	13687	463.13318	3.9647028	152.13258	25.118807	23.310984	13805	385.9157	3.8147569	146.04227	27.176687	25.31187	13759	497.59256	4.1519303	157.4959	0	0	0	0	0	0	0	0	0	0	0	0	0	0	0	0	0	0	2.497933	2.3117898	11877	4.3865294	7.94966	208.79945	2.9057808	2.6928036	12531	5.966097	9.145159	239.15881	4.6635237	4.3995485	13741	9.64791	14.060125	364.18463
M3_S27_subsampled_depth_9G_contig_30356	41.945564	41.93795	17142	118.16361	6.497015	236.51505	43.2859	43.342422	17142	153.44948	6.6993685	245.69058	49.59987	49.697857	17142	129.71927	7.7460704	284.0921	52.816265	52.823395	17142	187.96692	8.3042965	318.65057	51.926495	52.09108	17142	163.45477	8.09513	309.91006	54.25653	54.38466	17142	159.8404	8.461422	320.96884	0	0	0	0	0	0	0	0	0	0	0	0	0	0	0	0	0	0	5.387418	5.182686	16976	9.130047	20.197908	530.5024	3.670492	3.571989	16842	3.9166672	11.324955	296.1636	5.8873587	5.772329	17075	7.597695	17.443754	451.82733
M3_S27_subsampled_depth_9G_contig_30450	0	0	0	0	0	0	0	0	0	0	0	0	0	0	0	0	0	0	0	0	0	0	0	0	0	0	0	0	0	0	0	0	0	0	0	0	0	0	0	0	0	0	0	0	0	0	0	0	0	0	0	0	0	0	6.99648	6.6969037	10343	16.065308	24.36749	640.0173	8.108145	7.7535033	10377	22.800549	27.799664	727.0004	8.958345	8.630527	10377	24.61082	29.327253	759.6332
M3_S27_subsampled_depth_9G_contig_31238	0	0	0	0	0	0	0	0	0	0	0	0	0	0	0	0	0	0	0	0	0	0	0	0	0	0	0	0	0	0	0	0	0	0	0	0	0	0	0	0	0	0	0	0	0	0	0	0	0	0	0	0	0	0	4.8637433	4.7409368	16051	8.66143	15.435618	405.41965	4.393811	4.256919	16482	5.832417	13.258461	346.7275	5.670909	5.489111	16495	11.034775	16.552328	428.73764
M3_S27_subsampled_depth_9G_contig_33409	4.729244	4.4278407	20514	13.825656	0.74082136	26.968613	4.156283	3.8034482	20845	11.212542	0.65187204	23.906565	4.160151	3.9076586	20287	10.633957	0.6704574	24.589462	3.9925864	3.6846063	20118	11.286691	0.63570875	24.393267	4.0611043	3.6322198	19911	14.65472	0.6436538	24.641317	3.9599853	3.5872512	19904	12.733018	0.6268817	23.779617	0	0	0	0	0	0	0	0	0	0	0	0	0	0	0	0	0	0	6.7875395	6.3006086	21647	24.83495	22.310003	585.97687	5.849703	5.2367625	21677	26.681314	18.087624	473.01678	10.154073	9.629713	21867	29.36335	30.605852	792.75146
M3_S27_subsampled_depth_9G_contig_34714	3.2064776	3.080241	12913	4.7395196	0.4920757	17.913355	2.440428	2.346988	12120	3.2646167	0.3699756	13.568368	2.7061162	2.6147792	13239	2.7276669	0.41643548	15.273055	2.9217033	2.808273	12664	4.1686215	0.44814137	17.195967	2.811813	2.6657028	12718	4.2677426	0.4283556	16.398949	2.8744938	2.7366266	12724	4.1534324	0.4421759	16.773148	0	0	0	0	0	0	0	0	0	0	0	0	0	0	0	0	0	0	3.7912087	3.6626506	13378	5.291954	12.269535	322.26193	4.0328946	3.8691566	13713	5.8212743	12.165115	318.13498	4.797426	4.6048193	13938	6.6735864	14.078146	364.65137
M3_S27_subsampled_depth_9G_contig_35900	0	0	0	0	0	0	0	0	0	0	0	0	0	0	0	0	0	0	0	0	0	0	0	0	0	0	0	0	0	0	0	0	0	0	0	0	0	0	0	0	0	0	0	0	0	0	0	0	0	0	0	0	0	0	107.57433	101.3853	38309	2351.899	351.32318	9227.577	111.41686	104.19983	38309	2805.011	348.93802	9125.223	99.190254	93.06985	38309	2208.0708	305.30353	7907.958
M3_S27_subsampled_depth_9G_contig_36602	0	0	0	0	0	0	0	0	0	0	0	0	0	0	0	0	0	0	0	0	0	0	0	0	0	0	0	0	0	0	0	0	0	0	0	0	0	0	0	0	0	0	0	0	0	0	0	0	0	0	0	0	0	0	4.1457434	4.030912	19668	5.9282737	13.384674	351.55124	3.7743316	3.6308029	19591	5.9367332	11.530953	301.55078	7.825108	7.664336	20494	11.031986	23.051506	597.0791
M3_S27_subsampled_depth_9G_contig_37845	0	0	0	0	0	0	0	0	0	0	0	0	0	0	0	0	0	0	0	0	0	0	0	0	0	0	0	0	0	0	0	0	0	0	0	0	0	0	0	0	0	0	0	0	0	0	0	0	0	0	0	0	0	0	22.463188	19.782618	11016	586.20245	75.87803	1992.9523	21.025309	18.330776	11016	595.0678	69.297	1812.2145	21.985275	19.174232	11016	575.87866	68.94473	1785.8031
M3_S27_subsampled_depth_9G_contig_37960	0	0	0	0	0	0	0	0	0	0	0	0	0	0	0	0	0	0	0	0	0	0	0	0	0	0	0	0	0	0	0	0	0	0	0	0	0	0	0	0	0	0	0	0	0	0	0	0	0	0	0	0	0	0	22.529737	17.713371	43328	4547.71	87.993416	2311.1653	23.423851	18.401215	43328	5353.5723	88.375305	2311.1387	21.387512	16.482323	43328	4898.77	79.62052	2062.3267
M3_S27_subsampled_depth_9G_contig_38000	0	0	0	0	0	0	0	0	0	0	0	0	0	0	0	0	0	0	0	0	0	0	0	0	0	0	0	0	0	0	0	0	0	0	0	0	0	0	0	0	0	0	0	0	0	0	0	0	0	0	0	0	0	0	14.237921	7.147887	14289	1159.9808	47.265755	1241.4451	14.536202	7.7429576	14300	1082.6979	46.88177	1226.0243	18.406044	8.120344	14348	2308.975	57.77407	1496.4614
M3_S27_subsampled_depth_9G_contig_1080|provirus_114286_169962	6.2450337	5.844182	55028	16.706228	1.0154519	36.966175	6.3300195	5.9028916	54952	17.395878	1.0203679	37.42065	5.8839126	5.491726	55156	15.238838	0.94870347	34.79433	6.0580077	5.702311	55251	14.33354	0.9836866	37.745773	5.439426	5.051666	55170	13.813784	0.87339914	33.436787	5.723468	5.38001	54985	14.42922	0.9253527	35.101593	0	0	0	0	0	0	0	0	0	0	0	0	0	0	0	0	0	0	26.652529	25.334066	55677	130.5869	88.38425	2321.4302	33.160065	31.930746	55677	156.51222	105.62116	2762.143	29.684135	28.393957	55677	145.68655	92.59579	2398.4119
M3_S27_subsampled_depth_9G_contig_1096|provirus_6678_17628	0	0	0	0	0	0	0	0	0	0	0	0	0	0	0	0	0	0	0	0	0	0	0	0	0	0	0	0	0	0	0	0	0	0	0	0	0	0	0	0	0	0	0	0	0	0	0	0	0	0	0	0	0	0	325.23813	132.53163	10951	1350966	1394.0234	36614.32	324.2747	137.49213	10951	1247699.3	1349.4751	35290.684	316.457	125.0036	10951	1314863.8	1304.8805	33798.953
M3_S27_subsampled_depth_9G_contig_5808|provirus_52464_83223	0	0	0	0	0	0	0	0	0	0	0	0	0	0	0	0	0	0	0	0	0	0	0	0	0	0	0	0	0	0	0	0	0	0	0	0	0	0	0	0	0	0	0	0	0	0	0	0	0	0	0	0	0	0	410.4439	409.97354	30760	1900.3792	1306.1387	34306.004	401.21298	401.13968	30760	781.97235	1215.2297	31779.97	396.65167	396.2971	30760	759.59094	1172.7722	30377.094
M3_S27_subsampled_depth_9G_contig_11152|provirus_3_167306	0	0	0	0	0	0	0	0	0	0	0	0	0	0	0	0	0	0	0	0	0	0	0	0	0	0	0	0	0	0	0	0	0	0	0	0	0	0	0	0	0	0	0	0	0	0	0	0	0	0	0	0	0	0	7.659308	7.46717	164520	19.172728	24.903206	654.088	6.0579348	5.920088	164717	11.227816	18.367804	480.34384	8.071832	7.8871975	166310	18.499746	23.845524	617.64545
M3_S27_subsampled_depth_9G_contig_14384|provirus_13164_56997	0	0	0	0	0	0	0	0	0	0	0	0	0	0	0	0	0	0	0	0	0	0	0	0	0	0	0	0	0	0	0	0	0	0	0	0	0	0	0	0	0	0	0	0	0	0	0	0	0	0	0	0	0	0	19.211977	19.151949	43834	26.322895	60.071053	1577.7786	23.92519	23.754019	43834	37.309914	72.68213	1900.74	20.41569	20.267424	43834	26.52746	60.577595	1569.0778
M3_S27_subsampled_depth_9G_contig_20124|provirus_97_14773	0	0	0	0	0	0	0	0	0	0	0	0	0	0	0	0	0	0	0	0	0	0	0	0	0	0	0	0	0	0	0	0	0	0	0	0	0	0	0	0	0	0	0	0	0	0	0	0	0	0	0	0	0	0	6.6527157	6.489407	14047	16.51941	21.185472	556.44073	6.5215116	6.3933463	14286	11.68932	19.902279	520.47284	6.8883457	6.684436	14468	13.275984	20.463844	530.0536
M3_S27_subsampled_depth_9G_contig_21218|provirus_37_39244	80.81558	81.347244	39208	683.2119	12.395078	451.22623	84.30682	85.027336	39206	740.0515	12.9281	474.12125	87.00916	87.79166	39204	736.5068	13.469621	494.00726	97.12141	97.874695	39208	899.9929	15.043053	577.2284	96.706024	97.58645	39205	897.16754	14.91665	571.0617	99.1665	99.88812	39206	951.1125	15.329675	581.50354	10.598648	9.142829	38494	125.017395	1.3281815	11.033656	8.844437	7.7236447	38032	83.14158	1.0834525	7.976987	9.613549	8.512203	38070	90.35284	1.1752902	9.290135	10.481848	10.335439	38998	23.040121	36.553238	960.0781	7.940499	7.8267336	39013	13.569956	24.143599	631.3892	11.264939	11.250128	39073	19.219973	33.179905	859.4242
M3_S27_subsampled_depth_9G_contig_29150|provirus_12061_23615	0	0	0	0	0	0	0	0	0	0	0	0	0	0	0	0	0	0	0	0	0	0	0	0	0	0	0	0	0	0	0	0	0	0	0	0	0	0	0	0	0	0	0	0	0	0	0	0	0	0	0	0	0	0	145.09926	129.87608	11555	21185.78	532.8156	13994.517	147.9445	132.61461	11555	24097.254	527.692	13799.894	146.29083	131.48631	11555	22171.7	510.40237	13220.421
M3_S27_subsampled_depth_9G_contig_33467|provirus_8593_47983	0	0	0	0	0	0	0	0	0	0	0	0	0	0	0	0	0	0	0	0	0	0	0	0	0	0	0	0	0	0	0	0	0	0	0	0	0	0	0	0	0	0	0	0	0	0	0	0	0	0	0	0	0	0	8.788563	8.5389185	39336	21.85639	27.900005	732.7995	8.634413	8.388113	39361	22.735558	26.368942	689.58514	8.718559	8.54529	39198	18.577211	25.962444	672.478
