Contig	F3_S19_subsampled_depth_11G_combined_mapped Mean	F3_S19_subsampled_depth_11G_combined_mapped Trimmed Mean	F3_S19_subsampled_depth_11G_combined_mapped Covered Bases	F3_S19_subsampled_depth_11G_combined_mapped Variance	F3_S19_subsampled_depth_11G_combined_mapped RPKM	F3_S19_subsampled_depth_11G_combined_mapped TPM	F4_S20_subsampled_depth_11G_combined_mapped Mean	F4_S20_subsampled_depth_11G_combined_mapped Trimmed Mean	F4_S20_subsampled_depth_11G_combined_mapped Covered Bases	F4_S20_subsampled_depth_11G_combined_mapped Variance	F4_S20_subsampled_depth_11G_combined_mapped RPKM	F4_S20_subsampled_depth_11G_combined_mapped TPM	F5_S21_subsampled_depth_11G_combined_mapped Mean	F5_S21_subsampled_depth_11G_combined_mapped Trimmed Mean	F5_S21_subsampled_depth_11G_combined_mapped Covered Bases	F5_S21_subsampled_depth_11G_combined_mapped Variance	F5_S21_subsampled_depth_11G_combined_mapped RPKM	F5_S21_subsampled_depth_11G_combined_mapped TPM	F6_S22_subsampled_depth_11G_combined_mapped Mean	F6_S22_subsampled_depth_11G_combined_mapped Trimmed Mean	F6_S22_subsampled_depth_11G_combined_mapped Covered Bases	F6_S22_subsampled_depth_11G_combined_mapped Variance	F6_S22_subsampled_depth_11G_combined_mapped RPKM	F6_S22_subsampled_depth_11G_combined_mapped TPM	F7_S23_subsampled_depth_11G_combined_mapped Mean	F7_S23_subsampled_depth_11G_combined_mapped Trimmed Mean	F7_S23_subsampled_depth_11G_combined_mapped Covered Bases	F7_S23_subsampled_depth_11G_combined_mapped Variance	F7_S23_subsampled_depth_11G_combined_mapped RPKM	F7_S23_subsampled_depth_11G_combined_mapped TPM	F8_S24_subsampled_depth_11G_combined_mapped Mean	F8_S24_subsampled_depth_11G_combined_mapped Trimmed Mean	F8_S24_subsampled_depth_11G_combined_mapped Covered Bases	F8_S24_subsampled_depth_11G_combined_mapped Variance	F8_S24_subsampled_depth_11G_combined_mapped RPKM	F8_S24_subsampled_depth_11G_combined_mapped TPM	GP3_S28_subsampled_depth_11G_combined_mapped Mean	GP3_S28_subsampled_depth_11G_combined_mapped Trimmed Mean	GP3_S28_subsampled_depth_11G_combined_mapped Covered Bases	GP3_S28_subsampled_depth_11G_combined_mapped Variance	GP3_S28_subsampled_depth_11G_combined_mapped RPKM	GP3_S28_subsampled_depth_11G_combined_mapped TPM	GP4_S29_subsampled_depth_11G_combined_mapped Mean	GP4_S29_subsampled_depth_11G_combined_mapped Trimmed Mean	GP4_S29_subsampled_depth_11G_combined_mapped Covered Bases	GP4_S29_subsampled_depth_11G_combined_mapped Variance	GP4_S29_subsampled_depth_11G_combined_mapped RPKM	GP4_S29_subsampled_depth_11G_combined_mapped TPM	GP5_S30_subsampled_depth_11G_combined_mapped Mean	GP5_S30_subsampled_depth_11G_combined_mapped Trimmed Mean	GP5_S30_subsampled_depth_11G_combined_mapped Covered Bases	GP5_S30_subsampled_depth_11G_combined_mapped Variance	GP5_S30_subsampled_depth_11G_combined_mapped RPKM	GP5_S30_subsampled_depth_11G_combined_mapped TPM	M1_S25_subsampled_depth_11G_combined_mapped Mean	M1_S25_subsampled_depth_11G_combined_mapped Trimmed Mean	M1_S25_subsampled_depth_11G_combined_mapped Covered Bases	M1_S25_subsampled_depth_11G_combined_mapped Variance	M1_S25_subsampled_depth_11G_combined_mapped RPKM	M1_S25_subsampled_depth_11G_combined_mapped TPM	M2_S26_subsampled_depth_11G_combined_mapped Mean	M2_S26_subsampled_depth_11G_combined_mapped Trimmed Mean	M2_S26_subsampled_depth_11G_combined_mapped Covered Bases	M2_S26_subsampled_depth_11G_combined_mapped Variance	M2_S26_subsampled_depth_11G_combined_mapped RPKM	M2_S26_subsampled_depth_11G_combined_mapped TPM	M3_S27_subsampled_depth_11G_combined_mapped Mean	M3_S27_subsampled_depth_11G_combined_mapped Trimmed Mean	M3_S27_subsampled_depth_11G_combined_mapped Covered Bases	M3_S27_subsampled_depth_11G_combined_mapped Variance	M3_S27_subsampled_depth_11G_combined_mapped RPKM	M3_S27_subsampled_depth_11G_combined_mapped TPM
F3_S19_subsampled_depth_11G_contig_242	8155.549	8136.18	43261	600259.44	991.9362	35638.266	7891.364	7871.27	43261	572900.3	959.5057	34680.855	8035.8945	8016.8037	43261	542940.9	983.0815	35541.848	7422.199	7405.597	43261	438630.6	914.1666	34703.996	6976.8535	6964.968	43261	388270.03	851.233	31904.355	7234.2407	7221.8774	43261	433225.5	885.3755	33071.863	3967.349	3780.2837	43261	3415264	399.63382	3857.675	3373.169	3210.2327	43261	2550870.5	332.50876	2864.3948	3878.397	3698.9485	43261	2958594.3	382.96255	3580.5996	14.462503	14.378572	43261	21.901392	36.883457	1027.7684	16.823967	16.726837	43261	19.688309	41.100723	1142.2683	17.2684	17.156002	43261	21.161854	41.318783	1141.0032
F3_S19_subsampled_depth_11G_contig_687	166.74788	163.3839	32249	1371.3143	20.27527	728.4495	163.18047	159.46547	32249	1403.7928	19.841312	717.15424	162.05716	158.06244	32249	1604.4304	19.82264	716.6579	143.86494	140.04552	32249	1387.9155	17.710403	672.3302	141.67838	138.02167	32240	1323.5785	17.276087	647.5107	145.23824	141.50711	32249	1311.4935	17.768145	663.7022	7.1678867	6.7590947	30760	30.593191	0.7209191	6.959052	6.7458177	6.4063897	30427	25.36417	0.6636098	5.716662	10.009128	9.548095	31239	52.54304	0.98567605	9.215809	0	0	0	0	0	0	0	0	0	0	0	0	0	0	0	0	0	0
F3_S19_subsampled_depth_11G_contig_702	5.2345967	4.9151187	14575	14.171446	0.6313352	22.682598	5.2748284	4.9614444	14611	14.762061	0.6346887	22.9405	4.9854794	4.6758676	14113	15.135546	0.60818267	21.987936	4.6301208	4.3551397	14608	10.069216	0.5668334	21.518383	4.67688	4.436321	14372	11.033542	0.5660625	21.216108	4.2196765	3.9312513	14302	10.589762	0.51340044	19.177286	2.0055952	1.8779694	12629	2.6735632	0.20012113	1.9317735	0	0	0	0	0	0	2.2252047	2.0352993	11958	4.3415656	0.21881828	2.0458932	0	0	0	0	0	0	0	0	0	0	0	0	0	0	0	0	0	0
F3_S19_subsampled_depth_11G_contig_933	5.032395	4.7935467	14204	11.578061	0.61167157	21.976133	5.019314	4.8277907	14542	8.776751	0.61513484	22.23374	5.403808	5.2769957	14615	9.624463	0.67018163	24.229418	4.6650915	4.458032	14306	9.11002	0.5826652	22.119387	5.4374356	5.2705274	14333	11.546376	0.67282945	25.217758	4.9201427	4.6009436	14147	14.590473	0.61277854	22.889427	0	0	0	0	0	0	0	0	0	0	0	0	0	0	0	0	0	0	0	0	0	0	0	0	0	0	0	0	0	0	0	0	0	0	0	0
F3_S19_subsampled_depth_11G_contig_954	163.28445	162.0357	10700	728.20135	20.60819	740.4108	165.4055	163.23367	10700	812.43225	20.964174	757.7394	153.63345	151.50327	10700	629.2388	19.63656	709.9306	146.48076	144.63426	10700	640.0026	18.728302	710.972	161.51222	159.71883	10700	642.92523	20.411503	765.02655	145.85991	144.33688	10700	518.327	18.609194	695.1183	116.2163	115.34351	10700	3370.25	12.138029	117.16866	87.371376	86.53085	10700	1944.0121	8.855284	76.28376	118.25052	117.483154	10700	3287.35	12.061593	112.77278	0	0	0	0	0	0	0	0	0	0	0	0	0	0	0	0	0	0
F3_S19_subsampled_depth_11G_contig_1151	142.91385	135.90448	45035	3083.8064	17.4158	625.7147	138.97786	131.93079	45035	2815.97	16.934465	612.0877	148.18022	140.56287	45035	3486.0095	18.169355	656.88605	183.57686	175.62675	45035	4136.578	22.662416	860.32086	171.16682	164.19566	45035	3461.9617	20.958742	785.5372	182.11928	174.92589	45035	3705.9927	22.347515	834.75745	39.69092	38.924522	45035	460.41727	4.005897	38.669014	35.069466	34.315594	45035	355.2701	3.4675357	29.871069	39.31213	38.384262	45035	453.07648	3.8860133	36.33321	2.575582	2.4357255	38134	4.128706	7.3359847	204.41925	1.8960677	1.7940936	36844	2.2103233	4.6770754	129.985	2.7563775	2.621952	41943	3.7389047	6.625839	182.9701
F3_S19_subsampled_depth_11G_contig_1608	8.326007	8.295285	13977	8.397473	1.0087018	36.240604	8.356952	8.289903	13981	10.433889	1.018754	36.82234	8.269756	8.240421	13942	9.294039	1.0157849	36.72418	8.137012	8.025384	13960	9.843917	1.011757	38.408764	8.071723	8.008917	13981	8.888856	0.995154	37.298553	7.63242	7.5224514	13967	10.025976	0.9315269	34.79579	1.8976936	1.7740381	10829	2.7100675	0.1889652	1.8240855	1.9823585	1.8174953	11302	3.032082	0.19345208	1.6664908	0	0	0	0	0	0	501.616	498.1515	13981	3268.2434	1287.8805	35887.164	494.51465	494.58005	13981	1219.9907	1211.4265	33667.883	520.6803	521.1405	13981	1464.5773	1246.578	34423.79
F3_S19_subsampled_depth_11G_contig_1707	20.788883	19.7508	24833	131.15099	2.725772	97.93152	19.014626	17.98924	24833	123.34333	2.4905913	90.02115	20.572216	19.557056	24833	115.155334	2.6990128	97.57874	16.446056	15.516228	24833	95.47666	2.1887765	83.091286	17.170967	16.18195	24833	116.62306	2.2662544	84.939575	16.530607	15.511546	24833	111.00411	2.1876862	81.71769	0	0	0	0	0	0	0	0	0	0	0	0	0	0	0	0	0	0	0	0	0	0	0	0	0	0	0	0	0	0	0	0	0	0	0	0
F3_S19_subsampled_depth_11G_contig_1739	9.22555	8.910115	24996	23.276876	1.1203228	40.250923	8.288939	8.008451	24952	19.70162	1.0105674	36.526447	8.214079	7.9902515	24881	20.48156	1.0027627	36.2534	9.399984	9.283338	24650	22.32244	1.1630028	44.150414	8.625855	8.263081	24701	26.679815	1.0551497	39.5472	8.539805	8.388516	24903	17.560722	1.0479649	39.145134	0	0	0	0	0	0	0	0	0	0	0	0	0	0	0	0	0	0	2.4199066	2.285395	21058	3.9119384	6.3488526	176.91266	2.4409564	2.3149986	21270	3.7097561	6.0295277	167.5723	2.625493	2.4944549	22775	3.6502397	6.299652	173.9627
F3_S19_subsampled_depth_11G_contig_1878	10659.688	10462.308	10987	65180524	1287.7347	46265.707	10627.67	10425.512	10987	64455284	1283.565	46393.82	10563.464	10371.032	10987	63482390	1283.5016	46403.086	9217.54	9058.797	10987	47444116	1127.6705	42809.133	9776.801	9602.93	10987	52659864	1184.7699	44405.38	9514.912	9343.52	10987	50605240	1156.6255	43203.996	5326.5864	5224.446	10987	15822416	533.0961	5145.99	4654.059	4560.4263	10987	12195560	455.85025	3926.9202	5391.1563	5279.874	10987	16558592	529.1786	4947.6826	12.718741	12.118299	10673	103.9938	32.433285	903.7629	13.721048	13.168016	10868	121.51953	33.42384	928.9131	16.005999	15.385751	10930	172.90665	38.186047	1054.4938
F3_S19_subsampled_depth_11G_contig_1889	7.1620994	7.074091	12074	12.67865	0.86490333	31.074244	7.4679456	7.320631	12091	15.425307	0.9021169	32.606544	7.007474	6.8562465	11919	14.470502	0.8486666	30.682266	7.850523	7.661469	12134	16.0911	0.96228045	36.530525	7.1800365	7.076121	12063	14.063258	0.8713358	32.657803	6.75627	6.6545486	12116	9.544857	0.8185614	30.576117	3.8631456	3.7750506	11451	5.782615	0.38261816	3.693423	2.8437967	2.734084	10858	3.8662226	0.28244993	2.433164	3.3164756	3.1946855	11742	3.989777	0.32073745	2.998811	8.902176	8.78114	11511	32.934372	22.778698	634.7351	9.247467	8.898505	12030	40.893826	22.884254	635.99756	9.76283	9.461709	12019	47.443123	23.619492	652.2435
F3_S19_subsampled_depth_11G_contig_1906	11508.32	11497.159	11328	66139504	1387.4293	49847.523	11539.93	11526.904	11328	66766660	1390.8546	50271.746	11454.833	11451.081	11328	65707696	1388.9602	50215.777	10051.274	10054.739	11328	49439980	1227.1418	46585.305	10613.006	10604.19	11328	55033750	1283.5831	48108.91	10383.772	10383.467	11328	52899204	1259.6326	47051.664	5553.8945	5422.491	11328	17817644	555.0263	5357.6826	4841.691	4730.3696	11328	13313299	473.67026	4080.4316	5593.823	5459.1245	11328	17981144	548.1901	5125.434	11.715244	11.472173	10989	78.71259	30.119724	839.2947	13.8585615	13.553667	10535	120.13058	33.683254	936.12274	16.284756	15.974956	11151	127.67046	38.55991	1064.8177
F3_S19_subsampled_depth_11G_contig_2566	57.4518	55.055725	10617	1055.2054	8.23068	295.71176	58.005352	55.505253	10617	1301.0398	8.347977	301.73343	62.00344	59.4318	10617	1452.6505	8.920472	322.50635	65.55881	62.946503	10617	1477.9381	9.628815	365.53336	68.38377	65.060715	10617	1837.5441	9.851888	369.2504	66.81542	63.777306	10617	1670.5739	9.737001	363.71103	2.7041178	2.4618406	9405	7.717624	0.3227796	3.1157997	2.769466	2.5769026	9725	4.7428555	0.30486166	2.6262298	3.441005	3.20656	9315	8.897031	0.3906402	3.652385	5.794975	5.5219193	10308	18.21766	18.955946	528.213	4.704022	4.451332	10544	15.261329	13.503077	375.2767	5.7513137	5.3932705	10587	24.173672	16.660048	460.06113
F3_S19_subsampled_depth_11G_contig_2898	249.51192	246.10284	40697	10049.301	30.321896	1089.4045	250.03629	246.461	40697	10148.999	30.365519	1097.5463	249.93304	246.54375	40697	10514.212	30.549088	1104.4564	361.02887	359.25516	40697	18774.904	44.42246	1686.385	371.93103	370.3423	40697	18958.592	45.349575	1699.7096	372.40875	370.23685	40697	19263.182	45.554184	1701.6079	147.51476	138.77846	40697	6957.672	14.846678	143.31538	124.05902	116.554405	40697	5114.4746	12.226511	105.32521	141.27472	132.81717	40697	6334.1943	13.950737	130.43578	12.044393	11.73162	40391	36.918167	31.612133	880.88116	9.876908	9.63171	40260	24.397684	24.342564	676.527	14.727255	14.580467	40350	42.660904	35.485622	979.92236
F3_S19_subsampled_depth_11G_contig_3006	2893.4412	2879.2314	42821	263419.06	352.22653	12654.79	2890.9456	2876.3887	42821	276141.34	351.82703	12716.611	2740.5098	2727.3284	42821	226091.9	335.54608	12131.168	2584.7524	2569.8997	42821	201860.61	318.5653	12093.517	2616.498	2601.1404	42821	192043.66	319.4092	11971.515	2653.9712	2637.1973	42821	213465.44	325.00922	12140.224	111.476906	102.49869	42821	6496.781	11.224252	108.348	104.35839	95.65059	42821	5757.7646	10.27122	88.48134	140.80905	129.84148	42821	9775.898	13.894193	129.90704	4.6812825	4.3914332	41592	11.023845	13.004798	362.3824	4.8329077	4.594558	41554	10.013373	12.361627	343.55353	5.684657	5.4019527	42150	12.911197	14.163523	391.12057
F3_S19_subsampled_depth_11G_contig_3025	6.710209	6.6174245	20443	9.089966	0.81427807	29.255371	6.0278077	6.0108566	20571	5.6274033	0.72987884	26.381096	7.2131257	7.147996	20465	9.318671	0.8776803	31.731215	6.217064	6.1216917	20538	7.8453894	0.7660126	29.07971	6.4145355	6.320568	20523	7.611661	0.7797077	29.223581	6.149101	6.0750785	20537	7.1010594	0.7496374	28.00158	4.288381	4.185049	20242	5.409661	0.4327915	4.1777477	2.7386484	2.626985	18281	4.012979	0.2681999	2.3104079	4.3183274	4.2487845	19813	6.0111623	0.42320684	3.9568717	2.9373846	2.8666954	19100	3.1644397	7.5024066	209.05667	3.1690812	3.0496922	19254	4.330883	7.752855	215.4669	2.7343705	2.6752188	18469	2.9864655	6.5586586	181.11493
F3_S19_subsampled_depth_11G_contig_3116	108.14758	91.35327	54966	10642.571	13.175517	473.36966	108.90041	91.7851	54966	10286.254	13.258189	479.21048	106.31584	88.91305	54966	10934.317	13.025651	470.92288	95.17159	80.970085	54966	7252.4585	11.738366	445.61703	96.58032	83.15228	54966	6951.4185	11.800223	442.27426	95.631714	81.3721	54966	7642.4434	11.715137	437.60126	76.83961	74.85114	54966	949.81537	7.754891	74.858116	59.13622	57.90358	54966	479.68475	5.8302307	50.22449	71.76751	70.28989	54966	685.36975	7.0964875	66.35028	0	0	0	0	0	0	0	0	0	0	0	0	0	0	0	0	0	0
F3_S19_subsampled_depth_11G_contig_3344	4.42271	4.3141747	32035	5.8963943	0.5403468	19.413559	4.0928516	3.9063845	31566	7.8822455	0.50506943	18.255484	4.455601	4.2780695	31809	7.6315866	0.547352	19.7887	3.699619	3.550381	30360	6.612793	0.45852455	17.406717	3.6264594	3.5083828	31691	4.835711	0.44561327	16.70167	3.9332418	3.7973921	31475	6.049927	0.4841988	18.086508	0	0	0	0	0	0	0	0	0	0	0	0	0	0	0	0	0	0	0	0	0	0	0	0	0	0	0	0	0	0	0	0	0	0	0	0
F3_S19_subsampled_depth_11G_contig_3654	30.87723	30.677004	40779	46.17658	3.7803106	135.81891	30.324177	30.14494	40779	43.066605	3.7139423	134.23862	29.949963	29.664425	40779	52.314438	3.692911	133.51164	31.16946	30.634205	40779	76.321106	3.8780336	147.2197	32.412834	32.079716	40779	63.67697	3.9883227	149.48303	32.469097	32.078022	40779	60.358006	3.9989374	149.3743	15.079401	14.863292	40398	65.05607	1.5219239	14.691162	13.034532	12.85949	39851	53.07838	1.2869884	11.086754	14.779271	14.598491	40106	66.65093	1.4634619	13.682978	0	0	0	0	0	0	0	0	0	0	0	0	0	0	0	0	0	0
F3_S19_subsampled_depth_11G_contig_3708	54.187916	49.717224	35304	1008.0717	7.0152855	252.045	54.60727	49.878826	35304	1077.7205	7.074036	255.6874	59.52691	54.6439	35304	1167.176	7.735049	279.649	68.31211	62.571777	35304	1524.3627	8.942591	339.4825	64.84013	59.25506	35304	1449.8994	8.424959	315.76886	65.510666	60.20607	35304	1382.95	8.530703	318.6515	0	0	0	0	0	0	0	0	0	0	0	0	0	0	0	0	0	0	3.7219093	3.3390644	32570	15.40413	11.677111	325.386	2.841213	2.5082808	30550	12.067011	7.777976	216.16504	3.9691358	3.5902023	33720	21.424728	10.590645	292.45676
F3_S19_subsampled_depth_11G_contig_4397	38.877632	38.326595	17189	251.67953	4.805321	172.64546	41.59528	41.060703	17189	305.709	5.143434	185.90677	41.574093	40.421597	17186	355.95386	5.176139	187.13556	49.396442	48.918365	17188	391.3133	6.1730695	234.34482	52.018017	51.0015	17187	460.33865	6.4497576	241.73807	52.11456	51.120625	17187	528.6895	6.4509706	240.9663	4.6671166	4.4984026	16532	8.408961	0.47953916	4.6290045	4.6405306	4.4531527	16797	8.029067	0.4643053	3.9997554	5.263337	5.015779	16800	11.574915	0.53254783	4.9791813	6.8164797	6.504075	16917	19.0246	19.220203	535.57666	5.9378486	5.768012	16578	13.647446	14.7132225	408.9089	7.586478	7.462607	17134	16.099678	18.2799	504.79254
F3_S19_subsampled_depth_11G_contig_4473	27.274652	26.11976	13323	316.4718	3.5898821	128.97726	28.302664	27.173399	13323	393.39767	3.7025268	133.826	31.10271	29.6672	13323	515.73004	4.137834	149.59727	32.9666	31.575863	13323	524.50415	4.383452	166.40659	32.780155	31.341232	13323	543.1319	4.344135	162.81894	33.08449	31.63743	13323	499.7964	4.38367	163.7453	0	0	0	0	0	0	0	0	0	0	0	0	0	0	0	0	0	0	0	0	0	0	0	0	0	0	0	0	0	0	2.872922	2.5394282	10228	10.280237	7.8794117	217.58699
F3_S19_subsampled_depth_11G_contig_4963	92.34557	90.61707	43134	698.3077	11.227692	403.3883	87.65992	85.9024	43134	528.2857	10.661858	385.36743	90.610855	88.90441	43134	669.2536	11.090024	400.9433	82.746254	81.48307	43134	496.07034	10.188097	386.765	80.896614	79.39371	43134	499.7667	9.864246	369.7136	83.6281	82.17402	43134	548.89905	10.235436	382.32928	39.74202	38.042057	43134	379.4153	4.0056973	38.6671	31.373278	30.178204	43134	249.88632	3.0923452	26.638994	36.885307	35.546246	43134	271.36932	3.6421065	34.052727	100.429276	100.11203	43134	213.34203	255.976	7132.8447	106.3448	106.13659	43134	167.92928	260.29263	7234.038	94.40948	94.142685	43134	160.43906	226.1388	6244.7393
F3_S19_subsampled_depth_11G_contig_5072	135.94603	135.44193	45076	343.4307	16.551281	594.65405	141.23834	140.39685	45076	412.48944	17.182583	621.0559	140.81409	139.9302	45076	446.49384	17.236288	623.1522	136.23857	135.40439	45076	425.05508	16.797163	637.6614	144.36447	143.50705	45076	441.14557	17.616976	660.28705	137.13431	136.05115	45076	460.46307	16.799105	627.50507	83.38942	79.42194	45076	1402.2639	8.410091	81.18281	72.96621	70.59193	45076	839.1892	7.205167	62.068844	82.996216	79.9839	45076	1106.909	8.211533	76.77567	93.53132	92.96176	45076	250.75374	240.47504	6700.9077	99.64039	99.1171	45076	184.11353	245.49031	6822.65	91.371925	90.90461	45076	170.07599	220.24834	6082.078
F3_S19_subsampled_depth_11G_contig_5108	33.220978	30.040257	18532	399.33304	4.2977605	154.4099	31.268251	27.84786	18532	436.8088	4.042676	146.12042	33.574368	30.522123	18532	381.9964	4.364118	157.77823	28.453869	25.438587	18532	351.30557	3.7363374	141.84048	25.058807	22.544245	18532	242.0806	3.2530012	121.92296	27.152105	24.719173	18532	248.94165	3.5377247	132.14635	0	0	0	0	0	0	0	0	0	0	0	0	0	0	0	0	0	0	4.307366	2.959804	16584	64.05524	13.506733	376.36914	3.6526494	2.4857955	16428	46.59002	10.94931	304.30246	4.974758	3.6771035	17736	61.937668	14.704826	406.06833
F3_S19_subsampled_depth_11G_contig_5636	4.052252	3.9311943	18344	5.8829727	0.4913611	17.653605	4.931169	4.8275104	18656	6.302744	0.5991037	21.654293	4.557172	4.4120617	18072	8.160741	0.55483896	20.059366	4.518772	4.3515744	18321	7.105092	0.5545014	21.05024	3.6972938	3.5890672	17227	5.901946	0.44856483	16.812286	4.638357	4.5604873	18434	6.1232586	0.5657069	21.131138	2.081827	1.9343435	16119	2.7992086	0.20905341	2.0179968	2.0027812	1.8101604	14877	3.4126256	0.19838816	1.7090132	0	0	0	0	0	0	0	0	0	0	0	0	0	0	0	0	0	0	0	0	0	0	0	0
F3_S19_subsampled_depth_11G_contig_5738	10706.323	10533.896	24926	10929516	1310.7999	47094.406	10278.193	10114.719	24926	9952407	1257.7389	45460.35	9915.676	9756.678	24926	9423976	1220.8125	44136.65	9075.584	8931.081	24926	7978650	1124.9186	42704.664	8515.639	8376.995	24926	7015404.5	1045.6462	39190.992	8904.767	8754.9375	24926	7675511.5	1096.7638	40967.945	7911.4897	7438.8613	24926	36421556	801.60596	7737.924	6006.2656	5649.373	24926	20767010	595.58655	5130.6772	8336.418	7854.667	24926	37686050	827.9648	7741.253	220.13788	219.15565	24926	4955.664	560.9481	15630.984	267.22382	266.36932	24926	7618.428	655.86395	18227.729	245.18607	244.44412	24926	6209.9478	588.2774	16245.067
F3_S19_subsampled_depth_11G_contig_5875	21.277716	20.649769	10758	90.652565	2.8706827	103.137825	19.609446	18.986176	10758	69.84397	2.6155522	94.53788	19.100866	18.440092	10758	83.1385	2.573347	93.03546	20.004995	19.53718	10758	68.86176	2.7263718	103.49974	16.744627	16.03938	10758	76.32084	2.2602735	84.71541	18.046663	17.393066	10758	85.62572	2.4795089	92.618324	0	0	0	0	0	0	0	0	0	0	0	0	0	0	0	0	0	0	67.50811	52.634163	10758	6826.9165	195.89233	5458.596	81.60078	66.51487	10758	7329.325	230.57567	6408.1436	80.31882	62.8363	10758	9500.35	224.00137	6185.715
F3_S19_subsampled_depth_11G_contig_6501	38.180805	34.253887	18446	4518.9663	6.206772	222.99687	38.97901	35.11641	18446	4722.7705	6.3889246	230.92448	42.52509	38.16614	18446	5622.7417	6.941153	250.94696	48.143967	43.37175	18446	7050.661	7.953336	301.92804	47.40244	42.533703	18446	7478.436	7.76688	291.10385	48.665882	43.606266	18446	7568.556	7.9894915	298.43552	0	0	0	0	0	0	0	0	0	0	0	0	0	0	0	0	0	0	3.299683	2.8090842	15794	40.82787	13.3155155	371.0408	2.189932	1.8658004	14916	16.523367	7.2140026	200.49104	3.504318	3.0832524	16430	37.746357	10.972843	303.0109
F3_S19_subsampled_depth_11G_contig_6668	37.256527	36.97602	38883	84.567024	4.5376935	163.03009	35.02956	34.867043	38883	78.180626	4.2674785	154.24594	34.91271	34.57649	38883	85.32691	4.2695317	154.3585	35.915188	35.65595	38883	84.715225	4.424243	167.955	35.47156	35.09667	38883	78.45655	4.335005	162.47676	37.168514	36.71366	38883	97.04895	4.550701	169.98457	18.63819	16.509165	38883	281.0662	1.8815062	18.162231	14.15124	12.788445	38827	137.35744	1.3953563	12.020288	16.928717	15.43837	38866	174.3328	1.6734864	15.646658	4.911006	4.741258	37753	8.302907	13.134592	365.99936	4.255054	4.152434	38015	5.1917615	10.569441	293.74512	5.2658715	5.143972	38493	7.2328825	12.907396	356.43295
F3_S19_subsampled_depth_11G_contig_7317	6.5767217	6.4879727	15993	7.2323885	0.8061207	28.962278	6.5456667	6.4627953	15947	9.4213915	0.802333	28.999922	6.805529	6.7302055	15993	7.7111397	0.8453241	30.561422	7.114435	7.0348554	15993	9.398407	0.8937588	33.92925	6.18879	6.089978	15982	7.010751	0.7711258	28.901909	6.6719685	6.6265516	15960	7.890682	0.8212569	30.676798	0	0	0	0	0	0	0	0	0	0	0	0	0	0	0	0	0	0	95.88885	95.91395	15993	150.28001	248.97296	6937.7056	103.165245	103.07287	15993	174.08218	254.21147	7065.0293	109.114815	108.84501	15993	199.29756	263.525	7277.146
F3_S19_subsampled_depth_11G_contig_7655	5.380136	5.2557154	30866	6.680882	0.65361327	23.483017	4.60495	4.542703	30438	4.98609	0.5606718	20.265203	5.0387254	4.9361253	30798	6.4559393	0.6139999	22.198252	4.78858	4.6876707	30628	6.026119	0.5881027	22.325827	4.5065026	4.4535947	30427	5.070311	0.54972684	20.603855	4.9319963	4.86312	30703	5.7543454	0.6010464	22.451181	2.3973148	2.274443	26230	3.4916553	0.24059455	2.3224652	2.4544485	2.3237958	27034	3.5268486	0.24362902	2.0987408	2.907732	2.7737958	27808	4.6597056	0.28851914	2.6975777	2.1586864	2.0011144	25229	3.5499253	5.655104	157.58109	1.9937884	1.888102	25645	2.4928274	4.9588675	137.8165	2.54594	2.4391086	27616	3.2690887	6.2040644	171.32285
F3_S19_subsampled_depth_11G_contig_7981	2.7350974	2.6074567	9221	3.2719064	0.3387964	12.172273	3.0557582	2.933431	8962	4.7228365	0.37892154	13.695929	2.1141524	2.0212886	8363	2.6407244	0.2670605	9.655166	2.7882197	2.7331607	9058	2.8320577	0.3503594	13.300502	2.5332522	2.4247577	8645	3.4960046	0.31384933	11.763123	2.7827454	2.6941879	9092	3.1237373	0.3371106	12.592254	0	0	0	0	0	0	0	0	0	0	0	0	0	0	0	0	0	0	0	0	0	0	0	0	0	0	0	0	0	0	0	0	0	0	0	0
F3_S19_subsampled_depth_11G_contig_8610	4.505102	4.470446	16435	4.3681045	0.5443195	19.556309	4.3579493	4.2456894	16339	5.8178782	0.5276297	19.070904	4.0341163	3.970681	16030	5.0363355	0.49114165	17.756502	5.0447435	5.004495	16509	4.373662	0.617635	23.446943	4.8186703	4.7483397	16481	5.4106565	0.5884154	22.0539	4.622426	4.5094266	16347	5.556282	0.5618809	20.98822	2.8898013	2.7376719	14190	5.271008	0.29089445	2.8080106	3.1095948	2.9695404	14672	5.0771785	0.30866224	2.658969	2.2379687	2.1270044	14498	2.7294185	0.22070777	2.0635602	0	0	0	0	0	0	0	0	0	0	0	0	0	0	0	0	0	0
F3_S19_subsampled_depth_11G_contig_9130	3.252825	3.1577132	20200	4.5060825	0.39474902	14.182528	2.9320118	2.8094575	20029	3.9387794	0.35495162	12.829548	2.96633	2.9216835	20196	2.8858566	0.36137602	13.065008	2.9981475	2.885407	20493	3.611779	0.3696987	14.034658	3.2606058	3.1742308	20117	3.9104524	0.39646605	14.859617	3.2793164	3.1882267	20296	4.351463	0.39962286	14.927312	2.6211097	2.4288876	17508	5.3539577	0.26385552	2.5470052	2.1667285	2.0148194	17620	3.5193267	0.2134473	1.8387411	2.4510005	2.3204694	18839	3.655975	0.24321449	2.2739918	0	0	0	0	0	0	0	0	0	0	0	0	0	0	0	0	0	0
F3_S19_subsampled_depth_11G_contig_9515	3.4964812	3.4179103	1685	3.3973947	0.39611292	14.231546	2.6858606	2.684435	1332	2.881407	0.3210336	11.603603	3.8285348	3.816631	1450	4.84254	0.46297795	16.738281	2.6986563	2.7142856	1598	1.8035003	0.32510486	12.341775	1.8662828	1.8542999	1390	1.5013145	0.23604675	8.847075	2.4984004	2.402985	1394	4.7226286	0.344605	12.872198	0	0	0	0	0	0	0	0	0	0	0	0	0	0	0	0	0	0	24.523352	24.393745	1706	99.65037	65.69167	1830.517	29.746641	29.943142	1713	99.72964	72.74654	2021.7667	26.846449	27.369581	1693	50.727993	63.171635	1744.4615
F3_S19_subsampled_depth_11G_contig_9671	13.376537	13.361631	11129	14.944924	1.6560924	59.500065	12.964933	12.882323	11129	15.793906	1.5927839	57.570362	13.141998	13.012952	11129	13.739445	1.6456684	59.49666	13.137809	13.023374	11129	17.180407	1.6630242	63.13245	11.351216	11.298189	11129	14.422641	1.4004654	52.489647	12.643319	12.439644	11126	17.760727	1.5597767	58.263096	0	0	0	0	0	0	0	0	0	0	0	0	0	0	0	0	0	0	32.289097	32.342506	11129	58.84774	83.64596	2330.8184	40.049187	39.748253	11129	64.2561	100.346344	2788.8184	37.599964	37.33421	11129	57.116688	92.93872	2566.469
F3_S19_subsampled_depth_11G_contig_9799	9.364384	9.175712	11266	18.826305	1.1410333	40.995003	8.389926	8.123921	11138	19.391708	1.0193771	36.84489	8.57301	8.401628	11199	18.874023	1.0500275	37.962154	9.949808	9.798194	11322	29.745249	1.2204425	46.330963	10.220684	9.881337	11345	29.760601	1.2455982	46.685215	10.189247	10.017759	11235	22.128796	1.2453074	46.516556	0	0	0	0	0	0	0	0	0	0	0	0	0	0	0	0	0	0	2.9115834	2.7171347	9907	5.324086	8.010001	223.2009	2.1008306	1.9625955	9052	3.1948164	5.2805176	146.75584	3.1587925	2.951285	10135	6.380821	7.7307515	213.48186
F3_S19_subsampled_depth_11G_contig_10323	28.589808	26.917305	23205	417.54282	3.522376	126.551865	27.067186	25.634813	23205	342.50992	3.3352103	120.54952	27.979961	26.793745	23205	347.78137	3.4701748	125.45895	38.101322	36.697895	23205	826.56555	4.748668	180.27106	37.960617	36.106018	23205	870.0838	4.6849594	175.593	37.73394	36.05431	23205	745.0852	4.6720023	174.51555	22.361006	22.219652	22782	115.8425	2.2431986	21.653652	18.954327	18.89933	22707	83.95884	1.8636024	16.053997	20.172544	20.120668	22897	98.244514	1.9851782	18.560905	0	0	0	0	0	0	0	0	0	0	0	0	0	0	0	0	0	0
F3_S19_subsampled_depth_11G_contig_10751	4.112295	3.898247	25745	7.942725	0.4992482	17.93698	4.3138766	4.058031	25486	9.628863	0.52237046	18.880817	3.98569	3.788628	25522	7.2316246	0.48552543	17.553448	3.4340425	3.285804	25074	5.7133093	0.4233351	16.070831	3.7633967	3.624158	25713	5.636531	0.45905626	17.205498	3.7031066	3.568972	24243	6.463632	0.4510758	16.849253	3.852683	3.6321492	24697	9.128482	0.38780513	3.7434945	2.8000753	2.6156647	22779	5.11831	0.2745046	2.3647194	3.186255	2.9700012	23477	7.418799	0.3139385	2.935244	0	0	0	0	0	0	0	0	0	0	0	0	0	0	0	0	0	0
F3_S19_subsampled_depth_11G_contig_11179	7.798869	7.7317934	17129	8.919554	0.94644403	34.003822	7.363272	7.269908	17108	11.057331	0.90215695	32.60801	7.796219	7.7681737	17129	9.271819	0.9561591	34.568497	5.4082103	5.3109336	16988	7.138985	0.66542006	25.260963	6.3711057	6.3000064	17102	6.674325	0.7832917	29.357887	5.5012074	5.44363	16923	6.8717585	0.68278843	25.50453	0	0	0	0	0	0	0	0	0	0	0	0	0	0	0	0	0	0	0	0	0	0	0	0	0	0	0	0	0	0	0	0	0	0	0	0
F3_S19_subsampled_depth_11G_contig_12365	10.203085	10.077946	20634	12.621161	1.26117	45.311302	10.20372	10.115535	20630	12.2903385	1.256182	45.404087	10.819811	10.758136	20634	11.66684	1.3407785	48.473835	9.825522	9.715448	20634	12.348112	1.2307284	46.721466	9.625756	9.507865	20575	13.252411	1.2007128	45.00291	9.992287	9.932361	20634	10.192781	1.2435769	46.451923	5.1139913	5.046865	20279	5.9594207	0.51873416	5.007353	4.4468365	4.297624	19541	8.14144	0.44193894	3.8070796	5.0496974	4.9011173	20116	7.931524	0.5053706	4.725082	0	0	0	0	0	0	0	0	0	0	0	0	0	0	0	0	0	0
F3_S19_subsampled_depth_11G_contig_12788	56.566647	56.444553	31030	114.836235	6.986298	251.0037	53.768654	53.662815	31030	96.86201	6.6506796	240.38538	54.717228	54.62885	31030	116.10648	6.7938137	245.6203	56.6308	56.51011	31030	117.245766	7.0873876	269.0546	52.541225	52.353844	31030	99.36915	6.506552	243.86673	55.81985	55.784325	31030	109.054504	6.9228773	258.59357	0	0	0	0	0	0	0	0	0	0	0	0	0	0	0	0	0	0	1.9271373	1.7926742	24021	2.9061842	4.939924	137.65231	2.3017812	2.2213228	27205	2.6876745	5.6981416	158.36237	2.4031737	2.277382	26981	3.2308197	5.804555	160.29068
F3_S19_subsampled_depth_11G_contig_12963	28.687935	26.829102	39802	276.95084	3.527538	126.737274	28.276228	26.243471	39802	303.59537	3.4758098	125.631355	29.118177	27.001009	39802	331.5449	3.6033013	130.27191	56.617977	54.77516	39802	391.33298	7.0295177	266.85767	56.42704	54.43858	39802	414.3605	6.942283	260.1978	57.50686	55.35634	39802	457.74765	7.109669	265.571	0	0	0	0	0	0	0	0	0	0	0	0	0	0	0	0	0	0	2.4569001	2.268746	31219	4.7699013	7.8383446	218.41776	0	0	0	0	0	0	2.0863764	1.9734085	32715	2.7855332	5.0943313	140.67818
F3_S19_subsampled_depth_11G_contig_13471	14.545637	12.678093	18074	211.00574	2.0597591	74.00299	14.307632	12.529755	18074	192.30807	2.0091703	72.62046	13.112586	11.361952	18074	171.79962	1.8929486	68.43675	12.169159	10.572899	18074	150.3904	1.7747983	67.37567	12.47428	10.859224	18074	138.79579	1.7826263	66.81311	13.099308	11.37063	18073	178.33505	1.8718626	69.92058	0	0	0	0	0	0	1.7599308	1.6384826	14073	2.4185672	0.18889402	1.6272268	0	0	0	0	0	0	5.9792457	5.2701464	17280	35.838882	19.51631	543.82764	4.8048983	4.1339574	17594	27.404493	14.175829	393.97357	6.1905823	5.435408	17797	33.605145	18.061113	498.751
F3_S19_subsampled_depth_11G_contig_13599	174.5759	172.55278	11065	870.2657	21.801233	783.2743	179.74667	178.32367	11065	743.2441	22.431265	810.767	169.49199	166.95868	11065	775.27765	21.297405	769.97595	164.33275	162.98056	11065	683.4649	20.79144	789.29376	170.65259	169.01924	11065	746.3984	21.322828	799.1832	160.44077	158.82402	11065	746.836	20.147638	752.58466	114.40623	113.88152	11065	348.70038	11.816767	114.067505	97.360054	97.066154	11065	284.5745	9.824078	84.629486	131.92809	131.10341	11065	606.0355	13.342394	124.74788	0	0	0	0	0	0	0	0	0	0	0	0	0	0	0	0	0	0
F3_S19_subsampled_depth_11G_contig_13705	40.929676	40.48575	45255	120.74326	4.990482	179.29788	39.804058	39.120285	45255	140.27	4.84655	175.1762	41.04106	40.137085	45255	149.08275	5.0369306	182.10265	40.75045	40.077152	45255	141.34697	5.0359945	191.17857	40.985344	40.46646	45255	127.38356	5.0096254	187.76158	42.181553	41.340313	45255	165.73985	5.171149	193.16042	25.747988	23.57448	45255	435.9526	2.5993478	25.091574	20.68316	18.86289	45255	276.15927	2.0463707	17.628454	23.744928	22.007391	45255	323.2451	2.3474398	21.947943	0	0	0	0	0	0	0	0	0	0	0	0	0	0	0	0	0	0
F3_S19_subsampled_depth_11G_contig_13775	13.505968	13.34605	40944	21.70917	1.6497138	59.270863	12.685122	12.400104	40930	24.236128	1.5438106	55.800278	13.051369	12.786401	40909	27.038086	1.5996923	57.834503	12.07894	11.941099	40953	22.486275	1.492676	56.665604	13.721025	13.60025	40951	21.72706	1.6780404	62.89322	12.370977	12.08684	40930	22.670887	1.5166533	56.65231	5.6072836	5.1377883	39626	19.69965	0.5654857	5.45865	4.3786488	3.9799309	38916	14.2498865	0.43306792	3.7306607	5.5465283	5.1834273	39622	16.038292	0.5512137	5.1537056	15.308801	11.463034	40879	8110.23	57.483208	1601.7861	14.957356	11.221986	40925	9233.591	57.02471	1584.8271	16.142147	12.215233	40854	9840.654	59.46651	1642.1454
F3_S19_subsampled_depth_11G_contig_13830	28.140501	27.640718	65523	97.94172	3.4255226	123.072136	28.394812	27.878664	65523	101.8544	3.4562123	124.92313	28.218653	27.719343	65523	92.1449	3.455793	124.93896	37.192005	36.57814	65523	162.15547	4.590796	174.27786	38.520336	37.974728	65523	146.60803	4.704331	176.31909	37.587795	36.812855	65523	172.61096	4.60566	172.0375	11.513316	10.870541	65523	50.521164	1.1639963	11.236081	10.148486	9.635179	65456	35.014557	1.0017227	8.629334	11.202132	10.540562	65397	45.01727	1.1088325	10.367295	176.47282	175.8166	65523	584.31573	450.14847	12543.5205	180.46657	180.19434	65523	393.67853	442.37888	12294.5625	161.21931	160.9954	65523	302.58533	386.77008	10680.515
F3_S19_subsampled_depth_11G_contig_13883	366.44797	364.47382	37683	2463.809	44.554085	1600.7385	350.80316	349.74878	37683	1890.5613	42.626434	1540.7113	357.29443	355.2465	37683	2555.0789	43.68148	1579.2388	313.90945	311.97537	37683	2426.1956	38.628975	1466.4506	298.06656	296.43048	37683	1626.8042	36.35653	1362.6489	309.5477	308.11664	37683	2075.1897	37.865017	1414.3905	150.1963	145.29636	37683	3714.944	15.107518	145.83322	118.65148	115.27948	37683	2209.2563	11.693644	100.73481	142.41824	137.23643	37683	3480.5483	14.063825	131.49315	1.9677618	1.8248423	29000	3.0645578	5.187605	144.5542	1.6370927	1.540363	29616	1.8220143	4.0385437	112.238884	2.1218128	2.0087032	31951	2.7471778	5.0945845	140.68515
F3_S19_subsampled_depth_11G_contig_13930	12.272629	12.226759	12148	14.150309	1.4900026	53.532772	11.124437	10.992963	12141	12.887326	1.3505318	48.814293	12.893649	12.796296	12148	14.854578	1.5744294	56.92114	13.678613	13.695463	12148	18.987309	1.6824496	63.86987	11.032589	10.784074	12123	19.529737	1.3435099	50.354942	12.289882	12.060278	12133	16.596462	1.5033474	56.155285	5.5464244	5.483796	11844	8.095328	0.5555009	5.3622622	4.001667	3.84	11811	6.216217	0.40756842	3.5109975	5.0936823	5.009259	11683	7.771003	0.50235784	4.6969123	0	0	0	0	0	0	0	0	0	0	0	0	0	0	0	0	0	0
F3_S19_subsampled_depth_11G_contig_13970	101.34997	83.01876	56826	12546.094	12.347316	443.6142	100.82581	82.49012	56826	11886.697	12.278097	443.78555	102.8649	84.002075	56826	13118.005	12.602547	455.62628	106.53098	87.68502	56826	12492.062	13.140724	498.85397	110.19306	93.55732	56826	10446.042	13.471671	504.92044	107.25284	89.9486	56826	11254.729	13.145038	491.013	55.417286	53.64362	56826	593.9893	5.5938497	53.997574	48.485302	47.354164	56826	407.47617	4.802189	41.36842	53.85301	52.0218	56826	572.84985	5.3260565	49.79725	168.39575	158.07877	56826	4022.0027	436.76633	12170.619	168.59077	157.86592	56826	3557.3328	414.1382	11509.703	220.5653	204.53381	56826	7255.423	530.46094	14648.487
F3_S19_subsampled_depth_11G_contig_14020	11.316784	11.15714	37936	16.297684	1.3758086	49.43004	11.888874	11.797518	37936	16.06257	1.4467279	52.29124	12.298629	12.213038	37936	17.112293	1.5076462	54.50668	12.140714	12.000117	37903	18.338083	1.498839	56.899593	12.655216	12.574424	37936	15.143166	1.546479	57.962273	12.58871	12.436868	37936	18.894733	1.5409894	57.561306	7.4419627	7.235327	37583	16.306715	0.7549146	7.287212	6.3569574	6.222124	37589	10.477898	0.62802076	5.410079	7.048669	6.886556	37564	12.14036	0.69813067	6.5273385	0	0	0	0	0	0	0	0	0	0	0	0	0	0	0	0	0	0
F3_S19_subsampled_depth_11G_contig_14047	17.751892	17.623129	42845	22.97618	2.160697	77.62951	16.95578	16.707497	42845	26.070139	2.0643518	74.61492	18.497717	18.34952	42845	29.342003	2.2673175	81.97144	16.866402	16.818878	42845	20.922846	2.0814328	79.01625	16.865582	16.807245	42845	23.65864	2.0603695	77.22302	16.988312	16.881542	42845	23.995913	2.0843174	77.85653	6.4520903	5.8680353	42274	26.02857	0.6493924	6.2685995	5.3753366	4.9100633	40742	20.663658	0.5295034	4.5614038	6.1345825	5.750592	42252	18.42012	0.60535026	5.6598654	0	0	0	0	0	0	0	0	0	0	0	0	0	0	0	0	0	0
F3_S19_subsampled_depth_11G_contig_14060	24.36565	24.102104	34951	52.507988	2.9588106	106.304054	24.86963	24.647297	34951	51.205086	3.0188932	109.11638	23.682451	23.447432	34951	42.982384	2.8939233	104.62553	21.779633	21.505156	34951	44.26474	2.6795454	101.72211	21.544754	21.378532	34943	37.824512	2.62143	98.251625	21.611794	21.376457	34937	40.784626	2.641111	98.65471	3.308037	3.1541777	32001	5.449306	0.3321611	3.2063594	2.9855752	2.8999074	31501	4.1025505	0.29346776	2.528076	4.0141377	3.8651066	33569	6.5114098	0.39582935	3.7009013	0	0	0	0	0	0	0	0	0	0	0	0	0	0	0	0	0	0
F3_S19_subsampled_depth_11G_contig_14071	386.94614	386.49164	42987	8397.739	47.079247	1691.4626	377.51968	377.57135	42987	7852.1406	45.911335	1659.4423	368.998	368.18118	42987	8004.679	45.13821	1631.904	368.91663	368.47754	42987	6668.849	45.45284	1725.5009	364.8337	365.639	42987	6193.4956	44.522522	1668.711	376.52985	375.68915	42987	7142.816	46.085865	1721.4681	0	0	0	0	0	0	0	0	0	0	0	0	0	0	0	0	0	0	64.226746	57.772324	42987	1463.0432	163.35857	4552.0327	93.67521	85.91524	42987	2217.0693	230.81705	6414.851	73.248245	67.04197	42987	1354.1399	176.57361	4876.016
F3_S19_subsampled_depth_11G_contig_14231	4.808815	4.6277423	13870	9.842086	0.58810335	21.129364	4.7065682	4.5272655	13821	8.962551	0.5748719	20.778467	4.794004	4.638156	13757	8.082715	0.59015816	21.336288	4.284631	4.161208	13579	6.4120026	0.5282827	20.054907	4.449127	4.2383146	13736	8.556123	0.5425622	20.335323	4.871136	4.7468996	13713	7.63341	0.5994078	22.389965	2.9034774	2.7847376	12686	4.384028	0.29389724	2.8369977	2.5382082	2.4074721	12379	3.7382178	0.25738096	2.217207	2.7113624	2.5091414	11761	5.801763	0.27472794	2.5686345	0	0	0	0	0	0	0	0	0	0	0	0	0	0	0	0	0	0
F3_S19_subsampled_depth_11G_contig_280|provirus_54270_83663	438.14932	438.58978	29394	7060.229	53.56568	1924.5067	411.02524	411.81213	29394	6190.8833	50.222897	1815.2813	411.08264	411.56372	29394	5682.643	50.51356	1826.2423	414.2911	415.06555	29394	5035.548	51.288628	1947.0417	385.27066	386.0687	29394	4955.9063	47.20733	1769.3384	404.4365	404.88412	29394	5786.4116	49.735847	1857.8076	4.3817534	3.8417933	27608	17.592112	0.44477588	4.2934318	4.6312065	4.1946807	27761	15.464951	0.46258298	3.9849179	6.132437	5.631079	28707	23.707148	0.6077282	5.682099	2.3775475	2.2598784	25796	3.240656	6.0615177	168.90593	2.9360552	2.782219	26591	4.7943926	7.31589	203.3227	2.804507	2.7179332	26469	3.421036	6.8492393	189.13931
F3_S19_subsampled_depth_11G_contig_1375|provirus_47329_90805	28.927574	28.813515	43477	43.815376	3.5237863	126.60256	28.359152	28.351686	43477	32.972256	3.4594383	125.03969	27.138205	27.046057	43477	37.965057	3.329691	120.37995	29.253744	29.179792	43477	38.258553	3.6198735	137.41924	26.731207	26.655085	43477	33.672943	3.2711604	122.60367	28.490917	28.40259	43477	39.95564	3.4987483	130.6904	0	0	0	0	0	0	0	0	0	0	0	0	0	0	0	0	0	0	1.9458767	1.8361585	34660	2.5670054	4.9276514	137.31038	2.8334525	2.7080138	40761	3.6309419	6.9753227	193.8578	2.479447	2.3885882	37822	3.0747235	5.9536858	164.40892
F3_S19_subsampled_depth_11G_contig_1404|provirus_5248_27037	21.448198	21.241169	21790	32.353806	2.634279	94.644325	20.185444	19.995943	21790	31.231884	2.479188	89.608986	21.16964	21.01068	21790	30.03697	2.6070101	94.25251	21.856607	21.744608	21790	29.185175	2.7193506	103.233185	20.645102	20.527008	21790	27.374832	2.5380352	95.12599	21.70536	21.49163	21790	38.5793	2.6726758	99.83381	0	0	0	0	0	0	0	0	0	0	0	0	0	0	0	0	0	0	2.3631701	2.1573732	17749	5.40796	6.5381207	182.18655	2.4382162	2.2379339	18325	6.787439	6.4274344	178.63072	2.210536	1.9558945	18001	7.911493	5.9561133	164.47588
F3_S19_subsampled_depth_11G_contig_2019|provirus_49773_61550	24.831957	24.282248	11778	50.43603	3.1047616	111.54784	24.883556	24.222147	11778	65.65152	3.1252062	112.958984	22.304953	21.743742	11778	60.54412	2.832802	102.41576	22.422688	21.957005	11778	39.48736	2.855921	108.41777	22.207516	21.91286	11778	33.506687	2.7948384	104.75102	22.280272	21.803076	11778	52.49845	2.825491	105.54189	0	0	0	0	0	0	0	0	0	0	0	0	0	0	0	0	0	0	4.387083	4.0171986	11084	12.455898	13.045212	363.5087	3.868163	3.6161857	11040	9.120228	10.33062	287.10776	5.102597	4.7319894	11712	11.597196	13.033747	359.9222
F3_S19_subsampled_depth_11G_contig_3546|provirus_68890_79729	155.02853	153.25764	10840	746.0586	19.462303	699.24115	147.41516	145.18083	10840	735.4282	18.442627	666.59955	143.80356	142.3598	10840	598.9486	18.08304	653.7652	131.91376	130.38391	10840	516.3673	16.753376	635.9991	119.16015	117.97038	10840	401.6168	14.966372	560.94214	129.2911	127.95728	10840	531.11536	16.292702	608.5893	2.247708	2.126377	9091	3.2356694	0.23536368	2.2719717	2.0043967	1.8140719	8170	3.8415935	0.20860401	1.7970186	2.8560336	2.7163792	9728	4.335058	0.29378518	2.7468135	3.3910196	3.0382457	9909	12.454816	10.34771	288.34198	3.3563144	3.073893	10142	10.292619	8.681217	241.26776	4.299626	3.9500103	10568	13.707484	11.243031	310.47214
F3_S19_subsampled_depth_11G_contig_4367|provirus_160391_185533	36.209457	34.30709	25137	318.22806	4.4215393	158.857	34.702557	33.042854	25099	302.8057	4.244648	153.42072	34.11035	32.53105	25122	250.77809	4.1929946	151.59152	33.299725	31.100912	25097	339.43958	4.1131597	156.14557	33.15148	31.072327	25136	325.0514	4.067998	152.46927	31.577522	30.012714	25133	237.51016	3.8709414	144.59323	7.573641	7.0271173	24529	33.777073	0.7667536	7.4014883	6.2029767	5.867526	24403	18.794228	0.6148584	5.2966924	7.625575	7.1667037	24719	29.043219	0.75466245	7.055898	0	0	0	0	0	0	0	0	0	0	0	0	0	0	0	0	0	0
F3_S19_subsampled_depth_11G_contig_4389|provirus_293_15459	26.797962	26.18155	15136	151.0496	3.2985215	118.509224	27.377972	26.447067	15161	179.83847	3.373236	121.92389	30.837185	29.79352	15167	236.21558	3.8305407	138.48752	31.16548	30.010357	15148	253.46704	3.8909028	147.70811	32.890125	31.707628	15144	288.0965	4.0813613	152.97014	31.894453	30.643856	15158	250.10176	3.9613843	147.97148	0	0	0	0	0	0	0	0	0	0	0	0	0	0	0	0	0	0	5.925085	5.697122	14852	12.612996	17.169222	478.4253	4.5744157	4.4435897	14623	6.932012	11.269982	313.21442	6.376573	6.125324	15052	14.775406	15.3836	424.81253
F3_S19_subsampled_depth_11G_contig_4636|provirus_1_42582	12325.392	12728.685	42582	10358404	1499.8445	53886.383	12379.217	12791.088	42582	10378075	1505.9954	54433.438	11779.029	12177.486	42582	9306368	1441.6422	52120.426	10596.227	10954.495	42582	7463248.5	1305.5162	49560.582	10551.999	10916.28	42582	7372899.5	1287.5905	48259.1	10862.651	11223.39	42582	7976910	1329.8416	49674.215	345.32083	342.3907	42582	29869.107	34.7378	335.32477	310.41357	308.8865	42582	22898.898	30.558655	263.24738	453.18466	452.5764	42582	45981.69	44.701084	417.9435	31.621841	32.18426	42255	107.12508	81.439735	2269.3418	37.81316	38.53878	42372	142.97546	92.654175	2575.0388	38.39343	39.12045	42110	146.46593	92.02661	2541.2805
F3_S19_subsampled_depth_11G_contig_4654|provirus_201_22580	13.365497	13.310026	22380	19.145857	1.6364119	58.792957	12.17058	12.093113	22380	17.184725	1.4858116	53.70392	13.375889	13.30043	22380	19.515465	1.648235	59.5895	13.805353	13.714314	22380	17.32668	1.7145096	65.087	16.64188	16.634396	22380	21.248987	2.0531118	76.95101	14.855466	14.777489	22380	20.524933	1.8348223	68.53701	0	0	0	0	0	0	0	0	0	0	0	0	0	0	0	0	0	0	14.533198	14.492353	22356	23.65707	37.63049	1048.5842	16.406118	16.341164	22380	18.459557	40.25809	1118.8499	14.497886	14.432277	22380	19.078197	34.923073	964.38745
F3_S19_subsampled_depth_11G_contig_4699|provirus_71541_86886	56.82364	56.52822	15346	94.65232	7.035152	252.75894	61.101604	60.762466	15346	120.59869	7.563665	273.3849	63.730785	63.418484	15346	91.90734	7.893819	285.38928	67.9646	67.43939	15346	150.94656	8.529332	323.79422	69.97466	69.58013	15346	142.19467	8.7070675	326.3422	70.22315	69.782135	15346	138.88983	8.748745	326.7963	0	0	0	0	0	0	0	0	0	0	0	0	0	0	0	0	0	0	5.416491	5.349905	14822	7.8706813	15.934836	444.02878	4.4534745	4.2480626	15016	7.576053	10.994802	305.5669	5.929587	5.79807	15246	8.63815	14.33736	395.92087
F3_S19_subsampled_depth_11G_contig_6071|provirus_2_39110	58.907825	57.7706	39109	422.42642	7.306229	262.49805	61.41025	59.728817	39109	513.246	7.6077304	274.97757	64.10262	62.65664	39109	560.4335	7.995954	289.0818	66.99058	65.22823	39109	580.77356	8.43044	320.04025	68.06805	66.90324	39109	569.2859	8.477511	317.73868	68.10488	66.80961	39109	510.43832	8.494577	317.30203	3.92238	3.4379866	35586	15.610383	0.39721048	3.8342834	2.7454503	2.364523	30431	9.59363	0.2709586	2.3341715	3.624631	3.243063	34220	12.47047	0.35980535	3.3640869	5.1333966	4.7851133	37001	15.782527	14.995361	417.85007	4.0421467	3.7810068	37071	9.225905	10.16059	282.38226	5.804949	5.5224867	38300	13.447167	14.312809	395.24295
F3_S19_subsampled_depth_11G_contig_6273|provirus_73247_93598	12.384368	12.316192	20352	16.48969	1.5246421	54.77729	13.744976	13.704928	20352	15.007784	1.6906111	61.106266	15.123404	15.081564	20352	19.26714	1.879537	67.95185	15.107316	15.060004	20352	18.35737	1.8734964	71.12253	15.015345	14.911506	20352	23.331284	1.8504081	69.35364	15.924513	15.759817	20352	22.999443	1.9614583	73.267265	0	0	0	0	0	0	0	0	0	0	0	0	0	0	0	0	0	0	2.2615087	2.1348586	16311	3.6765232	6.8405857	190.61494	1.9619839	1.8666264	16094	2.718321	4.840583	134.52916	2.0770717	1.9838302	16184	2.778427	4.999106	138.04855
F3_S19_subsampled_depth_11G_contig_6451|provirus_3185_17878	34.319927	29.760504	14694	750.56995	4.501744	161.73856	33.450703	29.47647	14694	655.5719	4.347597	157.14168	30.587597	27.128418	14694	549.7139	4.020371	145.35045	31.376856	27.784721	14694	539.0575	4.1462746	157.4028	31.7489	28.170818	14694	607.2555	4.157705	155.83153	30.912266	27.788387	14694	469.4858	4.0399404	150.90579	2.4227173	1.8483576	11248	13.92774	0.27431735	2.6479917	0	0	0	0	0	0	3.046686	2.4789152	13143	14.537117	0.33870372	3.1667895	38.69637	35.102825	14694	685.03156	102.379555	2852.836	56.6316	50.279907	14694	1585.3861	147.7486	4106.2188	55.43915	48.966156	14694	1591.827	141.51459	3907.8748
F3_S19_subsampled_depth_11G_contig_6644|provirus_35608_52988	66.60908	65.399124	17381	299.20465	8.321694	298.9816	66.57913	65.24354	17381	283.26965	8.328637	301.03442	69.287155	67.63512	17381	344.46362	8.747012	316.23505	74.435265	72.51931	17381	386.946	9.471319	359.5544	79.866516	78.14462	17381	442.16238	10.028811	375.88147	76.6732	74.454124	17381	422.66116	9.662431	360.92554	2.0741105	1.9620221	14547	2.715517	0.21280086	2.0541708	0	0	0	0	0	0	2.342058	2.1623573	14399	4.3275633	0.23094855	2.1593075	10.960188	10.737507	17381	19.0712	31.499966	877.75574	9.376647	8.948288	17381	20.454882	23.771767	660.6633	11.926238	11.671223	17381	22.973955	29.537003	815.6536
F3_S19_subsampled_depth_11G_contig_7362|provirus_316_42912	27.54567	27.66814	42597	56.68798	3.3559215	120.57149	26.67668	26.77342	42597	44.172455	3.2498965	117.465935	27.116592	27.286339	42597	46.632286	3.3179436	119.955246	24.439396	24.489202	42597	46.552654	3.0226622	114.74769	24.549673	24.617935	42597	43.272156	3.0052097	112.635735	23.70561	23.689684	42597	37.948498	2.9119077	108.76989	13.060075	12.84119	42518	31.414562	1.3237123	12.777824	11.896931	11.639033	42278	33.442207	1.1793227	10.159272	14.110467	13.924823	42586	36.08154	1.4016982	13.105515	0	0	0	0	0	0	0	0	0	0	0	0	0	0	0	0	0	0
F3_S19_subsampled_depth_11G_contig_8660|provirus_8952_26046	27.246975	26.997705	17095	107.92959	3.402818	122.25643	28.17958	28.121435	17095	98.01062	3.5214427	127.280754	28.877958	28.443249	17095	109.26106	3.6499095	131.95708	31.181469	31.036785	17095	114.94482	3.9222763	148.89926	31.56459	31.418793	17095	99.3289	3.9661782	148.65295	32.838417	32.592026	17095	123.89453	4.1350937	154.46011	7.093951	6.9439383	16562	21.876915	0.7373937	7.1180778	6.697492	6.47492	16233	21.220568	0.682132	5.876221	7.375509	7.229821	16725	21.293655	0.74169505	6.934652	2.5651815	2.4810176	14763	3.2896752	7.637523	212.82184	2.2244911	2.101567	14672	2.8963668	5.655312	157.17209	2.5827088	2.4318404	14861	4.125374	6.6665807	184.09518
F3_S19_subsampled_depth_11G_contig_9036|provirus_30152_138042	26.619383	26.445223	107891	42.93874	3.2610033	117.16129	27.618427	27.516	107891	38.349655	3.3807323	122.19488	30.70328	30.592716	107891	42.253796	3.7822242	136.74062	35.59489	35.46983	107891	48.063747	4.415347	167.61739	34.64153	34.54435	107891	49.97052	4.258121	159.59514	35.28166	35.180946	107891	51.319622	4.344928	162.29819	0	0	0	0	0	0	0	0	0	0	0	0	0	0	0	0	0	0	2.857733	2.7228231	94236	4.621657	8.845405	246.47981	1.8023316	1.698681	87108	2.1229932	4.4905562	124.801186	3.1185622	3.0132313	101044	4.0760117	7.517386	207.58987
F3_S19_subsampled_depth_11G_contig_9511|provirus_52207_63756	30.400877	30.103508	11550	54.444424	3.6995478	132.91734	31.469473	31.422028	11550	57.695194	3.836023	138.65112	34.714123	34.557213	11550	71.38407	4.254039	153.79836	38.458946	38.37797	11550	64.022194	4.752574	180.41931	38.579037	38.520077	11550	61.09299	4.7245545	177.07706	40.707893	40.54815	11538	95.77779	4.981525	186.07741	0	0	0	0	0	0	0	0	0	0	0	0	0	0	0	0	0	0	2.5900877	2.4807992	10309	3.2986653	7.9629006	221.88844	1.801228	1.7006823	8682	2.3449059	4.4557004	123.83258	2.8948245	2.8149123	10138	3.702509	6.847841	189.10072
F3_S19_subsampled_depth_11G_contig_10505|provirus_138754_189679	28.733595	27.358906	50926	378.6273	3.688606	132.5242	26.116117	24.963085	50926	318.12097	3.3522513	121.16547	26.548841	25.279278	50926	409.9048	3.4485602	124.67758	29.90923	28.486586	50926	410.0812	3.8759289	147.13968	27.249922	26.024946	50926	338.92514	3.5040286	131.3316	29.235012	27.987703	50926	364.7913	3.7665107	140.69226	0	0	0	0	0	0	0	0	0	0	0	0	0	0	0	0	0	0	2.8676145	1.9997593	41830	93.82692	8.88827	247.67424	3.2670553	2.2240262	44044	101.857506	10.300406	286.2681	3.0906925	2.1456892	43703	85.66195	9.389124	259.27734
F3_S19_subsampled_depth_11G_contig_12278|provirus_201_14197	35.36723	35.25315	13997	54.824028	4.31844	155.15282	32.560917	32.35433	13997	48.066338	3.9839218	143.99681	33.10869	33.204845	13997	56.34201	4.091437	147.91985	29.064997	28.838081	13997	35.645493	3.603414	136.79436	26.09605	26.041323	13997	28.002184	3.1921456	119.64209	28.881346	28.84137	13997	46.875523	3.5544708	132.7719	0	0	0	0	0	0	0	0	0	0	0	0	0	0	0	0	0	0	2.6828194	2.5393565	12180	4.2645483	7.0088544	195.30374	2.8399653	2.7129102	12336	4.173578	6.9332824	192.68922	3.7096844	3.5838082	13526	5.2069144	8.964033	247.53847
F3_S19_subsampled_depth_11G_contig_13334|provirus_98_23875	50.734806	50.567383	23778	115.37775	6.221733	223.53429	50.847385	50.671635	23778	103.83951	6.2151847	224.64471	56.54579	56.232437	23778	121.7287	6.9701204	251.99426	62.04046	61.836357	23778	136.83617	7.685211	291.74948	61.991875	61.918507	23778	132.0342	7.6136622	285.36127	61.864693	61.547962	23778	133.50996	7.636266	285.24127	0	0	0	0	0	0	0	0	0	0	0	0	0	0	0	0	0	0	5.6088963	5.4487915	23564	9.262573	16.26045	453.102	4.6948113	4.59494	23592	5.711867	11.579144	321.8068	7.815092	7.7186117	23775	10.202697	18.793549	518.9769
F3_S19_subsampled_depth_11G_contig_13963|provirus_129_19913	17.060402	15.409891	19785	169.04372	2.2839117	82.05638	19.070435	17.098965	19785	236.91472	2.5034323	90.48534	20.518055	18.454592	19785	218.83185	2.7528121	99.52381	22.767456	20.594013	19785	276.42264	3.060606	116.18813	21.805195	19.372036	19785	290.28186	2.9475873	110.47602	21.099464	18.830362	19785	289.6318	2.8409615	106.119804	0	0	0	0	0	0	0	0	0	0	0	0	0	0	0	0	0	0	2.830965	2.5420132	16995	8.396454	8.713746	242.81107	2.1171887	1.7715725	15213	6.288344	5.741064	159.55527	2.8391647	2.5518022	17961	6.8601446	7.431906	205.22931
F4_S20_subsampled_depth_11G_contig_390	7.613946	7.5205355	18391	14.026246	0.9351956	33.599686	6.9151673	6.8183303	18492	7.593697	0.8426003	30.455372	6.331425	6.202629	18331	10.5260515	0.78394914	28.342516	7.1390796	7.0180516	18258	13.277258	0.8834019	33.536106	7.6554356	7.5340443	18295	16.16119	0.9422304	35.314972	6.6114383	6.5252	18333	9.259457	0.8200057	30.630083	1.8673536	1.6992368	14226	3.1388838	0.19266826	1.8598318	0	0	0	0	0	0	0	0	0	0	0	0	0	0	0	0	0	0	0	0	0	0	0	0	3.4505506	3.1088562	14236	12.381912	8.495923	234.61182
F4_S20_subsampled_depth_11G_contig_869	78.783104	76.86495	35606	1072.2955	9.578899	344.15067	77.7053	74.99753	35605	1212.0667	9.44297	341.31143	78.14994	75.9054	35598	1185.5951	9.560606	345.6494	70.220505	68.31854	35609	952.9844	8.649927	328.37238	71.833786	69.83117	35606	922.13544	8.7665	328.56973	72.0359	70.09949	35600	996.70764	8.813804	329.22623	5.207191	5.077239	34293	9.327695	0.52654034	5.082706	4.4191484	4.2722945	33683	7.9182506	0.43454546	3.7433875	6.01458	5.837783	34974	11.506176	0.5919072	5.534178	0	0	0	0	0	0	0	0	0	0	0	0	0	0	0	0	0	0
F4_S20_subsampled_depth_11G_contig_955	6.9500914	6.9100933	10391	9.801518	0.8499773	30.537973	6.582041	6.553355	10529	5.2722015	0.7973792	28.820875	7.263031	7.1861286	10529	9.411631	0.89512354	32.36184	8.405337	8.311035	10446	11.626301	1.0349289	39.288418	9.458233	9.332013	10529	15.922781	1.1520982	43.18084	7.2885633	7.1958685	10529	8.558947	0.89003175	33.245785	0	0	0	0	0	0	0	0	0	0	0	0	0	0	0	0	0	0	12.161769	12.120732	10529	21.032316	31.823042	886.7585	16.15117	16.016054	10529	17.46212	40.009895	1111.9528	13.179015	13.113775	10529	19.846153	31.99377	883.496
F4_S20_subsampled_depth_11G_contig_1018	5995.0596	6109.04	17856	1728490.9	725.1678	26053.814	6131.151	6244.716	17950	1778388.3	741.356	26795.94	5035.032	5130.2734	17831	1029497.25	612.5928	22147.379	8153.725	8337.403	17845	3865394.5	998.4887	37905.074	7442.456	7584.651	17863	2997162	902.9224	33841.676	7693.5557	7846.3296	17848	2952333.8	936.19543	34970.164	294.60834	294.81732	17896	13197.2295	29.509747	284.85825	254.27524	254.0674	17860	11200.956	24.907778	214.56793	325.75183	324.76877	17894	17319.582	31.985788	299.0589	9.4584055	9.413842	17651	15.187051	23.846617	664.4929	9.847554	9.728328	17634	18.105171	23.956247	665.7904	11.9777565	12.023404	17663	16.958277	28.535849	788.0069
F4_S20_subsampled_depth_11G_contig_1427	746.32544	754.32025	53568	128825.6	90.840324	3263.71	755.8909	763.5605	53570	130418.29	92.0089	3325.6155	729.4768	734.4041	53485	126381.41	89.31981	3229.2231	760.59326	767.67633	53570	135955.97	93.75236	3559.0698	740.39984	748.1927	53496	126107.21	90.411354	3388.6326	772.9684	779.9026	53570	139543.14	94.68095	3536.664	29.929296	29.32156	48243	339.98306	3.0142674	29.096798	27.436447	26.924997	49868	286.59946	2.7031884	23.286608	45.72136	44.949833	49864	776.09973	4.5150094	42.21416	6.1497564	5.984712	49637	15.070031	17.148273	477.84164	4.809547	4.6565166	49100	10.16976	11.987847	333.1655	8.045432	7.945401	52132	17.799074	19.455372	537.2531
F4_S20_subsampled_depth_11G_contig_2713	71.07324	69.44124	44016	885.5359	8.649093	310.74435	73.63231	71.6597	44016	1034.439	8.961858	323.92178	76.71009	74.67992	44016	1104.1714	9.381942	339.19012	75.708244	73.58442	44016	1019.6262	9.330666	354.21494	78.7255	76.49805	44016	1109.351	9.607291	360.0829	75.808556	73.99212	44016	1023.0768	9.283499	346.77097	45.24851	44.5251	43992	496.32535	4.5705795	44.119892	38.318836	37.753975	44016	368.47308	3.778154	32.546898	45.15481	44.55494	44016	464.0445	4.4615746	41.714554	0	0	0	0	0	0	0	0	0	0	0	0	0	0	0	0	0	0
F4_S20_subsampled_depth_11G_contig_2829	6.2551236	6.21702	11324	6.5179977	0.75466335	27.113518	7.2282686	7.2130938	11152	10.931189	0.8726012	31.53973	6.3149295	6.2476444	11255	8.882789	0.7750555	28.020973	6.091078	5.9230466	11282	10.203118	0.75095534	28.508095	5.0587454	4.9509225	11226	7.536526	0.6153192	23.062265	5.3290634	5.249902	10983	7.2769017	0.6561841	24.51077	2.8946996	2.7301726	10437	4.5504446	0.29219422	2.8205576	2.2301238	2.1777582	9923	2.050316	0.21776284	1.8759173	3.0381625	2.9294267	10437	4.396989	0.30218518	2.8253527	0	0	0	0	0	0	0	0	0	0	0	0	0	0	0	0	0	0
F4_S20_subsampled_depth_11G_contig_3059	24.61601	24.12011	13441	67.96974	3.0145495	108.30668	24.629364	24.155504	13554	88.96206	3.0308256	109.54763	27.22292	26.622347	13442	101.6835	3.365161	121.66232	30.334677	29.515833	13443	120.0238	3.788299	143.81305	29.640182	29.152353	13441	91.85563	3.6571784	137.07161	31.500523	31.15368	13440	87.045364	3.8856847	145.14392	0	0	0	0	0	0	0	0	0	0	0	0	0	0	0	0	0	0	0	0	0	0	0	0	0	0	0	0	0	0	0	0	0	0	0	0
F4_S20_subsampled_depth_11G_contig_3464	17.46472	17.106388	33809	72.71653	2.1507282	77.27135	17.48828	17.130285	33809	72.47121	2.144917	77.52696	16.316141	15.978874	33808	66.69015	2.0179071	72.954414	15.958703	15.58947	33809	57.803642	1.9843367	75.33028	16.390474	16.127777	33809	54.626923	2.0250075	75.89764	16.395168	16.100214	33809	60.326298	2.022097	75.53234	7.374996	7.1714807	31735	23.926458	0.7479361	7.2198496	6.2970676	6.064169	31808	17.606293	0.62074965	5.3474474	8.157016	7.94339	32697	22.804422	0.80569404	7.5330305	0	0	0	0	0	0	0	0	0	0	0	0	0	0	0	0	0	0
F4_S20_subsampled_depth_11G_contig_3471	6.445652	6.2219715	11285	13.7072525	0.7821168	28.099863	8.160039	8.006283	11335	14.31013	0.99760634	36.057995	6.3293567	6.206656	11188	10.390764	0.77050024	27.856283	7.533404	7.4586687	11145	14.401801	0.9276886	35.21734	7.9934607	7.803456	11287	19.314676	0.9745953	36.52798	8.355337	8.259572	11310	13.769697	1.0200143	38.10107	0	0	0	0	0	0	0	0	0	0	0	0	0	0	0	0	0	0	0	0	0	0	0	0	2.463945	2.2944238	8980	4.6665745	6.2516203	173.7445	3.1147933	2.9895935	10159	4.79345	7.587809	209.53453
F4_S20_subsampled_depth_11G_contig_3924	3.3212454	3.2882254	13059	3.1313698	0.40103778	14.40848	3.0028174	2.9062526	12863	3.638845	0.36156368	13.068535	2.4623275	2.3969018	12723	2.462441	0.2992018	10.817192	3.113487	3.0490408	12735	3.5301776	0.37941518	14.403534	3.0692046	2.9849105	12929	3.550332	0.37039998	13.88265	2.6993427	2.6352837	12913	2.8938494	0.3269413	12.212399	0	0	0	0	0	0	0	0	0	0	0	0	0	0	0	0	0	0	0	0	0	0	0	0	0	0	0	0	0	0	0	0	0	0	0	0
F4_S20_subsampled_depth_11G_contig_4412	98.44048	99.68241	16579	741.28613	11.912994	428.00986	88.10157	88.731926	16641	751.0811	10.654263	385.093	97.43181	98.764404	16578	710.319	11.850284	428.42926	115.415375	116.6341	16632	1124.833	14.13819	536.7202	106.36177	107.22893	16641	924.27893	12.901294	483.54276	116.345215	118.05781	16580	1033.0809	14.161536	528.9828	40.471165	39.982887	16623	372.71194	4.064252	39.232327	31.504942	31.22509	16442	265.34317	3.0818436	26.548529	45.310047	45.282963	16596	493.3065	4.4478555	41.586292	0	0	0	0	0	0	0	0	0	0	0	0	0	0	0	0	0	0
F4_S20_subsampled_depth_11G_contig_4816	19.435041	19.197905	37905	37.28822	2.4021351	86.30384	19.023043	18.677967	37905	39.954388	2.3508	84.9685	17.506237	17.183838	37905	37.70264	2.1715987	78.51095	16.159872	15.938907	37905	27.999496	2.0255527	76.894966	17.05141	16.733734	37905	31.369947	2.114086	79.23629	16.887009	16.56299	37905	34.648197	2.1004572	78.45938	0	0	0	0	0	0	0	0	0	0	0	0	2.119375	1.9556811	29100	3.898686	0.21414346	2.0021858	26.409218	13.216739	35946	4655.7686	76.79694	2139.9688	27.374838	13.155823	36826	5426.518	77.727905	2160.209	28.158283	13.857538	37407	5301.587	77.32749	2135.3706
F4_S20_subsampled_depth_11G_contig_5390	4.323415	4.237579	12024	6.036056	0.5229181	18.787397	3.8752847	3.7642276	12146	5.0186753	0.46821395	16.923363	4.2987804	4.260343	12129	4.1189513	0.5259061	19.013353	3.352439	3.2793136	12078	3.3363016	0.4085458	15.5094	3.8327641	3.7433605	11948	5	0.4650224	17.42911	4.089187	4.01897	12009	4.701453	0.4963687	18.54109	0	0	0	0	0	0	0	0	0	0	0	0	0	0	0	0	0	0	0	0	0	0	0	0	0	0	0	0	0	0	0	0	0	0	0	0
F4_S20_subsampled_depth_11G_contig_5649	2.602729	2.467028	17271	3.7484097	0.31534246	11.329619	2.1686728	2.0362	16816	2.7123253	0.26613194	9.619211	2.2539692	2.139209	16526	2.8056774	0.27821347	10.058394	2.1091626	1.9840328	15990	2.7765434	0.26186135	9.940898	2.037823	1.9360157	16036	2.41454	0.25358805	9.504524	1.9974577	1.8632696	15439	3.000305	0.24502476	9.152527	0	0	0	0	0	0	0	0	0	0	0	0	0	0	0	0	0	0	8.169244	7.977519	19259	15.170336	20.908014	582.6079	10.402096	10.377623	19300	16.3525	25.378157	705.308	9.491283	9.471928	19224	16.586884	22.673073	626.1084
F4_S20_subsampled_depth_11G_contig_6193	5513.398	5689.4033	13630	2462286.5	665.9225	23925.254	4984.9824	5135.5356	13953	2060863.1	601.8244	21752.64	5647.2935	5829.7476	13690	2400869.8	686.03	24802.39	5491.872	5667.108	13551	2307185.8	671.6927	25499.098	5729.9624	5914.367	13658	2387671.8	694.4176	26026.889	5884.683	6075.7734	13667	2575742.5	715.1626	26713.818	5296.664	5104.9526	13815	17657318	530.20544	5118.0854	4526.1206	4357.3193	13808	13027747	443.4917	3820.457	5302.022	5127.523	13814	16730023	520.42096	4865.7993	8.262479	8.126218	13583	16.647158	21.196266	590.6401	8.155184	8.133864	13346	14.5309105	19.75894	549.1391	9.773093	9.785559	13373	18.9685	23.189312	640.3644
F4_S20_subsampled_depth_11G_contig_6327	2.252591	2.1070585	12985	3.3887491	0.27125522	9.745659	2.4768586	2.3559322	14017	3.2824404	0.3003552	10.8561945	2.2344384	2.1165702	13347	2.752812	0.27045342	9.777842	2.4136467	2.3112352	13685	3.0195644	0.2970631	11.27724	2.5329256	2.4049919	13753	3.619474	0.30700782	11.506706	2.625684	2.4949582	14072	3.753724	0.3198993	11.949356	0	0	0	0	0	0	0	0	0	0	0	0	0	0	0	0	0	0	0	0	0	0	0	0	0	0	0	0	0	0	0	0	0	0	0	0
F4_S20_subsampled_depth_11G_contig_6455	5.9518604	5.282156	10647	55.164536	0.8500827	30.541756	6.4400377	5.7868133	10751	45.050083	0.90079963	32.55894	5.754687	5.115437	10587	40.84089	0.8241006	29.794111	6.0444655	5.511146	10423	36.865368	0.8484194	32.20808	5.4072537	4.7687073	10630	38.439274	0.7563492	28.348085	6.09854	5.640921	10598	23.595905	0.8259655	30.852688	0	0	0	0	0	0	0	0	0	0	0	0	2.1121056	1.9088435	8722	4.14609	0.21189827	1.9811934	27.67885	27.198011	10729	392.19482	71.93349	2004.4469	27.5057	26.933962	10365	385.8835	68.39697	1900.884	28.32699	28.007431	10659	339.51047	69.497795	1919.1559
F4_S20_subsampled_depth_11G_contig_6781	3.861184	3.7029443	15347	5.1295156	0.46859398	16.83563	4.7314987	4.5592055	15515	7.492846	0.57505435	20.785048	4.0945663	3.8947854	15118	7.4028697	0.5004344	18.09246	3.9755445	3.8130543	15320	6.0792875	0.4884201	18.54162	3.4923058	3.3441646	15197	5.048297	0.42196843	15.815447	3.7795799	3.6196523	14943	6.285128	0.46202424	17.258217	0	0	0	0	0	0	0	0	0	0	0	0	0	0	0	0	0	0	0	0	0	0	0	0	0	0	0	0	0	0	0	0	0	0	0	0
F4_S20_subsampled_depth_11G_contig_8129	30.080683	28.766422	12445	220.00407	3.7901006	136.17064	28.962505	27.600975	12445	261.98114	3.651474	131.98073	31.447742	30.070028	12445	260.75534	3.9851542	144.07732	28.89695	27.792988	12445	250.03876	3.7067308	140.71655	27.45905	26.118189	12445	209.46356	3.5016224	131.24132	28.870842	27.45586	12445	238.26736	3.6731217	137.20395	2.5131354	2.183609	9933	7.813537	0.25959772	2.5059013	2.244083	1.960965	9602	5.5324955	0.23514232	2.0256324	2.8712485	2.5914881	10593	7.419651	0.29279315	2.7375405	445.97186	437.69623	12445	32135.705	1167.2806	32526.615	467.4167	461.94922	12445	35978.06	1179.2882	32774.7	566.2924	560.1721	12445	39816.695	1392.1146	38442.74
F4_S20_subsampled_depth_11G_contig_8218	6.2797775	6.1442795	32723	12.102133	0.7620171	27.377743	5.815546	5.7470975	33250	8.493156	0.7068152	25.547474	6.330624	6.2139716	32236	14.187678	0.7734775	27.963924	4.9560895	4.8555884	32345	7.955649	0.61014515	23.162598	5.041916	4.9586873	32501	8.4345045	0.61444616	23.02954	5.0021734	4.863659	32319	9.195918	0.6123349	22.872845	0	0	0	0	0	0	0	0	0	0	0	0	0	0	0	0	0	0	0	0	0	0	0	0	0	0	0	0	0	0	0	0	0	0	0	0
F4_S20_subsampled_depth_11G_contig_8219	4.2146	4.043043	24900	7.4084973	0.5201735	18.688791	4.1025453	3.9365175	25189	5.8546624	0.50716263	18.331127	4.214639	4.021132	24902	7.270931	0.5274339	19.068594	4.6057997	4.4178324	25127	8.007525	0.57617515	21.87301	4.147601	4.05703	25248	4.882915	0.5113516	19.165548	4.6793466	4.566925	25327	6.688611	0.583286	21.787779	0	0	0	0	0	0	0	0	0	0	0	0	0	0	0	0	0	0	2.4025412	2.2496428	21385	3.9967477	6.358973	177.19464	1.9632459	1.8001992	20712	3.1381483	4.857209	134.99117	2.8769536	2.7694972	23853	3.5739222	6.9096675	190.8079
F4_S20_subsampled_depth_11G_contig_9026	3.9644787	3.7850976	31530	7.2315774	0.47997877	17.24466	3.9959319	3.776361	31527	8.032287	0.48420298	17.50128	4.261613	3.9409363	31502	11.638118	0.52062565	18.822441	3.5184894	3.297342	31245	6.8904643	0.43255705	16.42092	3.776216	3.595662	31420	6.731381	0.46104172	17.279922	3.5836723	3.3035822	31608	7.455503	0.43765113	16.347794	2.639292	2.4810429	28551	4.3212023	0.2673678	2.5809095	1.822758	1.7112595	24947	2.5903168	0.18000934	1.5506892	2.0660634	1.935202	26704	2.9625726	0.20368621	1.9044123	0	0	0	0	0	0	0	0	0	0	0	0	0	0	0	0	0	0
F4_S20_subsampled_depth_11G_contig_9365	3.7230656	3.5793104	15625	5.6860557	0.46012124	16.531223	4.113392	4.0092864	15699	5.8282595	0.5034583	18.197254	4.286952	4.199522	16085	5.0684214	0.52677166	19.044641	4.666462	4.574189	16102	6.1690784	0.5833237	22.144398	4.425911	4.3136907	15816	5.722215	0.5406052	20.261974	3.8163605	3.740321	15189	5.428106	0.47519264	17.750101	0	0	0	0	0	0	0	0	0	0	0	0	0	0	0	0	0	0	0	0	0	0	0	0	0	0	0	0	0	0	0	0	0	0	0	0
F4_S20_subsampled_depth_11G_contig_9521	6.6611567	6.4260654	38830	16.603533	0.81181884	29.167004	7.022629	6.7323956	38657	20.528421	0.85358495	30.852392	7.004177	6.7291493	38350	20.546495	0.8555383	30.9307	6.7185616	6.46015	38133	18.911053	0.8288667	31.465792	6.8916736	6.6337595	38618	19.025244	0.8394182	31.461533	6.6008306	6.3040805	38573	17.194477	0.8095434	30.239267	2.14974	2.019021	32668	3.069966	0.21736844	2.0982625	1.853643	1.7142287	30687	2.6691737	0.18374893	1.5829049	2.1291099	1.9609613	31165	3.6769745	0.21176009	1.9799016	0	0	0	0	0	0	0	0	0	0	0	0	0	0	0	0	0	0
F4_S20_subsampled_depth_11G_contig_9957	5.199384	5.1133914	10822	5.784166	0.63447255	22.79532	5.444206	5.335303	10868	5.783908	0.6594983	23.837244	5.179231	5.028607	10697	8.7680025	0.6330069	22.885412	5.075014	4.88381	10813	6.397657	0.62345165	23.667738	4.709647	4.587894	10696	7.053506	0.5851391	21.93112	5.0404925	4.9412313	10843	6.594424	0.62124145	23.205536	2.9848852	2.8391376	10373	3.9589021	0.30143395	2.9097478	2.4715433	2.3375828	9411	3.7835977	0.2434243	2.0969763	2.8900914	2.6984868	9016	5.8068986	0.2821249	2.6377935	0	0	0	0	0	0	0	0	0	0	0	0	0	0	0	0	0	0
F4_S20_subsampled_depth_11G_contig_9983	14.115935	13.450576	18270	92.392815	1.7099612	61.43547	14.638601	13.859309	18393	94.51498	1.7740015	64.1204	15.374609	14.80218	18363	84.27519	1.8771652	67.86611	12.66727	12.251538	18393	52.468384	1.5573022	59.119007	12.630105	12.052683	18244	64.41858	1.5368675	57.60205	12.059914	11.590961	18356	65.544975	1.4723206	54.996296	0	0	0	0	0	0	0	0	0	0	0	0	0	0	0	0	0	0	4.4625335	4.3723125	17671	6.6619425	11.530227	321.29312	4.1289263	3.9535294	17938	6.1273317	10.292588	286.05087	3.8285918	3.7392046	17761	4.4974785	9.284404	256.38525
F4_S20_subsampled_depth_11G_contig_10093	17.78807	17.078726	6524	170.96321	2.6132529	93.8889	47.26102	47.015625	7510	590.0433	6.378435	230.54535	71.7924	71.22641	7539	1456.514	9.774405	353.379	10.192994	9.369741	6843	108.0278	1.6339017	62.02689	10.547741	9.734526	7179	118.482025	1.7054108	63.919106	10.264944	9.378455	6978	127.53631	1.6578946	61.928185	309385.13	312396.53	7544	22595009000	30643.799	295805.3	405250.16	408679.88	7544	39170736000	39282.402	338398.06	423259.44	426388.44	7544	42837512000	41097.438	384250.38	0	0	0	0	0	0	0	0	0	0	0	0	0	0	0	0	0	0
F4_S20_subsampled_depth_11G_contig_11379	10.637156	10.351263	42434	40.739048	1.294656	46.51438	11.405336	11.177445	42423	41.087723	1.3893505	50.2174	11.408226	11.086492	42216	49.78846	1.3991898	50.58559	11.022879	10.778421	42132	45.017582	1.3565658	51.49856	11.04752	10.835656	42315	38.119766	1.3469894	50.485397	10.452598	10.278213	41991	39.841995	1.2811351	47.85485	4.050315	3.826652	39715	8.7079525	0.41167682	3.973927	3.6858263	3.5359118	39831	6.4549327	0.36739516	3.1649237	3.8406935	3.7118437	39930	6.223148	0.3827703	3.5788019	0	0	0	0	0	0	0	0	0	0	0	0	0	0	0	0	0	0
F4_S20_subsampled_depth_11G_contig_12748	280.0014	247.94402	43588	49981.36	34.103024	1225.2529	281.7911	251.5399	43588	47422.086	34.31325	1240.2351	272.8009	240.56165	43588	52132.414	33.427074	1208.506	344.24243	310.6009	43588	56080.29	42.473965	1612.4158	344.51196	311.11404	43588	55255.13	42.096745	1577.7928	352.58786	317.08774	43588	60176.684	43.230232	1614.8002	10.863161	10.625409	43409	30.185717	1.0930803	10.551527	10.183043	9.851468	43467	30.436897	1.004335	8.651838	15.138128	14.966032	43426	41.544144	1.4955645	13.983142	3.29785	3.1472528	39232	5.7069874	9.946049	277.14957	2.0996363	2.0106661	36785	2.423758	5.2202783	145.08165	2.829389	2.6891499	39061	4.2886615	6.9365263	191.54959
F4_S20_subsampled_depth_11G_contig_13262	5.218377	5.084232	12557	7.636529	0.64157516	23.0505	4.5277643	4.391904	12653	5.7274895	0.5591536	20.210331	4.312172	4.2258263	12478	4.8208313	0.5350427	19.343664	4.552188	4.4202757	12311	6.984348	0.56916344	21.606848	4.5963407	4.502475	12545	5.2946014	0.56785583	21.283329	4.531265	4.4062223	12600	5.7371483	0.5655961	21.126987	0	0	0	0	0	0	0	0	0	0	0	0	0	0	0	0	0	0	2.8475735	2.6574156	10624	6.0507555	7.599076	211.75044	2.7565632	2.5408344	11017	5.594008	7.080255	196.77397	2.3403342	2.0442815	10566	5.6021996	6.133178	169.36546
F4_S20_subsampled_depth_11G_contig_13737	12.880459	12.79063	43234	19.844051	1.566585	56.28423	12.581688	12.438932	43289	19.473272	1.527373	55.206123	12.774363	12.612451	43272	21.324358	1.5636073	56.529903	11.21553	11.083346	43290	16.664133	1.3829347	52.499557	11.349769	11.260186	43289	17.844711	1.3853585	51.92346	11.337923	11.200072	43281	19.183847	1.3891813	51.89079	7.358577	7.062484	43067	18.86882	0.7403626	7.1467414	6.024015	5.7212434	42652	15.986072	0.59370744	5.1144915	6.4377146	6.2070003	42412	15.263581	0.6350547	5.937595	2.699629	2.1900272	35171	31.47606	8.164913	227.51764	2.8190079	2.4599752	38396	12.528311	7.3705873	204.84293	2.7032685	2.3325865	38186	19.278671	7.050714	194.70287
F4_S20_subsampled_depth_11G_contig_13772	11.710684	10.967499	6321	48.204353	1.5048538	54.066364	29.10409	28.354282	6337	127.63579	3.7518275	135.60794	30.503637	29.993357	6337	173.93518	3.9669924	143.42067	2.3379667	2.153708	5158	4.0488706	0.31051436	11.787885	2.7729108	2.6200395	5798	4.383114	0.35674185	13.370742	3.4357524	3.1648412	5850	7.731201	0.44247508	16.527992	90117.1	90676.086	6337	240272900	8946.462	86360.41	131601.98	132466.7	6337	503160200	12789.316	110173.49	118225.59	119047.66	6337	417965860	11508.025	107597	0	0	0	0	0	0	0	0	0	0	0	0	0	0	0	0	0	0
F4_S20_subsampled_depth_11G_contig_13823	4.0779495	3.9538677	12572	5.186969	0.49372476	17.738527	4.301201	4.24758	12653	4.1544433	0.519111	18.76301	4.536463	4.47798	12645	4.7032356	0.5509228	19.917788	4.3362117	4.2411265	12559	5.2680955	0.5328955	20.23002	4.7364	4.6728873	12591	5.223649	0.573244	21.485287	4.5496507	4.472748	12675	4.858796	0.5524551	20.636124	1.6882015	1.5180954	9955	2.646376	0.16866513	1.6281288	1.8718895	1.6932938	0	3.0928657	0	0	1.7902504	1.7185837	10779	1.691125	0.17582998	1.6439652	0	0	0	0	0	0	0	0	0	0	0	0	0	0	0	0	0	0
F4_S20_subsampled_depth_11G_contig_461|provirus_60904_73335	16.027275	15.432332	12385	140.48593	1.9678386	70.70047	14.050399	13.343043	12432	124.295235	1.734015	62.67509	15.331705	14.707979	12411	137.17049	1.9004538	68.70808	13.564973	12.870635	12300	123.260216	1.672386	63.48789	14.511561	13.922562	12432	103.30484	1.7918196	67.15769	14.804185	14.166998	12414	124.80873	1.8518358	69.172516	0	0	0	0	0	0	0	0	0	0	0	0	0	0	0	0	0	0	1.9402378	1.7723901	9360	3.355438	4.9609885	138.2393	0	0	0	0	0	0	0	0	0	0	0	0
F4_S20_subsampled_depth_11G_contig_1816|provirus_7119_35720	24.357796	24.285849	28602	141.92949	2.9744225	106.86504	23.912624	23.991877	28602	124.5442	2.9154532	105.377556	23.368832	23.351805	28559	130.41492	2.8714778	103.813995	22.180971	22.205326	28334	132.47215	2.7453864	104.22161	21.232637	21.23563	28579	106.88865	2.6050737	97.6386	21.77643	21.673033	28565	138.84608	2.6804523	100.12424	0	0	0	0	0	0	2.6534164	2.4631364	24251	5.4658656	0.26353258	2.2702	3.4384577	3.1997814	24953	8.744693	0.33972552	3.1763446	2.3754041	2.217315	21922	4.664346	6.847255	190.80081	2.1682131	2.0226102	23398	3.3658197	5.385023	149.66019	2.5223534	2.344775	22682	4.8955326	6.058479	167.30278
F4_S20_subsampled_depth_11G_contig_2473|provirus_13187_34423	35.73396	35.071342	21237	221.97273	4.368639	156.9564	35.82719	35.163864	21237	237.64218	4.376242	158.17702	38.198322	37.497074	21219	254.70891	4.716674	170.52428	37.905773	37.153328	21237	271.98956	4.6930995	178.1615	37.62631	36.84388	21233	234.04648	4.614553	172.95428	38.470005	37.6915	21225	226.63226	4.745336	177.25479	19.536871	19.221561	21227	72.04738	1.9833212	19.145052	14.30341	13.900575	21216	52.11319	1.430142	12.319949	20.637407	20.231678	21200	87.384026	2.0477815	19.146221	1.9931711	1.8787607	16053	2.9450355	5.825243	162.32219	0	0	0	0	0	0	2.1754634	1.9909374	17240	3.8855536	5.213994	143.98254
F4_S20_subsampled_depth_11G_contig_4041|provirus_17690_32893	29.673443	28.443247	15204	106.28994	3.6897445	132.56503	30.273748	28.601328	15204	162.51239	3.7713377	136.31317	28.145079	27.177933	15204	87.69328	3.5118823	126.96687	25.8609	24.533358	15204	118.18538	3.2550812	123.57079	26.389399	25.389742	15204	99.94908	3.2917168	123.37403	27.258469	25.945166	15204	133.80675	3.4154623	127.57946	0	0	0	0	0	0	0	0	0	0	0	0	0	0	0	0	0	0	5.7125015	5.4676013	15126	11.117099	16.320885	454.78607	5.3342633	5.0580072	15052	9.758586	13.346002	370.91113	6.455361	6.205166	14992	14.314322	15.890017	438.79688
F4_S20_subsampled_depth_11G_contig_5036|provirus_105707_121283	42.093147	42.04847	15577	72.338326	5.1660366	185.60526	39.637066	39.57688	15577	57.687607	4.871953	176.09425	40.879887	40.877132	15577	56.34591	5.0664954	183.17159	33.209633	33.231834	15577	60.909115	4.11979	156.39728	31.201466	31.14051	15577	44.973423	3.8524058	144.38887	33.163544	32.931942	15577	59.3122	4.1129165	153.63184	0	0	0	0	0	0	0	0	0	0	0	0	0	0	0	0	0	0	2.5354898	2.3534749	14400	5.1153455	7.2935643	203.2372	3.3206716	3.2045372	14836	4.659837	8.778677	243.97629	4.203669	4.063378	14857	7.8065643	10.985911	303.37177
F4_S20_subsampled_depth_11G_contig_7270|provirus_26296_56056	43.86579	43.168472	29753	162.33394	5.4552875	195.99747	40.316536	39.430866	29760	179.93954	5.0174546	181.35345	42.658203	41.91835	29760	157.52307	5.337724	192.9774	37.206276	36.598328	29760	113.79541	4.6800117	177.6647	33.906624	33.293083	29753	121.402565	4.2359023	158.76234	35.719765	35.220142	29758	114.82783	4.465346	166.79616	5.135963	4.749353	28769	15.04372	0.5270479	5.087604	4.805444	4.533038	29022	10.396087	0.4762463	4.1026196	5.7071695	5.5365653	29518	9.833564	0.5698738	5.32817	0	0	0	0	0	0	0	0	0	0	0	0	0	0	0	0	0	0
F4_S20_subsampled_depth_11G_contig_11738|provirus_1_17051	45.62026	41.30287	17051	4037.1338	6.3628693	228.60512	45.839478	41.36901	17051	4093.0334	6.3912907	231.00996	51.91628	47.07843	17051	5079.995	7.2948594	263.73462	58.65576	53.105648	17051	6166.774	8.248019	313.11496	55.195076	49.699627	17051	6142.678	7.781438	291.6496	58.572037	53.139175	17051	5958.2207	8.214715	306.8483	0	0	0	0	0	0	0	0	0	0	0	0	0	0	0	0	0	0	3.396722	2.8436	15382	46.43864	11.2320175	312.98328	2.670493	2.1601472	14579	42.32639	8.235376	228.87694	4.1715283	3.6067977	16382	58.9859	11.8494835	327.21918
F5_S21_subsampled_depth_11G_contig_341	16.927082	16.469425	39022	75.188705	2.0632498	74.12837	17.504457	17.095537	39144	61.03833	2.1390865	77.31624	16.5361	15.868823	38989	89.29732	2.033143	73.50522	20.13938	19.654692	39073	92.75201	2.4921885	94.60957	19.331335	18.93834	39097	81.225784	2.3670938	88.719025	19.302818	18.717945	39180	97.15076	2.376752	88.77997	0	0	0	0	0	0	0	0	0	0	0	0	0	0	0	0	0	0	5.49608	5.376594	36644	11.349071	14.636787	407.8583	5.719165	5.588078	37187	12.368822	14.157766	393.47156	7.0275173	6.9156227	38344	14.386184	16.993763	469.27664
F5_S21_subsampled_depth_11G_contig_376	11.296944	11.221639	14742	16.81683	1.416909	50.906693	10.0598955	9.943658	14742	16.791567	1.2608637	45.573273	10.208333	10.011802	14742	16.136436	1.3036485	47.131447	10.715255	10.552155	14742	15.266663	1.3624809	51.723103	10.704358	10.622049	14742	15.882299	1.3502207	50.606483	10.20196	10.113598	14742	12.181194	1.2951285	48.37759	0	0	0	0	0	0	0	0	0	0	0	0	0	0	0	0	0	0	16.531525	15.771433	14717	96.26369	45.5795	1270.086	17.196478	16.05855	14679	137.80011	45.432007	1262.6431	23.271587	22.599436	14742	151.96936	60.3088	1665.405
F5_S21_subsampled_depth_11G_contig_377	235.38045	236.95212	13332	3794.786	28.467201	1022.76917	228.56267	230.213	13332	3334.618	27.623022	998.4204	225.03944	226.69984	13332	2371.2312	27.366806	989.40576	300.4391	303.79358	13332	7197.298	36.791405	1396.6917	299.0094	300.65063	13332	6642.497	36.25986	1359.0255	294.3042	296.81287	13332	6415.0376	35.80255	1337.3503	273.6169	276.42313	13329	13164.374	27.400988	264.50235	218.59453	221.33682	13328	8038.6934	21.42765	184.5883	317.90845	321.40628	13328	17124.994	31.188808	291.60706	2.3169475	2.2089515	11003	3.2073286	5.897586	164.3379	2.3614779	2.2312036	11336	3.4492493	5.762633	160.1547	1.4693521	1.3730614	10202	1.5146891	3.478623	96.06089
F5_S21_subsampled_depth_11G_contig_2026	3.4563572	3.3196366	10879	4.9549923	0.41747475	14.999032	3.2211297	3.1307163	11015	3.8970504	0.3873748	14.001464	4.147942	4.01634	11520	5.6512184	0.5054167	18.272587	3.4414759	3.3750362	10815	4.4645247	0.41939667	15.921318	3.2766514	3.0741565	10609	6.4612293	0.39787158	14.912286	2.8250804	2.7258048	10441	3.628408	0.34228858	12.785675	0	0	0	0	0	0	0	0	0	0	0	0	0	0	0	0	0	0	0	0	0	0	0	0	0	0	0	0	0	0	0	0	0	0	0	0
F5_S21_subsampled_depth_11G_contig_2199	285.32523	283.22305	60273	1694.0743	34.72241	1247.5061	282.35944	280.01788	60273	1805.813	34.35214	1241.641	278.97046	275.90802	60273	1928.6736	34.153053	1234.7526	291.58908	284.07147	60273	5164.4707	35.941208	1364.4161	294.8748	287.5859	60273	5209.0605	35.993214	1349.032	296.66678	289.77625	60273	5151.7734	36.342445	1357.517	96.815926	97.853355	60262	875.008	9.761396	94.22698	84.57038	84.97215	60224	696.9977	8.3413	71.85611	101.401825	102.54451	60248	900.9478	10.023015	93.71258	3.848078	3.7384636	56616	5.7183456	10.124898	282.1333	4.1834574	4.074181	58712	5.4670253	10.264345	285.26602	4.330572	4.2174788	59177	5.503358	10.414404	287.59006
F5_S21_subsampled_depth_11G_contig_2722	305.0104	302.02304	20542	4044.2227	37.313557	1340.601	309.69836	307.3676	20542	4745.8945	37.85513	1368.2548	306.9255	303.78473	20542	5152.0244	37.737766	1364.3523	281.0737	278.48868	20542	4332.8086	34.818962	1321.8132	285.94092	283.5401	20542	4371.4307	35.082195	1314.8862	275.59097	272.7382	20542	4538.962	33.938885	1267.736	128.14711	126.28391	20542	1781.1517	12.934569	124.857735	102.73814	101.004906	20542	1233.8365	10.150402	87.44058	129.54683	127.404274	20542	1738.44	12.823526	119.896576	2.0791488	1.9498202	16893	2.8961923	6.0750027	169.28166	0	0	0	0	0	0	2.1119065	1.9518361	17149	3.3453305	5.2853923	145.95412
F5_S21_subsampled_depth_11G_contig_2889	71.0497	69.30021	48641	937.7432	8.661435	311.18802	75.56392	73.72247	48641	1058.5734	9.213936	333.03305	78.40707	76.335175	48641	1124.5261	9.630063	348.16055	76.868	74.619965	48641	1287.1349	9.505576	360.85498	80.19715	77.94888	48641	1313.1605	9.803183	367.42484	77.992905	75.677956	48641	1306.2438	9.574564	357.6434	47.788292	47.044178	48641	550.4602	4.83339	46.656815	40.678333	40.349976	48641	359.59744	4.021747	34.645332	47.578068	47.12279	48641	465.86182	4.7127776	44.063255	0	0	0	0	0	0	0	0	0	0	0	0	0	0	0	0	0	0
F5_S21_subsampled_depth_11G_contig_2937	5.4539723	5.301379	30325	7.8091917	0.66942376	24.051044	4.896322	4.7194586	29747	8.086328	0.5974625	21.59498	5.441161	5.3121285	29972	8.673555	0.670219	24.230759	4.504821	4.360518	29541	7.4936376	0.55990535	21.255377	4.950835	4.758823	29543	9.15971	0.6117226	22.927464	4.718649	4.550517	29926	7.2098274	0.5806399	21.68893	0	0	0	0	0	0	0	0	0	0	0	0	0	0	0	0	0	0	0	0	0	0	0	0	0	0	0	0	0	0	0	0	0	0	0	0
F5_S21_subsampled_depth_11G_contig_2994	58.39992	57.10621	23552	290.0959	7.2454147	260.31323	61.98141	60.716553	23552	289.53958	7.6929255	278.05682	65.141785	63.88249	23552	297.23398	8.126307	293.7944	72.138275	71.187256	23552	353.12576	9.06499	344.12915	75.1458	73.53366	23552	402.84656	9.366094	351.0427	74.4189	73.23013	23552	378.1498	9.308942	347.7214	4.425904	4.2098093	19655	12.641854	0.45510605	4.393148	4.3412104	4.149369	20059	11.87934	0.43299392	3.730024	5.4498334	5.2601843	20377	14.37954	0.5440127	5.0863767	9.9759	9.774381	23508	21.30518	28.667587	798.83075	8.079352	7.906182	23520	13.129001	20.040438	556.96265	9.52363	9.297692	23552	14.974034	23.125856	638.61194
F5_S21_subsampled_depth_11G_contig_3123	2.8990574	2.78411	12777	3.9436884	0.35244635	12.66269	3.5273042	3.3690352	12983	6.1827884	0.42797163	15.4688225	2.829556	2.7390296	12656	3.626077	0.34658334	12.5302	2.9730916	2.8720326	12937	3.9445918	0.36733216	13.944829	2.6120584	2.520582	12846	3.106218	0.31921044	11.9640665	3.105979	3.0223804	13292	3.9250894	0.37816033	14.125605	0	0	0	0	0	0	0	0	0	0	0	0	0	0	0	0	0	0	12.081948	11.867317	13899	30.23641	30.396204	846.9994	14.812505	14.589561	13962	36.917362	35.898693	997.6942	13.561695	13.341539	14024	28.684828	32.2432	890.38416
F5_S21_subsampled_depth_11G_contig_3373	2.761381	2.7186275	9533	2.2822437	0.33187735	11.923675	2.7226205	2.633509	9166	3.1667433	0.3317336	11.990337	2.9530635	2.862622	9360	3.4366214	0.35578075	12.862723	2.5015645	2.3661544	8652	3.671989	0.31194484	11.842195	2.896437	2.8041942	9574	3.1766346	0.349058	13.08275	2.0750985	1.9476281	8638	2.5742104	0.2512934	9.3866825	0	0	0	0	0	0	0	0	0	0	0	0	0	0	0	0	0	0	0	0	0	0	0	0	0	0	0	0	0	0	0	0	0	0	0	0
F5_S21_subsampled_depth_11G_contig_3728	2.1588037	2.059388	9714	2.5846882	0.26313636	9.453962	2.3036087	2.2187657	9438	2.9145405	0.2794613	10.100989	2.7106626	2.6596303	9809	3.1587307	0.33245388	12.019371	2.4154167	2.3509746	9790	2.5810497	0.297988	11.312355	1.7529316	1.6461973	8807	2.2171335	0.21756688	8.154444	1.9674575	1.8822341	9470	1.9393047	0.23987398	8.960124	0	0	0	0	0	0	0	0	0	0	0	0	0	0	0	0	0	0	7.137533	7.064539	10925	11.10954	17.918806	499.31284	8.903736	8.843753	11021	14.991369	21.691122	602.8382	8.11599	8.147157	10926	12.446546	19.408663	535.963
F5_S21_subsampled_depth_11G_contig_4460	13.490559	12.910388	39077	94.90798	1.63823	58.85832	12.594909	11.791217	39247	90.91124	1.5304931	55.318905	12.723339	11.791897	39081	110.785576	1.5562923	56.265392	13.27977	12.4318075	39328	100.16675	1.6389664	62.2192	13.083582	12.335769	39202	95.182816	1.5979905	59.892944	13.467548	12.603075	39211	111.47983	1.6497666	61.62454	4.572688	4.359325	37741	10.000647	0.46179584	4.457728	4.3353972	4.152411	36505	9.78165	0.4269566	3.6780133	4.213312	4.0668197	36862	8.09738	0.4169973	3.8988156	8.694978	8.309097	38381	37.91537	22.422438	624.8078	7.9948783	7.6842775	38481	28.05759	19.997377	555.76556	6.881839	6.58184	37779	23.10512	16.837992	464.97507
F5_S21_subsampled_depth_11G_contig_5028	11.594636	11.220011	44733	24.348328	1.4545102	52.25759	10.743952	10.538179	44747	18.65775	1.3416336	48.4927	11.697379	11.458233	44747	20.666552	1.4673553	53.05006	9.448887	9.139316	44747	19.238289	1.2005885	45.57727	9.303384	9.012432	44701	17.5799	1.1714352	43.905575	9.361235	9.099006	44695	18.100739	1.1811081	44.118507	1.877189	1.7281945	34555	2.9650722	0.19669197	1.8986726	1.7769357	1.6349436	34629	2.5493531	0.17934795	1.5449929	0	0	0	0	0	0	0	0	0	0	0	0	0	0	0	0	0	0	0	0	0	0	0	0
F5_S21_subsampled_depth_11G_contig_5081	4.505304	4.341778	10038	8.079464	0.5517631	19.823738	4.8054924	4.74039	9633	7.742056	0.59450006	21.48791	5.343214	5.184161	9996	8.82687	0.64499974	23.318987	4.799247	4.6849875	9825	8.531674	0.5875324	22.304163	5.0747495	4.8966846	9921	8.8353815	0.6212066	23.282923	5.2378306	5.085362	9840	10.262387	0.6397121	23.895487	0	0	0	0	0	0	0	0	0	0	0	0	0	0	0	0	0	0	0	0	0	0	0	0	0	0	0	0	0	0	0	0	0	0	0	0
F5_S21_subsampled_depth_11G_contig_5494	9.477998	9.373761	43372	20.348707	1.1563216	41.544315	9.027566	8.833197	43485	19.792845	1.0970218	39.651314	9.0160475	8.827398	43431	23.222502	1.1029232	39.874554	9.004024	8.806325	43527	21.100914	1.1117847	42.20607	8.9654455	8.838868	43424	18.188965	1.0944464	41.020035	9.590192	9.461479	43369	18.090866	1.1720182	43.778973	3.995011	3.7675488	41170	8.383629	0.4022697	3.883119	3.4222226	3.283718	41545	5.392042	0.33489782	2.8849764	4.460433	4.2843313	41240	9.00163	0.43914765	4.105915	2.257288	2.0820732	34609	4.15808	5.7927747	161.41727	2.3587227	2.2463727	37557	3.1536007	5.811317	161.50781	2.8207192	2.7073925	39677	3.7320144	6.7872796	187.42828
F5_S21_subsampled_depth_11G_contig_5664	7.522083	7.3647714	17689	12.342721	0.91407216	32.84076	7.304981	7.181225	17768	9.961653	0.8910911	32.20805	7.2831244	7.147214	17821	9.910065	0.8883078	32.11542	6.1036935	5.9627886	17844	8.038044	0.7526861	28.573801	6.647012	6.5557227	17856	8.1491	0.8111006	30.40018	6.578335	6.482618	17781	8.556672	0.8006569	29.907328	0	0	0	0	0	0	0	0	0	0	0	0	0	0	0	0	0	0	0	0	0	0	0	0	0	0	0	0	0	0	0	0	0	0	0	0
F5_S21_subsampled_depth_11G_contig_5888	3.50147	3.3902867	29325	4.9846272	0.42570585	15.294745	3.2468905	3.1362576	28502	4.560715	0.39251703	14.187329	3.4003813	3.2966366	30110	3.8890247	0.41509253	15.007045	3.150357	3.0549552	29500	3.8682556	0.3867517	14.682045	3.271767	3.2046018	28865	3.9603863	0.39887258	14.949806	3.2336123	3.1383035	29366	4.1241198	0.39678276	14.821221	3.7690692	3.6173947	28757	6.892069	0.3819922	3.68738	2.6779957	2.4427295	25480	6.1714134	0.26324975	2.2677634	3.4691951	3.228436	28385	7.6915507	0.34241068	3.2014494	0	0	0	0	0	0	0	0	0	0	0	0	0	0	0	0	0	0
F5_S21_subsampled_depth_11G_contig_6648	3.121362	3.0221183	22688	4.4457626	0.37849155	13.5984335	2.771828	2.6855755	22067	3.5815046	0.3366222	12.167037	2.8812542	2.8267326	23143	2.9988976	0.3514308	12.705451	3.3192446	3.2630122	23639	3.0861583	0.40650523	15.431928	3.1871321	3.1122718	23055	3.7973795	0.38903457	14.581076	3.102518	3.0183487	23133	3.5575724	0.3807242	14.221372	2.70569	2.602598	21695	3.685933	0.27232206	2.628733	2.1843934	2.0153966	20407	3.4575152	0.21556228	1.8569607	2.3570962	2.184758	19742	4.243977	0.23288928	2.1774535	0	0	0	0	0	0	0	0	0	0	0	0	0	0	0	0	0	0
F5_S21_subsampled_depth_11G_contig_6822	7.3117933	7.198189	20750	9.37964	0.8929677	32.082542	7.6263037	7.5711207	20684	9.516514	0.92701286	33.50641	6.8590693	6.7748075	20763	7.1243753	0.841219	30.413027	6.533159	6.469358	20668	8.2552185	0.8046591	30.546827	6.8999662	6.783054	20670	7.8162084	0.84448314	31.65137	6.508902	6.4520025	20644	6.900331	0.79606193	29.735693	4.2470284	4.050288	19367	10.52572	0.42535135	4.105927	3.8427205	3.5533338	19108	10.372118	0.38011208	3.2744734	3.8634357	3.7092113	19385	7.8372097	0.3859472	3.6085048	4.0424004	2.0192423	17030	1476.5068	20.237131	563.9134	3.9375637	1.7822455	17150	1793.863	20.731787	576.1763	4.69461	2.5444403	19170	1851.8989	22.33637	616.8107
F5_S21_subsampled_depth_11G_contig_6979	32.37403	31.591154	28562	210.7868	4.1214824	148.0765	33.72262	32.940598	28562	206.8236	4.276296	154.56458	36.316414	35.49871	28562	303.1274	4.6629195	168.58086	36.459877	35.630806	28562	280.7629	4.7022905	178.51048	37.08405	36.120483	28562	283.4739	4.7271023	177.17249	37.20449	36.19545	28562	307.32703	4.7541966	177.58577	10.049592	9.460386	28475	45.545784	1.0301614	9.944169	9.185098	8.90427	28099	29.972387	0.914859	7.8810453	9.279565	8.853238	28254	35.59503	0.9303675	8.698691	2.394622	2.1268184	22712	7.6591287	7.1220264	198.45729	2.2095945	2.0851712	24791	3.3074112	5.637096	156.66568	2.856821	2.6340137	26897	9.265058	7.3508444	202.9908
F5_S21_subsampled_depth_11G_contig_7266	8.986936	8.649959	10790	23.591991	1.143848	41.096153	9.672368	9.288638	10769	29.645256	1.2181038	44.027763	9.260808	8.916249	10790	23.490671	1.1845707	42.82638	7.849624	7.5104427	10790	19.117157	1.0047337	38.14215	8.086278	7.6436925	10790	20.778534	1.0458746	39.199566	7.824624	7.555973	10784	16.756344	1.0155327	37.933678	6.463534	5.870405	10635	28.542517	0.6953716	6.712436	5.0890036	4.7518797	10045	18.69374	0.5492669	4.731656	6.8593984	6.319236	10715	29.846193	0.72894335	6.8154306	4.468515	4.2896824	10326	9.322628	11.665869	325.0727	5.825658	5.6143484	10565	12.114447	14.751507	409.97293	5.320677	5.153404	10768	7.483959	13.294268	367.11624
F5_S21_subsampled_depth_11G_contig_8149	7.6519876	7.522568	11270	18.247757	0.9397686	33.763985	7.05218	6.9202332	11401	13.07021	0.86332566	31.204462	6.679828	6.498249	11562	14.650743	0.8224139	29.73314	6.4535985	6.282393	11442	11.911823	0.798878	30.327354	6.1582036	5.9195523	11264	15.840393	0.7623695	28.573746	6.7763963	6.5413423	11501	12.480776	0.8337237	31.142477	0	0	0	0	0	0	0	0	0	0	0	0	0	0	0	0	0	0	0	0	0	0	0	0	0	0	0	0	0	0	0	0	0	0	0	0
F5_S21_subsampled_depth_11G_contig_8219	240.68915	208.54524	35949	73148.414	29.246843	1050.78	225.31795	194.83301	35952	63101.2	27.367527	989.18555	235.97433	202.69337	35952	73588.8	28.832209	1042.3856	274.20953	227.64487	35952	129956.27	33.743393	1280.9816	266.68033	221.2255	35952	121623.7	32.51628	1218.7158	273.37726	225.97334	35952	134276.28	33.429276	1248.7	96.52341	89.57594	35924	6317.8276	9.71678	93.79627	76.76434	71.350075	35862	3849.5144	7.5620103	65.14288	93.25747	86.32968	35946	5761.7856	9.208621	86.09824	19.08505	5.617249	35494	4694.6875	54.062763	1506.4747	19.824116	5.2109427	35269	5449.6436	54.834602	1523.9594	21.562428	6.0296693	35803	6180.9336	58.13865	1605.4779
F5_S21_subsampled_depth_11G_contig_11373	5.4344387	5.305868	12949	9.705835	0.6625185	23.802965	4.9593887	4.767315	12611	10.745758	0.60101694	21.723461	4.88784	4.766462	12961	7.013829	0.5935147	21.457642	4.831568	4.507335	13014	11.427137	0.5987767	22.73102	5.4546294	5.184408	12790	12.375562	0.65979683	24.729294	5.0895133	4.9079666	12634	11.479588	0.6202247	23.167547	3.6590664	3.487888	11797	7.9034863	0.37123033	3.5834944	3.0811453	2.8010066	10903	9.157715	0.30285916	2.6089776	3.510978	3.2498293	11699	8.829707	0.35524192	3.3214204	0	0	0	0	0	0	0	0	0	0	0	0	0	0	0	0	0	0
F5_S21_subsampled_depth_11G_contig_11425	6.6179	6.451156	20747	13.079971	0.80395913	28.884632	6.992506	6.8366566	20655	15.60274	0.85399956	30.867373	6.8123627	6.60909	20884	13.593268	0.832154	30.085289	6.5454416	6.3615828	20761	13.691739	0.8067638	30.62672	6.5004296	6.3891068	20660	12.458423	0.799637	29.970514	6.2088304	6.111901	20480	11.237547	0.7658621	28.60761	0	0	0	0	0	0	0	0	0	0	0	0	0	0	0	0	0	0	2.773938	2.6126432	17965	5.096729	7.1108904	198.14713	3.0018616	2.7854793	18757	6.005486	7.491279	208.19716	3.222864	2.9579444	18848	7.408967	7.8717713	217.37604
F5_S21_subsampled_depth_11G_contig_11607	8.009187	7.706769	37018	19.069244	0.9783264	35.149292	8.04185	7.76255	37149	19.229074	0.98329735	35.540802	7.859783	7.5514536	37310	20.018105	0.9656594	34.91196	8.141802	7.903838	36940	18.512651	1.0066934	38.216537	8.522215	8.294903	37142	17.787056	1.0458854	39.199944	8.573762	8.214767	37045	23.717316	1.0561525	39.45099	0	0	0	0	0	0	0	0	0	0	0	0	0	0	0	0	0	0	0	0	0	0	0	0	0	0	0	0	0	0	0	0	0	0	0	0
F5_S21_subsampled_depth_11G_contig_11824	6.8688593	6.420519	7599	26.643694	0.9000568	32.337223	7.2680535	6.8167315	7598	30.171793	0.96720237	34.95904	8.505235	8.133016	7600	20.250004	1.1139053	40.271584	6.0350337	5.3880105	7592	32.764645	0.8329143	31.61945	5.004698	4.7178645	7496	12.489841	0.6529544	24.47284	5.755705	5.3638535	7569	23.152822	0.79856676	29.82925	0	0	0	0	0	0	0	0	0	0	0	0	0	0	0	0	0	0	0	0	0	0	0	0	0	0	0	0	0	0	0	0	0	0	0	0
F5_S21_subsampled_depth_11G_contig_12217	4.785938	4.528381	14564	14.9836035	0.58695585	21.088137	4.364137	4.0960627	15010	12.871091	0.53667283	19.397774	5.122026	4.8640094	15678	12.656765	0.6292062	22.748022	5.3038445	5.057944	15625	14.925455	0.65747124	24.959211	5.691836	5.4552727	15693	17.208767	0.7033945	26.363338	5.325507	5.072969	15208	16.383364	0.66250414	24.746824	4.99712	4.691778	15774	13.18614	0.50472164	4.872088	3.6400576	3.4936004	14405	7.403399	0.360275	3.1035872	4.2196345	4.053631	15125	9.859841	0.41527927	3.8827524	0	0	0	0	0	0	0	0	0	0	0	0	0	0	0	0	0	0
F5_S21_subsampled_depth_11G_contig_12275	0	0	0	0	0	0	6.186594	6.1136823	1241	12.095705	0.78937393	28.53154	7.110507	6.8983903	1212	17.463753	0.9560157	34.563324	0	0	0	0	0	0	0	0	0	0	0	0	0	0	0	0	0	0	32067.945	31547.814	1254	246196700	3007.7827	29034.2	45648.21	44991.87	1254	466306750	4186.4956	36064.53	44851.957	44222.684	1254	440245660	4121.039	38530.645	0	0	0	0	0	0	0	0	0	0	0	0	0	0	0	0	0	0
F5_S21_subsampled_depth_11G_contig_13020	1.8012761	1.7133663	9633	1.957231	0.21895447	7.866591	2.1254303	2.0352578	10356	2.3840983	0.258376	9.338868	2.3833432	2.3029568	10422	2.7190309	0.29054907	10.504368	2.3695743	2.2895253	10257	2.7916987	0.2908962	11.04313	3.4434557	3.3324318	11482	4.4281826	0.41906562	15.706654	2.6443624	2.5280292	10394	4.2488265	0.32272163	12.054774	0	0	0	0	0	0	0	0	0	0	0	0	0	0	0	0	0	0	0	0	0	0	0	0	0	0	0	0	0	0	0	0	0	0	0	0
F5_S21_subsampled_depth_11G_contig_13154	9.5215435	9.32839	41674	19.133167	1.1597552	41.667675	9.457932	9.262275	41787	21.5302	1.1522378	41.647057	10.303535	10.104574	41809	22.05191	1.2665216	45.78918	9.170192	9.000374	41475	20.550423	1.1304417	42.91432	8.936268	8.829977	41449	18.465548	1.0924191	40.944054	9.004369	8.890546	41506	18.17061	1.1039425	41.23611	8.549029	7.9038005	41025	51.82464	0.86263764	8.32706	6.9010296	6.402054	40683	30.246698	0.6826106	5.8803415	8.05533	7.559168	40512	37.803627	0.7982008	7.462969	4.799035	4.527777	39686	12.657485	12.741596	355.04825	5.5628076	5.1769304	40888	16.776283	14.181903	394.1425	4.794762	4.4933457	40367	12.511046	12.090062	333.8627
F5_S21_subsampled_depth_11G_contig_13370	83.373474	81.82569	12019	454.28745	10.154994	364.84845	83.127235	82.40538	12019	327.06842	10.088221	364.63367	82.53147	81.171135	12049	416.33838	10.101278	365.19656	79.47399	78.366356	12019	368.57254	9.790934	371.68765	80.67014	79.67771	12019	331.3182	9.837257	368.702	81.717285	79.644196	12022	482.91058	10.012803	374.01315	3.1138752	2.8385773	9184	9.607556	0.31072968	2.9994802	0	0	0	0	0	0	3.592655	3.4046307	10196	7.718154	0.35158935	3.2872672	0	0	0	0	0	0	0	0	0	0	0	0	0	0	0	0	0	0
F5_S21_subsampled_depth_11G_contig_13743	42.794712	42.37948	34653	73.30705	5.231311	187.95042	42.01107	41.522236	34653	81.82366	5.1433487	185.90375	43.75976	43.31636	34653	84.283806	5.3873434	194.77141	42.562645	42.3096	34653	73.9589	5.275538	200.27225	41.826912	41.438187	34653	81.8898	5.1282997	192.20947	41.65954	41.099346	34653	88.682625	5.1344075	191.78796	24.177319	24.020931	34389	133.31766	2.4335604	23.491215	19.8532	19.70634	34373	86.14518	1.9542258	16.83467	21.792917	21.81071	34351	84.937485	2.1530387	20.130348	65.74553	65.56677	34653	143.18196	168.64275	4699.2783	65.01565	64.922295	34559	76.58594	159.34116	4428.3984	60.756832	60.460598	34557	109.609184	145.77376	4025.4883
F5_S21_subsampled_depth_11G_contig_1890|provirus_3_14029	19.626144	19.737732	14011	42.1884	2.3847053	85.677635	22.045687	22.100153	13990	49.53092	2.6907794	97.25692	22.707645	22.925386	14013	38.506702	2.7783306	100.44635	24.197882	24.36146	14025	59.438637	2.994879	113.69293	24.321756	24.186214	14026	61.982162	2.9756713	111.52869	25.678461	25.919542	14022	68.87716	3.1444428	117.45586	0	0	0	0	0	0	0	0	0	0	0	0	0	0	0	0	0	0	1.9653383	1.8747898	11258	2.5261118	5.193973	144.7316	2.0208979	1.9350733	11866	2.3711402	4.926778	136.92462	2.3892052	2.2865262	11751	3.3020256	5.689854	157.12325
F5_S21_subsampled_depth_11G_contig_1890|provirus_26100_103552	19.105106	18.727667	77453	60.28333	2.3476272	84.34555	19.250572	18.891596	77453	79.64469	2.3667276	85.54414	20.527613	20.17422	77453	68.274895	2.5370185	91.7221	22.891375	22.495724	77453	86.24517	2.8492467	108.164345	22.713633	22.355137	77453	93.51864	2.8046274	105.11789	23.743801	23.384861	77453	99.24095	2.9423769	109.90803	0	0	0	0	0	0	0	0	0	0	0	0	0	0	0	0	0	0	2.2589421	2.1210527	64157	3.4218228	6.3097796	175.82375	1.7878737	1.6626853	60428	2.3725073	4.4328046	123.19625	2.3198195	2.1596596	67944	3.771883	5.5607266	153.55743
F5_S21_subsampled_depth_11G_contig_2513|provirus_110_32085	87.62779	87.351906	31976	1978.9161	10.907825	391.89627	91.231	90.93915	31976	2171.1108	11.381212	411.36816	97.54069	97.184364	31976	2618.7896	12.256995	443.13324	106.68039	106.59398	31976	3061.7107	13.488948	512.0734	106.0636	105.85372	31976	2818.5278	13.293723	498.2509	106.650314	106.20598	31976	2905.6396	13.410172	500.9168	0	0	0	0	0	0	0	0	0	0	0	0	3.3482058	3.028383	24817	10.546526	0.33954751	3.174682	9.496826	8.374563	30783	605.15857	32.913513	917.1445	7.702696	6.6529465	30464	573.5797	25.003746	694.9025	10.266638	9.288193	31246	560.6346	30.412779	839.8375
F5_S21_subsampled_depth_11G_contig_2939|provirus_2_24438	142.42389	138.6223	24437	3880.5896	17.532215	629.8971	146.8701	143.2056	24437	3817.2036	18.053467	652.5335	149.80669	145.75154	24437	4237.5547	18.548658	670.599	161.21571	157.1072	24437	4436.131	20.094933	762.8529	160.36983	157.14758	24437	4163.573	19.83104	743.2708	162.09297	158.53159	24437	4049.5984	20.079199	750.0282	14.377444	12.852647	23376	241.11319	1.4511663	14.0081415	11.298184	10.3251295	22015	120.32795	1.1128341	9.586499	14.649607	13.487625	23443	182.05229	1.4468558	13.5277195	13.083419	12.874376	24437	36.83575	36.647293	1021.1873	10.7285795	10.541379	24318	30.964043	26.520054	737.0433	14.192449	14.096939	24396	31.21496	34.249012	945.7742
F5_S21_subsampled_depth_11G_contig_6808|provirus_7138_34158	49.202076	49.132603	27013	251.47272	5.972497	214.5798	43.65048	43.504444	27008	190.91455	5.2928686	191.30807	47.68267	47.70093	27002	206.04883	5.816187	210.27559	40.723347	40.901386	27014	175.11566	5.0041237	189.9687	37.783	37.78958	27008	165.4451	4.6069374	172.66885	38.281048	38.09915	27019	177.04242	4.6737385	174.58046	9.845037	9.748812	26884	20.93021	0.9889034	9.545911	8.818503	8.637213	26963	16.985775	0.86967343	7.4917994	11.526367	11.265453	26919	30.494501	1.1352706	10.614486	0	0	0	0	0	0	0	0	0	0	0	0	0	0	0	0	0	0
F6_S22_subsampled_depth_11G_contig_1574	38.620007	38.336155	52522	157.44354	4.748674	170.61032	41.066124	40.81982	52522	202.51039	5.046422	182.40039	44.961754	44.733856	52522	248.8452	5.563816	201.1514	49.135838	48.80783	52522	274.57196	6.127272	232.6063	48.568527	48.22066	52522	256.57437	5.9982915	224.81702	48.418926	48.3062	52522	253.7502	5.9940367	223.89825	0	0	0	0	0	0	0	0	0	0	0	0	0	0	0	0	0	0	3.8930917	3.6453242	47594	9.862718	11.831972	329.7013	2.7588406	2.589019	44130	5.4331245	6.837908	190.03865	4.0683	3.877079	48059	9.409038	9.8362255	271.6237
F6_S22_subsampled_depth_11G_contig_2740	20.772158	17.618296	23495	2713.1572	3.661547	131.55196	20.8583	17.618343	23495	3301.3047	3.705214	133.92303	22.77494	19.129837	23495	3945.4226	4.1102986	148.60164	26.131035	21.917044	23495	5359.787	4.731141	179.60559	25.730778	21.50345	23495	5219.7856	4.6294794	173.51369	26.651104	22.645376	23495	4778.964	4.7344637	176.84872	0	0	0	0	0	0	0	0	0	0	0	0	0	0	0	0	0	0	2.3946028	1.9910047	18675	26.110819	9.225971	257.08453	0	0	0	0	0	0	0	0	0	0	0	0
F6_S22_subsampled_depth_11G_contig_3203	2.862144	2.7117937	12394	4.0497394	0.3460438	12.432654	2.8366013	2.686587	12027	4.501849	0.35406464	12.7974825	2.9924874	2.7567816	12450	5.737284	0.36994368	13.374759	2.5870333	2.4383607	11627	4.3070564	0.3199412	12.145752	0	0	0	0	0	0	3.2725565	3.0307152	12371	6.9798026	0.40564236	15.152163	0	0	0	0	0	0	0	0	0	0	0	0	0	0	0	0	0	0	11.961386	11.107921	13446	76.816536	30.812975	858.6123	15.139659	13.7829895	13439	124.67705	37.767204	1049.6237	13.189317	12.499875	13407	71.03779	32.15601	887.97626
F6_S22_subsampled_depth_11G_contig_4935	4.6949606	4.3968587	15592	12.168127	0.5691821	20.449558	4.685577	4.380137	15805	11.6470175	0.56561494	20.443865	4.432271	4.1796765	15353	11.295641	0.5390239	19.487608	4.3196635	3.9750185	15823	13.084036	0.5290722	20.084883	4.155018	4.004942	15292	7.493091	0.5038508	18.884418	4.1381392	3.7687361	15922	11.985	0.50347835	18.80667	2.078362	1.9526099	13349	2.98094	0.20784058	2.0062914	0	0	0	0	0	0	1.8167083	1.6607542	12606	3.0268528	0.17798658	1.6641276	0	0	0	0	0	0	0	0	0	0	0	0	0	0	0	0	0	0
F6_S22_subsampled_depth_11G_contig_5397	209.93924	205.77551	14057	6007.2324	26.16012	939.8803	198.57841	195.41519	14057	5114.566	24.796494	896.25696	222.88962	218.55261	14057	6075.294	27.994299	1012.0921	177.98792	174.01901	14057	4431.228	22.51072	854.5621	184.8825	180.48087	14057	5164.166	23.140045	867.2926	178.45122	174.53	14057	4422.1934	22.40506	836.9072	7.722945	7.2377567	14057	23.84665	0.8129901	7.847812	6.762781	6.5040345	13766	16.854052	0.69076955	5.9506335	8.0963545	7.6730847	13978	23.242693	0.83876663	7.8422465	0	0	0	0	0	0	1.7847847	1.5951905	11183	3.0029383	4.419407	122.82391	0	0	0	0	0	0
F6_S22_subsampled_depth_11G_contig_5815	9.2015705	9.102661	17838	17.895588	1.1254188	40.43402	8.582656	8.430013	17920	17.947292	1.0520287	38.02506	8.694107	8.48255	17909	19.379492	1.0656297	38.526234	8.437563	8.313428	18065	15.100346	1.0366596	39.354115	8.133786	7.983354	18052	14.257819	0.99389565	37.251377	7.623649	7.499381	17968	14.313597	0.93845624	35.054623	0	0	0	0	0	0	0	0	0	0	0	0	0	0	0	0	0	0	4.3527346	4.1944923	17193	7.8101225	12.590867	350.84808	2.841261	2.7102103	16116	4.2918506	7.0254073	195.24973	4.201738	4.056126	17400	7.0120487	10.226939	282.41324
F6_S22_subsampled_depth_11G_contig_6118	4.1469865	4.011178	10089	5.2234592	0.49916482	17.933987	4.48683	4.3550687	9847	6.622188	0.5399337	19.515636	5.128243	5.008877	10145	5.769266	0.6239355	22.557459	5.5125775	5.4477806	10226	5.5422907	0.6767092	25.689543	4.6547303	4.5681095	10083	5.340129	0.5628005	21.09385	5.0676727	5.009863	9993	6.063494	0.6168771	23.042522	5.669922	5.550685	10013	11.222727	0.56500727	5.454029	4.0276217	3.9374247	9931	6.105196	0.39078748	3.366436	4.9714904	4.8523836	9332	11.9915905	0.483806	4.5234594	3.4351387	2.9706302	9296	12.354144	9.326227	259.8779	3.4079115	2.6854794	8633	21.975561	8.826289	245.29959	3.4606886	2.8750684	9646	16.625353	8.667142	239.33998
F6_S22_subsampled_depth_11G_contig_6473	2.6964452	2.602145	13782	3.2506351	0.32756773	11.768845	2.3783784	2.2941568	13519	2.6027093	0.29117948	10.524533	2.4552655	2.3926775	13634	2.5743585	0.3051266	11.031394	2.941486	2.8572485	14066	3.4504735	0.36339015	13.795175	2.2532287	2.1321745	13040	2.895994	0.27741206	10.397455	2.4693782	2.3639793	13732	2.8333275	0.3027509	11.308806	0	0	0	0	0	0	0	0	0	0	0	0	0	0	0	0	0	0	9.433031	9.309763	14945	17.49618	23.629614	658.4458	12.3863	12.40318	15054	19.101475	30.116066	836.9838	10.532286	10.498521	15002	16.823639	24.998997	690.3382
F6_S22_subsampled_depth_11G_contig_7214	5.5540137	5.265796	21274	10.58842	0.6858095	24.639746	5.057577	4.7539196	21035	11.603821	0.62194365	22.479845	5.547737	5.1169314	21111	16.394323	0.6854067	24.779839	6.181132	5.984374	21089	10.400548	0.7742398	29.392036	6.2894425	6.0947514	21296	10.742676	0.7777614	29.150625	6.731559	6.422264	21273	16.348833	0.84459674	31.548632	3.9610176	3.8121755	20004	7.0129213	0.40467277	3.9063184	3.0479493	2.7794557	19345	6.7555823	0.30474678	2.6252408	2.769503	2.6229353	19270	4.2866836	0.27418503	2.563559	0	0	0	0	0	0	0	0	0	0	0	0	0	0	0	0	0	0
F6_S22_subsampled_depth_11G_contig_7701	5.877813	5.7980285	18612	7.660396	0.72153914	25.923445	5.994067	5.8349667	18699	9.293798	0.73386276	26.525095	5.5817523	5.470099	18801	7.3255424	0.6894768	24.927006	6.904538	6.7954154	18859	7.9436336	0.84947705	32.24822	6.559036	6.480076	18817	8.113965	0.8098695	30.35406	7.0845046	7.0573072	18843	7.2103577	0.8774103	32.774338	1.6541772	1.5284755	14221	2.2126646	0.1713078	1.6536387	0	0	0	0	0	0	0	0	0	0	0	0	0	0	0	0	0	0	0	0	0	0	0	0	0	0	0	0	0	0
F6_S22_subsampled_depth_11G_contig_8345	8.546571	8.29169	41453	16.400805	1.0427454	37.46375	7.9823256	7.896107	41310	11.613511	0.9715399	35.115818	8.512191	8.277701	41425	15.575795	1.0420297	37.67302	7.8342977	7.6666937	41436	12.498911	0.96729136	36.720745	7.9711885	7.7677617	41453	12.328017	0.9745506	36.526306	7.6858582	7.425551	41376	14.190765	0.94031304	35.12399	4.165436	3.9690099	39367	8.723271	0.4199092	4.053392	3.7514708	3.5418718	38110	7.7693543	0.37365073	3.2188137	4.1667433	4.00686	39816	7.1201544	0.4105677	3.8386993	2.8208604	1.7948242	33325	683.80096	11.989646	334.09488	3.1454616	1.9307832	34568	1058.9863	13.833707	384.4655	3.5872455	2.502273	38395	807.6625	13.824369	381.75488
F6_S22_subsampled_depth_11G_contig_8926	0	0	0	0	0	0	0	0	0	0	0	0	0	0	0	0	0	0	2.6139557	2.5501952	3510	3.1273577	0.31433094	11.9327755	2.5178213	2.4121585	3677	3.159612	0.29787704	11.164484	3.3478916	3.2749581	3679	4.610049	0.3971444	14.834725	0	0	0	0	0	0	2.1355422	2.0499163	3598	2.4611616	0.20378157	1.7554744	0	0	0	0	0	0	0	0	0	0	0	0	0	0	0	0	0	0	0	0	0	0	0	0
F6_S22_subsampled_depth_11G_contig_9422	9.844706	9.58483	66774	25.433294	1.2056803	43.31765	9.990924	9.7420845	66964	26.464329	1.2259084	44.309853	9.365762	9.096316	66991	23.163021	1.1548804	41.75296	12.160817	11.807849	67131	46.610035	1.5068886	57.205154	12.932063	12.60601	67022	46.832775	1.5883111	59.530144	13.129603	12.834154	66871	51.568443	1.6191626	60.48139	0	0	0	0	0	0	0	0	0	0	0	0	0	0	0	0	0	0	0	0	0	0	0	0	0	0	0	0	0	0	0	0	0	0	0	0
F6_S22_subsampled_depth_11G_contig_10025	3.5514472	3.4580653	15819	5.0455246	0.4294838	15.430486	4.3440046	4.251148	16480	6.0621734	0.5258898	19.008024	4.0535736	3.968631	16444	5.0878615	0.49348906	17.841356	3.6950974	3.621407	16272	4.653794	0.4553923	17.287802	3.8253396	3.7576454	16031	5.5066767	0.46271467	17.342625	3.66013	3.5698254	16261	4.8615036	0.44605777	16.661818	2.0059657	1.8661898	13718	3.0801818	0.19798951	1.9111987	0	0	0	0	0	0	1.900886	1.7646673	13349	2.994606	0.18645383	1.7432956	0	0	0	0	0	0	0	0	0	0	0	0	0	0	0	0	0	0
F6_S22_subsampled_depth_11G_contig_10336	107.3674	95.88397	10041	10437.396	14.317209	514.38855	110.46477	98.87083	10041	10812.816	14.761936	533.5627	122.52897	111.3856	10041	12587.91	16.335052	590.5694	133.66919	120.464005	10041	15523.555	18.008856	683.6601	129.63623	116.37729	10041	14624.395	17.334276	649.6914	134	121.09312	10041	14446.48	17.943747	670.2615	0	0	0	0	0	0	0	0	0	0	0	0	3.6841574	3.1085029	8479	18.151396	0.41452435	3.8756938	9.103427	7.348422	9665	134.9886	28.951506	806.74243	6.6415935	5.5116253	8735	63.720165	17.938622	498.54892	10.389041	8.351679	9571	187.23267	26.81747	740.5545
F6_S22_subsampled_depth_11G_contig_10524	0	0	0	0	0	0	0	0	0	0	0	0	0	0	0	0	0	0	2.121302	2.0837438	1378	2.3168812	0.24718356	9.383694	2.4045858	2.320197	0	3.905027	0	0	0	0	0	0	0	0	0	0	0	0	0	0	0	0	0	0	0	0	0	0	0	0	0	0	0	0	0	0	0	0	0	0	0	0	0	0	0	0	0	0	0	0
F6_S22_subsampled_depth_11G_contig_10938	13.664135	13.583426	38993	31.392115	1.6667931	59.884487	13.0773115	13.011757	38903	26.812702	1.5903836	57.483627	13.622738	13.524643	38993	23.206774	1.6673304	60.27985	12.513143	12.393547	38984	24.843983	1.5443784	58.6284	11.734727	11.582025	38992	25.428055	1.4409254	54.006123	12.849986	12.82242	38955	25.156853	1.5801152	59.022785	5.8832736	5.695386	37470	14.696997	0.5954588	5.7479815	5.9385734	5.7885523	38312	11.141071	0.588634	5.0707865	6.608887	6.4127693	38133	16.328875	0.6560341	6.1337442	0	0	0	0	0	0	0	0	0	0	0	0	0	0	0	0	0	0
F6_S22_subsampled_depth_11G_contig_11015	6.808808	6.7047386	15966	8.879909	0.8356238	30.022291	6.8576484	6.7677784	15895	8.863536	0.83526194	30.190138	7.769508	7.6918917	15810	10.569893	0.9512204	34.38995	9.01807	8.907055	15938	13.262282	1.1072793	42.035027	8.991533	8.8841	15939	11.631801	1.0997534	41.21893	8.794908	8.675395	15881	11.760158	1.0830201	40.45458	0	0	0	0	0	0	0	0	0	0	0	0	0	0	0	0	0	0	0	0	0	0	0	0	0	0	0	0	0	0	0	0	0	0	0	0
F6_S22_subsampled_depth_11G_contig_11808	5.6318836	4.9949517	41110	31.31248	0.68668836	24.671322	5.655213	4.9918118	41502	34.616196	0.6913468	24.988388	5.3970747	4.810268	41588	29.43462	0.6636026	23.991575	6.899855	6.358517	43245	33.326466	0.853186	32.38901	6.479903	6.020922	42916	30.565777	0.7933817	29.73609	6.509472	5.9783745	42114	33.846207	0.8000435	29.884434	0	0	0	0	0	0	0	0	0	0	0	0	0	0	0	0	0	0	0	0	0	0	0	0	0	0	0	0	0	0	0	0	0	0	0	0
F6_S22_subsampled_depth_11G_contig_12007	4.657054	4.5141206	12475	7.926068	0.6002609	21.566168	5.2799845	5.1035495	12847	9.350552	0.68732506	24.843018	5.33494	5.127904	12539	10.497804	0.69863755	25.258192	6.3015156	6.237067	12749	10.458756	0.815852	30.971758	6.507579	6.3600483	12826	12.600552	0.8331833	31.22783	6.709444	6.5286293	12737	14.672875	0.8546771	31.925179	0	0	0	0	0	0	0	0	0	0	0	0	0	0	0	0	0	0	0	0	0	0	0	0	0	0	0	0	0	0	0	0	0	0	0	0
F6_S22_subsampled_depth_11G_contig_12112	6.4549623	6.294434	11697	9.111268	0.7957796	28.590755	6.605953	6.5186005	11650	8.269257	0.81735635	29.542946	5.251882	5.1801405	11629	6.633072	0.66011196	23.865358	6.4752965	6.351341	11707	8.300639	0.79442275	30.158226	5.5525656	5.4424686	11600	6.8443503	0.69235	25.949392	5.8644977	5.7791023	11704	7.700053	0.7279898	27.192966	0	0	0	0	0	0	0	0	0	0	0	0	0	0	0	0	0	0	4.0255256	3.950591	10859	6.0177803	11.737955	327.08157	3.2590637	3.0835335	10791	5.3601904	8.132501	226.01787	5.23847	5.0441217	11386	11.415782	12.867121	355.32074
F6_S22_subsampled_depth_11G_contig_12821	6.0572824	5.538086	12081	24.22993	0.8093588	29.078629	6.4643126	5.8761168	12171	27.298986	0.8435299	30.488968	7.583354	7.049369	12209	26.522629	0.9861433	35.652523	7.7155766	7.1388965	12213	32.405006	1.013825	38.48727	7.0735307	6.4632034	12156	29.783602	0.9194995	34.462997	8.032993	7.099383	12094	60.7938	1.0678887	39.889385	0	0	0	0	0	0	0	0	0	0	0	0	0	0	0	0	0	0	0	0	0	0	0	0	0	0	0	0	0	0	0	0	0	0	0	0
F6_S22_subsampled_depth_11G_contig_1306|provirus_342_97749	18053.518	17921.24	97406	16997934	2198.745	78996.48	18711.498	18559.22	97405	18877172	2278.251	82346.25	18755.924	18554.352	97405	20215456	2297.8203	83074.26	19394.992	19121.748	97408	25011432	2392.1948	90813.555	20290.584	20069.514	97405	24606222	2479.328	92925.6	19264.438	19014.71	97405	23754440	2361.1226	88196.17	9569.509	9550.071	96372	8114186.5	966.16394	9326.404	8405.409	8381.713	96277	6090861	830.5069	7154.397	9284.3125	9259.027	97009	7145108	918.91205	8591.587	35.219097	35.011265	97090	111.90977	90.5199	2522.3628	37.197147	36.795773	97218	120.195854	90.993126	2528.8745	37.863937	37.555817	97227	113.26971	90.61237	2502.2278
F6_S22_subsampled_depth_11G_contig_1390|provirus_24731_35879	59.85953	54.63953	11149	1316.9464	7.58791	272.6184	62.75398	56.97879	11149	1330.423	7.9726524	288.16742	66.3253	60.365116	11149	1565.7712	8.446836	305.38278	73.12874	67.11251	11149	1727.3605	9.325867	354.03275	72.48159	65.525505	11149	1927.2908	9.177364	343.9692	73.34921	67.27068	11149	1676.3026	9.366691	349.8786	0	0	0	0	0	0	0	0	0	0	0	0	0	0	0	0	0	0	4.898445	4.2784567	9980	24.43404	14.266445	397.53867	3.2587507	2.5480254	9186	19.412401	8.473584	235.49727	5.866897	4.868397	10653	38.158497	14.607479	403.38025
F6_S22_subsampled_depth_11G_contig_1612|provirus_1_20130	19.71957	19.689913	20058	36.450848	2.4078424	86.50895	20.503153	20.62913	20068	42.691875	2.5015054	90.41564	22.036386	21.958736	20130	54.85232	2.7056332	97.81811	24.224625	24.149038	20130	41.792255	2.9906301	113.5316	24.279629	24.518797	20107	52.195454	2.9856346	111.90211	24.023825	24.098877	20123	50.50258	2.9581397	110.49688	0	0	0	0	0	0	0	0	0	0	0	0	0	0	0	0	0	0	2.2002003	2.052219	16401	3.5682068	5.966417	166.25587	0	0	0	0	0	0	2.417918	2.1969192	0	5.4458375	0	0
F6_S22_subsampled_depth_11G_contig_2926|provirus_15114_26378	17.093838	16.805798	11265	30.793875	2.1261144	76.38699	18.060999	18.025988	11265	25.52499	2.2309651	80.63712	17.893568	17.625088	11265	25.934587	2.2414107	81.034836	16.54575	16.456972	11265	23.684856	2.0812857	79.01067	15.973909	15.936532	11252	15.0659075	1.9970223	74.84869	17.71732	17.662868	11265	27.524002	2.2025208	82.271866	3.5944219	3.45967	10753	5.782406	0.3671989	3.5445802	2.8780026	2.8006997	10199	3.5501683	0.28601304	2.463858	3.4358974	3.3373313	10703	4.929735	0.35239062	3.294759	5.136122	5.031484	10811	8.066135	14.631812	407.71967	3.6432748	3.475862	10628	6.486647	9.038961	251.21011	5.51399	5.417291	11082	7.5883203	13.371983	369.26236
F7_S23_subsampled_depth_11G_contig_353	7.8205085	7.6791983	11794	9.983407	0.95317805	34.24575	7.1920304	7.0773854	11632	12.145377	0.8719434	31.515945	7.746994	7.6375	11725	10.745566	0.9554969	34.544575	7.0223293	6.9539123	11601	10.943072	0.86411345	32.803856	7.2019925	7.20105	11711	7.2571397	0.87424755	32.76696	7.2662315	7.1630726	11660	13.974636	0.8852873	33.06858	2.6403298	2.5669847	11017	2.7027144	0.26112658	2.520661	3.085194	2.9699428	10719	4.040839	0.30325973	2.6124284	3.1774304	3.0729008	10972	4.20282	0.31146646	2.9121296	0	0	0	0	0	0	0	0	0	0	0	0	0	0	0	0	0	0
F7_S23_subsampled_depth_11G_contig_648	11.53247	11.233261	13415	26.903225	1.4207774	51.04568	10.534203	10.344577	13400	14.723193	1.2904358	46.64218	11.201371	11.002762	13416	20.712631	1.383556	50.020382	9.917583	9.463341	13384	26.208534	1.2404237	47.089523	10.415173	10.039588	13410	25.483387	1.2870002	48.236988	9.937622	9.770338	13390	16.198778	1.2216554	45.633118	4.100422	3.9445095	11722	9.5890255	0.41048092	3.9623811	3.2437096	3.160529	11452	4.929752	0.31487963	2.7125297	4.7118425	4.611985	12382	8.594348	0.46343422	4.33299	0	0	0	0	0	0	0	0	0	0	0	0	0	0	0	0	0	0
F7_S23_subsampled_depth_11G_contig_843	3.0553308	2.8756785	27726	5.354173	0.37262544	13.387673	3.3822358	3.2782671	28614	4.7455883	0.410832	14.849319	3.382786	3.2758584	29146	4.623921	0.4127646	14.922885	3.613299	3.4396188	29115	6.3324337	0.44413686	16.86052	4.0239444	3.8808556	30516	5.2619815	0.4888563	18.322424	3.8344927	3.6960993	29123	6.3894134	0.46867785	17.506754	0	0	0	0	0	0	0	0	0	0	0	0	0	0	0	0	0	0	1.8597314	1.7180657	23974	2.7742343	4.924333	137.21796	0	0	0	0	0	0	2.5249636	2.4398706	27770	2.9777052	6.042991	166.87508
F7_S23_subsampled_depth_11G_contig_1101	3.0442653	2.8771584	13772	4.734203	0.3679939	13.221284	2.4107811	2.3342805	13334	2.8271818	0.29045835	10.498469	2.781494	2.6704555	13865	4.085253	0.33895585	12.254445	2.9961965	2.8506374	13817	5.2779236	0.36406085	13.820642	3.4808185	3.3414207	14245	5.422785	0.4213227	15.791242	3.695849	3.5905282	14364	5.803341	0.45042682	16.825022	2.0332482	1.9062295	12682	2.9018981	0.20195599	1.9494848	1.9352745	1.8357742	12390	2.3939607	0.18811528	1.6205181	2.085645	1.9015665	11766	3.7114472	0.20584577	1.9246038	0	0	0	0	0	0	0	0	0	0	0	0	0	0	0	0	0	0
F7_S23_subsampled_depth_11G_contig_1303	162.81084	159.69466	50301	1426.2556	19.909954	715.32434	167.0018	163.69434	50301	1468.003	20.411892	737.7775	163.3102	159.46565	50301	1696.208	20.083118	726.0751	149.55241	146.5615	50301	1187.1981	18.517725	702.9781	155.7779	152.76686	50301	1165.2722	19.11864	716.5697	151.43863	148.0245	50301	1349	18.641504	696.32513	107.37283	104.88874	50250	2705.6929	10.866406	104.89368	86.201294	84.15847	50027	1735.3655	8.535814	73.53172	100.48609	98.65197	50281	2160.5034	9.977008	93.28245	0	0	0	0	0	0	0	0	0	0	0	0	0	0	0	0	0	0
F7_S23_subsampled_depth_11G_contig_1581	3.6681933	3.5665665	12731	5.231415	0.4439041	15.948581	4.2315664	4.204538	13053	4.477123	0.51448804	18.595917	3.74786	3.588255	12786	6.3530307	0.4587657	16.585989	3.7691846	3.7200534	12752	4.376847	0.46036562	17.476612	4.4476647	4.271605	13182	6.4010663	0.5417764	20.305866	3.4789007	3.3488488	12720	5.200539	0.42871648	16.014057	1.6754768	1.5915916	10863	1.8593835	0.17038155	1.644696	0	0	0	0	0	0	1.3955549	1.3108943	10282	1.2875435	0.13637643	1.2750841	2.6423638	2.5208542	11310	4.2419147	6.9360104	193.27393	1.7789458	1.6700867	10565	2.2316751	4.3670363	121.36843	3.4710166	3.4012346	12568	4.386597	8.301762	229.25005
F7_S23_subsampled_depth_11G_contig_1677	5.053835	5.0055804	15406	5.993238	0.61406684	22.062187	4.8531137	4.781713	15104	6.7170234	0.5915871	21.382631	5.3597784	5.314731	15083	7.8041544	0.65639466	23.730976	6.175156	6.0363455	15364	10.930935	0.7624775	28.945518	5.77146	5.707305	15366	8.052802	0.6998237	26.229496	5.120291	5.042069	15329	6.871283	0.63298416	23.644163	3.3239746	3.1654146	13961	6.4710894	0.33314997	3.2159047	2.4016356	2.2659369	13249	3.5704534	0.23754324	2.0463147	2.7296026	2.5581312	13450	4.930423	0.27018943	2.526201	0	0	0	0	0	0	0	0	0	0	0	0	0	0	0	0	0	0
F7_S23_subsampled_depth_11G_contig_4195	2.1810126	2.0911396	9591	2.5533144	0.2636414	9.472103	2.2940247	2.180037	9835	3.0903583	0.27781484	10.041478	2.9112926	2.8227897	10500	3.615244	0.35299808	12.762115	3.566728	3.4900088	10747	4.749956	0.43888733	16.66123	3.371589	3.2945707	10707	4.866736	0.40906906	15.33197	3.23436	3.157715	10927	3.5181663	0.39459968	14.739676	0	0	0	0	0	0	0	0	0	0	0	0	0	0	0	0	0	0	0	0	0	0	0	0	0	0	0	0	0	0	0	0	0	0	0	0
F7_S23_subsampled_depth_11G_contig_4305	6.358351	6.1732807	14345	12.226609	0.7847098	28.193033	5.666226	5.4798484	14431	9.430432	0.6984808	25.246248	6.5932603	6.461205	14401	8.991079	0.8209648	29.680758	6.8277516	6.668833	14451	11.499365	0.85059726	32.290752	7.328135	7.216678	14513	8.086792	0.8902886	33.36817	7.2887974	7.1487584	14470	10.99346	0.91009086	33.995064	0	0	0	0	0	0	0	0	0	0	0	0	0	0	0	0	0	0	1.5285804	1.4261622	11274	1.7204442	3.926567	109.414925	2.3201282	2.235863	13070	2.7102113	5.7749414	160.49689	2.5416	2.3919704	12608	3.933567	6.2176957	171.69937
F7_S23_subsampled_depth_11G_contig_4320	0	0	0	0	0	0	0	0	0	0	0	0	0	0	0	0	0	0	2.9453347	2.869462	5375	3.3418021	0.35736158	13.566323	2.8162394	2.671084	5365	3.953047	0.33469355	12.54437	2.6917734	2.4930775	5293	4.0262613	0.3231288	12.069982	0	0	0	0	0	0	1.6956909	1.6398338	0	1.8035504	0	0	0	0	0	0	0	0	0	0	0	0	0	0	0	0	0	0	0	0	0	0	0	0	0	0
F7_S23_subsampled_depth_11G_contig_5456	3.4564357	3.2320352	10057	7.997665	0.41607583	14.948766	3.152176	3.0296433	9737	4.677982	0.382624	13.829753	3.7160733	3.5891852	10142	7.015257	0.45695102	16.52038	4.0590672	3.9169989	10396	7.9442472	0.5054039	19.18636	3.7397184	3.6046202	10289	6.4327083	0.4520222	16.94187	4.0653234	3.9253807	10296	6.8888135	0.5005621	18.69774	0	0	0	0	0	0	0	0	0	0	0	0	0	0	0	0	0	0	0	0	0	0	0	0	0	0	0	0	0	0	0	0	0	0	0	0
F7_S23_subsampled_depth_11G_contig_6710	68.70451	65.93693	17379	1138.7223	8.62342	309.822	65.62357	63.759007	17379	930.9408	8.226736	297.35114	63.283516	61.07656	17374	1186.5375	8.015161	289.77628	58.16026	55.96294	17378	971.19867	7.403264	281.04593	59.837776	57.451023	17447	936.59875	7.517384	281.7528	60.042896	57.77134	17378	905.6421	7.5524664	282.11093	0	0	0	0	0	0	0	0	0	0	0	0	0	0	0	0	0	0	88.87622	71.3455	17376	14076.949	243.19092	6776.5864	119.95109	99.568886	17379	18542.135	315.30142	8762.837	117.054344	93.48044	17379	21197.506	303.91684	8392.551
F7_S23_subsampled_depth_11G_contig_7007	8.126676	7.397975	47252	108.54183	1.069722	38.432945	7.87623	7.162654	47348	90.205925	1.0290525	37.19458	7.7841754	7.012661	47317	122.5085	1.0403422	37.61203	7.574661	6.877704	47374	98.839615	1.0148305	38.52546	7.560588	6.911305	47556	88.9478	0.99298054	37.217075	7.6672964	6.9493794	47187	93.26243	1.0145772	37.897987	0	0	0	0	0	0	0	0	0	0	0	0	0	0	0	0	0	0	0	0	0	0	0	0	0	0	0	0	0	0	0	0	0	0	0	0
F7_S23_subsampled_depth_11G_contig_8678	76.907364	75.563126	18012	811.79645	9.324204	334.9997	73.421135	72.65535	18011	655.3001	8.899944	321.68405	70.90395	69.35323	18012	787.63214	8.664958	313.2685	71.40843	69.35846	18015	857.4661	8.782004	333.38638	75.00515	73.41548	17987	845.7435	9.122397	341.90894	73.336784	72.01474	18014	769.9403	8.957346	334.58813	7.171331	6.9066544	17816	17.535883	0.7189703	6.9402356	6.3220644	6.071455	17558	15.612248	0.6185481	5.32848	8.049536	7.8544774	17599	21.469416	0.7925733	7.410352	0	0	0	0	0	0	0	0	0	0	0	0	0	0	0	0	0	0
F7_S23_subsampled_depth_11G_contig_9885	201.44722	203.05598	42038	2374.9502	24.620584	884.56793	191.5219	193.12532	42047	2144.8723	23.394073	845.5672	190.19554	190.50491	42046	2521.8853	23.417759	846.634	189.86937	189.94441	42047	2837.1104	23.533587	893.3926	178.052	177.68484	42049	2525.7224	21.850874	818.9744	181.09976	181.03262	42045	2564.097	22.309498	833.3376	96.032265	92.934555	40671	3378.202	9.672171	93.36566	73.32864	70.78749	40605	1894.1074	7.2159543	62.161793	87.87936	84.77238	40704	2537.4944	8.678664	81.14326	0	0	0	0	0	0	0	0	0	0	0	0	0	0	0	0	0	0
F7_S23_subsampled_depth_11G_contig_10172	5.729118	5.5627465	9986	9.023755	0.7040048	25.293459	5.86938	5.797948	9966	7.998874	0.71652776	25.898537	6.407084	6.2578645	10003	8.353247	0.79284334	28.664059	7.052776	6.968091	9950	9.46981	0.8740779	33.182117	6.71156	6.663096	10003	7.1281214	0.8213153	30.783031	7.7949862	7.720938	9926	10.295359	0.9737166	36.371693	2.5608444	2.493855	9104	2.750992	0.26260382	2.5349205	1.9993911	1.8572556	8293	2.7088912	0.20094126	1.7310065	2.3892217	2.3021762	8316	3.0181015	0.23840553	2.2290287	0	0	0	0	0	0	0	0	0	0	0	0	0	0	0	0	0	0
F7_S23_subsampled_depth_11G_contig_11073	19.665813	19.284271	11319	68.72933	2.4440222	87.80877	20.728252	20.236975	11333	87.81121	2.5595996	92.51548	19.586681	19.284271	11225	67.827194	2.4499497	88.5743	17.955578	17.526249	11218	64.35566	2.247423	85.31765	18.203302	17.843685	11431	65.31443	2.2764063	85.32009	17.388943	16.73143	11431	76.46999	2.1754532	81.260735	0	0	0	0	0	0	0	0	0	0	0	0	0	0	0	0	0	0	4.810916	4.6796193	11047	8.49604	13.203388	367.91626	4.8726487	4.6906095	11214	8.15195	12.175213	338.3727	4.6841826	4.5597095	11169	7.9742646	11.656789	321.89795
F7_S23_subsampled_depth_11G_contig_11336	8.470101	8.116841	56722	25.02279	1.0299001	37.00222	8.673946	8.450292	57056	19.877413	1.0554309	38.14801	9.081759	8.741254	56873	27.2607	1.1148403	40.305397	9.246277	8.853729	56802	28.960426	1.1399401	43.274914	9.975811	9.593229	56950	33.751755	1.2177086	45.639908	9.438334	9.085463	56934	26.956936	1.1566776	43.20593	3.3233876	2.9831998	49838	10.111809	0.33675	3.2506554	3.0914416	2.7332437	48772	9.712677	0.30485243	2.6261497	3.1350489	2.7999182	51016	8.731148	0.30941433	2.8929415	0	0	0	0	0	0	0	0	0	0	0	0	0	0	0	0	0	0
F7_S23_subsampled_depth_11G_contig_11525	27.303667	26.514055	53063	85.30622	3.3192778	119.255005	28.645258	27.796371	53063	109.725784	3.485701	125.98891	28.341969	27.61376	53063	89.86614	3.4689107	125.41325	28.134666	27.072683	53059	129.72223	3.466597	131.60054	28.00376	27.081144	53073	107.75322	3.4211495	128.2252	29.449842	28.188427	53073	139.62692	3.6061466	134.70221	6.6657977	5.6276164	48085	54.762974	0.66959906	6.4636526	5.9993196	5.1900024	48679	39.796608	0.59203875	5.100113	7.3090715	6.367303	49803	55.08102	0.72089416	6.7401733	21.751223	21.640003	53072	30.437115	55.55552	1548.0703	25.459724	25.293402	53073	38.48991	62.585327	1739.3676	24.05527	23.905083	53073	33.473526	57.7137	1593.7423
F7_S23_subsampled_depth_11G_contig_12161	2.404391	2.423742	1364	1.6400374	0.29351726	10.545481	3.6550992	3.6768868	1406	3.389818	0.4224818	15.2703905	0	0	0	0	0	0	3.8427763	3.8231132	1344	6.5649157	0.4278396	16.241842	3.8335693	3.6713836	1553	5.444287	0.43536484	16.317545	3.4320114	3.3427672	1329	5.0662456	0.436968	16.322275	0	0	0	0	0	0	0	0	0	0	0	0	0	0	0	0	0	0	31.80949	31.888365	1562	55.159283	81.27833	2264.8438	31.469547	31.924528	1562	95.74752	75.77829	2106.0251	34.280453	34.759434	1562	117.48188	80.09607	2211.8237
F7_S23_subsampled_depth_11G_contig_12394	0	0	0	0	0	0	3.6151242	3.0802004	911	13.753399	0.74314934	26.860758	3.1241536	2.8934836	826	7.512252	0.5518882	19.952694	0	0	0	0	0	0	2.8871331	2.7105262	1035	2.744309	0.5677052	21.277687	0	0	0	0	0	0	3715.466	3729.4863	1026	8454608	325.65738	3143.5786	3732.5159	3748.7144	1035	8432598	320.3562	2759.7075	2569.9807	2583.0789	1034	3897840.5	221.35434	2069.605	0	0	0	0	0	0	0	0	0	0	0	0	0	0	0	0	0	0
F7_S23_subsampled_depth_11G_contig_1318|provirus_15798_26888	4.9096975	4.583325	10750	12.455464	0.61014116	21.921144	3.6915274	3.5083783	10370	6.6733003	0.45947373	16.607452	4.5460196	4.3926067	10504	8.370027	0.5604133	20.260891	4.5727997	4.357266	10856	9.512364	0.57409394	21.794012	4.880541	4.7647	10938	6.5582137	0.60320276	22.608133	4.865643	4.794963	10873	6.0863333	0.6037607	22.552576	0	0	0	0	0	0	0	0	0	0	0	0	0	0	0	0	0	0	0	0	0	0	0	0	0	0	0	0	0	0	0	0	0	0	0	0
F7_S23_subsampled_depth_11G_contig_7904|provirus_23_30662	13.42532	12.115225	30583	105.39494	1.6627164	59.73801	13.128961	11.774761	30557	99.94951	1.6302879	58.925938	13.463332	11.981416	30587	117.02973	1.6902758	61.109413	14.19636	12.478791	30586	142.38918	1.7927334	68.056526	14.393867	12.738212	30530	136.55243	1.8067534	67.71741	13.961135	12.3651705	30468	126.1797	1.7598228	65.735504	10.088685	9.773559	30156	36.619576	1.0223777	9.869041	9.354411	9.070367	30375	30.119198	0.9285439	7.9989343	10.656314	10.487683	30508	31.631983	1.0606414	9.916724	0	0	0	0	0	0	0	0	0	0	0	0	0	0	0	0	0	0
F7_S23_subsampled_depth_11G_contig_12427|provirus_1_16610	9.834022	8.119482	16576	134.54332	1.5733302	56.526566	9.807533	7.9546375	16601	196.33127	1.6311404	58.95674	11.712758	9.774875	16610	204.09296	1.8910117	68.36669	13.228007	10.880316	16607	274.5611	2.1581032	81.926895	13.334083	10.908802	16610	310.5998	2.149987	80.58185	12.731592	10.362698	16609	287.0692	2.0801616	77.70128	0	0	0	0	0	0	0	0	0	0	0	0	0	0	0	0	0	0	0	0	0	0	0	0	0	0	0	0	0	0	0	0	0	0	0	0
F8_S24_subsampled_depth_11G_contig_697	4.2740912	4.0358644	20191	12.248391	0.5610801	20.158474	4.491528	4.2583613	20211	12.887228	0.5901281	21.329882	5.1608768	4.9376316	20533	13.548833	0.67090243	24.255474	5.923987	5.648559	20957	17.27874	0.7790767	29.575645	5.782043	5.508677	21053	15.775894	0.7583966	28.424833	5.840922	5.6100125	21090	14.4063225	0.7577215	28.30354	0	0	0	0	0	0	0	0	0	0	0	0	0	0	0	0	0	0	0	0	0	0	0	0	0	0	0	0	0	0	0	0	0	0	0	0
F8_S24_subsampled_depth_11G_contig_739	7.3874583	7.189491	16868	19.39944	0.90649253	32.568443	7.243183	6.9305224	16815	22.4488	0.8870018	32.06025	6.555497	6.4036975	16839	14.49673	0.8059866	29.13923	6.7481756	6.6457996	16886	13.966886	0.8359318	31.734001	6.125708	5.9303274	16610	13.654933	0.75424176	28.26909	6.825013	6.597016	16995	16.338232	0.83709866	31.268541	0	0	0	0	0	0	0	0	0	0	0	0	0	0	0	0	0	0	0	0	0	0	0	0	0	0	0	0	0	0	0	0	0	0	0	0
F8_S24_subsampled_depth_11G_contig_971	3.3276846	3.2044265	11175	5.3106036	0.40280718	14.472048	3.744482	3.581137	11261	6.8097873	0.4520264	16.33827	3.4387865	3.2836807	11678	4.594818	0.41565076	15.027238	3.5967596	3.5512903	11686	4.0587783	0.44108552	16.744682	4.023973	3.8693178	11783	6.862851	0.48923838	18.33674	3.6986856	3.5974836	11582	5.5797553	0.4488647	16.766653	0	0	0	0	0	0	0	0	0	0	0	0	0	0	0	0	0	0	0	0	0	0	0	0	0	0	0	0	0	0	0	0	0	0	0	0
F8_S24_subsampled_depth_11G_contig_1075	9.156411	7.687592	36538	96.41666	1.1436222	41.088043	9.511427	7.9914956	36867	101.19649	1.1836178	42.781273	9.695642	7.9266763	36608	121.750626	1.2127573	43.845448	14.112596	12.5968685	36712	130.45296	1.7696893	67.18171	13.523518	11.927818	36572	117.323296	1.6744155	62.75733	14.467666	12.982631	37123	127.64396	1.8058048	67.45308	0	0	0	0	0	0	0	0	0	0	0	0	0	0	0	0	0	0	20.556704	20.429306	37123	31.41829	52.289406	1457.0596	23.882292	23.759413	37123	33.071568	58.768906	1633.3014	23.729235	23.693302	37123	36.881207	57.021378	1574.6241
F8_S24_subsampled_depth_11G_contig_1200	2.4282978	2.313921	10155	3.004894	0.29317114	10.533049	2.0354376	1.863887	9741	3.3474898	0.2473545	8.94051	2.0462341	1.994776	10467	1.6266501	0.2504609	9.0550375	2.934088	2.826255	10770	3.3814962	0.35898447	13.627931	2.7920766	2.7574732	10763	2.5866838	0.339629	12.729343	3.101698	3.0559156	10893	3.388995	0.37734577	14.095179	0	0	0	0	0	0	1.5359164	1.4716069	9212	1.435252	0.15116146	1.3021789	1.5921637	1.5171714	8796	1.6258878	0.15531528	1.4521563	0	0	0	0	0	0	0	0	0	0	0	0	0	0	0	0	0	0
F8_S24_subsampled_depth_11G_contig_1392	7441.347	7449.1772	15638	4619088.5	915.61926	32896.355	7160.191	7171.9883	15638	4297648	880.7809	31835.385	6913.037	6921.276	15638	3987040.8	855.67535	30935.664	6300.5093	6301.872	15638	3251071.5	785.1935	29807.861	5922.103	5916.9106	15638	2831060.5	731.2421	27407.082	6166.8076	6160.793	15638	3114945.8	763.769	28529.434	3617.5854	3096.7463	15638	8950596	377.7274	3646.2114	2763.435	2364.9363	15638	5263951.5	282.50745	2433.6594	3970.9326	3443.5488	15638	9461006	405.57767	3792.044	162.65057	158.9693	15638	1186.1913	416.11807	11595.253	190.65495	187.41765	15638	1320.7898	469.44916	13046.898	170.17058	166.04225	15638	1304.8777	410.5716	11337.786
F8_S24_subsampled_depth_11G_contig_1553	0	0	0	0	0	0	0	0	0	0	0	0	0	0	0	0	0	0	1.0716958	1.0692521	1320	0.49329695	0.12700218	4.821314	0	0	0	0	0	0	3.1514962	3.0644045	1457	5.0057316	0.35758412	13.357016	0	0	0	0	0	0	0	0	0	0	0	0	0	0	0	0	0	0	0	0	0	0	0	0	0	0	0	0	0	0	0	0	0	0	0	0
F8_S24_subsampled_depth_11G_contig_1832	4.9657254	4.8144975	25832	8.378593	0.60420793	21.707968	4.718851	4.5605607	25641	7.80585	0.5755497	20.802954	4.6022344	4.489298	25615	6.750197	0.56306154	20.356647	5.017137	4.876599	25976	7.6168585	0.6151123	23.351168	4.897937	4.7420526	26079	7.320181	0.5979035	22.40953	5.352016	5.200152	26179	8.145876	0.657955	24.576921	2.7633848	2.6520033	24315	3.6042557	0.2806354	2.7089803	3.042406	2.8319755	23814	5.9690185	0.29986796	2.583212	3.169814	3.0327606	23815	5.18757	0.31452292	2.9407077	2.392142	2.201123	22570	4.3503227	6.159519	171.63683	2.4112551	2.2289863	22332	4.282945	6.0138574	167.13675	2.8087168	2.6575758	23204	4.615332	6.968281	192.42644
F8_S24_subsampled_depth_11G_contig_2906	7.777588	7.586893	36972	14.921406	0.95705616	34.385094	7.1670866	6.9324484	36828	15.189895	0.87997186	31.806139	7.847544	7.4802675	37039	20.43723	0.97098565	35.104534	8.5742235	8.125501	36825	27.691713	1.0719626	40.694332	8.688992	8.242482	37059	22.109488	1.0732385	40.225178	8.476497	8.087119	37059	23.506092	1.048817	39.176994	3.9310467	3.5558867	34032	11.747575	0.4049251	3.9087517	3.1861334	2.8978295	32657	8.05471	0.32263786	2.779362	4.122626	3.7783496	34438	11.407689	0.41807935	3.9089346	0	0	0	0	0	0	0	0	0	0	0	0	0	0	0	0	0	0
F8_S24_subsampled_depth_11G_contig_2936	5316.1035	5390.1577	28394	4374359.5	645.84894	23204.049	5163.329	5229.4487	28419	4269858.5	627.1036	22666.344	5228.824	5319.592	28422	3881764	638.9966	23101.967	4979.7197	5051.888	28411	3673940.5	612.65765	23257.98	4851.0767	4929.331	28392	3391604.3	591.28485	22161.453	4922.2	4993.725	28456	3475651.5	601.76263	22477.93	4244.909	4030.5178	28388	12918734	426.7046	4118.9893	3261.6099	3106.5994	28389	7210818	321.05582	2765.7332	4030.6123	3869.518	28422	9350880	397.37466	3715.3494	11.435032	11.281206	27903	37.428898	29.608204	825.04126	11.423514	11.333529	28114	27.441689	27.941687	776.5535	10.350173	10.245368	28084	25.181108	24.699371	682.0639
F8_S24_subsampled_depth_11G_contig_3132	261.82703	62.596153	6908	2301201.5	65.378334	2348.9111	333.73114	120.65187	6908	2559388	76.28548	2757.3003	369.44006	156.71072	6908	2566463.8	81.33085	2940.3953	262.53964	17.203485	6904	3626491.5	74.270065	2819.473	264.75363	24.632807	6886	3467056	73.09745	2739.7043	272.11008	26.041092	6908	3649747	75.01959	2802.2432	211873.8	211135.94	6908	3903807700	21535.361	207881.33	207047.7	206100.72	6908	3820058000	20493.053	176537.33	154650.66	153967.02	6908	2070085500	15382.515	143822.47	0	0	0	0	0	0	0	0	0	0	0	0	0	0	0	0	0	0
F8_S24_subsampled_depth_11G_contig_4132	4.425422	4.080176	49182	14.807601	0.5414303	19.452496	4.6842127	4.3040457	49795	15.375597	0.5706463	20.625736	4.8180904	4.455363	50843	14.979398	0.5901916	21.33749	4.973008	4.577638	50132	16.992144	0.6122684	23.24321	4.696116	4.3513045	49948	15.814507	0.5749334	21.548592	4.658453	4.3225155	51240	13.775166	0.57251775	21.385527	5.0712514	4.2857866	47231	32.49782	0.5133341	4.9552255	3.9837747	3.4714108	49339	16.194443	0.39416167	3.3955033	4.058741	3.5020745	47916	19.288706	0.4023133	3.761524	0	0	0	0	0	0	0	0	0	0	0	0	0	0	0	0	0	0
F8_S24_subsampled_depth_11G_contig_4630	12.49402	12.202036	33751	38.97968	1.5410113	55.365402	12.267612	12.122637	33748	30.762608	1.5083101	54.517128	12.109217	11.810227	33762	34.502396	1.5055677	54.431515	9.97245	9.744513	33747	25.34511	1.2459233	47.298317	10.412621	10.17255	33686	26.98856	1.2852881	48.17281	10.120463	9.938483	33664	27.36346	1.2517737	46.75811	3.731346	3.5577812	29735	7.7481794	0.37471223	3.6171048	3.2981377	3.112885	29483	6.6932654	0.3239396	2.7905753	3.670207	3.5086274	29051	7.541199	0.36194828	3.3841207	0	0	0	0	0	0	0	0	0	0	0	0	0	0	0	0	0	0
F8_S24_subsampled_depth_11G_contig_5695	3.618851	3.5013158	17361	5.5787697	0.44186637	15.875362	3.9006777	3.6201115	17569	8.743714	0.47973323	17.339714	3.6932187	3.331538	17294	9.909461	0.46454507	16.794931	3.70038	3.4976437	16980	7.224623	0.46248975	17.557232	4.0532694	3.670604	17406	12.685296	0.5000803	18.74309	4.0242934	3.816941	17613	7.00894	0.491843	18.372046	0	0	0	0	0	0	0	0	0	0	0	0	0	0	0	0	0	0	2.2017298	2.0447395	14335	3.8851511	5.7146397	159.23999	1.8136396	1.7095294	14604	2.1568167	4.5188737	125.58824	2.8356745	2.6759288	17018	4.151543	6.953348	192.01416
F8_S24_subsampled_depth_11G_contig_5731	10.131974	10.078208	46111	13.143427	1.2384351	44.49448	9.777506	9.736016	46293	10.617996	1.1948311	43.18656	9.559186	9.511557	46205	12.754082	1.1759411	42.514385	8.002487	7.9190054	46313	9.624738	0.9883133	37.51881	8.484582	8.411701	45992	11.349388	1.0399206	38.976387	8.597829	8.549423	46314	10.727083	1.0532926	39.34413	0	0	0	0	0	0	0	0	0	0	0	0	0	0	0	0	0	0	3.3702533	3.283085	43774	4.290044	8.84695	246.52286	3.5665817	3.4932725	43899	4.5174837	8.76321	243.54669	3.2282457	3.158097	43168	3.726183	7.803342	215.48642
F8_S24_subsampled_depth_11G_contig_5776	3.2083168	3.124337	9618	4.2532864	0.3882783	13.950056	3.1774771	3.0781388	9977	3.0778413	0.39170375	14.157932	3.554218	3.5171309	9891	3.0909805	0.4411169	15.947927	4.460903	4.304708	9801	6.901168	0.5622542	21.344532	3.701552	3.5927277	9764	5.065034	0.4521901	16.948156	4.261938	4.162135	9986	4.837261	0.51533365	19.249517	0	0	0	0	0	0	0	0	0	0	0	0	0	0	0	0	0	0	0	0	0	0	0	0	0	0	0	0	0	0	0	0	0	0	0	0
F8_S24_subsampled_depth_11G_contig_6240	4.708811	4.52731	11149	8.690159	0.5804679	20.855038	4.9263434	4.8006067	10823	10.573126	0.60093856	21.720621	4.5729513	4.407596	10786	10.108298	0.56453913	20.410065	4.440529	4.2634106	10850	9.094489	0.5504477	20.896349	5.052511	4.7736883	11181	12.422832	0.6185087	23.1818	5.1273127	4.965544	11200	11.38876	0.62880665	23.488123	0	0	0	0	0	0	0	0	0	0	0	0	0	0	0	0	0	0	3.2462554	3.1269577	10654	5.1111736	8.1856985	228.09685	3.4657269	3.3203797	10820	5.16047	8.4706745	235.41643	4.0229955	3.9665232	11015	5.4203014	9.816232	271.07172
F8_S24_subsampled_depth_11G_contig_8834	17.571192	13.871265	27337	575.629	2.349979	84.42997	18.94262	15.063386	27275	670.802	2.5112357	90.76735	19.296759	15.128898	27325	722.454	2.5853767	93.47043	19.983044	15.956884	27337	746.01855	2.713527	103.01211	18.677088	15.213086	27337	585.4308	2.4842553	93.11028	19.236584	15.286975	27337	694.8447	2.5514362	95.30506	0	0	0	0	0	0	0	0	0	0	0	0	0	0	0	0	0	0	0	0	0	0	0	0	0	0	0	0	0	0	0	0	0	0	0	0
F8_S24_subsampled_depth_11G_contig_9246	13.0183	12.751049	26096	45.370373	1.5883087	57.06474	12.642163	12.416702	26081	41.51047	1.5468946	55.911716	12.690437	12.479497	26085	48.284714	1.5641792	56.550556	15.956812	15.824843	26069	60.93379	1.9746724	74.96341	16.041224	15.96383	26016	51.0455	1.966361	73.69952	16.777931	16.679352	26106	59.639915	2.0612233	76.99389	3.4728386	3.3633678	23627	5.8619857	0.34870568	3.3660636	2.5672293	2.4109666	22362	4.244565	0.25249633	2.1751268	3.317576	3.1133037	22901	6.9824395	0.32738304	3.0609448	0	0	0	0	0	0	0	0	0	0	0	0	0	0	0	0	0	0
F8_S24_subsampled_depth_11G_contig_9306	21.404936	18.801472	33811	593.9743	2.6725385	96.018936	20.319601	17.891642	33878	477.08688	2.5295093	91.42788	19.018728	16.60157	33617	493.80563	2.3893445	86.38314	22.786226	20.095304	33700	707.3647	2.8881128	109.63981	22.334118	18.960184	33514	888.45953	2.8115273	105.37655	23.314596	19.477835	33850	1118.9366	2.9484265	110.13403	0	0	0	0	0	0	0	0	0	0	0	0	0	0	0	0	0	0	4.280292	4.103484	31550	9.017282	10.880128	303.17798	5.5942993	5.3838706	32582	12.444883	13.750743	382.15976	5.884927	5.7695074	33317	10.061786	14.112343	389.7072
F8_S24_subsampled_depth_11G_contig_9375	6.7462173	6.606159	15815	13.741044	0.8280248	29.749252	5.773299	5.6141405	15452	11.352379	0.713386	25.784973	6.0200253	5.899068	15464	11.248566	0.75377786	27.251715	5.600445	5.5024014	15322	10.236619	0.7013911	26.626524	6.04253	5.849414	15008	14.9812765	0.74420595	27.89297	6.4646535	6.306611	15729	12.0511675	0.7945743	29.680107	0	0	0	0	0	0	0	0	0	0	0	0	2.8045137	2.555587	12632	6.9511013	0.28169376	2.633762	35.387985	35.883175	15659	257.41116	91.62173	2553.067	36.88296	37.55898	15057	249.50143	91.69049	2548.2554	38.771965	39.168175	15760	282.0038	93.83978	2591.351
F8_S24_subsampled_depth_11G_contig_9511	4.577226	4.329612	12322	11.169914	0.55636305	19.988995	4.742965	4.4634147	12085	12.743902	0.57293177	20.70834	5.345238	5.1786327	12851	8.8284645	0.648336	23.43961	5.303262	5.1088114	12421	12.334389	0.6511264	24.718355	5.705937	5.4635863	12510	12.983949	0.6938294	26.004835	5.551175	5.303504	12794	14.090462	0.67664874	25.27518	0	0	0	0	0	0	0	0	0	0	0	0	0	0	0	0	0	0	0	0	0	0	0	0	0	0	0	0	0	0	0	0	0	0	0	0
F8_S24_subsampled_depth_11G_contig_9629	10.183699	8.839293	13709	96.31053	1.3317624	47.84755	9.065018	7.765448	13865	81.55321	1.1987228	43.327236	9.046793	7.7885094	13874	75.68876	1.2060947	43.604553	8.058581	7.103415	13896	54.178543	1.0744694	40.789486	8.343531	7.3337083	13954	52.728935	1.1387715	42.68135	8.371085	7.290157	13819	62.52329	1.1139288	41.609142	3.8912272	3.6473281	13103	8.678315	0.4126021	3.9828582	3.5111737	3.2081962	12715	8.790614	0.36692393	3.1608639	4.964779	4.5122538	13399	17.63951	0.5012656	4.686702	5.9504595	5.2286057	13717	30.689358	16.205364	451.56717	6.6618934	5.6855764	13841	43.1172	17.673609	491.18365	7.1674986	6.2030535	13846	47.70245	18.622482	514.2532
F8_S24_subsampled_depth_11G_contig_10105	6.9248786	6.7928615	13115	10.550297	0.8562557	30.763546	7.2873874	7.137807	13047	11.707202	0.8949792	32.34857	8.314894	8.227168	13112	13.897524	1.0212969	36.92347	6.5204563	6.414534	13074	9.071453	0.8229072	31.239569	6.2913938	6.1607466	13037	10.179532	0.77975154	29.225225	6.816627	6.6921167	13129	8.453351	0.8360153	31.228067	0	0	0	0	0	0	0	0	0	0	0	0	0	0	0	0	0	0	0	0	0	0	0	0	0	0	0	0	0	0	0	0	0	0	0	0
F8_S24_subsampled_depth_11G_contig_10224	83.48204	82.95582	21254	320.04877	10.178917	365.70786	78.05252	77.50917	21254	311.6856	9.504403	343.5319	82.22848	81.869736	21254	310.06818	10.081621	364.4859	94.75896	94.25839	21254	420.06323	11.709157	444.50818	96.455734	95.65819	21399	437.696	11.809618	442.6264	95.441	94.48604	21474	403.40216	11.721671	437.84528	11.471628	10.884691	20867	57.091393	1.1522536	11.122729	9.844119	9.474885	21228	35.654545	0.971812	8.371666	13.553789	13.077845	21107	64.02877	1.3374747	12.505035	0	0	0	0	0	0	0	0	0	0	0	0	0	0	0	0	0	0
F8_S24_subsampled_depth_11G_contig_10708	6.765968	6.6767497	24716	11.294903	0.8244528	29.620922	7.001243	6.8838596	25009	11.157779	0.85404956	30.869196	6.2043624	6.043703	24881	10.295965	0.7556563	27.319632	7.123692	7.117165	24489	11.173992	0.87893754	33.366615	7.1116633	6.99853	25056	9.784763	0.8694916	32.588703	7.9024496	7.817971	24920	13.959728	0.9653297	36.05844	2.5260415	2.4121263	21694	3.4143677	0.25511143	2.4625964	2.1404114	2.0259278	20947	2.852457	0.20910811	1.8013598	2.6028228	2.4819353	21222	4.043206	0.2550272	2.384437	0	0	0	0	0	0	0	0	0	0	0	0	0	0	0	0	0	0
F8_S24_subsampled_depth_11G_contig_10947	25.649702	22.387703	34517	716.43915	3.1753545	114.084045	24.820963	21.611427	34529	717.64484	3.0754714	111.16139	24.984331	21.86104	34529	682.8266	3.1119697	112.50863	25.263334	21.62429	34550	880.6501	3.1756155	120.55412	24.109802	20.458473	34530	846.85394	3.0028844	112.54855	25.12875	21.038948	34612	1015.2098	3.1423874	117.37914	0	0	0	0	0	0	0	0	0	0	0	0	0	0	0	0	0	0	51.70289	51.592533	34586	116.30365	130.92252	3648.194	79.751434	79.63918	34586	160.35472	195.6076	5436.3115	61.716587	61.601753	34587	103.29979	147.89919	4084.1807
F8_S24_subsampled_depth_11G_contig_12439	12.777016	12.614703	10940	26.045185	1.677998	60.287094	11.942818	11.671952	10940	24.77002	1.591816	57.5354	12.918258	12.520079	10940	32.301964	1.7128747	61.92642	11.658573	11.055498	10938	39.210133	1.5882472	60.293762	10.565431	10.313736	10940	23.288286	1.42634	53.459457	11.048007	10.617072	10940	29.63362	1.4906095	55.67945	0	0	0	0	0	0	0	0	0	0	0	0	0	0	0	0	0	0	57.68582	57.21314	10940	283.10806	154.95073	4317.7466	68.853386	67.95779	10940	540.04596	181.44559	5042.722	75.91158	74.795	10940	500.65216	195.13531	5388.5894
F8_S24_subsampled_depth_11G_contig_4307|provirus_19373_61593	10.222481	10.1520405	41993	17.07087	1.2461683	44.77231	9.476385	9.425644	42030	15.652252	1.1570584	41.821304	9.782439	9.672864	41982	16.569277	1.2026157	43.47877	9.251052	9.154021	41888	16.902882	1.1409546	43.31344	9.286492	9.249228	42046	13.687325	1.1353029	42.551334	9.310261	9.23119	42051	15.116972	1.1394833	42.563675	3.5064297	3.1211936	32627	13.703257	0.35613352	3.4377668	2.7524898	2.4001057	31914	9.908906	0.27444044	2.3641648	3.4409451	3.1623135	33689	11.131329	0.34310818	3.2079713	4.6540136	4.4686384	39986	10.082667	13.821752	385.14716	2.660455	2.5318103	37821	3.7291799	6.6343193	184.38054	4.667277	4.601611	41036	5.8745556	11.2994	312.02872
F8_S24_subsampled_depth_11G_contig_6392|provirus_544_46817	13.862718	13.772524	46261	28.983955	1.6898758	60.713825	13.791497	13.671661	46271	28.06565	1.6828058	60.82417	13.493474	13.351753	46271	29.89322	1.6521013	59.729237	12.87861	12.717262	46265	28.836134	1.5918207	60.429386	12.52322	12.439487	46251	24.958231	1.5355271	57.551807	12.674985	12.564175	46205	21.407	1.555134	58.08966	2.7995186	2.480849	38232	8.503418	0.28448638	2.7461538	2.709804	2.4761996	38497	6.102915	0.2692471	2.3194284	3.3537421	3.0386877	39130	10.035608	0.3341829	3.1245213	25.518234	24.986824	46269	99.17785	67.56862	1882.8187	26.80947	26.251204	46274	125.3265	66.29966	1842.5951	29.097586	28.45982	46271	143.92273	70.45105	1945.4799
F8_S24_subsampled_depth_11G_contig_6496|provirus_148348_161132	14.393193	14.258859	12785	16.90015	1.7571548	63.131004	13.449307	13.413875	12785	18.265335	1.6488595	59.59723	13.680965	13.532226	12785	19.70706	1.6806389	60.76097	12.216304	12.072188	12785	18.116184	1.5144087	57.490643	11.229125	11.143586	12785	13.927636	1.3714511	51.402195	12.972695	12.891058	12785	17.208614	1.5871606	59.28601	0	0	0	0	0	0	0	0	0	0	0	0	0	0	0	0	0	0	30.726316	30.550339	12785	43.732113	77.80484	2168.0547	46.56225	46.306515	12785	76.17837	114.60578	3185.1157	40.984646	40.951378	12785	53.496517	98.53178	2720.9192
F8_S24_subsampled_depth_11G_contig_9091|provirus_13271_37486	11.083146	11.001893	24216	14.736941	1.3707265	49.247425	11.012092	10.914127	24216	11.927841	1.3428818	48.537766	10.408585	10.255771	24216	14.649304	1.2841164	46.425304	9.423294	9.282086	24216	13.346977	1.1720998	44.495754	9.42774	9.321514	24216	11.430911	1.1536494	43.23894	10.054351	9.957664	24216	11.92258	1.2340748	46.097023	2.2049365	2.1174514	20596	2.6895182	0.22256038	2.14838	0	0	0	0	0	0	2.4639325	2.325808	20713	3.8005903	0.24283363	2.2704318	4.991191	4.8616805	23431	7.7761116	14.78972	412.11993	2.8571012	2.7701292	21686	3.7578044	7.104171	197.43864	4.1737304	4.0564175	23735	5.583987	10.258612	283.28775
GP3_S28_subsampled_depth_11G_contig_2	0	0	0	0	0	0	0	0	0	0	0	0	0	0	0	0	0	0	0	0	0	0	0	0	0	0	0	0	0	0	0	0	0	0	0	0	15876.763	13465.684	1127	642691460	1487.5273	14359.14	15314.906	13005.604	1127	593330700	1402.4156	12081.102	10924.115	9284.184	1127	301457800	1002.9739	9377.544	0	0	0	0	0	0	0	0	0	0	0	0	0	0	0	0	0	0
GP3_S28_subsampled_depth_11G_contig_32	0	0	0	0	0	0	0	0	0	0	0	0	0	0	0	0	0	0	0	0	0	0	0	0	0	0	0	0	0	0	0	0	0	0	0	0	5141.3784	4559.7925	1402	38579972	496.02676	4788.158	6650.115	5927.4883	1400	61411180	628.67804	5415.745	6798.3257	6035.602	1402	66207084	641.8179	6000.8296	0	0	0	0	0	0	0	0	0	0	0	0	0	0	0	0	0	0
GP3_S28_subsampled_depth_11G_contig_78	1480.7262	987.6485	7600	13711981	225.96344	8118.4136	1568.5319	1051.4921	7605	15170767	239.47226	8655.606	1612.6863	1074.3673	7605	16123140	247.72101	8955.981	0	0	0	0	0	0	1864.9225	1243.7327	6280	21970144	285.83258	10713.057	1863.2233	1239.6437	6267	21935578	286.7808	10712.26	65596.06	60842.04	7605	1060169150	7116.543	68696.164	69309.32	67190.02	7605	322821300	7170.1167	61766.934	39303.313	35834.387	7605	527562600	4217.1313	39429.066	0	0	0	0	0	0	0	0	0	0	0	0	0	0	0	0	0	0
GP3_S28_subsampled_depth_11G_contig_105	0	0	0	0	0	0	12.140046	10.935733	925	172.90622	1.4462341	52.27339	16.75463	14.546272	935	483.3488	1.9644231	71.02079	0	0	0	0	0	0	0	0	0	0	0	0	0	0	0	0	0	0	7784.3345	7479.2017	1014	34505600	726.4431	7012.3726	7594.6875	7314.7466	1014	31341424	694.88556	5986.085	5416.109	5200.1826	1014	16655254	494.77847	4626.0503	0	0	0	0	0	0	0	0	0	0	0	0	0	0	0	0	0	0
GP3_S28_subsampled_depth_11G_contig_153	59.91866	60.49222	29960	273.1305	7.30563	262.47653	54.529682	54.97506	29982	199.19461	6.6413274	240.04745	57.994873	58.52233	29997	285.27213	7.1014585	256.7425	50.93122	51.143528	29989	202.45221	6.2787895	238.35823	47.8739	48.415543	29986	191.94572	5.843442	219.01326	48.239365	48.54526	29985	213.49446	5.908003	220.6845	13.06526	12.825616	29979	41.323093	1.3179419	12.722122	10.930787	10.658751	29822	31.578445	1.079398	9.298468	14.077555	13.737773	29984	51.086987	1.3977816	13.068896	0	0	0	0	0	0	0	0	0	0	0	0	0	0	0	0	0	0
GP3_S28_subsampled_depth_11G_contig_225	27.517637	27.409292	11419	184.44121	3.334647	119.80719	28.025639	27.99067	11450	151.32838	3.4099753	123.25184	29.742462	29.620667	11377	228.22397	3.6369317	131.48787	31.524445	31.288282	11392	256.78983	3.8694851	146.89517	30.529839	30.28514	11414	257.09	3.7316988	139.8647	30.367252	30.468422	11435	175.60602	3.7084196	138.52238	6.65538	6.4510365	11420	18.281052	0.66519797	6.421173	5.2440987	5.014537	10829	14.456501	0.5158198	4.443526	5.5751038	5.400255	10702	13.673204	0.54280955	5.075126	0	0	0	0	0	0	0	0	0	0	0	0	0	0	0	0	0	0
GP3_S28_subsampled_depth_11G_contig_381	3.035154	2.8486485	1581	6.586967	0.36696267	13.184228	7.698756	7.4018016	1665	31.829655	0.94451964	34.139187	5.514873	5.2942944	1658	16.178484	0.68276006	24.684174	0	0	0	0	0	0	0	0	0	0	0	0	0	0	0	0	0	0	13346.185	13626.7	1999	42653652	1252.7014	12092.357	13690.28	13961.6	1999	44509212	1257.2651	10830.705	9791.204	9996.663	1991	22462482	900.64935	8420.835	0	0	0	0	0	0	0	0	0	0	0	0	0	0	0	0	0	0
GP3_S28_subsampled_depth_11G_contig_578	88.11484	87.59533	44003	750.3654	10.748397	386.16812	86.78022	86.35879	44003	679.9179	10.576276	382.2742	88.43636	88.00114	44003	766.3862	10.847118	392.16135	77.83937	77.42527	44003	633.26355	9.612278	364.90552	77.88179	77.42036	44003	596.0447	9.532857	357.29312	77.52195	77.182045	44003	591.682	9.515977	355.455	44.959023	42.339863	44003	595.81995	4.543454	43.858078	37.13705	34.97636	44003	424.67273	3.669439	31.610373	43.719677	41.584026	44003	513.24054	4.3268986	40.45535	0	0	0	0	0	0	0	0	0	0	0	0	0	0	0	0	0	0
GP3_S28_subsampled_depth_11G_contig_664	124.9531	120.75338	98093	4812.35	15.282434	549.0671	133.03035	128.62318	98093	5408.9443	16.260267	587.71906	135.99072	131.45082	98093	5584.889	16.73744	605.1171	134.37227	130.05334	98093	5484.1743	16.645311	631.8967	138.75574	134.03146	98093	6024.7993	17.026476	638.155	134.94295	130.20967	98093	5631.519	16.609625	620.4275	82.3126	79.50022	98093	2473.264	8.342099	80.52647	70.561966	68.263794	98079	1854.8833	7.005634	60.349968	77.6524	75.18691	98083	2074.6738	7.721638	72.1953	0	0	0	0	0	0	0	0	0	0	0	0	0	0	0	0	0	0
GP3_S28_subsampled_depth_11G_contig_943	2.3803577	2.1724784	9183	5.064328	0.28726244	10.320754	2.6123018	2.4919386	10319	3.8149965	0.319212	11.53776	2.4091291	2.3006186	10198	3.3852952	0.2935141	10.611561	2.052818	1.8738283	9010	3.9254858	0.25829878	9.80566	2.7019913	2.5434008	10330	4.434177	0.32924375	12.340103	2.9168916	2.698819	10050	6.3796425	0.3658072	13.664174	5.3134494	5.206412	11756	9.1132	0.5345857	5.16037	4.335302	4.1709785	11781	6.3643165	0.42976627	3.702218	3.947688	3.7842145	11082	7.43461	0.38999066	3.6463084	0	0	0	0	0	0	0	0	0	0	0	0	0	0	0	0	0	0
GP3_S28_subsampled_depth_11G_contig_1026	113.5322	109.84151	50576	1558.624	13.865175	498.1478	116.656265	112.398026	50576	1790.1996	14.237926	514.62286	119.408066	115.282524	50572	1767.7898	14.67995	530.7316	141.65462	137.1815	50576	2295.7153	17.51962	665.0876	140.46664	136.34348	50576	2061.8096	17.217659	645.3207	145.55736	141.4689	50576	2161.956	17.897106	668.5193	31.706858	31.365614	50576	76.74551	3.200467	30.89417	27.91199	27.361492	50576	87.48045	2.7597644	23.773972	31.73827	31.31835	50576	92.36636	3.1354759	29.315865	6.2041607	6.011502	50063	11.575077	18.634083	519.24426	4.545155	4.4171076	49493	6.60866	11.28021	313.4989	6.4502044	6.2819057	50408	9.562905	15.510408	428.31427
GP3_S28_subsampled_depth_11G_contig_1064	0	0	0	0	0	0	0	0	0	0	0	0	0	0	0	0	0	0	0	0	0	0	0	0	0	0	0	0	0	0	0	0	0	0	0	0	3.9481244	3.9105403	1403	3.122706	0.3981311	3.843168	0	0	0	0	0	0	2.0877893	2.0310009	1145	2.3740761	0.20059341	1.8754951	0	0	0	0	0	0	0	0	0	0	0	0	0	0	0	0	0	0
GP3_S28_subsampled_depth_11G_contig_1272	193.5695	193.26523	12675	794.24084	23.902138	858.7556	200.77357	201.16331	12675	565.7541	24.787004	895.9138	216.93309	217.64827	12675	674.77484	26.956247	974.5627	236.05653	236.55247	12675	833.5331	29.50093	1119.9275	241.16008	241.39323	12675	930.62665	29.923353	1121.5323	237.98674	238.08011	12675	958.82465	29.51105	1102.3407	10.605748	10.532157	12660	19.02118	1.0743372	10.370599	9.37485	9.274993	12609	17.543207	0.9281659	7.995678	9.551697	9.338862	12582	22.25469	0.9372321	8.76287	24.722954	24.63905	12675	41.169952	72.04914	2007.6704	17.657564	17.576422	12662	20.175203	43.64741	1213.0461	26.93972	26.853367	12675	36.720337	65.60556	1811.6736
GP3_S28_subsampled_depth_11G_contig_1286	669.8998	657.5158	94239	14448.308	81.564995	2930.4656	693.72003	681.5365	94267	14909.541	84.42512	3051.5034	712.19385	698.83026	94266	17118.729	87.21278	3153.0483	752.4496	736.3865	94297	21379.766	92.781425	3522.2095	734.2935	720.5712	94239	19250.291	89.684456	3361.3884	735.8623	721.4526	94239	19316.393	90.16428	3367.9504	323.47064	322.1437	94338	9099.702	32.650307	315.17404	283.9013	282.4171	94336	7138.1943	28.045975	241.60185	321.65927	319.8964	94338	8610.658	31.8338	297.6377	3.8063555	3.69442	89418	5.8381214	9.852373	274.53915	4.0702	3.9376903	91468	5.9291186	9.98303	277.4476	3.681435	3.574425	89735	5.216159	8.795531	242.8854
GP3_S28_subsampled_depth_11G_contig_1293	45.81556	45.072903	40945	149.01099	5.5662518	199.98424	45.14815	44.71319	40927	147.2967	5.4853454	198.26509	43.59278	43.284805	40937	115.55497	5.3328514	192.80135	41.988815	41.755787	40938	117.63516	5.164227	196.04663	41.607483	41.079605	40934	124.844734	5.074574	190.19585	41.03326	40.637165	40934	127.97226	5.0187554	187.46797	27.436594	25.879642	41101	247.81343	2.7588456	26.631197	20.835926	19.746534	40912	145.04385	2.052542	17.681608	27.435032	26.222372	40911	201.49748	2.7054203	25.294977	0	0	0	0	0	0	0	0	0	0	0	0	1.6335132	1.5381067	31998	1.8523508	3.892428	107.487915
GP3_S28_subsampled_depth_11G_contig_1356	8.054283	8.017946	39699	13.664994	0.977986	35.13706	8.390254	8.301423	39113	18.839785	1.0188487	36.82578	8.34539	8.30921	39431	14.607827	1.0214218	36.927982	8.388144	8.342925	39096	16.802092	1.0317694	39.168476	8.821628	8.804158	38794	18.529736	1.0753546	40.304474	9.222406	9.240524	39018	18.938148	1.1296331	42.19573	7.9961314	7.8597546	39760	13.113548	0.8024372	7.7459455	7.2464957	7.073514	39842	12.632526	0.7171547	6.177927	7.56413	7.4308124	39609	14.885899	0.74617213	6.9765153	0	0	0	0	0	0	0	0	0	0	0	0	0	0	0	0	0	0
GP3_S28_subsampled_depth_11G_contig_1515	6028.6978	5393.0527	15404	27652868	733.5715	26355.744	6041.034	5396.0244	15404	28080284	734.7538	26557.307	6052.7017	5401.09	15403	28346654	740.7781	26781.72	5350.3213	4792.2427	15404	21136584	659.1736	25023.84	5665.241	5087.5044	15405	22961196	691.56494	25919.967	5535.224	4959.027	15392	22487224	677.74603	25316.182	3068.145	2695.593	15410	8632200	310.0731	2993.144	2708.4958	2380.8813	15383	6738851	267.894	2307.771	3061.201	2680.032	15408	8831463	303.3356	2836.1094	6.9601574	6.2438474	14976	44.387165	17.928305	499.57742	7.2992134	6.5354595	14896	46.187153	17.819187	495.22968	8.537942	7.541867	15087	74.52959	20.390213	563.06805
GP3_S28_subsampled_depth_11G_contig_1582	62.920853	61.938816	15633	238.77745	7.7096324	276.99155	66.62937	66.27557	15630	250.36943	8.143472	294.34183	68.1765	67.46392	15635	220.45529	8.40818	303.98514	74.65475	73.61706	15630	347.07935	9.261565	351.59164	76.55055	75.382225	15638	369.79974	9.435336	353.6379	76.8275	75.46227	15631	382.7475	9.475977	353.96082	6.841575	6.5479846	15433	18.148832	0.6911277	6.6714706	6.0763073	5.8505235	14507	18.501764	0.6038438	5.20181	5.770368	5.4875197	15457	16.70645	0.5710857	5.339503	6.1914783	6.060393	15056	13.036611	17.687714	492.87338	4.572369	4.5177164	14766	5.6759877	11.375711	316.153	6.8926406	6.790202	15586	9.860058	16.642355	459.57242
GP3_S28_subsampled_depth_11G_contig_2053	0	0	0	0	0	0	0	0	0	0	0	0	0	0	0	0	0	0	0	0	0	0	0	0	0	0	0	0	0	0	0	0	0	0	0	0	6.007878	6.005144	2274	6.2238607	0.5756108	5.5563836	4.065338	4.0097737	2227	4.4737086	0.38421646	3.3098316	4.670065	4.5468106	2233	8.56147	0.4620802	4.3203306	0	0	0	0	0	0	0	0	0	0	0	0	0	0	0	0	0	0
GP3_S28_subsampled_depth_11G_contig_2173	0	0	0	0	0	0	0	0	0	0	0	0	0	0	0	0	0	0	0	0	0	0	0	0	0	0	0	0	0	0	0	0	0	0	0	0	1133.4546	1131.2784	4838	26360.264	117.80918	1137.2151	980.01495	978.7175	4838	19838.736	99.84276	860.09485	756.577	754.501	4838	16143.219	77.046295	720.3626	0	0	0	0	0	0	0	0	0	0	0	0	0	0	0	0	0	0
GP3_S28_subsampled_depth_11G_contig_2626	10.649461	10.441732	15876	17.601093	1.2929542	46.45325	11.334984	11.177553	15888	20.928099	1.3673323	49.421555	10.57365	10.482082	15839	17.059757	1.2864226	46.50866	9.698222	9.591987	15882	13.9505205	1.1885301	45.1195	9.933207	9.805799	15874	16.972998	1.2056462	45.18784	10.747365	10.517706	15828	21.818386	1.306382	48.79791	6.6730795	6.3611736	15864	15.884291	0.66843253	6.452394	5.2960634	5.1877117	15276	10.114829	0.51403004	4.4281106	8.049523	7.775183	15737	22.135838	0.7955756	7.4384265	0	0	0	0	0	0	0	0	0	0	0	0	0	0	0	0	0	0
GP3_S28_subsampled_depth_11G_contig_2703	0	0	0	0	0	0	0	0	0	0	0	0	0	0	0	0	0	0	0	0	0	0	0	0	0	0	0	0	0	0	0	0	0	0	0	0	6.0227547	5.9295025	4325	6.0433245	0.6003775	5.7954564	0	0	0	0	0	0	2.5022755	2.4573026	4073	1.7967725	0.24316046	2.2734866	0	0	0	0	0	0	0	0	0	0	0	0	0	0	0	0	0	0
GP3_S28_subsampled_depth_11G_contig_3099	7.3011703	7.228282	16614	11.510288	0.8845017	31.778366	6.8638463	6.7282486	16640	11.085217	0.83288115	30.10406	6.620522	6.5054336	16484	12.837502	0.8050973	29.107096	7.6280828	7.45523	16621	13.600988	0.9317623	35.37197	6.7485747	6.607174	16309	15.461504	0.8219656	30.80741	7.0555654	6.9512634	16285	16.91782	0.86119545	32.168636	6.492709	6.286686	16395	14.323295	0.6509133	6.2832813	4.990939	4.8511233	15664	10.869879	0.48957458	4.217438	4.858206	4.746516	15660	8.564687	0.47920656	4.4804573	4.017582	3.5899727	15373	14.701503	10.381536	289.28452	4.461626	4.008134	16166	14.501783	11.214772	311.68015	4.2935495	3.8131208	16210	15.001199	10.668826	294.61566
GP3_S28_subsampled_depth_11G_contig_3206	9.404105	9.02512	14081	26.270538	1.149929	41.31464	9.076945	8.733732	14043	26.644712	1.1246982	40.651627	8.769882	8.445056	14059	20.367544	1.0831544	39.159813	9.563523	9.266427	14076	22.450134	1.1969639	45.439693	8.590439	8.335646	14009	17.578714	1.0584959	39.67261	9.883649	9.589713	14046	23.261818	1.2274511	45.84957	6.704278	6.4911485	13946	13.006075	0.6711074	6.478216	5.839506	5.622648	13859	11.157071	0.5740946	4.9455333	5.617356	5.5305424	13783	8.278166	0.55538005	5.1926603	0	0	0	0	0	0	0	0	0	0	0	0	0	0	0	0	0	0
GP3_S28_subsampled_depth_11G_contig_3214	0	0	0	0	0	0	0	0	0	0	0	0	0	0	0	0	0	0	0	0	0	0	0	0	0	0	0	0	0	0	0	0	0	0	0	0	7.180877	7.0678844	5048	10.171335	0.7108178	6.8615456	2.9455948	2.8538566	4680	3.0918622	0.28242984	2.4329898	0	0	0	0	0	0	0	0	0	0	0	0	0	0	0	0	0	0	0	0	0	0	0	0
GP3_S28_subsampled_depth_11G_contig_3241	0	0	0	0	0	0	0	0	0	0	0	0	0	0	0	0	0	0	0	0	0	0	0	0	0	0	0	0	0	0	0	0	0	0	0	0	3629.907	3609.4565	5392	251387.8	360.83688	3483.1685	4025.8665	4006.6086	5392	290207.6	391.70404	3374.332	5172.181	5143.5938	5392	466998.72	504.24246	4714.5337	0	0	0	0	0	0	0	0	0	0	0	0	0	0	0	0	0	0
GP3_S28_subsampled_depth_11G_contig_3249	0	0	0	0	0	0	0	0	0	0	0	0	0	0	0	0	0	0	0	0	0	0	0	0	0	0	0	0	0	0	0	0	0	0	0	0	938.1726	932.8666	6453	39584.133	93.19809	899.6434	867.7233	863.1033	6453	29189.525	84.41714	727.2109	839.7273	833.9487	6453	31611.35	81.80818	764.885	0	0	0	0	0	0	0	0	0	0	0	0	0	0	0	0	0	0
GP3_S28_subsampled_depth_11G_contig_3250	0	0	0	0	0	0	0	0	0	0	0	0	0	0	0	0	0	0	0	0	0	0	0	0	0	0	0	0	0	0	0	0	0	0	0	0	54.45018	54.055027	5399	108.672066	5.3910794	52.040207	100.21738	100.35513	5399	261.9472	9.728919	83.80969	62.06706	61.62307	5399	126.57984	5.9918375	56.022095	0	0	0	0	0	0	0	0	0	0	0	0	0	0	0	0	0	0
GP3_S28_subsampled_depth_11G_contig_2586|provirus_68854_100287	28.242775	28.150305	31426	48.262123	3.485884	125.24078	28.648798	28.270636	31430	59.96145	3.5345259	127.75369	28.94585	28.67492	31425	50.62948	3.5967484	130.03508	29.13697	28.791128	31429	58.93613	3.6578937	138.86258	28.673347	28.38333	31422	48.309208	3.5508826	133.08768	29.297405	29.02376	31433	53.641113	3.6560938	136.56783	21.16916	20.462637	31430	104.37084	2.1506338	20.760126	17.500128	17.102785	31376	85.31864	1.7429441	15.014574	22.6285	22.116068	31399	103.949394	2.2491193	21.028671	0	0	0	0	0	0	0	0	0	0	0	0	0	0	0	0	0	0
GP3_S28_subsampled_depth_11G_contig_3213|provirus_221_53013	41.233894	41.1984	52793	59.037422	5.0334616	180.84206	40.87573	40.745922	52792	59.431026	4.9976006	180.63573	39.85601	39.832394	52789	54.465103	4.8990717	177.1186	40.35093	40.223072	52793	52.74982	4.992059	189.51073	39.429306	39.266132	52793	59.277687	4.8367357	181.28168	39.46213	39.328354	52792	54.679077	4.8500037	181.1645	38.59522	37.118702	52793	285.69843	3.9099348	37.742676	27.862375	26.99618	52754	153.23141	2.7681694	23.846384	33.26332	32.213554	52764	195.04935	3.3065414	30.915304	0	0	0	0	0	0	0	0	0	0	0	0	0	0	0	0	0	0
GP4_S29_subsampled_depth_11G_contig_40	0	0	0	0	0	0	0	0	0	0	0	0	0	0	0	0	0	0	0	0	0	0	0	0	0	0	0	0	0	0	0	0	0	0	0	0	20274.305	19549.691	1309	344368320	1847.9099	17837.922	28894.93	27862.154	1309	698103400	2577.3054	22202.182	28024.018	27065.668	1306	646144100	2505.5767	23426.482	0	0	0	0	0	0	0	0	0	0	0	0	0	0	0	0	0	0
GP4_S29_subsampled_depth_11G_contig_67	103.01997	85.9726	14869	23445.492	12.970105	465.98962	96.614784	80.581474	14860	20987.426	12.195199	440.78934	98.74516	83.3866	14866	21046.395	12.522001	452.71436	98.200554	81.597855	14847	22663.432	12.55835	476.7458	88.82954	74.97962	14852	16699.559	11.257093	421.91763	92.550446	77.36448	14868	19278.254	11.781155	440.06732	8.669135	8.227112	14144	42.254025	0.88839954	8.575746	8.260276	7.630236	14762	43.139412	0.82798743	7.1326942	8.235749	7.763303	14519	41.396923	0.8268316	7.7306542	0	0	0	0	0	0	0	0	0	0	0	0	0	0	0	0	0	0
GP4_S29_subsampled_depth_11G_contig_123	0	0	0	0	0	0	0	0	0	0	0	0	0	0	0	0	0	0	0	0	0	0	0	0	0	0	0	0	0	0	1.9565773	1.898818	1915	2.5211122	0.23621781	8.823559	0	0	0	0	0	0	4.5840783	4.4472814	2499	4.418503	0.4435632	3.8210723	0	0	0	0	0	0	0	0	0	0	0	0	0	0	0	0	0	0	0	0	0	0	0	0
GP4_S29_subsampled_depth_11G_contig_134	0	0	0	0	0	0	0	0	0	0	0	0	0	0	0	0	0	0	0	0	0	0	0	0	0	0	0	0	0	0	0	0	0	0	0	0	42.616882	36.327137	4154	1866.6127	4.6409454	44.79917	33.044456	28.399555	4154	973.96356	3.5152078	30.28172	29.063187	25.465872	4154	667.724	3.041608	28.438255	0	0	0	0	0	0	0	0	0	0	0	0	0	0	0	0	0	0
GP4_S29_subsampled_depth_11G_contig_175	314.2105	313.19736	10744	15385.115	39.44993	1417.3563	320.41986	319.29584	10744	16319.362	40.325165	1457.5327	292.53513	290.7003	10744	14294.889	37.19478	1344.7214	342.91052	341.2564	10744	13583.923	43.61141	1655.5955	348.89655	347.11356	10744	14029.702	43.936893	1646.7623	344.2051	343.5238	10744	14423.575	43.57157	1627.5499	11.984237	11.8644085	10744	17.641685	1.2238669	11.814017	9.11431	8.873427	10744	17.882624	0.92578375	7.9751616	15.222673	15.100671	10744	30.98591	1.5468478	14.462625	0	0	0	0	0	0	0	0	0	0	0	0	0	0	0	0	0	0
GP4_S29_subsampled_depth_11G_contig_196	27.897968	26.656141	2030	558.3039	3.4506707	123.97567	50.181942	48.593987	2243	1782.8555	6.0069933	217.11975	70.588715	67.49273	2123	3557.127	8.617481	311.55206	8.525959	7.8200502	1781	81.0489	1.0518	39.928894	10.662302	9.6501255	0	129.86694	0	0	13.576073	13.198496	1896	123.77459	1.6692122	62.35089	65943.09	66236.164	2365	2277631200	6270.34	60527.73	64964.406	65215.223	2365	2195764500	6044.6763	52071.836	47756.266	47931.38	2365	1181315800	4450.273	41608.887	0	0	0	0	0	0	0	0	0	0	0	0	0	0	0	0	0	0
GP4_S29_subsampled_depth_11G_contig_292	0	0	0	0	0	0	0	0	0	0	0	0	0	0	0	0	0	0	0	0	0	0	0	0	0	0	0	0	0	0	0	0	0	0	0	0	9.181225	9.106803	5050	16.726902	0.94765425	9.147728	5.5465307	5.4331064	5050	6.5410066	0.5355749	4.6137066	5.987551	5.889796	5030	6.7165236	0.60715514	5.676742	0	0	0	0	0	0	0	0	0	0	0	0	0	0	0	0	0	0
GP4_S29_subsampled_depth_11G_contig_313	0	0	0	0	0	0	0	0	0	0	0	0	0	0	0	0	0	0	0	0	0	0	0	0	0	0	0	0	0	0	0	0	0	0	0	0	6117.003	4820.069	2019	90755850	633.9012	6119.0654	8102.571	6471.4	2073	153750530	822.0568	7081.6035	8177.856	6459.7666	2023	159972820	827.20605	7734.161	0	0	0	0	0	0	0	0	0	0	0	0	0	0	0	0	0	0
GP4_S29_subsampled_depth_11G_contig_354	38.76818	38.056263	12680	216.92479	4.7429833	170.40576	34.836365	34.41981	12680	125.60874	4.2801266	154.70305	36.373844	36.044834	12662	181.44159	4.4808574	161.99867	30.565948	30.256956	12668	136.36725	3.7960792	144.1085	29.479984	28.968546	12686	129.30505	3.6237514	135.81877	30.196012	29.838915	12675	119.413826	3.7359445	139.55054	7.4793463	7.3434343	12508	16.662384	0.7697058	7.42999	6.724242	6.555024	12638	12.776492	0.6696791	5.7689486	8.389315	8.13654	12634	17.966295	0.84858143	7.9340143	0	0	0	0	0	0	0	0	0	0	0	0	0	0	0	0	0	0
GP4_S29_subsampled_depth_11G_contig_363	0	0	0	0	0	0	1.3470116	1.2913775	0	1.1660825	0	0	0	0	0	0	0	0	3.6253345	3.6184342	1110	4.7345004	0.4089517	15.524805	1.719893	1.6402378	972	1.5786128	0.18798813	7.0458255	0	0	0	0	0	0	0	0	0	0	0	0	2.5414808	2.4846382	1226	1.380644	0.23256531	2.003433	0	0	0	0	0	0	0	0	0	0	0	0	0	0	0	0	0	0	0	0	0	0	0	0
GP4_S29_subsampled_depth_11G_contig_440	89.61058	82.61186	10265	3009.188	12.361154	444.11136	81.92585	74.671936	10265	2906.4026	11.311121	408.8348	85.596146	78.65151	10253	2838.5818	11.864011	428.92557	78.2781	72.49346	10260	2453.3582	11.015119	418.1608	72.922295	67.4045	10252	1983.2916	10.094826	378.35568	79.18161	73.43976	10265	2269.5981	10.910137	407.5317	7.049728	6.844701	10061	15.010876	0.75593805	7.297087	7.1228867	6.8579903	10236	16.056583	0.74581534	6.4248238	7.525358	6.8461285	9967	38.720806	0.81528646	7.6227145	2.3634207	2.1169686	8520	5.580588	7.308318	203.64853	0	0	0	0	0	0	0	0	0	0	0	0
GP4_S29_subsampled_depth_11G_contig_464	0	0	0	0	0	0	0	0	0	0	0	0	0	0	0	0	0	0	0	0	0	0	0	0	0	0	0	0	0	0	0	0	0	0	0	0	0	0	0	0	0	0	4.404163	4.3455243	1303	3.3642883	0.39699417	3.4199061	0	0	0	0	0	0	0	0	0	0	0	0	0	0	0	0	0	0	0	0	0	0	0	0
GP4_S29_subsampled_depth_11G_contig_468	0	0	0	0	0	0	2.546846	2.4637382	2399	3.4689586	0.3693418	13.349681	1.802165	1.6411107	2372	2.46122	0.27382022	9.899564	0	0	0	0	0	0	1.6420306	1.4956486	2139	2.2866719	0.23388492	8.766046	1.6088092	1.5826771	2450	0.91636753	0.22170469	8.281443	5159.8037	5163.8306	2829	83221.27	535.86615	5172.73	3680.7246	3692.129	2829	58056.17	374.24222	3223.9092	4075.816	4077.9226	2829	80354.125	415.05164	3880.6243	0	0	0	0	0	0	0	0	0	0	0	0	0	0	0	0	0	0
GP4_S29_subsampled_depth_11G_contig_481	0	0	0	0	0	0	0	0	0	0	0	0	0	0	0	0	0	0	0	0	0	0	0	0	0	0	0	0	0	0	0	0	0	0	0	0	2832.1846	2813.3235	2815	120288.58	303.92902	2933.834	2029.8634	2019.8745	2815	67826.81	213.1612	1836.2764	2286.212	2269.4019	2815	98139.016	240.41606	2247.8274	0	0	0	0	0	0	0	0	0	0	0	0	0	0	0	0	0	0
GP4_S29_subsampled_depth_11G_contig_583	221.83116	216.00986	10740	10276.489	28.106075	1009.79456	225.92314	219.22672	10740	11432.763	28.583755	1033.1454	232.02144	225.17729	10740	11977.186	29.552929	1068.4421	247.79802	241.86897	10740	13404.665	31.730774	1204.5776	241.1341	235.30444	10740	12070.936	30.620447	1147.6597	251.16685	244.30046	10740	14064.047	32.023125	1196.1757	16.112465	15.598511	10740	64.564285	1.6628861	16.051886	13.201983	12.92992	10740	36.30494	1.3747436	11.842714	13.85694	13.463177	10740	50.95743	1.4384698	13.449316	9.941926	9.315044	10423	68.849304	28.746342	801.0252	8.826062	8.131242	10519	74.029236	22.931925	637.32245	12.382436	11.634914	10740	115.977066	31.264793	863.36566
GP4_S29_subsampled_depth_11G_contig_644	0	0	0	0	0	0	0	0	0	0	0	0	0	0	0	0	0	0	0	0	0	0	0	0	0	0	0	0	0	0	0	0	0	0	0	0	376.71405	328.5827	1063	258288.88	41.52726	400.8636	396.43823	346.4154	1331	281098.94	42.61874	367.13882	270.61252	237.47462	1119	130385.37	28.768217	268.9753	0	0	0	0	0	0	0	0	0	0	0	0	0	0	0	0	0	0
GP4_S29_subsampled_depth_11G_contig_674	168.8228	162.84232	24693	3064.4277	20.872234	749.89734	172.62874	166.06044	24693	3314.5237	21.334593	771.1282	183.11017	175.78238	24693	3828.4053	22.771416	823.26654	189.77228	182.96423	24693	3788.9287	23.800325	903.5185	181.88354	174.55032	24693	3802.2244	22.593044	846.791	187.3009	179.52837	24693	4060.7598	23.304516	870.5048	38.986797	36.240074	24693	964.4497	3.9372597	38.00646	33.331703	31.322287	24693	560.5663	3.294913	28.38401	37.256	34.864864	24693	697.734	3.6927123	34.525898	8.115512	7.6139255	24624	32.381447	23.647547	658.94586	5.441592	4.9733353	23230	22.69269	13.606369	378.14734	8.920303	8.314681	24430	42.1546	21.926235	605.4848
GP4_S29_subsampled_depth_11G_contig_872	12.677604	12.363513	64723	54.86332	1.5483508	55.629135	12.582384	12.2192955	65377	55.339836	1.5343142	55.457035	12.8483095	12.450636	65219	57.94945	1.5742887	56.916035	13.565834	13.192685	65512	60.91655	1.6770022	63.66311	13.198128	12.659359	65565	65.09571	1.6143099	60.50458	13.318133	12.961294	64962	62.661976	1.6331445	61.003674	13.246255	12.516376	65611	88.218864	1.3401961	12.936943	11.579553	11.069918	65190	61.8463	1.142983	9.846216	12.015408	11.480376	65438	68.37287	1.1873643	11.101545	0	0	0	0	0	0	0	0	0	0	0	0	0	0	0	0	0	0
GP4_S29_subsampled_depth_11G_contig_905	50.08308	47.20232	32709	2490.4397	7.0235143	252.34058	49.566204	46.294285	32709	2515.4634	6.9588256	251.5232	50.10624	46.617435	32709	3032.7764	7.175295	259.41214	50.85144	47.213	32709	3527.8748	7.3944073	280.70978	48.73408	45.023476	32709	3470.3613	7.05813	264.53995	49.67026	45.962463	32709	3181.5168	7.1737914	267.96628	55.30127	51.974068	32709	1000.8015	5.7037826	55.058746	43.466076	40.827946	32709	629.4421	4.4073343	37.966938	55.106697	52.15912	32709	931.35254	5.575025	52.124992	0	0	0	0	0	0	0	0	0	0	0	0	0	0	0	0	0	0
GP4_S29_subsampled_depth_11G_contig_1197	11265.272	11410.666	64332	22177828	1370.2246	49229.42	11064.357	11213.478	64335	21175732	1345.3469	48626.887	10766.111	10903.225	64342	20784482	1317.1913	47621.074	10659.413	10793.002	64352	20464192	1313.0239	49845.598	10135.353	10262.725	64356	18219966	1236.8286	46356.535	10343.174	10476.058	64268	19132024	1266.0518	47291.44	12905.547	12685.788	64356	42655100	1300.903	12557.645	9927.264	9746.614	64356	25715704	979.3436	8436.551	11738.673	11533.513	64356	35082244	1160.1658	10847.244	16.436346	16.175251	63864	73.7532	42.620964	1187.6454	17.185575	17.015108	63637	74.82221	42.028187	1168.0446	14.192553	14.114578	63106	46.903526	33.919987	936.68805
GP4_S29_subsampled_depth_11G_contig_1319	0	0	0	0	0	0	0	0	0	0	0	0	0	0	0	0	0	0	2.3006086	2.1378999	2115	4.272828	0.2697562	10.2406025	1.8608519	1.7512393	2078	2.183958	0.21788268	8.166273	2.2486815	2.1748536	2031	2.8443825	0.26101106	9.749674	0	0	0	0	0	0	1.7204868	1.6264083	2012	1.8118571	0.16390297	1.4119415	0	0	0	0	0	0	0	0	0	0	0	0	0	0	0	0	0	0	0	0	0	0	0	0
GP4_S29_subsampled_depth_11G_contig_1681	74.10871	57.043797	11737	15338.726	11.056835	397.24988	79.04923	61.004833	11750	17436.264	11.688358	422.46985	80.01101	61.252155	11741	18710.7	12.04772	435.56738	87.344826	66.64139	11743	20968.715	13.181654	500.40784	91.55269	70.64584	11741	22123.137	13.568187	508.5378	90.22545	69.32922	11739	22233.3	13.507797	504.5632	5.68598	4.9362974	11225	67.099365	0.76316625	7.3668623	6.2838125	5.5237465	11401	65.42925	0.80316746	6.918884	5.629405	4.7564697	11245	100.331245	0.8024492	7.502689	14.457804	10.959048	11514	653.5947	47.708813	1329.42	9.717553	7.2034316	10814	320.68723	29.825115	828.8974	16.107262	12.408285	11680	735.96313	45.768143	1263.8706
GP4_S29_subsampled_depth_11G_contig_1761	0	0	0	0	0	0	0	0	0	0	0	0	0	0	0	0	0	0	2.3522975	2.2736843	1464	2.3568177	0.2807102	10.6564455	0	0	0	0	0	0	0	0	0	0	0	0	1.8417214	1.8421053	1298	1.3435426	0.1985102	1.9162248	6.0452223	6.0032387	1521	5.373135	0.60245275	5.189829	0	0	0	0	0	0	0	0	0	0	0	0	0	0	0	0	0	0	0	0	0	0	0	0
GP4_S29_subsampled_depth_11G_contig_1806	20.189653	19.500803	20213	108.509094	2.48324	89.21776	18.770075	18.437946	20213	67.53447	2.3053205	83.32466	20.21582	19.703882	20213	106.80079	2.4992542	90.356766	21.789612	21.473944	20213	103.11499	2.7110972	102.9199	20.879728	20.51642	20213	85.03471	2.5660133	96.174644	22.0952	21.42665	20211	117.70412	2.7342608	102.13416	15.878383	15.616769	20198	64.59314	1.6140094	15.58007	14.105866	13.622141	20213	58.081898	1.39584	12.024462	16.162039	15.863654	20187	77.84688	1.5982534	14.94325	0	0	0	0	0	0	0	0	0	0	0	0	0	0	0	0	0	0
GP4_S29_subsampled_depth_11G_contig_1857	242.59515	240.0922	13165	4524.1074	30.282614	1087.993	236.46324	234.43509	13165	3999.8623	29.628992	1070.925	233.32985	231.08844	13165	3848.9011	29.343283	1060.8627	218.28667	216.01254	13165	3129.1323	27.71339	1052.0681	201.929	200.57977	13165	2703.8438	25.309622	948.60876	213.03865	211.37004	13165	3106.0273	26.825064	1002.0098	13.36335	13.007171	13165	50.73049	1.3726357	13.250088	11.4559355	11.164148	13165	39.186596	1.1507038	9.912734	17.619516	17.317371	13136	81.879036	1.7788188	16.631495	4.522397	3.859411	12217	62.7539	14.520049	404.6054	3.2318864	2.4353392	10558	69.58938	10.470812	291.00394	4.6106033	3.8593256	12839	55.53131	13.435605	371.0192
GP4_S29_subsampled_depth_11G_contig_2041	58.372147	56.74	14432	188.23535	7.138877	256.4855	54.44861	53.067215	14432	154.94006	6.648042	240.29025	58.777622	56.933872	14432	219.95056	7.249958	262.1113	49.174976	47.47643	14432	159.05287	6.0879283	231.11264	48.989006	47.935116	14432	106.85057	6.004652	225.05536	48.021076	46.566437	14432	151.005	5.904054	220.53702	34.62435	33.492687	14432	131.51823	3.4906936	33.695755	28.73057	27.87109	14432	106.869194	2.8520637	24.569094	31.972624	30.818811	14432	133.31703	3.1878338	29.805422	0	0	0	0	0	0	0	0	0	0	0	0	0	0	0	0	0	0
GP4_S29_subsampled_depth_11G_contig_2355	0	0	0	0	0	0	0	0	0	0	0	0	0	0	0	0	0	0	0	0	0	0	0	0	0	0	0	0	0	0	0	0	0	0	0	0	0	0	0	0	0	0	4.0878925	3.9860697	1265	6.1718016	0.37386942	3.2206957	0	0	0	0	0	0	0	0	0	0	0	0	0	0	0	0	0	0	0	0	0	0	0	0
GP4_S29_subsampled_depth_11G_contig_2703	0	0	0	0	0	0	0	0	0	0	0	0	0	0	0	0	0	0	0	0	0	0	0	0	0	0	0	0	0	0	0	0	0	0	0	0	0	0	0	0	0	0	4.6630077	4.542683	1972	3.9511728	0.43469194	3.7446513	0	0	0	0	0	0	0	0	0	0	0	0	0	0	0	0	0	0	0	0	0	0	0	0
GP4_S29_subsampled_depth_11G_contig_2747	0	0	0	0	0	0	0	0	0	0	0	0	0	0	0	0	0	0	0	0	0	0	0	0	0	0	0	0	0	0	0	0	0	0	0	0	22.781235	22.757988	2266	42.470047	2.1737652	20.983416	8.121169	8.029859	2271	9.460311	0.7809525	6.727509	11.039604	11.077527	2271	18.226732	1.0566194	9.879118	0	0	0	0	0	0	0	0	0	0	0	0	0	0	0	0	0	0
GP4_S29_subsampled_depth_11G_contig_2792	0	0	0	0	0	0	0	0	0	0	0	0	0	0	0	0	0	0	0	0	0	0	0	0	0	0	0	0	0	0	0	0	0	0	0	0	2.6296124	2.5409837	2091	2.8544436	0.25399968	2.4518661	8.939575	8.783812	2245	11.184623	0.83525366	7.19529	6.6010146	6.557377	2297	9.8716545	0.6198392	5.7953343	0	0	0	0	0	0	0	0	0	0	0	0	0	0	0	0	0	0
GP5_S30_subsampled_depth_11G_contig_38	106.14942	104.43459	12775	4878.416	12.796658	459.75806	102.077126	99.9986	12743	4313.611	12.299095	444.54462	103.39132	101.61468	12732	4227.127	12.546484	453.59943	95.41729	93.97317	12770	4056.2979	11.648846	442.2186	93.65888	92.016624	12754	3742.897	11.336323	424.8873	98.54779	97.12879	12762	4402.272	11.946826	446.2556	10.560456	10.097123	11599	76.85739	1.0537801	10.172166	9.80521	9.016099	10978	89.78531	0.95762163	8.249424	11.575976	10.971584	12321	84.01951	1.1301302	10.566421	0	0	0	0	0	0	0	0	0	0	0	0	0	0	0	0	0	0
GP5_S30_subsampled_depth_11G_contig_126	5.4002714	5.344048	2144	11.351476	0.6524661	23.441801	13.047037	12.563536	2357	38.164303	1.6770434	60.615875	13.430122	12.259167	2338	93.46513	1.7576635	63.545673	0	0	0	0	0	0	2.7919493	2.6845806	2111	3.4037542	0.3425227	12.83781	1.8552691	1.7262682	1870	2.4532516	0.25783798	9.631145	21550.664	20905.992	2361	39883588	2113.7683	20404.258	22319.564	21716.766	2361	37919024	2139.4443	18430.23	15697.78	15271.365	2361	19920538	1508.408	14103.221	0	0	0	0	0	0	0	0	0	0	0	0	0	0	0	0	0	0
GP5_S30_subsampled_depth_11G_contig_288	166.47673	147.41225	13662	25622.143	21.857784	785.3061	159.48524	140.72684	13663	23243.81	20.867712	754.25305	160.13608	141.71895	13660	23390.93	21.101322	762.8867	147.87495	130.53456	13663	20211.063	19.604074	744.21875	133.49745	117.72273	13662	16655.45	17.56035	658.1649	144.13925	127.54624	13664	18634.438	19.049213	711.5547	9.8500185	9.094205	13580	53.843643	1.0550567	10.1844845	9.499223	8.651131	13452	60.16448	0.99828047	8.599677	13.68768	12.548294	13648	115.54838	1.4308201	13.377796	3.8520162	3.440033	11386	16.126982	11.613313	323.6084	2.9678135	2.5074394	10570	12.417715	8.016348	222.78983	3.5882354	3.0094533	11590	17.524162	9.497527	262.2706
GP5_S30_subsampled_depth_11G_contig_434	1274.898	1097.7218	125444	1428891.4	155.32231	5580.417	1307.8213	1134.1171	125444	1413825.1	159.26698	5756.625	1244.9331	1064.1693	125444	1458614.8	152.55315	5515.329	1755.7126	1585.9719	125445	1389289.5	216.60106	8222.705	1806.4236	1646.9229	125444	1304914.9	220.80174	8275.685	1758.7534	1590.336	125444	1390598	215.60979	8053.776	986.71545	864.8717	125538	813206.3	99.571266	961.16376	822.8267	724.7402	125530	530927.2	81.28839	700.25854	876.5759	762.89606	125637	692212.2	86.76732	811.25195	2.965598	2.7521493	108305	6.2668386	7.7940893	217.18459	2.924247	2.7012014	111187	5.9274173	7.1800413	199.54721	3.1367314	2.9323707	113878	5.9828506	7.5057435	207.26822
GP5_S30_subsampled_depth_11G_contig_884	0	0	0	0	0	0	7.816686	7.5215125	834	50.300472	0.9339479	33.75709	11.0658045	10.599739	956	92.318016	1.4187499	51.292797	0	0	0	0	0	0	0	0	0	0	0	0	0	0	0	0	0	0	43724.184	43458.09	1001	711399200	4005.7083	38667.195	60728.348	60479.594	1001	1329034600	5444.3877	46900.645	60090.836	59736.87	1001	1265656800	5397.0713	50461.21	0	0	0	0	0	0	0	0	0	0	0	0	0	0	0	0	0	0
GP5_S30_subsampled_depth_11G_contig_1151	14010.004	13057.875	76306	103291130	1723.2957	61914.523	13942.279	12982.743	76305	102075336	1714.4515	61967.98	13982.129	13010.615	76409	105578790	1730.0621	62547.816	15329.75	14589.333	76305	87191910	1906.3308	72368.98	15107.997	14271.283	76305	86369830	1862.0724	69790.78	15435.786	14634.13	76307	93009510	1907.6791	71258.484	11662.2705	10650.253	76357	77015540	1181.0679	11400.879	9825.762	8938.594	76306	55399496	974.13043	8391.643	10636.395	9665.306	76437	65978476	1056.656	9879.458	55.733402	54.68552	76337	533.70966	146.76608	4089.68	52.825108	52.129787	76303	363.63684	129.99553	3612.827	62.91874	62.26323	76303	469.33276	151.28867	4177.7817
GP5_S30_subsampled_depth_11G_contig_1168	3.223146	3.1043508	18098	4.7608175	0.3885412	13.959505	3.1788042	3.0903804	18541	3.978087	0.3855722	13.936307	3.2934053	3.1544163	18077	5.020817	0.40203333	14.534913	3.089043	2.979814	17802	4.474056	0.37911677	14.392193	3.2821145	3.1947882	18451	4.1164145	0.39782375	14.910495	3.5512958	3.4636483	18660	4.2276726	0.4312317	16.108011	3.837208	3.7483606	18072	5.6459465	0.38674003	3.7332125	2.3896844	2.2540343	16212	3.7811606	0.236352	2.036052	3.0289967	2.9341962	18006	4.3692575	0.29496235	2.757822	0	0	0	0	0	0	0	0	0	0	0	0	0	0	0	0	0	0
GP5_S30_subsampled_depth_11G_contig_1311	0	0	0	0	0	0	0	0	0	0	0	0	0	0	0	0	0	0	0	0	0	0	0	0	0	0	0	0	0	0	0	0	0	0	0	0	5.202756	5.032787	2162	6.3163295	0.50506836	4.875439	7.7854333	7.8142076	2165	8.994803	0.7518457	6.4767704	6.2613187	6.190164	2182	3.7903683	0.6041656	5.64879	0	0	0	0	0	0	0	0	0	0	0	0	0	0	0	0	0	0
GP5_S30_subsampled_depth_11G_contig_1527	97.840675	94.86828	79232	3497.3303	11.921063	428.29977	104.267296	100.86897	79227	4265.6313	12.691878	458.74155	107.807884	104.300476	79232	4270.5435	13.211285	477.63434	104.83355	101.19211	79232	4616.2793	12.934601	491.0291	110.041084	106.39066	79232	4671.6304	13.447077	503.99866	105.01099	101.566315	79232	4332.224	12.878211	481.04614	64.919426	61.49334	79225	1374.8799	6.5579343	63.30391	55.67153	53.25217	79211	938.82355	5.5137825	47.498425	61.767986	59.180332	79232	1073.4891	6.121415	57.23364	0	0	0	0	0	0	0	0	0	0	0	0	0	0	0	0	0	0
GP5_S30_subsampled_depth_11G_contig_1541	138.90286	138.57452	11958	224.16702	17.096731	614.2511	135.16193	135.09268	11958	155.45473	16.672365	602.6143	133.51906	133.42209	11958	171.38884	16.55588	598.55316	125.5227	125.25884	11958	148.5485	15.6651745	594.68835	113.42378	113.38634	11958	203.8008	14.002078	524.8001	119.413704	119.104256	11958	206.32802	14.84348	554.4556	6.6465955	6.437241	11871	12.761773	0.6830001	6.593016	5.587229	5.478171	11671	9.258589	0.57595414	4.961552	8.71731	8.557489	11958	12.165866	0.88566244	8.280709	4.5439534	4.194486	11564	15.491927	17.73503	494.1917	3.159807	2.8414564	11126	13.747051	14.017684	389.57864	4.9652777	4.7006965	11701	15.698635	18.609943	513.90674
GP5_S30_subsampled_depth_11G_contig_2491	29.571829	30.128609	12654	84.83027	3.5913012	129.0282	28.626749	28.87077	12633	90.91161	3.481141	125.824165	28.217764	28.542944	12655	82.53734	3.4442706	124.522514	27.359581	27.304913	12643	93.68456	3.3654475	127.760635	26.04157	26.163248	12657	71.80017	3.1839914	119.336464	26.845951	26.987032	12637	77.643906	3.2918932	122.96373	8.655688	8.099743	11879	41.609215	0.87534386	8.449718	8.245983	7.8056664	12362	35.259842	0.8102529	6.979923	10.525941	10.012701	12608	46.727283	1.0367047	9.692918	0	0	0	0	0	0	0	0	0	0	0	0	0	0	0	0	0	0
GP5_S30_subsampled_depth_11G_contig_2495	45221.42	45914.15	22295	178254510	5544.852	199215.33	45035.79	45713.32	22295	177146180	5520.3984	199532	44748.47	45428.715	22295	175185490	5519.22	199539.14	39403.27	39974.875	22295	138034160	4892.015	185712.83	41416.145	42029.855	22295	150238910	5093.715	190913.23	40557.68	41156.29	22295	145173400	5003.3364	186892.03	20549.031	20661.914	22295	53685348	2081.6472	20094.186	17895.736	17994.02	22295	40622944	1774.1019	15282.994	20561.129	20662.543	22295	54678190	2041.771	19090.021	52.75227	53.357834	22295	254.17233	136.3098	3798.3127	59.848362	60.227585	22295	387.10947	147.56573	4101.137	65.406906	66.05434	22295	453.31757	157.7046	4354.953
GP5_S30_subsampled_depth_11G_contig_2733	3.253268	3.1505878	11955	5.0236254	0.39634264	14.239787	3.214986	3.0416667	12181	5.0636525	0.39899078	14.42132	3.162932	3.0336273	12109	4.7260776	0.38725916	14.000782	2.6203704	2.5323305	11679	3.3201144	0.32552493	12.357721	2.9561937	2.8368776	11545	4.574145	0.36046466	13.510277	3.0967944	3.0286133	12322	3.479542	0.3788175	14.150157	5.1300964	5.0848894	12462	7.201502	0.5224977	5.043681	4.594071	4.432573	12646	7.603708	0.45695812	3.9364645	4.2502337	3.9783885	12007	9.89458	0.42379272	3.962351	0	0	0	0	0	0	0	0	0	0	0	0	0	0	0	0	0	0
GP5_S30_subsampled_depth_11G_contig_2774	952.17773	878.04926	62558	267753.8	115.893074	4163.8047	934.5739	865.32294	62582	241025.23	113.70087	4109.6606	951.90674	875.1924	62554	284915.44	116.51208	4212.3193	1022.9877	906.1796	62581	501437.97	126.09256	4786.7817	976.8429	866.42413	62582	451333	119.28173	4470.6987	1016.7806	905.10236	62671	470676.66	124.53441	4651.7935	409.78372	413.67844	62630	25642.709	41.31046	398.77084	345.27588	347.5824	62648	18019.164	34.092407	293.68878	397.32172	400.06335	62729	22450.273	39.28411	367.29608	21.091644	21.098148	61951	41.447155	55.185562	1537.7615	16.589495	16.624754	61883	27.916264	40.68635	1130.7524	21.43911	21.533707	62057	37.918118	51.557762	1423.7487
GP5_S30_subsampled_depth_11G_contig_3270	6.2327366	6.06881	30366	10.146998	0.7657022	27.510149	7.1656284	6.9911013	30224	12.915774	0.87419397	31.59729	6.285969	6.0774894	30270	11.678057	0.7785466	28.147175	5.945285	5.823928	29820	9.970437	0.74219847	28.175669	6.17077	6.03186	30132	11.151633	0.76076204	28.513477	5.5125747	5.314425	30127	10.147736	0.6800675	25.402893	16.370316	15.582488	30469	129.35416	1.6478671	15.9069	13.810838	13.114476	30331	94.74881	1.3587526	11.704966	19.328753	18.306662	30489	171.44806	1.9078246	17.837666	4.4475756	4.312557	29683	6.72224	11.98338	333.92032	4.8303175	4.7162266	30110	6.2954216	12.032539	334.4076	5.06167	4.924049	30166	7.3355384	12.168848	336.03833
GP5_S30_subsampled_depth_11G_contig_3348	0	0	0	0	0	0	0	0	0	0	0	0	0	0	0	0	0	0	0	0	0	0	0	0	0	0	0	0	0	0	0	0	0	0	0	0	153.50844	153.11746	4538	591.8386	15.559116	150.19252	102.670006	102.510124	4538	385.19308	10.174358	87.646965	101.324524	101.59646	4538	307.28607	10.014092	93.62915	2.50866	2.3146834	3914	4.370794	6.6761775	186.03357	1.6369644	1.5488608	3738	1.7494153	3.969187	110.31137	2.8972197	2.8167088	4154	3.3290732	6.892356	190.32994
GP5_S30_subsampled_depth_11G_contig_3604	0	0	0	0	0	0	0	0	0	0	0	0	0	0	0	0	0	0	0	0	0	0	0	0	0	0	0	0	0	0	0	0	0	0	0	0	0	0	0	0	0	0	0	0	0	0	0	0	6.522149	6.4769635	2258	7.64331	0.61283034	5.7297997	0	0	0	0	0	0	0	0	0	0	0	0	0	0	0	0	0	0
M1_S25_subsampled_depth_11G_contig_1492	37.702	37.52489	24076	59.730534	4.62054	166.00667	35.653137	35.49429	24076	55.427753	4.3908863	158.70633	36.037533	35.95983	24076	49.43181	4.443935	160.6638	31.793655	31.643541	24076	52.111683	3.96313	150.45013	30.502382	30.36844	24076	40.161148	3.7566586	140.80019	31.728413	31.48435	24076	40.49417	3.9199014	146.42201	0	0	0	0	0	0	0	0	0	0	0	0	0	0	0	0	0	0	45.51492	45.22049	24076	87.7982	119.38027	3326.5674	49.496574	49.51435	24076	74.32543	122.67936	3409.497	48.347946	48.101097	24076	91.55327	117.667046	3249.3323
M1_S25_subsampled_depth_11G_contig_1729	0	0	0	0	0	0	0	0	0	0	0	0	0	0	0	0	0	0	0	0	0	0	0	0	0	0	0	0	0	0	0	0	0	0	0	0	0	0	0	0	0	0	0	0	0	0	0	0	0	0	0	0	0	0	18.154999	13.331449	14692	899.98785	56.1188	1563.7671	20.196053	15.620798	14679	913.57135	60.97398	1694.5845	19.539541	14.564181	14692	995.3559	58.11599	1604.8518
M1_S25_subsampled_depth_11G_contig_2197	0	0	0	0	0	0	0	0	0	0	0	0	0	0	0	0	0	0	0	0	0	0	0	0	0	0	0	0	0	0	0	0	0	0	0	0	0	0	0	0	0	0	0	0	0	0	0	0	0	0	0	0	0	0	355.57495	312.6609	14976	56544.977	952.8827	26552.35	414.52893	366.84998	14976	68722.62	1078.7067	29979.342	395.33954	347.1998	14976	69630.72	1005.0531	27754.17
M1_S25_subsampled_depth_11G_contig_2741	7.0919237	6.729762	12633	21.457949	0.8767629	31.50032	6.524647	6.2831554	12960	11.263439	0.80475575	29.087505	7.05317	6.714175	12700	19.659523	0.87612045	31.67483	7.1473417	6.9058733	12763	18.579403	0.89318645	33.907543	6.4547358	6.1647434	12805	15.786301	0.8040661	30.136518	6.620679	6.2849636	13048	15.574267	0.81409353	30.409227	3.9511704	3.6562178	12290	9.558114	0.40367365	3.8966706	2.8289413	2.5790563	11679	5.8878746	0.27629516	2.3801432	3.600062	3.3322425	11924	8.332557	0.3608866	3.3741949	5.1585803	4.9008784	12789	11.2508745	27.49534	766.1655	5.31778	5.018171	12806	13.349592	25.009548	695.06354	6.1306	5.9193077	13026	12.413529	27.076307	747.7025
M1_S25_subsampled_depth_11G_contig_2843	7.2723136	6.952803	10467	34.521236	0.92300814	33.161808	6.746138	6.351735	10200	31.83547	0.86047983	31.101608	7.481634	7.1270022	9743	39.141968	0.95172375	34.408157	7.357621	7.0067697	10251	39.341064	0.94060034	35.707478	7.316083	6.908467	9872	37.976044	0.93906224	35.19622	6.8501544	6.4986653	9392	36.224564	0.8831242	32.987755	0	0	0	0	0	0	0	0	0	0	0	0	0	0	0	0	0	0	52.812305	52.50372	11802	85.45348	134.15967	3738.3984	69.12985	69.151695	11802	89.409325	167.72586	4661.4253	61.602642	61.636726	11802	97.14454	146.55232	4046.9883
M1_S25_subsampled_depth_11G_contig_3242	0	0	0	0	0	0	0	0	0	0	0	0	0	0	0	0	0	0	0	0	0	0	0	0	0	0	0	0	0	0	0	0	0	0	0	0	0	0	0	0	0	0	0	0	0	0	0	0	0	0	0	0	0	0	5.562677	5.1262355	9536	18.976658	38.68197	1077.8844	5.902345	5.5379605	9942	15.95427	40.30297	1120.0974	5.297715	4.915768	9982	13.913277	40.132698	1108.2494
M1_S25_subsampled_depth_11G_contig_3327	23122.896	22614.19	14400	34361960	2839.897	102031.75	23041.174	22527.328	14400	33687070	2829.0742	102255.46	22963.227	22444.871	14400	33219770	2837.2415	102576.21	20052.668	19599.986	14400	25765252	2494.3345	94691.055	21087.02	20611.164	14400	27817264	2598.0752	97376.28	20610.28	20145.371	14400	27533064	2548.2102	95184.53	11936.127	11289.412	14400	25871520	1211.8541	11698.06	10470.698	9902.793	14400	19824854	1040.6716	8964.86	12125.168	11459.742	14400	27378878	1206.7697	11282.98	24.958527	24.56627	14400	65.770386	64.79583	1805.5547	27.410175	26.855606	14400	89.104324	67.74986	1882.8995	31.861334	31.214954	14400	109.201035	77.17017	2131.0261
M1_S25_subsampled_depth_11G_contig_3362	0	0	0	0	0	0	0	0	0	0	0	0	0	0	0	0	0	0	0	0	0	0	0	0	0	0	0	0	0	0	0	0	0	0	0	0	0	0	0	0	0	0	0	0	0	0	0	0	0	0	0	0	0	0	5.889798	5.774953	39921	8.500973	15.290915	426.08572	4.41738	4.318365	39585	5.9689	10.775193	299.46356	6.1761093	6.0702996	39940	8.300246	14.778479	408.10226
M1_S25_subsampled_depth_11G_contig_3487	0	0	0	0	0	0	0	0	0	0	0	0	0	0	0	0	0	0	0	0	0	0	0	0	0	0	0	0	0	0	0	0	0	0	0	0	0	0	0	0	0	0	0	0	0	0	0	0	0	0	0	0	0	0	50.6146	48.18564	22366	1491.1964	150.05179	4181.2373	55.465115	53.00085	22366	1683.5045	156.71202	4355.331	52.07945	49.169685	22366	1722.2965	147.222	4065.4805
M1_S25_subsampled_depth_11G_contig_4773	0	0	0	0	0	0	0	0	0	0	0	0	0	0	0	0	0	0	0	0	0	0	0	0	0	0	0	0	0	0	0	0	0	0	0	0	0	0	0	0	0	0	0	0	0	0	0	0	0	0	0	0	0	0	120.39048	114.33433	19831	2127.7385	320.96964	8943.912	127.657486	121.968895	19831	1911.8335	327.14886	9092.1	113.38997	106.75063	19831	2332.1045	286.34393	7907.2827
M1_S25_subsampled_depth_11G_contig_5369	6.572257	6.35188	24226	11.444607	0.8107702	29.129337	6.564056	6.420636	23996	11.135311	0.79759127	28.828547	6.7559543	6.6793227	24224	8.929422	0.8328652	30.111008	6.149733	6.0566525	24169	7.198645	0.7626213	28.950956	6.056828	5.982926	24133	7.810372	0.74976504	28.10131	6.0872717	5.968429	24095	8.389492	0.7502478	28.024368	0	0	0	0	0	0	0	0	0	0	0	0	0	0	0	0	0	0	39.114525	38.980072	24293	74.27342	99.53273	2773.509	49.06913	48.821896	24293	93.164856	120.50916	3349.1824	49.976475	49.830227	24293	72.05849	119.634964	3303.676
M1_S25_subsampled_depth_11G_contig_6557	0	0	0	0	0	0	0	0	0	0	0	0	0	0	0	0	0	0	0	0	0	0	0	0	0	0	0	0	0	0	0	0	0	0	0	0	0	0	0	0	0	0	0	0	0	0	0	0	0	0	0	0	0	0	7.0241294	6.946382	12956	8.212852	27.504206	766.41254	5.5301423	5.4817805	12755	7.0002246	24.684155	686.02045	5.759644	5.7424083	12746	6.635079	24.696308	681.97943
M1_S25_subsampled_depth_11G_contig_6714	2651.8	2483.7754	52109	10980808	322.62756	11591.355	2624.7727	2460.3064	52109	10661269	319.25812	11539.428	2535.8843	2382.8657	52109	9740954	310.38864	11221.642	2521.748	2368.7942	52109	9483972	310.80063	11798.751	2421.3582	2273.3167	52109	8689405	295.70508	11083.07	2461.1658	2313.8967	52109	8947920	301.43076	11259.493	2809.7415	2471.0469	50813	15893469	282.9844	2731.656	2149.2239	1893.1403	51051	9218420	211.92194	1825.6006	2566.4976	2261.4575	51857	13161088	253.43684	2369.5679	19.213053	19.000854	52106	78.12884	53.31633	1485.6749	15.65569	15.600855	51990	34.63155	38.76367	1077.317	18.218922	18.05485	51805	71.373375	44.05844	1216.6575
M1_S25_subsampled_depth_11G_contig_6932	0	0	0	0	0	0	0	0	0	0	0	0	0	0	0	0	0	0	0	0	0	0	0	0	0	0	0	0	0	0	0	0	0	0	0	0	0	0	0	0	0	0	0	0	0	0	0	0	0	0	0	0	0	0	36.913414	13.187263	11838	13209.156	134.84853	3757.5928	36.403404	10.933556	11685	15196.199	134.02106	3724.7048	41.29783	14.516635	11838	16651.031	143.46452	3961.7205
M1_S25_subsampled_depth_11G_contig_6935	0	0	0	0	0	0	0	0	0	0	0	0	0	0	0	0	0	0	0	0	0	0	0	0	0	0	0	0	0	0	0	0	0	0	0	0	0	0	0	0	0	0	0	0	0	0	0	0	0	0	0	0	0	0	49.140987	48.831413	54304	121.82313	128.29831	3575.0703	54.788807	54.292103	54304	155.374	137.79408	3829.564	51.269196	50.886787	54304	127.79813	125.9125	3477.0269
M1_S25_subsampled_depth_11G_contig_6986	0	0	0	0	0	0	0	0	0	0	0	0	0	0	0	0	0	0	0	0	0	0	0	0	0	0	0	0	0	0	0	0	0	0	0	0	0	0	0	0	0	0	0	0	0	0	0	0	0	0	0	0	0	0	62.561295	48.69834	11130	5928.0605	190.38196	5305.0493	66.96475	52.82969	11130	6396.9614	196.08386	5449.5483	65.89563	50.582676	11130	7514.4897	192.38557	5312.6567
M1_S25_subsampled_depth_11G_contig_8378	2.0988503	1.9398353	15094	3.444803	0.25704253	9.235015	1.6922209	1.5971111	14309	2.0445783	0.20515421	7.415195	1.8076717	1.687597	14985	2.4234388	0.22017692	7.96017	2.3272269	2.2625642	16429	2.5423017	0.2928369	11.116801	2.20909	2.1172855	15086	3.135992	0.26936424	10.095817	2.8216395	2.6241496	16140	5.4553185	0.35195452	13.146724	0	0	0	0	0	0	0	0	0	0	0	0	0	0	0	0	0	0	370.313	369.14642	18764	1590.6371	953.44495	26568.021	359.63962	360.2135	18764	859.17413	880.3755	24467.334	497.91693	497.67877	18764	1284.1055	1191.3086	32897.547
M1_S25_subsampled_depth_11G_contig_9866	43.31145	39.67255	57299	1546.6196	5.307039	190.67113	42.321804	38.5324	57085	1521.0381	5.179553	187.21231	44.057995	39.857746	56244	1725.6987	5.4242306	196.10497	57.327705	51.966965	56257	2967.1772	7.10471	269.71225	57.755836	52.264736	57639	2896.7612	7.0883794	265.6736	57.879395	52.787838	56545	2850.4158	7.1241007	266.11002	0	0	0	0	0	0	0	0	0	0	0	0	0	0	0	0	0	0	193.71112	195.01161	59450	7797.9175	501.35	13970.261	187.53152	187.33455	59450	7395.438	469.34714	13044.063	177.81241	176.78317	59450	6215.2817	436.2942	12048.103
M1_S25_subsampled_depth_11G_contig_11868	0	0	0	0	0	0	0	0	0	0	0	0	0	0	0	0	0	0	0	0	0	0	0	0	0	0	0	0	0	0	0	0	0	0	0	0	0	0	0	0	0	0	0	0	0	0	0	0	0	0	0	0	0	0	23.085022	19.360739	11406	624.8215	71.400894	1989.607	25.9594	22.133142	11406	662.4544	76.50984	2126.356	21.210466	18.046585	11406	465.18033	61.683704	1703.3728
M1_S25_subsampled_depth_11G_contig_12301	0	0	0	0	0	0	0	0	0	0	0	0	0	0	0	0	0	0	0	0	0	0	0	0	0	0	0	0	0	0	0	0	0	0	0	0	0	0	0	0	0	0	0	0	0	0	0	0	0	0	0	0	0	0	4.965209	4.8445063	12737	6.1627274	13.212369	368.1665	4.6459017	4.4835453	12653	7.021457	11.330772	314.90393	5.415687	5.3349295	12641	6.891292	12.891411	355.99164
M1_S25_subsampled_depth_11G_contig_12575	7.6488504	6.6914644	9680	67.353836	1.1134986	40.005737	7.7482758	6.9206047	9512	62.27287	1.1234022	40.60482	8.412931	7.4220943	10228	77.44773	1.2069422	43.63521	7.5837164	6.7503195	9830	60.9381	1.088567	41.324654	7.108333	5.9640274	9402	77.382355	1.0170313	38.118515	7.371456	6.572584	9419	62.75692	1.0503893	39.235695	0	0	0	0	0	0	0	0	0	0	0	0	0	0	0	0	0	0	85.679115	74.982544	10590	7114.6187	237.72372	6624.242	98.89464	86.96275	10590	9106.613	266.51526	7406.9756	96.760635	84.4371	10590	9464.652	255.22272	7047.8823
M1_S25_subsampled_depth_11G_contig_12684	21.251995	19.256758	8650	357.80014	2.8200085	101.31722	19.827307	17.604357	8504	385.803	2.6105816	94.358185	19.557186	17.540987	8302	323.24814	2.5747123	93.0849	17.44114	15.467877	8758	277.2083	2.344539	89.00445	17.343218	15.497647	8439	260.08594	2.2749062	85.263885	18.008768	15.9803	8792	283.15115	2.3549154	87.964325	0	0	0	0	0	0	0	0	0	0	0	0	0	0	0	0	0	0	214.04758	219.28215	10301	11308.024	558.9532	15575.392	211.53473	216.7728	10301	11070.812	526.3596	14628.551	275.60565	282.52182	10301	18220.793	669.7087	18493.76
M1_S25_subsampled_depth_11G_contig_13388	0	0	0	0	0	0	0	0	0	0	0	0	0	0	0	0	0	0	0	0	0	0	0	0	0	0	0	0	0	0	0	0	0	0	0	0	0	0	0	0	0	0	0	0	0	0	0	0	0	0	0	0	0	0	29.447	24.707235	11405	813.54254	83.45593	2325.5242	32.101376	26.57862	11405	996.26904	87.89411	2442.7466	30.143936	24.888857	11405	983.9854	81.4851	2250.1814
M1_S25_subsampled_depth_11G_contig_13769	11.269701	10.710679	41432	48.796772	1.4072913	50.56114	11.476673	10.949398	41489	48.260677	1.434939	51.86516	12.037855	11.487886	41503	55.233265	1.5143971	54.75076	12.164402	11.563708	41416	59.491455	1.5385364	58.406624	11.39852	10.885394	41398	53.11021	1.4325334	53.691574	11.83144	11.271702	41421	57.65174	1.490682	55.682163	0	0	0	0	0	0	0	0	0	0	0	0	0	0	0	0	0	0	495.3947	500.3237	41518	6587.586	1266.1849	35282.61	562.77606	566.8932	41518	6961.9165	1382.7898	38430.402	575.8506	580.1942	41518	6786.1133	1383.8921	38215.668
M1_S25_subsampled_depth_11G_contig_14213	11.854021	11.721665	12001	15.941055	1.4853318	53.364967	10.94954	10.711259	12001	23.503275	1.3579097	49.080975	12.119737	11.788788	12001	22.30693	1.5199456	54.951366	13.455911	13.061311	12001	32.906475	1.7123389	65.004555	16.45954	16.053623	12001	36.849735	2.075174	77.77786	14.502658	14.219087	12001	24.70267	1.8276514	68.26916	0	0	0	0	0	0	0	0	0	0	0	0	0	0	0	0	0	0	16.701122	16.427017	12001	38.051266	43.637745	1215.9783	17.259977	16.820475	12001	31.87038	43.43389	1207.1117	14.844485	14.573732	12001	22.369146	36.397522	1005.10406
M1_S25_subsampled_depth_11G_contig_15520	0	0	0	0	0	0	0	0	0	0	0	0	0	0	0	0	0	0	0	0	0	0	0	0	0	0	0	0	0	0	0	0	0	0	0	0	0	0	0	0	0	0	0	0	0	0	0	0	0	0	0	0	0	0	39.032795	35.63264	26830	489.9223	108.591606	3025.9363	44.350563	41.2647	26830	547.51904	119.718506	3327.208	41.89033	38.510204	26830	550.29266	111.01581	3065.6604
M1_S25_subsampled_depth_11G_contig_16424	0	0	0	0	0	0	0	0	0	0	0	0	0	0	0	0	0	0	0	0	0	0	0	0	0	0	0	0	0	0	0	0	0	0	0	0	0	0	0	0	0	0	0	0	0	0	0	0	0	0	0	0	0	0	178.83572	167.35176	23872	8847.751	468.0041	13041.07	186.1865	173.07452	23872	10090.427	470.1191	13065.52	163.30322	152.20782	23872	7741.4146	405.294	11192.042
M1_S25_subsampled_depth_11G_contig_18456	0	0	0	0	0	0	0	0	0	0	0	0	0	0	0	0	0	0	0	0	0	0	0	0	0	0	0	0	0	0	0	0	0	0	0	0	0	0	0	0	0	0	0	0	0	0	0	0	0	0	0	0	0	0	25.239416	24.273811	12551	87.34145	69.77236	1944.2269	27.518265	26.583101	12551	85.04792	72.92744	2026.7947	24.461252	23.726727	12551	67.606895	63.246094	1746.5175
M1_S25_subsampled_depth_11G_contig_20632	0	0	0	0	0	0	0	0	0	0	0	0	0	0	0	0	0	0	0	0	0	0	0	0	0	0	0	0	0	0	0	0	0	0	0	0	0	0	0	0	0	0	0	0	0	0	0	0	0	0	0	0	0	0	178.86726	157.60777	11872	43091.99	543.3481	15140.55	184.79065	163.18285	11872	47057.336	548.3585	15239.942	181.16277	160.34947	11872	45445.664	526.0947	14527.908
M1_S25_subsampled_depth_11G_contig_21736	0	0	0	0	0	0	0	0	0	0	0	0	0	0	0	0	0	0	0	0	0	0	0	0	0	0	0	0	0	0	0	0	0	0	0	0	0	0	0	0	0	0	0	0	0	0	0	0	0	0	0	0	0	0	6.110432	5.9910836	60154	9.236894	15.992398	445.633	4.6859913	4.605805	59316	6.032851	11.467675	318.70892	6.5018826	6.40357	60243	9.235585	15.567864	429.90082
M1_S25_subsampled_depth_11G_contig_22657	0	0	0	0	0	0	0	0	0	0	0	0	0	0	0	0	0	0	0	0	0	0	0	0	0	0	0	0	0	0	0	0	0	0	0	0	0	0	0	0	0	0	0	0	0	0	0	0	0	0	0	0	0	0	23.204464	23.014185	34694	38.986393	60.337334	1681.317	27.478579	27.35719	34694	36.401585	67.842064	1885.4619	21.755732	21.50045	34694	30.77146	52.682228	1454.8005
M1_S25_subsampled_depth_11G_contig_23941	0	0	0	0	0	0	0	0	0	0	0	0	0	0	0	0	0	0	0	0	0	0	0	0	0	0	0	0	0	0	0	0	0	0	0	0	0	0	0	0	0	0	0	0	0	0	0	0	0	0	0	0	0	0	70.78856	55.064125	21565	8123.4214	197.52112	5503.9824	80.14877	60.483063	21565	11654.37	217.148	6034.9624	76.62428	55.909157	21565	12092.691	203.38707	5616.461
M1_S25_subsampled_depth_11G_contig_25118	0	0	0	0	0	0	0	0	0	0	0	0	0	0	0	0	0	0	0	0	0	0	0	0	0	0	0	0	0	0	0	0	0	0	0	0	0	0	0	0	0	0	0	0	0	0	0	0	0	0	0	0	0	0	9.174021	9.097328	12706	12.050877	23.276522	648.6071	9.771424	9.612016	12706	13.49996	24.591219	683.43744	9.242673	9.128915	12706	10.3155365	22.607414	624.2952
M1_S25_subsampled_depth_11G_contig_26572	2.6870482	2.5567312	10745	3.7368886	0.32492402	11.673863	1.9001616	1.8298535	9840	2.0905588	0.23088859	8.345353	2.290756	2.155881	10571	2.991572	0.28186768	10.190499	2.7520196	2.6601796	10651	3.7272403	0.33669606	12.781797	2.119483	2.008786	10077	2.4130914	0.2592786	9.717806	2.7028658	2.5832782	11165	3.3274207	0.3314877	12.382224	0	0	0	0	0	0	0	0	0	0	0	0	0	0	0	0	0	0	4.177651	4.1126122	11714	4.6873527	10.842285	302.12332	4.0725403	4.020028	11545	4.3600206	10.062647	279.66046	4.0240664	3.8924894	11589	5.6224008	9.720611	268.431
M1_S25_subsampled_depth_11G_contig_27864	0	0	0	0	0	0	0	0	0	0	0	0	0	0	0	0	0	0	0	0	0	0	0	0	0	0	0	0	0	0	0	0	0	0	0	0	0	0	0	0	0	0	0	0	0	0	0	0	0	0	0	0	0	0	22.080727	22.270197	11881	50.51479	56.0999	1563.24	22.50959	22.676958	11881	50.931797	55.320293	1537.4579	22.615463	22.820343	11881	54.767475	54.13403	1494.8909
M1_S25_subsampled_depth_11G_contig_30542	2.0694268	1.9664694	13135	2.6771274	0.25224417	9.062623	1.6893862	1.5658636	12402	2.1124408	0.2083855	7.531989	1.9986686	1.816075	12707	3.5499952	0.24789362	8.962227	2.1162186	2.0016203	12945	2.949082	0.26349375	10.002873	1.9803449	1.847281	12991	2.8180778	0.24241214	9.085651	2.1396146	2.0523386	13936	2.320751	0.26184225	9.780724	0	0	0	0	0	0	0	0	0	0	0	0	0	0	0	0	0	0	5.462592	5.4142013	15772	6.405614	13.772699	383.78027	4.8853664	4.7586646	15809	6.2577357	12.051548	334.93582	4.7936215	4.660609	15576	6.8748493	11.62847	321.11578
M1_S25_subsampled_depth_11G_contig_31102	0	0	0	0	0	0	0	0	0	0	0	0	0	0	0	0	0	0	0	0	0	0	0	0	0	0	0	0	0	0	0	0	0	0	0	0	0	0	0	0	0	0	0	0	0	0	0	0	0	0	0	0	0	0	19.566198	19.523262	10203	41.37637	50.231865	1399.7252	20.920322	20.87424	10203	24.581688	51.808487	1439.8578	19.808912	19.656425	10203	27.980103	47.568436	1313.5847
M1_S25_subsampled_depth_11G_contig_32158	0	0	0	0	0	0	0	0	0	0	0	0	0	0	0	0	0	0	0	0	0	0	0	0	0	0	0	0	0	0	0	0	0	0	0	0	0	0	0	0	0	0	0	0	0	0	0	0	0	0	0	0	0	0	9.778805	9.584813	21674	16.264734	25.643463	714.56244	10.3458	10.221918	21674	12.128293	25.660778	713.1627	10.644815	10.489985	21674	15.249808	25.842909	713.64233
M1_S25_subsampled_depth_11G_contig_33714	0	0	0	0	0	0	0	0	0	0	0	0	0	0	0	0	0	0	0	0	0	0	0	0	0	0	0	0	0	0	0	0	0	0	0	0	0	0	0	0	0	0	0	0	0	0	0	0	0	0	0	0	0	0	17.420622	11.598511	14474	933.7609	60.178543	1676.8925	17.299288	11.174139	14474	992.9535	57.270096	1591.647	19.072327	13.380236	14474	907.3385	62.09611	1714.7609
M1_S25_subsampled_depth_11G_contig_36277	4.1458893	3.879774	3462	7.265193	0.6244166	22.434036	5.4553065	5.2896047	3438	9.274393	0.7919839	28.62587	4.354858	4.2537365	3437	4.6530457	0.63326174	22.894623	3.631988	3.4373963	3357	6.7069306	0.6055043	22.986422	4.199402	3.9365659	3474	8.0167465	0.6731246	25.228823	4.96861	4.9402194	3249	7.656014	0.7072722	26.419088	0	0	0	0	0	0	0	0	0	0	0	0	0	0	0	0	0	0	8.466666	5.919296	3495	1065.7507	81.112625	2260.2273	8.588341	5.4035206	3376	1836.9169	97.28917	2703.8535	13.549477	10.646629	3495	1482.3785	102.86457	2840.5676
M1_S25_subsampled_depth_11G_contig_36357	0	0	0	0	0	0	0	0	0	0	0	0	0	0	0	0	0	0	0	0	0	0	0	0	0	0	0	0	0	0	0	0	0	0	0	0	0	0	0	0	0	0	0	0	0	0	0	0	0	0	0	0	0	0	9.766175	9.614399	10119	15.809383	25.698679	716.1011	9.884341	9.6631	10119	16.824602	25.247427	701.67505	11.524024	11.202942	10119	21.72517	29.09774	803.5236
M1_S25_subsampled_depth_11G_contig_36984	89.38646	87.99049	39199	1943.8771	10.927399	392.59933	93.45369	92.24675	39199	2055.1543	11.410415	412.42365	96.86916	95.46445	39164	2137.2988	11.926164	431.17264	107.68109	106.08009	39164	2846.6748	13.333375	506.16742	106.380135	105.04006	39164	2677.6382	13.068501	489.8096	108.351585	106.75584	39164	2799.2625	13.333571	498.05536	11.711311	9.951458	37182	213.17308	1.1808077	11.398373	9.9510355	8.527586	36108	144.63666	0.9802997	8.444788	10.874696	9.337232	35779	169.51578	1.073159	10.033752	12.258419	12.090681	39169	34.779335	35.83815	998.64044	9.110092	8.969555	39115	18.748201	23.734884	659.6381	12.75774	12.606061	39199	30.118828	32.14593	887.69806
M1_S25_subsampled_depth_11G_contig_198|provirus_42913_63087	0	0	0	0	0	0	0	0	0	0	0	0	0	0	0	0	0	0	0	0	0	0	0	0	0	0	0	0	0	0	1.698427	1.5900239	16184	2.242299	0.2295034	8.572753	0	0	0	0	0	0	0	0	0	0	0	0	0	0	0	0	0	0	29.329437	29.301449	20175	43.55441	75.513306	2104.2002	33.85648	33.692726	20175	46.892303	84.050415	2335.9233	36.276955	36.037174	20175	56.836494	87.83311	2425.4792
M1_S25_subsampled_depth_11G_contig_471|provirus_50_34921	2.5781062	2.447616	30474	3.986253	0.3144843	11.298781	2.665169	2.53824	30902	3.7551122	0.33169508	11.988954	2.3355796	2.219264	29782	3.343908	0.29142308	10.535961	3.1205864	3.01216	32301	4.3719964	0.39019942	14.812925	2.546685	2.372608	28910	4.7136555	0.3162329	11.852454	2.9647775	2.76864	31174	5.7316294	0.36500695	13.634287	0	0	0	0	0	0	0	0	0	0	0	0	0	0	0	0	0	0	35.874115	35.6048	34872	87.92345	92.78485	2585.4773	41.246243	40.942623	34872	126.30425	102.59821	2851.4023	43.03557	42.670338	34872	111.0453	104.73384	2892.1873
M1_S25_subsampled_depth_11G_contig_1180|provirus_7268_55286	7110.6787	7284.6265	47309	9917628	863.9579	31040.264	6941.2104	7112.597	47116	9396089	843.1481	30475.17	7044.862	7222.6377	47589	9545074	861.00726	31128.428	7120.9805	7298.7466	47230	9989287	876.1217	33259.72	7192.7715	7380.091	47721	9882765	876.62573	32856.074	7230.2026	7411.651	47198	10178649	883.977	33019.62	1327.6206	1207.9629	43318	1161934.8	133.37782	1287.4996	1110.0796	1009.6894	42720	804247.8	109.13284	940.12415	1461.8215	1345.5477	42015	1239486.4	144.01117	1346.4666	69.82308	69.0298	48019	1271.1456	184.4035	5138.4575	84.76026	83.65446	48019	2060.2844	216.97911	6030.268	78.72151	77.63818	48019	2141.5198	198.13234	5471.352
M1_S25_subsampled_depth_11G_contig_2451|provirus_153479_198300	109.05522	109.47416	44822	3899.3608	13.317041	478.45453	112.713264	112.89236	44822	4319.9697	13.755011	497.168	109.1731	109.5142	44822	3928.9998	13.4095955	484.80377	111.08271	111.19895	44822	4136.2837	13.726509	521.0919	113.94545	114.08131	44822	4276.471	13.94595	522.69653	108.81537	108.834305	44822	3928.9468	13.370901	499.44974	62.8632	59.916653	37853	2471.776	6.386004	61.644234	52.23453	49.510696	39530	1765.8888	5.2026095	44.817844	64.63476	61.218575	40615	2638.79	6.4401617	60.213833	46.923016	46.779434	44822	82.24567	120.66139	3362.2651	44.89107	44.786053	44822	77.37431	110.28187	3064.9456	51.44482	51.239143	44822	71.209465	123.457306	3409.2288
M1_S25_subsampled_depth_11G_contig_3635|provirus_29334_47073	2.994372	2.354093	15531	27.485725	0.50137514	18.013401	3.2362137	2.678752	16496	22.07229	0.5218243	18.861074	2.8858442	2.4007707	15701	15.301312	0.4699309	16.989649	3.323877	2.8230798	16481	16.697247	0.5127457	19.465078	2.539568	2.080912	14502	12.638011	0.41959864	15.726619	2.8747585	2.3116474	15080	20.054415	0.47625637	17.789843	0	0	0	0	0	0	0	0	0	0	0	0	0	0	0	0	0	0	38.372486	31.345566	17740	2721.7358	126.88599	3535.7148	55.619045	46.026215	17740	5511.7354	175.90285	4888.6787	51.824615	42.88599	17740	4254.228	160.44272	4430.5674
M1_S25_subsampled_depth_11G_contig_4160|provirus_16310_56569	2.3079531	2.1713574	33953	3.4208322	0.2819626	10.130345	2.1379206	2.0263436	33891	2.7484362	0.2613513	9.44641	2.1371977	2.0358171	34256	2.471964	0.2638748	9.540005	2.3331838	2.2119668	35313	3.0329688	0.28818128	10.940068	2.5296435	2.376565	34813	4.0642314	0.30815035	11.549529	2.7068062	2.5935457	35518	3.734225	0.33311146	12.442867	0	0	0	0	0	0	0	0	0	0	0	0	0	0	0	0	0	0	62.97709	62.658726	40260	130.57329	160.39447	4469.439	62.221317	61.967896	40260	109.36892	152.73558	4244.8164	59.99045	59.76274	40260	86.230774	144.07256	3978.5105
M1_S25_subsampled_depth_11G_contig_4591|provirus_66386_101056	0	0	0	0	0	0	0	0	0	0	0	0	0	0	0	0	0	0	0	0	0	0	0	0	0	0	0	0	0	0	0	0	0	0	0	0	0	0	0	0	0	0	0	0	0	0	0	0	0	0	0	0	0	0	29.969149	29.897228	34671	42.01376	76.92808	2143.6228	35.239246	35.07036	34671	61.68575	86.80173	2412.388	32.71858	32.4088	34671	57.310806	79.096504	2184.2205
M1_S25_subsampled_depth_11G_contig_4671|provirus_2_11838	77.63181	77.58941	11187	3903.1223	9.362367	336.37097	75.96047	75.790855	10621	3823.629	9.160089	331.08673	76.321465	76.18015	10910	3840.2163	9.247583	334.33264	109.03388	109.44386	11335	7650.144	13.336477	506.28522	114.881836	115.363914	10976	8531.099	13.916961	521.61	112.255585	112.314476	11351	8187.23	13.614444	508.547	0	0	0	0	0	0	35.329	34.71737	9477	880.4869	3.4573379	29.783203	40.80808	39.715183	9619	1228.4453	4.00182	37.415974	11.125866	10.884495	11837	26.32585	29.64724	826.12897	9.818773	9.617644	11835	24.302937	24.129555	670.60706	12.968255	12.832588	11827	36.38022	30.979292	855.4819
M1_S25_subsampled_depth_11G_contig_5261|provirus_20438_64813	0	0	0	0	0	0	0	0	0	0	0	0	0	0	0	0	0	0	0	0	0	0	0	0	0	0	0	0	0	0	0	0	0	0	0	0	0	0	0	0	0	0	0	0	0	0	0	0	0	0	0	0	0	0	28.388844	22.211737	44376	999.612	73.3439	2043.7491	28.948809	22.945784	44376	939.1351	71.91866	1998.7584	26.808008	20.880262	44376	910.9926	65.16027	1799.3768
M1_S25_subsampled_depth_11G_contig_5407|provirus_35704_82862	13.118445	13.041764	47121	27.998522	1.605665	57.688305	13.27065	13.190243	47159	31.395838	1.6251825	58.741398	13.024144	12.869957	47110	28.562447	1.6078001	58.12762	13.668723	13.610225	47153	29.180735	1.6938162	64.301414	12.411474	12.292231	47159	30.961964	1.5238591	57.114502	13.8484335	13.759886	47073	33.324223	1.7082347	63.808502	0	0	0	0	0	0	0	0	0	0	0	0	2.4101343	2.1564915	36006	6.169005	0.23839542	2.2289352	155.10597	154.70242	47159	456.60245	395.37158	11017.144	191.38518	191.38606	47159	655.2757	470.54132	13077.251	172.68231	172.19194	47159	545.8761	415.24628	11466.871
M1_S25_subsampled_depth_11G_contig_6563|provirus_11758_45076	4.76671	4.634241	32874	7.030777	0.5845306	21.000996	4.539962	4.4598866	32650	5.7535954	0.5545684	20.044603	4.8822393	4.7932873	32864	5.901471	0.6022629	21.773903	4.724592	4.666365	32749	5.832101	0.5889014	22.356123	4.6181374	4.4246807	32871	7.610628	0.5731341	21.481169	5.1088367	4.989984	32873	6.8995132	0.63282436	23.638187	0	0	0	0	0	0	0	0	0	0	0	0	0	0	0	0	0	0	464.94333	464.89978	33319	2281.75	1193.0804	33245.535	437.67474	436.9022	33319	992.6821	1075.5795	29892.432	451.63672	450.98538	33319	854.11194	1086.0771	29991.617
M1_S25_subsampled_depth_11G_contig_7469|provirus_21763_107753	0	0	0	0	0	0	0	0	0	0	0	0	0	0	0	0	0	0	3.0962243	2.7873333	64772	10.273128	0.38512474	14.620273	0	0	0	0	0	0	0	0	0	0	0	0	0	0	0	0	0	0	0	0	0	0	0	0	0	0	0	0	0	0	36.06907	31.699625	85991	1476.3619	99.26244	2765.977	35.932503	31.325266	85991	1635.683	95.27272	2647.8125	34.858017	30.226465	85991	1537.4181	90.44755	2497.6763
M1_S25_subsampled_depth_11G_contig_7778|provirus_66_15637	0	0	0	0	0	0	0	0	0	0	0	0	0	0	0	0	0	0	0	0	0	0	0	0	0	0	0	0	0	0	0	0	0	0	0	0	0	0	0	0	0	0	0	0	0	0	0	0	0	0	0	0	0	0	35.900078	35.17284	15572	94.967445	98.13573	2734.5803	34.336597	33.34892	15572	109.47315	88.924446	2471.3818	33.434055	32.332493	15572	127.99744	84.77567	2341.0493
M1_S25_subsampled_depth_11G_contig_7812|provirus_19592_60470	0	0	0	0	0	0	0	0	0	0	0	0	0	0	0	0	0	0	0	0	0	0	0	0	0	0	0	0	0	0	0	0	0	0	0	0	0	0	0	0	0	0	0	0	0	0	0	0	0	0	0	0	0	0	23.467112	23.412827	40879	33.371784	59.24597	1650.9065	29.412827	29.28303	40879	48.953693	72.315895	2009.799	25.034472	24.893908	40879	35.518414	60.198563	1662.3615
M1_S25_subsampled_depth_11G_contig_8457|provirus_140_28933	0	0	0	0	0	0	0	0	0	0	0	0	0	0	0	0	0	0	0	0	0	0	0	0	0	0	0	0	0	0	0	0	0	0	0	0	0	0	0	0	0	0	0	0	0	0	0	0	0	0	0	0	0	0	72.2736	53.71924	28794	10887.042	202.06882	5630.705	72.92505	53.805626	28794	10809.974	196.8832	5471.764	76.32956	56.149845	28794	11480.503	201.66814	5568.9917
M1_S25_subsampled_depth_11G_contig_9182|provirus_12665_51897	0	0	0	0	0	0	0	0	0	0	0	0	0	0	0	0	0	0	0	0	0	0	0	0	0	0	0	0	0	0	0	0	0	0	0	0	0	0	0	0	0	0	0	0	0	0	0	0	0	0	0	0	0	0	20.321085	20.16469	39233	34.75467	52.225952	1455.2917	22.696825	22.656261	39233	29.77276	55.739414	1549.1056	19.499092	19.3314	39233	26.71529	46.84382	1293.5747
M1_S25_subsampled_depth_11G_contig_9255|provirus_105226_142667	0	0	0	0	0	0	0	0	0	0	0	0	0	0	0	0	0	0	0	0	0	0	0	0	0	0	0	0	0	0	0	0	0	0	0	0	0	0	0	0	0	0	0	0	0	0	0	0	0	0	0	0	0	0	35.95259	35.809944	37442	73.27081	90.94358	2534.1702	46.202938	46.106094	37442	66.79226	113.620544	3157.735	37.964523	37.86399	37442	57.22126	91.3998	2523.9727
M1_S25_subsampled_depth_11G_contig_9708|provirus_55368_86127	0	0	0	0	0	0	0	0	0	0	0	0	598.51196	531.48645	23219	946251	74.29365	2685.976	0	0	0	0	0	0	0	0	0	0	0	0	520.8085	461.8187	23964	716283.2	64.650734	2414.9302	0	0	0	0	0	0	0	0	0	0	0	0	0	0	0	0	0	0	500.43143	499.7266	30760	2630.739	1286.1564	35839.117	490.63037	490.87415	30760	962.75055	1204.5438	33476.6	486.4989	486.32275	30760	1006.58496	1168.6116	32270.773
M1_S25_subsampled_depth_11G_contig_11598|provirus_614_10828	0	0	0	0	0	0	0	0	0	0	0	0	0	0	0	0	0	0	0	0	0	0	0	0	0	0	0	0	0	0	0	0	0	0	0	0	0	0	0	0	0	0	0	0	0	0	0	0	0	0	0	0	0	0	160.47163	160.3145	10215	512.5461	414.83527	11559.502	166.45514	166.38338	10215	251.22575	410.2025	11400.318	151.45862	151.20587	10215	210.2642	366.05786	10108.555
M1_S25_subsampled_depth_11G_contig_14984|provirus_18267_28730	0	0	0	0	0	0	0	0	0	0	0	0	0	0	0	0	0	0	0	0	0	0	0	0	0	0	0	0	0	0	0	0	0	0	0	0	0	0	0	0	0	0	0	0	0	0	0	0	0	0	0	0	0	0	46.332462	45.993645	10464	117.63939	118.397385	3299.177	73.37473	73.57389	10464	123.777855	181.90065	5055.3716	53.05449	53.169216	10464	86.09343	129.04489	3563.5276
M1_S25_subsampled_depth_11G_contig_16191|provirus_37863_71990	0	0	0	0	0	0	0	0	0	0	0	0	0	0	0	0	0	0	0	0	0	0	0	0	0	0	0	0	0	0	0	0	0	0	0	0	0	0	0	0	0	0	0	0	0	0	0	0	0	0	0	0	0	0	50.431664	48.497974	34128	1104.8052	137.93654	3843.6414	38.565838	36.164803	34128	1297.2266	104.533295	2905.1829	48.71711	46.04784	34128	1350.6268	126.494835	3493.1082
M1_S25_subsampled_depth_11G_contig_18419|provirus_107230_160358	5.7187185	4.822012	49459	76.83734	0.7404067	26.60132	5.244625	4.4270706	48636	62.813805	0.6728054	24.318218	5.3236756	4.4458613	48948	61.80225	0.69187057	25.013542	5.6890087	4.7005434	50344	82.47669	0.7477246	28.385445	5.2508917	4.216429	49434	75.79484	0.68184817	25.555782	5.4169955	4.5223665	50298	68.87421	0.7051917	26.341375	0	0	0	0	0	0	0	0	0	0	0	0	0	0	0	0	0	0	34.084507	20.926306	53128	5671.719	95.896034	2672.1714	41.235962	25.980433	53109	7910.665	112.00348	3112.793	40.677742	23.084705	53124	10176.934	109.87879	3034.263
M1_S25_subsampled_depth_11G_contig_20110|provirus_3_11988	0	0	0	0	0	0	0	0	0	0	0	0	0	0	0	0	0	0	0	0	0	0	0	0	0	0	0	0	0	0	0	0	0	0	0	0	0	0	0	0	0	0	0	0	0	0	0	0	0	0	0	0	0	0	324.31296	324.71307	11986	913.1856	833.5851	23228.088	335.07706	335.8473	11986	615.7195	828.33154	23020.932	330.03818	331.22913	11986	765.1123	798.23816	22043.057
M1_S25_subsampled_depth_11G_contig_21724|provirus_139863_178318	0	0	0	0	0	0	1.8317757	1.7157153	29565	2.4291859	0.22451395	8.114941	2.029917	1.9369997	31954	2.4003055	0.2493954	9.016519	1.5512713	1.4241501	29420	1.9902312	0.19163992	7.2751155	1.8102125	1.7167305	30469	2.0754013	0.22032791	8.257925	0	0	0	0	0	0	0	0	0	0	0	0	0	0	0	0	0	0	0	0	0	0	0	0	55.856445	55.42853	38456	144.36778	144.14334	4016.5955	55.891243	55.38357	38456	140.6905	138.36443	3845.414	59.166344	58.701153	38456	118.32199	142.96889	3948.033
M1_S25_subsampled_depth_11G_contig_22353|provirus_17246_72674	0	0	0	0	0	0	0	0	0	0	0	0	0	0	0	0	0	0	0	0	0	0	0	0	0	0	0	0	0	0	0	0	0	0	0	0	0	0	0	0	0	0	0	0	0	0	0	0	0	0	0	0	0	0	37.289803	36.953854	55429	70.507324	95.951164	2673.7075	39.606125	39.50439	55429	56.241722	97.441376	2708.0842	36.42756	36.176453	55429	53.503456	87.846176	2425.84
M1_S25_subsampled_depth_11G_contig_22814|provirus_3613_42685	27.915731	27.089863	38965	161.59138	3.4009185	122.188126	27.139711	26.536154	38305	146.28462	3.3089004	119.59851	28.265036	27.426964	38900	169.18272	3.4623628	125.17654	36.943428	36.35734	38945	183.88377	4.5604615	173.12625	37.491405	37.24467	38748	138.1636	4.580165	171.6653	38.19603	37.577316	38870	193.99455	4.686733	175.0658	8.896848	8.191345	38208	45.8045	0.906428	8.749776	8.444108	7.8688307	38396	33.90383	0.8450199	7.2794185	9.269558	8.73375	38680	35.215347	0.92725766	8.669621	183.78946	182.27245	39073	852.78864	478.13367	13323.335	184.8205	183.7185	39073	585.94684	455.92615	12671.068	266.23813	264.1477	39073	1034.5121	641.6519	17718.984
M1_S25_subsampled_depth_11G_contig_22965|provirus_82121_117752	0	0	0	0	0	0	0	0	0	0	0	0	0	0	0	0	0	0	0	0	0	0	0	0	0	0	0	0	0	0	0	0	0	0	0	0	0	0	0	0	0	0	0	0	0	0	0	0	0	0	0	0	0	0	52.121666	50.50692	35632	275.1915	132.51923	3692.6873	54.751705	53.608097	35632	198.45663	134.44382	3736.4524	51.294743	50.240185	35632	174.99445	123.34503	3406.1267
M1_S25_subsampled_depth_11G_contig_25656|provirus_32184_61415	0	0	0	0	0	0	0	0	0	0	0	0	0	0	0	0	0	0	0	0	0	0	0	0	0	0	0	0	0	0	0	0	0	0	0	0	0	0	0	0	0	0	0	0	0	0	0	0	0	0	0	0	0	0	27.399593	27.282417	29232	44.458134	70.402214	1961.7784	27.535246	27.412394	29232	39.304356	67.61631	1879.1879	27.81033	27.659891	29232	33.202778	66.92879	1848.2136
M1_S25_subsampled_depth_11G_contig_28143|provirus_1_21062	0	0	0	0	0	0	0	0	0	0	0	0	0	0	0	0	0	0	0	0	0	0	0	0	0	0	0	0	0	0	0	0	0	0	0	0	0	0	0	0	0	0	0	0	0	0	0	0	0	0	0	0	0	0	23.399866	22.198492	21062	116.945244	60.9626	1698.7405	26.227764	25.005579	21062	116.43291	65.92002	1832.0452	25.352285	24.242058	21062	112.90371	62.50744	1726.1196
M1_S25_subsampled_depth_11G_contig_31762|provirus_9696_22059	0	0	0	0	0	0	0	0	0	0	0	0	0	0	0	0	0	0	0	0	0	0	0	0	0	0	0	0	0	0	0	0	0	0	0	0	0	0	0	0	0	0	0	0	0	0	0	0	0	0	0	0	0	0	53.685936	53.590687	12364	99.351425	136.49197	3803.3894	51.648354	51.29134	12364	84.817406	127.01125	3529.888	51.967007	51.898853	12364	60.942234	125.35221	3461.5544
M1_S25_subsampled_depth_11G_contig_34431|provirus_2_17124	49.34378	47.032795	13087	3335.8584	5.9655433	214.32988	46.08861	44.05492	14918	2848.8113	5.5797033	201.6756	0	0	0	0	0	0	73.74748	70.34372	15358	7315.319	9.039441	343.15924	73.2484	69.93572	14238	7327.1904	8.886499	333.06732	72.39339	68.82667	14895	7135.107	8.806102	328.93875	0	0	0	0	0	0	0	0	0	0	0	0	0	0	0	0	0	0	11.590114	11.349087	17123	26.221859	30.752901	856.9386	9.72957	9.552857	16995	21.344965	24.151417	671.21454	14.063925	13.907704	17123	41.371994	33.887276	935.7849
M1_S25_subsampled_depth_11G_contig_37125|provirus_80941_117091	0	0	0	0	0	0	0	0	0	0	0	0	0	0	0	0	0	0	0	0	27143	0	0.18588647	7.056706	0	0	0	0	0	0	0	0	0	0	0	0	0	0	0	0	0	0	0	0	0	0	0	0	0	0	0	0	0	0	17.412933	17.319372	36151	29.313334	44.915714	1251.5894	18.538708	18.410265	36151	26.953888	45.523613	1265.1892	16.496958	16.389618	36151	20.429333	39.81867	1099.5778
M2_S26_subsampled_depth_11G_contig_165	0	0	0	0	0	0	0	0	0	0	0	0	0	0	0	0	0	0	0	0	0	0	0	0	0	0	0	0	0	0	0	0	0	0	0	0	0	0	0	0	0	0	0	0	0	0	0	0	0	0	0	0	0	0	29.596836	29.1668	14089	96.27699	79.15776	2205.754	31.209278	30.82093	14184	89.76256	79.61455	2212.6426	32.440575	32.146057	14090	109.86304	81.33622	2246.069
M2_S26_subsampled_depth_11G_contig_391	0	0	0	0	0	0	0	0	0	0	0	0	0	0	0	0	0	0	0	0	0	0	0	0	0	0	0	0	0	0	0	0	0	0	0	0	0	0	0	0	0	0	0	0	0	0	0	0	0	0	0	0	0	0	153.35182	133.22137	43937	13677.586	397.7766	11084.16	164.80862	142.23773	43937	16635.215	410.18872	11399.938	154.89085	131.81851	43937	16776.186	377.12842	10414.263
M2_S26_subsampled_depth_11G_contig_1428	108.649765	106.927475	11134	983.4453	13.501388	485.07755	111.30016	110.12108	11134	733.49994	13.887383	501.9526	118.064186	116.1579	11134	1274.9398	14.802708	535.16974	131.01375	128.7372	11134	1095.2424	16.521069	627.18024	133.39084	131.19037	11134	1258.7533	16.7122	626.376	131.567	130.19563	11134	1124.6702	16.538467	617.7694	3.1944647	2.8931823	9970	7.810491	0.33084202	3.1936245	2.6592317	2.4651022	9809	4.712328	0.26946685	2.3213203	3.5135653	3.0755613	10370	10.981516	0.3552064	3.3210878	14.572014	14.394093	11134	25.301739	42.01476	1170.7535	12.130098	11.958932	11134	18.10572	30.275274	841.408	17.026949	16.887417	11134	25.78221	41.976395	1159.1626
M2_S26_subsampled_depth_11G_contig_2935	119.942856	119.97606	11612	288.62997	14.727075	529.11395	129.5554	129.38039	11612	482.22073	15.939398	576.12164	130.88396	130.52084	11612	511.65378	16.248669	587.4465	144.23381	143.8579	11612	416.94025	18.019945	684.0811	143.77473	143.46802	11612	394.86816	17.771662	666.0848	145.63095	145.08463	11612	453.01807	18.032503	673.5769	0	0	0	0	0	0	0	0	0	0	0	0	0	0	0	0	0	0	10.037951	9.929527	11540	19.114431	29.35201	817.90247	8.939364	8.835498	11612	14.973285	22.001268	611.45764	11.212441	11.167216	11612	14.053203	27.02839	746.37915
M2_S26_subsampled_depth_11G_contig_6660	54.468742	46.94489	13281	5495.7446	6.7571106	242.76938	56.478085	48.588406	13308	5937.011	6.984097	252.43661	57.311737	49.516163	13299	6118.953	7.1240106	257.5579	63.142956	54.45641	13276	7385.0957	7.931481	301.09845	64.154045	55.07528	13282	7800.7056	7.981226	299.1376	63.139915	54.3829	13294	7711.121	7.877612	294.25623	0	0	0	0	0	0	0	0	0	0	0	0	0	0	0	0	0	0	11.063806	9.380454	12743	241.86633	31.475891	877.08466	10.058336	8.607731	13122	183.707	24.764025	688.2399	12.6594	10.842265	12915	304.08954	30.80757	850.7395
M2_S26_subsampled_depth_11G_contig_8381	0	0	0	0	0	0	0	0	0	0	0	0	0	0	0	0	0	0	0	0	0	0	0	0	0	0	0	0	0	0	0	0	0	0	0	0	0	0	0	0	0	0	0	0	0	0	0	0	0	0	0	0	0	0	4.459261	4.430007	13876	4.5241165	11.550802	321.86633	5.585118	5.448693	14301	5.6242557	13.623208	378.6152	4.849975	4.8111014	14286	4.655018	11.739875	324.19223
M2_S26_subsampled_depth_11G_contig_11818	35.042423	34.56079	32663	307.8339	4.2529173	152.79868	34.577816	33.855705	32733	301.20544	4.1957297	151.65254	34.68487	33.992878	32525	280.43494	4.2347913	153.10252	34.054554	32.474762	32827	535.74207	4.185952	158.90897	33.167355	31.912241	32514	453.05518	4.035056	151.23456	33.690212	32.115643	32673	489.2988	4.11675	153.77505	14.539204	14.52283	32150	55.7288	1.4650879	14.142521	11.748837	11.679159	31933	40.9239	1.1542454	9.94324	13.004881	12.994288	32347	43.409924	1.2803173	11.970629	17.188639	16.712242	34777	45.166103	44.76127	1247.2855	17.433506	16.92957	34777	42.727013	43.34785	1204.7207	15.832818	15.240943	34777	47.734505	38.6007	1065.944
M2_S26_subsampled_depth_11G_contig_11995	0	0	0	0	0	0	0	0	0	0	0	0	0	0	0	0	0	0	0	0	0	0	0	0	0	0	0	0	0	0	0	0	0	0	0	0	0	0	0	0	0	0	0	0	0	0	0	0	0	0	0	0	0	0	3.6777103	3.4823904	11415	6.788036	11.650096	324.63342	4.3099813	4.1883664	11805	5.093264	13.159006	365.71432	3.7667341	3.6868677	11673	4.2436175	11.2235155	309.9334
M2_S26_subsampled_depth_11G_contig_12828	2.5810795	2.4718914	22597	3.4748874	0.31274632	11.236349	2.8050246	2.6811025	22907	3.842842	0.33907908	12.255848	2.5391953	2.4393127	22357	3.2347338	0.30877534	11.163313	2.927419	2.8214924	23413	3.7820842	0.36004108	13.668032	2.6564083	2.5483449	22803	3.5917227	0.32204396	12.070258	2.8002748	2.6736012	23789	3.7654	0.34266677	12.799802	0	0	0	0	0	0	0	0	0	0	0	0	0	0	0	0	0	0	3.8406281	3.6190414	24622	6.6271086	9.768069	272.19003	4.38053	4.285272	25121	5.4998493	10.701507	297.4155	4.3071246	4.2038903	25149	5.354521	10.255728	283.20807
M2_S26_subsampled_depth_11G_contig_13161	0	0	0	0	0	0	0	0	0	0	0	0	0	0	0	0	0	0	0	0	0	0	0	0	0	0	0	0	0	0	0	0	0	0	0	0	0	0	0	0	0	0	0	0	0	0	0	0	0	0	0	0	0	0	32.75191	29.91718	38116	2619.4705	91.21847	2541.8296	32.09203	29.538397	38116	2144.2727	86.00627	2390.2805	31.330217	28.715101	38116	2223.6172	83.04911	2293.3708
M2_S26_subsampled_depth_11G_contig_13904	0	0	0	0	0	0	0	0	0	0	0	0	0	0	0	0	0	0	0	0	0	0	0	0	0	0	0	0	0	0	0	0	0	0	0	0	0	0	0	0	0	0	0	0	0	0	0	0	0	0	0	0	0	0	15.640331	11.136341	13668	1574.1725	53.33035	1486.0653	15.358041	10.777285	13668	1616.7777	51.933456	1443.3312	17.318243	12.433268	13668	1792.7507	56.657017	1564.5629
M2_S26_subsampled_depth_11G_contig_15260	9.753536	9.457268	14332	15.163069	1.2018218	43.179028	9.363643	9.035969	14303	21.718468	1.1578963	41.85159	9.46372	9.382438	14257	12.314717	1.1624482	42.026573	9.090084	8.962781	14341	12.121247	1.1286248	42.845375	8.206348	8.098913	14357	11.303702	1.0150366	38.04374	8.958196	8.754007	14274	15.331873	1.0997107	41.078053	0	0	0	0	0	0	0	0	0	0	0	0	0	0	0	0	0	0	24.393553	23.980608	14313	73.34287	64.25241	1790.4125	25.54353	24.951208	14353	95.98839	63.79605	1773.0156	26.205715	25.853859	14341	68.71013	63.444706	1752.0026
M2_S26_subsampled_depth_11G_contig_16861	50.74909	50.81255	17132	179.74783	6.262136	224.98582	52.32411	52.274864	17132	165.11795	6.447741	233.05038	57.509773	57.50386	17132	145.74312	7.138717	258.08975	62.478096	62.367706	17132	237.28355	7.8351955	297.4433	61.684902	61.79207	17132	207.5303	7.649167	286.69214	62.776115	62.884388	17132	224.96579	7.7871633	290.8777	1.7616299	1.6317718	13295	2.4618738	0.18152699	1.7522848	0	0	0	0	0	0	0	0	0	0	0	0	6.3201036	6.115873	17078	13.378361	19.031519	530.3188	4.2618656	4.1900682	16974	4.361492	10.492301	291.60123	6.735249	6.6264067	17031	9.097444	16.137314	445.62598
M2_S26_subsampled_depth_11G_contig_19947	4.05412	3.5367472	9080	15.949601	0.49172747	17.666777	4.3529067	3.914873	9258	15.228289	0.52510726	18.97973	4.398121	4.0165253	9249	13.629682	0.53723115	19.422781	4.807399	4.484888	9673	13.596256	0.5890612	22.362202	5.047563	4.7207003	9379	14.857677	0.61335766	22.988747	5.5518694	5.0451183	9691	22.391996	0.6725519	25.12215	0	0	0	0	0	0	0	0	0	0	0	0	0	0	0	0	0	0	4.554218	4.414764	10090	6.8531322	11.723249	326.67197	4.5312195	4.4231353	10237	6.0114074	11.061895	307.4315	5.1835	5.088063	10293	6.61906	12.483043	344.71463
M2_S26_subsampled_depth_11G_contig_22059	0	0	0	0	0	0	0	0	0	0	0	0	0	0	0	0	0	0	0	0	0	0	0	0	0	0	0	0	0	0	0	0	0	0	0	0	0	0	0	0	0	0	0	0	0	0	0	0	0	0	0	0	0	0	8.019896	7.042573	15651	169.5227	26.618832	741.74164	9.609781	8.537973	15731	225.24272	29.74692	826.7244	9.148964	8.009984	15731	206.35258	27.881521	769.93774
M2_S26_subsampled_depth_11G_contig_23865	2.6446664	2.4578435	16312	4.8399544	0.31890458	11.457595	2.204735	2.1070538	16110	2.6485307	0.2672585	9.659918	2.432984	2.3501365	17422	2.5830774	0.30019248	10.853006	2.4483218	2.341824	17067	2.808189	0.300173	11.395307	2.199658	2.062344	15292	3.4631007	0.2718624	10.189449	2.3293607	2.176998	16183	3.5638473	0.28362152	10.594259	0	0	0	0	0	0	0	0	0	0	0	0	0	0	0	0	0	0	5.938756	5.564897	18704	15.654525	15.584145	434.2567	5.8358808	5.558069	18768	11.706212	14.538548	404.0544	5.701849	5.38024	18722	13.85878	13.990115	386.33188
M2_S26_subsampled_depth_11G_contig_24466	0	0	0	0	0	0	0	0	0	0	0	0	0	0	0	0	0	0	0	0	0	0	0	0	0	0	0	0	0	0	0	0	0	0	0	0	0	0	0	0	0	0	0	0	0	0	0	0	0	0	0	0	0	0	312.35693	6.0181417	17219	58765024	1080.0927	30097.102	308.37357	6.8946614	17237	56907150	989.28925	27494.258	269.85397	5.988816	17089	43597476	826.18646	22814.836
M2_S26_subsampled_depth_11G_contig_25453	7.170314	6.826227	22206	13.821421	0.8937983	32.11236	7.166055	6.8480744	22197	13.06472	0.88351196	31.934097	7.311857	6.9636045	22179	14.933688	0.9138458	33.03873	7.866567	7.550516	22221	14.108838	0.9874461	37.48587	7.3042455	6.833073	22184	20.10675	0.9164501	34.348717	7.539577	7.246011	22112	16.311514	0.9513711	35.53704	0	0	0	0	0	0	0	0	0	0	0	0	0	0	0	0	0	0	105.144394	102.238205	22221	953.53546	279.9063	7799.669	102.85909	99.56149	22221	985.7183	261.0934	7256.29	112.761635	109.30446	22221	1069.8033	278.7627	7697.9277
M2_S26_subsampled_depth_11G_contig_26956	0	0	0	0	0	0	0	0	0	0	0	0	0	0	0	0	0	0	0	0	0	0	0	0	0	0	0	0	0	0	0	0	0	0	0	0	0	0	0	0	0	0	0	0	0	0	0	0	0	0	0	0	0	0	8.461646	7.990553	16591	66.62561	24.008656	669.0081	8.735621	8.155341	16615	85.16389	24.137615	670.8309	8.157304	7.604292	16615	71.730835	22.265272	614.8474
M2_S26_subsampled_depth_11G_contig_27063	0	0	0	0	0	0	0	0	0	0	0	0	0	0	0	0	0	0	0	0	0	0	0	0	0	0	0	0	0	0	0	0	0	0	0	0	0	0	0	0	0	0	0	0	0	0	0	0	0	0	0	0	0	0	5.153755	5.0641913	30502	7.721667	13.348059	371.94742	4.2838583	4.1471786	31009	5.4548206	10.509729	292.0858	6.0495386	6.0093274	30781	8.259932	14.481424	399.89926
M2_S26_subsampled_depth_11G_contig_28107	349.46198	348.49823	38528	5743.8003	43.100456	1548.5126	352.6627	350.8075	38528	6050.127	43.467175	1571.0991	360.96866	359.22916	38528	6273.1475	44.824993	1620.5809	377.30334	376.05447	38528	6057.3047	47.133373	1789.2979	375.6289	375.39792	38528	5518.759	46.491043	1742.4922	382.03656	381.15	38528	6053.5894	47.453205	1772.5431	53.738235	45.79208	38528	3705.4143	5.4136214	52.257843	47.81466	40.915176	38528	2904.4705	4.7137356	40.606445	56.34163	49.227955	38528	3179.4683	5.5703526	52.081314	25.513472	25.462885	38528	57.458374	71.99783	2006.2408	21.28863	21.265387	38528	40.91469	52.60902	1462.1068	26.941504	26.979937	38528	45.22766	65.01965	1795.4934
M2_S26_subsampled_depth_11G_contig_30110	0	0	0	0	0	0	0	0	0	0	0	0	0	0	0	0	0	0	0	0	0	0	0	0	0	0	0	0	0	0	0	0	0	0	0	0	0	0	0	0	0	0	0	0	0	0	0	0	0	0	0	0	0	0	5.631087	5.5610347	30105	7.6717167	14.652359	408.29227	4.9330983	4.8157806	30031	6.900173	12.007093	333.70032	6.2039313	6.0862565	30277	8.398225	14.817208	409.17184
M2_S26_subsampled_depth_11G_contig_30494	0	0	0	0	0	0	0	0	0	0	0	0	0	0	0	0	0	0	0	0	0	0	0	0	0	0	0	0	0	0	0	0	0	0	0	0	0	0	0	0	0	0	0	0	0	0	0	0	0	0	0	0	0	0	8.8338785	6.7084203	13828	707.1722	28.319218	789.12286	9.244346	7.2037425	14232	669.68713	28.457682	790.8942	8.99659	6.9890203	14460	576.16754	26.544287	733.01056
M2_S26_subsampled_depth_11G_contig_30615	3.9239829	3.4085383	11115	15.163311	0.54770255	19.677855	2.8706875	2.492529	10859	8.101071	0.4264786	15.414851	4.109765	3.5535035	11361	16.411009	0.58278656	21.069784	3.4175925	2.809559	11174	14.981073	0.50693125	19.24434	2.4952803	2.0508585	10349	9.161778	0.36240327	13.582932	3.302982	2.8503017	11281	11.383634	0.4717937	17.623142	0	0	0	0	0	0	0	0	0	0	0	0	0	0	0	0	0	0	5.8599114	5.5048723	12094	17.714458	16.99068	473.45026	7.0584745	6.7678885	12121	15.84988	19.621662	545.3239	6.2779217	6.006218	12011	14.345893	17.291914	477.50977
M2_S26_subsampled_depth_11G_contig_36681	0	0	0	0	0	0	0	0	0	0	0	0	0	0	0	0	0	0	0	0	0	0	0	0	0	0	0	0	0	0	0	0	0	0	0	0	0	0	0	0	0	0	0	0	0	0	0	0	0	0	0	0	0	0	7.684686	7.563724	27078	12.092596	19.973911	556.57874	8.425392	8.186605	27158	12.76283	20.885174	580.43945	7.8698163	7.7920437	27156	9.797173	19.115355	527.8635
M2_S26_subsampled_depth_11G_contig_36978	4.136767	4.0455184	10112	5.1906586	0.5042728	18.117514	3.3837674	3.275279	9672	4.694464	0.40888336	14.778892	3.0503366	2.883169	8802	6.170735	0.3759326	13.591277	3.835626	3.7291644	10037	5.481954	0.47832078	18.158232	4.244854	4.1043677	9984	7.406773	0.51775604	19.40558	3.8962052	3.8179257	10150	4.3267865	0.47886994	17.887459	0	0	0	0	0	0	0	0	0	0	0	0	0	0	0	0	0	0	3.7773876	3.579495	9751	8.541464	9.328037	259.92847	4.6671543	4.509158	10115	8.129009	11.34488	315.29608	4.543459	4.4688416	10207	5.3135014	10.991704	303.5318
M2_S26_subsampled_depth_11G_contig_313|provirus_168_20433	7.471615	7.2168894	20207	14.743562	0.9248206	33.226955	6.2752533	5.9934278	20165	11.626594	0.7778878	28.116375	6.499304	6.3108363	20244	10.20179	0.80633384	29.151794	6.6262674	6.4195294	20154	11.1435375	0.82988846	31.504587	6.6821933	6.564233	20259	8.926038	0.82619584	30.965967	6.9369655	6.792334	20058	12.35586	0.8592764	32.09696	0	0	0	0	0	0	0	0	0	0	0	0	0	0	0	0	0	0	31.73936	30.552359	20266	142.60704	81.36755	2267.3298	38.496372	37.14244	20266	172.55417	96.27928	2675.7876	34.57641	33.189552	20266	168.24765	84.13914	2323.4712
M2_S26_subsampled_depth_11G_contig_1251|provirus_237_37281	3.1278765	3.0344505	34321	3.9512844	0.38861066	13.961995	2.8745902	2.7526727	33329	4.1197147	0.3567732	12.895395	3.1427023	3.0212908	34540	4.361134	0.39083123	14.129916	3.034666	2.9304364	34490	3.8606455	0.37933752	14.40058	2.9021547	2.8065166	34449	3.6770961	0.36267737	13.593208	3.065998	2.9429338	34424	4.431026	0.38393143	14.341184	0	0	0	0	0	0	0	0	0	0	0	0	0	0	0	0	0	0	34.64784	34.046314	37045	84.86163	89.23104	2486.4492	42.677353	42.048634	37045	98.51997	106.44337	2958.2673	42.482098	41.613785	37045	126.62921	103.75324	2865.108
M2_S26_subsampled_depth_11G_contig_3865|provirus_3_16969	39.459236	38.765278	16967	126.4466	4.9957366	179.48676	42.970684	42.13761	16967	169.42995	5.416007	195.75891	43.433193	42.35258	16967	195.1103	5.5406256	200.31313	47.402332	46.47856	16967	185.39284	6.050338	229.68553	47.854137	46.728878	16967	192.32726	6.070518	227.52394	46.879112	46.02484	16967	180.46902	5.971101	223.04152	0	0	0	0	0	0	0	0	0	0	0	0	0	0	0	0	0	0	9.918714	9.810795	16917	17.370354	28.48478	793.73676	8.474996	8.332827	16967	9.646152	21.01535	584.05707	10.962181	10.849112	16967	15.026515	26.740362	738.42505
M2_S26_subsampled_depth_11G_contig_4079|provirus_3_13024	0	0	0	0	0	0	0	0	0	0	0	0	0	0	0	0	0	0	0	0	0	0	0	0	0	0	0	0	0	0	0	0	0	0	0	0	0	0	0	0	0	0	0	0	0	0	0	0	0	0	0	0	0	0	22.934198	20.570257	13022	400.47028	64.22974	1789.78	25.693287	23.091316	13022	472.89963	69.696884	1937.011	25.585846	23.253927	13022	394.21918	67.115105	1853.3586
M2_S26_subsampled_depth_11G_contig_5155|provirus_21655_62785	1110.7557	1139.2539	41131	257023.9	134.91537	4847.236	1092.903	1120.5603	41131	249412.31	132.7021	4796.451	1081.7672	1109.3828	41131	243039.23	132.14334	4777.446	1084.4845	1113.57	41131	244514.02	133.35147	5062.3477	1109.3721	1139.8278	41072	252172.27	135.13867	5065.0186	1105.386	1135.2026	41131	254285.94	135.06894	5045.296	386.08704	387.6674	40989	40877.8	38.842316	374.94577	331.6422	332.8909	41033	30628.682	32.648556	281.25076	396.1102	397.6265	40872	43264.137	39.07196	365.31256	10.570436	10.45685	41131	16.753733	27.201046	757.9652	13.207511	13.108966	41131	16.21336	32.316856	898.1479	12.831776	12.706505	41086	20.00338	30.758347	849.3804
M2_S26_subsampled_depth_11G_contig_9141|provirus_9972_58967	0	0	0	0	0	0	0	0	0	0	0	0	1.671273	1.5513853	37961	2.108642	0.20666213	7.471557	2.0642836	1.9473864	40804	2.7142625	0.25650012	9.737371	2.1618965	2.0471315	40047	3.0423937	0.26671144	9.996389	2.186443	2.0479732	40730	3.220904	0.26995257	10.083674	0	0	0	0	0	0	0	0	0	0	0	0	0	0	0	0	0	0	832.5126	827.70135	48996	8244.332	2135.908	59517.688	838.27325	833.65717	48996	4058.5107	2058.6794	57214.68	862.5594	855.11816	48996	4586.4014	2072.152	57221.723
M2_S26_subsampled_depth_11G_contig_13029|provirus_3_32091	8.961959	8.83887	31373	28.063898	1.1058582	39.73126	9.499985	9.366438	31357	29.980486	1.1773576	42.55499	8.691788	8.5662155	31016	27.333702	1.0822892	39.12853	8.615079	8.44262	31265	26.984713	1.0800595	41.00169	8.837816	8.626048	31734	26.68846	1.0985633	41.17434	9.046401	8.849271	31407	30.563694	1.1273282	42.109657	2.2093678	2.0309598	24454	4.1026034	0.22770429	2.1980357	0	0	0	0	0	0	2.0089233	1.8466971	24871	3.3753037	0.20079541	1.8773849	45.893234	45.64045	32089	81.303024	118.78175	3309.8872	52.52882	51.909798	32089	120.126686	129.77927	3606.8176	48.872192	48.507915	32089	116.74908	118.44424	3270.794
M2_S26_subsampled_depth_11G_contig_13404|provirus_117_60220	0	0	0	0	0	0	0	0	0	0	0	0	0	0	0	0	0	0	0	0	0	0	0	0	0	0	0	0	0	0	0	0	0	0	0	0	0	0	0	0	0	0	0	0	0	0	0	0	0	0	0	0	0	0	27.747322	27.63699	60104	43.813255	71.24159	1985.1683	27.902775	27.822313	60104	34.353878	68.327805	1898.9617	26.463522	26.414345	60104	34.70619	63.53542	1754.5073
M2_S26_subsampled_depth_11G_contig_14076|provirus_20301_51477	11.434363	11.334252	25549	51.05631	1.4076123	50.572662	11.407613	11.340913	25247	51.109577	1.4070028	50.855404	11.115028	11.096616	25398	45.03888	1.3783859	49.8335	10.29123	10.168953	25549	41.47027	1.2819446	48.665737	9.636414	9.49042	25342	39.470493	1.1884718	44.54411	10.075192	9.947431	25931	40.26267	1.2573422	46.966145	0	0	0	0	0	0	0	0	0	0	0	0	3.221291	2.9876096	23388	8.899137	0.32069352	2.9983993	26.952654	26.519283	31135	273.38297	72.92811	2032.1628	28.764431	28.366589	31177	331.12634	74.009544	2056.8684	29.070713	28.623957	31162	397.2991	73.489044	2029.373
M2_S26_subsampled_depth_11G_contig_14897|provirus_75698_137329	3.2190886	3.1159685	58503	3.9918492	0.39307117	14.122251	3.1133666	2.9863374	57339	4.310175	0.37862447	13.685197	2.8691487	2.7805147	56734	3.4653683	0.3519251	12.723324	2.8650987	2.7503161	56660	3.999075	0.3542098	13.446674	2.7694936	2.6753533	55559	3.5781665	0.3381734	12.674795	3.0518038	2.9342358	57312	4.2971334	0.3750367	14.008929	0	0	0	0	0	0	0	0	0	0	0	0	0	0	0	0	0	0	45.48686	45.130695	61632	98.930336	116.64274	3250.284	56.527863	55.725502	61632	138.34427	140.08487	3893.2295	50.235645	49.525734	61632	133.96529	121.68634	3360.3242
M2_S26_subsampled_depth_11G_contig_15955|provirus_160587_170920	0	0	0	0	0	0	1.7532403	1.6367009	8021	2.328871	0.2394704	8.655536	0	0	0	0	0	0	0	0	0	0	0	0	0	0	0	0	0	0	0	0	0	0	0	0	0	0	0	0	0	0	0	0	0	0	0	0	0	0	0	0	0	0	156.6146	141.34158	10143	47030.125	437.87476	12201.51	155.43823	142.92592	10334	45471.582	421.0236	11701.061	151.1198	137.56808	10298	44092.64	403.41562	11140.172
M2_S26_subsampled_depth_11G_contig_27664|provirus_2_31251	0	0	0	0	0	0	0	0	0	0	0	0	0	0	0	0	0	0	0	0	0	0	0	0	0	0	0	0	0	0	0	0	0	0	0	0	0	0	0	0	0	0	0	0	0	0	0	0	0	0	0	0	0	0	7.5559487	7.383816	30876	14.385338	19.239717	536.1204	7.9054017	7.8337264	30916	12.094914	19.397268	539.0874	7.1680384	6.986138	30751	15.121829	17.245054	476.21594
M2_S26_subsampled_depth_11G_contig_29396|provirus_1_11956	0	0	0	0	0	0	0	0	0	0	0	0	0	0	0	0	0	0	0	0	0	0	0	0	0	0	0	0	0	0	0	0	0	0	0	0	0	0	0	0	0	0	0	0	0	0	0	0	0	0	0	0	0	0	6.8759108	6.600602	11775	20.593748	17.94916	500.1585	6.071997	5.9361944	11646	12.460551	14.973145	416.1325	8.540997	8.350555	11871	23.343805	20.537508	567.13586
M3_S27_subsampled_depth_11G_contig_497	0	0	0	0	0	0	0	0	0	0	0	0	0	0	0	0	0	0	0	0	0	0	0	0	0	0	0	0	0	0	0	0	0	0	0	0	0	0	0	0	0	0	0	0	0	0	0	0	0	0	0	0	0	0	54.248283	25.8963	42803	172890.25	236.50206	6590.1973	59.219025	28.105707	42803	204951.44	254.52472	7073.733	54.48857	24.210999	42803	194824.47	236.54713	6532.162
M3_S27_subsampled_depth_11G_contig_762	3.3612237	2.9400423	26004	13.780392	0.41040975	14.745189	3.1413414	2.72734	25494	11.952691	0.38307583	13.846091	3.2953825	2.8622448	27245	12.785684	0.40636012	14.691344	3.0657778	2.7533076	26002	9.871873	0.3838381	14.571428	3.024829	2.706228	26456	9.019367	0.36960515	13.852867	3.2021472	2.816256	26645	11.514638	0.39364275	14.703932	0	0	0	0	0	0	0	0	0	0	0	0	0	0	0	0	0	0	6.459463	4.669634	30878	456.2348	19.007896	529.6607	6.6579046	4.440324	30854	701.1476	19.523357	542.5919	7.9428363	5.6555595	31307	736.51105	22.1876	612.70245
M3_S27_subsampled_depth_11G_contig_802	0	0	0	0	0	0	0	0	0	0	0	0	0	0	0	0	0	0	0	0	0	0	0	0	0	0	0	0	0	0	0	0	0	0	0	0	0	0	0	0	0	0	0	0	0	0	0	0	0	0	0	0	0	0	137.88742	115.42218	31623	17769.559	359.16705	10008.295	146.6586	121.56903	31623	21358.547	366.13065	10175.476	138.08076	113.98514	31623	20700.207	338.28632	9341.652
M3_S27_subsampled_depth_11G_contig_1317	5.0257964	3.4585042	18105	182.1144	0.7573243	27.209126	4.792625	3.4522917	17371	129.36385	0.7119028	25.731373	4.7171345	3.0769546	17897	202.40819	0.7278649	26.31486	5.7322745	4.1719613	18406	184.43335	0.8365519	31.757555	5.323064	3.808346	16412	166.70702	0.7734263	28.988142	5.520099	3.6640487	18222	232.68454	0.8062053	30.114569	2.890958	2.6921813	16571	5.621504	0.29709825	2.8678973	2.4750476	2.2310984	15853	5.5419254	0.2583671	2.2257023	2.628719	2.4831204	16975	3.7686584	0.26824215	2.5079958	5.4167547	5.1056147	18710	16.765162	15.158593	422.39853	5.8886895	5.6337476	18659	20.791197	15.969021	443.8099	6.345801	5.910093	19069	25.587458	16.633953	459.3406
M3_S27_subsampled_depth_11G_contig_3843	0	0	0	0	0	0	0	0	0	0	0	0	0	0	0	0	0	0	0	0	0	0	0	0	0	0	0	0	0	0	0	0	0	0	0	0	0	0	0	0	0	0	0	0	0	0	0	0	0	0	0	0	0	0	22.101053	12.231931	28156	2517.4421	65.04266	1812.4331	23.562176	13.862744	28175	2517.1035	67.64797	1880.0681	29.032043	15.392697	28175	4798.7964	80.47702	2222.3438
M3_S27_subsampled_depth_11G_contig_5549	0	0	0	0	0	0	0	0	0	0	0	0	0	0	0	0	0	0	0	0	0	0	0	0	0	0	0	0	0	0	0	0	0	0	0	0	0	0	0	0	0	0	0	0	0	0	0	0	0	0	0	0	0	0	322.7265	318.43198	38389	3216.4502	831.04346	23157.268	338.35187	333.12466	38389	2919.9895	833.675	23169.438	338.16138	332.62152	38389	2380.1865	815.45435	22518.47
M3_S27_subsampled_depth_11G_contig_5800	0	0	0	0	0	0	0	0	0	0	0	0	0	0	0	0	0	0	0	0	0	0	0	0	0	0	0	0	0	0	0	0	0	0	0	0	0	0	0	0	0	0	0	0	0	0	0	0	0	0	0	0	0	0	5.378432	5.2276506	11495	9.126101	14.158443	394.52908	7.541957	7.441247	11769	11.645058	18.802988	522.5714	7.1950254	6.962616	11769	13.315722	17.564722	485.04333
M3_S27_subsampled_depth_11G_contig_5896	0	0	0	0	0	0	0	0	0	0	0	0	0	0	0	0	0	0	0	0	0	0	0	0	0	0	0	0	0	0	0	0	0	0	0	0	0	0	0	0	0	0	0	0	0	0	0	0	0	0	0	0	0	0	25.104849	24.27972	17785	82.83787	65.52337	1825.8279	30.468613	29.537264	17785	88.309715	75.64795	2102.403	22.536036	21.750141	17785	64.80139	55.00316	1518.8918
M3_S27_subsampled_depth_11G_contig_6731	0	0	0	0	0	0	0	0	0	0	0	0	0	0	0	0	0	0	0	0	0	0	0	0	0	0	0	0	0	0	0	0	0	0	0	0	0	0	0	0	0	0	0	0	0	0	0	0	0	0	0	0	0	0	6.818175	6.67739	13035	15.928548	17.717155	493.69382	7.099488	6.880145	13028	17.425652	17.571375	488.3425	7.1406193	6.9972777	13414	13.284503	17.237764	476.01434
M3_S27_subsampled_depth_11G_contig_6930	0	0	0	0	0	0	0	0	0	0	0	0	0	0	0	0	0	0	0	0	0	0	0	0	0	0	0	0	0	0	0	0	0	0	0	0	0	0	0	0	0	0	0	0	0	0	0	0	0	0	0	0	0	0	8.85136	7.5511246	18840	218.51547	28.782885	802.04333	6.733871	5.3260717	18992	198.46635	22.376368	621.8827	9.948398	8.463574	19113	250.77753	30.476332	841.5926
M3_S27_subsampled_depth_11G_contig_7758	0	0	0	0	0	0	0	0	0	0	0	0	0	0	0	0	0	0	0	0	0	0	0	0	0	0	0	0	0	0	0	0	0	0	0	0	0	0	0	0	0	0	0	0	0	0	0	0	0	0	0	0	0	0	123.7752	122.05506	22143	1105.3212	325.0011	9056.252	127.73323	126.21107	22143	1059.1392	322.9221	8974.63	114.76988	113.15312	22143	1144.4789	285.70322	7889.5894
M3_S27_subsampled_depth_11G_contig_8069	2.1527472	2.0371768	42230	2.8497012	0.2630769	9.4518175	2.110506	1.997008	41976	2.7302773	0.25818852	9.332092	2.1602025	2.0425134	42884	2.8380632	0.26568872	9.60558	1.7678349	1.6547805	39474	2.253789	0.21831958	8.287946	1.908203	1.8012996	42324	2.2080882	0.23309416	8.736402	1.959246	1.8702273	40950	2.2743382	0.24060518	8.987442	0	0	0	0	0	0	0	0	0	0	0	0	0	0	0	0	0	0	5.4463043	5.298017	48998	9.7364	14.408981	401.51038	5.519975	5.3859687	49455	8.727892	13.764938	382.55432	8.954986	8.829567	49912	11.478452	21.60873	596.71704
M3_S27_subsampled_depth_11G_contig_8709	12.9386425	6.034351	8052	1404.5184	1.8621042	66.90167	0	0	0	0	0	0	0	0	0	0	0	0	14.630324	6.700521	9072	1822.3372	2.1196394	80.46666	0	0	0	0	0	0	0	0	0	0	0	0	0	0	0	0	0	0	0	0	0	0	0	0	0	0	0	0	0	0	43.76261	39.64107	10597	1091.845	128.31326	3575.486	53.534126	49.037434	10597	1481.2407	149.78546	4162.8276	56.027855	50.45698	10597	1843.9701	154.09096	4255.1665
M3_S27_subsampled_depth_11G_contig_9605	0	0	0	0	0	0	0	0	0	0	0	0	0	0	0	0	0	0	0	0	0	0	0	0	0	0	0	0	0	0	0	0	0	0	0	0	0	0	0	0	0	0	0	0	0	0	0	0	0	0	0	0	0	0	6.8663664	6.6901655	15206	16.72961	18.374062	511.99872	5.086173	4.935814	15172	8.603792	12.286448	341.464	7.596292	7.318465	15167	23.767546	18.19871	502.55087
M3_S27_subsampled_depth_11G_contig_10241	6.5325856	6.275227	9964	14.781903	0.8725014	31.347216	6.890775	6.5189133	9993	19.16784	0.9396311	33.962498	7.1403456	6.830621	10009	17.476967	0.9564241	34.578094	7.3535414	7.0503983	10031	19.625095	1.0014342	38.0169	6.961099	6.700191	9923	15.746968	0.9201619	34.487823	6.2841263	6.132787	10015	10.122578	0.83174604	31.068611	3.9212892	3.746436	9842	6.0733314	0.40870932	3.9452813	2.5663333	2.4435964	8999	3.68843	0.27655527	2.3823845	2.9191675	2.7505894	9118	5.474064	0.3096019	2.8946967	7.6807113	7.3770347	9938	22.54356	22.22119	619.2001	9.089826	8.647772	10047	23.50133	24.440495	679.2487	10.287259	9.841958	10047	28.578245	26.944588	744.06476
M3_S27_subsampled_depth_11G_contig_11082	0	0	0	0	0	0	0	0	0	0	0	0	1.7496692	1.621711	12354	2.2292259	0.22230119	8.036968	2.1854987	2.0663679	12732	3.2163982	0.27481645	10.432696	2.340897	2.221814	12802	3.234559	0.30219072	11.326162	2.3061657	2.1283991	12597	3.800534	0.2900113	10.832935	0	0	0	0	0	0	0	0	0	0	0	0	0	0	0	0	0	0	504.3816	488.77606	15266	16439.91	1317.7567	36719.67	469.22818	451.63672	15266	16074.77	1179.0211	32767.277	523.21423	506.04953	15266	17037.963	1284.8314	35480.152
M3_S27_subsampled_depth_11G_contig_11603	5.71233	4.89823	11564	36.11548	0.8100884	29.104847	5.5044804	4.584532	11632	40.43206	0.80673295	29.158968	6.069283	5.041206	11624	50.47391	0.89180565	32.241917	5.4862266	4.6142144	11820	35.018234	0.804793	30.551895	4.2766347	3.631545	11294	22.668964	0.617569	23.14659	4.5230665	3.8846793	11378	23.719076	0.65461475	24.452147	0	0	0	0	0	0	0	0	0	0	0	0	0	0	0	0	0	0	37.49029	24.861448	12143	5773.1655	125.239265	3489.8284	45.40823	28.901825	12187	9453.453	151.29189	4204.694	50.442665	34.889194	12202	8845.268	159.42612	4402.493
M3_S27_subsampled_depth_11G_contig_11683	0	0	0	0	0	0	0	0	0	0	0	0	0	0	0	0	0	0	0	0	0	0	0	0	0	0	0	0	0	0	0	0	0	0	0	0	0	0	0	0	0	0	0	0	0	0	0	0	0	0	0	0	0	0	15.888043	9.097957	12762	3456.3892	60.70558	1691.5789	16.176579	8.736258	12762	4271.9385	59.940903	1665.8735	14.144228	7.2082453	12762	3685.3635	53.185867	1468.708
M3_S27_subsampled_depth_11G_contig_13376	0	0	0	0	0	0	0	0	0	0	0	0	0	0	0	0	0	0	0	0	0	0	0	0	0	0	0	0	0	0	0	0	0	0	0	0	0	0	0	0	0	0	0	0	0	0	0	0	0	0	0	0	0	0	8.632343	8.569168	10823	13.527109	22.160885	617.5194	7.255692	7.2231708	10791	8.188455	18.102955	503.11624	7.159374	6.9823046	10823	8.096883	17.07373	471.48483
M3_S27_subsampled_depth_11G_contig_16071	0	0	0	0	0	0	0	0	0	0	0	0	0	0	0	0	0	0	0	0	0	0	0	0	0	0	0	0	0	0	0	0	0	0	0	0	0	0	0	0	0	0	0	0	0	0	0	0	0	0	0	0	0	0	8.705572	8.576509	11708	9.566935	23.073433	642.948	7.710763	7.5491157	11667	11.068275	18.963749	527.03906	12.39583	12.157439	11708	17.414906	30.06166	830.1418
M3_S27_subsampled_depth_11G_contig_16120	0	0	0	0	0	0	0	0	0	0	0	0	0	0	0	0	0	0	0	0	0	0	0	0	0	0	0	0	0	0	0	0	0	0	0	0	0	0	0	0	0	0	0	0	0	0	0	0	0	0	0	0	0	0	9.674141	8.763118	20340	51.1138	25.926884	722.4602	10.901396	10.135299	20352	43.414467	27.363745	760.4911	10.124542	9.139864	20352	46.09151	25.013193	690.73004
M3_S27_subsampled_depth_11G_contig_17415	0	0	0	0	0	0	0	0	0	0	0	0	0	0	0	0	0	0	0	0	0	0	0	0	0	0	0	0	0	0	0	0	0	0	0	0	0	0	0	0	0	0	0	0	0	0	0	0	0	0	0	0	0	0	25.05778	24.547688	17613	78.203125	66.90043	1864.1996	19.287695	18.61863	17613	56.888588	48.649555	1352.0652	25.191261	24.485397	17613	81.37894	61.888336	1709.0239
M3_S27_subsampled_depth_11G_contig_17707	0	0	0	0	0	0	0	0	0	0	0	0	0	0	0	0	0	0	0	0	0	0	0	0	0	0	0	0	0	0	0	0	0	0	0	0	0	0	0	0	0	0	0	0	0	0	0	0	0	0	0	0	0	0	23.6285	20.563204	53294	5798.217	71.21547	1984.4396	19.041058	15.877107	53294	6563.1973	57.421673	1595.8594	23.467861	20.424377	53294	5976.9976	66.3114	1831.1647
M3_S27_subsampled_depth_11G_contig_17890	0	0	0	0	0	0	0	0	0	0	0	0	0	0	0	0	0	0	0	0	0	0	0	0	0	0	0	0	0	0	0	0	0	0	0	0	0	0	0	0	0	0	0	0	0	0	0	0	0	0	0	0	0	0	40.301697	40.454277	19284	81.89589	103.10541	2873.062	32.561012	32.58753	19285	46.661858	79.59959	2212.2256	41.485916	41.57429	19260	64.64733	99.36205	2743.8462
M3_S27_subsampled_depth_11G_contig_21684	0	0	0	0	0	0	0	0	0	0	0	0	0	0	0	0	0	0	0	0	0	0	0	0	0	0	0	0	0	0	0	0	0	0	0	0	0	0	0	0	0	0	0	0	0	0	0	0	0	0	0	0	0	0	162.94472	153.79973	20877	5116.353	443.71866	12364.348	172.15372	160.75497	20877	6843.149	452.69315	12581.217	168.99835	158.16945	20877	6175.9478	435.3506	12022.049
M3_S27_subsampled_depth_11G_contig_22959	5.9370146	5.5768166	20968	19.697184	0.74117213	26.628836	5.0057344	4.619772	21145	14.876349	0.6246723	22.578465	4.9167128	4.565872	20668	15.364056	0.6242786	22.569853	4.7923603	4.4529853	20458	15.8039	0.60872275	23.108608	4.810072	4.2621517	20294	20.824537	0.6060646	22.715395	4.787921	4.337992	20118	18.993359	0.6049074	22.595396	0	0	0	0	0	0	0	0	0	0	0	0	0	0	0	0	0	0	8.001618	7.525537	21518	28.335707	21.285213	593.1186	7.145579	6.3672285	21759	38.678524	17.929008	498.2818	12.305772	11.652451	21774	40.633503	30.198715	833.9267
M3_S27_subsampled_depth_11G_contig_23017	0	0	0	0	0	0	0	0	0	0	0	0	0	0	0	0	0	0	0	0	0	0	0	0	0	0	0	0	0	0	0	0	0	0	0	0	0	0	0	0	0	0	0	0	0	0	0	0	0	0	0	0	0	0	7.9519987	6.91567	5593	123.21803	31.268112	871.2951	8.947253	7.909994	5629	126.06275	33.23965	923.794	8.978281	8.085343	5629	91.97489	30.209454	834.2231
M3_S27_subsampled_depth_11G_contig_23998	3.4309456	3.2530107	20994	6.0941205	0.4154483	14.926215	3.173697	3.0701025	20462	4.475406	0.38895437	14.058557	3.4458947	3.32778	20128	5.6562343	0.42609593	15.404858	3.6624515	3.567794	20885	5.3316092	0.4513462	17.134203	3.3959894	3.2886894	21141	4.6890364	0.41141886	15.420055	3.4318037	3.300331	20620	5.5139565	0.42038152	15.702713	1.8691627	1.7449819	17515	2.5162354	0.1916547	1.8500475	0	0	0	0	0	0	0	0	0	0	0	0	4.5502214	4.341078	20930	10.796698	11.746289	327.31372	5.5261045	5.2779	21692	13.529761	13.505318	375.339	6.1887817	5.954085	22151	12.617989	14.740429	407.05145
M3_S27_subsampled_depth_11G_contig_24019	0	0	0	0	0	0	0	0	0	0	0	0	0	0	0	0	0	0	0	0	0	0	0	0	0	0	0	0	0	0	0	0	0	0	0	0	0	0	0	0	0	0	0	0	0	0	0	0	0	0	0	0	0	0	18.784828	17.112522	10300	202.87082	50.56419	1408.9858	21.012709	19.962894	10300	161.77687	54.425518	1512.5901	19.074186	17.682793	10300	197.30486	48.44681	1337.8408
M3_S27_subsampled_depth_11G_contig_26969	31.83746	30.138664	14981	567.232	3.8447614	138.13455	30.549192	29.035236	15128	441.06256	3.690478	133.39049	28.155521	26.816095	14871	404.64404	3.4254057	123.84036	32.68889	30.649992	15025	603.9015	3.9989257	151.80896	30.217625	27.808813	15110	576.1351	3.6616735	137.2402	31.701403	29.045387	15102	704.0776	3.8517194	143.87521	0	0	0	0	0	0	0	0	0	0	0	0	0	0	0	0	0	0	2.9296875	2.8082979	14193	3.9493694	7.3297815	204.2464	3.1800184	3.0996764	14450	3.841325	7.7596483	215.65561	4.438162	4.2111225	14901	8.133235	10.605759	292.87402
M3_S27_subsampled_depth_11G_contig_27888	0	0	0	0	0	0	0	0	0	0	0	0	0	0	0	0	0	0	0	0	0	0	0	0	0	0	0	0	0	0	0	0	0	0	0	0	0	0	0	0	0	0	0	0	0	0	0	0	0	0	0	0	0	0	29.771978	8.803859	11185	49045.57	137.94775	3843.9548	31.529758	9.285571	11206	56876.3	144.63034	4019.5576	28.968796	7.9738746	11206	50095.074	131.5044	3631.4456
M3_S27_subsampled_depth_11G_contig_31491	0	0	0	0	0	0	0	0	0	0	0	0	0	0	0	0	0	0	0	0	0	0	0	0	0	0	0	0	0	0	0	0	0	0	0	0	0	0	0	0	0	0	0	0	0	0	0	0	0	0	0	0	0	0	11.566118	10.821582	18056	170.29521	34.00085	947.4434	11.955233	11.163163	18065	202.40639	33.77848	938.76904	10.345074	9.591318	18065	163.00742	28.776852	794.66235
M3_S27_subsampled_depth_11G_contig_32201	0	0	0	0	0	0	0	0	0	0	0	0	0	0	0	0	0	0	0	0	0	0	0	0	0	0	0	0	0	0	0	0	0	0	0	0	0	0	0	0	0	0	0	0	0	0	0	0	0	0	0	0	0	0	4.4375277	4.2748823	15087	8.295488	11.414117	318.05762	4.7222676	4.6116295	15207	7.6153083	11.564227	321.39215	4.473578	4.3411655	15605	5.9021773	10.860225	299.90115
M3_S27_subsampled_depth_11G_contig_34364	3.2203038	3.029084	15335	6.6005282	0.38943145	13.991493	3.3714333	3.195055	16894	5.7252436	0.40658602	14.695857	3.4416728	3.211808	16224	7.1976147	0.41831395	15.123507	3.3440216	3.0422246	16974	7.6096945	0.4086464	15.513217	3.8295307	3.584418	16701	8.587768	0.4628325	17.347042	3.6345086	3.3802702	16319	8.461206	0.44300196	16.547659	0	0	0	0	0	0	0	0	0	0	0	0	0	0	0	0	0	0	1.6526711	1.5344709	13808	2.1034842	4.2705684	119.00063	0	0	0	0	0	0	2.2855542	2.182911	15355	2.8037555	5.475913	151.21524
M3_S27_subsampled_depth_11G_contig_34459	3.756494	3.6481373	27952	4.562373	0.46241245	16.61355	3.400028	3.2948375	27407	4.375249	0.41567218	15.024258	3.7488375	3.6342695	27977	4.4470897	0.46120596	16.674215	3.0526867	2.9850056	26416	3.6010625	0.3757503	14.264403	3.2575605	3.1974518	27285	3.5730217	0.39887246	14.949806	2.9811907	2.853941	27031	3.8966463	0.36697948	13.707963	0	0	0	0	0	0	0	0	0	0	0	0	0	0	0	0	0	0	6.9572773	6.884862	28612	8.640995	18.276352	509.276	6.929098	6.74125	28671	11.211113	17.105782	475.4028	11.302556	11.186847	28753	15.213822	27.220007	751.67053
M3_S27_subsampled_depth_11G_contig_35079	0	0	0	0	0	0	0	0	0	0	0	0	0	0	0	0	0	0	0	0	0	0	0	0	0	0	0	0	0	0	0	0	0	0	0	0	0	0	0	0	0	0	0	0	0	0	0	0	0	0	0	0	0	0	13.925084	8.152723	10268	1558.6002	52.337563	1458.4011	14.264281	9.00011	10238	1280.8749	52.160725	1449.6471	13.329018	7.9810057	10268	1292.992	48.00258	1325.5739
M3_S27_subsampled_depth_11G_contig_36113	0	0	0	0	0	0	1.4920644	1.3562756	14385	1.8203592	0.19070888	6.8930793	1.5325937	1.4324242	14205	2.0268512	0.198914	7.1914415	0	0	0	0	0	0	0	0	0	0	0	0	0	0	0	0	0	0	0	0	0	0	0	0	0	0	0	0	0	0	0	0	0	0	0	0	5.155747	5.007322	18092	7.979477	13.417908	373.89386	4.39464	4.2527914	18135	5.9515667	10.832238	301.0488	8.791587	8.669779	18359	10.85446	21.050985	581.3153
M3_S27_subsampled_depth_11G_contig_36664	0	0	0	0	0	0	0	0	0	0	0	0	0	0	0	0	0	0	0	0	0	0	0	0	0	0	0	0	0	0	0	0	0	0	0	0	0	0	0	0	0	0	0	0	0	0	0	0	0	0	0	0	0	0	6.1583576	6.0506845	15375	9.256204	15.316072	426.78687	9.727403	9.674535	15495	11.799058	23.936989	665.25507	7.756468	7.5800447	15495	9.554024	18.491823	510.64505
M3_S27_subsampled_depth_11G_contig_38611	0	0	0	0	0	0	0	0	0	0	0	0	0	0	0	0	0	0	0	0	0	0	0	0	0	0	0	0	0	0	0	0	0	0	0	0	0	0	0	0	0	0	0	0	0	0	0	0	0	0	0	0	0	0	6.319027	6.190835	11395	10.898037	17.63051	491.27924	5.175465	4.9775777	11482	8.713349	13.428722	373.2102	7.391557	7.2922745	11497	9.362884	18.449324	509.47128
M3_S27_subsampled_depth_11G_contig_1469|provirus_25070_64460	0	0	0	0	0	0	0	0	0	0	0	0	0	0	0	0	0	0	0	0	0	0	0	0	0	0	0	0	0	0	0	0	0	0	0	0	0	0	0	0	0	0	0	0	0	0	0	0	0	0	0	0	0	0	11.143141	10.6387005	39352	78.69773	29.345678	817.72577	10.832905	10.271512	39218	105.03419	27.827908	773.3914	11.27828	10.746213	39265	89.37816	28.24728	780.03796
M3_S27_subsampled_depth_11G_contig_15519|provirus_9251_41770	0	0	0	0	0	0	0	0	0	0	0	0	0	0	0	0	0	0	0	0	0	0	0	0	0	0	0	0	0	0	0	0	0	0	0	0	0	0	0	0	0	0	0	0	0	0	0	0	0	0	0	0	0	0	9.416867	9.280154	32520	16.0096	25.33137	705.8658	7.102966	6.9837303	32496	9.873764	17.577204	488.50458	10.709701	10.605753	32520	13.071187	25.857864	714.0556
M3_S27_subsampled_depth_11G_contig_21667|provirus_34570_84653	0	0	0	0	0	0	0	0	0	0	0	0	0	0	0	0	0	0	0	0	0	0	0	0	0	0	0	0	0	0	0	0	0	0	0	0	0	0	0	0	0	0	0	0	0	0	0	0	0	0	0	0	0	0	54.85621	54.771328	50084	91.221756	139.89348	3898.1726	65.86602	65.81216	50084	99.3891	161.68352	4493.4966	62.91711	62.753414	50084	85.339714	151.14362	4173.7754
M3_S27_subsampled_depth_11G_contig_23630|provirus_2_39897	0	0	0	0	0	0	0	0	0	0	0	0	0	0	0	0	0	0	0	0	0	0	0	0	0	0	0	0	0	0	0	0	0	0	0	0	0	0	0	0	0	0	0	0	0	0	0	0	0	0	0	0	0	0	36.663387	35.809628	39896	270.13623	95.4296	2659.1733	38.08899	37.055546	39896	301.57056	95.38166	2650.8406	40.523273	39.587276	39896	312.74707	99.16849	2738.5017
M3_S27_subsampled_depth_11G_contig_23852|provirus_1_23357	2.1918817	2.0816777	20183	2.658733	0.26852438	9.647544	1.8514241	1.7474984	19642	2.1345217	0.22995195	8.3115015	2.1353471	1.9604539	18357	3.9906008	0.2621623	9.478085	2.1369414	2.0783262	20525	2.1065588	0.26704335	10.137612	2.0898006	2.003447	19750	2.2575562	0.25731397	9.644168	1.8363425	1.7487911	19555	1.9581327	0.22745962	8.4964075	0	0	0	0	0	0	0	0	0	0	0	0	0	0	0	0	0	0	5.561425	5.4236126	23135	8.273644	14.546112	405.3317	5.057741	4.9178915	22871	7.6848497	12.559021	349.03943	9.691645	9.558673	23357	12.772704	23.395887	646.06885
M3_S27_subsampled_depth_11G_contig_23873|provirus_321_19526	0	0	0	0	0	0	0	0	0	0	0	0	0	0	0	0	0	0	0	0	0	0	0	0	0	0	0	0	0	0	0	0	0	0	0	0	0	0	0	0	0	0	0	0	0	0	0	0	0	0	0	0	0	0	39.825146	30.708256	19206	2315.3733	105.93324	2951.86	37.05269	27.95365	19206	2339.103	94.913315	2637.824	39.805626	31.312208	19206	2031.5164	99.17175	2738.5918
M3_S27_subsampled_depth_11G_contig_24255|provirus_1_21871	0	0	0	0	0	0	1.6695825	1.5845312	17597	1.6954694	0.2045068	7.391796	0	0	0	0	0	0	0	0	0	0	0	0	0	0	0	0	0	0	0	0	0	0	0	0	0	0	0	0	0	0	0	0	0	0	0	0	0	0	0	0	0	0	8.221721	8.036268	21871	13.039784	21.124847	588.65	7.8169055	7.6626425	21871	10.417349	19.177279	532.9735	8.867778	8.699985	21871	12.169349	21.106167	582.83905
M3_S27_subsampled_depth_11G_contig_24549|provirus_342_25683	5.8050175	5.556585	23180	19.543816	0.71642214	25.739595	5.6993885	5.4989414	23706	16.816423	0.7096017	25.648197	5.623492	5.353621	23144	18.71604	0.70013756	25.312426	6.175135	5.915454	23642	20.88902	0.77280706	29.33765	6.17057	5.973979	24036	18.833792	0.76659644	28.732153	6.2141156	6.002073	23016	20.903936	0.7781544	29.066763	0	0	0	0	0	0	0	0	0	0	0	0	0	0	0	0	0	0	14.259447	14.008733	25342	26.243906	37.430702	1043.017	10.638814	10.567611	25342	13.793994	26.138693	726.4446	18.025524	17.819925	25342	32.901134	43.722473	1207.3799
M3_S27_subsampled_depth_11G_contig_36293|provirus_3_57260	6.5144463	6.3731856	55362	12.303382	0.8125666	29.193888	6.407841	6.289097	55416	10.38997	0.79300576	28.662802	6.220407	6.0473366	55486	12.062737	0.77597874	28.054342	6.332405	6.24357	55509	10.12375	0.79917204	30.338518	5.7183933	5.5798087	56079	8.744939	0.712927	26.720617	5.8782134	5.6752014	55226	12.026617	0.7319831	27.342125	0	0	0	0	0	0	0	0	0	0	0	0	0	0	0	0	0	0	29.836714	29.317795	57132	129.89441	78.41091	2184.9434	37.2307	36.703606	57258	181.18927	94.669044	2631.0356	32.841755	32.254833	57258	160.462	82.06394	2266.166
M3_S27_subsampled_depth_11G_contig_37614|provirus_1_12366	0	0	0	0	0	0	0	0	0	0	0	0	0	0	0	0	0	0	0	0	0	0	0	0	0	0	0	0	0	0	0	0	0	0	0	0	0	0	0	0	0	0	0	0	0	0	0	0	0	0	0	0	0	0	9.744925	9.435795	12366	19.90349	26.570654	740.3988	8.416503	8.22781	12366	14.801212	21.55156	598.9595	10.360429	10.1821575	12366	17.544167	25.758314	711.30634
M3_S27_subsampled_depth_11G_contig_39022|provirus_1_143522	0	0	0	0	0	0	0	0	0	0	0	0	0	0	0	0	0	0	0	0	0	0	0	0	0	0	0	0	0	0	0	0	0	0	0	0	0	0	0	0	0	0	0	0	0	0	0	0	0	0	0	0	0	0	8.7599945	8.510966	142191	24.778149	22.961393	639.826	6.7340555	6.536556	141419	15.324748	16.509798	458.83932	9.211304	8.985089	142835	24.590425	22.095932	610.1709
